athlete_id,gender,gender_label,best_time_2023,best_time_2024,best_time_2025,best_time_2023_minutes,best_time_2024_minutes,best_time_2025_minutes,improvement_2023_to_2024_seconds,improvement_2023_to_2024_minutes,improvement_2024_to_2025_seconds,improvement_2024_to_2025_minutes,improvement_2023_to_2025_seconds,improvement_2023_to_2025_minutes,improvement_rate_per_year_seconds,improvement_rate_per_year_minutes
2051,M,Men,2080.4300040466924,2213.238450015523,2142.8076065404616,34.67383340077821,36.88730750025872,35.71346010900769,132.8084459688307,2.213474099480512,-70.43084347506147,-1.1738473912510243,62.377602493769245,1.0396267082294874,31.188801246884623,0.5198133541147437
6,M,Men,1592.7747833599897,1633.1629248685183,1710.2192802063946,26.54624638933316,27.219382081141973,28.503654670106577,40.38814150852863,0.6731356918088106,77.05635533787631,1.2842725889646052,117.44449684640495,1.9574082807734157,58.72224842320247,0.9787041403867078
8,M,Men,1563.0865157037747,1537.2655413630064,1535.3722161987225,26.051441928396244,25.621092356050106,25.589536936645377,-25.820974340768316,-0.43034957234613863,-1.8933251642838513,-0.031555419404730854,-27.714299505052168,-0.46190499175086946,-13.857149752526084,-0.23095249587543473
2061,F,Women,1400.0507331435917,1588.9453974762273,1572.359841124676,23.33417888572653,26.482423291270454,26.205997352077933,188.89466433263556,3.148244405543926,-16.585556351551304,-0.27642593919252173,172.30910798108425,2.8718184663514044,86.15455399054213,1.4359092331757022
15,M,Men,1707.9011499962648,1798.6241212232842,1693.5060845888788,28.465019166604414,29.977068687054736,28.22510140981465,90.72297122701934,1.5120495204503224,-105.11803663440537,-1.7519672772400896,-14.395065407386028,-0.23991775678976712,-7.197532703693014,-0.11995887839488356
2065,M,Men,1740.8096788194673,1668.7847660821556,1863.7897286983564,29.013494646991123,27.813079434702594,31.063162144972605,-72.02491273731175,-1.2004152122885292,195.00496261620083,3.250082710270014,122.98004987888908,2.0496674979814844,61.49002493944454,1.0248337489907422
26,M,Men,1828.5198619261944,1807.3051360716809,1814.4702627025715,30.475331032103238,30.121752267861346,30.241171045042858,-21.214725854513517,-0.35357876424189194,7.165126630890654,0.11941877718151091,-14.049599223622863,-0.23415998706038105,-7.0247996118114315,-0.11707999353019052
27,M,Men,1751.5679976927975,1624.7521981885434,1570.2896314707211,29.192799961546623,27.07920330314239,26.171493857845352,-126.81579950425407,-2.1135966584042345,-54.462566717822256,-0.9077094452970376,-181.27836622207633,-3.021306103701272,-90.63918311103816,-1.510653051850636
31,M,Men,1786.6565316574206,1797.2915912653255,1824.3812216722436,29.77760886095701,29.95485985442209,30.406353694537394,10.63505960790485,0.17725099346508083,27.089630406918104,0.45149384011530175,37.724690014822954,0.6287448335803826,18.862345007411477,0.3143724167901913
45,M,Men,1963.4931974246442,1899.759489887345,1891.681724037888,32.72488662374407,31.662658164789082,31.5280287339648,-63.733707537299324,-1.0622284589549886,-8.07776584945691,-0.13462943082428183,-71.81147338675623,-1.1968578897792705,-35.90573669337812,-0.5984289448896353
47,M,Men,1987.8163095824152,1956.324803845791,1942.953556461419,33.13027182637359,32.60541339742985,32.382559274356986,-31.491505736624276,-0.5248584289437379,-13.371247384371827,-0.22285412307286379,-44.8627531209961,-0.7477125520166017,-22.43137656049805,-0.37385627600830085
49,M,Men,2010.3450937941209,2140.1733788811516,2124.461246267136,33.50575156323535,35.66955631468586,35.407687437785604,129.82828508703074,2.1638047514505123,-15.712132614015445,-0.2618688769002574,114.11615247301529,1.9019358745502548,57.058076236507645,0.9509679372751274
52,M,Men,2059.6891123109103,1937.0275918545995,1975.6756503653025,34.328151871848505,32.28379319757666,32.92792750608837,-122.66152045631088,-2.044358674271848,38.648058510703095,0.6441343085117183,-84.01346194560779,-1.4002243657601299,-42.006730972803894,-0.7001121828800649
2114,M,Men,1706.6527841520078,1639.3342361656473,1754.4379432951205,28.44421306920013,27.322237269427454,29.240632388252006,-67.3185479863605,-1.121975799772675,115.10370712947315,1.9183951188245525,47.78515914311265,0.7964193190518775,23.892579571556325,0.39820965952593873
2121,M,Men,1810.3930260969437,1718.3546606602408,1731.4703856148094,30.173217101615727,28.639244344337346,28.857839760246822,-92.03836543670286,-1.533972757278381,13.115724954568577,0.2185954159094763,-78.92264048213428,-1.3153773413689047,-39.46132024106714,-0.6576886706844524
2122,M,Men,1784.9650161926318,1657.7510287298574,1662.4398428911156,29.749416936543863,27.62918381216429,27.707330714851928,-127.21398746277441,-2.1202331243795736,4.6888141612582785,0.07814690268763798,-122.52517330151613,-2.0420862216919358,-61.26258665075807,-1.0210431108459679
82,F,Women,1618.2563487298864,1716.6876988193492,1768.6994910060591,26.970939145498107,28.611461646989152,29.478324850100986,98.43135008946274,1.6405225014910456,52.011792186709954,0.8668632031118325,150.4431422761727,2.507385704602878,75.22157113808635,1.253692852301439
90,M,Men,1508.3968260358386,1541.0975576005758,1492.815187385248,25.139947100597308,25.68495929334293,24.880253123087467,32.700731564737225,0.5450121927456204,-48.282370215327774,-0.8047061702554629,-15.581638650590548,-0.25969397750984247,-7.790819325295274,-0.12984698875492123
2139,M,Men,2043.5419250620457,2124.413278997669,1952.6052472302124,34.05903208436743,35.40688798329448,32.543420787170206,80.87135393562312,1.347855898927052,-171.80803176745644,-2.863467196124274,-90.93667783183332,-1.515611297197222,-45.46833891591666,-0.757805648598611
2141,M,Men,2007.874441135534,1922.477440718444,1986.1981810164732,33.46457401892557,32.041290678640735,33.10330301694122,-85.39700041708988,-1.4232833402848315,63.72074029802911,1.0620123383004851,-21.67626011906077,-0.3612710019843462,-10.838130059530386,-0.1806355009921731
2168,M,Men,1602.1755340356033,1838.144361488441,2041.0042069874835,26.702925567260056,30.635739358140686,34.01673678312473,235.9688274528378,3.9328137908806298,202.85984549904242,3.38099742498404,438.8286729518802,7.31381121586467,219.4143364759401,3.656905607932335
124,M,Men,1566.6304049249077,1618.2551840878557,1781.8731884923457,26.11050674874846,26.970919734797594,29.697886474872426,51.624779162948016,0.8604129860491336,163.61800440448997,2.726966740074833,215.24278356743798,3.587379726123966,107.62139178371899,1.793689863061983
2174,M,Men,1741.879968916399,1651.0767752107995,1662.3017721315255,29.03133281527332,27.517946253513326,27.705029535525423,-90.8031937055996,-1.5133865617599933,11.224996920725971,0.1870832820120995,-79.57819678487363,-1.3263032797478937,-39.78909839243681,-0.6631516398739469
127,M,Men,1550.4229610243312,1519.602659354275,1554.9159129508366,25.840382683738856,25.326710989237917,25.915265215847278,-30.820301670056324,-0.5136716945009387,35.31325359656171,0.5885542266093619,4.492951926505384,0.07488253210842306,2.246475963252692,0.03744126605421153
2176,M,Men,1718.1838239914741,1660.6449033256831,1706.0760178844528,28.63639706652457,27.677415055428053,28.434600298074212,-57.53892066579101,-0.9589820110965168,45.43111455876965,0.7571852426461608,-12.10780610702136,-0.20179676845035602,-6.05390305351068,-0.10089838422517801
134,M,Men,1612.4662898764245,1767.2342445500958,1880.3757383090444,26.874438164607074,29.45390407583493,31.339595638484074,154.76795467367128,2.579465911227855,113.14149375894863,1.8856915626491437,267.9094484326199,4.465157473876999,133.95472421630996,2.2325787369384993
135,M,Men,1657.1732181082666,1620.8099802785596,1497.0527325935163,27.619553635137777,27.013499671309326,24.950878876558605,-36.36323782970703,-0.6060539638284506,-123.75724768504324,-2.0626207947507207,-160.12048551475027,-2.6686747585791712,-80.06024275737514,-1.3343373792895856
2184,M,Men,1914.8727765092476,1863.0040596988927,1853.5894431970073,31.914546275154127,31.05006766164821,30.89315738661679,-51.868716810354954,-0.8644786135059159,-9.414616501885348,-0.15691027503142246,-61.2833333122403,-1.0213888885373383,-30.64166665612015,-0.5106944442686692
142,M,Men,1660.5314186932994,1659.7277958429074,1649.2307769003717,27.675523644888322,27.662129930715125,27.487179615006195,-0.8036228503920029,-0.013393714173200047,-10.49701894253576,-0.17495031570892933,-11.300641792927763,-0.1883440298821294,-5.650320896463882,-0.0941720149410647
2194,M,Men,1678.2233460569798,1654.7936645690902,1739.0227455596312,27.970389100949664,27.579894409484837,28.983712425993854,-23.42968148788964,-0.3904946914648273,84.22908099054098,1.4038180165090164,60.79939950265134,1.013323325044189,30.39969975132567,0.5066616625220945
2199,M,Men,1728.6783679546274,2117.29977864218,2181.2846229486654,28.811306132577123,35.28832964403634,36.35474371581109,388.6214106875527,6.477023511459212,63.98484430648523,1.066414071774754,452.60625499403795,7.543437583233966,226.30312749701898,3.771718791616983
153,M,Men,1746.3579863527866,1743.4841409546966,1700.8310390749584,29.10596643921311,29.05806901591161,28.34718398458264,-2.8738453980899976,-0.04789742330149996,-42.65310187973819,-0.7108850313289697,-45.526947277828185,-0.7587824546304698,-22.763473638914093,-0.3793912273152349
154,M,Men,1762.4433591812347,1761.8573659515712,1661.207370522404,29.374055986353913,29.364289432526185,27.686789508706735,-0.5859932296634724,-0.00976655382772454,-100.64999542916712,-1.677499923819452,-101.23598865883059,-1.6872664776471766,-50.617994329415296,-0.8436332388235883
156,M,Men,1756.0425941558512,1736.6821363612949,1792.5146644750987,29.267376569264187,28.944702272688247,29.875244407918313,-19.360457794556396,-0.32267429657593993,55.832528113803846,0.9305421352300641,36.47207031924745,0.6078678386541242,18.236035159623725,0.3039339193270621
2204,F,Women,1561.7455211077695,1483.8697711666944,1632.5949753058385,26.029092018462826,24.73116285277824,27.20991625509731,-77.87574994107513,-1.2979291656845855,148.72520413914413,2.478753402319069,70.849454198069,1.1808242366344832,35.4247270990345,0.5904121183172416
158,M,Men,1759.5057222906507,1684.4493900558082,1632.2362962792051,29.325095371510844,28.074156500930137,27.203938271320087,-75.05633223484256,-1.2509388705807092,-52.213093776603046,-0.8702182296100508,-127.2694260114456,-2.12115710019076,-63.6347130057228,-1.06057855009538
2207,F,Women,1641.4984662452914,1760.2469712630614,1713.4098249311141,27.358307770754855,29.337449521051024,28.55683041551857,118.74850501776996,1.979141750296166,-46.837146331947224,-0.7806191055324537,71.91135868582273,1.1985226447637123,35.95567934291137,0.5992613223818561
160,M,Men,1746.2583822926515,1781.360036592953,1848.9717898443062,29.10430637154419,29.689333943215885,30.8161964974051,35.10165430030156,0.5850275716716927,67.6117532513531,1.1268625541892183,102.71340755165465,1.711890125860911,51.35670377582733,0.8559450629304555
161,M,Men,1706.3171541783831,1679.3532719505172,1693.165153450469,28.438619236306387,27.989221199175287,28.219419224174484,-26.963882227865952,-0.4493980371310992,13.811881499951824,0.23019802499919706,-13.152000727914128,-0.21920001213190213,-6.576000363957064,-0.10960000606595106
162,M,Men,1800.6332409729425,1860.7176542224138,1920.0193334765731,30.01055401621571,31.011960903706896,32.000322224609555,60.084413249471254,1.0014068874911877,59.30167925415935,0.9883613209026559,119.3860925036306,1.9897682083938435,59.6930462518153,0.9948841041969217
2210,M,Men,1563.4531236320327,1605.8968987682028,1605.4695639975578,26.057552060533876,26.76494831280338,26.757826066625963,42.44377513617019,0.7073962522695031,-0.42733477064507497,-0.007122246177417916,42.01644036552511,0.7002740060920852,21.008220182762557,0.3501370030460426
164,M,Men,1784.389757917746,1776.2900348146038,1669.271483971542,29.7398292986291,29.60483391357673,27.8211913995257,-8.099723103142196,-0.13499538505236994,-107.0185508430618,-1.7836425140510301,-115.118273946204,-1.9186378991033999,-57.559136973102,-0.9593189495516999
166,M,Men,1781.0201992798825,1708.5905993037047,1636.716359306504,29.68366998799804,28.47650998839508,27.278605988441733,-72.42959997617777,-1.2071599996029627,-71.87423999720068,-1.1979039999533445,-144.30383997337844,-2.4050639995563072,-72.15191998668922,-1.2025319997781536
179,M,Men,1873.4876742422712,1911.4373764914374,1956.1063789476243,31.22479457070452,31.857289608190623,32.6017729824604,37.949702249166194,0.6324950374861033,44.669002456186945,0.7444833742697824,82.61870470535314,1.3769784117558856,41.30935235267657,0.6884892058779428
188,M,Men,1764.6851334176881,1715.4500134744126,1663.9949652949458,29.4114188902948,28.590833557906876,27.733249421582432,-49.23511994327555,-0.8205853323879259,-51.45504817946676,-0.857584136324446,-100.6901681227423,-1.6781694687123718,-50.34508406137115,-0.8390847343561859
195,M,Men,1859.6078027266599,2161.1891411166866,1725.955095963237,30.993463378777665,36.01981901861144,28.76591826605395,301.58133839002676,5.026355639833779,-435.23404515344964,-7.253900752557494,-133.65270676342288,-2.227545112723715,-66.82635338171144,-1.1137725563618575
2243,F,Women,1541.1954744941502,1489.7457417808282,1425.8765643064626,25.686591241569168,24.829095696347135,23.76460940510771,-51.449732713321964,-0.8574955452220328,-63.86917747436564,-1.0644862912394273,-115.3189101876876,-1.92198183646146,-57.6594550938438,-0.96099091823073
2259,M,Men,1559.5306930276547,1520.470292421161,1532.4714243191554,25.992178217127577,25.341171540352683,25.541190405319256,-39.06040060649366,-0.6510066767748943,12.001131897994355,0.2000188649665726,-27.059268708499303,-0.4509878118083217,-13.529634354249652,-0.22549390590416085
2260,M,Men,1611.901169589522,1623.8322390979235,1572.8179257310987,26.865019493158698,27.063870651632058,26.213632095518314,11.931069508401606,0.1988511584733601,-51.01431336682481,-0.8502385561137468,-39.0832438584232,-0.6513873976403867,-19.5416219292116,-0.32569369882019333
2261,M,Men,1578.0373096477354,1574.300399056163,1552.8434262636094,26.300621827462255,26.238339984269384,25.880723771060158,-3.7369105915722685,-0.06228184319287114,-21.456972792553643,-0.3576162132092274,-25.19388338412591,-0.41989805640209854,-12.596941692062956,-0.20994902820104927
2263,M,Men,1659.9313602264006,1659.8277738627519,1589.7117810021095,27.66552267044001,27.663796231045865,26.495196350035158,-0.1035863636486738,-0.0017264393941445633,-70.11599286064234,-1.1685998810107057,-70.21957922429101,-1.1703263204048502,-35.109789612145505,-0.5851631602024251
2275,M,Men,1820.2152927298657,1739.9126995717252,1617.4375787704153,30.336921545497763,28.998544992862087,26.95729297950692,-80.30259315814055,-1.338376552635676,-122.47512080130991,-2.041252013355165,-202.77771395945047,-3.379628565990841,-101.38885697972523,-1.6898142829954206
230,F,Women,1340.086637622495,1386.318801096445,1466.8131499320784,22.33477729370825,23.105313351607418,24.446885832201307,46.232163473950095,0.7705360578991682,80.49434883563345,1.3415724805938907,126.72651230958354,2.112108538493059,63.36325615479177,1.0560542692465296
237,F,Women,1458.5859186412858,1495.4844613770522,1504.0323584087273,24.309765310688096,24.92474102295087,25.06720597347879,36.89854273576634,0.6149757122627724,8.54789703167512,0.14246495052791866,45.44643976744146,0.757440662790691,22.72321988372073,0.3787203313953455
2285,M,Men,2011.6493270150008,1959.1735856858124,1806.6695777031741,33.527488783583344,32.65289309476354,30.111159628386236,-52.475741329188395,-0.8745956888198065,-152.5040079826383,-2.541733466377305,-204.9797493118267,-3.4163291551971118,-102.48987465591335,-1.7081645775985559
2294,F,Women,1428.4219235621783,1472.5420746850816,1457.7775744790417,23.80703205936964,24.542367911418026,24.29629290798403,44.12015112290328,0.735335852048388,-14.764500206039884,-0.24607500343399807,29.355650916863397,0.48926084861438995,14.677825458431698,0.24463042430719498
4347,M,Men,2436.333222530023,2352.226521971987,3154.119215586677,40.60555370883371,39.203775366199785,52.568653593111286,-84.10670055803575,-1.4017783426339292,801.89269361469,13.364878226911499,717.7859930566542,11.96309988427757,358.8929965283271,5.981549942138785
253,F,Women,1563.9598879267523,1595.1616620937573,1578.5632117152907,26.06599813211254,26.58602770156262,26.30938686192151,31.20177416700494,0.5200295694500824,-16.598450378466623,-0.27664083964111036,14.603323788538319,0.24338872980897197,7.301661894269159,0.12169436490448599
2311,M,Men,1793.6890800678402,1817.686243090734,1998.6555416284673,29.89481800113067,30.2947707181789,33.31092569380779,23.9971630228938,0.39995271704823004,180.96929853773327,3.0161549756288877,204.96646156062707,3.4161076926771177,102.48323078031353,1.7080538463385588
271,F,Women,1934.9768884605605,1959.5707652977337,1917.4970598361067,32.24961480767601,32.65951275496223,31.958284330601778,24.593876837173184,0.40989794728621975,-42.073705461627014,-0.7012284243604502,-17.47982862445383,-0.2913304770742305,-8.739914312226915,-0.14566523853711524
2321,F,Women,1475.79594682035,1437.0675833980295,1500.3665660229867,24.5965991136725,23.951126389967158,25.006109433716446,-38.728363422320626,-0.6454727237053438,63.29898262495726,1.0549830437492878,24.570619202636635,0.40951032004394394,12.285309601318318,0.20475516002197197
275,F,Women,1983.3537788807694,1943.5375462787729,2024.5110633848751,33.05589631467949,32.39229243797955,33.74185105641458,-39.81623260199649,-0.6636038766999415,80.97351710610224,1.3495586184350372,41.157284504105746,0.6859547417350957,20.578642252052873,0.34297737086754787
2323,F,Women,1524.9845600652498,1465.4051280350172,1592.2827104663882,25.41640933442083,24.423418800583622,26.5380451744398,-59.57943203023251,-0.9929905338372085,126.87758243137091,2.114626373856182,67.2981504011384,1.1216358400189734,33.6490752005692,0.5608179200094867
289,F,Women,1547.5681064783641,1486.54928326134,1429.1522086528544,25.792801774639404,24.775821387689,23.81920347754757,-61.01882321702419,-1.0169803869504033,-57.39707460848558,-0.9566179101414264,-118.41589782550977,-1.9735982970918295,-59.20794891275489,-0.9867991485459148
2340,F,Women,1750.6227464988995,1800.558791524861,1653.5933708055336,29.177045774981657,30.009313192081017,27.55988951342556,49.93604502596145,0.8322674170993575,-146.9654207193273,-2.4494236786554553,-97.02937569336586,-1.6171562615560977,-48.51468784668293,-0.8085781307780489
297,F,Women,1550.1581204394286,1482.525836294118,1434.9329446815614,25.835968673990475,24.7087639382353,23.91554907802602,-67.63228414531045,-1.1272047357551742,-47.59289161255674,-0.793214860209279,-115.22517575786719,-1.9204195959644532,-57.612587878933596,-0.9602097979822266
302,F,Women,1744.9481192643905,1574.4488402442125,1576.6993880607015,29.082468654406508,26.24081400407021,26.278323134345026,-170.49927902017794,-2.841654650336299,2.250547816488961,0.03750913027481602,-168.24873120368898,-2.804145520061483,-84.12436560184449,-1.4020727600307414
2350,M,Men,1805.4733630131293,1752.7948204488162,1757.3651270592316,30.09122271688549,29.21324700748027,29.289418784320524,-52.67854256431315,-0.8779757094052191,4.5703066104154,0.07617177684025668,-48.10823595389775,-0.8018039325649624,-24.054117976948874,-0.4009019662824812
2354,M,Men,1900.3534395233944,1813.5106535642424,1845.0979114249185,31.672557325389906,30.225177559404038,30.751631857081975,-86.84278595915202,-1.4473797659858672,31.587257860676118,0.5264542976779353,-55.25552809847591,-0.9209254683079318,-27.627764049237953,-0.4604627341539659
309,F,Women,1858.4180214925238,1825.3826406051214,1845.8714687916492,30.973633691542066,30.423044010085356,30.76452447986082,-33.035380887402425,-0.5505896814567071,20.488828186527826,0.34148046977546376,-12.5465527008746,-0.20910921168124333,-6.2732763504373,-0.10455460584062166
312,M,Men,1628.4107787505736,1517.9456297420334,1536.7499672366027,27.140179645842895,25.29909382903389,25.61249945394338,-110.46514900854027,-1.8410858168090045,18.80433749456938,0.3134056249094897,-91.66081151397088,-1.5276801918995147,-45.83040575698544,-0.7638400959497573
2360,M,Men,1973.2110746558142,1643.481591273944,1676.6962444110861,32.88685124426357,27.391359854565735,27.944937406851434,-329.72948338187007,-5.495491389697834,33.21465313714202,0.5535775522857004,-296.51483024472805,-4.941913837412134,-148.25741512236402,-2.470956918706067
317,M,Men,1713.2178172304891,1832.8640766328765,1951.527469828998,28.55363028717482,30.54773461054794,32.5254578304833,119.64625940238739,1.994104323373123,118.66339319612143,1.9777232199353572,238.30965259850882,3.97182754330848,119.15482629925441,1.98591377165424
2367,M,Men,2030.7956400560176,2054.4515457674524,2109.161118429808,33.84659400093363,34.240859096124204,35.152685307163466,23.655905711434798,0.39426509519057995,54.70957266235564,0.9118262110392606,78.36547837379044,1.3060913062298407,39.18273918689522,0.6530456531149204
323,M,Men,1829.93649650803,1834.9389507431076,1897.8041078733356,30.498941608467167,30.582315845718462,31.630068464555595,5.002454235077721,0.08337423725129535,62.865157130228,1.0477526188371333,67.86761136530572,1.1311268560884287,33.93380568265286,0.5655634280442143
333,M,Men,1880.6751978620407,1901.3500786805525,1895.6640022843758,31.344586631034012,31.68916797800921,31.59440003807293,20.674880818511838,0.3445813469751973,-5.686076396176759,-0.09476793993627931,14.988804422335079,0.249813407038918,7.4944022111675395,0.124906703519459
344,M,Men,1962.9968171471353,1884.3077759023545,1933.8322497827796,32.716613619118924,31.405129598372575,32.23053749637966,-78.68904124478081,-1.3114840207463467,49.52447388042515,0.8254078980070858,-29.164567364355662,-0.48607612273926104,-14.582283682177831,-0.24303806136963052
345,M,Men,2060.62059219894,1885.5612812286636,1864.0324699012774,34.343676536649,31.42602135381106,31.067207831687956,-175.05931097027633,-2.917655182837939,-21.528811327386165,-0.35881352212310275,-196.5881222976625,-3.2764687049610415,-98.29406114883125,-1.6382343524805207
2405,F,Women,1693.405528653591,1816.2702453421302,2018.8051486427096,28.22342547755985,30.27117075570217,33.64675247737849,122.86471668853915,2.0477452781423193,202.53490330057934,3.375581721676322,325.3996199891185,5.4233269998186415,162.69980999455925,2.7116634999093208
358,F,Women,1561.1687997535864,1499.9171877208091,1518.103686630188,26.019479995893107,24.99861979534682,25.30172811050313,-61.2516120327773,-1.0208602005462883,18.18649890937877,0.3031083151563128,-43.06511312339853,-0.7177518853899756,-21.532556561699266,-0.3588759426949878
2406,F,Women,1701.812954358761,1588.589361155688,1598.3639304349863,28.363549239312686,26.4764893525948,26.639398840583105,-113.22359320307305,-1.8870598867178843,9.774569279298248,0.16290948798830412,-103.4490239237748,-1.72415039872958,-51.7245119618874,-0.86207519936479
367,M,Men,1615.700370549151,1702.5105372676041,1708.5819743611157,26.92833950915252,28.375175621126736,28.47636623935193,86.81016671845305,1.4468361119742175,6.071437093511577,0.10119061822519294,92.88160381196462,1.5480267301994104,46.44080190598231,0.7740133650997052
2418,F,Women,1813.1718734700835,1745.088858287777,1806.2559105451971,30.21953122450139,29.084814304796282,30.104265175753287,-68.08301518230655,-1.1347169197051092,61.16705225742021,1.0194508709570036,-6.915962924886344,-0.11526604874810573,-3.457981462443172,-0.05763302437405286
2423,F,Women,1892.0753663556955,1891.3342535085392,1839.9931143267188,31.53458943926159,31.522237558475652,30.666551905445314,-0.7411128471562733,-0.012351880785937889,-51.34113918182038,-0.8556856530303397,-52.082252028976654,-0.8680375338162776,-26.041126014488327,-0.4340187669081388
2426,F,Women,1907.5975267245135,1720.2002614156254,1828.2207690427285,31.793292112075225,28.67000435692709,30.470346150712142,-187.3972653088881,-3.123287755148135,108.02050762710314,1.8003417937850523,-79.37675768178497,-1.3229459613630827,-39.68837884089248,-0.6614729806815414
2429,F,Women,1952.940391883266,1886.5556429090864,1788.6619516234884,32.54900653138777,31.44259404848477,29.811032527058142,-66.38474897417973,-1.1064124829029955,-97.89369128559792,-1.6315615214266321,-164.27844025977765,-2.7379740043296277,-82.13922012988883,-1.3689870021648138
2438,M,Men,1537.481517790212,1640.7935610483325,1510.4707111884622,25.6246919631702,27.346559350805542,25.174511853141038,103.31204325812064,1.721867387635344,-130.3228498598703,-2.1720474976645052,-27.010806601749664,-0.4501801100291611,-13.505403300874832,-0.22509005501458054
394,M,Men,1597.2841351628153,1569.1202302664608,1609.4811345875714,26.62140225271359,26.15200383777435,26.824685576459522,-28.163904896354552,-0.46939841493924256,40.36090432111064,0.6726817386851773,12.196999424756086,0.20328332374593477,6.098499712378043,0.10164166187296739
2442,M,Men,1664.7013484686736,1691.6670219849077,1635.092540625557,27.745022474477892,28.19445036641513,27.251542343759283,26.96567351623412,0.4494278919372353,-56.574481359350784,-0.9429080226558464,-29.608807843116665,-0.4934801307186111,-14.804403921558333,-0.24674006535930554
404,F,Women,1367.8099968587792,1335.4371664659193,1337.4840342984735,22.79683328097965,22.25728610776532,22.291400571641226,-32.372830392859896,-0.5395471732143317,2.0468678325541987,0.03411446387590331,-30.325962560305697,-0.5054327093384283,-15.162981280152849,-0.25271635466921416
2453,M,Men,1742.8398491584148,1742.9387096215737,1692.6767490917005,29.047330819306914,29.048978493692896,28.21127915152834,0.09886046315887143,0.0016476743859811904,-50.26196052987325,-0.8376993421645541,-50.16310006671438,-0.836051667778573,-25.08155003335719,-0.4180258338892865
408,F,Women,1524.3656899755626,1536.3671034399094,1452.5647784269809,25.406094832926044,25.606118390665156,24.209412973783014,12.001413464346797,0.2000235577391133,-83.80232501292858,-1.396705416882143,-71.80091154858178,-1.1966818591430297,-35.90045577429089,-0.5983409295715149
409,F,Women,1699.9046923574635,1531.3024843283179,1382.9850787856542,28.33174487262439,25.52170807213863,23.049751313094237,-168.6022080291457,-2.8100368004857614,-148.31740554266366,-2.4719567590443945,-316.91961357180935,-5.2819935595301555,-158.45980678590468,-2.6409967797650777
2456,M,Men,1757.4028740949236,1769.719455202667,1746.2968378454564,29.29004790158206,29.49532425337778,29.10494729742427,12.316581107743332,0.2052763517957222,-23.422617357210584,-0.39037695595350974,-11.106036249467252,-0.18510060415778753,-5.553018124733626,-0.09255030207889377
2460,M,Men,1794.0662733607562,1782.5725552108836,1725.556259859283,29.901104556012605,29.70954258684806,28.759270997654717,-11.49371814987262,-0.19156196916454368,-57.01629535160055,-0.9502715891933424,-68.51001350147317,-1.141833558357886,-34.255006750736584,-0.570916779178943
2463,M,Men,1798.6713380028416,1983.5671931513243,1832.7043332358855,29.977855633380692,33.05945321918874,30.545072220598094,184.89585514848272,3.0815975858080455,-150.86285991543878,-2.5143809985906462,34.03299523304395,0.5672165872173991,17.016497616521974,0.28360829360869955
417,M,Men,1643.765804413394,1577.854764928891,1592.640482967379,27.396096740223236,26.297579415481515,26.544008049456316,-65.91103948450314,-1.0985173247417188,14.785718038488085,0.24642863397480141,-51.12532144601505,-0.8520886907669175,-25.562660723007525,-0.42604434538345876
2467,M,Men,1832.6681293242186,1903.3245130830667,1856.5900597245366,30.54446882207031,31.72207521805111,30.94316766207561,70.65638375884805,1.1776063959808007,-46.73445335853012,-0.778907555975502,23.921930400317933,0.39869884000529887,11.960965200158967,0.19934942000264944
420,M,Men,1667.7923793711266,1650.9451242146404,1682.5442001267459,27.79653965618544,27.515752070244005,28.042403335445766,-16.8472551564862,-0.28078758594143666,31.59907591210549,0.5266512652017582,14.751820755619292,0.24586367926032154,7.375910377809646,0.12293183963016077
421,M,Men,1705.5407256141561,1581.1254876623398,1574.4615739767635,28.425678760235936,26.352091461038995,26.24102623294606,-124.41523795181638,-2.0735872991969395,-6.66391368557629,-0.11106522809293816,-131.07915163739267,-2.184652527289878,-65.53957581869633,-1.092326263644939
2469,M,Men,1871.9882966527925,1928.711465213843,1874.3001199589964,31.19980494421321,32.145191086897384,31.238335332649942,56.72316856105044,0.9453861426841741,-54.41134525484654,-0.9068557542474422,2.3118233062039053,0.038530388436731754,1.1559116531019527,0.019265194218365877
2470,M,Men,1880.2144377655775,1868.5357007044174,1852.5923000245953,31.336907296092956,31.142261678406957,30.876538333743255,-11.678737061160064,-0.19464561768600105,-15.943400679822162,-0.2657233446637027,-27.622137740982225,-0.46036896234970376,-13.811068870491113,-0.23018448117485188
2474,M,Men,1914.713063054361,1868.280563475093,1862.0752184132987,31.91188438423935,31.13800939125155,31.034586973554976,-46.4324995792681,-0.7738749929878016,-6.205345061794333,-0.1034224176965722,-52.63784464106243,-0.8772974106843738,-26.318922320531215,-0.4386487053421869
2478,M,Men,2050.660868813015,2188.0912954250884,1894.6903988563045,34.177681146883586,36.468188257084805,31.57817331427174,137.43042661207346,2.2905071102012244,-293.400896568784,-4.890014942813067,-155.97046995671053,-2.599507832611842,-77.98523497835527,-1.299753916305921
433,M,Men,1833.172719711568,1771.4188566354055,1680.800146400124,30.55287866185947,29.523647610590093,28.013335773335402,-61.75386307616259,-1.0292310512693765,-90.61871023528147,-1.510311837254691,-152.37257331144406,-2.5395428885240676,-76.18628665572203,-1.2697714442620338
434,M,Men,1829.9230070265737,1801.2194251269113,1976.1643402956392,30.498716783776228,30.02032375211519,32.93607233826065,-28.703581899662368,-0.47839303166103947,174.9449151687279,2.915748586145465,146.24133326906554,2.4373555544844256,73.12066663453277,1.2186777772422128
435,M,Men,1732.7625166845114,1615.73997850021,1603.1961854626522,28.87937527807519,26.928999641670167,26.719936424377536,-117.02253818430131,-1.9503756364050218,-12.543793037557862,-0.20906321729263103,-129.56633122185917,-2.1594388536976528,-64.78316561092959,-1.0797194268488264
437,M,Men,1858.4125540050359,1771.9508222041015,1771.4169209939553,30.9735425667506,29.532513703401694,29.523615349899256,-86.46173180093433,-1.4410288633489055,-0.5339012101462686,-0.00889835350243781,-86.9956330110806,-1.4499272168513433,-43.4978165055403,-0.7249636084256716
2497,M,Men,1715.8541137478355,1710.3801909371198,1758.2339941931903,28.597568562463927,28.506336515618663,29.303899903219836,-5.473922810715749,-0.09123204684526248,47.85380325607048,0.7975633876011746,42.37988044535473,0.7063313407559122,21.189940222677365,0.3531656703779561
466,M,Men,1500.9185944532278,1506.3802017040257,1497.0093124651141,25.015309907553796,25.106336695067096,24.9501552077519,5.461607250797897,0.09102678751329828,-9.370889238911559,-0.15618148731519266,-3.909281988113662,-0.06515469980189437,-1.954640994056831,-0.03257734990094718
467,M,Men,1526.503463249466,1553.7810270785344,1550.960336866456,25.4417243874911,25.89635045130891,25.849338947774264,27.277563829068413,0.4546260638178069,-2.820690212078489,-0.04701150353464148,24.456873616989924,0.4076145602831654,12.228436808494962,0.2038072801415827
2518,F,Women,1683.659228969619,1636.113808081501,1694.6968655377934,28.060987149493652,27.268563468025018,28.244947758963225,-47.54542088811809,-0.7924236814686348,58.58305745629241,0.9763842909382068,11.037636568174321,0.18396060946957202,5.5188182840871605,0.09198030473478601
471,M,Men,1689.2848598952412,1615.8834251130677,1650.2530352256276,28.154747664920688,26.93139041855113,27.504217253760462,-73.40143478217351,-1.2233572463695586,34.36961011255994,0.5728268352093323,-39.03182466961357,-0.6505304111602261,-19.515912334806785,-0.32526520558011307
2527,F,Women,1762.0866729377778,1877.55184598535,1727.5737452334631,29.368111215629632,31.292530766422498,28.792895753891052,115.46517304757208,1.924419550792868,-149.9781007518868,-2.499635012531447,-34.512927704314734,-0.5752154617385788,-17.256463852157367,-0.2876077308692894
2540,M,Men,1555.385388163342,1598.9164012065453,1610.6351250023897,25.923089802722366,26.648606686775754,26.84391875003983,43.5310130432033,0.7255168840533883,11.718723795844426,0.19531206326407377,55.24973683904773,0.9208289473174621,27.624868419523864,0.46041447365873106
506,M,Men,1594.983933498598,1564.8414527494192,1611.2201659131665,26.583065558309965,26.080690879156986,26.853669431886107,-30.14248074917873,-0.5023746791529788,46.37871316374731,0.7729785527291217,16.236232414568576,0.27060387357614296,8.118116207284288,0.13530193678807148
507,M,Men,1576.2250968331668,1570.9167365628286,1595.363305720246,26.270418280552782,26.181945609380477,26.589388428670766,-5.3083602703381985,-0.08847267117230331,24.446569157417343,0.4074428192902891,19.138208887079145,0.31897014811798574,9.569104443539572,0.15948507405899287
512,M,Men,1656.6760651864429,1593.2214488698116,1620.0918380013668,27.61126775310738,26.55369081449686,27.001530633356115,-63.454616316631245,-1.0575769386105207,26.870389131555157,0.4478398188592526,-36.58422718507609,-0.6097371197512681,-18.292113592538044,-0.30486855987563405
513,M,Men,1641.6520891686625,1757.2424374110128,1684.151129636221,27.360868152811044,29.287373956850214,28.069185493937017,115.59034824235027,1.9265058040391712,-73.09130777479186,-1.2181884629131976,42.499040467558416,0.7083173411259736,21.249520233779208,0.3541586705629868
2560,M,Men,1741.4888330287527,1734.3518255421052,1772.3232120453397,29.024813883812545,28.905863759035086,29.538720200755662,-7.137007486647462,-0.11895012477745771,37.9713865032345,0.632856441720575,30.834379016587036,0.5139063169431173,15.417189508293518,0.25695315847155864
515,M,Men,1686.657557186328,1606.7247066752557,1693.2801012963512,28.1109592864388,26.77874511125426,28.221335021605853,-79.93285051107227,-1.332214175184538,86.5553946210955,1.4425899103515918,6.622544110023227,0.11037573516705379,3.3112720550116137,0.055187867583526895
2563,M,Men,1761.682349181683,1879.524533234707,1707.353094422283,29.361372486361386,31.325408887245114,28.45588490703805,117.84218405302386,1.964036400883731,-172.17143881242396,-2.869523980207066,-54.3292547594001,-0.905487579323335,-27.16462737970005,-0.4527437896616675
2566,M,Men,1768.9520149967382,1783.5278434130212,1764.8704579994771,29.48253358327897,29.725464056883688,29.414507633324618,14.575828416283002,0.2429304736047167,-18.657385413544034,-0.3109564235590672,-4.081556997261032,-0.06802594995435053,-2.040778498630516,-0.034012974977175266
529,M,Men,1729.3727233369939,1774.1730257102572,1656.3525912087246,28.82287872228323,29.569550428504286,27.605876520145408,44.80030237326332,0.7466717062210554,-117.82043450153265,-1.9636739083588775,-73.02013212826932,-1.2170022021378222,-36.51006606413466,-0.6085011010689111
2586,M,Men,1867.9810182107108,1835.9112567729069,1917.852804135553,31.133016970178513,30.598520946215114,31.964213402259215,-32.06976143780389,-0.5344960239633981,81.94154736264613,1.3656924560441022,49.87178592484224,0.831196432080704,24.93589296242112,0.415598216040352
2598,M,Men,1938.0929062936868,1890.9470580223208,2011.7453737857068,32.30154843822812,31.51578430037201,33.52908956309511,-47.14584827136605,-0.7857641378561008,120.79831576338597,2.0133052627230996,73.65246749201992,1.2275411248669987,36.82623374600996,0.6137705624334994
2608,M,Men,1986.8692767866908,1882.3492073910438,1876.6687358189834,33.11448794644485,31.37248678985073,31.27781226364972,-104.52006939564694,-1.7420011565941158,-5.680471572060469,-0.09467452620100782,-110.20054096770741,-1.8366756827951236,-55.100270483853706,-0.9183378413975618
575,F,Women,1418.218666559193,1377.0362877424,1379.8387800879837,23.63697777598655,22.950604795706667,22.997313001466395,-41.18237881679306,-0.6863729802798844,2.802492345583687,0.046708205759728116,-38.379886471209375,-0.6396647745201562,-19.189943235604687,-0.3198323872600781
2631,M,Men,1616.5724385538254,1680.149555123622,1675.081657476239,26.94287397589709,28.0024925853937,27.918027624603983,63.577116569796544,1.0596186094966091,-5.067897647383006,-0.08446496078971677,58.50921892241354,0.9751536487068923,29.25460946120677,0.4875768243534461
588,F,Women,1560.7418770335098,1654.9671123038902,1541.9838473061832,26.012364617225163,27.582785205064837,25.699730788436387,94.22523527038038,1.570420587839673,-112.98326499770701,-1.8830544166284502,-18.75802972732663,-0.31263382878877716,-9.379014863663315,-0.15631691439438858
589,F,Women,1501.7912183918584,1703.1785483085055,1585.226224158619,25.029853639864307,28.38630913847509,26.420437069310317,201.3873299166471,3.356455498610785,-117.95232414988641,-1.9658720691647735,83.4350057667607,1.3905834294460115,41.71750288338035,0.6952917147230058
2637,M,Men,1673.8047301877523,1883.678178612021,1867.338874219851,27.896745503129203,31.394636310200347,31.12231457033085,209.87344842426864,3.497890807071144,-16.33930439216988,-0.272321739869498,193.53414403209877,3.225569067201646,96.76707201604938,1.612784533600823
2641,M,Men,1724.8022191017822,1803.180371389532,1989.8408081747546,28.746703651696368,30.05300618982553,33.164013469579245,78.3781522877498,1.3063025381291633,186.6604367852226,3.11100727975371,265.0385890729724,4.417309817882873,132.5192945364862,2.2086549089414365
2643,M,Men,1766.0478370949477,1962.597440780992,1935.6220649149154,29.434130618249128,32.70995734634987,32.26036774858192,196.5496036860443,3.2758267281007383,-26.975375866076547,-0.44958959776794244,169.57422781996775,2.8262371303327956,84.78711390998387,1.4131185651663978
2645,M,Men,1788.908780401237,1889.9086466779922,2150.1198081544,29.815146340020615,31.498477444633203,35.835330135906666,100.99986627675526,1.6833311046125876,260.2111614764076,4.33685269127346,361.21102775316285,6.020183795886047,180.60551387658143,3.0100918979430236
598,F,Women,1516.7311743984635,1734.6806635692453,1559.9083054716436,25.27885290664106,28.911344392820755,25.998471757860727,217.94948917078182,3.632491486179697,-174.77235809760168,-2.9128726349600282,43.177131073180135,0.719618851219669,21.588565536590067,0.3598094256098345
604,F,Women,1631.2774156961354,1537.5179603740332,1550.7366396600542,27.187956928268925,25.62529933956722,25.8456106610009,-93.75945532210221,-1.5626575887017036,13.218679286020915,0.22031132143368193,-80.5407760360813,-1.3423462672680215,-40.27038801804065,-0.6711731336340108
2657,M,Men,2142.2142678620708,2328.1182339846478,2177.8210005922374,35.703571131034515,38.801970566410795,36.29701667653729,185.903966122577,3.0983994353762836,-150.29723339241036,-2.504953889873506,35.60673273016664,0.5934455455027774,17.80336636508332,0.2967227727513887
612,F,Women,1572.7529102913068,1691.727706593884,1667.749653355385,26.212548504855114,28.195461776564734,27.795827555923083,118.97479630257726,1.982913271709621,-23.978053238499115,-0.39963422064165194,94.99674306407815,1.583279051067969,47.49837153203907,0.7916395255339845
2665,F,Women,1545.991921578008,2046.1278708296365,1538.52273295826,25.766532026300133,34.10213118049394,25.64204554930433,500.1359492516285,8.335599154193808,-507.60513787137666,-8.46008563118961,-7.469188619748138,-0.1244864769958023,-3.734594309874069,-0.06224323849790115
2669,F,Women,1621.128179373727,1591.7613253323038,1669.872215373607,27.01880298956212,26.529355422205064,27.83120358956012,-29.366854041423267,-0.48944756735705447,78.11089004130326,1.3018481673550544,48.74403599988,0.812400599998,24.37201799994,0.406200299999
2670,F,Women,1642.1720480573592,2069.782528295875,1759.8637265827492,27.36953413428932,34.49637547159792,29.331062109712487,427.61048023851595,7.1268413373085995,-309.91880171312596,-5.165313361885433,117.69167852538999,1.9615279754231665,58.845839262694994,0.9807639877115832
623,F,Women,1613.6928703832089,1591.2773296178807,1571.4672860692076,26.89488117305348,26.52128882696468,26.191121434486792,-22.41554076532816,-0.37359234608880265,-19.810043548673093,-0.3301673924778849,-42.22558431400125,-0.7037597385666875,-21.112792157000627,-0.35187986928334375
2674,F,Women,1678.2732196717755,1796.7683567063714,1769.0006248687123,27.971220327862923,29.946139278439524,29.483343747811873,118.49513703459593,1.9749189505765987,-27.767731837659085,-0.4627955306276514,90.72740519693684,1.5121234199489473,45.36370259846842,0.7560617099744736
648,F,Women,1732.6539616390446,1704.5010940320485,1770.1614997617821,28.87756602731741,28.408351567200807,29.502691662696368,-28.152867606996097,-0.4692144601166016,65.66040572973361,1.0943400954955602,37.507538122737515,0.6251256353789586,18.753769061368757,0.3125628176894793
2700,F,Women,1422.353096129748,1478.2830998183126,1554.0325757755988,23.705884935495803,24.638051663638542,25.900542929593314,55.93000368856451,0.9321667281427418,75.74947595728622,1.2624912659547705,131.67947964585073,2.194657994097512,65.83973982292537,1.097328997048756
655,F,Women,1831.4337552349987,1665.7440114593578,1682.3715225369842,30.52389592058331,27.762400190989297,28.039525375616403,-165.68974377564086,-2.7614957295940146,16.627511077626423,0.27712518462710706,-149.06223269801444,-2.4843705449669073,-74.53111634900722,-1.2421852724834537
2705,F,Women,1644.847025927859,1597.5492560296627,1597.4422126016723,27.41411709879765,26.62582093382771,26.62403687669454,-47.29776989819629,-0.7882961649699383,-0.10704342799044753,-0.0017840571331741255,-47.40481332618674,-0.7900802221031124,-23.70240666309337,-0.3950401110515562
2712,F,Women,1745.2162668726537,1787.299918582946,1840.914884264483,29.086937781210896,29.788331976382434,30.681914737741383,42.083651710292315,0.7013941951715386,53.61496568153689,0.8935827613589481,95.6986173918292,1.5949769565304868,47.8493086959146,0.7974884782652434
673,M,Men,1552.4775218373202,1529.1962077076143,1489.4964163741756,25.874625363955335,25.48660346179357,24.82494027290293,-23.281314129705834,-0.3880219021617639,-39.699791333438725,-0.6616631888906455,-62.98110546314456,-1.0496850910524094,-31.49055273157228,-0.5248425455262047
674,M,Men,1596.3771087060188,1632.2316869963845,1595.030218590528,26.606285145100312,27.20386144993974,26.5838369765088,35.85457829036568,0.597576304839428,-37.20146840585653,-0.6200244734309421,-1.3468901154908508,-0.02244816859151418,-0.6734450577454254,-0.01122408429575709
2722,F,Women,2102.1686045073957,2409.2161772242684,2433.366479241625,35.036143408456596,40.15360295373781,40.55610798736041,307.04757271687276,5.117459545281212,24.150302017356353,0.40250503362260587,331.1978747342291,5.519964578903819,165.59893736711456,2.7599822894519095
676,M,Men,1609.102552670479,1568.9319922662178,1592.8365036112214,26.81837587784132,26.148866537770296,26.547275060187022,-40.17056040426132,-0.669509340071022,23.904511345003584,0.3984085224167264,-16.26604905925774,-0.27110081765429567,-8.13302452962887,-0.13555040882714783
677,M,Men,1586.6998053686507,1594.4833647329967,1612.3448907359455,26.444996756144178,26.574722745549945,26.872414845599092,7.783559364346047,0.12972598940576746,17.86152600294872,0.29769210004914537,25.64508536729477,0.42741808945491283,12.822542683647384,0.21370904472745642
681,M,Men,1635.1901639997247,1648.658538375122,1663.1350972662806,27.25316939999541,27.477642306252033,27.71891828777134,13.468374375397161,0.22447290625661936,14.476558891158675,0.24127598151931123,27.944933266555836,0.4657488877759306,13.972466633277918,0.2328744438879653
2730,M,Men,1770.1707351368223,1833.7343972422327,1937.3251078884834,29.502845585613706,30.562239954037214,32.28875179814139,63.56366210541046,1.0593943684235076,103.59071064625073,1.7265118441041787,167.15437275166119,2.7859062125276863,83.57718637583059,1.3929531062638432
689,M,Men,1577.3009855805594,1601.966457789498,1649.9728073904396,26.28834975967599,26.6994409631583,27.49954678984066,24.66547220893858,0.4110912034823097,48.006349600941576,0.8001058266823596,72.67182180988016,1.2111970301646693,36.33591090494008,0.6055985150823346
691,M,Men,1670.2647618337764,1650.1523245180322,1724.1515627275883,27.83774603056294,27.502538741967204,28.735859378793137,-20.112437315744273,-0.3352072885957379,73.9992382095561,1.2333206368259348,53.886800893811824,0.8981133482301971,26.943400446905912,0.44905667411509853
693,M,Men,1630.7200978364735,1668.4710753664199,1855.1992628403232,27.17866829727456,27.807851256106996,30.919987714005387,37.75097752994634,0.629182958832439,186.7281874739033,3.112136457898388,224.47916500384963,3.741319416730827,112.23958250192482,1.8706597083654135
694,M,Men,1725.327566598448,1591.860220031084,1601.4329261104301,28.755459443307466,26.531003667184734,26.690548768507167,-133.46734656736385,-2.224455776122731,9.572706079346062,0.15954510132243438,-123.89464048801779,-2.0649106748002963,-61.94732024400889,-1.0324553374001482
695,M,Men,1649.5679475006116,1631.8334602962937,1598.719648328453,27.492799125010194,27.19722433827156,26.645327472140885,-17.73448720431793,-0.29557478673863213,-33.11381196784055,-0.5518968661306758,-50.84829917215848,-0.8474716528693079,-25.42414958607924,-0.42373582643465396
699,M,Men,1663.1137021219906,1623.172029569323,1647.723443771286,27.718561702033178,27.052867159488716,27.462057396188097,-39.94167255266757,-0.6656945425444595,24.55141420196287,0.4091902366993812,-15.390258350704698,-0.25650430584507833,-7.695129175352349,-0.12825215292253916
704,M,Men,1639.8750597472044,1654.4270788470753,1675.39995828695,27.33125099578674,27.573784647451255,27.923332638115834,14.552019099870904,0.24253365166451507,20.97287943987476,0.3495479906645793,35.524898539745664,0.5920816423290944,17.762449269872832,0.2960408211645472
705,M,Men,1734.5921859194427,1641.6028158599468,1607.5942225629217,28.909869765324046,27.36004693099911,26.79323704271536,-92.98937005949597,-1.5498228343249327,-34.00859329702507,-0.5668098882837512,-126.99796335652104,-2.116632722608684,-63.49898167826052,-1.058316361304342
706,M,Men,1678.2313805113015,1574.8583562223907,1582.8085974052535,27.970523008521692,26.247639270373178,26.38014329008756,-103.37302428891076,-1.7228837381485127,7.950241182862783,0.13250401971437972,-95.42278310604797,-1.5903797184341328,-47.71139155302399,-0.7951898592170664
2754,M,Men,1998.6167581131945,1927.1980802741277,1864.2588751418175,33.310279301886574,32.1199680045688,31.070981252363627,-71.41867783906673,-1.190311297317779,-62.939205132310235,-1.0489867522051706,-134.35788297137697,-2.2392980495229495,-67.17894148568848,-1.1196490247614748
710,M,Men,1765.3343033711703,1657.319969102093,1667.3230985904113,29.422238389519507,27.621999485034884,27.78871830984019,-108.01433426907738,-1.800238904484623,10.003129488318336,0.16671882480530562,-98.01120478075904,-1.6335200796793174,-49.00560239037952,-0.8167600398396587
712,M,Men,1737.8866631646422,1753.9496811314073,1728.3835508734653,28.9647777194107,29.232494685523456,28.806392514557754,16.063017966765074,0.26771696611275125,-25.56613025794195,-0.4261021709656992,-9.503112291176876,-0.15838520485294794,-4.751556145588438,-0.07919260242647397
714,M,Men,1690.5542775667993,1745.5271831721627,1731.3228386707892,28.175904626113322,29.092119719536047,28.855380644513154,54.972905605363394,0.9162150934227232,-14.204344501373498,-0.23673907502289163,40.768561103989896,0.6794760183998316,20.384280551994948,0.3397380091999158
717,M,Men,1659.907027770912,1635.5792983962954,1625.542799666341,27.6651171295152,27.25965497327159,27.092379994439014,-24.327729374616638,-0.40546215624361065,-10.036498729954474,-0.16727497883257456,-34.36422810457111,-0.5727371350761852,-17.182114052285556,-0.2863685675380926
721,M,Men,1709.9586134467636,1706.404205347938,1953.608131559135,28.499310224112726,28.4400700891323,32.56013552598559,-3.554408098825661,-0.05924013498042768,247.20392621119709,4.1200654368532845,243.64951811237142,4.060825301872857,121.82475905618571,2.0304126509364284
722,M,Men,1784.907838391581,1841.2011478689317,1773.9177037212737,29.748463973193015,30.686685797815528,29.565295062021228,56.293309477350704,0.9382218246225117,-67.28344414765797,-1.1213907357942996,-10.99013467030727,-0.18316891117178785,-5.495067335153635,-0.09158445558589393
725,M,Men,1845.5453410488265,1840.1159908839231,1838.5325812935832,30.75908901748044,30.668599848065387,30.642209688226387,-5.429350164903326,-0.09048916941505543,-1.5834095903398975,-0.02639015983899829,-7.0127597552432235,-0.11687932925405373,-3.5063798776216117,-0.05843966462702686
732,M,Men,1757.1543634168697,1703.5786026953926,1702.1233953075966,29.28590605694783,28.392976711589878,28.36872325512661,-53.57576072147708,-0.8929293453579513,-1.4552073877960083,-0.024253456463266806,-55.03096810927309,-0.9171828018212181,-27.515484054636545,-0.45859140091060907
734,M,Men,1788.601646211956,1777.584432529457,1763.3479860937048,29.810027436865933,29.626407208824283,29.389133101561747,-11.017213682499005,-0.18362022804165007,-14.236446435752214,-0.2372741072625369,-25.25366011825122,-0.42089433530418696,-12.62683005912561,-0.21044716765209348
737,M,Men,1780.3950597316984,1808.6096952150538,1930.3503052587953,29.673250995528306,30.143494920250895,32.17250508764659,28.214635483355323,0.47024392472258875,121.74061004374153,2.029010167395692,149.95524552709685,2.4992540921182806,74.97762276354842,1.2496270460591403
2786,M,Men,1792.5548657385623,1828.053614546254,1850.5998207692671,29.87591442897604,30.467560242437568,30.843330346154453,35.498748807691754,0.5916458134615292,22.546206223013087,0.3757701037168848,58.04495503070484,0.967415917178414,29.02247751535242,0.483707958589207
742,M,Men,1831.794237264659,1693.658155485361,1743.4011014734717,30.529903954410983,28.22763592475602,29.05668502455786,-138.1360817792979,-2.3022680296549654,49.742945988110705,0.829049099801845,-88.3931357911872,-1.4732189298531202,-44.1965678955936,-0.7366094649265601
743,M,Men,1822.5859938989227,1759.9351727278488,1716.9767014645213,30.37643323164871,29.33225287879748,28.616278357742022,-62.65082117107386,-1.044180352851231,-42.95847126332751,-0.7159745210554586,-105.60929243440137,-1.7601548739066895,-52.804646217200684,-0.8800774369533447
747,M,Men,1940.8700348406219,1656.4239590268887,1740.9450843595555,32.347833914010366,27.607065983781478,29.015751405992592,-284.44607581373316,-4.740767930228886,84.52112533266677,1.408685422211113,-199.9249504810664,-3.332082508017773,-99.9624752405332,-1.6660412540088865
753,M,Men,1959.5398453345595,2023.9990212943287,2105.065803233715,32.658997422242656,33.73331702157215,35.084430053895254,64.45917595976925,1.0743195993294876,81.06678193938637,1.3511130323231062,145.52595789915563,2.4254326316525936,72.76297894957781,1.2127163158262968
759,M,Men,2007.9430577262483,1968.9129825541622,1938.8968943965824,33.465717628770804,32.8152163759027,32.31494823994304,-39.03007517208607,-0.6505012528681012,-30.016088157579816,-0.5002681359596636,-69.04616332966589,-1.1507693888277648,-34.523081664832944,-0.5753846944138824
767,M,Men,1989.8642561005083,2263.3619774544964,2074.856427347125,33.164404268341805,37.722699624241606,34.58094045578542,273.497721353988,4.5582953558998005,-188.50555010737116,-3.141759168456186,84.99217124661686,1.4165361874436144,42.49608562330843,0.7082680937218072
778,M,Men,1964.4069319330574,2008.6487671127654,1888.5997261374216,32.74011553221762,33.477479451879425,31.47666210229036,44.241835179708005,0.7373639196618,-120.04904097534381,-2.0008173495890635,-75.80720579563581,-1.2634534299272635,-37.903602897817905,-0.6317267149636318
2826,F,Women,1533.5451611149924,1537.868527142603,1559.32824485403,25.55908601858321,25.631142119043382,25.988804080900497,4.323366027610518,0.07205610046017531,21.459717711426947,0.3576619618571158,25.783083739037465,0.4297180623172911,12.891541869518733,0.21485903115864555
2832,F,Women,1612.7239269829674,1689.7896088788812,1546.9844457992872,26.87873211638279,28.16316014798135,25.783074096654786,77.06568189591371,1.284428031598562,-142.80516307959397,-2.380086051326566,-65.73948118368025,-1.0956580197280041,-32.86974059184013,-0.5478290098640021
786,M,Men,1916.5635694869995,2010.04926870735,2032.6763569622353,31.94272615811666,33.5008211451225,33.87793928270392,93.4856992203504,1.55809498700584,22.627088254885393,0.3771181375814232,116.11278747523579,1.9352131245872632,58.056393737617896,0.9676065622936316
787,M,Men,1889.493446221745,2086.358036989349,2068.6342350633217,31.491557437029083,34.772633949822485,34.477237251055364,196.8645907676039,3.281076512793398,-17.723801926027136,-0.29539669876711894,179.14078884157675,2.985679814026279,89.57039442078838,1.4928399070131395
2838,F,Women,1716.634243541706,1652.2575054639788,1631.8438754522683,28.610570725695098,27.537625091066314,27.197397924204473,-64.37673807772717,-1.0729456346287862,-20.41363001171044,-0.3402271668618406,-84.7903680894376,-1.4131728014906269,-42.3951840447188,-0.7065864007453134
2857,M,Men,1603.9465338672994,1628.4808047524389,1653.541484897915,26.732442231121656,27.14134674587398,27.559024748298587,24.53427088513945,0.40890451475232414,25.060680145476226,0.4176780024246038,49.594951030615675,0.8265825171769279,24.797475515307838,0.41329125858846394
819,F,Women,1491.755092937511,1444.6799438328733,1492.311178533045,24.862584882291852,24.077999063881222,24.87185297555075,-47.07514910463783,-0.7845858184106305,47.63123470017172,0.7938539116695286,0.5560855955338866,0.00926809325889811,0.2780427977669433,0.004634046629449055
823,F,Women,1524.8499583545279,1500.1611278096414,1498.073489610541,25.414165972575464,25.00268546349402,24.967891493509015,-24.688830544886514,-0.4114805090814419,-2.087638199100411,-0.03479396998500685,-26.776468743986925,-0.44627447906644874,-13.388234371993462,-0.22313723953322437
2872,M,Men,1800.4986108391095,1701.2398447013645,1663.3050468940692,30.008310180651826,28.35399741168941,27.72175078156782,-99.25876613774494,-1.6543127689624157,-37.934797807295354,-0.6322466301215892,-137.1935639450403,-2.286559399084005,-68.59678197252015,-1.1432796995420025
2876,M,Men,1947.1597715856174,1797.204699545988,1742.1471758822695,32.45266285976029,29.9534116590998,29.03578626470449,-149.95507203962939,-2.4992512006604897,-55.057523663718484,-0.9176253943953081,-205.01259570334787,-3.4168765950557978,-102.50629785167393,-1.7084382975278989
839,F,Women,1652.519613118166,1568.4991532429876,1425.4824889395172,27.541993551969433,26.141652554049795,23.758041482325286,-84.0204598751784,-1.40034099791964,-143.0166643034704,-2.383611071724507,-227.0371241786488,-3.7839520696441467,-113.5185620893244,-1.8919760348220733
2896,M,Men,1742.8782953543384,1638.105530822721,1606.9959366594744,29.047971589238973,27.30175884704535,26.78326561099124,-104.77276453161744,-1.746212742193624,-31.109594163246584,-0.5184932360541097,-135.88235869486402,-2.2647059782477337,-67.94117934743201,-1.1323529891238668
2897,M,Men,1897.6222793506001,1778.5799992796833,1723.8611164661822,31.627037989176667,29.64299998799472,28.731018607769705,-119.04228007091683,-1.9840380011819472,-54.71888281350107,-0.9119813802250178,-173.7611628844179,-2.896019381406965,-86.88058144220895,-1.4480096907034825
866,M,Men,1643.0472153734495,1574.6074623861118,1652.7222899769838,27.384120256224158,26.243457706435198,27.545371499616397,-68.43975298733767,-1.140662549788961,78.11482759087198,1.3019137931811997,9.675074603534313,0.16125124339223854,4.837537301767156,0.08062562169611927
874,M,Men,1685.8236468653754,1726.1648188951715,1620.3370982323515,28.09706078108959,28.769413648252858,27.005618303872527,40.3411720297961,0.6723528671632683,-105.82772066281996,-1.7637953443803327,-65.48654863302386,-1.0914424772170643,-32.74327431651193,-0.5457212386085322
2924,F,Women,1475.8798563436342,1400.6291152224792,1333.7182984937017,24.597997605727237,23.34381858704132,22.228638308228362,-75.25074112115499,-1.2541790186859165,-66.91081672877749,-1.1151802788129581,-142.16155784993248,-2.3693592974988746,-71.08077892496624,-1.1846796487494373
880,M,Men,1697.5867604611863,1611.649122831596,1650.5342420458746,28.293112674353104,26.860818713859935,27.50890403409791,-85.9376376295902,-1.43229396049317,38.885119214278575,0.6480853202379763,-47.052518415311624,-0.7842086402551938,-23.526259207655812,-0.3921043201275969
2928,F,Women,1508.3287713590562,1427.4439357540207,1302.0126217788513,25.13881285598427,23.790732262567012,21.700210362980854,-80.8848356050355,-1.3480805934172584,-125.43131397516936,-2.090521899586156,-206.31614958020486,-3.4386024930034145,-103.15807479010243,-1.7193012465017072
2940,F,Women,1689.1297596101217,1705.644858581452,1687.491797696846,28.152162660168695,28.427414309690864,28.124863294947435,16.51509897133019,0.27525164952216985,-18.153060884605793,-0.3025510147434299,-1.6379619132756034,-0.027299365221260054,-0.8189809566378017,-0.013649682610630027
2944,M,Men,1491.0806653358163,1577.4190812834383,1574.401801542692,24.851344422263605,26.29031802139064,26.240030025711533,86.33841594762202,1.4389735991270338,-3.0172797407462895,-0.05028799567910482,83.32113620687574,1.388685603447929,41.66056810343787,0.6943428017239645
897,M,Men,1818.2847042526175,1950.6145986990741,1528.7287092615531,30.304745070876958,32.51024331165124,25.478811821025886,132.3298944464566,2.2054982407742765,-421.885889437521,-7.03143149062535,-289.5559949910644,-4.825933249851073,-144.7779974955322,-2.4129666249255366
2945,M,Men,1511.9794799737742,1520.1754693352382,1507.1920605368728,25.199657999562906,25.33625782225397,25.119867675614547,8.195989361463944,0.13659982269106574,-12.983408798365417,-0.21639014663942363,-4.787419436901473,-0.07979032394835789,-2.3937097184507365,-0.039895161974178944
2965,M,Men,1679.2695152423792,1697.9011598311574,1593.254997747978,27.987825254039652,28.298352663852622,26.5542499624663,18.631644588778272,0.3105274098129712,-104.64616208317943,-1.744102701386324,-86.01451749440116,-1.4335752915733526,-43.00725874720058,-0.7167876457866763
918,M,Men,1785.8548143097792,1647.294205619918,1625.2525276389815,29.764246905162985,27.454903426998634,27.087542127316357,-138.56060868986106,-2.309343478164351,-22.041677980936583,-0.3673612996822764,-160.60228667079764,-2.6767047778466275,-80.30114333539882,-1.3383523889233138
2966,M,Men,1679.6675879021495,1671.1279257384258,1570.2520007053784,27.99445979836916,27.85213209564043,26.17086667842297,-8.539662163723733,-0.14232770272872888,-100.87592503304745,-1.6812654172174575,-109.41558719677118,-1.8235931199461863,-54.70779359838559,-0.9117965599730932
2967,M,Men,1692.1073585199815,1699.8925991459957,1851.8404127785786,28.20178930866636,28.33154331909993,30.86400687964298,7.785240626014229,0.1297540104335705,151.9478136325829,2.5324635605430483,159.73305425859712,2.6622175709766185,79.86652712929856,1.3311087854883092
2971,M,Men,1723.853653136689,1764.8948287720907,1705.2954574813289,28.730894218944815,29.41491381286818,28.421590958022147,41.041175635401714,0.6840195939233619,-59.59937129076184,-0.9933228548460307,-18.558195655360123,-0.30930326092266874,-9.279097827680062,-0.15465163046133437
924,M,Men,1854.0943610820752,1852.5156012866153,1747.3736498295177,30.901572684701254,30.875260021443587,29.122894163825297,-1.5787597954599732,-0.02631266325766622,-105.14195145709755,-1.7523658576182926,-106.72071125255752,-1.7786785208759588,-53.36035562627876,-0.8893392604379794
926,M,Men,1874.0950569752486,1968.4894598851015,1756.77194022491,31.234917616254144,32.80815766475169,29.279532337081832,94.39440290985294,1.573240048497549,-211.71751966019156,-3.528625327669859,-117.32311675033861,-1.9553852791723103,-58.66155837516931,-0.9776926395861552
2982,M,Men,1848.3508774799516,1868.7666530442855,1770.9641934137205,30.805847957999195,31.146110884071426,29.516069890228675,20.4157755643339,0.34026292607223163,-97.80245963056495,-1.6300409938427491,-77.38668406623106,-1.2897780677705175,-38.69334203311553,-0.6448890338852588
2994,M,Men,1800.2353195971998,1636.4756511735434,1644.7005769918323,30.003921993286664,27.274594186225723,27.411676283197206,-163.75966842365642,-2.7293278070609404,8.224925818288966,0.13708209697148277,-155.53474260536746,-2.5922457100894576,-77.76737130268373,-1.2961228550447288
2995,M,Men,1903.5699828553807,1810.9924363116063,1910.4806431888005,31.72616638092301,30.183207271860105,31.841344053146674,-92.57754654377436,-1.542959109062906,99.48820687719422,1.6581367812865702,6.910660333419855,0.11517767222366425,3.4553301667099277,0.057588836111832124
3002,F,Women,1784.5776185476873,1486.6582058124077,1546.7234067672184,29.742960309128122,24.777636763540126,25.778723446120306,-297.9194127352796,-4.965323545587993,60.065200954810734,1.001086682580179,-237.85421178046886,-3.964236863007814,-118.92710589023443,-1.982118431503907
964,M,Men,2390.274651409069,2190.859246458929,2007.183501407449,39.83791085681782,36.514320774315486,33.45305835679082,-199.41540495013987,-3.323590082502331,-183.67574505148013,-3.0612624175246688,-383.09115000162,-6.384852500027,-191.54557500081,-3.1924262500135
3015,M,Men,1646.4399614494073,1710.6789596769806,2148.5656521648552,27.440666024156787,28.511315994616343,35.80942753608092,64.23899822757335,1.0706499704595558,437.8866924878746,7.298111541464577,502.12569071544794,8.368761511924133,251.06284535772397,4.184380755962066
972,F,Women,1507.4119614441238,1466.6288257723957,1444.4705987246268,25.123532690735395,24.443813762873262,24.07450997874378,-40.78313567172813,-0.6797189278621355,-22.158227047768833,-0.36930378412948056,-62.941362719496965,-1.049022711991616,-31.470681359748482,-0.524511355995808
984,M,Men,2093.179323744015,2004.638938439472,1896.0622301090248,34.886322062400254,33.4106489739912,31.601037168483746,-88.54038530454318,-1.475673088409053,-108.57670833044722,-1.8096118055074537,-197.1170936349904,-3.2852848939165065,-98.5585468174952,-1.6426424469582532
3032,F,Women,1644.7498248860215,1495.217385493983,1496.2123456920579,27.412497081433692,24.92028975823305,24.936872428200964,-149.53243939203844,-2.4922073232006405,0.9949601980747502,0.016582669967912505,-148.5374791939637,-2.475624653232728,-74.26873959698185,-1.237812326616364
3036,F,Women,1695.2041893918235,1676.9799689155268,1584.6121948707166,28.253403156530393,27.94966614859211,26.410203247845278,-18.22422047629675,-0.3037370079382792,-92.36777404481018,-1.5394629007468363,-110.59199452110693,-1.8431999086851154,-55.29599726055346,-0.9215999543425577
3048,F,Women,1869.916046366835,1760.3540108365846,1827.6350257449908,31.16526743944725,29.33923351394308,30.460583762416512,-109.56203553025034,-1.8260339255041724,67.28101490840618,1.1213502484734363,-42.28102062184416,-0.7046836770307361,-21.14051031092208,-0.35234183851536804
1004,F,Women,1468.4174361755288,1502.1796276773564,1488.5778439640835,24.473623936258814,25.03632712795594,24.809630732734725,33.7621915018276,0.5627031916971267,-13.60178371327288,-0.22669639522121468,20.16040778855472,0.33600679647591203,10.08020389427736,0.16800339823795601
3064,M,Men,1873.7848642009178,1912.4499089642013,2102.5104551940517,31.229747736681965,31.874165149403357,35.041840919900864,38.665044763283504,0.6444174127213917,190.0605462298504,3.1676757704975063,228.7255909931339,3.8120931832188982,114.36279549656695,1.9060465916094491
3067,M,Men,1939.7512917758727,1844.6754808078167,1810.4180203268468,32.329188196264546,30.744591346796945,30.173633672114114,-95.07581096805598,-1.5845968494675995,-34.25746048096994,-0.5709576746828323,-129.33327144902591,-2.155554524150432,-64.66663572451296,-1.077777262075216
1020,F,Women,1535.1308705175775,1420.2194396446962,1366.3011102859123,25.585514508626293,23.67032399407827,22.771685171431873,-114.91143087288128,-1.9151905145480215,-53.91832935878392,-0.8986388226463987,-168.8297602316652,-2.81382933719442,-84.4148801158326,-1.40691466859721
1029,F,Women,1528.7240732119312,1574.7986249337528,1815.3403929330627,25.47873455353219,26.24664374889588,30.255673215551045,46.074551721821535,0.7679091953636923,240.54176799930997,4.009029466655166,286.6163197211315,4.776938662018859,143.30815986056575,2.3884693310094294
1032,F,Women,1503.7494268114453,1464.7204963927397,1405.0123250149666,25.06249044685742,24.41200827321233,23.416872083582778,-39.02893041870561,-0.6504821736450935,-59.70817137777317,-0.9951361896295529,-98.73710179647878,-1.6456183632746464,-49.36855089823939,-0.8228091816373232
3082,M,Men,2246.237985844423,1998.7812884356706,2056.4630421050533,37.437299764073714,33.31302147392784,34.274384035084225,-247.45669740875223,-4.12427829014587,57.681753669382715,0.9613625611563786,-189.77494373936952,-3.162915728989492,-94.88747186968476,-1.581457864494746
3097,F,Women,1531.2206829473832,1272.5346139533876,1335.390644116869,25.520344715789722,21.20891023255646,22.25651073528115,-258.6860689939956,-4.31143448323326,62.856030163481364,1.0476005027246893,-195.83003883051424,-3.2638339805085708,-97.91501941525712,-1.6319169902542854
1050,F,Women,1603.2229077178172,1615.369491390123,1505.8370001531075,26.72038179529695,26.92282485650205,25.097283335885127,12.146583672305724,0.2024430612050954,-109.53249123701539,-1.8255415206169232,-97.38590756470967,-1.6230984594118278,-48.692953782354834,-0.8115492297059139
1053,F,Women,1586.655196388117,1546.485075384749,1506.4220562951084,26.444253273135285,25.774751256412483,25.10703427158514,-40.17012100336797,-0.6695020167227994,-40.06301908964065,-0.6677169848273441,-80.23314009300861,-1.3372190015501435,-40.11657004650431,-0.6686095007750718
1056,F,Women,1622.399292097388,1641.2576555800322,1679.0136181853502,27.039988201623135,27.354294259667203,27.98356030308917,18.85836348264411,0.31430605804406847,37.75596260531802,0.629266043421967,56.61432608796213,0.9435721014660354,28.307163043981063,0.4717860507330177
3116,F,Women,1763.0059307867414,1625.1258213640067,1617.9082977665264,29.383432179779025,27.085430356066777,26.965138296108773,-137.88010942273468,-2.298001823712245,-7.2175235974802945,-0.1202920599580049,-145.09763302021497,-2.4182938836702497,-72.54881651010749,-1.2091469418351248
1078,F,Women,1687.850608282246,1699.9907207554381,1725.375919797858,28.130843471370767,28.3331786792573,28.7562653299643,12.140112473192175,0.20233520788653625,25.3851990424198,0.42308665070699664,37.525311515611975,0.6254218585935329,18.762655757805987,0.31271092929676647
3126,F,Women,1986.3027055255625,2183.128163237644,2189.597922433941,33.10504509209271,36.385469387294066,36.493298707232356,196.82545771208152,3.2804242952013585,6.469759196297218,0.10782931993828697,203.29521690837873,3.3882536151396456,101.64760845418937,1.6941268075698228
3134,M,Men,1693.8604672515216,1672.5521403805585,1705.0608647453048,28.23100778752536,27.875869006342644,28.417681079088414,-21.30832687096313,-0.3551387811827188,32.508724364746286,0.5418120727457715,11.200397493783157,0.18667329156305262,5.600198746891579,0.09333664578152631
3137,M,Men,1733.1945289063278,1679.171534707307,1684.0751038869362,28.88657548177213,27.986192245121785,28.0679183981156,-54.022994199020786,-0.9003832366503465,4.90356917962913,0.08172615299381884,-49.119425019391656,-0.8186570836565276,-24.559712509695828,-0.4093285418282638
3142,M,Men,1766.9379625086744,1710.1845635391212,1729.1459752799667,29.44896604181124,28.503076058985354,28.819099587999446,-56.753398969553245,-0.9458899828258874,18.961411740845506,0.31602352901409175,-37.79198722870774,-0.6298664538117956,-18.89599361435387,-0.3149332269058978
3144,M,Men,1793.4934457578584,1850.260805295993,1839.45380155149,29.891557429297638,30.83768008826655,30.6575633591915,56.76735953813454,0.946122658968909,-10.807003744502936,-0.18011672907504891,45.96035579363161,0.7660059298938601,22.980177896815803,0.38300296494693004
1116,F,Women,1762.6160915450914,1742.48533411679,1767.1620769134734,29.37693485908486,29.041422235279832,29.452701281891223,-20.130757428301422,-0.3355126238050237,24.676742796683357,0.41127904661138925,4.545985368381935,0.07576642280636557,2.2729926841909673,0.037883211403182786
3179,F,Women,1497.7875397657244,1369.5164950194871,1383.3678429594815,24.963125662762074,22.825274916991454,23.056130715991358,-128.2710447462373,-2.1378507457706215,13.851347939994412,0.23085579899990685,-114.41969680624288,-1.9069949467707148,-57.20984840312144,-0.9534974733853574
3185,F,Women,1629.932619188472,1614.9757978314758,1488.2345895124465,27.1655436531412,26.916263297191264,24.80390982520744,-14.956821356996215,-0.24928035594993692,-126.74120831902928,-2.1123534719838215,-141.6980296760255,-2.3616338279337583,-70.84901483801275,-1.1808169139668792
3198,F,Women,1880.1754271533623,1739.1286477828867,1658.3126333502753,31.336257119222704,28.98547746304811,27.638543889171256,-141.04677937047563,-2.350779656174594,-80.81601443261138,-1.3469335738768564,-221.86279380308702,-3.69771323005145,-110.93139690154351,-1.848856615025725
1153,F,Women,1928.3813596630775,1931.6690538958978,1973.306033744784,32.13968932771796,32.194484231598295,32.888433895746395,3.287694232820286,0.0547949038803381,41.636979848886085,0.6939496641481014,44.92467408170637,0.7487445680284395,22.462337040853185,0.37437228401421974
3207,M,Men,1700.0142903341894,1699.8280065351812,1696.1320155718372,28.33357150556982,28.330466775586352,28.268866926197287,-0.18628379900815162,-0.0031047299834691938,-3.695990963344002,-0.0615998493890667,-3.8822747623521536,-0.06470457937253589,-1.9411373811760768,-0.032352289686267945
3213,M,Men,1770.4583075636333,1693.4360611766701,1704.9815735131463,29.50763845939389,28.223934352944504,28.416359558552436,-77.02224638696316,-1.283704106449386,11.545512336476122,0.19242520560793536,-65.47673405048704,-1.0912789008414507,-32.73836702524352,-0.5456394504207254
3218,M,Men,1853.9593623323417,1745.5503906777813,1736.6284706831934,30.899322705539028,29.092506511296353,28.943807844719892,-108.40897165456045,-1.8068161942426741,-8.921919994587824,-0.14869866657646374,-117.33089164914827,-1.955514860819138,-58.665445824574135,-0.977757430409569
1183,M,Men,1614.681052202436,1625.4303790286299,1591.3340937956154,26.9113508700406,27.09050631714383,26.52223489659359,10.749326826193965,0.17915544710323275,-34.09628523301444,-0.5682714205502407,-23.346958406820477,-0.38911597344700793,-11.673479203410238,-0.19455798672350397
3235,F,Women,1541.987062519078,1525.4760020353183,1478.4836717425796,25.699784375317968,25.424600033921973,24.641394529042994,-16.51106048375982,-0.275184341395997,-46.99233029273864,-0.7832055048789773,-63.50339077649846,-1.0583898462749743,-31.75169538824923,-0.5291949231374872
3236,F,Women,1549.9553357394755,1516.7357267453183,1474.5627562919672,25.832588928991257,25.278928779088638,24.576045938199453,-33.21960899415717,-0.5536601499026195,-42.17297045335113,-0.7028828408891854,-75.3925794475083,-1.2565429907918049,-37.69628972375415,-0.6282714953959024
3237,F,Women,1568.7883434866276,1470.7499601627055,1434.6544453555182,26.146472391443794,24.512499336045092,23.91090742259197,-98.03838332392206,-1.633973055398701,-36.09551480718733,-0.6015919134531221,-134.1338981311094,-2.2355649688518233,-67.0669490655547,-1.1177824844259117
3238,F,Women,1575.4225619144695,1513.6567661317958,1344.2370995883648,26.25704269857449,25.227612768863263,22.40395165980608,-61.76579578267365,-1.0294299297112275,-169.41966654343105,-2.823661109057184,-231.1854623261047,-3.8530910387684116,-115.59273116305235,-1.9265455193842058
3240,F,Women,1604.8679154438398,1492.4020057674777,1409.6984748018876,26.747798590730664,24.873366762791296,23.49497458003146,-112.46590967636212,-1.8744318279393686,-82.70353096559006,-1.3783921827598344,-195.16944064195218,-3.252824010699203,-97.58472032097609,-1.6264120053496014
1195,M,Men,1631.7956515239462,1572.3816985489666,1590.7197885762127,27.19659419206577,26.206361642482776,26.511996476270212,-59.413952974979566,-0.9902325495829928,18.338090027246153,0.3056348337874359,-41.07586294773341,-0.6845977157955568,-20.537931473866706,-0.3422988578977784
3243,F,Women,1662.61686389634,1541.9906740628155,1555.7077933079397,27.710281064939,25.69984456771359,25.928463221798996,-120.62618983352445,-2.0104364972254074,13.717119245124195,0.22861865408540324,-106.90907058840025,-1.7818178431400042,-53.45453529420013,-0.8909089215700021
1198,M,Men,1561.8450649137226,1556.1703872790779,1537.665515489983,26.030751081895378,25.936173121317964,25.627758591499717,-5.674677634644695,-0.09457796057741158,-18.504871789094977,-0.3084145298182496,-24.179549423739672,-0.4029924903956612,-12.089774711869836,-0.2014962451978306
1207,M,Men,1669.1307504679994,1672.2723875385368,1669.179645306725,27.818845841133324,27.871206458975614,27.819660755112082,3.1416370705373993,0.052360617842289986,-3.092742231811826,-0.05154570386353043,0.04889483872557321,0.0008149139787595534,0.024447419362786604,0.0004074569893797767
3268,M,Men,1717.7517066934931,1637.1622607285885,1592.5916924587927,28.629195111558218,27.28603767880981,26.543194874313212,-80.5894459649046,-1.34315743274841,-44.570568269795785,-0.7428428044965965,-125.16001423470038,-2.0860002372450066,-62.58000711735019,-1.0430001186225033
1225,M,Men,1697.8405913716601,1839.687930971466,1935.5832029218757,28.29734318952767,30.661465516191097,32.25972004869793,141.84733959980576,2.3641223266634293,95.89527195040978,1.5982545325068296,237.74261155021554,3.962376859170259,118.87130577510777,1.9811884295851294
3276,M,Men,1775.170668671471,1623.7200453534297,1759.9865045914078,29.586177811191185,27.062000755890494,29.333108409856795,-151.45062331804138,-2.5241770553006897,136.2664592379781,2.2711076539663018,-15.184164080063283,-0.25306940133438804,-7.5920820400316416,-0.12653470066719402
1231,M,Men,1705.7605474830148,1638.855624541988,1696.339964907606,28.429342458050247,27.314260409033132,28.272332748460098,-66.90492294102683,-1.1150820490171138,57.48434036561798,0.9580723394269663,-9.420582575408844,-0.1570097095901474,-4.710291287704422,-0.0785048547950737
3279,M,Men,1802.338910407193,1853.3329983542885,1706.5424932196224,30.038981840119884,30.88888330590481,28.442374886993708,50.99408794709552,0.8499014657849254,-146.7905051346661,-2.4465084189111015,-95.79641718757057,-1.5966069531261762,-47.898208593785284,-0.7983034765630881
3280,M,Men,1805.9205757164038,1776.0651529385616,1890.363992165299,30.098676261940064,29.60108588230936,31.506066536088316,-29.85542277784225,-0.4975903796307042,114.2988392267373,1.904980653778955,84.44341644889505,1.407390274148251,42.221708224447525,0.7036951370741255
1239,M,Men,1729.5204158170786,1707.1038748079325,1826.0890741654491,28.825340263617978,28.451731246798875,30.434817902757484,-22.416541009146158,-0.37360901681910264,118.98519935751665,1.9830866559586109,96.56865834837049,1.6094776391395083,48.284329174185245,0.8047388195697541
3296,M,Men,2038.1297966519032,1972.6202133131044,1984.2820050661733,33.96882994419839,32.87700355521841,33.071366751102886,-65.50958333879885,-1.0918263889799809,11.661791753068883,0.1943631958844814,-53.847791585729965,-0.8974631930954994,-26.923895792864982,-0.4487315965477497
3297,M,Men,2046.678370647755,1731.4569122861833,1678.5802676985413,34.11130617746258,28.857615204769722,27.976337794975688,-315.22145836157165,-5.253690972692861,-52.87664458764198,-0.8812774097940329,-368.0981029492136,-6.1349683824868935,-184.0490514746068,-3.0674841912434467
1251,M,Men,1749.3203060954654,1770.4615882320916,1761.2036645320106,29.155338434924424,29.507693137201525,29.353394408866844,21.14128213662616,0.35235470227710264,-9.257923700080937,-0.15429872833468228,11.883358436545223,0.1980559739424204,5.941679218272611,0.0990279869712102
3302,M,Men,2124.1272030831665,1927.812828729242,1793.3279968675242,35.402120051386106,32.13021381215403,29.88879994779207,-196.31437435392445,-3.271906239232074,-134.4848318617178,-2.2414138643619634,-330.79920621564224,-5.513320103594038,-165.39960310782112,-2.756660051797019
1266,M,Men,1784.9724436981062,1772.2083720782334,1725.1422342113135,29.74954072830177,29.53680620130389,28.752370570188557,-12.764071619872766,-0.21273452699787943,-47.06613786691992,-0.784435631115332,-59.83020948679268,-0.9971701581132114,-29.91510474339634,-0.4985850790566057
1273,M,Men,1814.6599440141417,1783.530302859446,1643.254630302254,30.244332400235695,29.725505047657432,27.387577171704233,-31.12964115469572,-0.518827352578262,-140.2756725571919,-2.3379278759531985,-171.40531371188763,-2.8567552285314606,-85.70265685594381,-1.4283776142657303
3333,M,Men,1767.5736511616126,1692.7098408158515,1639.163764335435,29.459560852693542,28.211830680264192,27.31939607225725,-74.86381034576107,-1.247730172429351,-53.54607648041656,-0.8924346080069426,-128.40988682617763,-2.1401647804362938,-64.20494341308881,-1.0700823902181469
1288,M,Men,1784.7120963758682,1720.1843882145386,1659.6450961628377,29.74520160626447,28.66973980357564,27.66075160271396,-64.52770816132966,-1.0754618026888276,-60.53929205170084,-1.0089882008616806,-125.0670002130305,-2.0844500035505082,-62.53350010651525,-1.0422250017752541
1294,M,Men,1867.1296532518663,1678.9493550258098,1667.2233842731703,31.11882755419777,27.982489250430163,27.78705640455284,-188.1802982260565,-3.1363383037676082,-11.725970752639569,-0.19543284587732615,-199.90626897869606,-3.3317711496449345,-99.95313448934803,-1.6658855748224672
1299,M,Men,1758.7516857175726,1877.3402209021542,1908.9615765367555,29.312528095292876,31.28900368170257,31.816026275612593,118.58853518458159,1.9764755864096932,31.621355634601287,0.5270225939100215,150.20989081918287,2.5034981803197147,75.10494540959144,1.2517490901598574
3353,M,Men,2071.565242694648,1867.3872158122774,1996.0051514673103,34.526087378244135,31.123120263537956,33.26675252445517,-204.17802688237066,-3.4029671147061777,128.61793565503285,2.1436322609172143,-75.56009122733781,-1.2593348537889635,-37.780045613668904,-0.6296674268944817
1323,M,Men,1828.666148548305,1743.3369363216643,2007.4912712199084,30.47776914247175,29.055615605361073,33.45818785366514,-85.32921222664072,-1.4221535371106786,264.1543348982441,4.402572248304068,178.82512267160337,2.9804187111933893,89.41256133580168,1.4902093555966947
3371,F,Women,1591.132206547359,1711.5169703636884,1650.978323755532,26.51887010912265,28.52528283939481,27.516305395925535,120.3847638163295,2.0064127302721584,-60.53864660815634,-1.0089774434692724,59.846117208173155,0.997435286802886,29.923058604086577,0.498717643401443
1325,M,Men,1873.3007057330642,1945.0387599175579,1989.2917051032125,31.221678428884402,32.417312665292634,33.15486175172021,71.73805418449365,1.1956342364082275,44.25294518565465,0.7375490864275775,115.9909993701483,1.933183322835805,57.99549968507415,0.9665916614179025
3377,F,Women,1640.3845205331727,1757.5156714950435,1696.4887983313206,27.339742008886212,29.291927858250727,28.27481330552201,117.13115096187084,1.9521858493645141,-61.02687316372294,-1.0171145527287158,56.104277798147905,0.9350712966357985,28.052138899073952,0.46753564831789923
1333,M,Men,1910.1296781624603,1950.0559376917467,2162.3854045826583,31.835494636041005,32.500932294862444,36.03975674304431,39.926259529286426,0.6654376588214405,212.3294668909116,3.53882444818186,252.25572642019802,4.2042621070033,126.12786321009901,2.10213105350165
3388,M,Men,1710.5444813771826,1775.653653061748,1728.1152930426947,28.50907468961971,29.59422755102913,28.80192155071158,65.10917168456535,1.0851528614094226,-47.53836001905324,-0.792306000317554,17.57081166551211,0.2928468610918685,8.785405832756055,0.14642343054593426
1341,M,Men,1970.0983913549858,1829.3458087010013,2029.1527113261936,32.834973189249766,30.489096811683353,33.81921185543656,-140.75258265398452,-2.3458763775664084,199.80690262519238,3.330115043753206,59.05431997120786,0.9842386661867977,29.52715998560393,0.49211933309339884
3390,M,Men,1660.7569179995794,1616.7858760911986,1636.5659773356663,27.679281966659655,26.946431268186643,27.276099622261103,-43.97104190838081,-0.7328506984730135,19.780101244467687,0.32966835407446143,-24.190940663913125,-0.4031823443985521,-12.095470331956562,-0.20159117219927605
3400,M,Men,1925.524347200365,1740.3826268782598,2086.356934299702,32.09207245333941,29.00637711463766,34.7726155716617,-185.14172032210513,-3.0856953387017523,345.9743074214423,5.766238457024039,160.83258709933716,2.680543118322286,80.41629354966858,1.340271559161143
3407,M,Men,1990.4463619214916,1603.0862699970578,1698.0912405975491,33.17410603202486,26.718104499950964,28.30152067662582,-387.36009192443385,-6.4560015320738975,95.00497060049133,1.5834161766748556,-292.3551213239425,-4.872585355399042,-146.17756066197126,-2.436292677699521
3408,M,Men,2020.7213797281538,1972.1021423426223,2095.5371186910775,33.678689662135895,32.868369039043706,34.92561864485129,-48.619237385531505,-0.8103206230921918,123.43497634845517,2.057249605807586,74.81573896292366,1.2469289827153944,37.40786948146183,0.6234644913576972
3409,M,Men,1792.840394960162,1857.3190972904824,1839.54991993474,29.880673249336034,30.955318288174706,30.659165332245667,64.4787023303204,1.0746450388386735,-17.769177355742386,-0.2961529559290398,46.70952497457802,0.7784920829096336,23.35476248728901,0.3892460414548168
3410,M,Men,1844.8732798234219,1863.396525698202,1932.1733760973718,30.74788799705703,31.0566087616367,32.202889601622864,18.52324587478006,0.30872076457966763,68.77685039916992,1.1462808399861653,87.30009627394998,1.455001604565833,43.65004813697499,0.7275008022829165
1365,M,Men,2012.6588467980087,2077.747807722754,2268.4176593494967,33.544314113300146,34.62913012871256,37.80696098915828,65.08896092474515,1.0848160154124191,190.6698516267429,3.1778308604457153,255.75881255148806,4.262646875858135,127.87940627574403,2.1313234379290673
1381,M,Men,2019.6212178174214,1977.1707008321052,1930.76832474171,33.66035363029036,32.95284501386842,32.1794720790285,-42.4505169853162,-0.7075086164219366,-46.40237609039514,-0.773372934839919,-88.85289307571134,-1.4808815512618556,-44.42644653785567,-0.7404407756309278
3440,M,Men,1690.8841125576746,1625.113753874208,1573.7835097269272,28.181401875961242,27.0852292312368,26.229725162115454,-65.77035868346661,-1.0961726447244435,-51.33024414728084,-0.8555040691213472,-117.10060283074745,-1.951676713845791,-58.550301415373724,-0.9758383569228954
3441,M,Men,1694.0295777129966,2039.4398802613064,1912.784744327025,28.23382629521661,33.990664671021776,31.87974573878375,345.4103025483098,5.756838375805163,-126.65513593428136,-2.1109189322380226,218.75516661402844,3.6459194435671405,109.37758330701422,1.8229597217835702
3442,M,Men,1705.2352973288303,1742.4542357833357,1674.7524455407702,28.42058828881384,29.040903929722262,27.912540759012835,37.218938454505405,0.6203156409084234,-67.7017902425655,-1.1283631707094248,-30.48285178806009,-0.5080475298010014,-15.241425894030044,-0.2540237649005007
1395,M,Men,1974.2786546891732,1940.9868001919704,1901.5520297900332,32.90464424481955,32.349780003199506,31.692533829833888,-33.29185449720285,-0.5548642416200474,-39.43477040193716,-0.6572461733656193,-72.72662489914,-1.2121104149856667,-36.36331244957,-0.6060552074928334
3445,M,Men,1776.5980380401938,1681.1879664679504,1642.098837324042,29.609967300669897,28.01979944113251,27.3683139554007,-95.4100715722434,-1.59016785953739,-39.089129143908394,-0.6514854857318065,-134.4992007161518,-2.2416533452691967,-67.2496003580759,-1.1208266726345983
3448,M,Men,1882.1677123156817,1827.6039660182785,1849.43505145931,31.369461871928028,30.46006610030464,30.823917524321832,-54.56374629740321,-0.9093957716233869,21.83108544103152,0.363851424017192,-32.732660856371695,-0.5455443476061949,-16.366330428185847,-0.27277217380309743
3451,M,Men,2001.105613501287,1891.4159281543307,1765.2671913483655,33.35176022502145,31.523598802572177,29.42111985580609,-109.68968534695637,-1.8281614224492728,-126.1487368059652,-2.1024789467660865,-235.83842215292157,-3.9306403692153595,-117.91921107646078,-1.9653201846076798
1458,F,Women,1429.0417285840354,1534.8713145814525,1541.355351672372,23.817362143067257,25.58118857635754,25.689255861206203,105.8295859974171,1.7638264332902849,6.484037090919628,0.10806728484866047,112.31362308833673,1.8718937181389455,56.15681154416836,0.9359468590694727
1494,F,Women,1666.4688216260693,1532.6246816667074,1579.5526359784715,27.774480360434488,25.543744694445124,26.32587726630786,-133.84413995936188,-2.2307356659893647,46.9279543117641,0.782132571862735,-86.91618564759779,-1.4486030941266297,-43.45809282379889,-0.7243015470633148
1512,F,Women,2034.9589063900887,2067.811306840355,2063.9083863567494,33.91598177316815,34.463521780672586,34.398473105945826,32.85240045026626,0.5475400075044377,-3.9029204836056124,-0.06504867472676021,28.949479966660647,0.4824913327776775,14.474739983330323,0.24124566638883874
1552,M,Men,1704.1952869304423,1514.3779118804057,1683.2458992028724,28.403254782174038,25.239631864673427,28.054098320047874,-189.81737505003662,-3.1636229175006103,168.86798732246666,2.8144664553744443,-20.949387727569956,-0.3491564621261659,-10.474693863784978,-0.17457823106308296
1558,M,Men,1615.8043884929111,1581.004124844042,1596.0325295063335,26.93007314154852,26.3500687474007,26.60054215843889,-34.80026364886908,-0.5800043941478179,15.02840466229145,0.2504734110381908,-19.771858986577627,-0.3295309831096271,-9.885929493288813,-0.16476549155481354
1572,M,Men,1794.574539129803,1843.180136183207,1860.607143657237,29.909575652163383,30.719668936386782,31.01011906095395,48.605597053403926,0.8100932842233988,17.427007474030006,0.2904501245671668,66.03260452743393,1.1005434087905654,33.016302263716966,0.5502717043952827
1592,M,Men,1865.5557244641384,1901.2917950490398,2110.5424132854037,31.09259540773564,31.688196584150663,35.17570688809006,35.73607058490143,0.5956011764150237,209.25061823636383,3.487510303939397,244.98668882126526,4.083111480354421,122.49334441063263,2.0415557401772104
1597,M,Men,1901.4214809599644,1976.0967882572634,1986.834230860479,31.690358015999404,32.93494647095439,33.11390384767465,74.67530729729901,1.2445884549549835,10.73744260321564,0.17895737672026069,85.41274990051465,1.4235458316752443,42.70637495025733,0.7117729158376221
1609,M,Men,1997.865714106362,1953.5585324223223,1919.7912881593334,33.2977619017727,32.55930887370537,31.99652146932222,-44.30718168403973,-0.7384530280673289,-33.767244262988925,-0.5627874043831488,-78.07442594702866,-1.3012404324504776,-39.03721297351433,-0.6506202162252388
1612,M,Men,2265.4746024784977,2161.222939249996,2188.9909966811747,37.75791004130829,36.02038232083327,36.48318327801958,-104.25166322850146,-1.7375277204750244,27.768057431178477,0.4628009571863079,-76.48360579732298,-1.2747267632887163,-38.24180289866149,-0.6373633816443581
5708,M,Men,1689.7673288559704,1679.2012232540283,1686.0693902317607,28.16278881426617,27.986687054233805,28.10115650386268,-10.566105601942127,-0.17610176003236877,6.868166977732471,0.11446944962887452,-3.6979386242096552,-0.061632310403494255,-1.8489693121048276,-0.030816155201747127
1621,F,Women,1949.0867260040309,1641.5181108926788,2079.295031920566,32.48477876673385,27.358635181544646,34.6549171986761,-307.5686151113521,-5.126143585189201,437.7769210278873,7.296282017131455,130.2083059165352,2.1701384319422536,65.1041529582676,1.0850692159711268
1625,M,Men,1593.3599922256517,1595.0610100439537,1618.133208105104,26.555999870427527,26.58435016739923,26.968886801751733,1.7010178183020344,0.02835029697170057,23.072198061150175,0.3845366343525029,24.77321587945221,0.4128869313242035,12.386607939726105,0.20644346566210175
1663,M,Men,1844.791283617822,1727.269287496105,1661.0634756173195,30.746521393630367,28.787821458268418,27.684391260288656,-117.52199612171694,-1.958699935361949,-66.20581187878565,-1.103430197979761,-183.7278080005026,-3.06213013334171,-91.8639040002513,-1.531065066670855
1671,F,Women,1610.9345807690381,1581.3473897042632,1578.223147320249,26.84890967948397,26.355789828404387,26.30371912200415,-29.58719106477497,-0.49311985107958284,-3.1242423840142237,-0.05207070640023706,-32.711433448789194,-0.5451905574798199,-16.355716724394597,-0.27259527873990996
1684,F,Women,1726.3907311848122,1720.479317043582,1895.2864549576555,28.773178853080204,28.6746552840597,31.58810758262759,-5.9114141412303525,-0.09852356902050588,174.80713791407356,2.9134522985678926,168.8957237728432,2.814928729547387,84.4478618864216,1.4074643647736935
1687,F,Women,1504.6567553621746,1505.355259437651,1719.3320510079377,25.077612589369576,25.08925432396085,28.65553418346563,0.6985040754764213,0.011641734591273689,213.97679157028665,3.5662798595047773,214.67529564576307,3.5779215940960514,107.33764782288154,1.7889607970480257
1698,M,Men,2498.901703129717,2676.581207984007,2811.9318757149576,41.64836171882862,44.60968679973345,46.86553126191596,177.67950485428992,2.961325080904832,135.3506677309506,2.25584446218251,313.0301725852405,5.2171695430873415,156.51508629262025,2.6085847715436707
1703,M,Men,1703.0911304512608,1674.6999923914982,1678.1800278743149,28.38485217418768,27.911666539858302,27.96966713123858,-28.391138059762625,-0.4731856343293771,3.4800354828166746,0.05800059138027791,-24.91110257694595,-0.4151850429490992,-12.455551288472975,-0.2075925214745496
1704,M,Men,1743.7669908325427,1702.0209161872635,1626.4873109942932,29.06278318054238,28.367015269787725,27.108121849904887,-41.74607464527912,-0.695767910754652,-75.5336051929703,-1.2588934198828383,-117.27967983824942,-1.9546613306374903,-58.63983991912471,-0.9773306653187451
1712,M,Men,1611.3944848694111,1588.8987926148318,1544.5824306678087,26.85657474782352,26.48164654358053,25.743040511130143,-22.495692254579353,-0.3749282042429892,-44.3163619470231,-0.7386060324503849,-66.81205420160245,-1.1135342366933743,-33.406027100801225,-0.5567671183466871
1715,M,Men,1654.1246266674689,1573.291140081482,1509.723400748747,27.56874377779115,26.221519001358033,25.162056679145785,-80.83348658598698,-1.3472247764331162,-63.567739332734845,-1.0594623222122475,-144.40122591872182,-2.4066870986453637,-72.20061295936091,-1.2033435493226818
1716,M,Men,1761.523242537261,1733.9406081954512,1828.0768618327731,29.35872070895435,28.899010136590853,30.467947697212885,-27.582634341809808,-0.45971057236349677,94.13625363732194,1.5689375606220324,66.55361929551214,1.1092269882585355,33.27680964775607,0.5546134941292677
1719,M,Men,1761.1989913129514,1792.2953345462554,1830.6768447272887,29.353316521882522,29.871588909104258,30.511280745454812,31.09634323330397,0.5182723872217329,38.38151018103326,0.6396918363505544,69.47785341433723,1.1579642235722871,34.738926707168616,0.5789821117861436
1725,F,Women,1461.3549346595364,1530.7723807338693,1354.5830162235413,24.35591557765894,25.512873012231157,22.576383603725688,69.41744607433293,1.1569574345722156,-176.189364510328,-2.9364894085054667,-106.77191843599508,-1.7795319739332514,-53.38595921799754,-0.8897659869666257
1726,F,Women,1466.6571289025849,1378.065344565759,1344.495855103945,24.44428548170975,22.96775574276265,22.408264251732415,-88.59178433682587,-1.4765297389470977,-33.5694894618141,-0.559491491030235,-122.16127379863997,-2.0360212299773326,-61.080636899319984,-1.0180106149886663
1740,F,Women,1515.974110051718,1439.1883059165223,1434.7361857758617,25.266235167528635,23.986471765275372,23.91226976293103,-76.7858041351958,-1.2797634022532633,-4.452120140660554,-0.07420200234434257,-81.23792427585636,-1.353965404597606,-40.61896213792818,-0.676982702298803
1741,F,Women,1578.529911592851,1582.307149115277,1579.852970484913,26.30883185988085,26.371785818587952,26.330882841415214,3.7772375224260486,0.06295395870710081,-2.45417863036414,-0.04090297717273567,1.3230588920619084,0.02205098153436514,0.6615294460309542,0.01102549076718257
1742,F,Women,1580.226343523633,1518.8374876687951,1492.6899612658292,26.337105725393883,25.31395812781325,24.878166021097154,-61.38885585483786,-1.023147597580631,-26.147526402965923,-0.4357921067160987,-87.53638225780378,-1.4589397042967296,-43.76819112890189,-0.7294698521483648
1743,F,Women,1582.043949163757,1464.4363474801269,1533.9868184900718,26.36739915272928,24.407272458002115,25.56644697483453,-117.60760168363004,-1.9601266947271674,69.55047100994489,1.1591745168324148,-48.05713067368515,-0.8009521778947525,-24.028565336842576,-0.40047608894737624
1744,F,Women,1589.677892852277,1489.85417413336,1444.5455396274153,26.49463154753795,24.830902902222665,24.075758993790256,-99.82371871891701,-1.6637286453152835,-45.30863450594461,-0.7551439084324102,-145.13235322486162,-2.418872553747694,-72.56617661243081,-1.209436276873847
1746,F,Women,1603.3705220078762,1558.3574641194211,1566.9521798542125,26.7228420334646,25.972624401990352,26.115869664236875,-45.01305788845502,-0.7502176314742504,8.594715734791407,0.14324526224652345,-36.418342153663616,-0.6069723692277269,-18.209171076831808,-0.30348618461386345
1756,F,Women,1641.0555456131099,1598.2969096150123,1567.4211181060632,27.350925760218498,26.63828182691687,26.12368530176772,-42.75863599809759,-0.7126439333016265,-30.875791508949078,-0.5145965251491513,-73.63442750704667,-1.2272404584507777,-36.81721375352333,-0.6136202292253888
1764,F,Women,1669.410193599041,1551.6958961910493,1489.3541648326423,27.823503226650683,25.861598269850823,24.82256941387737,-117.71429740799158,-1.9619049567998597,-62.34173135840706,-1.039028855973451,-180.05602876639864,-3.0009338127733107,-90.02801438319932,-1.5004669063866554
1769,F,Women,1702.4038759613118,1660.0687201652077,1622.1073001995426,28.37339793268853,27.66781200275346,27.035121669992375,-42.33515579610412,-0.7055859299350686,-37.96141996566507,-0.6326903327610846,-80.29657576176919,-1.338276262696153,-40.148287880884595,-0.6691381313480765
1773,F,Women,1723.2113205467056,1748.7766094613387,1782.767148610152,28.720188675778427,29.146276824355645,29.712785810169198,25.56528891463313,0.42608814857721883,33.99053914881324,0.566508985813554,59.55582806344637,0.9925971343907728,29.777914031723185,0.4962985671953864
1775,F,Women,1741.6297243666265,1627.110438060819,1552.4150940468417,29.02716207277711,27.11850730101365,25.873584900780696,-114.51928630580755,-1.9086547717634592,-74.69534401397732,-1.2449224002329553,-189.21463031978487,-3.1535771719964147,-94.60731515989244,-1.5767885859982074
1779,F,Women,1758.1093488370825,1978.1397657075981,1670.3481341186457,29.301822480618043,32.968996095126634,27.839135568644096,220.03041687051564,3.667173614508594,-307.79163158895244,-5.129860526482541,-87.7612147184368,-1.4626869119739467,-43.8806073592184,-0.7313434559869734
1796,F,Women,1861.6647422891094,1714.25013847318,1701.3678421719198,31.02774570481849,28.570835641219666,28.356130702865332,-147.41460381592947,-2.4569100635988246,-12.882296301260112,-0.2147049383543352,-160.29690011718958,-2.6716150019531595,-80.14845005859479,-1.3358075009765797
1809,M,Men,1562.2434105612936,1524.8584897605622,1553.4622319395908,26.03739017602156,25.414308162676036,25.89103719899318,-37.38492080073138,-0.6230820133455229,28.603742179028586,0.4767290363171431,-8.781178621702793,-0.14635297702837988,-4.3905893108513965,-0.07317648851418994
1811,M,Men,1579.855963661252,1602.2990491460218,1590.159406712812,26.330932727687532,26.7049841524337,26.502656778546864,22.44308548476988,0.3740514247461647,-12.139642433209929,-0.20232737388683214,10.303443051559952,0.17172405085933254,5.151721525779976,0.08586202542966627
3859,M,Men,1784.1375391437423,1617.5021122172586,1739.028144435972,29.735625652395704,26.95836853695431,28.9838024072662,-166.63542692648366,-2.7772571154413943,121.52603221871345,2.025433870311891,-45.10939470777021,-0.7518232451295035,-22.554697353885103,-0.37591162256475175
1813,M,Men,1591.8961835770428,1582.5258217918797,1645.7184684721374,26.53160305961738,26.375430363197996,27.428641141202288,-9.37036178516314,-0.15617269641938566,63.19264668025767,1.0532107780042945,53.822284895094526,0.8970380815849087,26.911142447547263,0.44851904079245436
1814,M,Men,1601.7472725990538,1557.0339351174844,1544.851466457895,26.695787876650897,25.950565585291407,25.747524440964916,-44.7133374815694,-0.7452222913594899,-12.182468659589404,-0.20304114432649006,-56.8958061411588,-0.94826343568598,-28.4479030705794,-0.47413171784299
1815,M,Men,1608.6131831295459,1547.717096082553,1517.6347119489142,26.810219718825763,25.79528493470922,25.293911865815236,-60.89608704699276,-1.014934784116546,-30.082384133638925,-0.501373068893982,-90.97847118063169,-1.516307853010528,-45.48923559031584,-0.758153926505264
1827,M,Men,1676.1927014367936,1678.1253545601114,1592.5313282408886,27.93654502394656,27.96875590933519,26.54218880401481,1.9326531233177775,0.03221088538862962,-85.59402631922285,-1.4265671053203808,-83.66137319590507,-1.3943562199317512,-41.830686597952536,-0.6971781099658756
1833,M,Men,1699.9596449700089,1722.917197247957,1783.8119932056668,28.332660749500146,28.715286620799283,29.730199886761113,22.957552277948025,0.3826258712991338,60.8947959577099,1.0149132659618316,83.85234823565793,1.3975391372609656,41.926174117828964,0.6987695686304828
1835,M,Men,1709.1375252291787,1641.2518197732004,1641.1889314875216,28.48562542048631,27.354196996220008,27.35314885812536,-67.88570545597827,-1.1314284242663044,-0.06288828567880955,-0.0010481380946468259,-67.94859374165708,-1.1324765623609514,-33.97429687082854,-0.5662382811804757
1847,M,Men,1733.266745813203,1616.6528175575554,1639.488975591345,28.887779096886717,26.944213625959257,27.32481625985575,-116.61392825564758,-1.9435654709274597,22.836158033789616,0.38060263389649357,-93.77777022185796,-1.562962837030966,-46.88888511092898,-0.781481418515483
1850,M,Men,1764.1409825376543,1749.3056585759064,1658.0998680270013,29.402349708960905,29.15509430959844,27.634997800450023,-14.835323961747918,-0.2472553993624653,-91.20579054890504,-1.5200965091484173,-106.04111451065296,-1.7673519085108826,-53.02055725532648,-0.8836759542554413
1852,M,Men,1764.9370301353927,1742.8079490115526,1748.530976459948,29.415617168923212,29.046799150192545,29.142182940999135,-22.129081123840024,-0.36881801873066705,5.723027448395442,0.0953837908065907,-16.406053675444582,-0.27343422792407635,-8.203026837722291,-0.13671711396203817
1853,M,Men,1769.3152919229528,1776.5313508373147,1699.2534636892453,29.48858819871588,29.608855847288577,28.320891061487423,7.216058914361838,0.1202676485726973,-77.27788714806934,-1.2879647858011556,-70.0618282337075,-1.1676971372284584,-35.03091411685375,-0.5838485686142292
1855,M,Men,1737.013128487823,1879.9897154616249,1712.996222382681,28.950218808130384,31.333161924360414,28.54993703971135,142.9765869738019,2.3829431162300314,-166.99349307894386,-2.7832248846490644,-24.01690610514197,-0.40028176841903285,-12.008453052570985,-0.20014088420951642
1870,M,Men,1851.507206389426,1755.0484219839436,1747.7427971168102,30.85845343982377,29.250807033065726,29.129046618613504,-96.45878440548245,-1.6076464067580407,-7.305624867133474,-0.12176041445222457,-103.76440927261592,-1.7294068212102653,-51.88220463630796,-0.8647034106051327
1874,M,Men,1864.9405096012588,1778.5488085910947,1759.0267317635073,31.082341826687646,29.642480143184912,29.317112196058456,-86.39170101016407,-1.4398616835027345,-19.522076827587398,-0.3253679471264566,-105.91377783775147,-1.765229630629191,-52.956888918875734,-0.8826148153145955
1887,M,Men,1950.0180966095331,2162.1795765436405,2097.8041719608977,32.500301610158886,36.03632627572734,34.96340286601496,212.16147993410732,3.5360246655684553,-64.3754045827427,-1.0729234097123783,147.78607535136462,2.4631012558560768,73.89303767568231,1.2315506279280384
8043,M,Men,1662.1457057128064,1697.3591131332773,1833.4326960250253,27.702428428546774,28.28931855222129,30.557211600417087,35.21340742047096,0.586890123674516,136.07358289174795,2.2678930481957993,171.2869903122189,2.854783171870315,85.64349515610945,1.4273915859351576
1929,F,Women,1411.2230034009517,1439.4259453110342,1633.4208218801982,23.520383390015862,23.99043242185057,27.22368036466997,28.202941910082473,0.47004903183470786,193.99487656916403,3.2332479428194008,222.1978184792465,3.7032969746541085,111.09890923962325,1.8516484873270542
1930,F,Women,1439.0643974795207,1419.358698057154,1426.3585628017306,23.98440662465868,23.655978300952565,23.772642713362178,-19.705699422366706,-0.32842832370611175,6.999864744576598,0.11666441240960997,-12.705834677790108,-0.2117639112965018,-6.352917338895054,-0.1058819556482509
1941,F,Women,1549.4426903158344,1489.8181424244383,1624.846175678329,25.82404483859724,24.83030237374064,27.080769594638816,-59.624547891396105,-0.9937424648566018,135.02803325389073,2.250467220898179,75.40348536249462,1.256724756041577,37.70174268124731,0.6283623780207885
1945,F,Women,1577.0866276988108,1720.0579267876863,1731.881414474075,26.284777128313515,28.667632113128104,28.864690241234584,142.9712990888754,2.3828549848145903,11.823487686388717,0.1970581281064786,154.79478677526413,2.579913112921069,77.39739338763206,1.2899565564605344
1946,F,Women,1549.660445429656,1458.5104984027791,1465.8069016856516,25.827674090494266,24.308508306712987,24.430115028094193,-91.14994702687682,-1.5191657837812802,7.296403282872461,0.12160672138120769,-83.85354374400436,-1.3975590624000727,-41.92677187200218,-0.6987795312000363
1947,F,Women,1584.6887104791292,1543.5644094984475,1655.6276794536925,26.411478507985485,25.726073491640793,27.593794657561542,-41.12430098068171,-0.6854050163446952,112.063269955245,1.86772116592075,70.9389689745633,1.182316149576055,35.46948448728165,0.5911580747880275
1953,F,Women,1578.9237360042796,1498.432113231517,1460.8296286748343,26.315395600071326,24.973868553858615,24.347160477913906,-80.49162277276264,-1.3415270462127107,-37.60248455668261,-0.6267080759447102,-118.09410732944525,-1.9682351221574208,-59.047053664722625,-0.9841175610787104
1954,F,Women,1612.925017948884,1513.228745537932,1513.1955748218347,26.8820836324814,25.220479092298866,25.21992624703058,-99.69627241095213,-1.6616045401825354,-0.03317071609717459,-0.0005528452682862432,-99.72944312704931,-1.6621573854508218,-49.864721563524654,-0.8310786927254109
1955,F,Women,1581.9835844107797,1513.2225033156687,1806.0158008292915,26.366393073512995,25.220375055261147,30.100263347154858,-68.76108109511097,-1.1460180182518493,292.79329751362275,4.879888291893712,224.03221641851178,3.733870273641863,112.01610820925589,1.8669351368209315
1957,F,Women,1639.0880301149152,1564.1447086072442,1598.7599870427778,27.318133835248588,26.069078476787404,26.645999784046296,-74.94332150767104,-1.249055358461184,34.61527843553358,0.576921307258893,-40.32804307213746,-0.672134051202291,-20.16402153606873,-0.3360670256011455
1961,F,Women,1691.0191410557925,1779.1945877174867,1750.3119758505063,28.183652350929876,29.653243128624776,29.171866264175105,88.1754466616942,1.4695907776949033,-28.88261186698037,-0.4813768644496728,59.292834794713826,0.9882139132452304,29.646417397356913,0.4941069566226152
1966,F,Women,1731.2015786089048,1719.979091045737,1731.9799736258203,28.853359643481745,28.66631818409562,28.866332893763673,-11.22248756316776,-0.18704145938612934,12.000882580083271,0.2000147096680545,0.7783950169155105,0.012973250281925175,0.38919750845775525,0.006486625140962587
1983,F,Women,1776.3142807878403,1817.4038110047047,2040.039122608611,29.60523801313067,30.29006351674508,34.00065204347685,41.08953021686443,0.6848255036144072,222.6353116039063,3.7105885267317715,263.72484182077073,4.395414030346179,131.86242091038537,2.1977070151730893
1987,F,Women,2119.7505611364063,1953.0561581896907,2243.6937463295026,35.3291760189401,32.55093596982818,37.39489577215838,-166.69440294671563,-2.7782400491119272,290.6375881398119,4.843959802330199,123.94318519309627,2.065719753218271,61.971592596548135,1.0328598766091355
1991,M,Men,1528.723114957085,1519.579619399916,1498.5188023845265,25.478718582618082,25.326326989998602,24.97531337307544,-9.14349555716899,-0.15239159261948315,-21.060817015389603,-0.35101361692316,-30.204312572558592,-0.5034052095426432,-15.102156286279296,-0.2517026047713216
1993,M,Men,1537.5878763091298,1521.2696870570833,1514.0621893146783,25.62646460515216,25.35449478428472,25.234369821911304,-16.318189252046523,-0.27196982086744204,-7.207497742404939,-0.12012496237341566,-23.525686994451462,-0.3920947832408577,-11.762843497225731,-0.19604739162042886
1997,M,Men,1566.5663185707624,1558.5906696822071,1579.4068016103358,26.10943864284604,25.97651116137012,26.3234466935056,-7.97564888855527,-0.13292748147592118,20.816131928128698,0.3469355321354783,12.840483039573428,0.21400805065955714,6.420241519786714,0.10700402532977857
2001,M,Men,1601.434078855878,1570.8562274922244,1604.7040769892096,26.6905679809313,26.180937124870407,26.74506794982016,-30.577851363653508,-0.5096308560608918,33.84784949698519,0.5641308249497532,3.2699981333316828,0.054499968888861376,1.6349990666658414,0.027249984444430688
2003,M,Men,1643.6947266034363,1579.1417658284995,1638.6671067566595,27.39491211005727,26.31902943047499,27.311118445944324,-64.55296077493676,-1.0758826795822793,59.52534092815995,0.9920890154693325,-5.027619846776815,-0.08379366411294692,-2.5138099233884077,-0.04189683205647346
2005,M,Men,1652.037146625275,1617.0308528548476,1601.632377685575,27.533952443754583,26.95051421424746,26.693872961426248,-35.00629377042742,-0.5834382295071237,-15.398475169272615,-0.25664125282121025,-50.404768939700034,-0.8400794823283338,-25.202384469850017,-0.4200397411641669
2020,M,Men,1695.559915683767,1648.9687743796749,1762.5438222668367,28.259331928062785,27.482812906327915,29.375730371113946,-46.59114130409216,-0.7765190217348693,113.57504788716187,1.8929174647860312,66.98390658306971,1.1163984430511618,33.491953291534855,0.5581992215255809
2022,M,Men,1763.8883009366054,1755.2331891159517,1754.2931245340574,29.398138348943423,29.253886485265863,29.238218742234288,-8.655111820653701,-0.14425186367756168,-0.9400645818943758,-0.01566774303157293,-9.595176402548077,-0.1599196067091346,-4.7975882012740385,-0.0799598033545673
2032,M,Men,1713.6396064369883,1695.6854235666121,1694.0611660559287,28.560660107283137,28.261423726110202,28.23435276759881,-17.954182870376144,-0.2992363811729357,-1.624257510683492,-0.027070958511391532,-19.578440381059636,-0.3263073396843273,-9.789220190529818,-0.16315366984216365
2036,M,Men,1881.5800336728141,1906.7465960722907,1910.2731858506854,31.359667227880234,31.779109934538177,31.837886430844758,25.16656239947656,0.4194427066579427,3.5265897783947366,0.05877649630657895,28.693152177871298,0.47821920296452164,14.346576088935649,0.23910960148226082
2037,M,Men,1887.703811210227,2000.463642857302,1864.10444718096,31.46173018683712,33.34106071428837,31.068407453016,112.75983164707486,1.8793305274512477,-136.35919567634187,-2.2726532612723647,-23.599364029267008,-0.3933227338211168,-11.799682014633504,-0.1966613669105584
2038,M,Men,1892.6423414823341,1772.8522029029962,1788.3416035415287,31.54403902470557,29.547536715049937,29.805693392358812,-119.79013857933796,-1.9965023096556327,15.489400638532516,0.25815667730887526,-104.30073794080545,-1.7383456323467574,-52.150368970402724,-0.8691728161733787
