Year,Gender,Athletes,Races,Avg_Races_Per_Athlete,Pct_Total_Athletes,Pct_Total_Races
2023,Men,2124,4117,1.9383239171374764,62.06896551724138,63.57319332921556
2023,Women,1298,2359,1.8174114021571648,37.93103448275862,36.42680667078444
2024,Men,2167,4234,1.9538532533456392,63.159428737977265,63.497300539892024
2024,Women,1264,2434,1.9256329113924051,36.840571262022735,36.502699460107976
