Year,Men_Athletes,Women_Athletes,Men_Races,Women_Races,P_value_Athletes,P_value_Races,Significant_Athletes,Significant_Races
2023,2124,1298,4117,2359,1.0844540581057108e-23,1.0973238700880316e-54,True,True
2024,2167,1264,4234,2434,5.20061129326236e-28,1.2249389695450806e-55,True,True
