athlete_id,year,gender,team_id,num_races,mean_peers,median_peers,pct_meets_with_ge3_peers,pct_solo_meets,first_time
1,2023,M,1,5,10.6,12.0,0.8,0.0,2033.8182279585665
1,2024,M,1,5,10.4,10.0,0.8,0.0,2044.1806610970452
1,2025,M,1,2,10.0,10.0,0.5,0.0,2069.1550275346312
2,2023,M,1,5,8.4,10.0,0.8,0.0,1615.60517582738
2,2024,M,1,2,11.0,11.0,1.0,0.0,1416.733386043696
2,2025,M,1,3,10.666666666666666,7.0,1.0,0.0,2090.325564172869
3,2023,M,117,4,42.5,45.0,1.0,0.0,1621.8993521972475
4,2023,M,108,1,3.0,3.0,1.0,0.0,1632.3896461470265
5,2023,M,49,3,12.0,12.0,1.0,0.0,1635.8864107969528
5,2024,M,49,2,7.0,7.0,1.0,0.0,1599.5668115656788
6,2023,M,117,4,42.5,45.0,1.0,0.0,1646.7763349924373
6,2024,M,117,3,44.666666666666664,36.0,1.0,0.0,1747.0267491769946
6,2025,M,117,2,35.0,35.0,1.0,0.0,1710.2192802063946
7,2023,M,1,7,8.142857142857142,10.0,0.7142857142857143,0.0,1544.8642755391054
7,2024,M,1,8,9.25,9.5,0.75,0.125,1635.6827755344716
7,2025,M,1,5,8.6,7.0,0.8,0.0,1578.1745204362333
8,2023,M,1,4,11.25,13.0,1.0,0.0,1653.1704189237314
8,2024,M,1,4,12.0,13.0,1.0,0.0,1545.1428706946037
8,2025,M,1,3,10.666666666666666,7.0,1.0,0.0,1535.3722161987225
9,2023,M,1,4,10.75,12.0,1.0,0.0,1654.5691247837017
9,2024,M,1,2,16.0,16.0,1.0,0.0,1600.7933883689118
9,2025,M,1,2,8.5,8.5,1.0,0.0,1566.5554715047524
10,2023,M,108,2,5.5,5.5,1.0,0.0,1663.7606204349368
10,2024,M,108,3,12.0,13.0,1.0,0.0,1608.5744811673546
11,2023,M,127,1,3.0,3.0,1.0,0.0,1683.9419478430827
11,2024,M,127,1,4.0,4.0,1.0,0.0,1656.357138198027
12,2023,M,117,4,42.5,45.0,1.0,0.0,1691.5349225114942
13,2023,M,43,2,10.0,10.0,1.0,0.0,1695.9308552142586
14,2023,M,117,4,42.5,45.0,1.0,0.0,1710.0178213753904
15,2023,M,117,2,40.0,40.0,1.0,0.0,1711.7162499196402
15,2024,M,117,2,51.5,51.5,1.0,0.0,1867.7619045297574
15,2025,M,117,3,36.0,38.0,1.0,0.0,1693.5060845888788
16,2023,M,108,4,6.75,8.0,1.0,0.0,1713.8143087095962
16,2024,M,108,3,12.0,13.0,1.0,0.0,1736.3765747147145
16,2025,M,108,1,12.0,12.0,1.0,0.0,1690.3526259721448
17,2023,M,117,4,42.5,45.0,1.0,0.0,1731.997484889213
17,2024,M,117,1,67.0,67.0,1.0,0.0,1689.1972971902217
18,2023,M,49,4,11.5,11.0,1.0,0.0,1743.0872242075507
18,2024,M,49,3,7.0,7.0,1.0,0.0,1736.4617334805125
19,2023,M,1,4,13.0,13.0,1.0,0.0,1743.6866695761094
19,2024,M,1,6,12.166666666666666,13.0,1.0,0.0,1646.4479581362627
19,2025,M,1,4,6.25,7.0,0.75,0.0,1580.2937674048753
20,2023,M,1,3,13.333333333333334,14.0,1.0,0.0,1754.9762240173
21,2023,M,1,2,14.0,14.0,1.0,0.0,1772.9595850740639
21,2024,M,88,2,26.0,26.0,1.0,0.0,1693.5537384575737
22,2023,M,49,3,12.0,12.0,1.0,0.0,1778.15477826824
23,2023,M,1,2,15.0,15.0,1.0,0.0,1813.322239890356
24,2023,M,49,3,10.333333333333334,10.0,1.0,0.0,1824.5118867701203
25,2023,M,117,2,40.0,40.0,1.0,0.0,1831.2056933856936
26,2023,M,43,2,10.0,10.0,1.0,0.0,1832.6043992456641
26,2024,M,43,2,11.0,11.0,1.0,0.0,1807.3051360716809
26,2025,M,43,2,11.5,11.5,1.0,0.0,1814.4702627025715
27,2023,M,1,2,15.0,15.0,1.0,0.0,1833.6034748599286
27,2024,M,1,3,16.0,16.0,1.0,0.0,1633.953023252567
27,2025,M,1,4,10.5,8.5,1.0,0.0,1570.2896314707211
28,2023,M,117,4,42.5,45.0,1.0,0.0,1835.2019958427522
29,2023,M,117,1,17.0,17.0,1.0,0.0,1836.5007941412964
30,2023,M,117,2,33.5,33.5,1.0,0.0,1838.9984831769577
30,2024,M,117,1,36.0,36.0,1.0,0.0,1886.2822458099272
31,2023,M,117,2,40.0,40.0,1.0,0.0,1839.0983907383843
31,2024,M,117,2,51.5,51.5,1.0,0.0,1797.2915912653255
31,2025,M,117,2,42.0,42.0,1.0,0.0,1831.650094709121
32,2023,M,49,2,9.5,9.5,1.0,0.0,1851.5868359166925
32,2024,M,49,1,7.0,7.0,1.0,0.0,1928.8472614172963
33,2023,M,49,4,11.5,11.0,1.0,0.0,1860.078978637942
34,2023,M,43,2,10.0,10.0,1.0,0.0,1860.678424006501
35,2023,M,1,4,13.0,13.0,1.0,0.0,1868.5711213591917
35,2024,M,1,4,12.75,13.0,1.0,0.0,1949.9062773482335
35,2025,M,1,1,18.0,18.0,1.0,0.0,2123.7567213044895
36,2023,M,1,1,16.0,16.0,1.0,0.0,1883.7570706960146
37,2023,M,1,2,13.0,13.0,1.0,0.0,1883.7570706960146
38,2023,M,117,4,42.5,45.0,1.0,0.0,1894.7469024529257
38,2024,M,117,2,33.5,33.5,1.0,0.0,1856.0250453964422
38,2025,M,117,3,36.0,38.0,1.0,0.0,1872.3665990921193
39,2023,M,49,4,11.5,11.0,1.0,0.0,1917.4259188967337
39,2024,M,49,1,7.0,7.0,1.0,0.0,2022.308696607872
40,2023,M,43,2,10.0,10.0,1.0,0.0,1927.9162128465125
41,2023,M,49,1,9.0,9.0,1.0,0.0,1937.2076160591737
42,2023,M,43,2,10.0,10.0,1.0,0.0,1944.5008680433057
42,2024,M,43,2,11.0,11.0,1.0,0.0,1772.6572055485674
43,2023,M,117,3,43.333333333333336,50.0,1.0,0.0,1945.0004058504383
43,2024,M,117,1,67.0,67.0,1.0,0.0,2286.005204440977
44,2023,M,1,3,13.333333333333334,14.0,1.0,0.0,1954.8912544316584
45,2023,M,117,2,40.0,40.0,1.0,0.0,1967.879237417099
45,2024,M,117,1,31.0,31.0,1.0,0.0,1901.8110550131928
45,2025,M,117,1,38.0,38.0,1.0,0.0,1899.2187421319513
46,2023,M,127,1,3.0,3.0,1.0,0.0,1989.2594555623625
47,2023,M,117,1,17.0,17.0,1.0,0.0,1992.2566824051564
47,2024,M,117,1,31.0,31.0,1.0,0.0,1958.437454296422
47,2025,M,117,1,38.0,38.0,1.0,0.0,1950.694856662658
48,2023,M,49,1,9.0,9.0,1.0,0.0,1992.7562202122888
49,2023,M,43,2,10.0,10.0,1.0,0.0,2014.8357912875379
49,2024,M,43,1,11.0,11.0,1.0,0.0,2140.1733788811516
49,2025,M,43,2,11.5,11.5,1.0,0.0,2124.461246267136
50,2023,M,1,3,14.0,14.0,1.0,0.0,2030.9209086771987
50,2024,M,1,2,13.0,13.0,1.0,0.0,2090.510944718303
51,2023,M,1,1,16.0,16.0,1.0,0.0,2039.8126816441543
52,2023,M,127,1,3.0,3.0,1.0,0.0,2064.2900341936383
52,2024,M,127,2,3.5,3.5,1.0,0.0,1939.9258435413713
52,2025,M,127,2,1.5,1.5,0.0,0.0,1975.6756503653025
53,2023,M,43,2,10.0,10.0,1.0,0.0,2079.0763532847554
54,2023,M,117,3,40.0,40.0,1.0,0.0,2102.954260465681
54,2024,M,117,1,67.0,67.0,1.0,0.0,2240.6175450503256
55,2023,M,43,2,10.0,10.0,1.0,0.0,2143.6166379662523
56,2023,M,1,2,13.0,13.0,1.0,0.0,2149.9108143361195
57,2023,M,43,2,10.0,10.0,1.0,0.0,2183.2799398525594
58,2023,M,108,3,6.333333333333333,8.0,1.0,0.0,2280.78971980479
58,2024,M,108,3,12.0,13.0,1.0,0.0,2123.167022942939
59,2023,M,127,1,3.0,3.0,1.0,0.0,2637.7594367815527
60,2023,M,117,1,17.0,17.0,1.0,0.0,2637.7594367815527
61,2023,M,117,2,33.5,33.5,1.0,0.0,2782.625400849928
62,2023,M,49,1,9.0,9.0,1.0,0.0,2786.3219806227075
63,2023,F,117,4,14.0,15.0,1.0,0.0,1378.3504505136684
63,2024,F,117,2,24.5,24.5,1.0,0.0,1479.9681499191072
63,2025,F,117,2,22.0,22.0,1.0,0.0,1356.9859777800832
64,2023,F,1,4,7.75,8.0,1.0,0.0,1406.4312789376572
64,2024,F,1,3,4.666666666666667,5.0,1.0,0.0,1465.7352046295014
65,2023,F,1,4,6.0,6.0,0.75,0.0,1437.4994295344109
66,2023,F,1,4,7.75,8.0,1.0,0.0,1451.6394211521642
66,2024,F,1,3,5.333333333333333,5.0,1.0,0.0,1458.2692536037337
67,2023,F,1,4,7.0,8.0,0.75,0.0,1468.1692705081296
68,2023,F,1,4,6.5,7.0,0.75,0.0,1471.7540571154473
68,2025,F,1,4,6.75,6.0,1.0,0.0,1529.2447501248125
69,2023,F,117,4,14.0,15.0,1.0,0.0,1483.802923212265
70,2023,F,1,4,7.75,8.0,1.0,0.0,1496.548831149395
71,2023,F,1,4,7.75,8.0,1.0,0.0,1534.7865549607839
71,2024,F,1,2,5.5,5.5,1.0,0.0,1658.0866531348352
72,2023,F,1,2,9.5,9.5,1.0,0.0,1540.9603541178312
72,2025,F,1,3,7.666666666666667,6.0,1.0,0.0,1570.3080272565796
73,2023,F,127,1,2.0,2.0,0.0,0.0,1560.477525646561
73,2024,F,127,1,2.0,2.0,0.0,0.0,1715.023581842054
74,2023,F,108,4,4.0,3.0,0.75,0.0,1562.4690737617375
75,2023,F,1,2,8.5,8.5,1.0,0.0,1563.4648478193258
76,2023,F,1,2,9.5,9.5,1.0,0.0,1569.1407599475788
77,2023,F,49,1,1.0,1.0,0.0,0.0,1572.1280821203436
78,2023,F,108,2,5.0,5.0,0.5,0.0,1590.9482118087617
78,2024,F,108,2,8.0,8.0,1.0,0.0,1666.0218576071957
79,2023,F,117,3,12.666666666666666,12.0,1.0,0.0,1591.8444084605912
80,2023,F,103,1,1.0,1.0,0.0,0.0,1611.0628477720447
81,2023,F,117,4,14.0,15.0,1.0,0.0,1631.0779063295686
81,2024,F,117,2,24.5,24.5,1.0,0.0,1683.7412583393948
81,2025,F,117,2,22.0,22.0,1.0,0.0,1677.6522623906349
82,2023,F,117,3,14.666666666666666,18.0,1.0,0.0,1633.2686092562628
82,2024,F,117,2,24.5,24.5,1.0,0.0,1727.7411185845176
82,2025,F,117,1,29.0,29.0,1.0,0.0,1768.6994910060591
83,2023,F,49,1,1.0,1.0,0.0,0.0,1633.2686092562628
84,2023,F,127,1,2.0,2.0,0.0,0.0,1651.7900067274043
85,2023,F,127,1,2.0,2.0,0.0,0.0,1698.7905422455701
85,2025,F,127,2,1.0,1.0,0.0,0.0,1602.749275486143
86,2023,F,1,1,10.0,10.0,1.0,0.0,1877.830717799939
86,2024,F,1,3,4.666666666666667,5.0,1.0,0.0,1674.1141611768496
87,2023,F,43,1,0.0,0.0,0.0,1.0,1923.138437420205
87,2024,F,43,1,5.0,5.0,1.0,0.0,1807.6742810909925
88,2023,F,103,1,1.0,1.0,0.0,0.0,1948.3315210771877
89,2023,M,4,3,33.0,37.0,1.0,0.0,1532.4533980123997
89,2024,M,4,2,36.0,36.0,1.0,0.0,1550.2994351412644
90,2023,M,4,3,33.0,37.0,1.0,0.0,1532.650523481658
90,2024,M,4,4,26.75,27.5,1.0,0.0,1631.2675830021474
90,2025,M,4,4,16.25,16.0,1.0,0.0,1544.9944270121769
91,2023,M,4,3,33.0,37.0,1.0,0.0,1561.8250929318554
91,2024,M,4,4,25.75,27.5,1.0,0.0,1488.890103704826
91,2025,M,4,1,21.0,21.0,1.0,0.0,1527.432833487153
92,2023,M,4,1,21.0,21.0,1.0,0.0,1577.5951304725024
93,2023,M,4,3,33.0,37.0,1.0,0.0,1588.9298449548426
93,2024,M,4,4,26.75,27.5,1.0,0.0,1570.8684226289236
94,2023,M,4,3,33.0,37.0,1.0,0.0,1643.336474470076
94,2024,M,4,1,42.0,42.0,1.0,0.0,1796.3501796300293
95,2023,M,4,3,33.0,37.0,1.0,0.0,1648.4617366707864
95,2024,M,4,3,26.0,30.0,1.0,0.0,1572.0942632254828
96,2023,M,4,3,33.0,37.0,1.0,0.0,1658.318010133691
97,2023,M,4,1,21.0,21.0,1.0,0.0,1658.41657286832
98,2023,M,4,3,33.0,37.0,1.0,0.0,1684.9299484835333
98,2024,M,4,1,42.0,42.0,1.0,0.0,1602.7250199044956
99,2023,M,4,2,31.0,31.0,1.0,0.0,1694.983347415696
99,2024,M,4,3,27.333333333333332,30.0,1.0,0.0,1680.5870272679451
100,2023,M,4,3,33.0,37.0,1.0,0.0,1729.7759927397487
101,2023,M,4,1,21.0,21.0,1.0,0.0,1739.5337034680247
102,2023,M,4,3,33.0,37.0,1.0,0.0,1742.2934600376377
102,2024,M,4,1,42.0,42.0,1.0,0.0,1712.4692440088595
102,2025,M,4,3,13.333333333333334,11.0,1.0,0.0,1545.6822703619882
103,2023,M,4,3,33.0,37.0,1.0,0.0,1748.0100986461223
104,2023,M,4,1,21.0,21.0,1.0,0.0,1766.1456418178668
105,2023,M,4,3,33.0,37.0,1.0,0.0,1794.1374584525156
106,2023,M,4,2,31.0,31.0,1.0,0.0,1827.6487882263912
106,2024,M,4,4,26.75,27.5,1.0,0.0,1756.1840283194963
106,2025,M,4,1,25.0,25.0,1.0,0.0,1695.1820708505306
107,2023,M,4,1,21.0,21.0,1.0,0.0,1966.8193695226034
108,2023,M,4,1,21.0,21.0,1.0,0.0,2046.9508727760174
108,2024,M,4,4,26.75,27.5,1.0,0.0,1942.5781904453052
109,2023,M,4,1,21.0,21.0,1.0,0.0,2183.9530739103907
110,2023,M,4,1,21.0,21.0,1.0,0.0,2241.8093991376404
112,2023,F,4,3,12.0,17.0,0.6666666666666666,0.0,1579.8838700512997
112,2025,F,4,1,5.0,5.0,1.0,0.0,1696.771185471468
113,2023,F,4,1,2.0,2.0,0.0,0.0,1729.1751058057416
114,2023,M,44,2,4.5,4.5,0.5,0.5,1499.4801444134337
115,2023,M,117,3,51.0,50.0,1.0,0.0,1568.737979371748
115,2024,M,117,3,44.666666666666664,36.0,1.0,0.0,1572.543049808987
116,2023,M,117,3,51.0,50.0,1.0,0.0,1592.262159135197
117,2023,M,117,3,51.0,50.0,1.0,0.0,1604.0734627821168
118,2023,M,117,1,63.0,63.0,1.0,0.0,1606.2388684507189
119,2023,M,117,2,51.5,51.5,1.0,0.0,1613.5225056996526
119,2024,M,117,2,49.0,49.0,1.0,0.0,1626.5901968465387
120,2023,M,117,3,51.0,50.0,1.0,0.0,1613.6209332300439
120,2024,M,117,3,44.666666666666664,36.0,1.0,0.0,1602.7019550619852
121,2023,M,117,2,56.5,56.5,1.0,0.0,1614.9004911251268
122,2023,M,56,1,24.0,24.0,1.0,0.0,1625.4322368769638
123,2023,M,56,3,23.333333333333332,24.0,1.0,0.0,1628.2866352583026
123,2024,M,56,4,21.75,20.5,1.0,0.0,1648.4877518157125
124,2023,M,108,3,8.0,8.0,1.0,0.0,1628.6803453798666
124,2024,M,108,2,14.0,14.0,1.0,0.0,1719.6548054655273
124,2025,M,108,1,12.0,12.0,1.0,0.0,1781.8731884923457
125,2023,M,117,3,51.0,50.0,1.0,0.0,1633.9954320209804
126,2023,M,56,2,26.0,26.0,1.0,0.0,1636.6529753415375
127,2023,M,56,3,23.333333333333332,24.0,1.0,0.0,1641.0822142091324
127,2024,M,56,4,21.75,20.5,1.0,0.0,1590.0610937843257
127,2025,M,56,4,27.0,27.0,1.0,0.0,1587.8583202664101
128,2023,M,56,3,23.333333333333332,24.0,1.0,0.0,1644.6256053032084
128,2024,M,56,4,21.75,20.5,1.0,0.0,1647.9900801118677
128,2025,M,56,2,27.0,27.0,1.0,0.0,1704.758684373899
129,2023,M,56,2,21.0,21.0,1.0,0.0,1645.4130255463365
129,2024,M,56,4,21.75,20.5,1.0,0.0,1643.2124317549567
129,2025,M,56,4,27.0,27.0,1.0,0.0,1700.8577689871895
130,2023,M,56,3,23.333333333333332,24.0,1.0,0.0,1645.4130255463365
130,2024,M,56,1,20.0,20.0,1.0,0.0,1665.7948000120487
130,2025,M,56,2,26.0,26.0,1.0,0.0,1679.1045440863645
131,2023,M,58,4,7.75,7.5,1.0,0.0,1648.1689963972844
131,2024,M,58,1,17.0,17.0,1.0,0.0,1868.934631157898
132,2023,M,56,2,26.0,26.0,1.0,0.0,1651.3186773697964
133,2023,M,101,4,7.25,7.5,1.0,0.0,1657.0274741324743
133,2024,M,101,1,8.0,8.0,1.0,0.0,1729.9358656832019
133,2025,M,101,1,6.0,6.0,1.0,0.0,1688.534012872746
134,2023,M,58,4,7.75,7.5,1.0,0.0,1658.4054595579485
134,2024,M,58,4,8.5,7.0,1.0,0.0,1800.1857420237152
134,2025,M,58,3,5.333333333333333,4.0,1.0,0.0,1880.3757383090444
135,2023,M,117,2,51.5,51.5,1.0,0.0,1660.9645753481143
135,2024,M,117,2,49.0,49.0,1.0,0.0,1625.7939221203867
135,2025,M,117,3,36.0,38.0,1.0,0.0,1497.0527325935163
136,2023,M,117,1,63.0,63.0,1.0,0.0,1661.5551405304602
138,2023,M,56,3,23.333333333333332,24.0,1.0,0.0,1662.8346984255436
138,2024,M,56,1,21.0,21.0,1.0,0.0,1823.7116327679837
139,2023,M,117,2,56.5,56.5,1.0,0.0,1674.7444296028543
139,2024,M,117,1,67.0,67.0,1.0,0.0,1714.2799510640027
140,2023,M,117,3,51.0,50.0,1.0,0.0,1682.6186320341342
140,2024,M,117,2,51.5,51.5,1.0,0.0,1650.5779729718606
141,2023,M,108,3,8.0,8.0,1.0,0.0,1683.0123421556984
142,2023,M,117,3,51.0,50.0,1.0,0.0,1683.7997623988263
142,2024,M,117,3,44.666666666666664,36.0,1.0,0.0,1728.5133617939657
142,2025,M,117,3,36.0,38.0,1.0,0.0,1649.2307769003717
143,2023,M,56,2,26.0,26.0,1.0,0.0,1686.9494433713385
144,2023,M,56,1,24.0,24.0,1.0,0.0,1700.1387324437321
145,2023,M,101,4,7.25,7.5,1.0,0.0,1709.8830579524413
145,2024,M,101,2,7.5,7.5,1.0,0.0,1713.0596954687635
146,2023,M,117,2,51.5,51.5,1.0,0.0,1713.918586698472
146,2024,M,117,2,49.0,49.0,1.0,0.0,1733.987750536259
147,2023,M,56,1,24.0,24.0,1.0,0.0,1723.5644846767898
147,2024,M,56,2,20.0,20.0,1.0,0.0,1750.9505937264835
148,2023,M,56,2,21.0,21.0,1.0,0.0,1729.6669915610319
149,2023,M,117,2,56.5,56.5,1.0,0.0,1731.044976986506
150,2023,M,1,3,12.0,12.0,1.0,0.0,1732.915100063935
150,2024,M,1,4,14.5,16.0,1.0,0.0,1759.8635209267352
150,2025,M,1,1,18.0,18.0,1.0,0.0,1734.4535987942963
151,2023,M,108,3,8.0,8.0,1.0,0.0,1755.0612944019097
151,2024,M,108,1,13.0,13.0,1.0,0.0,1695.766563680974
152,2023,M,56,1,24.0,24.0,1.0,0.0,1758.604685495986
152,2024,M,56,1,21.0,21.0,1.0,0.0,2181.632310695223
153,2023,M,117,3,51.0,50.0,1.0,0.0,1758.7031130263765
153,2024,M,117,3,44.666666666666664,36.0,1.0,0.0,1772.6070747546203
153,2025,M,117,3,36.0,38.0,1.0,0.0,1701.813813404603
154,2023,M,117,1,63.0,63.0,1.0,0.0,1762.4433591812347
154,2024,M,117,1,67.0,67.0,1.0,0.0,1761.8573659515712
154,2025,M,117,2,42.0,42.0,1.0,0.0,1667.8261107948917
155,2023,M,117,2,56.5,56.5,1.0,0.0,1768.0537284135216
156,2023,M,117,2,51.5,51.5,1.0,0.0,1769.8254239605596
156,2024,M,117,3,44.666666666666664,36.0,1.0,0.0,1810.7287272691365
156,2025,M,117,2,35.0,35.0,1.0,0.0,1792.5146644750987
157,2023,M,56,2,26.0,26.0,1.0,0.0,1778.6839016957497
158,2023,M,117,3,51.0,50.0,1.0,0.0,1784.6879810496007
158,2024,M,117,2,51.5,51.5,1.0,0.0,1757.3783206169676
158,2025,M,117,2,42.0,42.0,1.0,0.0,1638.7396072445315
159,2023,M,108,2,8.0,8.0,1.0,0.0,1788.2313721436767
159,2024,M,108,1,15.0,15.0,1.0,0.0,1905.6993661448557
160,2023,M,117,3,51.0,50.0,1.0,0.0,1789.6093575691505
160,2024,M,117,3,44.666666666666664,36.0,1.0,0.0,1809.7333838614468
160,2025,M,117,2,42.0,42.0,1.0,0.0,1856.3386389597706
161,2023,M,117,3,51.0,50.0,1.0,0.0,1790.8889154642336
161,2024,M,117,2,51.5,51.5,1.0,0.0,1715.2752944716924
161,2025,M,117,1,38.0,38.0,1.0,0.0,1699.9112229586917
162,2023,M,58,3,8.0,8.0,1.0,0.0,1800.6332409729425
162,2024,M,58,2,14.0,14.0,1.0,0.0,1945.1428668663082
162,2025,M,58,2,6.0,6.0,1.0,0.0,1950.4511479787504
163,2023,M,56,1,24.0,24.0,1.0,0.0,1805.6530450228834
164,2023,M,117,2,51.5,51.5,1.0,0.0,1806.0467551444476
164,2024,M,117,2,49.0,49.0,1.0,0.0,1841.5843729075177
164,2025,M,117,2,42.0,42.0,1.0,0.0,1675.9223540511778
165,2023,M,58,4,7.75,7.5,1.0,0.0,1811.5586968463435
165,2024,M,58,2,10.0,10.0,1.0,0.0,2081.4950255406
166,2023,M,117,2,56.5,56.5,1.0,0.0,1815.2989430012012
166,2024,M,117,2,49.0,49.0,1.0,0.0,1776.8870514076862
166,2025,M,117,3,36.0,38.0,1.0,0.0,1641.9004279453209
167,2023,M,62,1,10.0,10.0,1.0,0.0,1817.5627762001943
168,2023,M,56,2,26.0,26.0,1.0,0.0,1822.7794353109175
169,2023,M,62,1,10.0,10.0,1.0,0.0,1824.0589932060004
169,2024,M,62,1,12.0,12.0,1.0,0.0,1851.2392039621081
170,2023,M,58,4,7.75,7.5,1.0,0.0,1825.5354061618655
170,2024,M,58,4,8.5,7.0,1.0,0.0,1664.7763967163908
170,2025,M,58,1,4.0,4.0,1.0,0.0,1943.0173639667537
171,2023,M,62,1,10.0,10.0,1.0,0.0,1828.1929494824224
172,2023,M,117,2,56.5,56.5,1.0,0.0,1834.0001737754912
173,2023,M,117,1,63.0,63.0,1.0,0.0,1834.3938838970553
173,2024,M,117,1,67.0,67.0,1.0,0.0,1851.4382726436459
174,2023,M,62,1,10.0,10.0,1.0,0.0,1842.7602239802902
175,2023,M,117,1,63.0,63.0,1.0,0.0,1843.153934101854
176,2023,M,117,2,56.5,56.5,1.0,0.0,1857.5243535389402
177,2023,M,56,3,23.333333333333332,24.0,1.0,0.0,1873.568040992673
177,2024,M,56,3,22.0,20.0,1.0,0.0,1760.6629538623438
178,2023,M,58,3,8.0,8.0,1.0,0.0,1874.9460264181473
179,2023,M,58,4,7.75,7.5,1.0,0.0,1875.930301722057
179,2024,M,58,3,10.333333333333334,11.0,1.0,0.0,1959.1585729268318
179,2025,M,58,2,6.0,6.0,1.0,0.0,1991.0956034209648
180,2023,M,62,1,10.0,10.0,1.0,0.0,1884.985634518029
181,2023,M,108,3,8.0,8.0,1.0,0.0,1908.2145316903047
181,2024,M,108,3,12.0,13.0,1.0,0.0,1777.384723111531
182,2023,M,117,1,63.0,63.0,1.0,0.0,1908.7066693422598
182,2024,M,117,2,51.5,51.5,1.0,0.0,2046.525580550831
183,2023,M,117,2,56.5,56.5,1.0,0.0,1913.9233284529828
183,2024,M,117,1,67.0,67.0,1.0,0.0,1916.9318688696294
184,2023,M,117,2,56.5,56.5,1.0,0.0,1913.9233284529828
185,2023,M,117,1,63.0,63.0,1.0,0.0,1925.3409219783384
186,2023,M,56,1,24.0,24.0,1.0,0.0,1927.9000377685047
187,2023,M,117,2,56.5,56.5,1.0,0.0,1931.0497187410167
187,2024,M,117,1,67.0,67.0,1.0,0.0,1894.8352452189179
188,2023,M,117,3,51.0,50.0,1.0,0.0,1936.7585155036948
188,2024,M,117,3,44.666666666666664,36.0,1.0,0.0,1865.9702863959158
188,2025,M,117,2,31.0,31.0,1.0,0.0,1672.003727654063
189,2023,M,117,2,56.5,56.5,1.0,0.0,1938.4317835203417
189,2024,M,117,1,67.0,67.0,1.0,0.0,2083.4528209761193
190,2023,M,101,3,7.333333333333333,8.0,1.0,0.0,1939.7113414154246
190,2024,M,101,1,8.0,8.0,1.0,0.0,1981.9699567566875
191,2023,M,117,3,51.0,50.0,1.0,0.0,1944.6327179349746
192,2023,M,117,3,51.0,50.0,1.0,0.0,1952.2116377750815
192,2024,M,117,3,44.666666666666664,36.0,1.0,0.0,2037.6670242223925
192,2025,M,117,1,46.0,46.0,1.0,0.0,1969.202816994823
193,2023,M,58,1,7.0,7.0,1.0,0.0,1956.8377317034583
193,2024,M,58,1,17.0,17.0,1.0,0.0,2028.9719261455596
194,2023,M,117,2,51.5,51.5,1.0,0.0,1992.3700701746093
195,2023,M,117,2,56.5,56.5,1.0,0.0,2006.7404896116952
195,2024,M,117,1,67.0,67.0,1.0,0.0,2161.1891411166866
195,2025,M,117,1,24.0,24.0,1.0,0.0,1725.955095963237
196,2023,M,56,1,24.0,24.0,1.0,0.0,2019.1423584409613
197,2023,M,117,3,51.0,50.0,1.0,0.0,2024.5558726124661
197,2024,M,117,1,67.0,67.0,1.0,0.0,2059.863182213873
198,2023,M,108,1,8.0,8.0,1.0,0.0,2034.6939082427389
199,2023,M,117,1,63.0,63.0,1.0,0.0,2036.0718936682129
200,2023,M,62,1,10.0,10.0,1.0,0.0,2038.8278645191613
201,2023,M,117,2,51.5,51.5,1.0,0.0,2046.209929298486
202,2023,M,101,4,7.25,7.5,1.0,0.0,2050.147030514126
202,2025,M,101,1,5.0,5.0,1.0,0.0,2383.741669849421
203,2023,M,56,2,26.0,26.0,1.0,0.0,2060.974058857136
203,2025,M,56,4,27.0,27.0,1.0,0.0,1648.7477965281348
204,2023,M,62,1,10.0,10.0,1.0,0.0,2066.092290437468
204,2024,M,62,1,12.0,12.0,1.0,0.0,2319.6478116208896
205,2023,M,101,3,8.333333333333334,8.0,1.0,0.0,2095.8174046155495
206,2023,M,108,1,8.0,8.0,1.0,0.0,2103.0026143340924
207,2023,M,56,2,26.0,26.0,1.0,0.0,2104.7743098811306
208,2023,M,117,2,51.5,51.5,1.0,0.0,2117.963598953525
209,2023,M,101,3,8.333333333333334,8.0,1.0,0.0,2133.0230111033475
209,2024,M,101,1,7.0,7.0,1.0,0.0,2245.984686324906
210,2023,M,117,3,51.0,50.0,1.0,0.0,2135.975837015077
210,2024,M,117,1,67.0,67.0,1.0,0.0,2354.584365230799
211,2023,M,56,2,26.0,26.0,1.0,0.0,2150.543111512945
212,2023,M,56,1,24.0,24.0,1.0,0.0,2174.756283989131
213,2023,M,62,1,10.0,10.0,1.0,0.0,2177.905964961643
214,2023,M,101,1,10.0,10.0,1.0,0.0,2180.366653221418
214,2025,M,101,1,6.0,6.0,1.0,0.0,2136.2822528697025
215,2023,M,117,1,63.0,63.0,1.0,0.0,2188.929848365435
215,2024,M,117,1,67.0,67.0,1.0,0.0,1935.1466532303514
216,2023,M,62,1,10.0,10.0,1.0,0.0,2189.126703426217
217,2023,M,117,2,56.5,56.5,1.0,0.0,2236.076635422724
217,2024,M,117,2,49.0,49.0,1.0,0.0,2238.0296521903324
218,2023,M,56,1,24.0,24.0,1.0,0.0,2245.427250809869
219,2023,M,101,1,10.0,10.0,1.0,0.0,2253.892018423495
220,2023,M,117,2,51.5,51.5,1.0,0.0,2289.0306467730816
221,2023,M,101,4,7.25,7.5,1.0,0.0,2302.810501027821
221,2024,M,101,3,5.0,5.0,1.0,0.0,2768.0589820689847
222,2023,M,117,1,63.0,63.0,1.0,0.0,2337.949129377408
223,2023,M,117,1,63.0,63.0,1.0,0.0,2372.005054892694
224,2023,M,117,2,51.5,51.5,1.0,0.0,2377.2217140034168
225,2023,M,101,3,8.333333333333334,8.0,1.0,0.0,2404.190857330551
225,2024,M,101,2,7.5,7.5,1.0,0.0,2269.7609121194077
226,2023,M,117,1,63.0,63.0,1.0,0.0,2479.291063018883
227,2023,M,62,1,10.0,10.0,1.0,0.0,2588.7424768136743
228,2023,M,101,3,8.333333333333334,8.0,1.0,0.0,2649.7675456560937
228,2024,M,101,2,6.5,6.5,1.0,0.0,3179.780471176083
229,2023,F,117,1,18.0,18.0,1.0,0.0,1336.5936828252302
230,2023,F,56,2,16.0,16.0,1.0,0.0,1421.6693378982372
230,2024,F,56,3,11.333333333333334,12.0,1.0,0.0,1494.60158760244
230,2025,F,56,2,13.5,13.5,1.0,0.0,1475.8992739395633
231,2023,F,117,3,17.333333333333332,18.0,1.0,0.0,1429.645180561332
231,2024,F,117,3,20.333333333333332,23.0,1.0,0.0,1441.1447438204693
231,2025,F,117,1,29.0,29.0,1.0,0.0,1396.331383088043
232,2023,F,117,3,17.333333333333332,18.0,1.0,0.0,1457.806797865591
233,2023,F,56,3,14.333333333333334,12.0,1.0,0.0,1492.2703155456286
233,2024,F,56,4,11.75,12.5,1.0,0.0,1546.0674874819167
234,2023,F,117,3,17.333333333333332,18.0,1.0,0.0,1503.2001740098692
234,2024,F,117,3,20.333333333333332,23.0,1.0,0.0,1516.501970529877
234,2025,F,117,1,29.0,29.0,1.0,0.0,1626.536837904131
235,2023,F,56,3,14.333333333333334,12.0,1.0,0.0,1522.9920798775481
235,2024,F,56,1,13.0,13.0,1.0,0.0,1658.4792466199904
236,2023,F,117,2,20.0,20.0,1.0,0.0,1525.6506940985794
236,2024,F,117,2,24.5,24.5,1.0,0.0,1591.6601028490354
237,2023,F,117,3,17.333333333333332,18.0,1.0,0.0,1532.8387992147016
237,2024,F,117,3,20.333333333333332,23.0,1.0,0.0,1578.4203258974483
237,2025,F,117,2,21.5,21.5,1.0,0.0,1509.784708929467
238,2023,F,117,3,17.333333333333332,18.0,1.0,0.0,1542.3901169717406
238,2024,F,117,1,26.0,26.0,1.0,0.0,1601.5152751663818
239,2023,F,117,1,18.0,18.0,1.0,0.0,1548.9874189276334
240,2023,F,56,3,14.333333333333334,12.0,1.0,0.0,1562.9697603863915
240,2024,F,56,4,11.75,12.5,1.0,0.0,1584.492704800056
241,2023,F,101,3,5.333333333333333,5.0,1.0,0.0,1568.6808576019405
241,2024,F,101,2,5.5,5.5,1.0,0.0,1491.951280821947
242,2023,F,117,2,20.0,20.0,1.0,0.0,1574.5888892042326
243,2023,F,117,1,18.0,18.0,1.0,0.0,1588.1773618895047
244,2023,F,62,1,11.0,11.0,1.0,0.0,1607.2799974035827
244,2024,F,62,1,9.0,9.0,1.0,0.0,1565.77783211661
245,2023,F,1,1,7.0,7.0,1.0,0.0,1644.599063691395
245,2024,F,1,5,3.0,3.0,0.6,0.2,1610.1447658993286
245,2025,F,1,4,6.75,6.0,1.0,0.0,1566.0809251988976
246,2023,F,56,3,14.333333333333334,12.0,1.0,0.0,1666.458780619876
246,2024,F,56,3,13.333333333333334,13.0,1.0,0.0,1575.4675959255812
247,2023,F,56,3,14.333333333333334,12.0,1.0,0.0,1680.441122078634
248,2023,F,58,1,1.0,1.0,0.0,0.0,1703.6793797143166
249,2023,F,62,1,11.0,11.0,1.0,0.0,1709.5874113166087
250,2023,F,108,2,6.0,6.0,1.0,0.0,1712.442959924383
251,2023,F,62,1,11.0,11.0,1.0,0.0,1727.2130389301135
252,2023,F,62,1,11.0,11.0,1.0,0.0,1728.000776477086
253,2023,F,56,3,14.333333333333334,12.0,1.0,0.0,1745.6264040905908
253,2024,F,56,3,11.666666666666666,13.0,1.0,0.0,1755.4152388291882
253,2025,F,56,3,15.333333333333334,15.0,1.0,0.0,1578.5632117152907
254,2023,F,108,3,5.0,3.0,1.0,0.0,1748.580419891737
254,2024,F,108,1,10.0,10.0,1.0,0.0,1709.9221706571943
255,2023,F,56,2,16.0,16.0,1.0,0.0,1763.3504988974673
256,2023,F,101,4,5.0,5.0,1.0,0.0,1776.7420371959963
256,2024,F,101,2,5.5,5.5,1.0,0.0,1663.6353909709862
256,2025,F,101,4,4.75,4.5,1.0,0.0,1522.8643661223778
257,2023,F,62,1,11.0,11.0,1.0,0.0,1794.7615335829873
257,2024,F,62,1,9.0,9.0,1.0,0.0,1832.5643150508408
258,2023,F,56,3,14.333333333333334,12.0,1.0,0.0,1803.3281794063112
259,2023,F,117,1,18.0,18.0,1.0,0.0,1823.7108884342188
260,2023,F,62,1,11.0,11.0,1.0,0.0,1833.2622061912577
261,2023,F,62,1,11.0,11.0,1.0,0.0,1850.1000962577907
262,2023,F,117,3,17.333333333333332,18.0,1.0,0.0,1900.2198976839024
263,2023,F,58,2,1.5,1.5,0.0,0.0,1903.075446291677
263,2024,F,58,3,2.6666666666666665,3.0,0.6666666666666666,0.0,1694.8286312941004
263,2025,F,58,1,4.0,4.0,1.0,0.0,1716.0896734551857
264,2023,F,117,3,17.333333333333332,18.0,1.0,0.0,1909.5742810541983
264,2024,F,117,1,26.0,26.0,1.0,0.0,1756.7093523658093
264,2025,F,117,3,19.333333333333332,15.0,1.0,0.0,1777.7816438484533
265,2023,F,56,2,16.0,16.0,1.0,0.0,1917.0577877504352
266,2023,F,62,1,11.0,11.0,1.0,0.0,1923.3596881262133
267,2023,F,56,2,16.0,16.0,1.0,0.0,1941.1822501264614
267,2025,F,56,2,17.0,17.0,1.0,0.0,1633.0276342051552
268,2023,F,101,4,5.0,5.0,1.0,0.0,1957.1339354526503
268,2024,F,101,4,3.5,3.5,0.5,0.0,1778.30518038718
269,2023,F,62,1,11.0,11.0,1.0,0.0,1967.7683923367763
270,2023,F,117,1,18.0,18.0,1.0,0.0,1975.1534318396414
271,2023,F,117,3,17.333333333333332,18.0,1.0,0.0,1999.9671645692683
271,2024,F,117,2,24.5,24.5,1.0,0.0,2035.640593105255
271,2025,F,117,1,15.0,15.0,1.0,0.0,1917.4970598361067
272,2023,F,62,1,11.0,11.0,1.0,0.0,2012.0786293539677
272,2024,F,62,1,9.0,9.0,1.0,0.0,1986.3647315185221
273,2023,F,56,2,16.0,16.0,1.0,0.0,2014.343374801513
274,2023,F,101,3,5.333333333333333,5.0,1.0,0.0,2055.1087928573284
274,2024,F,101,2,5.5,5.5,1.0,0.0,1857.587430684532
275,2023,F,101,4,5.0,5.0,1.0,0.0,2085.436688415762
275,2024,F,101,4,4.25,5.0,0.75,0.0,1974.907936254301
275,2025,F,101,3,5.0,5.0,1.0,0.0,2037.5948110252668
276,2023,F,56,2,16.0,16.0,1.0,0.0,2171.300081035741
277,2023,F,101,1,6.0,6.0,1.0,0.0,2177.700448604891
278,2023,F,108,2,6.0,6.0,1.0,0.0,2181.3437347596378
279,2023,F,101,1,6.0,6.0,1.0,0.0,2194.5383386714234
280,2023,F,62,1,11.0,11.0,1.0,0.0,2217.579661920363
280,2024,F,62,1,9.0,9.0,1.0,0.0,1999.504961274984
281,2023,F,62,1,11.0,11.0,1.0,0.0,2221.5183496552245
282,2023,F,116,4,11.5,11.0,1.0,0.0,1409.5115298986623
282,2024,F,116,5,13.4,13.0,1.0,0.0,1369.5128361131974
282,2025,F,116,2,11.5,11.5,1.0,0.0,1388.988631493259
283,2023,F,116,4,10.0,10.0,1.0,0.0,1441.0084460906198
284,2023,F,116,5,11.0,11.0,1.0,0.0,1446.6013564424627
284,2024,F,116,1,16.0,16.0,1.0,0.0,1429.8480170048977
285,2023,F,116,5,11.0,11.0,1.0,0.0,1448.465659893077
285,2024,F,116,1,16.0,16.0,1.0,0.0,1453.4511047329318
286,2023,F,116,2,10.0,10.0,1.0,0.0,1510.6745224030492
286,2024,F,116,4,13.5,14.5,1.0,0.0,1465.5223898337208
287,2023,F,111,3,7.333333333333333,8.0,1.0,0.0,1514.5993717727636
287,2024,F,111,2,10.5,10.5,1.0,0.0,1516.8248646427226
288,2023,F,120,1,4.0,4.0,1.0,0.0,1540.601498847121
288,2024,F,120,3,4.666666666666667,5.0,1.0,0.0,1548.4490732134695
289,2023,F,111,2,7.0,7.0,1.0,0.0,1547.5681064783641
289,2024,F,111,3,11.0,11.0,1.0,0.0,1616.7071887430786
289,2025,F,111,2,8.0,8.0,1.0,0.0,1446.911686705422
290,2023,F,116,2,10.0,10.0,1.0,0.0,1556.1046538574928
291,2023,F,116,4,11.0,10.0,1.0,0.0,1556.69338126295
291,2024,F,116,3,15.0,16.0,1.0,0.0,1409.2574393990003
292,2023,F,116,1,11.0,11.0,1.0,0.0,1562.5806553175214
293,2023,F,120,2,3.5,3.5,1.0,0.0,1572.7852636787788
293,2024,F,120,3,3.6666666666666665,3.0,0.6666666666666666,0.0,1560.994302656032
294,2023,F,116,5,11.0,11.0,1.0,0.0,1591.428298184922
294,2024,F,116,5,13.4,13.0,1.0,0.0,1516.8791211879652
294,2025,F,116,1,9.0,9.0,1.0,0.0,1495.9033501565998
295,2023,F,111,2,8.0,8.0,1.0,0.0,1599.3761181585935
296,2023,F,102,1,1.0,1.0,0.0,0.0,1600.1610880325363
297,2023,F,116,3,10.333333333333334,11.0,1.0,0.0,1601.4366640776932
297,2024,F,116,2,11.0,11.0,1.0,0.0,1484.413463940326
297,2025,F,116,1,8.0,8.0,1.0,0.0,1434.9329446815614
298,2023,F,116,3,12.333333333333334,11.0,1.0,0.0,1684.937834418366
299,2023,F,111,2,7.0,7.0,1.0,0.0,1711.332446429695
300,2023,F,111,2,7.0,7.0,1.0,0.0,1735.9608762246526
301,2023,F,120,2,3.5,3.5,1.0,0.0,1755.09451690201
302,2023,F,111,2,8.0,8.0,1.0,0.0,1766.08409513721
302,2024,F,111,3,11.0,11.0,1.0,0.0,1574.4488402442125
302,2025,F,111,2,8.0,8.0,1.0,0.0,1583.3486611900607
303,2023,F,116,3,12.333333333333334,11.0,1.0,0.0,1787.7688879048817
304,2023,F,111,3,7.333333333333333,8.0,1.0,0.0,1831.236594674468
304,2024,F,111,2,11.5,11.5,1.0,0.0,1699.7693411366834
305,2023,F,111,2,8.0,8.0,1.0,0.0,1840.5581119275396
305,2024,F,111,2,10.5,10.5,1.0,0.0,2073.646131974263
306,2023,F,120,2,3.5,3.5,1.0,0.0,1844.384840063011
307,2023,F,120,2,3.5,3.5,1.0,0.0,1848.7021743696966
307,2024,F,120,3,4.666666666666667,5.0,1.0,0.0,1903.7496831048807
307,2025,F,120,1,10.0,10.0,1.0,0.0,1956.8266710604669
308,2023,F,102,1,1.0,1.0,0.0,0.0,1864.7940567855258
309,2023,F,111,3,7.333333333333333,8.0,1.0,0.0,1867.7376938128114
309,2024,F,111,2,11.5,11.5,1.0,0.0,1831.9702207815735
309,2025,F,111,1,4.0,4.0,1.0,0.0,1852.9312236202993
310,2023,M,116,4,10.0,11.0,1.0,0.0,1595.6141606037509
310,2024,M,116,6,13.5,15.0,0.8333333333333334,0.0,1546.526520723512
311,2023,M,111,2,11.0,11.0,1.0,0.0,1632.8815400866383
311,2024,M,111,1,14.0,14.0,1.0,0.0,1718.5962903727277
312,2023,M,116,2,9.0,9.0,1.0,0.0,1643.9929223599006
312,2024,M,116,3,13.0,17.0,0.6666666666666666,0.0,1530.4265449321963
312,2025,M,116,3,19.0,20.0,1.0,0.0,1622.18320303444
313,2023,M,111,3,10.0,9.0,1.0,0.0,1683.128587357762
314,2023,M,120,2,15.5,15.5,1.0,0.0,1695.1249469802217
315,2023,M,120,2,15.5,15.5,1.0,0.0,1696.4032475957297
316,2023,M,102,2,3.0,3.0,0.5,0.0,1710.464554366318
317,2023,M,111,2,10.5,10.5,1.0,0.0,1713.2178172304891
317,2024,M,111,1,13.0,13.0,1.0,0.0,1832.8640766328765
317,2025,M,111,1,20.0,20.0,1.0,0.0,1951.527469828998
318,2023,M,102,2,3.0,3.0,0.5,0.0,1737.5055289251416
319,2023,M,120,2,15.5,15.5,1.0,0.0,1739.17715280696
320,2023,M,111,3,10.0,9.0,1.0,0.0,1757.1716922406497
321,2023,M,120,1,21.0,21.0,1.0,0.0,1770.7413449283504
322,2023,M,120,1,21.0,21.0,1.0,0.0,1820.300076483431
323,2023,M,120,1,21.0,21.0,1.0,0.0,1829.93649650803
323,2024,M,120,2,9.0,9.0,1.0,0.0,1904.9956679781546
323,2025,M,120,2,10.5,10.5,1.0,0.0,2089.187896408346
324,2023,M,120,2,15.5,15.5,1.0,0.0,1831.9031128395807
325,2023,M,120,2,15.5,15.5,1.0,0.0,1834.3613832540193
326,2023,M,120,1,21.0,21.0,1.0,0.0,1834.853037336907
327,2023,M,120,2,15.5,15.5,1.0,0.0,1847.3410510422545
327,2024,M,120,5,8.6,9.0,1.0,0.0,1652.569630502852
328,2023,M,111,1,13.0,13.0,1.0,0.0,1849.602659823538
329,2023,M,116,1,5.0,5.0,1.0,0.0,1861.3040269962653
329,2024,M,116,1,19.0,19.0,1.0,0.0,1992.337723669421
330,2023,M,116,3,9.0,10.0,1.0,0.0,1863.1723125112385
331,2023,M,120,2,15.5,15.5,1.0,0.0,1866.31889864172
332,2023,M,116,2,6.0,6.0,1.0,0.0,1875.5619954000088
333,2023,M,111,2,11.0,11.0,1.0,0.0,1880.6751978620407
333,2024,M,111,3,13.666666666666666,14.0,1.0,0.0,2059.6664375937094
333,2025,M,111,3,14.666666666666666,13.0,1.0,0.0,1903.21688694987
334,2023,M,111,2,10.5,10.5,1.0,0.0,1890.6066103363723
334,2024,M,111,3,13.666666666666666,14.0,1.0,0.0,2065.4044996017356
335,2023,M,120,2,15.5,15.5,1.0,0.0,1892.179903401613
335,2024,M,120,4,9.25,9.5,1.0,0.0,2026.3995763672474
335,2025,M,120,2,10.0,10.0,1.0,0.0,1759.9625838071106
336,2023,M,120,1,21.0,21.0,1.0,0.0,1918.335900611239
337,2023,M,120,1,21.0,21.0,1.0,0.0,1926.6940200203298
337,2024,M,120,1,6.0,6.0,1.0,0.0,1929.520175605391
338,2023,M,120,1,21.0,21.0,1.0,0.0,1929.1522904347685
339,2023,M,111,2,11.0,11.0,1.0,0.0,1930.1355986005437
340,2023,M,102,2,3.0,3.0,0.5,0.0,1938.2970563764795
340,2025,M,102,2,5.5,5.5,1.0,0.0,1945.7971292607074
341,2023,M,111,1,13.0,13.0,1.0,0.0,1971.2378799299556
342,2023,M,120,2,15.5,15.5,1.0,0.0,2013.2251386085654
343,2023,M,120,1,21.0,21.0,1.0,0.0,2013.9134543246082
343,2025,M,120,1,9.0,9.0,1.0,0.0,2094.1839131764027
344,2023,M,120,2,15.5,15.5,1.0,0.0,2052.5574652395817
344,2024,M,120,3,10.333333333333334,10.0,1.0,0.0,1989.2851650998641
344,2025,M,120,3,9.0,10.0,1.0,0.0,2037.1547383501552
345,2023,M,120,1,21.0,21.0,1.0,0.0,2060.62059219894
345,2024,M,120,2,10.5,10.5,1.0,0.0,2058.6339835299814
345,2025,M,120,3,10.0,10.0,1.0,0.0,1864.0324699012774
346,2023,M,120,2,15.5,15.5,1.0,0.0,2062.587208530491
346,2024,M,120,4,9.25,9.5,1.0,0.0,2016.0575454837133
347,2023,M,111,3,10.0,9.0,1.0,0.0,2109.0976847716674
348,2023,M,111,1,13.0,13.0,1.0,0.0,2124.830615424074
349,2023,M,111,1,13.0,13.0,1.0,0.0,2156.3948075454646
350,2023,M,116,4,8.5,8.5,1.0,0.0,2169.571136966855
351,2023,M,111,3,10.0,9.0,1.0,0.0,2192.7772096791546
352,2023,M,120,1,21.0,21.0,1.0,0.0,2202.118637254021
353,2023,M,111,1,13.0,13.0,1.0,0.0,2209.1984560476035
353,2024,M,111,3,13.666666666666666,14.0,1.0,0.0,2271.091189470749
354,2023,M,120,1,21.0,21.0,1.0,0.0,2246.465835530492
355,2023,F,96,4,10.0,9.0,1.0,0.0,1445.891100181183
356,2023,F,96,4,10.0,9.0,1.0,0.0,1526.5478637679923
357,2023,F,96,4,10.0,9.0,1.0,0.0,1534.8507659019283
357,2024,F,96,5,12.4,12.0,1.0,0.0,1540.4371896559828
357,2025,F,96,3,13.666666666666666,15.0,1.0,0.0,1696.9188611746044
358,2023,F,96,4,10.0,9.0,1.0,0.0,1609.5768851073547
358,2024,F,96,4,11.0,11.5,1.0,0.0,1567.9043014235779
358,2025,F,96,4,15.25,15.0,1.0,0.0,1548.3772338270721
359,2023,F,96,3,10.666666666666666,10.0,1.0,0.0,1667.6972000449084
360,2023,F,96,3,10.666666666666666,10.0,1.0,0.0,1694.9781641992704
360,2024,F,96,5,12.4,12.0,1.0,0.0,1591.413270447371
360,2025,F,96,3,12.666666666666666,14.0,1.0,0.0,2064.6943932790127
361,2023,F,96,3,10.0,8.0,1.0,0.0,1837.313629352463
362,2023,F,96,4,10.0,9.0,1.0,0.0,1873.1653000082927
363,2023,M,96,4,16.5,16.0,1.0,0.0,1585.8735200686024
363,2024,M,96,4,10.25,10.0,0.75,0.0,1504.9396855241687
363,2025,M,96,2,15.0,15.0,1.0,0.0,1760.6320905670252
364,2023,M,96,4,16.5,16.0,1.0,0.0,1628.7086550489698
364,2024,M,96,7,12.571428571428571,11.0,0.8571428571428571,0.0,1520.2383773271647
364,2025,M,96,5,13.4,13.0,1.0,0.0,1792.5158293025947
365,2023,M,96,4,16.5,16.0,1.0,0.0,1685.1731511594542
366,2023,M,96,4,16.5,16.0,1.0,0.0,1700.7495638795879
366,2024,M,96,1,17.0,17.0,1.0,0.0,1772.8527451888676
367,2023,M,96,3,16.666666666666668,16.0,1.0,0.0,1708.5377702396545
367,2024,M,96,4,16.5,18.0,1.0,0.0,1702.5105372676041
367,2025,M,96,5,13.4,13.0,1.0,0.0,1996.5911275510978
368,2023,M,96,4,16.5,16.0,1.0,0.0,1767.922843735164
368,2024,M,96,6,14.333333333333334,14.0,1.0,0.0,1774.8990406768855
368,2025,M,96,5,13.4,13.0,1.0,0.0,2036.1981723348927
369,2023,M,96,3,16.666666666666668,16.0,1.0,0.0,1823.4138140506398
369,2024,M,96,1,17.0,17.0,1.0,0.0,1827.7945015422579
370,2023,M,96,4,16.5,16.0,1.0,0.0,1827.3079172306732
370,2024,M,96,6,14.333333333333334,14.0,1.0,0.0,1791.0730387138365
370,2025,M,96,5,13.4,13.0,1.0,0.0,2064.0221212955084
371,2023,M,96,4,16.5,16.0,1.0,0.0,1950.9456931967338
371,2024,M,96,3,13.0,11.0,1.0,0.0,1780.875455523493
371,2025,M,96,5,13.4,13.0,1.0,0.0,2079.1718159253105
372,2023,M,96,4,16.5,16.0,1.0,0.0,1984.0455702270176
373,2023,M,96,1,15.0,15.0,1.0,0.0,1988.9131992020593
374,2023,M,96,3,16.666666666666668,16.0,1.0,0.0,2027.8542310023934
374,2024,M,96,1,17.0,17.0,1.0,0.0,2320.308103138723
375,2023,M,96,4,16.5,16.0,1.0,0.0,2086.2657787028947
375,2024,M,96,5,15.4,17.0,1.0,0.0,2168.0060905261976
376,2023,M,96,3,16.666666666666668,16.0,1.0,0.0,2090.159881882928
377,2023,M,96,1,15.0,15.0,1.0,0.0,2154.412584353479
378,2023,M,96,4,16.5,16.0,1.0,0.0,2233.2681737491553
379,2023,M,61,4,16.5,15.0,1.0,0.0,1525.559745793132
380,2023,M,61,4,13.75,9.5,1.0,0.0,1537.788681631153
381,2023,M,61,3,11.333333333333334,5.0,1.0,0.0,1578.9134094090143
381,2024,M,61,1,22.0,22.0,1.0,0.0,1680.6269510534864
382,2023,M,61,5,16.0,14.0,1.0,0.0,1627.0401891586457
382,2024,M,61,1,7.0,7.0,1.0,0.0,1537.8710340558225
382,2025,M,61,2,12.0,12.0,1.0,0.0,1550.432996706699
383,2023,M,61,1,4.0,4.0,1.0,0.0,1637.6911977917607
384,2023,F,165,3,6.666666666666667,8.0,0.6666666666666666,0.0,1400.4248381995455
384,2024,F,165,3,3.3333333333333335,3.0,0.6666666666666666,0.0,1347.1991942171371
384,2025,F,165,1,2.0,2.0,0.0,0.0,1401.7153344281744
385,2023,F,165,2,9.0,9.0,1.0,0.0,1486.1028579687097
385,2024,F,165,2,4.0,4.0,1.0,0.0,1654.9937231847205
386,2023,F,165,3,6.666666666666667,8.0,0.6666666666666666,0.0,1547.2511433108118
387,2023,F,165,2,9.0,9.0,1.0,0.0,1572.7198149408239
388,2023,F,165,2,9.0,9.0,1.0,0.0,1726.705516224582
389,2023,F,165,1,8.0,8.0,1.0,0.0,1894.188439800743
390,2023,F,165,1,8.0,8.0,1.0,0.0,1903.5778118302403
391,2023,F,165,2,9.0,9.0,1.0,0.0,2002.2835852903324
391,2024,F,165,3,3.3333333333333335,3.0,0.6666666666666666,0.0,1893.106701475947
392,2023,F,165,1,8.0,8.0,1.0,0.0,2026.5785854166572
393,2023,M,165,2,13.0,13.0,1.0,0.0,1561.8591438536837
393,2024,M,165,3,6.0,6.0,1.0,0.0,1894.4005675485314
393,2025,M,165,1,5.0,5.0,1.0,0.0,1628.0341256777303
394,2023,M,165,3,12.666666666666666,12.0,1.0,0.0,1597.2841351628153
394,2024,M,165,3,6.0,6.0,1.0,0.0,1569.1202302664608
394,2025,M,165,2,8.0,8.0,1.0,0.0,1640.516526997934
395,2023,M,165,3,12.666666666666666,12.0,1.0,0.0,1613.081766422293
395,2025,M,165,1,11.0,11.0,1.0,0.0,1672.7788380912643
396,2023,M,165,3,12.666666666666666,12.0,1.0,0.0,1661.5278356180243
397,2023,M,165,2,13.0,13.0,1.0,0.0,1783.5046975851421
397,2024,M,165,1,8.0,8.0,1.0,0.0,1783.2675066172312
398,2023,M,165,3,12.666666666666666,12.0,1.0,0.0,1802.9405711952872
399,2023,M,165,3,12.666666666666666,12.0,1.0,0.0,1882.9819029099738
399,2024,M,165,2,7.0,7.0,1.0,0.0,1678.5093424982274
400,2023,M,165,3,12.666666666666666,12.0,1.0,0.0,1906.3432485300496
401,2023,M,165,3,12.666666666666666,12.0,1.0,0.0,1970.3954625457495
402,2023,M,165,3,12.666666666666666,12.0,1.0,0.0,1977.9591769063481
403,2023,M,165,2,13.0,13.0,1.0,0.0,2137.658867456703
404,2023,F,112,4,9.5,9.5,1.0,0.0,1419.524221155859
404,2024,F,112,3,18.0,18.0,1.0,0.0,1368.1487149981153
404,2025,F,112,4,19.5,22.5,1.0,0.0,1337.4840342984735
405,2023,F,112,1,9.0,9.0,1.0,0.0,1548.8423421833313
406,2023,F,112,3,9.333333333333334,9.0,1.0,0.0,1559.2552276955128
406,2024,F,112,2,20.5,20.5,1.0,0.0,1486.4775959400722
407,2023,F,112,3,11.0,10.0,1.0,0.0,1604.0802205669988
408,2023,F,112,4,9.5,9.5,1.0,0.0,1607.253671389759
408,2024,F,112,4,19.25,18.5,1.0,0.0,1607.0849552874172
408,2025,F,112,4,19.5,22.5,1.0,0.0,1476.6173027195118
409,2023,F,112,3,8.0,9.0,1.0,0.0,1772.1739438350708
409,2024,F,112,4,19.25,18.5,1.0,0.0,1669.304857991512
409,2025,F,112,4,19.5,22.5,1.0,0.0,1384.249888816563
410,2023,F,112,1,9.0,9.0,1.0,0.0,1780.504252244816
411,2023,F,112,2,9.5,9.5,1.0,0.0,1829.1968883065404
412,2023,F,112,3,11.0,10.0,1.0,0.0,1841.692350921158
413,2023,F,112,2,9.5,9.5,1.0,0.0,1866.484935473971
414,2023,M,112,4,23.0,22.0,1.0,0.0,1632.8192899349913
414,2024,M,112,3,29.333333333333332,28.0,1.0,0.0,1720.5754581441327
415,2023,M,112,4,23.0,22.0,1.0,0.0,1650.8396107626043
415,2024,M,112,2,22.0,22.0,1.0,0.0,1658.7461243318164
415,2025,M,112,2,34.5,34.5,1.0,0.0,1706.696960898488
416,2023,M,112,3,25.333333333333332,27.0,1.0,0.0,1651.631712777005
416,2025,M,112,4,30.25,34.5,1.0,0.0,1828.091291403612
417,2023,M,112,3,25.0,27.0,1.0,0.0,1653.5129550612064
417,2024,M,112,4,26.0,28.0,1.0,0.0,1611.7388753054204
417,2025,M,112,3,37.333333333333336,35.0,1.0,0.0,1592.640482967379
418,2023,M,112,3,25.333333333333332,27.0,1.0,0.0,1665.5925107808152
419,2023,M,112,2,29.5,29.5,1.0,0.0,1703.712420223843
419,2024,M,112,3,24.0,28.0,1.0,0.0,1712.0756532007144
419,2025,M,112,1,43.0,43.0,1.0,0.0,1674.0562253614771
420,2023,M,112,4,23.0,22.0,1.0,0.0,1762.9220458002862
420,2024,M,112,4,26.0,28.0,1.0,0.0,1716.1790073113302
420,2025,M,112,3,29.333333333333332,35.0,1.0,0.0,1763.0955306688281
421,2023,M,112,3,25.333333333333332,27.0,1.0,0.0,1764.1101988218873
421,2024,M,112,3,29.333333333333332,28.0,1.0,0.0,1605.486145232101
421,2025,M,112,3,29.0,34.0,1.0,0.0,1701.3251234742663
422,2023,M,112,4,23.0,22.0,1.0,0.0,1804.6064143081164
423,2023,M,112,4,23.0,22.0,1.0,0.0,1816.9830082831256
424,2023,M,112,2,29.5,29.5,1.0,0.0,1821.537594865929
425,2023,M,112,1,27.0,27.0,1.0,0.0,1847.577948589348
426,2023,M,112,2,29.5,29.5,1.0,0.0,1851.637471413151
426,2024,M,112,2,30.0,30.0,1.0,0.0,1603.043672547211
427,2023,M,112,3,25.333333333333332,27.0,1.0,0.0,1854.2118029599528
427,2025,M,112,1,43.0,43.0,1.0,0.0,2418.135513292171
428,2023,M,112,2,29.5,29.5,1.0,0.0,1865.598269416961
429,2023,M,112,2,29.5,29.5,1.0,0.0,1867.5785244529627
429,2024,M,112,2,30.0,30.0,1.0,0.0,1826.7741704831637
430,2023,M,112,2,21.5,21.5,1.0,0.0,1877.2817741293698
431,2023,M,112,1,27.0,27.0,1.0,0.0,1886.291934543176
432,2023,M,112,1,27.0,27.0,1.0,0.0,1913.9164922953964
433,2023,M,112,4,23.0,22.0,1.0,0.0,1929.659519831608
433,2024,M,112,3,25.333333333333332,28.0,1.0,0.0,1875.373858711428
433,2025,M,112,3,37.333333333333336,35.0,1.0,0.0,1680.800146400124
434,2023,M,112,2,22.0,22.0,1.0,0.0,1930.2535963424084
434,2024,M,112,1,32.0,32.0,1.0,0.0,1803.3694064358165
434,2025,M,112,1,43.0,43.0,1.0,0.0,1976.1643402956392
435,2023,M,112,4,23.0,22.0,1.0,0.0,1931.8378003712094
435,2024,M,112,4,26.0,28.0,1.0,0.0,1668.2088437800844
435,2025,M,112,3,37.333333333333336,35.0,1.0,0.0,1603.1961854626522
436,2023,M,112,3,25.333333333333332,27.0,1.0,0.0,1953.1255420082248
436,2024,M,112,2,30.0,30.0,1.0,0.0,1933.07058172959
437,2023,M,112,4,23.0,22.0,1.0,0.0,2054.9106508586992
437,2024,M,112,4,26.0,28.0,1.0,0.0,1834.4923841674172
437,2025,M,112,4,30.25,34.5,1.0,0.0,1807.4685763434022
438,2023,M,112,2,29.5,29.5,1.0,0.0,2086.000654923922
439,2023,M,112,1,27.0,27.0,1.0,0.0,2420.366717752766
440,2023,M,112,3,25.0,27.0,1.0,0.0,2449.080415774787
441,2023,M,112,1,27.0,27.0,1.0,0.0,2469.080991638401
442,2023,F,116,2,13.0,13.0,1.0,0.0,1424.005687903809
443,2023,F,116,2,13.0,13.0,1.0,0.0,1442.3876060070854
443,2025,F,116,2,12.0,12.0,1.0,0.0,1537.054522573806
444,2023,F,116,1,15.0,15.0,1.0,0.0,1475.000686512898
445,2023,F,116,3,11.666666666666666,11.0,1.0,0.0,1530.0476133060429
445,2024,F,116,3,15.0,16.0,1.0,0.0,1483.0004382666339
445,2025,F,116,1,9.0,9.0,1.0,0.0,1529.0960411157612
446,2023,F,116,1,15.0,15.0,1.0,0.0,1540.6221575912612
446,2024,F,116,3,15.0,16.0,1.0,0.0,1484.3172775321273
446,2025,F,116,2,13.0,13.0,1.0,0.0,1434.6448596062944
447,2023,F,116,1,15.0,15.0,1.0,0.0,1548.330703892635
448,2023,F,116,3,11.666666666666666,11.0,1.0,0.0,1550.0107716762677
448,2024,F,116,5,13.4,13.0,1.0,0.0,1583.1999351046359
448,2025,F,116,2,9.5,9.5,1.0,0.0,1425.9128451955742
449,2023,F,116,2,12.0,12.0,1.0,0.0,1688.56695006763
450,2023,F,116,1,15.0,15.0,1.0,0.0,1688.56695006763
451,2023,M,116,3,11.666666666666666,12.0,1.0,0.0,1504.0210288108794
453,2023,M,116,2,11.5,11.5,1.0,0.0,1562.7140511852792
454,2023,M,116,3,10.666666666666666,12.0,1.0,0.0,1612.5291374022067
454,2024,M,116,5,16.0,17.0,1.0,0.0,1541.015199207242
455,2023,M,116,2,11.5,11.5,1.0,0.0,1657.806611805315
455,2025,M,116,1,20.0,20.0,1.0,0.0,1657.8349039853072
456,2023,M,116,1,13.0,13.0,1.0,0.0,1681.579751960324
457,2023,M,116,2,10.0,10.0,1.0,0.0,1707.3257668169933
458,2023,M,116,3,10.666666666666666,12.0,1.0,0.0,1742.9361551819657
458,2024,M,116,4,17.5,18.0,1.0,0.0,1687.2826778304056
459,2023,M,116,2,12.5,12.5,1.0,0.0,1788.312273320157
460,2023,M,116,2,10.0,10.0,1.0,0.0,1892.085482627499
461,2023,M,116,2,12.5,12.5,1.0,0.0,1932.332126541373
462,2023,M,116,3,10.666666666666666,12.0,1.0,0.0,2349.397838472402
463,2023,M,119,3,6.0,8.0,0.6666666666666666,0.0,1580.9631421756387
464,2023,M,119,2,5.0,5.0,0.5,0.0,1611.9372749917084
465,2023,M,119,2,5.0,5.0,0.5,0.0,1716.0064155042996
466,2023,M,167,5,18.2,4.0,0.6,0.0,1524.8190487291763
466,2024,M,167,4,34.5,43.5,1.0,0.0,1506.3802017040257
466,2025,M,167,5,35.0,43.0,1.0,0.0,1547.4238172232338
467,2023,M,167,4,23.75,24.0,0.75,0.0,1556.1943211262594
467,2024,M,167,4,41.5,43.5,1.0,0.0,1586.7068258564063
467,2025,M,167,3,41.666666666666664,43.0,1.0,0.0,1550.960336866456
468,2023,M,167,5,19.4,4.0,0.6,0.0,1567.6122337111303
469,2023,F,1,1,9.0,9.0,1.0,0.0,1645.1673112916433
470,2023,F,1,1,9.0,9.0,1.0,0.0,2453.9973873504823
471,2023,M,1,2,13.0,13.0,1.0,0.0,1726.0779924082021
471,2024,M,1,2,16.0,16.0,1.0,0.0,1615.8834251130677
471,2025,M,1,1,10.0,10.0,1.0,0.0,1650.2530352256276
472,2023,M,1,2,13.0,13.0,1.0,0.0,1737.2209161940639
473,2023,M,1,1,14.0,14.0,1.0,0.0,1795.183668869644
474,2023,F,88,4,7.25,7.0,1.0,0.0,1328.0608471347591
474,2024,F,88,1,6.0,6.0,1.0,0.0,1344.3730326645589
474,2025,F,88,1,7.0,7.0,1.0,0.0,1353.4311102496931
475,2023,F,76,1,3.0,3.0,1.0,0.0,1419.3381617324999
476,2023,F,90,4,2.75,2.5,0.5,0.0,1421.1008281400607
476,2024,F,90,2,2.5,2.5,0.5,0.0,1420.891318239368
477,2023,F,79,2,6.0,6.0,1.0,0.0,1428.0535678587723
479,2023,F,68,2,2.5,2.5,0.5,0.0,1472.6098576054458
479,2024,F,68,1,0.0,0.0,0.0,1.0,1390.050867812768
480,2023,F,94,4,4.75,4.5,0.75,0.0,1507.4714821105356
480,2025,F,94,1,7.0,7.0,1.0,0.0,1531.3124411498184
481,2023,F,88,4,7.25,7.0,1.0,0.0,1526.7628866821722
481,2024,F,88,1,15.0,15.0,1.0,0.0,1447.2705714344474
481,2025,F,88,3,12.666666666666666,10.0,1.0,0.0,1473.0637819862795
482,2023,F,68,2,2.5,2.5,0.5,0.0,1534.1073300470086
483,2023,F,79,4,5.25,4.5,1.0,0.0,1555.2593269377371
484,2023,F,88,1,5.0,5.0,1.0,0.0,1566.4228808522882
485,2023,F,79,1,8.0,8.0,1.0,0.0,1577.4885088553085
485,2024,F,79,1,9.0,9.0,1.0,0.0,1545.208774011059
486,2023,F,79,2,6.0,6.0,1.0,0.0,1585.3225817778005
487,2023,F,88,2,7.5,7.5,1.0,0.0,1593.9400619925418
488,2023,F,76,1,3.0,3.0,1.0,0.0,1601.3824312689092
489,2023,F,63,3,0.6666666666666666,1.0,0.0,0.3333333333333333,1623.6116131864806
489,2025,F,63,1,2.0,2.0,0.0,0.0,1548.1844010147586
490,2023,F,79,4,5.25,4.5,1.0,0.0,1625.4722055055724
490,2024,F,79,1,6.0,6.0,1.0,0.0,1637.264163074084
490,2025,F,79,2,8.5,8.5,1.0,0.0,1671.8651550848792
491,2023,F,68,1,3.0,3.0,1.0,0.0,1627.332797824664
492,2023,F,88,2,7.5,7.5,1.0,0.0,1664.6425701180326
493,2023,F,90,2,4.0,4.0,1.0,0.0,1679.135605024643
494,2023,F,68,1,3.0,3.0,1.0,0.0,1697.251898657906
495,2023,F,94,2,5.0,5.0,0.5,0.0,1769.6191472794262
495,2025,F,94,1,7.0,7.0,1.0,0.0,1739.4196689212079
496,2023,F,79,1,8.0,8.0,1.0,0.0,1782.1536639554138
497,2023,F,90,4,2.75,2.5,0.5,0.0,1807.320623218919
497,2024,F,90,2,2.5,2.5,0.5,0.0,1717.0760213929434
498,2023,F,79,3,5.666666666666667,5.0,1.0,0.0,1840.5175072279794
499,2023,F,79,1,8.0,8.0,1.0,0.0,1852.0727647886551
500,2023,F,90,2,4.0,4.0,1.0,0.0,1893.9850549239877
500,2024,F,90,1,3.0,3.0,1.0,0.0,2163.5836747390667
501,2023,F,76,1,3.0,3.0,1.0,0.0,2100.3149505201227
502,2023,F,76,1,3.0,3.0,1.0,0.0,2102.371394662277
503,2023,F,79,2,6.5,6.5,1.0,0.0,2272.3707770803544
504,2023,M,88,4,20.25,19.0,1.0,0.0,1676.1491510919577
504,2024,M,88,3,22.666666666666668,18.0,1.0,0.0,1536.813562145912
504,2025,M,88,5,21.8,19.0,1.0,0.0,1556.8708950441235
505,2023,M,88,3,18.666666666666668,19.0,1.0,0.0,1560.4104408044002
506,2023,M,79,4,22.5,23.0,1.0,0.0,1594.983933498598
506,2024,M,79,3,18.333333333333332,19.0,1.0,0.0,1629.351891194778
506,2025,M,79,4,20.0,19.0,1.0,0.0,1633.9923842407968
507,2023,M,88,4,20.25,19.0,1.0,0.0,1684.9263677117785
507,2024,M,88,4,18.0,17.0,1.0,0.0,1577.7277163105475
507,2025,M,88,5,21.8,19.0,1.0,0.0,1606.603811359143
508,2023,M,79,3,21.333333333333332,21.0,1.0,0.0,1650.7128778130407
508,2024,M,79,3,18.333333333333332,19.0,1.0,0.0,1567.8290431864602
509,2023,M,79,4,22.5,23.0,1.0,0.0,1657.470869302841
509,2024,M,79,3,18.333333333333332,19.0,1.0,0.0,1782.2962236223436
510,2023,M,79,3,23.0,25.0,1.0,0.0,1660.1153007553721
511,2023,M,79,2,22.0,22.0,1.0,0.0,1664.4247446039406
512,2023,M,79,4,22.5,23.0,1.0,0.0,1665.7959312830303
512,2024,M,79,3,18.333333333333332,19.0,1.0,0.0,1658.9018499267738
512,2025,M,79,2,21.0,21.0,1.0,0.0,1706.0254311473745
513,2023,M,88,4,20.25,19.0,1.0,0.0,1641.6520891686625
513,2024,M,88,3,22.666666666666668,18.0,1.0,0.0,1764.8612642873666
513,2025,M,88,3,20.333333333333332,19.0,1.0,0.0,1898.0304451860143
514,2023,M,79,1,18.0,18.0,1.0,0.0,1684.3069514507454
515,2023,M,79,4,22.5,23.0,1.0,0.0,1686.657557186328
515,2024,M,79,3,18.333333333333332,19.0,1.0,0.0,1609.2823185338677
515,2025,M,79,3,22.666666666666668,21.0,1.0,0.0,1712.5205401821709
516,2023,M,88,4,20.25,19.0,1.0,0.0,1693.21966486483
517,2023,M,88,4,20.25,19.0,1.0,0.0,1682.039121474524
517,2024,M,88,1,34.0,34.0,1.0,0.0,1904.6512910165363
518,2023,M,68,2,1.0,1.0,0.0,0.0,1698.1167601472941
518,2025,M,68,2,3.0,3.0,0.5,0.0,1900.6598776908584
519,2023,M,88,1,19.0,19.0,1.0,0.0,1704.18915829755
520,2023,M,79,2,19.5,19.5,1.0,0.0,1705.6582868822893
521,2023,M,88,5,16.2,19.0,0.8,0.2,1657.4838058325602
521,2024,M,88,3,22.666666666666668,18.0,1.0,0.0,1747.6188707465558
521,2025,M,88,1,19.0,19.0,1.0,0.0,1797.2514560303948
522,2023,M,79,1,18.0,18.0,1.0,0.0,1709.3800792969619
523,2023,M,79,4,22.5,23.0,1.0,0.0,1724.0713651443548
523,2024,M,79,4,17.5,17.0,1.0,0.0,1663.677578907579
523,2025,M,79,2,19.0,19.0,1.0,0.0,1705.584834600672
524,2023,M,88,4,14.0,18.5,0.75,0.25,1684.028697830206
525,2023,M,90,4,7.5,7.0,1.0,0.0,1731.319066162402
526,2023,M,79,4,22.5,23.0,1.0,0.0,1736.0202776335673
527,2023,M,63,3,7.666666666666667,7.0,1.0,0.0,1736.9996966900603
527,2024,M,63,1,11.0,11.0,1.0,0.0,1944.9444479274066
528,2023,M,63,3,7.666666666666667,7.0,1.0,0.0,1739.5461862369416
528,2024,M,63,1,11.0,11.0,1.0,0.0,1812.0277958533497
529,2023,M,88,4,20.25,19.0,1.0,0.0,1740.1338376708375
529,2024,M,88,3,12.666666666666666,16.0,1.0,0.0,1851.19179846739
529,2025,M,88,4,21.25,18.5,1.0,0.0,1657.222209064236
530,2023,M,88,2,22.0,22.0,1.0,0.0,1740.8194310103825
530,2024,M,88,2,25.0,25.0,1.0,0.0,1718.9789628313113
530,2025,M,88,4,22.75,21.5,1.0,0.0,1649.1653014710382
531,2023,M,90,4,7.5,7.0,1.0,0.0,1760.5057540458886
531,2024,M,90,2,7.5,7.5,1.0,0.0,1673.681149291894
531,2025,M,90,3,9.666666666666666,9.0,1.0,0.0,1763.7752061183205
532,2023,M,94,4,6.5,6.5,1.0,0.0,1760.701637857187
532,2024,M,94,2,6.0,6.0,1.0,0.0,1705.7305700541915
533,2023,M,79,2,19.5,19.5,1.0,0.0,1766.7740360074429
534,2023,M,88,4,20.25,19.0,1.0,0.0,1696.2553568461872
535,2023,M,79,3,21.333333333333332,21.0,1.0,0.0,1777.841471345812
535,2024,M,79,3,17.0,15.0,1.0,0.0,1740.2590993263811
535,2025,M,79,1,17.0,17.0,1.0,0.0,1774.1540210164806
536,2023,M,94,2,4.5,4.5,1.0,0.0,1780.9756123265893
537,2023,M,79,3,23.0,25.0,1.0,0.0,1781.5632637604847
537,2024,M,79,2,15.0,15.0,1.0,0.0,1802.0549833395544
538,2023,M,79,4,22.5,23.0,1.0,0.0,1795.6668981739817
539,2023,M,88,2,22.0,22.0,1.0,0.0,1799.3886905886545
539,2024,M,88,1,34.0,34.0,1.0,0.0,1672.1225148475269
539,2025,M,88,5,21.8,19.0,1.0,0.0,1599.17939047314
541,2023,M,63,2,8.0,8.0,1.0,0.0,1871.4739331465278
542,2023,M,79,2,22.0,22.0,1.0,0.0,1883.129019918793
543,2023,M,90,2,8.0,8.0,1.0,0.0,1890.6705466537876
544,2023,M,79,2,21.5,21.5,1.0,0.0,1931.1205536869422
544,2024,M,79,1,15.0,15.0,1.0,0.0,2188.2041360446215
545,2023,M,90,2,8.0,8.0,1.0,0.0,1932.0020308377857
546,2023,M,63,2,6.5,6.5,1.0,0.0,1938.955906138885
548,2023,M,88,3,21.0,19.0,1.0,0.0,1913.0529462640525
548,2024,M,88,2,25.0,25.0,1.0,0.0,1935.5317359455587
549,2023,M,94,4,6.5,6.5,1.0,0.0,1948.260387175567
550,2023,M,88,4,20.25,19.0,1.0,0.0,1858.1265823280805
550,2025,M,88,1,30.0,30.0,1.0,0.0,1987.4289230439258
551,2023,M,88,4,20.25,19.0,1.0,0.0,1860.2267080079857
551,2024,M,88,2,26.0,26.0,1.0,0.0,2004.209066150482
551,2025,M,88,4,22.75,21.5,1.0,0.0,1988.9079688822906
552,2023,M,90,4,7.5,7.0,1.0,0.0,1969.8076064184097
552,2024,M,90,2,7.5,7.5,1.0,0.0,1800.6124418550357
552,2025,M,90,3,9.666666666666666,9.0,1.0,0.0,1920.7817851600666
553,2023,M,94,2,6.0,6.0,1.0,0.0,2009.180252489422
553,2025,M,94,1,8.0,8.0,1.0,0.0,2065.494405906242
554,2023,M,63,3,7.666666666666667,7.0,1.0,0.0,2047.8673052208892
554,2024,M,63,1,11.0,11.0,1.0,0.0,1867.063597102764
555,2023,M,88,1,19.0,19.0,1.0,0.0,2048.3570147491355
556,2023,M,88,3,21.0,19.0,1.0,0.0,1823.8783789327103
556,2025,M,88,1,30.0,30.0,1.0,0.0,2468.6053487488216
557,2023,M,76,1,3.0,3.0,1.0,0.0,2108.7871705347443
557,2025,M,76,3,8.0,9.0,1.0,0.0,1984.4201950281279
558,2023,M,88,1,19.0,19.0,1.0,0.0,2165.3975920000307
559,2023,M,76,1,3.0,3.0,1.0,0.0,2167.3564301130164
560,2023,M,76,1,3.0,3.0,1.0,0.0,2178.619749262684
561,2023,M,88,4,20.25,19.0,1.0,0.0,2203.5949352032517
562,2023,M,76,1,3.0,3.0,1.0,0.0,2290.567347419816
563,2023,M,63,3,7.666666666666667,7.0,1.0,0.0,2292.232359815854
564,2023,M,68,1,1.0,1.0,0.0,0.0,2293.309720777996
565,2023,M,94,4,6.5,6.5,1.0,0.0,2310.8413218892183
566,2023,M,63,2,8.0,8.0,1.0,0.0,2364.0237766567793
567,2023,F,164,2,17.5,17.5,1.0,0.0,1442.8612056943455
567,2024,F,164,2,25.0,25.0,1.0,0.0,1363.4654883363044
567,2025,F,164,4,20.25,24.5,1.0,0.0,1351.0939389286257
568,2023,F,164,3,16.0,13.0,1.0,0.0,1443.3525764904546
568,2024,F,164,1,30.0,30.0,1.0,0.0,1544.2456873783722
568,2025,F,164,3,25.666666666666668,25.0,1.0,0.0,1430.351952077019
569,2023,F,132,3,9.0,9.0,1.0,0.0,1456.324765507731
570,2023,F,167,4,22.75,23.0,1.0,0.0,1479.419192924852
570,2024,F,167,2,17.0,17.0,1.0,0.0,1564.4242228430053
570,2025,F,167,2,20.0,20.0,1.0,0.0,1413.4320763081678
571,2023,F,167,2,24.5,24.5,1.0,0.0,1481.8760469053968
572,2023,F,132,3,9.0,9.0,1.0,0.0,1484.627723363607
573,2023,F,164,3,13.0,10.0,1.0,0.0,1488.2638672548132
573,2024,F,164,3,23.333333333333332,20.0,1.0,0.0,1420.822105912154
573,2025,F,164,1,25.0,25.0,1.0,0.0,1843.5767317069556
574,2023,F,164,3,16.0,13.0,1.0,0.0,1491.5069145091325
574,2024,F,164,3,23.333333333333332,20.0,1.0,0.0,1447.5950415438117
575,2023,F,164,3,13.0,10.0,1.0,0.0,1502.611894501195
575,2024,F,164,3,23.333333333333332,20.0,1.0,0.0,1381.248971128135
575,2025,F,164,2,26.0,26.0,1.0,0.0,1387.1738898235376
576,2023,F,159,2,7.5,7.5,1.0,0.0,1518.4340341359032
576,2024,F,159,1,15.0,15.0,1.0,0.0,1781.1158152839948
576,2025,F,159,3,11.333333333333334,11.0,1.0,0.0,1458.0557937674564
577,2023,F,167,4,22.75,23.0,1.0,0.0,1526.099418555203
577,2024,F,167,4,19.25,19.5,1.0,0.0,1432.6451906254044
578,2023,F,164,2,19.0,19.0,1.0,0.0,1526.8856118289775
578,2024,F,164,4,18.25,20.0,1.0,0.0,1496.646186387213
579,2023,F,164,2,17.5,17.5,1.0,0.0,1532.3889647453977
580,2023,F,167,4,22.75,23.0,1.0,0.0,1533.1751580191722
580,2024,F,167,1,18.0,18.0,1.0,0.0,1498.2045377576223
580,2025,F,167,3,18.0,18.0,1.0,0.0,1519.334931054645
581,2023,F,167,4,22.75,23.0,1.0,0.0,1548.8990234946586
582,2023,F,167,3,24.333333333333332,24.0,1.0,0.0,1550.8645066790943
583,2023,F,159,2,10.0,10.0,1.0,0.0,1557.4488753469545
583,2024,F,159,4,10.75,10.5,1.0,0.0,1420.6266830243321
583,2025,F,159,3,11.333333333333334,11.0,1.0,0.0,1499.0918100523202
584,2023,F,132,2,9.0,9.0,1.0,0.0,1564.819437288589
585,2023,F,167,1,22.0,22.0,1.0,0.0,1568.946951975904
586,2023,F,167,4,22.75,23.0,1.0,0.0,1573.5658374593286
587,2023,F,132,2,9.0,9.0,1.0,0.0,1577.988174624309
587,2024,F,132,2,5.5,5.5,1.0,0.0,1559.1577252971128
588,2023,F,137,2,7.5,7.5,1.0,0.0,1581.6243185155156
588,2024,F,137,2,8.0,8.0,1.0,0.0,1758.7916799732347
588,2025,F,137,1,10.0,10.0,1.0,0.0,1541.9838473061832
589,2023,F,137,2,7.5,7.5,1.0,0.0,1581.7225926747371
589,2024,F,137,2,8.0,8.0,1.0,0.0,1732.7468554440143
589,2025,F,137,1,10.0,10.0,1.0,0.0,1585.226224158619
590,2023,F,159,4,8.75,8.0,1.0,0.0,1581.8208668339587
591,2023,F,159,4,8.75,8.0,1.0,0.0,1590.763815323142
591,2024,F,159,2,11.0,11.0,1.0,0.0,1698.9323563703624
592,2023,F,138,1,15.0,15.0,1.0,0.0,1593.9085884182393
592,2025,F,138,4,11.0,8.0,1.0,0.0,1575.5304960077947
593,2023,F,138,1,15.0,15.0,1.0,0.0,1602.065343633648
594,2023,F,164,2,19.0,19.0,1.0,0.0,1602.065343633648
594,2024,F,164,3,23.333333333333332,20.0,1.0,0.0,1527.3275797753167
595,2023,F,164,1,25.0,25.0,1.0,0.0,1605.7997616840762
595,2024,F,164,1,30.0,30.0,1.0,0.0,1693.5276681943974
597,2023,F,167,1,22.0,22.0,1.0,0.0,1611.9910337150488
598,2023,F,138,2,16.0,16.0,1.0,0.0,1616.7081933576949
598,2024,F,138,1,13.0,13.0,1.0,0.0,1746.3164278878096
598,2025,F,138,1,6.0,6.0,1.0,0.0,1566.5386620804488
599,2023,F,138,2,16.0,16.0,1.0,0.0,1617.4943866314695
600,2023,F,164,2,19.0,19.0,1.0,0.0,1619.7546922935705
601,2023,F,138,2,16.0,16.0,1.0,0.0,1628.7959149419755
602,2023,F,164,1,25.0,25.0,1.0,0.0,1631.2527689225203
602,2024,F,164,1,20.0,20.0,1.0,0.0,1635.6895710727918
603,2023,F,132,2,9.0,9.0,1.0,0.0,1632.4320588331816
604,2023,F,138,2,16.0,16.0,1.0,0.0,1633.611348743843
604,2024,F,138,2,11.5,11.5,1.0,0.0,1754.8521266831003
604,2025,F,138,2,8.0,8.0,1.0,0.0,1551.394519565691
605,2023,F,142,1,4.0,4.0,1.0,0.0,1637.2474926350494
606,2023,F,164,2,19.0,19.0,1.0,0.0,1639.311249978707
606,2024,F,164,3,23.333333333333332,20.0,1.0,0.0,1501.1409128071264
607,2023,F,138,2,16.0,16.0,1.0,0.0,1645.6007961689015
607,2024,F,138,1,13.0,13.0,1.0,0.0,1600.9906842961934
608,2023,F,164,1,25.0,25.0,1.0,0.0,1653.1679064289797
609,2023,F,138,1,15.0,15.0,1.0,0.0,1659.7522750968399
610,2023,F,164,1,25.0,25.0,1.0,0.0,1663.486693147268
611,2023,F,138,1,15.0,15.0,1.0,0.0,1668.990046063688
612,2023,F,132,2,9.5,9.5,1.0,0.0,1679.2105586227547
612,2024,F,132,3,5.333333333333333,5.0,1.0,0.0,1830.2715298867668
612,2025,F,132,2,5.0,5.0,1.0,0.0,1676.6152736693853
613,2023,F,164,3,16.0,13.0,1.0,0.0,1680.3898485334162
614,2023,F,164,1,25.0,25.0,1.0,0.0,1682.1587833994083
614,2024,F,164,1,30.0,30.0,1.0,0.0,1695.9765195857362
615,2023,F,142,3,3.6666666666666665,4.0,1.0,0.0,1682.9449766731825
616,2023,F,167,4,22.75,23.0,1.0,0.0,1688.448329589603
617,2023,F,167,3,24.333333333333332,24.0,1.0,0.0,1689.5293453410425
617,2024,F,167,3,18.666666666666668,18.0,1.0,0.0,1383.3986228941806
617,2025,F,167,1,18.0,18.0,1.0,0.0,1627.6109521898065
618,2023,F,164,2,14.5,14.5,1.0,0.0,1697.5878263972295
618,2024,F,164,1,30.0,30.0,1.0,0.0,1669.6268786149287
619,2023,F,159,1,8.0,8.0,1.0,0.0,1704.467017542755
619,2024,F,159,1,15.0,15.0,1.0,0.0,1790.417538330145
620,2023,F,164,3,16.0,13.0,1.0,0.0,1705.6463074534163
620,2024,F,164,4,18.25,20.0,1.0,0.0,1483.3574300152954
621,2023,F,167,4,22.75,23.0,1.0,0.0,1713.409966031938
621,2024,F,167,4,19.25,19.5,1.0,0.0,1597.7775308352623
622,2023,F,167,3,22.333333333333332,22.0,1.0,0.0,1715.9650941717045
623,2023,F,137,2,7.5,7.5,1.0,0.0,1722.352914521121
623,2024,F,137,2,6.5,6.5,1.0,0.0,1666.5903028896682
623,2025,F,137,1,10.0,10.0,1.0,0.0,1571.4672860692076
624,2023,F,164,3,14.0,13.0,1.0,0.0,1725.202865138553
625,2023,F,132,2,9.5,9.5,1.0,0.0,1735.9147484937282
626,2023,F,164,3,16.0,13.0,1.0,0.0,1738.2733283150512
626,2024,F,164,3,23.333333333333332,20.0,1.0,0.0,1621.22827737394
627,2023,F,167,4,22.75,23.0,1.0,0.0,1746.6266318489036
628,2023,F,137,1,6.0,6.0,1.0,0.0,1748.5921150333393
628,2024,F,137,1,8.0,8.0,1.0,0.0,1964.5239073469081
629,2023,F,164,1,25.0,25.0,1.0,0.0,1766.4780120117055
630,2023,F,138,2,16.0,16.0,1.0,0.0,1779.6467493474256
631,2023,F,138,1,15.0,15.0,1.0,0.0,1782.1036033279704
631,2024,F,138,2,12.5,12.5,1.0,0.0,1756.4609157469831
632,2023,F,167,4,22.75,23.0,1.0,0.0,1785.051828104624
632,2024,F,167,4,19.25,19.5,1.0,0.0,1857.7876830828548
633,2023,F,137,1,6.0,6.0,1.0,0.0,1790.4569068618227
633,2024,F,137,1,8.0,8.0,1.0,0.0,1964.742771418582
634,2023,F,168,2,1.5,1.5,0.0,0.0,1796.451630574352
635,2023,F,132,3,9.0,9.0,1.0,0.0,1805.2963049043133
635,2024,F,132,2,6.5,6.5,1.0,0.0,1679.3243301246312
636,2023,F,132,2,9.5,9.5,1.0,0.0,1807.3600622479707
637,2023,F,132,1,10.0,10.0,1.0,0.0,1821.4132670166873
638,2023,F,167,3,24.333333333333332,24.0,1.0,0.0,1849.5196765541193
638,2024,F,167,3,20.333333333333332,21.0,1.0,0.0,1771.019920889746
638,2025,F,167,1,22.0,22.0,1.0,0.0,2057.960310211439
639,2023,F,142,2,4.0,4.0,1.0,0.0,1857.3816092918628
640,2023,F,164,1,25.0,25.0,1.0,0.0,1861.4108498199562
641,2023,F,164,1,25.0,25.0,1.0,0.0,1876.3485220216685
642,2023,F,167,3,21.333333333333332,22.0,1.0,0.0,1878.3140052061044
643,2023,F,159,4,8.75,8.0,1.0,0.0,1884.5052772370773
643,2024,F,159,4,10.75,10.5,1.0,0.0,1752.5524579905368
643,2025,F,159,1,17.0,17.0,1.0,0.0,1938.1917533002297
644,2023,F,138,2,16.0,16.0,1.0,0.0,1887.3552278545092
645,2023,F,138,2,16.0,16.0,1.0,0.0,1889.320711038945
646,2023,F,159,4,8.75,8.0,1.0,0.0,1890.8930975864937
646,2025,F,159,3,8.666666666666666,6.0,1.0,0.0,1738.9169731542993
647,2023,F,167,4,22.75,23.0,1.0,0.0,1897.379192095132
647,2024,F,167,2,21.5,21.5,1.0,0.0,1777.3711647439713
647,2025,F,167,2,18.0,18.0,1.0,0.0,1783.7132485948362
648,2023,F,159,3,9.333333333333334,8.0,1.0,0.0,1900.5239651902295
648,2024,F,159,3,12.0,12.0,1.0,0.0,1707.2143480157592
648,2025,F,159,3,11.333333333333334,11.0,1.0,0.0,1948.3220645393098
649,2023,F,132,2,9.5,9.5,1.0,0.0,1919.5891520792568
650,2023,F,159,2,8.0,8.0,1.0,0.0,1921.849457741358
650,2024,F,159,2,9.5,9.5,1.0,0.0,2033.6241494235571
651,2023,F,138,1,15.0,15.0,1.0,0.0,1922.9304734927978
652,2023,F,167,4,22.75,23.0,1.0,0.0,1930.9889545489848
652,2024,F,167,2,19.5,19.5,1.0,0.0,2363.3263085102935
652,2025,F,167,3,16.666666666666668,18.0,1.0,0.0,2202.625339626172
653,2023,F,138,1,15.0,15.0,1.0,0.0,1937.6715973760665
654,2023,F,168,1,1.0,1.0,0.0,0.0,1941.70083790416
655,2023,F,167,3,24.333333333333332,24.0,1.0,0.0,1956.9333325835378
655,2024,F,167,4,19.25,19.5,1.0,0.0,1677.6077805106786
655,2025,F,167,4,18.0,18.0,1.0,0.0,1701.4703509525466
656,2023,F,164,1,25.0,25.0,1.0,0.0,1998.0119311382466
657,2023,F,164,1,25.0,25.0,1.0,0.0,2004.3014773284413
658,2023,F,142,3,3.6666666666666665,4.0,1.0,0.0,2008.5272661749784
659,2023,F,164,1,25.0,25.0,1.0,0.0,2010.3944752001923
660,2023,F,138,1,15.0,15.0,1.0,0.0,2076.1398877195707
660,2025,F,138,3,12.666666666666666,10.0,1.0,0.0,1975.5855196189816
661,2023,F,142,3,3.6666666666666665,4.0,1.0,0.0,2118.1029537072764
662,2023,F,137,1,6.0,6.0,1.0,0.0,2120.3632593693774
662,2024,F,137,2,6.5,6.5,1.0,0.0,2154.9356497033928
663,2023,F,167,1,22.0,22.0,1.0,0.0,2140.902558646732
663,2024,F,167,3,18.666666666666668,18.0,1.0,0.0,1726.6589253540797
663,2025,F,167,1,22.0,22.0,1.0,0.0,1942.9053556909976
664,2023,F,137,1,6.0,6.0,1.0,0.0,2577.0432772730433
665,2023,F,167,2,24.5,24.5,1.0,0.0,2944.3920844441004
666,2023,M,167,3,27.0,38.0,1.0,0.0,1576.3642109113723
666,2024,M,167,5,18.6,4.0,0.6,0.2,1561.2112955927566
666,2025,M,167,4,32.75,40.5,1.0,0.0,1513.335697328842
667,2023,M,167,4,41.5,41.5,1.0,0.0,1595.0340214053097
667,2024,M,167,5,28.0,42.0,0.8,0.0,1555.376939066017
668,2023,M,159,4,24.5,25.0,1.0,0.0,1597.5035730579468
669,2023,M,167,5,34.0,39.0,1.0,0.0,1599.7755605783732
669,2024,M,167,5,34.0,42.0,1.0,0.0,1517.4015358163103
670,2023,M,167,4,41.5,41.5,1.0,0.0,1604.9122280158583
671,2023,M,168,3,4.0,4.0,1.0,0.0,1626.2491542946436
671,2024,M,168,4,0.75,1.0,0.0,0.25,1547.390394319728
672,2023,M,167,3,42.666666666666664,44.0,1.0,0.0,1631.2870396660237
672,2024,M,167,2,37.0,37.0,1.0,0.0,1832.2153087237998
673,2023,M,167,4,41.5,41.5,1.0,0.0,1639.288387020568
673,2024,M,167,4,41.5,43.5,1.0,0.0,1531.6304083760479
673,2025,M,167,5,35.0,43.0,1.0,0.0,1546.441450655672
674,2023,M,159,4,24.5,25.0,1.0,0.0,1642.0542848715218
674,2024,M,159,4,28.25,28.0,1.0,0.0,1641.2967025463022
674,2025,M,159,4,26.5,27.0,1.0,0.0,1660.4527565532965
675,2023,M,164,4,21.75,24.5,1.0,0.0,1642.5481952020493
675,2024,M,164,2,30.5,30.5,1.0,0.0,1611.4230980119028
675,2025,M,164,4,24.5,25.5,1.0,0.0,1627.4866924795144
676,2023,M,159,4,24.5,25.0,1.0,0.0,1647.3885164412181
676,2024,M,159,4,28.25,28.0,1.0,0.0,1571.429445035883
676,2025,M,159,3,33.0,29.0,1.0,0.0,1630.4145032438726
677,2023,M,159,4,24.5,25.0,1.0,0.0,1659.2423643738769
677,2024,M,159,4,28.25,28.0,1.0,0.0,1666.0362391207154
677,2025,M,159,4,26.5,27.0,1.0,0.0,1613.1914036787023
678,2023,M,132,2,14.0,14.0,1.0,0.0,1668.4290965216871
678,2024,M,132,3,13.333333333333334,13.0,1.0,0.0,1751.7852816280629
679,2023,M,164,1,32.0,32.0,1.0,0.0,1670.1083916454804
680,2023,M,167,4,41.5,41.5,1.0,0.0,1676.8255721406533
680,2024,M,167,5,34.2,42.0,1.0,0.0,1571.5432100479236
681,2023,M,167,3,40.666666666666664,39.0,1.0,0.0,1696.186857097329
681,2024,M,167,2,44.5,44.5,1.0,0.0,1706.3958603101887
681,2025,M,167,3,41.666666666666664,43.0,1.0,0.0,1686.6251598467306
682,2023,M,132,2,14.0,14.0,1.0,0.0,1697.3722418905948
683,2023,M,164,3,27.0,27.0,1.0,0.0,1697.3722418905948
683,2024,M,164,3,28.0,23.0,1.0,0.0,1573.2783000396405
684,2023,M,167,3,40.666666666666664,39.0,1.0,0.0,1700.7308321381815
685,2023,M,167,4,41.5,41.5,1.0,0.0,1702.6076913941856
685,2024,M,167,3,44.666666666666664,45.0,1.0,0.0,1593.907629555252
686,2023,M,164,2,29.5,29.5,1.0,0.0,1703.5955120552405
686,2024,M,164,1,39.0,39.0,1.0,0.0,1641.9047122827385
687,2023,M,132,3,13.0,11.0,1.0,0.0,1704.1882044518736
688,2023,M,167,3,40.666666666666664,39.0,1.0,0.0,1705.472371311245
689,2023,M,164,4,21.75,24.5,1.0,0.0,1708.5346153605149
689,2024,M,164,4,21.5,22.5,0.75,0.0,1639.4478475425447
689,2025,M,164,4,20.0,22.5,1.0,0.0,1731.1971609988166
690,2023,M,138,2,7.0,7.0,1.0,0.0,1709.8187822198863
690,2024,M,138,2,13.5,13.5,1.0,0.0,1691.8969447544055
691,2023,M,164,4,21.75,24.5,1.0,0.0,1713.8688469302115
691,2024,M,164,3,28.0,23.0,1.0,0.0,1652.7790652012181
691,2025,M,164,4,24.5,25.5,1.0,0.0,1724.1515627275883
692,2023,M,132,3,13.0,11.0,1.0,0.0,1714.7578855251609
692,2024,M,132,1,17.0,17.0,1.0,0.0,1789.1233391725907
692,2025,M,132,1,11.0,11.0,1.0,0.0,1812.2297114787698
693,2023,M,132,3,13.0,11.0,1.0,0.0,1715.9432703184264
693,2024,M,132,2,15.0,15.0,1.0,0.0,1889.7906215913436
693,2025,M,132,1,15.0,15.0,1.0,0.0,1855.1992628403232
694,2023,M,159,2,22.5,22.5,1.0,0.0,1725.327566598448
694,2024,M,159,3,28.0,27.0,1.0,0.0,1594.3941703457144
694,2025,M,159,4,26.5,27.0,1.0,0.0,1602.2737100560353
695,2023,M,167,4,41.5,41.5,1.0,0.0,1725.327566598448
695,2024,M,167,3,40.333333333333336,42.0,1.0,0.0,1651.1248265136453
695,2025,M,167,4,42.75,43.5,1.0,0.0,1610.9829341444777
696,2023,M,167,3,42.666666666666664,44.0,1.0,0.0,1727.2044258544522
696,2024,M,167,3,40.333333333333336,42.0,1.0,0.0,1658.7148628448608
696,2025,M,167,1,38.0,38.0,1.0,0.0,1743.0130008247736
697,2023,M,164,2,29.5,29.5,1.0,0.0,1734.5142987462584
699,2023,M,132,3,13.0,11.0,1.0,0.0,1742.614428166908
699,2024,M,132,3,13.333333333333334,13.0,1.0,0.0,1691.0745698803375
699,2025,M,132,2,13.0,13.0,1.0,0.0,1647.723443771286
700,2023,M,164,1,32.0,32.0,1.0,0.0,1744.0961591584905
700,2024,M,164,3,28.0,23.0,1.0,0.0,1582.6198832165212
700,2025,M,164,3,25.333333333333332,29.0,1.0,0.0,1645.0454988752497
701,2023,M,168,4,3.25,3.5,0.75,0.0,1749.1340445298706
702,2023,M,167,3,40.666666666666664,39.0,1.0,0.0,1752.2950706452461
702,2024,M,167,1,47.0,47.0,1.0,0.0,1800.159620771052
702,2025,M,167,1,44.0,44.0,1.0,0.0,1769.632034469207
703,2023,M,138,1,7.0,7.0,1.0,0.0,1752.5914168435627
703,2024,M,138,1,14.0,14.0,1.0,0.0,1679.8107852515948
704,2023,M,167,4,41.5,41.5,1.0,0.0,1752.5914168435627
704,2024,M,167,4,41.5,43.5,1.0,0.0,1657.0606241572884
704,2025,M,167,4,42.75,43.5,1.0,0.0,1699.1012152547644
705,2023,M,159,4,24.5,25.0,1.0,0.0,1753.1841092401953
705,2024,M,159,4,28.25,28.0,1.0,0.0,1644.2159472890776
705,2025,M,159,4,26.5,27.0,1.0,0.0,1742.8706397832354
706,2023,M,159,4,24.5,25.0,1.0,0.0,1756.2463532894658
706,2024,M,159,3,27.0,27.0,1.0,0.0,1577.3652426795256
706,2025,M,159,3,27.0,29.0,1.0,0.0,1633.4504394384112
707,2023,M,167,4,41.5,41.5,1.0,0.0,1759.3085973387356
708,2023,M,167,4,41.5,41.5,1.0,0.0,1760.987892462529
708,2024,M,167,3,32.333333333333336,45.0,1.0,0.0,1829.1732444820097
709,2023,M,164,3,27.0,27.0,1.0,0.0,1764.2477006440101
709,2024,M,164,2,31.0,31.0,1.0,0.0,1714.156278180591
710,2023,M,167,2,41.5,41.5,1.0,0.0,1765.3343033711703
710,2024,M,167,2,44.5,44.5,1.0,0.0,1681.2903555223224
710,2025,M,167,3,44.333333333333336,44.0,1.0,0.0,1676.6308537543002
711,2023,M,167,3,42.666666666666664,44.0,1.0,0.0,1766.3221240322252
711,2024,M,167,2,39.5,39.5,1.0,0.0,1793.099599846164
711,2025,M,167,4,42.75,43.5,1.0,0.0,1649.786413563166
712,2023,M,167,3,42.666666666666664,44.0,1.0,0.0,1767.6062908915967
712,2024,M,167,2,38.5,38.5,1.0,0.0,1765.1442436067741
712,2025,M,167,2,45.0,45.0,1.0,0.0,1758.3648994829186
713,2023,M,159,1,24.0,24.0,1.0,0.0,1768.0014191560185
714,2023,M,159,3,25.666666666666668,26.0,1.0,0.0,1773.533214857926
714,2024,M,159,3,29.333333333333332,29.0,1.0,0.0,1774.803495449221
714,2025,M,159,3,27.0,25.0,1.0,0.0,1732.731391338655
715,2023,M,168,4,3.25,3.5,0.75,0.0,1783.115075270158
715,2025,M,168,1,1.0,1.0,0.0,0.0,1932.5113191832675
716,2023,M,142,1,8.0,8.0,1.0,0.0,1798.3275134504033
717,2023,M,167,4,41.5,41.5,1.0,0.0,1816.0095032832858
717,2024,M,167,4,41.5,43.5,1.0,0.0,1638.182841487342
717,2025,M,167,4,42.75,43.5,1.0,0.0,1724.5445093546132
718,2023,M,137,2,8.5,8.5,1.0,0.0,1821.738863117404
719,2023,M,164,1,32.0,32.0,1.0,0.0,1825.6901457616236
720,2023,M,167,4,41.5,41.5,1.0,0.0,1826.2828381582565
720,2024,M,167,1,45.0,45.0,1.0,0.0,2123.770780510635
721,2023,M,164,3,20.0,22.0,1.0,0.0,1830.0365566702649
721,2024,M,164,2,30.5,30.5,1.0,0.0,1709.1204887367792
721,2025,M,164,1,31.0,31.0,1.0,0.0,1962.95235054973
722,2023,M,138,2,7.0,7.0,1.0,0.0,1830.5304670007922
722,2024,M,138,1,4.0,4.0,1.0,0.0,1848.5370364541832
722,2025,M,138,1,5.0,5.0,1.0,0.0,1783.8205184073322
723,2023,M,164,3,27.0,27.0,1.0,0.0,1835.1732241077502
723,2025,M,164,1,29.0,29.0,1.0,0.0,1725.5630860748613
724,2023,M,159,2,25.5,25.5,1.0,0.0,1840.9025839418684
725,2023,M,132,2,14.0,14.0,1.0,0.0,1845.5453410488265
725,2024,M,132,1,17.0,17.0,1.0,0.0,1848.4763033732427
725,2025,M,132,2,14.5,14.5,1.0,0.0,1848.322696867391
726,2023,M,167,3,40.666666666666664,39.0,1.0,0.0,1845.5453410488265
727,2023,M,164,3,27.0,27.0,1.0,0.0,1846.4343796437759
727,2024,M,164,1,39.0,39.0,1.0,0.0,2296.920921778168
728,2023,M,164,3,21.666666666666668,27.0,1.0,0.0,1847.1258541065145
728,2024,M,164,1,23.0,23.0,1.0,0.0,1843.039602853827
729,2023,M,164,1,32.0,32.0,1.0,0.0,1847.9161106353583
730,2023,M,138,3,6.0,7.0,1.0,0.0,1851.3734829490504
730,2024,M,138,2,13.5,13.5,1.0,0.0,1642.9509412338748
731,2023,M,164,3,27.0,27.0,1.0,0.0,1855.7198938576917
731,2024,M,164,3,28.0,23.0,1.0,0.0,1770.5219364931504
731,2025,M,164,5,20.4,22.0,1.0,0.0,2653.295446377592
732,2023,M,168,3,4.0,4.0,1.0,0.0,1855.8186759237972
732,2024,M,168,3,1.0,1.0,0.0,0.0,1703.5786026953926
732,2025,M,168,2,1.0,1.0,0.0,0.0,1711.625421540931
733,2023,M,159,3,25.666666666666668,26.0,1.0,0.0,1856.806496584852
734,2023,M,167,4,41.5,41.5,1.0,0.0,1866.7834852615063
734,2024,M,167,3,41.333333333333336,45.0,1.0,0.0,1999.892364218205
734,2025,M,167,4,42.75,43.5,1.0,0.0,1810.6980573297767
735,2023,M,137,2,8.5,8.5,1.0,0.0,1873.797011954996
735,2024,M,137,3,8.0,9.0,1.0,0.0,1851.8460741627937
736,2023,M,167,3,40.333333333333336,39.0,1.0,0.0,1874.6860505499453
737,2023,M,142,4,4.75,4.5,0.75,0.0,1886.8362446809203
737,2024,M,142,3,6.666666666666667,5.0,1.0,0.0,1811.4886710500955
737,2025,M,142,2,6.5,6.5,1.0,0.0,1930.3503052587953
738,2023,M,164,2,27.0,27.0,1.0,0.0,1886.8362446809203
738,2025,M,164,1,29.0,29.0,1.0,0.0,1917.9830734173947
739,2023,M,132,2,14.0,14.0,1.0,0.0,1888.7131039369247
740,2023,M,167,4,41.5,41.5,1.0,0.0,1897.109579555891
740,2024,M,167,2,44.5,44.5,1.0,0.0,1856.2504237726484
740,2025,M,167,4,42.75,43.5,1.0,0.0,1743.798894078823
741,2023,M,164,2,29.5,29.5,1.0,0.0,1897.899836084735
741,2024,M,164,1,39.0,39.0,1.0,0.0,2034.8756451929369
742,2023,M,167,3,40.333333333333336,39.0,1.0,0.0,1902.4438111255874
742,2024,M,167,4,41.5,43.5,1.0,0.0,1805.0663326159904
742,2025,M,167,3,44.333333333333336,44.0,1.0,0.0,1757.649795793262
743,2023,M,167,4,41.5,41.5,1.0,0.0,1916.2733003803557
743,2024,M,167,5,34.2,42.0,1.0,0.0,1759.9351727278488
743,2025,M,167,5,34.8,43.0,1.0,0.0,1819.7358297513447
744,2023,M,159,2,25.0,25.0,1.0,0.0,1930.3003537673349
745,2023,M,159,3,25.666666666666668,26.0,1.0,0.0,1938.7956114524068
746,2023,M,142,3,4.666666666666667,4.0,0.6666666666666666,0.0,1940.8700348406219
747,2023,M,164,1,32.0,32.0,1.0,0.0,1940.8700348406219
747,2024,M,164,2,31.0,31.0,1.0,0.0,1700.093892871613
747,2025,M,164,3,25.333333333333332,29.0,1.0,0.0,1783.6199764715923
748,2023,M,164,3,27.0,27.0,1.0,0.0,1951.242151781698
749,2023,M,164,1,32.0,32.0,1.0,0.0,1953.61292136823
750,2023,M,164,3,27.0,27.0,1.0,0.0,1954.3043958309686
751,2023,M,167,3,42.666666666666664,44.0,1.0,0.0,1954.3043958309686
752,2023,M,159,4,24.5,25.0,1.0,0.0,1956.3788192191837
752,2024,M,159,2,28.5,28.5,1.0,0.0,1946.0209852987364
753,2023,M,159,2,22.5,22.5,1.0,0.0,1959.5398453345595
753,2024,M,159,3,27.0,27.0,1.0,0.0,2027.220857541182
753,2025,M,159,3,27.0,25.0,1.0,0.0,2106.1710043963394
754,2023,M,167,4,41.5,41.5,1.0,0.0,1965.367987234783
755,2023,M,138,2,7.0,7.0,1.0,0.0,1979.5926047539733
756,2023,M,142,3,5.666666666666667,5.0,1.0,0.0,1987.7915162407287
756,2024,M,142,1,10.0,10.0,1.0,0.0,2176.00273010092
756,2025,M,142,2,7.0,7.0,1.0,0.0,2060.317402147212
757,2023,M,167,3,40.666666666666664,39.0,1.0,0.0,1992.0391450832647
758,2023,M,132,3,13.0,11.0,1.0,0.0,1996.6819021902224
758,2024,M,132,2,11.5,11.5,1.0,0.0,1880.2152014477736
759,2023,M,142,1,8.0,8.0,1.0,0.0,2007.9430577262483
759,2024,M,142,1,5.0,5.0,1.0,0.0,1972.047131902731
759,2025,M,142,2,6.5,6.5,1.0,0.0,1938.8968943965824
760,2023,M,167,4,41.5,41.5,1.0,0.0,2008.6345321889867
760,2024,M,167,2,39.5,39.5,1.0,0.0,1944.003541506645
760,2025,M,167,4,42.75,43.5,1.0,0.0,1840.2672910133847
761,2023,M,159,1,24.0,24.0,1.0,0.0,2016.6358795435312
761,2024,M,159,3,28.0,27.0,1.0,0.0,1870.4574148541544
761,2025,M,159,3,33.0,29.0,1.0,0.0,1919.918264974349
762,2023,M,159,4,24.5,25.0,1.0,0.0,2019.006649130063
763,2023,M,164,2,29.5,29.5,1.0,0.0,2028.983637806717
764,2023,M,159,4,24.5,25.0,1.0,0.0,2041.8253064004305
765,2023,M,142,2,6.5,6.5,1.0,0.0,2046.4680635073883
766,2023,M,164,1,32.0,32.0,1.0,0.0,2056.9389625145704
767,2023,M,142,2,6.0,6.0,1.0,0.0,2058.4206935061525
767,2024,M,142,1,5.0,5.0,1.0,0.0,2273.6452495426183
767,2025,M,142,1,9.0,9.0,1.0,0.0,2074.856427347125
768,2023,M,132,1,11.0,11.0,1.0,0.0,2068.10133598449
769,2023,M,132,3,13.0,11.0,1.0,0.0,2069.681849042178
769,2025,M,132,1,11.0,11.0,1.0,0.0,1969.8707667693807
770,2023,M,138,2,5.5,5.5,1.0,0.0,2074.8185164796637
770,2024,M,138,2,13.5,13.5,1.0,0.0,1741.8160298558612
771,2023,M,142,3,5.666666666666667,5.0,1.0,0.0,2078.868581189988
771,2024,M,142,2,7.5,7.5,1.0,0.0,2156.7853146856264
772,2023,M,164,3,27.0,27.0,1.0,0.0,2081.634479040942
772,2024,M,164,2,30.5,30.5,1.0,0.0,1760.7911206839
773,2023,M,164,1,32.0,32.0,1.0,0.0,2090.327300858225
774,2023,M,137,1,7.0,7.0,1.0,0.0,2093.389544907495
775,2023,M,167,2,42.0,42.0,1.0,0.0,2094.0810193702337
776,2023,M,138,1,7.0,7.0,1.0,0.0,2100.995763997618
776,2025,M,138,1,8.0,8.0,1.0,0.0,2309.9603412239208
777,2023,M,168,1,5.0,5.0,1.0,0.0,2105.440956972365
778,2023,M,167,3,42.666666666666664,44.0,1.0,0.0,2108.4044189555293
778,2024,M,167,3,39.666666666666664,42.0,1.0,0.0,2011.8461685625662
778,2025,M,167,4,42.75,43.5,1.0,0.0,1888.5997261374216
779,2023,M,164,1,32.0,32.0,1.0,0.0,2110.0837140793224
780,2023,M,164,1,32.0,32.0,1.0,0.0,2116.504548376179
781,2023,M,159,4,24.5,25.0,1.0,0.0,2117.3935869711286
781,2024,M,159,3,28.0,27.0,1.0,0.0,2000.6557303819277
781,2025,M,159,1,11.0,11.0,1.0,0.0,2356.697395580585
782,2023,M,167,2,38.5,38.5,1.0,0.0,2128.555960441049
783,2023,M,167,1,39.0,39.0,1.0,0.0,2139.1256415143357
784,2023,M,137,2,8.5,8.5,1.0,0.0,2141.990321431395
784,2024,M,137,2,9.5,9.5,1.0,0.0,2103.2071180972134
785,2023,M,159,1,24.0,24.0,1.0,0.0,2142.3854496958174
786,2023,M,164,3,27.0,27.0,1.0,0.0,2143.2744882907664
786,2024,M,164,2,31.0,31.0,1.0,0.0,2130.0149554557465
786,2025,M,164,1,29.0,29.0,1.0,0.0,2044.0236800299872
787,2023,M,137,2,8.5,8.5,1.0,0.0,2171.3285950647246
787,2024,M,137,2,9.5,9.5,1.0,0.0,2099.0063699863776
787,2025,M,137,1,4.0,4.0,1.0,0.0,2069.7203089324253
788,2023,M,137,1,7.0,7.0,1.0,0.0,2177.749429361582
789,2023,M,159,1,24.0,24.0,1.0,0.0,2185.8495587822317
790,2023,M,167,4,41.5,41.5,1.0,0.0,2185.8495587822317
790,2024,M,167,3,44.666666666666664,45.0,1.0,0.0,2468.4160463326048
791,2023,M,168,1,5.0,5.0,1.0,0.0,2232.7710401823383
792,2023,M,167,3,42.666666666666664,44.0,1.0,0.0,2238.006489685929
793,2023,M,132,1,11.0,11.0,1.0,0.0,2263.59104480725
794,2023,M,167,3,42.666666666666664,44.0,1.0,0.0,2263.6898268733557
795,2023,M,164,2,29.5,29.5,1.0,0.0,2307.9441924886146
796,2023,M,167,3,40.666666666666664,39.0,1.0,0.0,2307.9441924886146
797,2023,M,159,1,24.0,24.0,1.0,0.0,2308.0429745547194
798,2023,M,159,1,24.0,24.0,1.0,0.0,2333.3311834777246
799,2023,M,137,1,7.0,7.0,1.0,0.0,2338.5666329813157
799,2024,M,137,2,9.5,9.5,1.0,0.0,2289.0169531392917
800,2023,M,164,1,32.0,32.0,1.0,0.0,2343.110608022168
801,2023,M,164,4,21.75,24.5,1.0,0.0,2365.336572895903
801,2024,M,164,2,22.5,22.5,1.0,0.0,2106.8189308608517
801,2025,M,164,1,22.0,22.0,1.0,0.0,2092.047842279456
802,2023,M,138,4,5.5,5.5,1.0,0.0,2377.2892028946667
802,2024,M,138,2,13.5,13.5,1.0,0.0,1976.5233071749863
802,2025,M,138,3,9.666666666666666,8.0,1.0,0.0,2334.235980446316
803,2023,M,164,1,32.0,32.0,1.0,0.0,2496.8155028823066
804,2023,M,137,2,8.5,8.5,1.0,0.0,2591.053593946942
804,2024,M,137,1,10.0,10.0,1.0,0.0,2348.5036340719953
805,2023,M,142,1,8.0,8.0,1.0,0.0,2711.765278727848
805,2024,M,142,1,5.0,5.0,1.0,0.0,2381.0333203655346
806,2023,M,159,2,25.0,25.0,1.0,0.0,2748.215861120773
807,2023,F,188,4,19.5,21.5,1.0,0.0,1452.0801947728467
809,2023,F,204,4,12.0,12.0,1.0,0.0,1470.021795923361
810,2023,F,188,4,19.5,21.5,1.0,0.0,1520.5754787231529
811,2023,F,188,4,19.5,21.5,1.0,0.0,1520.8728533278575
813,2023,F,188,4,19.5,21.5,1.0,0.0,1544.4645719677605
815,2023,F,188,2,16.0,16.0,1.0,0.0,1560.9193000947516
817,2023,F,188,4,19.5,21.5,1.0,0.0,1568.551914948838
819,2023,F,196,4,4.25,4.5,1.0,0.0,1569.939663104126
819,2024,F,196,3,3.0,4.0,0.6666666666666666,0.3333333333333333,1485.7993066986987
819,2025,F,196,2,3.0,3.0,0.5,0.0,1492.311178533045
821,2023,F,188,4,17.25,17.5,1.0,0.0,1599.1814992334175
823,2023,F,188,4,19.5,21.5,1.0,0.0,1610.878233685134
823,2024,F,188,3,18.0,18.0,1.0,0.0,1744.830867547885
823,2025,F,188,4,16.75,17.5,1.0,0.0,1652.8247117099174
825,2023,F,196,4,4.25,4.5,1.0,0.0,1630.8023322003464
825,2024,F,196,3,4.333333333333333,4.0,1.0,0.0,1490.2695519840318
827,2023,F,204,2,12.0,12.0,1.0,0.0,1700.7941843185115
829,2023,F,188,5,17.8,20.0,1.0,0.0,1677.0936456660381
829,2024,F,188,4,15.5,17.5,1.0,0.0,1484.7706088027132
831,2023,F,204,4,12.0,12.0,1.0,0.0,1755.4022915715982
831,2024,F,204,3,8.333333333333334,7.0,1.0,0.0,1785.6564082504053
831,2025,F,204,6,8.166666666666666,8.5,1.0,0.0,1745.1786115667503
833,2023,F,196,3,4.0,4.0,1.0,0.0,1702.1722373294642
833,2024,F,196,2,4.5,4.5,1.0,0.0,1533.1028940505314
835,2023,F,204,4,12.0,12.0,1.0,0.0,1714.66197072706
835,2024,F,204,2,9.5,9.5,1.0,0.0,1656.4333217755116
837,2023,F,204,1,10.0,10.0,1.0,0.0,1716.7435929599926
839,2023,F,204,4,12.0,12.0,1.0,0.0,1717.9330913788112
839,2024,F,204,4,9.5,9.5,1.0,0.0,1886.3522952073702
839,2025,F,204,3,10.666666666666666,10.0,1.0,0.0,1436.4171868044778
841,2023,F,204,4,12.0,12.0,1.0,0.0,1726.953454388186
841,2024,F,204,3,10.666666666666666,12.0,1.0,0.0,1599.065936197448
841,2025,F,204,5,7.4,7.0,1.0,0.0,1600.9126443637288
843,2023,F,204,4,12.0,12.0,1.0,0.0,1731.810572931695
843,2024,F,204,1,7.0,7.0,1.0,0.0,1922.6371017634515
845,2023,F,188,4,17.25,17.5,1.0,0.0,1808.3349712090273
845,2024,F,188,2,18.0,18.0,1.0,0.0,1716.037875593388
845,2025,F,188,5,15.8,17.0,1.0,0.0,1765.239118312381
847,2023,F,204,3,12.0,12.0,1.0,0.0,1818.4457077689858
849,2023,F,204,3,12.0,12.0,1.0,0.0,1849.57091639474
851,2023,F,188,3,18.333333333333332,20.0,1.0,0.0,1906.270341025095
851,2024,F,188,2,18.5,18.5,1.0,0.0,1869.627347966371
851,2025,F,188,5,15.8,17.0,1.0,0.0,1750.550824766763
853,2023,F,188,3,18.333333333333332,20.0,1.0,0.0,1913.902955879181
855,2023,F,188,4,19.5,21.5,1.0,0.0,1959.8968947401681
855,2024,F,188,4,15.5,17.5,1.0,0.0,1702.874537468059
857,2023,F,204,1,10.0,10.0,1.0,0.0,2018.380566998751
859,2023,F,196,3,4.666666666666667,5.0,1.0,0.0,2150.1175168829145
859,2024,F,196,1,5.0,5.0,1.0,0.0,1986.3297494590759
859,2025,F,196,1,2.0,2.0,0.0,0.0,1641.0045140081634
861,2023,F,196,3,4.666666666666667,5.0,1.0,0.0,2151.802639642908
861,2024,F,196,3,4.333333333333333,4.0,1.0,0.0,1725.8854107918507
863,2023,M,188,5,27.2,29.0,1.0,0.0,1520.0528878811667
865,2023,M,205,1,0.0,0.0,0.0,1.0,1660.723782786791
866,2023,M,196,4,11.25,11.5,1.0,0.0,1660.8227532148474
866,2024,M,196,3,14.333333333333334,16.0,1.0,0.0,1578.4010195527155
866,2025,M,196,2,11.5,11.5,1.0,0.0,1652.7222899769838
867,2023,M,188,5,27.2,29.0,1.0,0.0,1673.886849718295
867,2024,M,188,4,23.25,22.5,1.0,0.0,1518.376657670447
868,2023,M,204,3,23.666666666666668,24.0,1.0,0.0,1676.7569921319316
868,2024,M,204,4,25.75,24.5,1.0,0.0,1574.2162928258151
868,2025,M,204,1,37.0,37.0,1.0,0.0,1619.5389088300542
870,2023,M,204,4,22.0,22.5,1.0,0.0,1683.0910995275426
872,2023,M,204,2,22.5,22.5,1.0,0.0,1685.070508088671
872,2024,M,204,4,25.75,24.5,1.0,0.0,1652.218001028896
872,2025,M,204,1,37.0,37.0,1.0,0.0,1771.4658199912994
874,2023,M,204,3,23.666666666666668,24.0,1.0,0.0,1688.2375617864766
874,2024,M,204,3,27.666666666666668,29.0,1.0,0.0,1726.1648188951715
874,2025,M,204,4,27.0,25.5,1.0,0.0,1693.3468677722808
876,2023,M,188,4,28.5,30.5,1.0,0.0,1699.3222497287961
876,2024,M,188,3,22.666666666666668,20.0,1.0,0.0,1605.6267118141238
876,2025,M,188,1,21.0,21.0,1.0,0.0,1770.660518975448
878,2023,M,188,3,28.333333333333332,32.0,1.0,0.0,1715.4544295019932
878,2024,M,188,2,24.0,24.0,1.0,0.0,1616.1834090702898
880,2023,M,188,4,28.5,30.5,1.0,0.0,1720.2050100487015
880,2024,M,188,4,23.25,22.5,1.0,0.0,1611.649122831596
880,2025,M,188,3,17.666666666666668,17.0,1.0,0.0,1650.5342420458746
882,2023,M,188,5,27.2,29.0,1.0,0.0,1732.6752839838111
882,2024,M,188,3,24.666666666666668,25.0,1.0,0.0,1606.2159692768616
882,2025,M,188,5,16.2,17.0,1.0,0.0,1638.902501266326
885,2023,M,188,5,27.2,29.0,1.0,0.0,1747.8177594764438
885,2024,M,188,2,24.5,24.5,1.0,0.0,1575.2449965319506
885,2025,M,188,4,17.5,17.0,1.0,0.0,1664.0231515213177
886,2023,M,188,4,26.75,27.0,1.0,0.0,1760.5849446957225
886,2024,M,188,3,24.333333333333332,25.0,1.0,0.0,1706.629435893222
888,2023,M,188,3,27.333333333333332,29.0,1.0,0.0,1762.6633236849075
890,2023,M,204,4,22.0,22.5,1.0,0.0,1798.4906186413327
890,2024,M,204,4,25.75,24.5,1.0,0.0,1715.717983199855
891,2023,M,196,4,11.25,11.5,1.0,0.0,1807.7938388786365
891,2024,M,196,3,14.333333333333334,16.0,1.0,0.0,1614.0560897556602
893,2023,M,204,3,23.666666666666668,24.0,1.0,0.0,1814.424857558417
893,2025,M,204,1,37.0,37.0,1.0,0.0,1825.8825630258477
895,2023,M,196,4,11.25,11.5,1.0,0.0,1816.503236547602
895,2024,M,196,4,12.0,12.5,1.0,0.0,2069.731881915144
897,2023,M,204,2,25.0,25.0,1.0,0.0,1818.2847042526175
897,2024,M,204,1,36.0,36.0,1.0,0.0,1950.6145986990741
897,2025,M,204,2,32.0,32.0,1.0,0.0,1528.7287092615531
899,2023,M,204,3,23.666666666666668,24.0,1.0,0.0,1835.1096770222096
899,2024,M,204,3,28.333333333333332,29.0,1.0,0.0,1757.635162371216
901,2023,M,204,1,24.0,24.0,1.0,0.0,1843.2252521228363
901,2024,M,204,3,27.666666666666668,29.0,1.0,0.0,2237.4623285817597
903,2023,M,204,3,22.333333333333332,24.0,1.0,0.0,1877.271079374246
903,2025,M,204,4,25.75,25.5,1.0,0.0,1646.3396987546687
906,2023,M,204,3,23.666666666666668,24.0,1.0,0.0,1890.6320871618632
907,2023,M,204,2,20.5,20.5,1.0,0.0,1895.4816381366281
909,2023,M,188,5,27.2,29.0,1.0,0.0,1900.1332482552803
909,2024,M,188,4,23.25,22.5,1.0,0.0,1653.3365914666356
911,2023,M,204,3,23.666666666666668,24.0,1.0,0.0,1905.6755922264397
913,2023,M,196,2,10.0,10.0,1.0,0.0,1910.3272023450918
913,2024,M,196,2,17.0,17.0,1.0,0.0,1827.0476939987977
914,2023,M,204,1,24.0,24.0,1.0,0.0,1919.9273338665648
916,2023,M,188,2,26.0,26.0,1.0,0.0,1923.4902692765959
916,2024,M,188,1,29.0,29.0,1.0,0.0,1754.608975740546
916,2025,M,188,1,17.0,17.0,1.0,0.0,1799.3934864766254
918,2023,M,188,4,26.75,27.0,1.0,0.0,1923.688210132709
918,2024,M,188,3,24.666666666666668,25.0,1.0,0.0,1647.294205619918
918,2025,M,188,4,17.5,17.0,1.0,0.0,1633.526486620316
920,2023,M,204,1,24.0,24.0,1.0,0.0,1948.2328762907018
922,2023,M,204,4,22.0,22.5,1.0,0.0,1921.1149790032416
922,2024,M,204,1,36.0,36.0,1.0,0.0,1892.6119112436775
922,2025,M,204,1,37.0,37.0,1.0,0.0,2451.0711321612625
924,2023,M,204,4,22.0,22.5,1.0,0.0,1964.6619673480682
924,2024,M,204,4,25.75,24.5,1.0,0.0,1852.5156012866153
924,2025,M,204,3,28.0,27.0,1.0,0.0,1780.3405593168045
926,2023,M,188,4,25.75,25.5,1.0,0.0,2002.6666117217349
926,2024,M,188,3,24.666666666666668,25.0,1.0,0.0,1968.4894598851015
926,2025,M,188,4,16.0,16.0,1.0,0.0,1876.363611508568
928,2023,M,188,3,28.333333333333332,32.0,1.0,0.0,1911.6056467225928
930,2023,M,204,3,22.333333333333332,24.0,1.0,0.0,2007.2192514123303
930,2024,M,204,4,25.75,24.5,1.0,0.0,1676.727116512937
930,2025,M,204,6,20.666666666666668,22.0,0.8333333333333334,0.0,1682.7118552457282
932,2023,M,204,3,23.666666666666668,24.0,1.0,0.0,2038.6918475342734
932,2024,M,204,1,36.0,36.0,1.0,0.0,2147.966144769112
934,2023,M,204,4,22.0,22.5,1.0,0.0,2067.195330814523
934,2024,M,204,1,36.0,36.0,1.0,0.0,2326.8622902851594
936,2023,M,188,2,24.5,24.5,1.0,0.0,2080.9522203143665
936,2024,M,188,4,23.25,22.5,1.0,0.0,1761.6001659764174
938,2023,M,188,3,27.333333333333332,29.0,1.0,0.0,2086.1976530013567
938,2024,M,188,1,29.0,29.0,1.0,0.0,2116.043523520482
940,2023,M,188,5,27.2,29.0,1.0,0.0,2088.078091134429
942,2023,M,204,1,24.0,24.0,1.0,0.0,2094.8080802422655
944,2023,M,188,4,28.5,30.5,1.0,0.0,2095.5008732386605
946,2023,M,196,4,11.25,11.5,1.0,0.0,2147.26240711217
946,2024,M,196,3,13.0,16.0,1.0,0.0,1982.9012991856196
948,2023,M,196,4,11.25,11.5,1.0,0.0,2164.087379881762
950,2023,M,188,3,25.0,22.0,1.0,0.0,2179.92264837079
950,2024,M,188,2,24.0,24.0,1.0,0.0,1990.7813693229089
952,2023,M,188,4,28.5,30.5,1.0,0.0,2221.9850802947703
952,2024,M,188,1,19.0,19.0,1.0,0.0,2299.9297219063183
954,2023,M,196,3,11.0,11.0,1.0,0.0,2259.5938429562107
954,2024,M,196,1,5.0,5.0,1.0,0.0,2014.398752048337
956,2023,M,204,1,24.0,24.0,1.0,0.0,2260.3856063806625
956,2024,M,204,1,36.0,36.0,1.0,0.0,2586.9314071638028
958,2023,M,204,2,20.5,20.5,1.0,0.0,2292.2540842148305
958,2025,M,204,1,37.0,37.0,1.0,0.0,2556.604848214187
960,2023,M,196,2,11.0,11.0,1.0,0.0,2392.511127835988
962,2023,M,204,4,22.0,22.5,1.0,0.0,2611.235773840685
962,2024,M,204,3,24.666666666666668,20.0,1.0,0.0,2518.3827765346978
964,2023,M,204,4,22.0,22.5,1.0,0.0,2678.8325762032223
964,2024,M,204,4,25.75,24.5,1.0,0.0,2190.859246458929
964,2025,M,204,3,28.0,27.0,1.0,0.0,2223.2264204271833
966,2023,M,188,4,28.5,30.5,1.0,0.0,2679.030517059335
968,2023,M,196,3,10.333333333333334,11.0,1.0,0.0,3285.422329761044
970,2023,F,101,2,4.5,4.5,1.0,0.0,1708.2812480717082
972,2023,F,103,1,2.0,2.0,0.0,0.0,1507.4119614441238
972,2024,F,103,2,1.5,1.5,0.0,0.0,1466.6288257723957
972,2025,F,103,1,0.0,0.0,0.0,1.0,1444.4705987246268
974,2023,F,101,1,4.0,4.0,1.0,0.0,1706.8932075915568
976,2023,F,111,2,7.0,7.0,1.0,0.0,1734.3565799488329
978,2023,F,103,2,1.5,1.5,0.0,0.0,1864.2375105915453
978,2024,F,103,1,1.0,1.0,0.0,0.0,2260.230671257978
980,2023,F,103,1,2.0,2.0,0.0,0.0,1884.4632433023191
982,2023,M,111,2,8.5,8.5,1.0,0.0,1886.3967647743104
984,2023,M,111,2,8.5,8.5,1.0,0.0,2125.53139917734
984,2024,M,111,3,13.666666666666666,14.0,1.0,0.0,2129.7442571692372
984,2025,M,111,3,14.666666666666666,13.0,1.0,0.0,1903.6167014316622
986,2023,M,103,1,0.0,0.0,0.0,1.0,1690.2470749850488
986,2025,M,103,2,1.0,1.0,0.0,0.0,1695.1676303520237
988,2023,M,111,1,8.0,8.0,1.0,0.0,1860.2105341475326
990,2023,F,146,4,35.25,34.5,1.0,0.0,1401.2531783212771
992,2023,F,146,3,40.0,38.0,1.0,0.0,1436.9538962402905
992,2024,F,146,1,47.0,47.0,1.0,0.0,1523.2649026340314
994,2023,F,146,3,40.0,38.0,1.0,0.0,1437.945582849152
994,2024,F,146,2,36.5,36.5,1.0,0.0,1431.645915703706
996,2023,F,146,4,35.25,34.5,1.0,0.0,1446.8707623289054
996,2024,F,146,2,38.0,38.0,1.0,0.0,1507.8562102777169
998,2023,F,146,2,44.5,44.5,1.0,0.0,1448.8541355466284
1000,2023,F,131,2,0.5,0.5,0.0,0.5,1473.6463007681655
1000,2025,F,131,1,0.0,0.0,0.0,1.0,1409.5094656623594
1002,2023,F,141,1,2.0,2.0,0.0,0.0,1483.5631668567803
1004,2023,F,146,3,36.666666666666664,38.0,1.0,0.0,1490.5049731188108
1004,2024,F,146,4,30.75,27.5,1.0,0.0,1542.868836929597
1004,2025,F,146,3,26.666666666666668,23.0,1.0,0.0,1524.3453183136585
1006,2023,F,146,1,51.0,51.0,1.0,0.0,1496.4550927719797
1008,2023,F,162,4,15.25,17.0,1.0,0.0,1446.9196615914218
1008,2024,F,162,2,11.0,11.0,1.0,0.0,1445.203294561825
1008,2025,F,162,4,13.75,12.0,1.0,0.0,1425.191977485317
1010,2023,F,171,3,6.333333333333333,7.0,1.0,0.0,1502.4052124251484
1010,2024,F,171,1,9.0,9.0,1.0,0.0,1449.3580703397495
1012,2023,F,146,2,36.0,36.0,1.0,0.0,1502.4052124251484
1014,2023,F,162,3,18.333333333333332,19.0,1.0,0.0,1523.2306312112396
1016,2023,F,146,3,36.666666666666664,38.0,1.0,0.0,1529.1807508644085
1016,2024,F,146,5,28.2,26.0,1.0,0.0,1610.8898180488168
1016,2025,F,146,2,28.5,28.5,1.0,0.0,1478.2135524902008
1018,2023,F,141,3,2.3333333333333335,2.0,0.3333333333333333,0.0,1531.1641240821316
1020,2023,F,146,2,44.5,44.5,1.0,0.0,1535.1308705175775
1020,2024,F,146,3,34.0,29.0,1.0,0.0,1481.459512748738
1020,2025,F,146,3,26.666666666666668,23.0,1.0,0.0,1399.1305253642727
1022,2023,F,160,5,0.2,0.0,0.0,0.8,1543.0643633884695
1024,2023,F,146,4,35.25,34.5,1.0,0.0,1563.8897821745604
1026,2023,F,171,2,7.5,7.5,1.0,0.0,1563.8897821745604
1029,2023,F,162,3,18.333333333333332,19.0,1.0,0.0,1567.8565286100063
1029,2024,F,162,2,7.5,7.5,1.0,0.0,1677.7051019448984
1029,2025,F,162,1,25.0,25.0,1.0,0.0,1815.3403929330627
1030,2023,F,146,1,51.0,51.0,1.0,0.0,1569.8399018277294
1032,2023,F,146,4,35.25,34.5,1.0,0.0,1574.7983348720368
1032,2024,F,146,3,34.0,29.0,1.0,0.0,1482.9102038866097
1032,2025,F,146,3,26.666666666666668,23.0,1.0,0.0,1438.7718912342139
1034,2023,F,171,4,6.75,7.5,1.0,0.0,1579.7567679163444
1036,2023,F,146,4,35.25,34.5,1.0,0.0,1583.7235143517903
1036,2024,F,146,1,29.0,29.0,1.0,0.0,1676.4672828971654
1038,2023,F,150,2,2.5,2.5,0.5,0.0,1586.6985741783747
1040,2023,F,146,1,51.0,51.0,1.0,0.0,1588.6819473960975
1042,2023,F,146,3,40.0,38.0,1.0,0.0,1588.6819473960975
1042,2024,F,146,5,28.2,26.0,1.0,0.0,1688.354564548178
1042,2025,F,146,3,26.666666666666668,23.0,1.0,0.0,1471.1240386948207
1044,2023,F,171,4,6.75,7.5,1.0,0.0,1591.657007222682
1044,2024,F,171,1,9.0,9.0,1.0,0.0,1550.4849654034242
1044,2025,F,171,3,7.333333333333333,9.0,1.0,0.0,1524.4583923088505
1046,2023,F,146,3,40.0,38.0,1.0,0.0,1591.657007222682
1046,2024,F,146,5,28.2,26.0,1.0,0.0,1569.7273727258525
1049,2023,F,162,2,20.0,20.0,1.0,0.0,1599.5905000935738
1049,2024,F,162,2,14.0,14.0,1.0,0.0,1475.1855800675542
1049,2025,F,162,4,13.75,12.0,1.0,0.0,1435.7763220248983
1050,2023,F,146,3,40.0,38.0,1.0,0.0,1609.5073661821887
1050,2024,F,146,3,30.333333333333332,26.0,1.0,0.0,1671.096093497104
1050,2025,F,146,3,26.666666666666668,23.0,1.0,0.0,1542.0191766486198
1053,2023,F,146,4,35.25,34.5,1.0,0.0,1586.655196388117
1053,2024,F,146,3,32.333333333333336,29.0,1.0,0.0,1604.2683591433083
1053,2025,F,146,3,26.666666666666668,23.0,1.0,0.0,1519.9681535339764
1054,2023,F,146,3,40.0,38.0,1.0,0.0,1619.4242322708037
1054,2024,F,146,1,26.0,26.0,1.0,0.0,1657.85174178771
1054,2025,F,146,1,37.0,37.0,1.0,0.0,1837.7723876666578
1056,2023,F,146,3,29.666666666666668,38.0,0.6666666666666666,0.3333333333333333,1622.399292097388
1056,2024,F,146,2,27.5,27.5,1.0,0.0,1641.2576555800322
1056,2025,F,146,2,21.5,21.5,1.0,0.0,1719.356873840095
1058,2023,F,162,2,20.0,20.0,1.0,0.0,1627.3577251416955
1060,2023,F,146,4,35.25,34.5,1.0,0.0,1634.299531403726
1060,2024,F,146,5,28.2,26.0,1.0,0.0,1573.397277489587
1060,2025,F,146,3,26.666666666666668,23.0,1.0,0.0,1624.996443746658
1062,2023,F,146,3,40.0,38.0,1.0,0.0,1639.2579644480331
1062,2024,F,146,2,32.5,32.5,1.0,0.0,1797.5590279230778
1064,2023,F,146,1,51.0,51.0,1.0,0.0,1640.249651056895
1066,2023,F,171,4,6.75,7.5,1.0,0.0,1645.2080841012023
1066,2024,F,171,1,9.0,9.0,1.0,0.0,1697.2890273757664
1068,2023,F,169,1,2.0,2.0,0.0,0.0,1651.1582037543712
1070,2023,F,146,4,35.25,34.5,1.0,0.0,1659.091696625263
1070,2024,F,146,5,28.2,26.0,1.0,0.0,1820.371949427371
1072,2023,F,171,4,6.75,7.5,1.0,0.0,1666.0335028872935
1074,2023,F,146,4,35.25,34.5,1.0,0.0,1671.9836225404624
1074,2024,F,146,5,28.2,26.0,1.0,0.0,1631.7190072483888
1074,2025,F,146,2,28.5,28.5,1.0,0.0,1581.560690211584
1076,2023,F,141,1,2.0,2.0,0.0,0.0,1685.867235064523
1076,2024,F,141,1,2.0,2.0,0.0,0.0,1816.1993755908775
1078,2023,F,162,2,17.0,17.0,1.0,0.0,1687.850608282246
1078,2024,F,162,2,14.0,14.0,1.0,0.0,1712.7527599378777
1078,2025,F,162,1,25.0,25.0,1.0,0.0,1725.375919797858
1080,2023,F,146,3,40.0,38.0,1.0,0.0,1691.8173547176918
1080,2024,F,146,4,30.0,27.5,1.0,0.0,1708.7870072868059
1082,2023,F,146,2,36.0,36.0,1.0,0.0,1709.6677136771987
1084,2023,F,162,2,20.0,20.0,1.0,0.0,1712.6427735037832
1086,2023,F,146,2,41.0,41.0,1.0,0.0,1714.6261467215063
1088,2023,F,146,1,51.0,51.0,1.0,0.0,1719.5845797658135
1090,2023,F,146,2,36.0,36.0,1.0,0.0,1720.576266374675
1090,2024,F,146,3,22.666666666666668,21.0,1.0,0.0,1817.7930974312337
1092,2023,F,131,1,1.0,1.0,0.0,0.0,1723.5513262012594
1092,2024,F,131,1,0.0,0.0,0.0,1.0,1717.1321375233654
1094,2023,F,146,3,40.0,38.0,1.0,0.0,1727.5180726367055
1096,2023,F,146,4,35.25,34.5,1.0,0.0,1730.4931324632898
1096,2024,F,146,5,28.2,26.0,1.0,0.0,1731.401555560627
1096,2025,F,146,3,26.666666666666668,23.0,1.0,0.0,1654.4528743049266
1098,2023,F,162,2,17.0,17.0,1.0,0.0,1732.476505681013
1098,2024,F,162,1,15.0,15.0,1.0,0.0,1622.863312601404
1100,2023,F,162,3,18.333333333333332,19.0,1.0,0.0,1734.4598788987357
1100,2024,F,162,3,10.0,9.0,1.0,0.0,1845.5454624677868
1102,2023,F,146,1,51.0,51.0,1.0,0.0,1737.4349387253203
1102,2024,F,146,3,34.0,29.0,1.0,0.0,1883.8498680995158
1104,2023,F,146,2,44.5,44.5,1.0,0.0,1755.285297684827
1106,2023,F,146,1,51.0,51.0,1.0,0.0,1757.2686709025497
1108,2023,F,162,2,20.0,20.0,1.0,0.0,1808.8436855296386
1108,2024,F,162,2,14.0,14.0,1.0,0.0,1751.2877409460732
1110,2023,F,146,3,34.333333333333336,31.0,1.0,0.0,1772.1439700354722
1110,2024,F,146,1,47.0,47.0,1.0,0.0,1771.7643737646197
1112,2023,F,146,3,40.0,38.0,1.0,0.0,1804.8696281279013
1112,2024,F,146,2,32.5,32.5,1.0,0.0,1795.4761090031207
1114,2023,F,146,1,51.0,51.0,1.0,0.0,1804.8696281279013
1116,2023,F,162,3,18.333333333333332,19.0,1.0,0.0,1816.769867434239
1116,2024,F,162,2,14.0,14.0,1.0,0.0,1742.48533411679
1116,2025,F,162,2,11.5,11.5,1.0,0.0,1830.9928016798763
1118,2023,F,162,1,19.0,19.0,1.0,0.0,1833.6285397848842
1120,2023,F,146,1,51.0,51.0,1.0,0.0,1859.4123916152828
1122,2023,F,162,2,20.0,20.0,1.0,0.0,1867.3458844861746
1122,2024,F,162,4,10.75,11.0,1.0,0.0,1762.8227164074572
1124,2023,F,162,3,13.333333333333334,15.0,1.0,0.0,1867.3458844861746
1126,2023,F,169,1,2.0,2.0,0.0,0.0,1875.2793773570666
1128,2023,F,146,3,40.0,38.0,1.0,0.0,1889.1629898811273
1128,2024,F,146,3,24.333333333333332,26.0,1.0,0.0,1884.2481296393926
1128,2025,F,146,1,37.0,37.0,1.0,0.0,1977.8828636418982
1130,2023,F,162,3,18.333333333333332,19.0,1.0,0.0,1899.079855969742
1130,2024,F,162,2,7.5,7.5,1.0,0.0,2018.075773611707
1132,2023,F,171,1,7.0,7.0,1.0,0.0,1917.9219015381102
1134,2023,F,146,2,44.5,44.5,1.0,0.0,1921.888647973556
1134,2024,F,146,3,31.333333333333332,26.0,1.0,0.0,2137.3385405083254
1136,2023,F,146,3,36.666666666666664,38.0,1.0,0.0,1954.6143060659854
1138,2023,F,146,4,35.25,34.5,1.0,0.0,1985.3565909406911
1140,2023,F,146,1,51.0,51.0,1.0,0.0,1986.348277549553
1142,2023,F,162,3,15.333333333333334,19.0,1.0,0.0,1999.240203464752
1144,2023,F,146,3,40.0,38.0,1.0,0.0,2021.0573088597046
1144,2024,F,146,2,36.5,36.5,1.0,0.0,2226.5070356517053
1146,2023,F,150,1,1.0,1.0,0.0,0.0,2048.824533907826
1148,2023,F,171,3,7.666666666666667,8.0,1.0,0.0,2049.8162205166877
1150,2023,F,146,1,51.0,51.0,1.0,0.0,2050.8079071255493
1153,2023,F,169,3,3.3333333333333335,3.0,0.6666666666666666,0.0,2080.5585053913937
1153,2024,F,169,3,3.0,2.0,0.3333333333333333,0.0,1940.4621380244243
1153,2025,F,169,3,12.333333333333334,13.0,1.0,0.0,1983.7959667052312
1154,2023,F,146,3,40.0,38.0,1.0,0.0,2147.9931947939745
1154,2024,F,146,4,30.75,27.5,1.0,0.0,2130.3203320305133
1154,2025,F,146,2,30.0,30.0,1.0,0.0,2064.5749678755055
1156,2023,F,162,2,20.0,20.0,1.0,0.0,2178.735479668681
1158,2023,F,162,2,20.0,20.0,1.0,0.0,2178.735479668681
1159,2023,F,146,1,51.0,51.0,1.0,0.0,2187.660659148434
1161,2023,F,162,2,17.0,17.0,1.0,0.0,2213.444510978833
1163,2023,F,146,2,44.5,44.5,1.0,0.0,2226.336436894032
1165,2023,F,146,1,51.0,51.0,1.0,0.0,2226.336436894032
1167,2023,F,162,1,19.0,19.0,1.0,0.0,2646.811559051301
1169,2023,F,146,1,51.0,51.0,1.0,0.0,2755.8970860260642
1172,2023,M,171,2,21.0,21.0,1.0,0.0,1644.884703160052
1173,2023,M,162,4,17.0,17.5,1.0,0.0,1549.3414142837598
1175,2023,M,162,2,17.5,17.5,1.0,0.0,1576.0712661595817
1177,2023,M,171,1,18.0,18.0,1.0,0.0,1591.9111783822912
1177,2024,M,171,1,21.0,21.0,1.0,0.0,1674.4676493412298
1179,2023,M,162,4,17.0,17.5,1.0,0.0,1610.7210741467586
1179,2024,M,162,2,18.5,18.5,1.0,0.0,1830.8662613860622
1181,2023,M,146,4,43.75,40.0,1.0,0.0,1613.6910576885166
1183,2023,M,171,4,16.75,17.0,1.0,0.0,1614.681052202436
1183,2024,M,171,3,15.0,15.0,1.0,0.0,1625.4303790286299
1183,2025,M,171,4,16.25,17.0,1.0,0.0,1703.7026857306278
1185,2023,M,146,1,67.0,67.0,1.0,0.0,1615.6710467163552
1187,2023,M,146,1,67.0,67.0,1.0,0.0,1616.6610412302746
1187,2024,M,146,4,40.5,37.5,1.0,0.0,1667.3348907779998
1187,2025,M,146,1,32.0,32.0,1.0,0.0,1925.0986702676921
1189,2023,M,169,2,3.5,3.5,1.0,0.0,1617.651035744194
1191,2023,M,162,2,21.5,21.5,1.0,0.0,1618.6410302581135
1193,2023,M,150,3,12.666666666666666,12.0,1.0,0.0,1629.530969911226
1195,2023,M,146,3,31.666666666666668,28.0,0.6666666666666666,0.3333333333333333,1634.4809424808227
1195,2024,M,146,4,38.75,37.5,1.0,0.0,1636.1237431875256
1195,2025,M,146,3,35.0,34.0,1.0,0.0,1623.887764546309
1198,2023,M,169,3,4.333333333333333,4.0,1.0,0.0,1634.4809424808227
1198,2024,M,169,4,9.5,9.5,1.0,0.0,1580.9051357466678
1198,2025,M,169,4,11.5,12.0,1.0,0.0,1645.2602205819549
1199,2023,M,141,3,4.666666666666667,6.0,0.6666666666666666,0.0,1645.3708821339353
1201,2023,M,146,3,49.0,42.0,1.0,0.0,1648.3408656756935
1201,2024,M,146,2,43.5,43.5,1.0,0.0,1578.5200734848615
1203,2023,M,146,2,54.5,54.5,1.0,0.0,1661.2107943566448
1203,2024,M,146,2,50.5,50.5,1.0,0.0,1704.2841829813622
1205,2023,M,146,4,43.75,40.0,1.0,0.0,1669.1307504679994
1205,2024,M,146,4,40.5,37.5,1.0,0.0,1682.2297888553446
1205,2025,M,146,2,35.5,35.5,1.0,0.0,1707.915395729741
1207,2023,M,146,4,43.75,40.0,1.0,0.0,1669.1307504679994
1207,2024,M,146,3,45.666666666666664,39.0,1.0,0.0,1672.2723875385368
1207,2025,M,146,3,35.0,34.0,1.0,0.0,1703.9835817151984
1209,2023,M,162,4,17.0,17.5,1.0,0.0,1670.1207449819185
1211,2023,M,162,1,21.0,21.0,1.0,0.0,1671.110739495838
1213,2023,M,160,4,9.0,9.0,1.0,0.0,1672.1007340097574
1213,2024,M,160,2,8.5,8.5,1.0,0.0,1734.998334780818
1213,2025,M,160,3,7.666666666666667,8.0,1.0,0.0,1694.7140749538412
1216,2023,M,146,2,52.5,52.5,1.0,0.0,1680.020690121112
1216,2024,M,146,4,40.5,37.5,1.0,0.0,1635.4598088924815
1216,2025,M,146,2,33.0,33.0,1.0,0.0,1605.711407034167
1217,2023,M,171,4,16.75,17.0,1.0,0.0,1684.9706626907087
1217,2024,M,171,1,21.0,21.0,1.0,0.0,1698.0008558660986
1217,2025,M,171,2,17.0,17.0,1.0,0.0,1632.2495809628172
1219,2023,M,146,3,45.666666666666664,42.0,1.0,0.0,1684.9706626907087
1219,2024,M,146,2,43.5,43.5,1.0,0.0,1773.8830616912744
1222,2023,M,171,4,16.75,17.0,1.0,0.0,1768.6339820019766
1222,2024,M,171,1,21.0,21.0,1.0,0.0,1694.2152488463437
1222,2025,M,171,1,20.0,20.0,1.0,0.0,1961.1617689442883
1223,2023,M,171,4,16.75,17.0,1.0,0.0,1694.870607829902
1225,2023,M,146,2,54.5,54.5,1.0,0.0,1697.8405913716601
1225,2024,M,146,1,62.0,62.0,1.0,0.0,1839.687930971466
1225,2025,M,146,1,32.0,32.0,1.0,0.0,1935.5832029218757
1227,2023,M,171,4,16.75,17.0,1.0,0.0,1701.8005694273375
1227,2025,M,171,2,13.5,13.5,1.0,0.0,1822.887236076644
1229,2023,M,146,2,54.5,54.5,1.0,0.0,1704.7705529690954
1231,2023,M,131,2,6.0,6.0,1.0,0.0,1705.7605474830148
1231,2024,M,131,2,3.5,3.5,1.0,0.0,1638.855624541988
1231,2025,M,131,2,5.5,5.5,1.0,0.0,1705.809705404471
1232,2023,M,146,1,67.0,67.0,1.0,0.0,1705.7605474830148
1234,2023,M,150,3,12.0,10.0,1.0,0.0,1705.7605474830148
1234,2025,M,150,3,13.333333333333334,15.0,1.0,0.0,1888.7328579294197
1236,2023,M,146,3,45.666666666666664,42.0,1.0,0.0,1706.750541996934
1236,2024,M,146,1,62.0,62.0,1.0,0.0,1658.9349524972865
1238,2023,M,162,2,16.0,16.0,1.0,0.0,1716.6504871361274
1239,2023,M,171,4,16.75,17.0,1.0,0.0,1822.929794559788
1239,2024,M,171,3,15.0,15.0,1.0,0.0,1769.669996991538
1239,2025,M,171,4,16.25,17.0,1.0,0.0,1857.9981125727343
1241,2023,M,131,3,4.0,6.0,0.6666666666666666,0.3333333333333333,1751.86463447938
1241,2024,M,131,1,3.0,3.0,1.0,0.0,1848.5370364541832
1241,2025,M,131,1,5.0,5.0,1.0,0.0,1881.5847120805843
1243,2023,M,146,3,49.0,42.0,1.0,0.0,1736.4503774145142
1245,2023,M,146,3,49.0,42.0,1.0,0.0,1743.3803390119494
1247,2023,M,150,4,12.0,11.0,1.0,0.0,1745.3603280397883
1249,2023,M,146,1,67.0,67.0,1.0,0.0,1746.3503225537074
1251,2023,M,146,3,45.666666666666664,42.0,1.0,0.0,1749.3203060954654
1251,2024,M,146,4,40.5,37.5,1.0,0.0,1819.3621504874345
1251,2025,M,146,3,35.0,34.0,1.0,0.0,1855.9858681628912
1254,2023,M,146,4,43.75,40.0,1.0,0.0,1749.3203060954654
1254,2024,M,146,5,36.0,36.0,1.0,0.0,1738.4332042671933
1254,2025,M,146,3,35.0,34.0,1.0,0.0,1754.7175905952429
1255,2023,M,146,3,45.666666666666664,42.0,1.0,0.0,1757.2402622068203
1257,2023,M,146,3,45.666666666666664,42.0,1.0,0.0,1758.2302567207396
1257,2024,M,146,3,45.666666666666664,39.0,1.0,0.0,1752.092106684454
1258,2023,M,146,3,44.333333333333336,38.0,1.0,0.0,1770.1101908877715
1260,2023,M,171,4,16.75,17.0,1.0,0.0,1775.0601634573684
1260,2024,M,171,2,18.0,18.0,1.0,0.0,1833.1997127546178
1262,2023,M,146,3,45.666666666666664,42.0,1.0,0.0,1775.0601634573684
1264,2023,M,171,4,16.75,17.0,1.0,0.0,1779.0201415130457
1264,2025,M,171,1,20.0,20.0,1.0,0.0,2014.3022893014793
1266,2023,M,162,4,17.0,17.5,1.0,0.0,1800.800020819271
1266,2024,M,162,4,15.5,13.0,1.0,0.0,1954.5343253809012
1266,2025,M,162,4,19.0,17.5,1.0,0.0,1819.8328933310481
1268,2023,M,150,3,12.666666666666666,12.0,1.0,0.0,1801.7900153331905
1268,2025,M,150,3,15.0,15.0,1.0,0.0,2118.333902040052
1270,2023,M,146,2,54.5,54.5,1.0,0.0,1805.7499933888676
1273,2023,M,146,3,49.0,42.0,1.0,0.0,1814.6599440141417
1273,2024,M,146,4,36.0,32.0,1.0,0.0,2491.6514162139156
1273,2025,M,146,3,35.0,34.0,1.0,0.0,1677.5180062167499
1274,2023,M,146,1,67.0,67.0,1.0,0.0,1823.569894639416
1274,2024,M,146,4,40.5,37.5,1.0,0.0,1862.9674627991349
1276,2023,M,146,3,49.0,42.0,1.0,0.0,1823.569894639416
1278,2023,M,146,4,43.75,40.0,1.0,0.0,1835.4498288064476
1278,2024,M,146,4,36.0,32.0,1.0,0.0,1819.8586470900127
1278,2025,M,146,2,33.0,33.0,1.0,0.0,1872.7640443279452
1280,2023,M,171,3,19.333333333333332,18.0,1.0,0.0,1837.4298178342863
1280,2024,M,171,2,18.0,18.0,1.0,0.0,1911.95845037865
1282,2023,M,171,2,21.0,21.0,1.0,0.0,1838.4198123482058
1282,2024,M,171,1,21.0,21.0,1.0,0.0,1908.1313156198719
1282,2025,M,171,3,18.0,18.0,1.0,0.0,1967.684287024375
1284,2023,M,162,1,21.0,21.0,1.0,0.0,1841.3897958899638
1284,2024,M,162,3,16.0,12.0,1.0,0.0,2022.1075936008415
1284,2025,M,162,3,19.333333333333332,17.0,1.0,0.0,1767.0112943895067
1286,2023,M,150,4,12.0,11.0,1.0,0.0,1842.3797904038831
1286,2025,M,150,4,13.5,14.5,1.0,0.0,2064.9557877324078
1288,2023,M,162,4,17.0,17.5,1.0,0.0,1844.3597794317218
1288,2024,M,162,3,17.0,14.0,1.0,0.0,1765.8881260667401
1288,2025,M,162,3,19.666666666666668,18.0,1.0,0.0,1715.868123165445
1290,2023,M,150,4,12.0,11.0,1.0,0.0,1847.3297629734798
1290,2025,M,150,3,15.0,15.0,1.0,0.0,1902.7646371444155
1292,2023,M,150,4,12.0,11.0,1.0,0.0,1864.1596697101086
1294,2023,M,169,3,4.333333333333333,4.0,1.0,0.0,1867.1296532518663
1294,2024,M,169,4,9.5,9.5,1.0,0.0,1678.9493550258098
1294,2025,M,169,3,11.333333333333334,12.0,1.0,0.0,1809.4525582718622
1296,2023,M,162,2,16.0,16.0,1.0,0.0,1876.0396038771405
1297,2023,M,171,3,19.333333333333332,18.0,1.0,0.0,1877.0295983910598
1299,2023,M,146,3,49.0,42.0,1.0,0.0,1877.0295983910598
1299,2024,M,146,2,30.5,30.5,1.0,0.0,1950.5365528885861
1299,2025,M,146,3,35.0,34.0,1.0,0.0,1948.7651875517913
1301,2023,M,146,4,43.75,40.0,1.0,0.0,1880.9895764467371
1301,2024,M,146,1,62.0,62.0,1.0,0.0,1979.8724713318788
1303,2023,M,160,3,8.666666666666666,8.0,1.0,0.0,1881.9795709606565
1303,2024,M,160,1,10.0,10.0,1.0,0.0,1984.2337247798957
1303,2025,M,160,1,9.0,9.0,1.0,0.0,1986.0276524844573
1305,2023,M,146,3,49.0,42.0,1.0,0.0,1885.9395490163338
1305,2024,M,146,5,36.0,36.0,1.0,0.0,1839.7659847244506
1305,2025,M,146,2,36.5,36.5,1.0,0.0,1961.748300060464
1307,2023,M,146,2,54.5,54.5,1.0,0.0,1889.899527072011
1309,2023,M,146,4,43.75,40.0,1.0,0.0,1890.8895215859307
1309,2024,M,146,4,36.0,32.0,1.0,0.0,2195.110779318591
1311,2023,M,171,4,16.75,17.0,1.0,0.0,1893.8595051276884
1313,2023,M,171,3,19.333333333333332,18.0,1.0,0.0,1898.8094776972853
1313,2024,M,171,1,21.0,21.0,1.0,0.0,2134.2920648928657
1315,2023,M,146,1,67.0,67.0,1.0,0.0,1903.759450266882
1317,2023,M,146,2,47.5,47.5,1.0,0.0,1903.759450266882
1319,2023,M,160,5,8.4,8.0,1.0,0.0,1912.669400892156
1319,2024,M,160,2,7.5,7.5,1.0,0.0,1867.1489374790092
1321,2023,M,146,2,54.5,54.5,1.0,0.0,1920.5893570035107
1321,2024,M,146,3,41.0,36.0,1.0,0.0,1979.7305531201825
1323,2023,M,162,3,18.0,21.0,1.0,0.0,1929.4993076287844
1323,2024,M,162,3,16.0,12.0,1.0,0.0,1873.1868902269111
1323,2025,M,162,3,19.666666666666668,18.0,1.0,0.0,2142.0138237385754
1325,2023,M,146,2,52.5,52.5,1.0,0.0,1931.4792966566233
1325,2024,M,146,2,49.0,49.0,1.0,0.0,1991.1512386381594
1325,2025,M,146,1,32.0,32.0,1.0,0.0,1989.2917051032125
1327,2023,M,131,1,6.0,6.0,1.0,0.0,1947.3192088793328
1329,2023,M,150,4,12.0,11.0,1.0,0.0,1947.3192088793328
1331,2023,M,146,2,47.5,47.5,1.0,0.0,1948.309203393252
1333,2023,M,146,2,52.5,52.5,1.0,0.0,1952.2691814489294
1333,2024,M,146,2,50.5,50.5,1.0,0.0,1950.0559376917467
1333,2025,M,146,1,32.0,32.0,1.0,0.0,2162.3854045826583
1335,2023,M,150,1,8.0,8.0,1.0,0.0,1953.2591759628485
1337,2023,M,162,1,21.0,21.0,1.0,0.0,1955.2391649906874
1337,2024,M,162,3,17.0,14.0,1.0,0.0,2054.446942054698
1337,2025,M,162,1,17.0,17.0,1.0,0.0,2168.4847125467636
1339,2023,M,146,2,52.5,52.5,1.0,0.0,1959.1991430463645
1341,2023,M,146,4,43.75,40.0,1.0,0.0,1975.039055269074
1341,2024,M,146,4,38.75,37.5,1.0,0.0,1829.3458087010013
1341,2025,M,146,3,35.0,34.0,1.0,0.0,2255.466253045132
1343,2023,M,146,1,67.0,67.0,1.0,0.0,1978.009038810832
1345,2023,M,146,1,67.0,67.0,1.0,0.0,1981.9690168665095
1347,2023,M,162,3,19.0,21.0,1.0,0.0,1984.9390004082675
1349,2023,M,171,1,18.0,18.0,1.0,0.0,1987.9089839500255
1351,2023,M,131,2,6.0,6.0,1.0,0.0,1988.8989784639446
1353,2023,M,146,1,67.0,67.0,1.0,0.0,1990.8789674917834
1355,2023,M,146,3,49.0,42.0,1.0,0.0,1991.8689620057028
1357,2023,M,160,3,8.0,7.0,1.0,0.0,1995.82894006138
1359,2023,M,146,1,67.0,67.0,1.0,0.0,1997.8089290892187
1361,2023,M,146,1,67.0,67.0,1.0,0.0,2003.7488961727347
1363,2023,M,146,2,54.5,54.5,1.0,0.0,2011.6688522840896
1363,2024,M,146,3,41.0,36.0,1.0,0.0,2036.0332678525467
1365,2023,M,162,2,21.5,21.5,1.0,0.0,2012.6588467980087
1365,2024,M,162,1,25.0,25.0,1.0,0.0,2086.026167989553
1365,2025,M,162,1,26.0,26.0,1.0,0.0,2268.4176593494967
1367,2023,M,141,3,4.666666666666667,6.0,0.6666666666666666,0.0,2013.648841311928
1367,2025,M,141,1,7.0,7.0,1.0,0.0,1770.0589502683445
1369,2023,M,131,2,6.0,6.0,1.0,0.0,2034.438726104234
1369,2024,M,131,1,3.0,3.0,1.0,0.0,2330.4120798599156
1371,2023,M,131,2,6.0,6.0,1.0,0.0,2035.4287206181536
1373,2023,M,146,3,49.0,42.0,1.0,0.0,2035.4287206181536
1375,2023,M,146,3,44.333333333333336,38.0,1.0,0.0,2037.408709645992
1377,2023,M,162,2,17.5,17.5,1.0,0.0,2039.3886986738307
1379,2023,M,169,2,4.5,4.5,1.0,0.0,2067.1918700922947
1379,2024,M,169,2,9.5,9.5,1.0,0.0,2595.631964637439
1381,2023,M,146,2,52.5,52.5,1.0,0.0,2057.2085999243786
1381,2024,M,146,3,45.666666666666664,39.0,1.0,0.0,1978.8696179099074
1381,2025,M,146,3,35.0,34.0,1.0,0.0,2008.6872452841276
1383,2023,M,171,1,18.0,18.0,1.0,0.0,2077.0084902027656
1385,2023,M,162,2,21.5,21.5,1.0,0.0,2077.0084902027656
1387,2023,M,171,2,21.0,21.0,1.0,0.0,2176.3930393079645
1387,2024,M,171,1,15.0,15.0,1.0,0.0,2420.6676594702994
1389,2023,M,171,1,18.0,18.0,1.0,0.0,2089.8784188837167
1391,2023,M,146,1,67.0,67.0,1.0,0.0,2089.8784188837167
1393,2023,M,160,4,8.5,8.5,1.0,0.0,2099.7783640229104
1395,2023,M,146,4,43.75,40.0,1.0,0.0,2121.558243329136
1395,2024,M,146,4,36.0,32.0,1.0,0.0,1998.8953219796995
1395,2025,M,146,3,35.0,34.0,1.0,0.0,1959.750898136053
1397,2023,M,160,1,7.0,7.0,1.0,0.0,2136.4081610379258
1399,2023,M,146,2,54.5,54.5,1.0,0.0,2146.308106177119
1401,2023,M,141,3,4.666666666666667,6.0,0.6666666666666666,0.0,2157.198045830232
1401,2024,M,141,1,6.0,6.0,1.0,0.0,1877.1236911760332
1401,2025,M,141,2,7.0,7.0,1.0,0.0,1790.3884191262848
1403,2023,M,146,3,49.0,42.0,1.0,0.0,2166.1079964555056
1403,2024,M,146,1,62.0,62.0,1.0,0.0,2508.8817821852745
1405,2023,M,146,2,54.5,54.5,1.0,0.0,2167.097990969425
1407,2023,M,146,1,67.0,67.0,1.0,0.0,2167.097990969425
1409,2023,M,146,2,47.5,47.5,1.0,0.0,2173.037958052941
1411,2023,M,162,2,17.5,17.5,1.0,0.0,2191.847853817408
1411,2024,M,162,1,25.0,25.0,1.0,0.0,2498.7335013689913
1413,2023,M,146,2,47.5,47.5,1.0,0.0,2229.467645346343
1415,2023,M,146,1,67.0,67.0,1.0,0.0,2240.357584999456
1415,2024,M,146,3,41.0,36.0,1.0,0.0,2197.5932623314816
1415,2025,M,146,1,32.0,32.0,1.0,0.0,2007.8869139615758
1417,2023,M,146,1,67.0,67.0,1.0,0.0,2257.187491736084
1419,2023,M,146,3,49.0,42.0,1.0,0.0,2300.747250348535
1421,2023,M,146,1,67.0,67.0,1.0,0.0,2305.697222918132
1423,2023,M,162,1,21.0,21.0,1.0,0.0,2309.6572009738097
1424,2023,M,146,3,44.333333333333336,38.0,1.0,0.0,2408.656652365743
1426,2023,M,146,3,49.0,42.0,1.0,0.0,2440.3364768111614
1426,2024,M,146,1,62.0,62.0,1.0,0.0,2172.7335382378005
1428,2023,M,162,2,21.5,21.5,1.0,0.0,2489.8362025071283
1428,2024,M,162,2,19.5,19.5,1.0,0.0,2771.190895154069
1430,2023,M,162,1,21.0,21.0,1.0,0.0,2502.70613118808
1432,2023,M,146,2,47.5,47.5,1.0,0.0,2506.666109243757
1434,2023,M,160,3,8.0,7.0,1.0,0.0,2566.065780078917
1434,2024,M,160,2,9.0,9.0,1.0,0.0,2638.997247468769
1436,2023,M,146,3,49.0,42.0,1.0,0.0,2671.005198554367
1436,2024,M,146,3,45.666666666666664,39.0,1.0,0.0,2615.542235638785
1438,2023,M,160,5,8.4,8.0,1.0,0.0,2722.4849132781724
1440,2023,M,162,2,21.5,21.5,1.0,0.0,2802.674468905638
1442,2023,M,131,1,6.0,6.0,1.0,0.0,2927.4137776594744
1444,2023,M,146,1,67.0,67.0,1.0,0.0,3562.990255595688
1446,2023,F,86,1,11.0,11.0,1.0,0.0,1383.2240277451992
1448,2023,F,86,3,7.666666666666667,9.0,1.0,0.0,1414.0677882266527
1450,2023,F,86,4,8.0,9.0,1.0,0.0,1419.9992806269324
1452,2023,F,75,2,2.0,2.0,0.5,0.0,1436.6074593477153
1452,2024,F,75,2,8.0,8.0,1.0,0.0,1491.2290311007898
1454,2023,F,96,1,15.0,15.0,1.0,0.0,1446.0978471881626
1454,2024,F,96,1,12.0,12.0,1.0,0.0,1561.5472842895929
1456,2023,F,86,3,9.666666666666666,9.0,1.0,0.0,1482.8731000698958
1458,2023,F,139,2,12.5,12.5,1.0,0.0,1489.9908909502317
1458,2024,F,139,3,14.333333333333334,16.0,1.0,0.0,1534.8713145814525
1458,2025,F,139,3,9.333333333333334,10.0,1.0,0.0,1544.4207516245085
1460,2023,F,96,1,15.0,15.0,1.0,0.0,1491.1771894302876
1462,2023,F,139,2,12.5,12.5,1.0,0.0,1493.5497863903995
1464,2023,F,96,1,15.0,15.0,1.0,0.0,1494.7360848704552
1464,2024,F,96,1,18.0,18.0,1.0,0.0,2171.1923988893886
1466,2023,F,77,3,2.0,2.0,0.3333333333333333,0.0,1552.8647103931953
1466,2024,F,77,4,4.25,5.0,0.75,0.25,1438.1871672406608
1466,2025,F,77,2,1.0,1.0,0.0,0.5,1407.8553057414388
1468,2023,F,96,2,11.5,11.5,1.0,0.0,1565.9139936738104
1472,2023,F,86,2,10.0,10.0,1.0,0.0,1588.4536647948726
1478,2023,F,86,3,9.666666666666666,9.0,1.0,0.0,1513.5021792333275
1478,2024,F,86,3,10.0,9.0,1.0,0.0,1557.53972909182
1478,2025,F,86,5,10.2,11.0,0.8,0.0,1524.3755335574388
1480,2023,F,75,2,3.5,3.5,1.0,0.0,1635.9056039971092
1483,2023,F,139,2,12.5,12.5,1.0,0.0,1555.956790160927
1483,2024,F,139,2,18.0,18.0,1.0,0.0,1631.28957496964
1484,2023,F,139,2,12.5,12.5,1.0,0.0,1646.5822903176127
1484,2024,F,139,5,11.2,10.0,1.0,0.0,1670.860749632589
1484,2025,F,139,2,8.0,8.0,1.0,0.0,1557.7518798878148
1486,2023,F,86,3,9.666666666666666,9.0,1.0,0.0,1651.3274842378362
1486,2024,F,86,2,10.5,10.5,1.0,0.0,1594.4140152976513
1488,2023,F,96,3,11.0,10.0,1.0,0.0,1660.8178720782837
1488,2024,F,96,4,12.5,12.5,1.0,0.0,1555.4105590301772
1490,2023,F,96,3,11.0,10.0,1.0,0.0,1714.2013036807998
1490,2024,F,96,2,16.0,16.0,1.0,0.0,1751.6097632847436
1492,2023,F,77,3,2.0,2.0,0.3333333333333333,0.0,1727.2505869614147
1492,2024,F,77,2,7.0,7.0,1.0,0.0,1872.2240774193267
1494,2023,F,75,3,2.6666666666666665,3.0,0.6666666666666666,0.0,1729.6231839215266
1494,2024,F,75,2,8.0,8.0,1.0,0.0,1544.9367856900083
1494,2025,F,75,2,13.0,13.0,1.0,0.0,1640.231800218168
1497,2023,F,139,2,12.5,12.5,1.0,0.0,1742.6724672021417
1497,2024,F,139,4,13.25,13.0,1.0,0.0,1707.1635086891583
1497,2025,F,139,6,8.333333333333334,8.0,1.0,0.0,1542.9095441028994
1498,2023,F,139,2,12.5,12.5,1.0,0.0,1747.4176611223654
1498,2024,F,139,1,20.0,20.0,1.0,0.0,1742.8698970370078
1500,2023,F,86,1,11.0,11.0,1.0,0.0,1790.1244064043785
1502,2023,F,96,1,15.0,15.0,1.0,0.0,1803.1736896849934
1502,2024,F,96,2,15.0,15.0,1.0,0.0,1756.8156596504855
1504,2023,F,86,1,11.0,11.0,1.0,0.0,1881.469389368684
1506,2023,F,86,2,10.0,10.0,1.0,0.0,1930.1076270509766
1509,2023,F,139,1,9.0,9.0,1.0,0.0,1970.441775372878
1510,2023,F,77,2,2.5,2.5,0.5,0.0,1985.8636556136048
1512,2023,F,86,4,8.0,9.0,1.0,0.0,2181.602904822831
1512,2024,F,86,4,9.25,8.5,1.0,0.0,2125.0974051187377
1512,2025,F,86,4,12.25,11.5,1.0,0.0,2063.9083863567494
1514,2023,F,86,3,7.666666666666667,9.0,1.0,0.0,2326.331319389653
1514,2024,F,86,2,8.0,8.0,1.0,0.0,3045.403236164246
1517,2023,F,139,1,9.0,9.0,1.0,0.0,2358.361378351163
1518,2023,F,96,1,15.0,15.0,1.0,0.0,2651.377102924974
1520,2023,M,139,2,8.0,8.0,0.5,0.5,1614.892846010527
1520,2024,M,139,2,17.5,17.5,1.0,0.0,1620.9483390958685
1522,2023,M,75,2,5.5,5.5,0.5,0.5,1494.1825929807733
1522,2025,M,75,2,15.5,15.5,1.0,0.0,1547.3378820797775
1525,2023,M,75,2,13.0,13.0,1.0,0.0,1535.0125662437483
1525,2024,M,75,3,20.0,21.0,1.0,0.0,1611.7946904530957
1526,2023,M,86,3,21.666666666666668,18.0,1.0,0.0,1560.288263977971
1529,2023,M,139,2,23.5,23.5,1.0,0.0,1564.176832860159
1529,2024,M,139,2,18.0,18.0,1.0,0.0,1765.0718111958563
1530,2023,M,75,3,10.0,11.0,1.0,0.0,1591.3968150354754
1530,2024,M,75,5,15.8,19.0,0.8,0.2,1535.7564546574351
1530,2025,M,75,1,28.0,28.0,1.0,0.0,1715.8228008246706
1533,2023,M,139,2,23.5,23.5,1.0,0.0,1614.728228328604
1534,2023,M,75,3,15.0,15.0,1.0,0.0,1640.9760682833737
1534,2024,M,75,5,18.4,19.0,1.0,0.0,1648.0762982433312
1534,2025,M,75,3,15.666666666666666,16.0,1.0,0.0,1610.083160650282
1536,2023,M,86,4,19.0,17.5,1.0,0.0,1655.558201591579
1536,2024,M,86,2,16.0,16.0,1.0,0.0,1869.8358001476329
1536,2025,M,86,5,13.0,13.0,1.0,0.0,1797.7924693633488
1539,2023,M,86,4,19.0,17.5,1.0,0.0,1670.1403348997842
1540,2023,M,75,2,15.0,15.0,1.0,0.0,1676.9453304436133
1542,2023,M,77,4,7.25,7.5,1.0,0.0,1679.8617571052546
1542,2024,M,77,3,12.666666666666666,14.0,1.0,0.0,1816.4119201434144
1546,2023,M,75,3,15.0,15.0,1.0,0.0,1686.07782470511
1546,2024,M,75,3,21.333333333333332,21.0,1.0,0.0,1624.3134841653525
1548,2023,M,77,4,7.25,7.5,1.0,0.0,1713.8867348244003
1551,2023,M,139,2,23.5,23.5,1.0,0.0,1714.8588770449473
1552,2023,M,96,3,17.0,16.0,1.0,0.0,1715.8310192654942
1552,2024,M,96,4,14.0,14.0,1.0,0.0,1674.6991503991883
1552,2025,M,96,4,13.5,14.0,1.0,0.0,1945.7950926158808
1554,2023,M,77,3,7.0,7.0,1.0,0.0,1715.8310192654942
1554,2024,M,77,3,12.666666666666666,14.0,1.0,0.0,1693.1668495827662
1557,2023,M,139,1,16.0,16.0,1.0,0.0,1717.7753037065884
1557,2024,M,139,4,15.5,17.5,0.75,0.0,1738.6243873314609
1557,2025,M,139,5,11.4,14.0,1.0,0.0,1766.9052931273702
1558,2023,M,86,4,19.0,17.5,1.0,0.0,1720.6917303682296
1558,2024,M,86,4,14.75,16.0,1.0,0.0,1678.419497117245
1558,2025,M,86,5,13.0,13.0,1.0,0.0,1647.8081674710147
1560,2023,M,75,2,15.0,15.0,1.0,0.0,1727.4967259120588
1562,2023,M,75,2,15.0,15.0,1.0,0.0,1740.6810923826351
1562,2024,M,75,4,20.75,20.0,1.0,0.0,1848.667847693131
1562,2025,M,75,3,19.333333333333332,16.0,1.0,0.0,1830.9045949021497
1564,2023,M,75,1,11.0,11.0,1.0,0.0,1775.1316947188627
1566,2023,M,77,4,7.25,7.5,1.0,0.0,1785.82525914488
1568,2023,M,96,1,19.0,19.0,1.0,0.0,1791.658112468162
1571,2023,M,139,1,16.0,16.0,1.0,0.0,1794.574539129803
1571,2024,M,139,1,23.0,23.0,1.0,0.0,1908.3916995860084
1572,2023,M,86,2,23.5,23.5,1.0,0.0,1794.574539129803
1572,2024,M,86,2,16.0,16.0,1.0,0.0,1851.6918409009168
1572,2025,M,86,2,14.0,14.0,1.0,0.0,1860.607143657237
1574,2023,M,86,4,19.0,17.5,1.0,0.0,1797.4909657914443
1576,2023,M,86,3,21.666666666666668,18.0,1.0,0.0,1801.3795346736324
1578,2023,M,86,4,19.0,17.5,1.0,0.0,1814.0173835407436
1578,2024,M,86,3,16.0,16.0,1.0,0.0,2030.1074401602866
1581,2023,M,139,2,23.5,23.5,1.0,0.0,1828.599516848949
1583,2023,M,139,2,23.5,23.5,1.0,0.0,1829.5716590694958
1583,2024,M,139,1,23.0,23.0,1.0,0.0,1907.6071925977706
1584,2023,M,139,2,23.5,23.5,1.0,0.0,1837.3487968338723
1584,2024,M,139,5,13.4,11.0,0.8,0.0,1737.2122747526337
1584,2025,M,139,4,12.0,13.0,1.0,0.0,1754.7967909889649
1586,2023,M,77,4,7.25,7.5,1.0,0.0,1845.1259345982485
1589,2023,M,139,2,23.5,23.5,1.0,0.0,1846.0980768187953
1589,2024,M,139,4,17.75,17.5,1.0,0.0,2030.3040855580814
1589,2025,M,139,6,11.166666666666666,12.0,1.0,0.0,1895.7373660440521
1590,2023,M,86,2,23.5,23.5,1.0,0.0,1859.7080679064536
1592,2023,M,77,4,7.25,7.5,1.0,0.0,1891.7887611845053
1592,2024,M,77,3,12.666666666666666,14.0,1.0,0.0,1901.2917950490398
1592,2025,M,77,2,5.0,5.0,1.0,0.0,2110.5424132854037
1594,2023,M,86,4,19.0,17.5,1.0,0.0,1904.4266100516168
1595,2023,M,139,2,23.5,23.5,1.0,0.0,1907.3430367132578
1595,2024,M,139,1,23.0,23.0,1.0,0.0,1890.9756444471404
1596,2023,M,96,1,19.0,19.0,1.0,0.0,1908.3151789338046
1597,2023,M,86,3,19.333333333333332,17.0,1.0,0.0,1938.4515877707624
1597,2024,M,86,2,13.5,13.5,1.0,0.0,2040.2982120144632
1597,2025,M,86,2,13.5,13.5,1.0,0.0,1986.834230860479
1598,2023,M,86,3,21.666666666666668,18.0,1.0,0.0,1947.2008677556855
1599,2023,M,139,2,23.5,23.5,1.0,0.0,1958.86657440225
1600,2023,M,96,1,19.0,19.0,1.0,0.0,1974.4208499310023
1601,2023,M,77,1,6.0,6.0,1.0,0.0,1975.3929921515494
1602,2023,M,75,2,13.0,13.0,1.0,0.0,1981.2258454748314
1603,2023,M,86,1,17.0,17.0,1.0,0.0,2012.334396532336
1604,2023,M,139,2,23.5,23.5,1.0,0.0,2027.8886720610885
1605,2023,M,96,3,17.0,16.0,1.0,0.0,2049.275800913123
1606,2023,M,75,3,15.0,15.0,1.0,0.0,2089.1336319555508
1607,2023,M,75,2,15.0,15.0,1.0,0.0,2094.9664852788333
1607,2024,M,75,1,21.0,21.0,1.0,0.0,2181.3998043607917
1608,2023,M,139,2,23.5,23.5,1.0,0.0,2150.3785918500134
1608,2024,M,139,3,20.0,23.0,1.0,0.0,2269.892519765747
1609,2023,M,86,3,21.666666666666668,18.0,1.0,0.0,2150.3785918500134
1609,2024,M,86,4,14.75,16.0,1.0,0.0,2056.8547545261004
1609,2025,M,86,3,12.666666666666666,13.0,1.0,0.0,1966.3868003584455
1610,2023,M,86,1,17.0,17.0,1.0,0.0,2206.7628406417407
1611,2023,M,139,2,23.5,23.5,1.0,0.0,2208.707125082835
1612,2023,M,86,3,15.333333333333334,17.0,1.0,0.0,2287.4506449471432
1612,2024,M,86,4,14.75,16.0,1.0,0.0,2411.5392574986195
1612,2025,M,86,5,13.0,13.0,1.0,0.0,2188.9909966811747
1613,2023,M,86,2,23.5,23.5,1.0,0.0,2386.60915144294
1614,2023,M,96,1,19.0,19.0,1.0,0.0,2407.9962802949744
1615,2023,M,139,2,23.5,23.5,1.0,0.0,2422.57841360318
1615,2024,M,139,4,16.25,17.0,1.0,0.0,2259.5370275210144
1615,2025,M,139,1,16.0,16.0,1.0,0.0,2487.6200692568814
1616,2023,M,86,1,17.0,17.0,1.0,0.0,2504.2383601291294
1617,2023,F,61,4,7.75,5.0,0.75,0.0,1372.5320828523932
1617,2024,F,61,2,19.5,19.5,1.0,0.0,1398.8917806411657
1618,2023,F,61,2,12.0,12.0,1.0,0.0,1623.6799879680582
1619,2023,F,61,2,12.0,12.0,1.0,0.0,1655.97600840057
1620,2023,F,59,2,8.5,8.5,1.0,0.0,1737.8381266569968
1621,2023,F,61,3,10.666666666666666,8.0,1.0,0.0,2093.972490943002
1621,2024,F,61,3,14.333333333333334,17.0,1.0,0.0,1649.9383942592851
1621,2025,F,61,2,14.0,14.0,1.0,0.0,2553.2687720189856
1622,2023,M,59,1,30.0,30.0,1.0,0.0,1635.7868768698522
1623,2023,M,59,3,20.666666666666668,18.0,1.0,0.0,1647.1126067085117
1624,2023,M,59,1,30.0,30.0,1.0,0.0,1653.9470988525304
1625,2023,M,59,4,17.5,16.0,1.0,0.0,1660.488684190377
1625,2024,M,59,5,17.8,18.0,1.0,0.0,1597.4730072246655
1625,2025,M,59,4,18.5,19.5,1.0,0.0,1618.133208105104
1626,2023,M,59,1,30.0,30.0,1.0,0.0,1696.1256789413317
1627,2023,M,59,1,30.0,30.0,1.0,0.0,1699.9334674215706
1628,2023,M,59,2,22.0,22.0,1.0,0.0,1755.5857605942945
1629,2023,M,59,1,30.0,30.0,1.0,0.0,1762.2249815341986
1630,2023,M,59,2,19.0,19.0,1.0,0.0,1767.3996684432411
1631,2023,M,59,3,20.666666666666668,18.0,1.0,0.0,1771.7932705358248
1631,2024,M,59,5,17.8,18.0,1.0,0.0,1677.0375721831779
1631,2025,M,59,4,18.5,19.5,1.0,0.0,1596.6680743489962
1632,2023,M,59,2,24.0,24.0,1.0,0.0,1779.018305088073
1632,2024,M,59,5,17.8,18.0,1.0,0.0,1685.5124945158514
1632,2025,M,59,5,16.8,18.0,1.0,0.0,1612.4687978083532
1633,2023,M,59,1,30.0,30.0,1.0,0.0,1789.1724077020438
1634,2023,M,59,1,30.0,30.0,1.0,0.0,1800.7910443468757
1635,2023,M,59,3,18.666666666666668,18.0,1.0,0.0,1820.8063427686448
1636,2023,M,59,2,22.0,22.0,1.0,0.0,1854.0024474681643
1636,2024,M,59,2,16.0,16.0,1.0,0.0,1721.1071683130806
1637,2023,M,59,1,30.0,30.0,1.0,0.0,1857.9078715504606
1638,2023,M,59,3,20.666666666666668,18.0,1.0,0.0,1870.3075930117516
1638,2024,M,59,5,17.8,18.0,1.0,0.0,1786.2145128217376
1639,2023,M,59,3,20.666666666666668,18.0,1.0,0.0,1896.76684116931
1639,2024,M,59,4,19.0,18.5,1.0,0.0,1788.2086121941315
1639,2025,M,59,2,24.5,24.5,1.0,0.0,1832.1908671475812
1640,2023,M,59,1,30.0,30.0,1.0,0.0,1899.40300242486
1641,2023,M,59,3,20.666666666666668,18.0,1.0,0.0,1936.2116244005035
1641,2024,M,59,3,17.333333333333332,17.0,1.0,0.0,1879.6423706055357
1642,2023,M,59,1,30.0,30.0,1.0,0.0,1963.159050568349
1643,2023,M,59,3,18.666666666666668,18.0,1.0,0.0,1967.3573814568176
1644,2023,M,59,1,30.0,30.0,1.0,0.0,1991.5710107670552
1645,2023,M,59,1,30.0,30.0,1.0,0.0,2004.5565458406907
1646,2023,M,59,2,22.0,22.0,1.0,0.0,2038.8266421628418
1646,2024,M,59,3,17.333333333333332,17.0,1.0,0.0,2078.4590462954507
1647,2023,M,59,2,24.0,24.0,1.0,0.0,2095.943469366427
1647,2024,M,59,4,19.0,18.5,1.0,0.0,1913.93657762356
1647,2025,M,59,2,23.0,23.0,1.0,0.0,1882.1867857222899
1648,2023,M,59,1,30.0,30.0,1.0,0.0,2123.964887156904
1649,2023,M,59,2,24.0,24.0,1.0,0.0,2143.3943719663284
1650,2023,M,59,3,20.666666666666668,18.0,1.0,0.0,2276.9598755808656
1650,2024,M,59,1,17.0,17.0,1.0,0.0,2373.4064171576956
1651,2023,M,59,4,17.5,16.0,1.0,0.0,2300.3924200746437
1651,2025,M,59,1,28.0,28.0,1.0,0.0,1990.2559429328007
1652,2023,M,59,4,17.5,16.0,1.0,0.0,2307.6174546268926
1652,2025,M,59,4,19.25,19.5,1.0,0.0,2090.893108887454
1653,2023,M,61,4,19.0,19.5,1.0,0.0,1615.1857648357386
1654,2023,M,61,3,23.666666666666668,25.0,1.0,0.0,1681.9685166430072
1655,2023,M,61,4,25.25,27.5,1.0,0.0,1709.306485219082
1656,2023,M,61,4,25.25,27.5,1.0,0.0,1727.4667072017603
1656,2024,M,61,6,16.166666666666668,15.0,1.0,0.0,1561.7696752949716
1656,2025,M,61,5,11.8,14.0,1.0,0.0,1563.1784906646985
1657,2023,M,61,3,23.666666666666668,25.0,1.0,0.0,1745.431657980324
1657,2024,M,61,5,11.4,7.0,0.8,0.2,1545.706654134232
1657,2025,M,61,3,18.666666666666668,18.0,1.0,0.0,1544.6946254858278
1658,2023,M,61,3,23.666666666666668,25.0,1.0,0.0,1842.0909040171603
1658,2024,M,61,1,7.0,7.0,1.0,0.0,1629.0254143013187
1659,2023,M,61,1,14.0,14.0,1.0,0.0,1849.1206673652937
1660,2023,M,61,3,25.333333333333332,30.0,1.0,0.0,1860.2511259998382
1660,2024,M,61,1,32.0,32.0,1.0,0.0,1880.028235090135
1661,2023,M,61,2,22.0,22.0,1.0,0.0,1879.8758820133778
1661,2024,M,61,1,24.0,24.0,1.0,0.0,1844.8055844909554
1662,2023,M,61,1,14.0,14.0,1.0,0.0,1939.0430568601685
1662,2024,M,61,3,26.0,24.0,1.0,0.0,1952.6221054479995
1663,2023,M,61,3,23.666666666666668,25.0,1.0,0.0,1970.091178314425
1663,2024,M,61,4,21.5,23.0,1.0,0.0,1729.8812055516132
1663,2025,M,61,5,15.6,16.0,1.0,0.0,1661.0634756173195
1664,2023,M,61,3,25.333333333333332,30.0,1.0,0.0,2045.7587699089183
1665,2023,M,61,2,22.0,22.0,1.0,0.0,2207.8338693242194
1666,2023,M,10,2,3.0,3.0,0.5,0.5,1511.8877008859565
1667,2023,F,59,4,7.5,7.0,1.0,0.0,1433.904278780036
1668,2023,F,59,1,7.0,7.0,1.0,0.0,1474.7865523788955
1669,2023,F,59,1,7.0,7.0,1.0,0.0,1625.0459827899772
1670,2023,F,59,1,7.0,7.0,1.0,0.0,1635.486086071786
1671,2023,F,59,4,7.5,7.0,1.0,0.0,1704.5663956374003
1671,2024,F,59,4,9.25,9.5,1.0,0.0,1828.7092091443124
1671,2025,F,59,4,7.25,7.5,1.0,0.0,1578.223147320249
1672,2023,F,61,1,4.0,4.0,1.0,0.0,1709.5425196315334
1673,2023,F,59,2,8.5,8.5,1.0,0.0,1797.1613303517618
1673,2025,F,59,2,8.5,8.5,1.0,0.0,1609.497399941596
1674,2023,F,59,4,7.5,7.0,1.0,0.0,1852.1914074633526
1674,2024,F,59,4,9.75,10.0,1.0,0.0,2169.303327977112
1675,2023,F,162,3,9.0,6.0,0.6666666666666666,0.3333333333333333,1352.0706839124684
1676,2023,F,147,3,8.0,6.0,1.0,0.0,1409.8957164743485
1676,2024,F,147,1,6.0,6.0,1.0,0.0,1443.8225221080495
1676,2025,F,147,4,6.25,4.5,0.75,0.0,1427.5884328527693
1677,2023,F,147,2,6.0,6.0,1.0,0.0,1534.702241143192
1678,2023,F,147,3,8.0,6.0,1.0,0.0,1561.6739861075112
1679,2023,F,147,3,8.0,6.0,1.0,0.0,1593.5225410469288
1680,2023,F,147,3,8.0,6.0,1.0,0.0,1616.31416317545
1681,2023,F,147,2,9.0,9.0,1.0,0.0,1664.7836827238762
1682,2023,F,162,2,10.5,10.5,1.0,0.0,1690.0634732070387
1683,2023,F,147,2,9.0,9.0,1.0,0.0,1714.945156753459
1684,2023,F,162,2,13.5,13.5,1.0,0.0,1726.3907311848122
1684,2024,F,162,1,13.0,13.0,1.0,0.0,1720.479317043582
1684,2025,F,162,1,17.0,17.0,1.0,0.0,1895.2864549576555
1685,2023,F,162,2,13.5,13.5,1.0,0.0,1789.8887875952767
1685,2024,F,162,1,13.0,13.0,1.0,0.0,1982.8888450765494
1686,2023,F,146,2,29.5,29.5,1.0,0.0,1397.1562944985815
1686,2025,F,146,2,28.5,28.5,1.0,0.0,1401.2274238107932
1687,2023,F,146,3,30.0,31.0,1.0,0.0,1542.0672194729323
1687,2024,F,146,3,28.666666666666668,21.0,1.0,0.0,1505.355259437651
1687,2025,F,146,2,30.0,30.0,1.0,0.0,1977.4819752986214
1688,2023,F,146,1,21.0,21.0,1.0,0.0,1657.5182311283218
1690,2023,F,146,2,29.5,29.5,1.0,0.0,1808.3012334196274
1692,2023,M,146,3,36.0,38.0,1.0,0.0,1796.7169930655855
1693,2023,M,146,3,36.0,38.0,1.0,0.0,1882.511921495817
1694,2023,M,146,2,33.0,33.0,1.0,0.0,1927.5990474574116
1694,2024,M,146,1,62.0,62.0,1.0,0.0,2319.2599460282154
1695,2023,M,162,2,16.5,16.5,1.0,0.0,1954.4721688914747
1696,2023,M,162,3,15.666666666666666,14.0,1.0,0.0,1988.9095763588298
1697,2023,M,146,3,36.0,38.0,1.0,0.0,2014.4888067608827
1697,2024,M,146,4,38.75,37.5,1.0,0.0,2010.0012199839498
1698,2023,M,162,1,11.0,11.0,1.0,0.0,2498.901703129717
1698,2024,M,162,2,19.5,19.5,1.0,0.0,2702.472193102661
1698,2025,M,162,1,26.0,26.0,1.0,0.0,2811.9318757149576
1699,2023,M,147,3,6.0,7.0,1.0,0.0,1636.8716855726025
1700,2023,M,147,2,5.5,5.5,1.0,0.0,1649.6115357339363
1701,2023,M,147,2,5.5,5.5,1.0,0.0,1663.8443370860512
1701,2024,M,147,2,10.0,10.0,1.0,0.0,1553.0244920798682
1702,2023,M,147,3,6.0,7.0,1.0,0.0,1689.4235674881038
1702,2024,M,147,2,10.0,10.0,1.0,0.0,1680.5130420806104
1703,2023,M,146,3,36.0,38.0,1.0,0.0,1714.903267810771
1703,2024,M,146,3,31.0,36.0,1.0,0.0,1710.8394177158912
1703,2025,M,146,2,33.0,33.0,1.0,0.0,1713.17163056749
1704,2023,M,162,2,16.5,16.5,1.0,0.0,1743.7669908325427
1704,2024,M,162,3,16.0,12.0,1.0,0.0,1774.172588787944
1704,2025,M,162,4,19.0,17.5,1.0,0.0,1686.3065746841592
1705,2023,M,147,2,5.5,5.5,1.0,0.0,1921.527712614901
1705,2024,M,147,1,14.0,14.0,1.0,0.0,1836.1428225188354
1706,2023,F,122,1,5.0,5.0,1.0,0.0,1558.1864064535143
1706,2024,F,122,2,2.0,2.0,0.5,0.5,1609.1817863978956
1707,2023,F,122,2,2.5,2.5,0.5,0.5,1659.9422823732161
1708,2023,F,122,1,5.0,5.0,1.0,0.0,1717.5238541894068
1709,2023,F,122,1,5.0,5.0,1.0,0.0,1774.2404409918756
1710,2023,F,122,1,5.0,5.0,1.0,0.0,1905.8743409271974
1711,2023,F,122,1,5.0,5.0,1.0,0.0,1997.4546292549294
1712,2023,M,122,2,10.0,10.0,1.0,0.0,1645.2211957035142
1712,2024,M,122,3,7.666666666666667,8.0,1.0,0.0,1611.6354470050205
1712,2025,M,122,3,14.666666666666666,14.0,1.0,0.0,1544.5824306678087
1713,2023,M,122,1,11.0,11.0,1.0,0.0,1660.4375410781843
1714,2023,M,122,3,8.666666666666666,9.0,1.0,0.0,1751.4861650413745
1715,2023,M,122,3,8.666666666666666,9.0,1.0,0.0,1773.7269741168761
1715,2024,M,122,3,7.666666666666667,8.0,1.0,0.0,1618.8431189504813
1715,2025,M,122,3,14.666666666666666,14.0,1.0,0.0,1509.723400748747
1716,2023,M,122,2,8.5,8.5,1.0,0.0,1792.2559927140974
1716,2024,M,122,1,9.0,9.0,1.0,0.0,1735.813104214553
1716,2025,M,122,1,18.0,18.0,1.0,0.0,1828.0768618327731
1717,2023,M,122,1,11.0,11.0,1.0,0.0,1836.508118443056
1717,2024,M,122,1,6.0,6.0,1.0,0.0,1841.8965400893394
1718,2023,M,122,3,8.666666666666666,9.0,1.0,0.0,1837.5558012393446
1718,2024,M,122,3,7.666666666666667,8.0,1.0,0.0,1899.124037824006
1719,2023,M,122,2,10.0,10.0,1.0,0.0,1838.0746536717927
1719,2024,M,122,2,8.5,8.5,1.0,0.0,1794.2308482905732
1719,2025,M,122,2,16.0,16.0,1.0,0.0,1830.6768447272887
1720,2023,M,122,2,10.0,10.0,1.0,0.0,2043.6799079606137
1721,2023,M,122,1,11.0,11.0,1.0,0.0,2056.431704281157
1722,2023,M,122,2,8.5,8.5,1.0,0.0,2494.8320759053418
1723,2023,M,122,1,11.0,11.0,1.0,0.0,3271.584101073831
1724,2023,F,188,4,19.25,21.5,1.0,0.0,1403.191554175575
1724,2024,F,188,3,14.333333333333334,17.0,1.0,0.0,1387.6235754604743
1725,2023,F,178,2,10.0,10.0,1.0,0.0,1461.3549346595364
1725,2024,F,178,1,16.0,16.0,1.0,0.0,1530.7723807338693
1725,2025,F,178,2,18.5,18.5,1.0,0.0,1354.5830162235413
1726,2023,F,204,3,12.666666666666666,12.0,1.0,0.0,1477.8345591299922
1726,2024,F,204,4,9.5,9.5,1.0,0.0,1426.6541713586412
1726,2025,F,204,4,8.75,10.0,1.0,0.0,1426.8208350213404
1727,2023,F,172,2,13.5,13.5,1.0,0.0,1487.5284558773192
1727,2024,F,172,4,14.75,14.5,1.0,0.0,1388.8120710878748
1728,2023,F,199,3,7.666666666666667,10.0,0.6666666666666666,0.0,1505.462164859874
1729,2023,F,188,3,22.0,23.0,1.0,0.0,1514.0654982231267
1730,2023,F,178,2,10.0,10.0,1.0,0.0,1522.5476578770376
1731,2023,F,199,2,10.5,10.5,1.0,0.0,1523.3958738424292
1732,2023,F,203,4,16.0,16.5,1.0,0.0,1523.7593949704537
1732,2024,F,203,4,21.0,22.0,1.0,0.0,1438.8087863044113
1733,2023,F,188,3,22.0,23.0,1.0,0.0,1525.092305773211
1734,2023,F,172,3,12.666666666666666,12.0,1.0,0.0,1527.5157799600427
1735,2023,F,172,3,12.666666666666666,12.0,1.0,0.0,1530.5451226935825
1735,2024,F,172,1,24.0,24.0,1.0,0.0,1629.876576403839
1735,2025,F,172,4,9.75,9.5,1.0,0.0,1472.605794545703
1736,2023,F,172,3,12.666666666666666,12.0,1.0,0.0,1534.3015076831716
1736,2025,F,172,2,10.0,10.0,1.0,0.0,1542.0875482075214
1737,2023,F,188,2,23.0,23.0,1.0,0.0,1543.268362174449
1738,2023,F,199,3,8.333333333333334,10.0,1.0,0.0,1545.5706626519393
1738,2024,F,199,1,8.0,8.0,1.0,0.0,1691.5987084914484
1739,2023,F,178,3,8.666666666666666,9.0,1.0,0.0,1560.1115077729296
1740,2023,F,172,3,12.666666666666666,12.0,1.0,0.0,1561.8079397037118
1740,2024,F,172,4,14.75,14.5,1.0,0.0,1439.1883059165223
1740,2025,F,172,4,9.75,9.5,1.0,0.0,1441.5461184178062
1741,2023,F,203,4,16.0,16.5,1.0,0.0,1578.529911592851
1741,2024,F,203,3,20.666666666666668,22.0,1.0,0.0,1582.307149115277
1741,2025,F,203,2,17.5,17.5,1.0,0.0,1579.852970484913
1742,2023,F,199,2,10.5,10.5,1.0,0.0,1580.226343523633
1742,2024,F,199,3,5.333333333333333,4.0,1.0,0.0,1518.8374876687951
1742,2025,F,199,4,7.5,7.5,1.0,0.0,1530.2264215824919
1743,2023,F,178,2,10.0,10.0,1.0,0.0,1582.043949163757
1743,2024,F,178,2,14.0,14.0,1.0,0.0,1464.4363474801269
1743,2025,F,178,2,18.5,18.5,1.0,0.0,1533.9868184900718
1744,2023,F,188,3,22.0,23.0,1.0,0.0,1589.677892852277
1744,2024,F,188,3,18.0,18.0,1.0,0.0,1489.85417413336
1744,2025,F,188,3,16.666666666666668,18.0,1.0,0.0,1450.8949512259783
1745,2023,F,203,2,17.0,17.0,1.0,0.0,1591.3743247830591
1746,2023,F,178,3,8.666666666666666,9.0,1.0,0.0,1603.3705220078762
1746,2024,F,178,2,14.0,14.0,1.0,0.0,1558.3574641194211
1746,2025,F,178,2,18.5,18.5,1.0,0.0,1566.9521798542125
1747,2023,F,172,2,13.0,13.0,1.0,0.0,1604.8246065199753
1748,2023,F,178,1,9.0,9.0,1.0,0.0,1605.0669539386581
1749,2023,F,203,2,17.5,17.5,1.0,0.0,1610.5197708590294
1750,2023,F,172,3,12.666666666666666,12.0,1.0,0.0,1616.820803744792
1750,2024,F,172,3,15.666666666666666,17.0,1.0,0.0,1643.4497560980249
1750,2025,F,172,1,14.0,14.0,1.0,0.0,1663.8032007280094
1751,2023,F,203,4,16.0,16.5,1.0,0.0,1618.6384093849158
1751,2024,F,203,2,23.0,23.0,1.0,0.0,1664.7999045791466
1751,2025,F,203,2,14.0,14.0,1.0,0.0,1652.2371799680925
1752,2023,F,188,3,22.0,23.0,1.0,0.0,1624.818268561337
1752,2024,F,188,3,18.0,18.0,1.0,0.0,1483.8218097724355
1752,2025,F,188,5,15.8,17.0,1.0,0.0,1601.807372128137
1753,2023,F,172,1,15.0,15.0,1.0,0.0,1632.5733859591985
1754,2023,F,178,3,8.666666666666666,9.0,1.0,0.0,1635.9662498207629
1754,2024,F,178,1,16.0,16.0,1.0,0.0,1543.5362245306599
1754,2025,F,178,2,18.5,18.5,1.0,0.0,1368.9504860674767
1755,2023,F,172,2,13.5,13.5,1.0,0.0,1639.2379399729855
1755,2024,F,172,2,18.0,18.0,1.0,0.0,1500.0953987981122
1756,2023,F,199,3,8.333333333333334,10.0,1.0,0.0,1641.0555456131099
1756,2024,F,199,3,5.333333333333333,4.0,1.0,0.0,1598.2969096150123
1756,2025,F,199,4,7.5,7.5,1.0,0.0,1636.8634327236791
1757,2023,F,204,3,12.666666666666666,12.0,1.0,0.0,1642.0249352878423
1758,2023,F,180,1,4.0,4.0,1.0,0.0,1649.174184138996
1759,2023,F,174,4,5.25,5.0,0.5,0.0,1652.8093954192436
1759,2024,F,174,2,7.0,7.0,1.0,0.0,1534.6275010042611
1760,2023,F,172,3,12.666666666666666,12.0,1.0,0.0,1655.9599118621247
1760,2024,F,172,3,17.666666666666668,17.0,1.0,0.0,1757.6352225524117
1761,2023,F,172,2,13.5,13.5,1.0,0.0,1656.9293015368578
1761,2024,F,172,2,18.0,18.0,1.0,0.0,1593.2185080232932
1762,2023,F,174,3,4.0,2.0,0.3333333333333333,0.0,1662.2609447478874
1762,2024,F,174,3,7.0,7.0,1.0,0.0,1582.4469721302653
1763,2023,F,203,3,16.0,17.0,1.0,0.0,1668.804325052333
1763,2024,F,203,2,23.0,23.0,1.0,0.0,1548.7995623091485
1764,2023,F,178,2,10.0,10.0,1.0,0.0,1669.410193599041
1764,2024,F,178,2,14.0,14.0,1.0,0.0,1551.6958961910493
1764,2025,F,178,2,18.5,18.5,1.0,0.0,1516.5063968466168
1765,2023,F,203,4,16.0,16.5,1.0,0.0,1682.1334330799077
1765,2024,F,203,4,21.0,22.0,1.0,0.0,1610.2517773965133
1766,2023,F,180,2,4.5,4.5,1.0,0.0,1683.1028227546403
1766,2024,F,180,1,3.0,3.0,1.0,0.0,1515.162139846245
1767,2023,F,174,4,5.25,5.0,0.5,0.0,1697.7648415849721
1767,2024,F,174,1,6.0,6.0,1.0,0.0,1442.9735146794203
1767,2025,F,174,5,4.8,5.0,0.8,0.0,1466.2833836805678
1768,2023,F,188,4,19.25,21.5,1.0,0.0,1707.0952172042741
1768,2024,F,188,4,15.5,17.5,1.0,0.0,1537.2614709501916
1769,2023,F,203,4,16.0,16.5,1.0,0.0,1710.6092547751805
1769,2024,F,203,4,21.0,22.0,1.0,0.0,1660.0687201652077
1769,2025,F,203,4,15.75,17.0,1.0,0.0,1739.3839951555487
1770,2023,F,172,1,15.0,15.0,1.0,0.0,1710.6092547751805
1771,2023,F,199,3,8.333333333333334,10.0,1.0,0.0,1713.8809449274036
1771,2024,F,199,1,8.0,8.0,1.0,0.0,1691.3561853791198
1771,2025,F,199,2,9.0,9.0,1.0,0.0,1621.4587685746428
1772,2023,F,199,2,10.5,10.5,1.0,0.0,1717.3949824983092
1773,2023,F,188,2,21.5,21.5,1.0,0.0,1723.2113205467056
1773,2024,F,188,2,18.5,18.5,1.0,0.0,1748.7766094613387
1773,2025,F,188,1,17.0,17.0,1.0,0.0,1782.767148610152
1774,2023,F,203,1,18.0,18.0,1.0,0.0,1733.9957806781067
1775,2023,F,199,1,11.0,11.0,1.0,0.0,1741.6297243666265
1775,2024,F,199,1,4.0,4.0,1.0,0.0,1627.110438060819
1775,2025,F,199,2,7.5,7.5,1.0,0.0,1579.2327864114739
1776,2023,F,199,3,7.666666666666667,10.0,0.6666666666666666,0.0,1748.9001469271216
1776,2024,F,199,1,4.0,4.0,1.0,0.0,1888.0672473609045
1776,2025,F,199,3,7.333333333333333,7.0,1.0,0.0,1906.8342680921394
1777,2023,F,203,4,16.0,16.5,1.0,0.0,1751.0812736952703
1778,2023,F,199,2,10.5,10.5,1.0,0.0,1757.8670014183995
1779,2023,F,180,2,4.5,4.5,1.0,0.0,1758.1093488370825
1779,2024,F,180,1,8.0,8.0,1.0,0.0,1978.1397657075981
1779,2025,F,180,2,3.0,3.0,1.0,0.0,1670.3481341186457
1780,2023,F,178,2,7.5,7.5,1.0,0.0,1770.9537620272906
1781,2023,F,203,3,17.0,17.0,1.0,0.0,1784.282870054865
1781,2024,F,203,4,21.0,22.0,1.0,0.0,1741.6154999780363
1782,2023,F,188,3,19.0,23.0,1.0,0.0,1787.3122127884048
1783,2023,F,203,4,16.0,16.5,1.0,0.0,1790.7050766499694
1783,2024,F,203,3,20.666666666666668,22.0,1.0,0.0,1740.506903216343
1784,2023,F,199,2,10.5,10.5,1.0,0.0,1792.2803348714097
1785,2023,F,180,2,2.5,2.5,0.5,0.0,1802.9436212934697
1786,2023,F,204,2,13.0,13.0,1.0,0.0,1807.9117433764745
1787,2023,F,203,1,18.0,18.0,1.0,0.0,1815.424513355653
1788,2023,F,204,2,13.0,13.0,1.0,0.0,1819.907940601292
1789,2023,F,173,1,0.0,0.0,0.0,1.0,1821.6043725320735
1789,2024,F,173,1,4.0,4.0,1.0,0.0,1829.4730978502137
1790,2023,F,204,1,14.0,14.0,1.0,0.0,1833.3582223382077
1791,2023,F,188,4,19.25,21.5,1.0,0.0,1839.2957340959458
1791,2024,F,188,3,14.333333333333334,17.0,1.0,0.0,1549.7283866229996
1792,2023,F,203,2,17.0,17.0,1.0,0.0,1842.3250768294854
1792,2024,F,203,2,19.0,19.0,1.0,0.0,1653.444312376483
1793,2023,F,203,2,17.5,17.5,1.0,0.0,1852.5036684141785
1794,2023,F,188,1,23.0,23.0,1.0,0.0,1853.473058088911
1795,2023,F,199,4,6.75,7.0,0.75,0.0,1864.499865638996
1795,2024,F,199,1,8.0,8.0,1.0,0.0,1866.9429187049702
1796,2023,F,203,4,16.0,16.5,1.0,0.0,1879.7677530160356
1796,2024,F,203,4,21.0,22.0,1.0,0.0,1714.25013847318
1796,2025,F,203,5,14.8,17.0,1.0,0.0,2054.0109694192324
1797,2023,F,172,3,12.666666666666666,12.0,1.0,0.0,1886.5534807391646
1797,2024,F,172,2,20.5,20.5,1.0,0.0,1846.302988771431
1798,2023,F,203,3,16.0,17.0,1.0,0.0,1901.8213681162042
1799,2023,F,172,3,12.666666666666666,12.0,1.0,0.0,1926.540804821888
1799,2024,F,172,1,24.0,24.0,1.0,0.0,1869.2468882720912
1800,2023,F,172,3,12.666666666666666,12.0,1.0,0.0,1930.781884648844
1800,2024,F,172,3,17.666666666666668,17.0,1.0,0.0,1647.9240925776512
1801,2023,F,204,1,14.0,14.0,1.0,0.0,1953.44136829572
1802,2023,F,203,1,18.0,18.0,1.0,0.0,1954.5319316797945
1803,2023,F,178,1,9.0,9.0,1.0,0.0,1965.6799129392205
1804,2023,F,188,4,19.25,21.5,1.0,0.0,1968.5880819634185
1804,2024,F,188,4,15.5,17.5,1.0,0.0,1707.828267141931
1805,2023,F,203,1,18.0,18.0,1.0,0.0,2048.5627301288655
1806,2023,F,172,1,15.0,15.0,1.0,0.0,2271.4011816080438
1807,2023,F,180,1,4.0,4.0,1.0,0.0,2297.938223953852
1808,2023,M,173,1,5.0,5.0,1.0,0.0,1552.889851287869
1809,2023,M,203,4,26.5,27.0,1.0,0.0,1562.2434105612936
1809,2024,M,203,4,26.5,27.0,1.0,0.0,1524.8584897605622
1809,2025,M,203,4,26.5,28.0,1.0,0.0,1572.8263939808226
1810,2023,M,172,2,19.5,19.5,1.0,0.0,1577.4678208680375
1810,2024,M,172,4,10.5,9.5,1.0,0.0,1527.1218514716488
1811,2023,M,178,3,9.666666666666666,14.0,0.6666666666666666,0.3333333333333333,1579.855963661252
1811,2024,M,178,2,15.0,15.0,1.0,0.0,1800.970554418997
1811,2025,M,178,2,25.0,25.0,1.0,0.0,1747.90242837618
1812,2023,M,180,2,5.5,5.5,1.0,0.0,1585.1297789962678
1813,2023,M,178,2,14.5,14.5,1.0,0.0,1591.8961835770428
1813,2024,M,178,2,15.0,15.0,1.0,0.0,1582.5258217918797
1813,2025,M,178,1,29.0,29.0,1.0,0.0,1645.7184684721374
1814,2023,M,172,3,19.0,18.0,1.0,0.0,1601.7472725990538
1814,2024,M,172,4,10.5,9.5,1.0,0.0,1600.722891234391
1814,2025,M,172,4,12.75,11.5,1.0,0.0,1544.851466457895
1815,2023,M,178,3,13.0,14.0,1.0,0.0,1608.6131831295459
1815,2024,M,178,2,15.0,15.0,1.0,0.0,1566.0965247375816
1815,2025,M,178,3,16.666666666666668,21.0,0.6666666666666666,0.3333333333333333,1517.6347119489142
1816,2023,M,172,2,19.5,19.5,1.0,0.0,1611.797373520499
1817,2023,M,172,3,19.0,18.0,1.0,0.0,1621.4494506430751
1817,2024,M,172,5,8.8,7.0,0.8,0.0,1591.8041299763436
1817,2025,M,172,4,12.75,11.5,1.0,0.0,1535.6327612292937
1818,2023,M,178,3,13.0,14.0,1.0,0.0,1626.6237600283737
1818,2024,M,178,1,17.0,17.0,1.0,0.0,1642.9396928444323
1818,2025,M,178,2,25.0,25.0,1.0,0.0,1671.8680641476396
1819,2023,M,174,4,9.75,10.0,1.0,0.0,1647.0224797204162
1820,2023,M,180,1,8.0,8.0,1.0,0.0,1647.8185273181543
1821,2023,M,173,1,5.0,5.0,1.0,0.0,1656.4755449435577
1821,2024,M,173,2,2.0,2.0,0.5,0.5,1659.2714527086205
1822,2023,M,203,4,26.5,27.0,1.0,0.0,1662.9434316751808
1823,2023,M,188,3,31.333333333333332,32.0,1.0,0.0,1666.2271280158511
1823,2024,M,188,2,27.0,27.0,1.0,0.0,1759.572720808015
1824,2023,M,178,2,14.5,14.5,1.0,0.0,1672.4960028480396
1824,2024,M,178,1,17.0,17.0,1.0,0.0,1663.9532132105376
1825,2023,M,178,2,14.5,14.5,1.0,0.0,1675.7796991887096
1825,2024,M,178,1,17.0,17.0,1.0,0.0,1680.5822585572894
1826,2023,M,172,3,19.0,18.0,1.0,0.0,1677.4713003339034
1827,2023,M,203,4,26.5,27.0,1.0,0.0,1683.5411632666578
1827,2024,M,203,4,26.5,27.0,1.0,0.0,1678.1253545601114
1827,2025,M,203,5,24.8,28.0,1.0,0.0,1632.744520853624
1828,2023,M,172,3,19.0,18.0,1.0,0.0,1684.038693015244
1829,2023,M,178,2,12.0,12.0,1.0,0.0,1684.038693015244
1830,2023,M,173,1,5.0,5.0,1.0,0.0,1686.7253536576106
1831,2023,M,180,2,4.0,4.0,0.5,0.5,1686.8248596073279
1832,2023,M,203,4,26.5,27.0,1.0,0.0,1698.666067623684
1832,2024,M,203,1,23.0,23.0,1.0,0.0,1826.30418133533
1833,2023,M,178,1,14.0,14.0,1.0,0.0,1699.9596449700089
1833,2024,M,178,1,13.0,13.0,1.0,0.0,1722.917197247957
1833,2025,M,178,2,25.0,25.0,1.0,0.0,1830.2522043035347
1834,2023,M,204,3,21.333333333333332,21.0,1.0,0.0,1714.8855374276009
1835,2023,M,203,4,26.5,27.0,1.0,0.0,1715.9801028744907
1835,2024,M,203,4,26.5,27.0,1.0,0.0,1641.2518197732004
1835,2025,M,203,4,24.0,24.5,1.0,0.0,1694.519816422319
1836,2023,M,174,3,10.666666666666666,12.0,1.0,0.0,1722.2489777066796
1836,2024,M,174,2,13.5,13.5,1.0,0.0,1785.2503638029089
1837,2023,M,172,2,19.5,19.5,1.0,0.0,1728.9158763377372
1837,2024,M,172,4,10.5,9.5,1.0,0.0,1734.604184251331
1837,2025,M,172,4,12.75,11.5,1.0,0.0,1847.5821728988599
1838,2023,M,188,3,27.666666666666668,29.0,1.0,0.0,1730.1099477343446
1839,2023,M,199,4,5.5,5.0,1.0,0.0,1739.6625189072033
1840,2023,M,173,1,5.0,5.0,1.0,0.0,1743.1452271473083
1841,2023,M,203,4,26.5,27.0,1.0,0.0,1745.3343580410883
1842,2023,M,199,1,8.0,8.0,1.0,0.0,1751.3047150241252
1842,2024,M,199,2,10.5,10.5,1.0,0.0,1857.833094280752
1843,2023,M,188,2,31.0,31.0,1.0,0.0,1751.4042209738425
1844,2023,M,203,2,23.5,23.5,1.0,0.0,1758.5686493534868
1844,2024,M,203,4,26.5,27.0,1.0,0.0,1713.1612050564506
1844,2025,M,203,1,29.0,29.0,1.0,0.0,1774.870134255952
1845,2023,M,172,1,23.0,23.0,1.0,0.0,1759.4642029009424
1845,2024,M,172,1,7.0,7.0,1.0,0.0,1999.7210252927891
1846,2023,M,172,2,20.5,20.5,1.0,0.0,1759.8622266998113
1847,2023,M,174,4,9.75,10.0,1.0,0.0,1762.250369493026
1847,2024,M,174,3,12.0,13.0,1.0,0.0,1616.6528175575554
1847,2025,M,174,4,14.75,14.5,1.0,0.0,1639.488975591345
1848,2023,M,188,2,31.0,31.0,1.0,0.0,1762.4493813924605
1849,2023,M,203,4,26.5,27.0,1.0,0.0,1763.344934939916
1849,2025,M,203,3,28.333333333333332,28.0,1.0,0.0,2096.4502205021868
1850,2023,M,178,2,14.5,14.5,1.0,0.0,1764.1409825376543
1850,2024,M,178,1,17.0,17.0,1.0,0.0,1749.3056585759064
1850,2025,M,178,1,29.0,29.0,1.0,0.0,1658.0998680270013
1851,2023,M,172,3,19.0,18.0,1.0,0.0,1764.6385122862407
1852,2023,M,172,2,20.5,20.5,1.0,0.0,1764.9370301353927
1852,2024,M,172,3,12.0,12.0,1.0,0.0,1768.1618973835143
1852,2025,M,172,4,12.75,11.5,1.0,0.0,1748.530976459948
1853,2023,M,178,2,14.5,14.5,1.0,0.0,1769.3152919229528
1853,2024,M,178,2,15.0,15.0,1.0,0.0,1776.5313508373147
1853,2025,M,178,2,25.0,25.0,1.0,0.0,1719.6377185140286
1854,2023,M,178,1,14.0,14.0,1.0,0.0,1770.9073871184294
1855,2023,M,203,4,26.5,27.0,1.0,0.0,1777.176261950618
1855,2024,M,203,3,26.666666666666668,28.0,1.0,0.0,1932.4628736011382
1855,2025,M,203,3,28.333333333333332,28.0,1.0,0.0,1785.7165739628147
1856,2023,M,174,4,9.75,10.0,1.0,0.0,1781.9525475370474
1856,2024,M,174,3,12.0,13.0,1.0,0.0,1686.2251478190997
1857,2023,M,203,4,26.5,27.0,1.0,0.0,1797.6744875923775
1857,2024,M,203,4,26.5,27.0,1.0,0.0,1682.2501567992756
1858,2023,M,203,3,27.0,29.0,1.0,0.0,1802.749291027959
1858,2024,M,203,3,26.0,26.0,1.0,0.0,1747.517911358448
1858,2025,M,203,1,21.0,21.0,1.0,0.0,2256.3978569510614
1859,2023,M,203,3,27.0,29.0,1.0,0.0,1802.848796977676
1859,2024,M,203,3,26.0,26.0,1.0,0.0,1738.818873222099
1859,2025,M,203,1,28.0,28.0,1.0,0.0,1997.1661428594355
1860,2023,M,173,1,5.0,5.0,1.0,0.0,1810.311743206472
1861,2023,M,188,2,31.0,31.0,1.0,0.0,1811.1077908042103
1862,2023,M,172,1,23.0,23.0,1.0,0.0,1813.097909798556
1862,2024,M,172,1,17.0,17.0,1.0,0.0,1746.124487510344
1863,2023,M,188,4,29.0,30.5,1.0,0.0,1828.4218260550172
1863,2024,M,188,4,23.25,22.5,1.0,0.0,1648.3328967406762
1864,2023,M,172,2,19.5,19.5,1.0,0.0,1828.4218260550172
1865,2023,M,188,3,27.666666666666668,29.0,1.0,0.0,1834.6907008872058
1866,2023,M,174,2,10.0,10.0,1.0,0.0,1838.0739031775934
1867,2023,M,172,3,19.0,18.0,1.0,0.0,1842.253153065719
1868,2023,M,188,3,31.333333333333332,32.0,1.0,0.0,1843.7457423114784
1868,2024,M,188,2,22.5,22.5,1.0,0.0,1862.3172022494464
1869,2023,M,178,3,13.0,14.0,1.0,0.0,1846.830426752714
1869,2024,M,178,1,17.0,17.0,1.0,0.0,1835.2473614040127
1869,2025,M,178,1,29.0,29.0,1.0,0.0,1757.9591977164723
1870,2023,M,178,3,13.0,14.0,1.0,0.0,1851.507206389426
1870,2024,M,178,2,15.0,15.0,1.0,0.0,1755.0484219839436
1870,2025,M,178,2,25.0,25.0,1.0,0.0,1747.7427971168102
1871,2023,M,204,2,21.5,21.5,1.0,0.0,1861.9553311097407
1871,2024,M,204,1,29.0,29.0,1.0,0.0,1708.9764783295504
1872,2023,M,178,1,14.0,14.0,1.0,0.0,1862.8508846571958
1872,2024,M,178,1,17.0,17.0,1.0,0.0,1767.0832566042654
1873,2023,M,174,3,9.0,8.0,1.0,0.0,1863.0498965566303
1874,2023,M,204,2,19.0,19.0,1.0,0.0,1864.9405096012588
1874,2024,M,204,2,32.5,32.5,1.0,0.0,1778.5488085910947
1874,2025,M,204,3,26.333333333333332,27.0,1.0,0.0,1838.0929083874807
1875,2023,M,172,3,19.0,18.0,1.0,0.0,1867.129640495039
1876,2023,M,204,3,21.333333333333332,21.0,1.0,0.0,1884.7421935949974
1876,2024,M,204,4,25.75,24.5,1.0,0.0,1773.405290060418
1877,2023,M,188,4,29.0,30.5,1.0,0.0,1888.6229256339714
1877,2024,M,188,4,23.25,22.5,1.0,0.0,1854.9325556253027
1878,2023,M,172,3,19.0,18.0,1.0,0.0,1897.2799432593747
1879,2023,M,188,2,31.0,31.0,1.0,0.0,1900.9616633989142
1880,2023,M,199,4,5.5,5.0,1.0,0.0,1901.3596871977832
1880,2024,M,199,2,10.5,10.5,1.0,0.0,1904.728567045865
1881,2023,M,203,3,25.333333333333332,25.0,1.0,0.0,1902.95178239326
1881,2024,M,203,2,27.5,27.5,1.0,0.0,2213.4208160915496
1882,2023,M,174,3,10.666666666666666,12.0,1.0,0.0,1907.5290560802546
1882,2025,M,174,1,20.0,20.0,1.0,0.0,1889.7180209328967
1883,2023,M,203,4,26.5,27.0,1.0,0.0,1911.0117643203596
1883,2024,M,203,4,26.5,27.0,1.0,0.0,1918.2028272599396
1883,2025,M,203,2,23.5,23.5,1.0,0.0,2291.945476470978
1884,2023,M,203,2,23.5,23.5,1.0,0.0,1931.509989962119
1885,2023,M,203,1,22.0,22.0,1.0,0.0,1936.087263649114
1886,2023,M,174,4,9.75,10.0,1.0,0.0,1950.0180966095331
1887,2023,M,199,2,6.0,6.0,1.0,0.0,1950.0180966095331
1887,2024,M,199,2,10.5,10.5,1.0,0.0,2162.1795765436405
1887,2025,M,199,2,7.0,7.0,1.0,0.0,2097.8041719608977
1888,2023,M,203,2,23.5,23.5,1.0,0.0,1950.5156263581196
1888,2024,M,203,1,28.0,28.0,1.0,0.0,1926.6157548401975
1889,2023,M,174,3,9.0,8.0,1.0,0.0,1955.291911944549
1890,2023,M,199,2,6.5,6.5,1.0,0.0,1970.7153341507274
1890,2024,M,199,1,14.0,14.0,1.0,0.0,1967.7391692005224
1891,2023,M,172,2,20.5,20.5,1.0,0.0,1983.5516016642564
1891,2024,M,172,1,17.0,17.0,1.0,0.0,1967.7391692005224
1892,2023,M,203,3,27.0,29.0,1.0,0.0,1985.5417206586021
1893,2023,M,172,1,23.0,23.0,1.0,0.0,1992.5071371388117
1894,2023,M,203,3,27.0,29.0,1.0,0.0,2002.1592142613877
1894,2024,M,203,3,26.0,26.0,1.0,0.0,1864.6403226385414
1894,2025,M,203,5,24.8,28.0,1.0,0.0,2139.0673547869196
1895,2023,M,199,3,5.666666666666667,5.0,1.0,0.0,2004.6468630043196
1895,2024,M,199,2,9.5,9.5,1.0,0.0,1959.5507237978088
1896,2023,M,178,2,14.5,14.5,1.0,0.0,2009.721666439901
1897,2023,M,203,1,22.0,22.0,1.0,0.0,2016.2890591212413
1898,2023,M,180,1,8.0,8.0,1.0,0.0,2021.6623804059745
1899,2023,M,204,3,21.333333333333332,21.0,1.0,0.0,2030.7174218302468
1899,2024,M,204,1,20.0,20.0,1.0,0.0,2215.2777361024546
1900,2023,M,203,3,27.0,29.0,1.0,0.0,2033.6030943720482
1900,2024,M,203,1,29.0,29.0,1.0,0.0,2062.180111515894
1900,2025,M,203,4,24.0,24.5,1.0,0.0,2308.949417600832
1901,2023,M,172,3,19.0,18.0,1.0,0.0,2036.2897550144148
1901,2024,M,172,4,10.5,9.5,1.0,0.0,1931.5759754397
1902,2023,M,180,1,8.0,8.0,1.0,0.0,2039.3744394556504
1903,2023,M,188,1,29.0,29.0,1.0,0.0,2040.5685108522578
1904,2023,M,172,1,23.0,23.0,1.0,0.0,2047.6334332821848
1905,2023,M,203,4,26.5,27.0,1.0,0.0,2050.021576075399
1906,2023,M,172,3,19.0,18.0,1.0,0.0,2051.215647472007
1906,2024,M,172,4,10.5,9.5,1.0,0.0,2216.237267015143
1907,2023,M,199,2,6.5,6.5,1.0,0.0,2060.071676996845
1908,2023,M,203,3,27.0,29.0,1.0,0.0,2062.9573495386458
1908,2024,M,203,3,27.666666666666668,28.0,1.0,0.0,2029.182978547089
1909,2023,M,180,1,8.0,8.0,1.0,0.0,2063.0568554883635
1910,2023,M,172,2,20.5,20.5,1.0,0.0,2074.3010278064157
1911,2023,M,172,2,20.5,20.5,1.0,0.0,2089.2269202640077
1912,2023,M,188,2,30.5,30.5,1.0,0.0,2142.1640855136006
1913,2023,M,180,1,8.0,8.0,1.0,0.0,2148.333454396072
1914,2023,M,204,3,21.333333333333332,21.0,1.0,0.0,2160.5726862112974
1914,2025,M,204,1,24.0,24.0,1.0,0.0,2092.8865371252896
1915,2023,M,173,1,5.0,5.0,1.0,0.0,2173.707471573978
1916,2023,M,188,1,29.0,29.0,1.0,0.0,2182.6630070485335
1917,2023,M,172,3,19.0,18.0,1.0,0.0,2187.9368223835495
1917,2024,M,172,1,17.0,17.0,1.0,0.0,2029.1936674489898
1917,2025,M,172,2,18.0,18.0,1.0,0.0,2229.320375774126
1918,2023,M,180,1,8.0,8.0,1.0,0.0,2235.998196096995
1919,2023,M,188,4,29.0,30.5,1.0,0.0,2244.0581780240946
1920,2023,M,199,3,6.0,5.0,1.0,0.0,2252.6156896997813
1921,2023,M,204,1,17.0,17.0,1.0,0.0,2309.234575088913
1922,2023,M,180,2,5.5,5.5,1.0,0.0,2389.3368646113236
1923,2023,M,188,1,29.0,29.0,1.0,0.0,2458.1949818156813
1924,2023,M,199,1,8.0,8.0,1.0,0.0,2832.83488250124
1925,2023,F,124,1,37.0,37.0,1.0,0.0,1222.8493158055257
1926,2023,F,124,3,34.333333333333336,34.0,1.0,0.0,1349.2216009848469
1927,2023,F,124,1,37.0,37.0,1.0,0.0,1365.511778371244
1928,2023,F,124,2,34.5,34.5,1.0,0.0,1408.1624246192648
1928,2024,F,124,3,24.0,20.0,1.0,0.0,1549.1968179614553
1929,2023,F,124,3,34.333333333333336,34.0,1.0,0.0,1411.2230034009517
1929,2024,F,124,3,24.0,20.0,1.0,0.0,1439.4259453110342
1929,2025,F,124,2,39.0,39.0,1.0,0.0,1784.2819354454007
1930,2023,F,124,3,34.333333333333336,34.0,1.0,0.0,1439.0643974795207
1930,2024,F,124,3,24.0,20.0,1.0,0.0,1449.073968198695
1930,2025,F,124,4,30.75,25.0,1.0,0.0,1426.3585628017306
1931,2023,F,124,3,34.333333333333336,34.0,1.0,0.0,1446.567751912043
1932,2023,F,124,2,34.5,34.5,1.0,0.0,1450.7143425194897
1933,2023,F,124,3,34.333333333333336,34.0,1.0,0.0,1468.090531731646
1933,2024,F,124,1,37.0,37.0,1.0,0.0,1572.3285671941264
1934,2023,F,112,3,9.666666666666666,10.0,1.0,0.0,1473.1256774692595
1935,2023,F,107,3,7.666666666666667,7.0,1.0,0.0,1502.2505400691814
1935,2024,F,107,2,0.5,0.5,0.0,0.5,1485.5185696153455
1936,2023,F,107,3,7.666666666666667,7.0,1.0,0.0,1509.556437806111
1936,2024,F,107,1,1.0,1.0,0.0,0.0,1487.6597118606962
1937,2023,F,124,3,34.333333333333336,34.0,1.0,0.0,1522.489851367432
1937,2024,F,124,3,26.0,21.0,1.0,0.0,1541.1586669495973
1938,2023,F,124,1,37.0,37.0,1.0,0.0,1540.0634972751816
1939,2023,F,124,3,34.333333333333336,34.0,1.0,0.0,1546.9744816209256
1940,2023,F,124,1,37.0,37.0,1.0,0.0,1546.9744816209256
1941,2023,F,124,1,37.0,37.0,1.0,0.0,1549.4426903158344
1941,2024,F,124,1,37.0,37.0,1.0,0.0,1491.7150550074202
1941,2025,F,124,1,51.0,51.0,1.0,0.0,1626.9150128526692
1942,2023,F,107,3,7.666666666666667,7.0,1.0,0.0,1554.8727494446332
1943,2023,F,124,3,34.333333333333336,34.0,1.0,0.0,1557.5384148351345
1943,2024,F,124,1,37.0,37.0,1.0,0.0,1635.457728879628
1944,2023,F,116,1,9.0,9.0,1.0,0.0,1558.821883356487
1945,2023,F,124,1,37.0,37.0,1.0,0.0,1577.0866276988108
1945,2024,F,124,1,37.0,37.0,1.0,0.0,1722.2479924284978
1945,2025,F,124,1,51.0,51.0,1.0,0.0,1734.086534383544
1946,2023,F,124,3,34.333333333333336,34.0,1.0,0.0,1581.6281316974425
1946,2024,F,124,4,23.25,20.5,1.0,0.0,1514.3457965101109
1946,2025,F,124,3,33.333333333333336,27.0,1.0,0.0,1522.7553039739664
1947,2023,F,124,3,34.333333333333336,34.0,1.0,0.0,1584.6887104791292
1947,2024,F,124,3,24.0,20.0,1.0,0.0,1659.5583858907125
1947,2025,F,124,2,25.0,25.0,1.0,0.0,1655.6276794536925
1948,2023,F,124,3,34.333333333333336,34.0,1.0,0.0,1590.5136829991136
1948,2024,F,124,3,24.333333333333332,21.0,1.0,0.0,1593.8927607267387
1949,2023,F,107,3,7.666666666666667,7.0,1.0,0.0,1592.9818916940224
1951,2023,F,124,2,35.5,35.5,1.0,0.0,1603.6445532560274
1952,2023,F,124,3,34.333333333333336,34.0,1.0,0.0,1608.97588403703
1952,2025,F,124,2,36.5,36.5,1.0,0.0,1636.4173008330317
1953,2023,F,124,3,34.333333333333336,34.0,1.0,0.0,1609.469525776012
1953,2024,F,124,4,23.25,20.5,1.0,0.0,1553.0363372738916
1953,2025,F,124,3,33.333333333333336,27.0,1.0,0.0,1533.8947711422877
1954,2023,F,124,3,34.333333333333336,34.0,1.0,0.0,1612.925017948884
1954,2024,F,124,3,26.0,21.0,1.0,0.0,1596.9369024932264
1954,2025,F,124,4,30.75,25.0,1.0,0.0,1513.1955748218347
1955,2023,F,124,2,35.5,35.5,1.0,0.0,1630.9923055956149
1955,2024,F,124,1,37.0,37.0,1.0,0.0,1515.1492155268115
1955,2025,F,124,1,23.0,23.0,1.0,0.0,1806.0158008292915
1956,2023,F,117,2,17.0,17.0,1.0,0.0,1637.5083765501736
1956,2024,F,117,1,26.0,26.0,1.0,0.0,1657.7594404118445
1957,2023,F,124,1,37.0,37.0,1.0,0.0,1639.0880301149152
1957,2024,F,124,2,20.5,20.5,1.0,0.0,1610.8810928975938
1957,2025,F,124,2,36.5,36.5,1.0,0.0,1598.7599870427778
1958,2023,F,117,1,22.0,22.0,1.0,0.0,1639.1867584627116
1959,2023,F,117,1,22.0,22.0,1.0,0.0,1645.011730982696
1960,2023,F,124,2,34.5,34.5,1.0,0.0,1687.168735491735
1960,2024,F,124,1,20.0,20.0,1.0,0.0,1685.077652047303
1961,2023,F,124,3,34.333333333333336,34.0,1.0,0.0,1691.0191410557925
1961,2024,F,124,3,26.0,21.0,1.0,0.0,1781.4599491766528
1961,2025,F,124,2,37.0,37.0,1.0,0.0,1932.1477735959231
1962,2023,F,124,3,34.333333333333336,34.0,1.0,0.0,1691.5127827947742
1962,2024,F,124,2,29.0,29.0,1.0,0.0,1643.6078832328983
1963,2023,F,112,2,12.0,12.0,1.0,0.0,1714.615216179119
1963,2025,F,112,1,24.0,24.0,1.0,0.0,1897.8497515444294
1964,2023,F,124,1,37.0,37.0,1.0,0.0,1731.004121913312
1965,2023,F,124,3,34.333333333333336,34.0,1.0,0.0,1731.1028502611086
1966,2023,F,124,1,37.0,37.0,1.0,0.0,1731.2015786089048
1966,2024,F,124,1,37.0,37.0,1.0,0.0,1722.169056308854
1966,2025,F,124,1,51.0,51.0,1.0,0.0,1734.1852190258373
1967,2023,F,124,2,35.5,35.5,1.0,0.0,1731.4977636522938
1967,2024,F,124,1,20.0,20.0,1.0,0.0,1491.0523126421406
1968,2023,F,115,2,1.0,1.0,0.0,0.0,1747.6892126908945
1968,2024,F,115,1,2.0,2.0,0.0,0.0,1803.3037680477169
1969,2023,F,124,1,37.0,37.0,1.0,0.0,1757.7595041661216
1970,2023,F,117,1,22.0,22.0,1.0,0.0,1784.4161580711348
1971,2023,F,124,3,34.333333333333336,34.0,1.0,0.0,1788.3652919829885
1971,2024,F,124,1,37.0,37.0,1.0,0.0,1771.9284127296075
1971,2025,F,124,3,33.666666666666664,27.0,1.0,0.0,1744.987330929129
1972,2023,F,124,2,34.5,34.5,1.0,0.0,1792.6106109382313
1973,2023,F,112,2,12.0,12.0,1.0,0.0,1821.9329302337458
1974,2023,F,124,1,37.0,37.0,1.0,0.0,1847.8984857041844
1975,2023,F,124,3,34.333333333333336,34.0,1.0,0.0,1878.2080884776622
1976,2023,F,115,2,1.0,1.0,0.0,0.0,1885.4152578667954
1977,2023,F,101,1,5.0,5.0,1.0,0.0,1897.8550296891347
1978,2023,F,117,1,22.0,22.0,1.0,0.0,1926.7824355934636
1979,2023,F,112,2,12.0,12.0,1.0,0.0,1939.419664111396
1980,2023,F,117,1,22.0,22.0,1.0,0.0,1943.5662547188422
1981,2023,F,107,2,8.0,8.0,1.0,0.0,1962.2259124523516
1982,2023,F,117,1,22.0,22.0,1.0,0.0,1981.9715820116205
1983,2023,F,104,3,1.6666666666666667,2.0,0.0,0.0,1997.1757475722577
1983,2024,F,104,3,1.6666666666666667,1.0,0.3333333333333333,0.0,1872.8186406499347
1983,2025,F,104,2,4.0,4.0,1.0,0.0,2040.039122608611
1984,2023,F,117,1,22.0,22.0,1.0,0.0,2009.911704437986
1984,2024,F,117,1,26.0,26.0,1.0,0.0,1820.1209156602515
1985,2023,F,124,2,34.5,34.5,1.0,0.0,2030.0522873884402
1985,2024,F,124,1,37.0,37.0,1.0,0.0,2007.4639267331406
1986,2023,F,107,2,8.0,8.0,1.0,0.0,2076.5533392005186
1987,2023,F,104,3,1.6666666666666667,2.0,0.0,0.0,2178.9346358653283
1987,2024,F,104,2,2.0,2.0,0.5,0.0,1955.7502595232404
1987,2025,F,104,1,3.0,3.0,1.0,0.0,2243.6937463295026
1988,2023,F,107,1,6.0,6.0,1.0,0.0,2230.2733767194272
1989,2023,M,124,3,33.333333333333336,33.0,1.0,0.0,1512.2767399246434
1990,2023,M,124,3,33.333333333333336,33.0,1.0,0.0,1519.48699412192
1990,2024,M,124,4,32.0,29.0,1.0,0.0,1699.2770963318892
1991,2023,M,124,3,33.333333333333336,33.0,1.0,0.0,1529.0677428498077
1991,2024,M,124,2,35.0,35.0,1.0,0.0,1521.8532701282948
1991,2025,M,124,3,34.0,35.0,1.0,0.0,1498.5188023845265
1992,2023,M,124,2,35.0,35.0,1.0,0.0,1541.5128391355177
1993,2023,M,124,3,33.333333333333336,33.0,1.0,0.0,1545.7599751695298
1993,2024,M,124,3,32.666666666666664,28.0,1.0,0.0,1521.2696870570833
1993,2025,M,124,3,35.333333333333336,35.0,1.0,0.0,1527.1083687107732
1994,2023,M,117,2,45.0,45.0,1.0,0.0,1562.8472899110204
1995,2023,M,124,2,31.5,31.5,1.0,0.0,1569.2673792647595
1995,2024,M,124,4,32.0,29.0,1.0,0.0,1604.509156158145
1995,2025,M,124,1,27.0,27.0,1.0,0.0,1823.497606058447
1996,2023,M,124,3,33.333333333333336,33.0,1.0,0.0,1572.9218916661189
1996,2025,M,124,4,33.25,33.0,1.0,0.0,1582.2802564442406
1997,2023,M,124,3,33.333333333333336,33.0,1.0,0.0,1583.391575842986
1997,2024,M,124,3,28.333333333333332,28.0,1.0,0.0,1558.5906696822071
1997,2025,M,124,2,35.5,35.5,1.0,0.0,1579.4068016103358
1998,2023,M,124,3,33.333333333333336,33.0,1.0,0.0,1584.5768231082916
1999,2023,M,124,3,33.333333333333336,33.0,1.0,0.0,1599.6887257409394
2000,2023,M,124,3,33.333333333333336,33.0,1.0,0.0,1604.726026618489
2000,2024,M,124,3,33.666666666666664,30.0,1.0,0.0,1813.0963234477779
2001,2023,M,124,2,31.5,31.5,1.0,0.0,1610.1584099178067
2001,2024,M,124,3,32.666666666666664,28.0,1.0,0.0,1647.9851699491926
2001,2025,M,124,3,35.333333333333336,35.0,1.0,0.0,1606.7044581476553
2002,2023,M,107,3,5.0,5.0,1.0,0.0,1636.4313909654165
2002,2024,M,107,1,8.0,8.0,1.0,0.0,1634.066515511682
2002,2025,M,107,3,12.666666666666666,12.0,1.0,0.0,1583.7463262352508
2003,2023,M,124,2,35.0,35.0,1.0,0.0,1643.7404157681353
2003,2024,M,124,2,36.5,36.5,1.0,0.0,1591.7656659939717
2003,2025,M,124,1,40.0,40.0,1.0,0.0,1641.1450435984063
2004,2023,M,124,3,33.333333333333336,33.0,1.0,0.0,1646.308451509631
2005,2023,M,124,3,33.333333333333336,33.0,1.0,0.0,1652.037146625275
2005,2024,M,124,3,33.666666666666664,30.0,1.0,0.0,1661.956113706765
2005,2025,M,124,3,32.666666666666664,31.0,1.0,0.0,1601.632377685575
2006,2023,M,104,3,7.333333333333333,8.0,1.0,0.0,1653.0248526796966
2006,2024,M,104,2,5.5,5.5,1.0,0.0,1763.0618948927604
2007,2023,M,124,2,31.5,31.5,1.0,0.0,1653.8150175232338
2007,2024,M,124,3,33.333333333333336,30.0,1.0,0.0,1511.4878344238382
2008,2023,M,107,3,5.0,5.0,1.0,0.0,1656.2842826592873
2009,2023,M,124,2,31.5,31.5,1.0,0.0,1656.87690629194
2010,2023,M,102,1,4.0,4.0,1.0,0.0,1665.9638019926172
2011,2023,M,124,3,33.333333333333336,33.0,1.0,0.0,1683.0511167341078
2011,2024,M,124,1,43.0,43.0,1.0,0.0,1744.0487242577287
2012,2023,M,117,1,40.0,40.0,1.0,0.0,1698.459331183082
2013,2023,M,124,2,35.0,35.0,1.0,0.0,1700.2372020810408
2013,2024,M,124,4,32.0,29.0,1.0,0.0,1721.4547483106933
2013,2025,M,124,3,31.0,31.0,1.0,0.0,1564.785156938186
2014,2023,M,116,2,8.5,8.5,1.0,0.0,1710.4105744415813
2015,2023,M,107,1,4.0,4.0,1.0,0.0,1715.645416530015
2016,2023,M,115,1,3.0,3.0,1.0,0.0,1718.6085346932791
2017,2023,M,115,1,3.0,3.0,1.0,0.0,1725.423706468787
2018,2023,M,124,1,33.0,33.0,1.0,0.0,1734.5106021694642
2019,2023,M,104,2,8.0,8.0,1.0,0.0,1744.8815157408887
2020,2023,M,104,3,7.333333333333333,8.0,1.0,0.0,1748.8323399585747
2020,2024,M,104,3,4.666666666666667,5.0,1.0,0.0,1681.086106235802
2020,2025,M,104,2,3.5,3.5,1.0,0.0,1826.3320076543998
2021,2023,M,124,2,35.0,35.0,1.0,0.0,1754.4622644687768
2022,2023,M,124,3,33.333333333333336,33.0,1.0,0.0,1773.3274501082262
2022,2024,M,124,4,32.0,29.0,1.0,0.0,1806.1597010226894
2022,2025,M,124,3,31.0,31.0,1.0,0.0,1771.4032594845523
2023,2023,M,104,3,7.333333333333333,8.0,1.0,0.0,1782.4143458089031
2024,2023,M,117,1,40.0,40.0,1.0,0.0,1787.4516466864525
2025,2023,M,112,1,17.0,17.0,1.0,0.0,1791.0073884823696
2026,2023,M,102,1,4.0,4.0,1.0,0.0,1793.1803418020968
2027,2023,M,124,1,33.0,33.0,1.0,0.0,1795.0569833054974
2028,2023,M,124,1,33.0,33.0,1.0,0.0,1802.7610905299846
2029,2023,M,104,3,7.333333333333333,8.0,1.0,0.0,1806.9094559585544
2029,2024,M,104,3,4.666666666666667,5.0,1.0,0.0,1975.0992220318267
2030,2023,M,117,1,40.0,40.0,1.0,0.0,1810.4651977544715
2030,2025,M,117,1,38.0,38.0,1.0,0.0,2723.536249966392
2031,2023,M,104,2,8.0,8.0,1.0,0.0,1823.6016882782767
2032,2023,M,107,3,5.0,5.0,1.0,0.0,1827.4537418905202
2032,2024,M,107,2,7.0,7.0,1.0,0.0,1705.7558432124083
2032,2025,M,107,3,12.666666666666666,12.0,1.0,0.0,1742.2773396364835
2033,2023,M,124,2,35.0,35.0,1.0,0.0,1836.1455551694287
2034,2023,M,124,3,33.333333333333336,33.0,1.0,0.0,1853.3316405163616
2034,2024,M,124,2,36.5,36.5,1.0,0.0,1994.2111111021388
2035,2023,M,115,2,2.0,2.0,0.5,0.0,1878.0242918768972
2036,2023,M,112,1,17.0,17.0,1.0,0.0,1881.5800336728141
2036,2024,M,112,2,30.0,30.0,1.0,0.0,1909.5995402231904
2036,2025,M,112,1,35.0,35.0,1.0,0.0,1913.1618361967521
2037,2023,M,117,2,45.0,45.0,1.0,0.0,1887.703811210227
2037,2024,M,117,2,33.5,33.5,1.0,0.0,2010.3515752705068
2037,2025,M,117,2,31.0,31.0,1.0,0.0,1890.7413404727802
2038,2023,M,107,2,5.0,5.0,1.0,0.0,1892.6423414823341
2038,2024,M,107,2,6.5,6.5,1.0,0.0,1774.9683243741074
2038,2025,M,107,2,13.0,13.0,1.0,0.0,1839.5266357734913
2039,2023,M,117,1,40.0,40.0,1.0,0.0,1899.7538250741686
2040,2023,M,104,2,7.0,7.0,1.0,0.0,1908.9394913802878
2040,2024,M,104,2,5.5,5.5,1.0,0.0,2094.68673453067
2041,2023,M,112,2,16.5,16.5,1.0,0.0,1928.4960712578318
2042,2023,M,124,2,35.0,35.0,1.0,0.0,1934.9161606115713
2042,2024,M,124,2,35.5,35.5,1.0,0.0,2092.1244029696472
2043,2023,M,112,2,24.5,24.5,1.0,0.0,1946.6698626591863
2043,2024,M,112,1,32.0,32.0,1.0,0.0,2211.11361253854
2044,2023,M,124,3,33.333333333333336,33.0,1.0,0.0,1977.5850621625766
2044,2024,M,124,1,43.0,43.0,1.0,0.0,1954.3387350923297
2044,2025,M,124,1,40.0,40.0,1.0,0.0,1858.0113408416125
2045,2023,M,124,2,35.0,35.0,1.0,0.0,2006.7223907680088
2045,2024,M,124,4,32.0,29.0,1.0,0.0,1797.1714015422929
2045,2025,M,124,3,34.0,35.0,1.0,0.0,1740.2248419290695
2046,2023,M,124,1,33.0,33.0,1.0,0.0,2057.2929407543857
2047,2023,M,124,1,33.0,33.0,1.0,0.0,2079.220015162541
2048,2023,M,117,1,40.0,40.0,1.0,0.0,2083.664692407438
2049,2023,M,124,1,33.0,33.0,1.0,0.0,2119.222110366609
2050,2023,M,124,1,33.0,33.0,1.0,0.0,2181.1512799788325
2051,2023,M,104,3,7.333333333333333,8.0,1.0,0.0,2238.2406899243906
2051,2024,M,104,2,4.0,4.0,1.0,0.0,2215.8802277097366
2051,2025,M,104,1,4.0,4.0,1.0,0.0,2142.8076065404616
2052,2023,M,115,1,3.0,3.0,1.0,0.0,2305.3059310196054
2053,2023,M,104,2,8.0,8.0,1.0,0.0,2353.2096746590446
2054,2023,M,124,3,33.333333333333336,33.0,1.0,0.0,2534.058653223607
2054,2024,M,124,1,27.0,27.0,1.0,0.0,3675.2423998763584
2055,2023,F,116,1,9.0,9.0,1.0,0.0,1576.228888360622
2056,2023,F,116,1,9.0,9.0,1.0,0.0,1706.01303004995
2057,2023,M,116,2,11.0,11.0,1.0,0.0,1525.818194791195
2058,2023,M,116,1,12.0,12.0,1.0,0.0,1621.1879142181594
2059,2023,M,116,2,11.0,11.0,1.0,0.0,1722.2992800187874
2059,2024,M,116,5,16.0,17.0,1.0,0.0,1598.2085068397387
2059,2025,M,116,5,15.0,17.0,1.0,0.0,1616.0548009621023
2060,2023,M,116,1,12.0,12.0,1.0,0.0,1802.195749048928
2061,2023,F,59,3,7.666666666666667,7.0,1.0,0.0,1509.8658685535984
2061,2024,F,59,4,9.75,10.0,1.0,0.0,1648.0001968781842
2061,2025,F,59,5,7.8,8.0,1.0,0.0,1572.359841124676
2062,2023,F,59,3,7.666666666666667,7.0,1.0,0.0,1717.660733501625
2062,2024,F,59,4,9.75,10.0,1.0,0.0,1760.4205238488103
2062,2025,F,59,1,10.0,10.0,1.0,0.0,1871.058581604627
2063,2023,F,59,1,6.0,6.0,1.0,0.0,1735.5439211304542
2064,2023,F,59,2,8.0,8.0,1.0,0.0,1903.101613913615
2064,2024,F,59,5,9.0,8.0,1.0,0.0,1781.7809080923903
2064,2025,F,59,4,8.75,9.0,1.0,0.0,1780.4575220319614
2065,2023,M,59,2,11.0,11.0,1.0,0.0,1751.7282317186425
2065,2024,M,59,1,22.0,22.0,1.0,0.0,1676.6776517061742
2066,2023,M,59,1,8.0,8.0,1.0,0.0,1782.246484892857
2066,2024,M,59,4,19.0,18.5,1.0,0.0,1634.0647307080917
2066,2025,M,59,3,18.666666666666668,18.0,1.0,0.0,1699.7529984641362
2067,2023,M,59,2,13.0,13.0,1.0,0.0,1932.0101809810144
2068,2023,M,75,1,4.0,4.0,1.0,0.0,1541.7472892290702
2069,2023,M,75,2,9.5,9.5,1.0,0.0,1556.164127482631
2069,2024,M,75,1,0.0,0.0,0.0,1.0,1731.8849884074853
2070,2023,M,75,1,4.0,4.0,1.0,0.0,1586.2548580064122
2070,2024,M,75,4,19.75,20.0,1.0,0.0,1639.9619763056742
2071,2023,M,75,2,9.5,9.5,1.0,0.0,1551.1850150885198
2071,2024,M,75,2,24.5,24.5,1.0,0.0,1746.860076364338
2072,2023,F,174,1,9.0,9.0,1.0,0.0,1473.9429223368186
2073,2023,F,174,2,8.5,8.5,1.0,0.0,1492.8002700489528
2074,2023,F,204,2,12.0,12.0,1.0,0.0,1556.6581066195893
2074,2024,F,204,4,9.5,9.5,1.0,0.0,1511.2770575012128
2075,2023,F,176,3,0.6666666666666666,0.0,0.0,0.6666666666666666,1565.2993965067037
2075,2024,F,176,1,3.0,3.0,1.0,0.0,1385.3767030219055
2076,2023,F,188,1,23.0,23.0,1.0,0.0,1573.5818785092317
2077,2023,F,176,1,2.0,2.0,0.0,0.0,1584.5653865318386
2078,2023,F,199,1,4.0,4.0,1.0,0.0,1584.9142275307418
2079,2023,F,191,2,2.5,2.5,0.5,0.0,1589.7980015153853
2079,2024,F,191,4,3.75,3.5,1.0,0.0,1480.0765504423912
2079,2025,F,191,4,6.25,6.0,1.0,0.0,1448.4604632802002
2080,2023,F,176,1,2.0,2.0,0.0,0.0,1599.1967747144035
2080,2024,F,176,1,3.0,3.0,1.0,0.0,1446.0242279934614
2081,2023,F,188,1,23.0,23.0,1.0,0.0,1599.9542580263076
2081,2025,F,188,1,20.0,20.0,1.0,0.0,1576.4262273856198
2082,2023,F,174,2,8.5,8.5,1.0,0.0,1627.6322995678493
2083,2023,F,174,2,8.5,8.5,1.0,0.0,1629.9844845890248
2083,2024,F,174,2,7.0,7.0,1.0,0.0,1470.3189014678496
2083,2025,F,174,5,4.8,5.0,0.8,0.0,1527.2887628733683
2084,2023,F,174,1,9.0,9.0,1.0,0.0,1665.8154386192161
2084,2024,F,174,1,8.0,8.0,1.0,0.0,1631.3317150778103
2085,2023,F,203,1,16.0,16.0,1.0,0.0,1674.1278212787936
2085,2024,F,203,4,21.0,22.0,1.0,0.0,1842.138260396422
2085,2025,F,203,3,15.0,17.0,1.0,0.0,1748.9840734552301
2086,2023,F,180,1,3.0,3.0,1.0,0.0,1715.9189729473867
2086,2024,F,180,2,5.5,5.5,1.0,0.0,1625.5024733884532
2087,2023,F,188,1,23.0,23.0,1.0,0.0,1720.4439390474445
2087,2024,F,188,1,19.0,19.0,1.0,0.0,1693.3478581092766
2087,2025,F,188,4,16.75,17.5,1.0,0.0,1548.2440616651165
2088,2023,F,201,1,2.0,2.0,0.0,0.0,1722.2977797844726
2089,2023,F,174,1,9.0,9.0,1.0,0.0,1733.7098638914458
2091,2023,F,188,1,23.0,23.0,1.0,0.0,1748.0621792748882
2092,2023,F,201,1,2.0,2.0,0.0,0.0,1750.005721983063
2093,2023,F,180,2,4.0,4.0,1.0,0.0,1764.5374413087986
2094,2023,F,203,3,15.333333333333334,16.0,1.0,0.0,1776.5575054424316
2095,2023,F,203,1,16.0,16.0,1.0,0.0,1788.5476689190161
2096,2023,F,203,3,15.333333333333334,16.0,1.0,0.0,1791.2686287104605
2096,2024,F,203,2,23.0,23.0,1.0,0.0,1824.986420272136
2096,2025,F,203,4,14.25,14.0,1.0,0.0,1730.9664333726055
2097,2023,F,191,2,2.5,2.5,0.5,0.0,1801.8335275343832
2098,2023,F,180,1,3.0,3.0,1.0,0.0,1804.6641230683401
2098,2024,F,180,1,8.0,8.0,1.0,0.0,1690.7498775982983
2099,2023,F,174,1,9.0,9.0,1.0,0.0,1854.7576905108278
2100,2023,F,174,1,9.0,9.0,1.0,0.0,1854.9869288815357
2101,2023,F,204,1,12.0,12.0,1.0,0.0,1891.216558339045
2102,2023,F,203,1,16.0,16.0,1.0,0.0,1917.728474255682
2103,2023,F,201,1,2.0,2.0,0.0,0.0,1954.8750571960222
2104,2023,F,203,1,16.0,16.0,1.0,0.0,2022.2312706413732
2105,2023,F,180,1,3.0,3.0,1.0,0.0,2061.181859890327
2106,2023,F,204,2,12.0,12.0,1.0,0.0,2074.7467913048167
2107,2023,F,205,1,0.0,0.0,0.0,1.0,2258.1972891851246
2108,2023,M,203,3,28.0,29.0,1.0,0.0,1642.0110330911484
2109,2023,M,203,1,25.0,25.0,1.0,0.0,1642.5493450692618
2110,2023,M,180,2,2.0,2.0,0.5,0.0,1696.869011157035
2110,2024,M,180,2,2.5,2.5,0.5,0.0,1620.7776197967196
2111,2023,M,174,1,12.0,12.0,1.0,0.0,1699.6702271912916
2111,2024,M,174,3,12.0,13.0,1.0,0.0,1626.2407355953221
2111,2025,M,174,5,12.4,13.0,1.0,0.0,1660.3088141295289
2112,2023,M,188,2,32.5,32.5,1.0,0.0,1706.329345735361
2112,2024,M,188,3,24.666666666666668,25.0,1.0,0.0,1652.5076360529536
2113,2023,M,203,3,28.0,29.0,1.0,0.0,1712.3504648979622
2113,2024,M,203,2,27.5,27.5,1.0,0.0,1598.6554964074978
2114,2023,M,176,2,3.0,3.0,0.5,0.0,1717.6039910547352
2114,2024,M,176,3,2.6666666666666665,3.0,0.6666666666666666,0.0,1639.3342361656473
2114,2025,M,176,2,5.0,5.0,1.0,0.0,1754.4379432951205
2115,2023,M,205,2,3.0,3.0,0.5,0.0,1722.2892990123887
2116,2023,M,174,3,10.333333333333334,12.0,1.0,0.0,1726.2867638868972
2116,2024,M,174,3,12.0,13.0,1.0,0.0,1674.190313198778
2116,2025,M,174,5,12.4,13.0,1.0,0.0,1700.9710339975313
2117,2023,M,176,2,3.0,3.0,0.5,0.0,1729.6063544185963
2117,2024,M,176,1,3.0,3.0,1.0,0.0,1830.3852175296463
2118,2023,M,176,1,5.0,5.0,1.0,0.0,1750.0522408465688
2118,2024,M,176,1,4.0,4.0,1.0,0.0,1775.1535824832215
2119,2023,M,203,2,27.5,27.5,1.0,0.0,1780.387117687291
2119,2024,M,203,4,26.5,27.0,1.0,0.0,1781.4851084901607
2119,2025,M,203,3,24.666666666666668,28.0,1.0,0.0,2348.2431973771227
2120,2023,M,204,1,26.0,26.0,1.0,0.0,1804.8404377301076
2120,2024,M,204,3,27.666666666666668,29.0,1.0,0.0,1804.8756335364626
2121,2023,M,188,2,27.5,27.5,1.0,0.0,1810.3930260969437
2121,2024,M,188,3,24.666666666666668,25.0,1.0,0.0,1718.3546606602408
2121,2025,M,188,3,18.333333333333332,17.0,1.0,0.0,1928.5230721050045
2122,2023,M,188,3,29.0,32.0,1.0,0.0,1817.0920196023546
2122,2024,M,188,2,27.0,27.0,1.0,0.0,1657.7510287298574
2122,2025,M,188,2,14.0,14.0,1.0,0.0,1782.3355915687682
2123,2023,M,203,3,28.0,29.0,1.0,0.0,1830.161038182107
2123,2025,M,203,3,26.0,28.0,1.0,0.0,1925.4929547590718
2124,2023,M,203,1,25.0,25.0,1.0,0.0,1845.3135234919646
2124,2024,M,203,4,26.5,27.0,1.0,0.0,1788.4463364821645
2124,2025,M,203,3,26.0,28.0,1.0,0.0,1815.9200017013063
2125,2023,M,201,1,5.0,5.0,1.0,0.0,1845.592648221357
2125,2024,M,201,1,4.0,4.0,1.0,0.0,1725.3076477470868
2126,2023,M,203,1,25.0,25.0,1.0,0.0,1853.059234732596
2127,2023,M,188,3,29.0,32.0,1.0,0.0,1877.6321796594377
2128,2023,M,174,3,10.333333333333334,12.0,1.0,0.0,1882.0084566666928
2128,2025,M,174,2,18.0,18.0,1.0,0.0,2039.5622109753178
2129,2023,M,188,3,29.0,32.0,1.0,0.0,1887.5411075528582
2130,2023,M,180,1,1.0,1.0,0.0,0.0,1890.0332926367162
2131,2023,M,174,1,12.0,12.0,1.0,0.0,1912.2934898057376
2132,2023,M,188,2,32.5,32.5,1.0,0.0,1919.919576162344
2133,2023,M,204,1,26.0,26.0,1.0,0.0,1960.2530995595048
2134,2023,M,203,3,28.0,29.0,1.0,0.0,1963.4829714281852
2135,2023,M,205,1,4.0,4.0,1.0,0.0,1984.3475449502457
2136,2023,M,201,1,5.0,5.0,1.0,0.0,2024.6710996070715
2136,2024,M,201,1,4.0,4.0,1.0,0.0,2089.9509509685445
2137,2023,M,203,1,25.0,25.0,1.0,0.0,2029.5757198521046
2138,2023,M,203,3,28.0,29.0,1.0,0.0,2031.250468228457
2139,2023,M,199,1,5.0,5.0,1.0,0.0,2043.5419250620457
2139,2024,M,199,1,14.0,14.0,1.0,0.0,2124.413278997669
2139,2025,M,199,1,3.0,3.0,1.0,0.0,1952.6052472302124
2140,2023,M,188,3,29.0,32.0,1.0,0.0,2051.6664484354237
2141,2023,M,203,3,28.0,29.0,1.0,0.0,2073.517927250692
2141,2024,M,203,4,26.5,27.0,1.0,0.0,1922.477440718444
2141,2025,M,203,3,28.333333333333332,28.0,1.0,0.0,2048.8480544547897
2142,2023,M,204,2,23.5,23.5,1.0,0.0,2103.8428353510785
2142,2025,M,204,5,24.6,24.0,1.0,0.0,2274.0541952621857
2143,2023,M,201,1,5.0,5.0,1.0,0.0,2130.768402997083
2144,2023,M,205,2,3.0,3.0,0.5,0.0,2149.170697656292
2145,2023,M,205,1,4.0,4.0,1.0,0.0,2163.5954649216633
2145,2024,M,205,1,6.0,6.0,1.0,0.0,2129.856117943639
2146,2023,M,176,1,5.0,5.0,1.0,0.0,2176.5947023190674
2147,2023,M,191,1,1.0,1.0,0.0,0.0,2181.658822409467
2148,2023,M,205,1,4.0,4.0,1.0,0.0,2183.851945283262
2149,2023,M,201,1,5.0,5.0,1.0,0.0,2206.2217985959733
2150,2023,M,201,1,5.0,5.0,1.0,0.0,2207.428016176561
2151,2023,M,199,1,5.0,5.0,1.0,0.0,2232.1106172470927
2152,2023,M,176,1,5.0,5.0,1.0,0.0,2242.1192325438674
2153,2023,M,204,1,26.0,26.0,1.0,0.0,2275.2254191978395
2154,2023,M,204,1,26.0,26.0,1.0,0.0,2304.0350787672405
2155,2023,M,201,1,5.0,5.0,1.0,0.0,2335.7556105145877
2156,2023,M,176,1,5.0,5.0,1.0,0.0,2379.538318067808
2157,2023,M,174,2,12.0,12.0,1.0,0.0,2400.353047888192
2157,2024,M,174,1,14.0,14.0,1.0,0.0,2619.627727579069
2158,2023,M,174,1,12.0,12.0,1.0,0.0,2424.666805566312
2159,2023,M,191,2,2.0,2.0,0.5,0.0,2472.1578845243143
2159,2024,M,191,1,4.0,4.0,1.0,0.0,2452.9292148680765
2160,2023,F,159,2,9.5,9.5,1.0,0.0,1494.5736630549259
2161,2023,F,141,2,2.5,2.5,0.5,0.0,1557.2388110197976
2162,2023,F,145,1,0.0,0.0,0.0,1.0,1584.7165888340471
2163,2023,F,159,1,7.0,7.0,1.0,0.0,1677.8247424348501
2164,2023,F,159,1,7.0,7.0,1.0,0.0,1679.8015609826377
2165,2023,F,165,2,6.0,6.0,0.5,0.0,1706.7851341599405
2166,2023,F,141,1,2.0,2.0,0.0,0.0,1711.72718052941
2167,2023,M,165,1,12.0,12.0,1.0,0.0,1621.845317457101
2168,2023,M,159,3,24.666666666666668,26.0,1.0,0.0,1687.7804280312937
2168,2024,M,159,2,28.0,28.0,1.0,0.0,1841.0703511102176
2168,2025,M,159,1,45.0,45.0,1.0,0.0,2042.0757745456178
2169,2023,M,159,2,26.5,26.5,1.0,0.0,1710.6498132304507
2170,2023,M,165,2,14.0,14.0,1.0,0.0,1727.0840900402345
2170,2024,M,165,1,8.0,8.0,1.0,0.0,1777.7700730168756
2171,2023,M,159,2,26.5,26.5,1.0,0.0,1742.3303468396725
2172,2023,M,159,3,24.666666666666668,26.0,1.0,0.0,1744.21137852272
2173,2023,M,159,3,24.666666666666668,26.0,1.0,0.0,1776.8819288072302
2173,2024,M,159,4,28.25,28.0,1.0,0.0,1727.3171143000777
2173,2025,M,159,2,37.0,37.0,1.0,0.0,1959.940077692736
2174,2023,M,165,2,14.0,14.0,1.0,0.0,1791.9301822716104
2174,2024,M,165,3,6.0,6.0,1.0,0.0,1651.0767752107995
2174,2025,M,165,2,8.0,8.0,1.0,0.0,1675.8349493380454
2175,2023,M,141,2,6.0,6.0,1.0,0.0,1795.593243970177
2176,2023,M,159,3,24.666666666666668,26.0,1.0,0.0,1800.5433273466178
2176,2024,M,159,4,28.25,28.0,1.0,0.0,1663.2883462752086
2176,2025,M,159,3,21.666666666666668,25.0,1.0,0.0,1706.0760178844528
2177,2023,M,159,3,24.666666666666668,26.0,1.0,0.0,1838.5599676776837
2177,2024,M,159,4,28.25,28.0,1.0,0.0,1757.28802699257
2178,2023,M,141,1,6.0,6.0,1.0,0.0,1838.6589693452129
2179,2023,M,165,2,14.0,14.0,1.0,0.0,1851.9251927940745
2179,2024,M,165,2,6.0,6.0,1.0,0.0,1760.1563344318188
2180,2023,M,165,2,14.0,14.0,1.0,0.0,1940.7296885674243
2181,2023,M,141,2,6.0,6.0,1.0,0.0,1952.0158786657098
2181,2024,M,141,1,6.0,6.0,1.0,0.0,1990.670683357927
2182,2023,M,159,2,26.5,26.5,1.0,0.0,1996.7646323887357
2183,2023,M,141,1,6.0,6.0,1.0,0.0,2050.1265311867687
2184,2023,M,159,3,24.666666666666668,26.0,1.0,0.0,2054.0865978879215
2184,2024,M,159,3,29.333333333333332,29.0,1.0,0.0,1920.4738081137027
2184,2025,M,159,3,33.0,29.0,1.0,0.0,2109.8880801217038
2185,2023,M,159,1,26.0,26.0,1.0,0.0,2778.9768075339284
2186,2023,M,159,1,26.0,26.0,1.0,0.0,4006.5974848912747
2187,2023,F,56,2,15.5,15.5,1.0,0.0,1346.7040174304827
2188,2023,F,56,1,11.0,11.0,1.0,0.0,1637.264234839407
2188,2024,F,56,3,13.333333333333334,13.0,1.0,0.0,1612.3941400725075
2188,2025,F,56,3,16.333333333333332,15.0,1.0,0.0,1613.2247641775932
2189,2023,F,56,1,11.0,11.0,1.0,0.0,1682.7884904008704
2190,2023,F,56,1,11.0,11.0,1.0,0.0,1748.8507157270685
2191,2023,F,56,1,11.0,11.0,1.0,0.0,1815.9540362947973
2192,2023,M,56,1,18.0,18.0,1.0,0.0,1531.2291485510264
2193,2023,M,56,2,23.0,23.0,1.0,0.0,1554.5087725904307
2193,2024,M,56,2,20.5,20.5,1.0,0.0,1614.2049874553263
2193,2025,M,56,4,27.0,27.0,1.0,0.0,1556.0350631643046
2194,2023,M,56,2,23.0,23.0,1.0,0.0,1678.2233460569798
2194,2024,M,56,1,20.0,20.0,1.0,0.0,1654.7936645690902
2194,2025,M,56,1,29.0,29.0,1.0,0.0,1739.0227455596312
2195,2023,M,56,2,23.0,23.0,1.0,0.0,1686.8700635573298
2195,2024,M,56,1,20.0,20.0,1.0,0.0,1571.5678492417612
2196,2023,M,56,1,18.0,18.0,1.0,0.0,1713.000253805641
2197,2023,M,56,2,23.0,23.0,1.0,0.0,1717.751197487152
2198,2023,M,56,1,18.0,18.0,1.0,0.0,1725.2576885039396
2198,2024,M,56,3,20.333333333333332,20.0,1.0,0.0,1594.8049635679663
2198,2025,M,56,1,25.0,25.0,1.0,0.0,1829.62708366978
2199,2023,M,56,2,23.0,23.0,1.0,0.0,1728.6783679546274
2199,2024,M,56,1,20.0,20.0,1.0,0.0,2117.29977864218
2199,2025,M,56,1,29.0,29.0,1.0,0.0,2181.2846229486654
2200,2023,M,56,2,23.0,23.0,1.0,0.0,1847.927054360556
2200,2024,M,56,2,23.0,23.0,1.0,0.0,1804.756666822998
2200,2025,M,56,4,27.0,27.0,1.0,0.0,1842.796339373785
2201,2023,M,56,2,23.0,23.0,1.0,0.0,1898.2870573845737
2202,2023,M,56,2,23.0,23.0,1.0,0.0,2334.613725094553
2203,2023,F,44,2,3.0,3.0,0.5,0.0,1464.5584101918505
2203,2024,F,44,3,3.0,3.0,1.0,0.0,1469.810712180619
2204,2023,F,44,1,5.0,5.0,1.0,0.0,1561.7455211077695
2204,2024,F,44,2,3.0,3.0,1.0,0.0,1483.8697711666944
2204,2025,F,44,1,6.0,6.0,1.0,0.0,1632.5949753058385
2205,2023,F,58,2,1.0,1.0,0.0,0.5,1616.3300628550667
2206,2023,F,44,1,5.0,5.0,1.0,0.0,1759.923543758235
2207,2023,F,44,2,3.0,3.0,0.5,0.0,1785.9795793658297
2207,2024,F,44,3,3.0,3.0,1.0,0.0,1999.7161291650195
2207,2025,F,44,3,3.0,3.0,0.6666666666666666,0.3333333333333333,1750.3442392458082
2208,2023,F,44,1,5.0,5.0,1.0,0.0,1885.1636857115282
2209,2023,F,44,1,5.0,5.0,1.0,0.0,2014.9683886471737
2210,2023,M,58,3,8.0,8.0,1.0,0.0,1563.4531236320327
2210,2024,M,58,2,14.0,14.0,1.0,0.0,1613.4923423529988
2210,2025,M,58,2,6.0,6.0,1.0,0.0,1666.9439602007076
2211,2023,M,58,2,8.0,8.0,1.0,0.0,1603.9630310153116
2211,2024,M,58,3,9.333333333333334,11.0,0.6666666666666666,0.3333333333333333,1701.0340052385493
2212,2023,M,44,1,15.0,15.0,1.0,0.0,1654.5048730100164
2213,2023,M,44,2,12.0,12.0,1.0,0.0,1683.4541700315579
2214,2023,M,44,2,12.0,12.0,1.0,0.0,1688.9000773920457
2214,2024,M,44,3,14.333333333333334,16.0,1.0,0.0,1648.509544330408
2215,2023,M,44,2,12.0,12.0,1.0,0.0,1692.5306822990376
2216,2023,M,44,1,15.0,15.0,1.0,0.0,1748.2318049510466
2217,2023,M,44,1,15.0,15.0,1.0,0.0,1761.894344469464
2217,2024,M,44,3,14.333333333333334,16.0,1.0,0.0,1605.1962559341086
2218,2023,M,44,2,12.0,12.0,1.0,0.0,1804.2195543062394
2219,2023,M,58,3,8.0,8.0,1.0,0.0,1821.4171564972542
2219,2024,M,58,2,14.0,14.0,1.0,0.0,1976.3978901188716
2220,2023,M,44,2,12.0,12.0,1.0,0.0,1826.480894920164
2220,2024,M,44,1,16.0,16.0,1.0,0.0,1795.080366580148
2221,2023,M,44,1,15.0,15.0,1.0,0.0,1837.7548785787183
2222,2023,M,44,1,15.0,15.0,1.0,0.0,1877.5959903212356
2223,2023,M,44,2,12.0,12.0,1.0,0.0,1939.698442677678
2224,2023,M,44,1,15.0,15.0,1.0,0.0,2049.3809277625946
2225,2023,M,44,1,15.0,15.0,1.0,0.0,2109.6680776655403
2226,2023,M,44,1,15.0,15.0,1.0,0.0,2151.5155763303433
2226,2024,M,44,1,16.0,16.0,1.0,0.0,1982.047185924784
2227,2023,M,44,1,15.0,15.0,1.0,0.0,2301.0391731577774
2227,2024,M,44,2,17.5,17.5,1.0,0.0,2576.031299186565
2228,2023,M,44,1,15.0,15.0,1.0,0.0,2309.0647208469177
2229,2023,F,108,1,9.0,9.0,1.0,0.0,1411.6301663050017
2229,2024,F,108,3,7.666666666666667,7.0,1.0,0.0,1424.221720649268
2230,2023,F,108,1,9.0,9.0,1.0,0.0,1550.062210632443
2230,2024,F,108,2,8.5,8.5,1.0,0.0,1619.135128703456
2232,2023,F,108,1,9.0,9.0,1.0,0.0,1647.8828133842326
2233,2023,F,108,2,6.0,6.0,1.0,0.0,1664.715961631532
2233,2024,F,108,1,6.0,6.0,1.0,0.0,1700.240557748889
2234,2023,F,108,1,9.0,9.0,1.0,0.0,2007.5000713947213
2235,2023,M,108,2,8.0,8.0,1.0,0.0,1703.9244796365494
2236,2023,M,108,2,8.0,8.0,1.0,0.0,1708.202765250793
2237,2023,M,108,1,8.0,8.0,1.0,0.0,1721.8154922052051
2238,2023,F,61,4,8.75,7.0,0.75,0.0,1309.745224934255
2238,2024,F,61,6,11.5,10.5,1.0,0.0,1253.7466751614893
2238,2025,F,61,5,8.8,8.0,0.8,0.2,1301.35584120387
2239,2023,F,61,3,11.333333333333334,8.0,1.0,0.0,1429.0504748119104
2239,2024,F,61,4,10.75,10.5,1.0,0.0,1344.4808798187507
2240,2023,F,61,3,11.333333333333334,8.0,1.0,0.0,1480.2365876953484
2240,2024,F,61,4,15.5,18.0,1.0,0.0,1572.836909610615
2241,2023,F,61,3,11.333333333333334,8.0,1.0,0.0,1493.9765272595228
2241,2024,F,61,4,12.0,11.5,1.0,0.0,1347.6905062840385
2242,2023,F,61,1,20.0,20.0,1.0,0.0,1528.5198964455103
2242,2024,F,61,1,19.0,19.0,1.0,0.0,1570.6533710880972
2243,2023,F,61,1,20.0,20.0,1.0,0.0,1541.1954744941502
2243,2024,F,61,2,19.5,19.5,1.0,0.0,1718.315996571684
2243,2025,F,61,3,12.333333333333334,9.0,1.0,0.0,1425.8765643064626
2244,2023,F,61,2,14.0,14.0,1.0,0.0,1566.159590040326
2244,2024,F,61,2,19.5,19.5,1.0,0.0,1772.9961625234264
2245,2023,F,61,1,20.0,20.0,1.0,0.0,1576.416164644569
2245,2024,F,61,3,19.333333333333332,19.0,1.0,0.0,1497.4213089370094
2245,2025,F,61,4,9.25,8.5,0.75,0.25,1408.584779933078
2246,2023,F,49,2,2.5,2.5,0.5,0.0,1587.350060213243
2247,2023,F,61,2,14.0,14.0,1.0,0.0,1610.1854527283497
2248,2023,F,61,1,20.0,20.0,1.0,0.0,1622.280469950334
2249,2023,F,61,1,20.0,20.0,1.0,0.0,1624.9897538080588
2249,2024,F,61,2,20.5,20.5,1.0,0.0,1646.4759551656182
2250,2023,F,61,1,20.0,20.0,1.0,0.0,1686.142160882412
2250,2024,F,61,1,17.0,17.0,1.0,0.0,1804.0045230910698
2251,2023,F,61,2,14.0,14.0,1.0,0.0,1705.9779891264666
2252,2023,F,61,2,13.0,13.0,1.0,0.0,1706.3650296775702
2252,2024,F,61,1,19.0,19.0,1.0,0.0,1636.512409294722
2253,2023,F,49,1,2.0,2.0,0.0,0.0,1715.073442077399
2254,2023,F,61,1,20.0,20.0,1.0,0.0,1723.685094339452
2255,2023,F,61,1,20.0,20.0,1.0,0.0,1726.4911383349524
2256,2023,F,61,1,20.0,20.0,1.0,0.0,1861.3747703945232
2256,2024,F,61,1,19.0,19.0,1.0,0.0,1698.5853000704062
2257,2023,F,49,2,2.5,2.5,0.5,0.0,1907.1423155625125
2258,2023,M,49,3,12.333333333333334,12.0,1.0,0.0,1603.13774788438
2258,2024,M,49,1,8.0,8.0,1.0,0.0,1556.3993206082723
2258,2025,M,49,2,11.0,11.0,1.0,0.0,1535.0346464960028
2259,2023,M,61,4,23.0,27.5,1.0,0.0,1606.9361909079216
2259,2024,M,61,5,17.8,22.0,1.0,0.0,1526.509384942129
2259,2025,M,61,4,15.25,16.0,1.0,0.0,1532.4714243191554
2260,2023,M,49,3,12.333333333333334,12.0,1.0,0.0,1622.5195469019375
2260,2024,M,49,3,7.0,7.0,1.0,0.0,1626.2877431557558
2260,2025,M,49,3,8.333333333333334,9.0,1.0,0.0,1572.8179257310987
2261,2023,M,61,3,29.0,30.0,1.0,0.0,1633.6226880476736
2261,2024,M,61,4,14.25,14.5,1.0,0.0,1600.0336200112042
2261,2025,M,61,3,16.0,16.0,1.0,0.0,1552.8434262636094
2262,2023,M,61,1,30.0,30.0,1.0,0.0,1642.9727016440831
2263,2023,M,49,3,12.333333333333334,12.0,1.0,0.0,1665.1789839355556
2263,2024,M,49,2,7.5,7.5,1.0,0.0,1700.1126963456234
2263,2025,M,49,3,8.333333333333334,9.0,1.0,0.0,1589.7117810021095
2264,2023,M,61,2,27.5,27.5,1.0,0.0,1672.3862860827878
2265,2023,M,61,3,29.0,30.0,1.0,0.0,1703.0660181960066
2265,2024,M,61,2,27.0,27.0,1.0,0.0,1644.4340474445391
2266,2023,M,61,1,30.0,30.0,1.0,0.0,1736.3754416332154
2267,2023,M,61,3,29.0,30.0,1.0,0.0,1763.6463146227431
2268,2023,M,49,3,12.333333333333334,12.0,1.0,0.0,1771.8275765196017
2268,2024,M,49,1,6.0,6.0,1.0,0.0,1744.039311095609
2268,2025,M,49,3,8.333333333333334,9.0,1.0,0.0,1552.0484213096795
2269,2023,M,61,2,31.0,31.0,1.0,0.0,1776.599979292769
2269,2024,M,61,4,21.5,23.0,1.0,0.0,1679.3307864614305
2270,2023,M,49,2,13.5,13.5,1.0,0.0,1777.2817511175072
2271,2023,M,61,1,30.0,30.0,1.0,0.0,1801.338556933269
2272,2023,M,61,2,31.0,31.0,1.0,0.0,1830.3625574721236
2273,2023,M,61,2,31.0,31.0,1.0,0.0,1867.860007832724
2274,2023,M,61,1,30.0,30.0,1.0,0.0,1869.7105313570137
2275,2023,M,61,3,29.0,30.0,1.0,0.0,1883.6381557766651
2275,2024,M,61,3,26.0,24.0,1.0,0.0,1742.5437365663138
2275,2025,M,61,4,18.0,17.0,1.0,0.0,1617.4375787704153
2276,2023,M,61,3,29.0,30.0,1.0,0.0,1896.7866123966162
2276,2024,M,61,3,26.0,24.0,1.0,0.0,1935.173735939554
2277,2023,M,61,2,27.5,27.5,1.0,0.0,1923.4731095363684
2277,2024,M,61,2,28.0,28.0,1.0,0.0,1976.590822361171
2278,2023,M,49,1,12.0,12.0,1.0,0.0,2008.0128158039042
2279,2023,M,61,3,29.0,30.0,1.0,0.0,2011.713862852483
2279,2024,M,61,4,21.5,23.0,1.0,0.0,1791.79799106444
2280,2023,M,61,1,30.0,30.0,1.0,0.0,2018.531581099865
2281,2023,M,61,1,30.0,30.0,1.0,0.0,2037.4264002426091
2282,2023,M,61,1,30.0,30.0,1.0,0.0,2082.81292457518
2283,2023,M,49,2,13.5,13.5,1.0,0.0,2128.88122073249
2284,2023,M,61,2,27.5,27.5,1.0,0.0,2137.6468584791237
2284,2024,M,61,3,26.0,24.0,1.0,0.0,1883.426857225935
2284,2025,M,61,1,24.0,24.0,1.0,0.0,1966.447907359562
2285,2023,M,61,2,31.0,31.0,1.0,0.0,2151.2822949738875
2285,2024,M,61,2,28.0,28.0,1.0,0.0,2020.9652380901189
2285,2025,M,61,1,6.0,6.0,1.0,0.0,1812.810338966549
2286,2023,M,61,1,30.0,30.0,1.0,0.0,2234.7506455168345
2287,2023,M,61,1,30.0,30.0,1.0,0.0,2335.75027155305
2288,2023,M,61,2,27.5,27.5,1.0,0.0,2387.175346333302
2289,2023,M,61,3,29.0,30.0,1.0,0.0,2440.5483406128064
2289,2024,M,61,1,24.0,24.0,1.0,0.0,2914.8922739315312
2290,2023,F,10,1,2.0,2.0,0.0,0.0,1381.355147536758
2291,2023,F,19,1,8.0,8.0,1.0,0.0,1421.4896077134729
2291,2025,F,19,3,5.0,4.0,1.0,0.0,1298.4323382021826
2292,2023,F,10,1,2.0,2.0,0.0,0.0,1423.0706622052828
2294,2023,F,19,1,8.0,8.0,1.0,0.0,1428.4219235621783
2294,2024,F,19,1,4.0,4.0,1.0,0.0,1472.5420746850816
2294,2025,F,19,1,3.0,3.0,1.0,0.0,1457.7775744790417
2295,2023,F,19,1,8.0,8.0,1.0,0.0,1435.9623372923493
2296,2023,F,19,1,8.0,8.0,1.0,0.0,1440.2190224626067
2297,2023,F,19,1,8.0,8.0,1.0,0.0,1451.4080234815697
2298,2023,F,19,1,8.0,8.0,1.0,0.0,1452.7458388207938
2299,2023,F,19,1,8.0,8.0,1.0,0.0,1470.7455361121686
2299,2024,F,19,3,2.6666666666666665,2.0,0.3333333333333333,0.0,1436.465434222358
2300,2023,F,10,1,2.0,2.0,0.0,0.0,1556.7305765513736
2300,2024,F,10,1,3.0,3.0,1.0,0.0,1418.0191366178258
2301,2023,F,19,1,8.0,8.0,1.0,0.0,1665.0936190285042
2302,2023,M,10,1,6.0,6.0,1.0,0.0,1616.9871820536948
2302,2024,M,10,2,14.0,14.0,1.0,0.0,1762.9636291709846
2302,2025,M,10,4,11.25,11.5,1.0,0.0,1476.6918615619147
2303,2023,M,19,1,6.0,6.0,1.0,0.0,1630.072511980124
2303,2024,M,19,5,7.6,5.0,1.0,0.0,1597.5023438099963
2303,2025,M,19,3,11.666666666666666,10.0,1.0,0.0,1571.488447674517
2305,2023,M,19,1,6.0,6.0,1.0,0.0,1633.069152421291
2306,2023,M,19,1,6.0,6.0,1.0,0.0,1665.8324212447164
2306,2024,M,19,5,7.6,5.0,1.0,0.0,1662.174523896973
2307,2023,M,19,1,6.0,6.0,1.0,0.0,1681.814503597607
2307,2024,M,19,1,15.0,15.0,1.0,0.0,1765.5737683672767
2308,2023,M,19,1,6.0,6.0,1.0,0.0,1695.4991616122695
2308,2024,M,19,3,6.0,5.0,1.0,0.0,1722.0709122236806
2308,2025,M,19,1,10.0,10.0,1.0,0.0,1732.1037395579096
2309,2023,M,19,1,6.0,6.0,1.0,0.0,1734.2557113180287
2309,2024,M,19,3,9.666666666666666,9.0,1.0,0.0,1685.2119070108124
2310,2023,M,10,1,6.0,6.0,1.0,0.0,1773.9112531561384
2311,2023,M,10,1,6.0,6.0,1.0,0.0,1793.6890800678402
2311,2024,M,10,2,14.0,14.0,1.0,0.0,1817.686243090734
2311,2025,M,10,2,11.0,11.0,1.0,0.0,2098.6910103677174
2312,2023,M,10,1,6.0,6.0,1.0,0.0,1818.6610837442317
2312,2024,M,10,2,14.0,14.0,1.0,0.0,1947.6275772347208
2314,2023,M,10,1,6.0,6.0,1.0,0.0,1821.158284111871
2315,2023,M,10,1,6.0,6.0,1.0,0.0,1861.812706097036
2316,2023,M,19,1,6.0,6.0,1.0,0.0,1973.087954479036
2316,2024,M,19,3,9.666666666666666,9.0,1.0,0.0,2000.505080107582
2316,2025,M,19,3,11.666666666666666,10.0,1.0,0.0,1801.526857569665
2317,2023,F,147,1,12.0,12.0,1.0,0.0,1399.5061244933402
2318,2023,F,147,1,12.0,12.0,1.0,0.0,1452.2765021409732
2319,2023,F,161,1,4.0,4.0,1.0,0.0,1481.1415019444719
2320,2023,F,147,1,12.0,12.0,1.0,0.0,1484.6132373160267
2321,2023,F,161,2,4.0,4.0,1.0,0.0,1485.803546586274
2321,2024,F,161,1,6.0,6.0,1.0,0.0,1443.0227865837912
2321,2025,F,161,1,5.0,5.0,1.0,0.0,1508.3423915789494
2322,2023,F,161,2,4.0,4.0,1.0,0.0,1516.6523951735182
2322,2024,F,161,1,6.0,6.0,1.0,0.0,1577.5782885402707
2323,2023,F,147,1,12.0,12.0,1.0,0.0,1524.9845600652498
2323,2024,F,147,2,4.5,4.5,1.0,0.0,1465.4051280350172
2323,2025,F,147,2,9.5,9.5,1.0,0.0,1600.7471547042512
2324,2023,F,150,2,4.0,4.0,1.0,0.0,1556.130985970056
2325,2023,F,147,1,12.0,12.0,1.0,0.0,1584.103253820869
2326,2023,F,156,2,5.5,5.5,1.0,0.0,1605.9255904420709
2327,2023,F,150,3,4.0,4.0,1.0,0.0,1672.6821020151103
2328,2023,F,156,2,5.5,5.5,1.0,0.0,1711.6647306157115
2329,2023,F,150,2,4.0,4.0,1.0,0.0,1718.806586237196
2330,2023,F,150,2,4.0,4.0,1.0,0.0,1720.3936652641924
2330,2025,F,150,2,7.0,7.0,1.0,0.0,1722.2163227171209
2331,2023,F,171,2,8.0,8.0,1.0,0.0,1731.4040260139805
2332,2023,F,147,1,12.0,12.0,1.0,0.0,1784.3727885399883
2333,2023,F,161,2,4.0,4.0,1.0,0.0,1789.9275651344758
2333,2024,F,161,1,6.0,6.0,1.0,0.0,1731.527376960017
2333,2025,F,161,3,3.6666666666666665,4.0,0.6666666666666666,0.0,1803.69687848813
2334,2023,F,156,2,5.5,5.5,1.0,0.0,1792.7049534317198
2334,2024,F,156,2,0.5,0.5,0.0,0.5,1876.242626110449
2335,2023,F,161,2,4.0,4.0,1.0,0.0,1796.3750736816492
2335,2024,F,161,1,6.0,6.0,1.0,0.0,1582.6766025074185
2336,2023,F,147,1,12.0,12.0,1.0,0.0,1798.2597300262075
2337,2023,F,171,1,8.0,8.0,1.0,0.0,1841.606825951049
2337,2024,F,171,1,9.0,9.0,1.0,0.0,1934.0261379290155
2338,2023,F,196,2,5.0,5.0,1.0,0.0,1843.5906747347947
2339,2023,F,156,2,5.5,5.5,1.0,0.0,1844.1858293699183
2340,2023,F,156,2,5.5,5.5,1.0,0.0,1868.091207214053
2340,2024,F,156,1,1.0,1.0,0.0,0.0,1819.3315139826577
2340,2025,F,156,1,3.0,3.0,1.0,0.0,1662.383737483059
2341,2023,F,156,1,5.0,5.0,1.0,0.0,1946.3540417328172
2342,2023,F,150,3,4.0,4.0,1.0,0.0,2224.886410970701
2343,2023,M,161,2,7.0,7.0,1.0,0.0,1670.8618149646018
2344,2023,M,161,2,7.0,7.0,1.0,0.0,1705.9009773647979
2344,2024,M,161,1,7.0,7.0,1.0,0.0,1677.6168281522118
2344,2025,M,161,4,6.0,6.0,1.0,0.0,1658.78262147344
2345,2023,M,150,3,13.333333333333334,12.0,1.0,0.0,1733.694080685067
2345,2025,M,150,2,14.5,14.5,1.0,0.0,1743.8268025266368
2346,2023,M,147,1,7.0,7.0,1.0,0.0,1745.406888512895
2347,2023,M,196,2,13.0,13.0,1.0,0.0,1763.4724056710695
2348,2023,M,196,2,13.0,13.0,1.0,0.0,1815.3859522300008
2349,2023,M,161,2,7.0,7.0,1.0,0.0,1820.746050727481
2349,2024,M,161,1,7.0,7.0,1.0,0.0,1738.4884111088786
2350,2023,M,156,2,3.5,3.5,1.0,0.0,1827.9921098074085
2350,2024,M,156,2,5.5,5.5,1.0,0.0,1843.4268487177378
2350,2025,M,156,1,4.0,4.0,1.0,0.0,1767.1755377409122
2351,2023,M,161,2,7.0,7.0,1.0,0.0,1835.436691053909
2352,2023,M,150,2,15.0,15.0,1.0,0.0,1842.484227967263
2352,2025,M,150,1,15.0,15.0,1.0,0.0,1815.2514263954986
2353,2023,M,150,2,15.0,15.0,1.0,0.0,1883.9753607810933
2354,2023,M,171,3,16.333333333333332,16.0,1.0,0.0,1900.3534395233944
2354,2024,M,171,3,15.0,15.0,1.0,0.0,1813.5106535642424
2354,2025,M,171,3,15.0,16.0,1.0,0.0,1845.0979114249185
2355,2023,M,147,1,7.0,7.0,1.0,0.0,1902.2394001058415
2355,2024,M,147,1,14.0,14.0,1.0,0.0,1918.1045598332307
2356,2023,M,196,1,14.0,14.0,1.0,0.0,1922.6871832628965
2357,2023,M,147,1,7.0,7.0,1.0,0.0,1941.5467890873647
2358,2023,M,156,1,4.0,4.0,1.0,0.0,1950.579547666452
2358,2024,M,156,1,7.0,7.0,1.0,0.0,2173.940325848511
2359,2023,M,196,1,14.0,14.0,1.0,0.0,1971.3251140733673
2359,2024,M,196,3,10.0,9.0,1.0,0.0,1753.2107376933718
2360,2023,M,161,1,7.0,7.0,1.0,0.0,1973.2110746558142
2360,2024,M,161,1,7.0,7.0,1.0,0.0,1650.0297068122447
2360,2025,M,161,1,8.0,8.0,1.0,0.0,1686.0563247340806
2361,2023,M,150,2,15.0,15.0,1.0,0.0,2006.8605818899969
2362,2023,M,161,1,7.0,7.0,1.0,0.0,2013.3125523036308
2363,2023,M,156,2,3.5,3.5,1.0,0.0,2016.5881680520909
2363,2024,M,156,3,6.0,6.0,1.0,0.0,2061.588490826452
2363,2025,M,156,1,4.0,4.0,1.0,0.0,2061.170015535757
2364,2023,M,147,1,7.0,7.0,1.0,0.0,2046.565015204667
2365,2023,M,171,2,20.0,20.0,1.0,0.0,2056.987428949768
2365,2024,M,171,1,15.0,15.0,1.0,0.0,2073.287568353662
2366,2023,M,150,3,13.333333333333334,12.0,1.0,0.0,2063.9357047798353
2367,2023,M,161,2,7.0,7.0,1.0,0.0,2073.166985525496
2367,2024,M,161,1,7.0,7.0,1.0,0.0,2062.6370868534937
2367,2025,M,161,2,6.0,6.0,1.0,0.0,2131.359693044759
2368,2023,M,156,2,3.5,3.5,1.0,0.0,2085.2768376864706
2368,2024,M,156,1,6.0,6.0,1.0,0.0,2041.446979157577
2369,2023,M,161,2,7.0,7.0,1.0,0.0,2130.7384138317675
2370,2023,M,150,2,15.0,15.0,1.0,0.0,2137.388906411975
2371,2023,M,196,2,12.5,12.5,1.0,0.0,2172.8251131453176
2371,2024,M,196,2,13.5,13.5,1.0,0.0,2341.921050382654
2372,2023,M,171,1,16.0,16.0,1.0,0.0,2184.934965306292
2373,2023,M,196,3,12.333333333333334,12.0,1.0,0.0,2234.8632901994897
2373,2024,M,196,4,12.0,12.5,1.0,0.0,1890.6675251452289
2373,2025,M,196,1,14.0,14.0,1.0,0.0,2197.1247461499956
2374,2023,M,171,1,16.0,16.0,1.0,0.0,2266.8253590177987
2375,2023,M,196,2,13.0,13.0,1.0,0.0,2273.575112681293
2375,2024,M,196,1,16.0,16.0,1.0,0.0,2081.1874464873504
2376,2023,M,196,1,14.0,14.0,1.0,0.0,2291.541368756181
2377,2023,M,156,1,4.0,4.0,1.0,0.0,2354.3736344766467
2378,2023,M,147,1,7.0,7.0,1.0,0.0,2356.2595950590935
2379,2023,M,171,1,16.0,16.0,1.0,0.0,2524.6063923132942
2380,2023,F,138,2,12.5,12.5,1.0,0.0,1398.0502953420284
2380,2024,F,138,3,11.666666666666666,12.0,1.0,0.0,1357.9936474772794
2381,2023,F,137,1,9.0,9.0,1.0,0.0,1455.9549597058067
2382,2023,F,138,1,17.0,17.0,1.0,0.0,1461.0763845191675
2383,2023,F,130,3,6.333333333333333,6.0,1.0,0.0,1497.242130070164
2384,2023,F,137,1,9.0,9.0,1.0,0.0,1501.0412602303643
2384,2024,F,137,1,8.0,8.0,1.0,0.0,1593.7124854834196
2385,2023,F,130,2,6.0,6.0,1.0,0.0,1512.8925727560795
2385,2024,F,130,2,7.5,7.5,1.0,0.0,1570.61374942796
2385,2025,F,130,4,5.0,4.5,1.0,0.0,1604.6102197372343
2386,2023,F,138,2,12.5,12.5,1.0,0.0,1513.6918702703035
2386,2024,F,138,3,11.666666666666666,12.0,1.0,0.0,1443.9797181190986
2387,2023,F,130,3,6.333333333333333,6.0,1.0,0.0,1518.7639557309342
2387,2024,F,130,3,7.0,6.0,1.0,0.0,1572.1771325305388
2388,2023,F,158,2,17.5,17.5,1.0,0.0,1548.33796375722
2388,2025,F,158,1,21.0,21.0,1.0,0.0,2056.478199409338
2389,2023,F,158,2,17.5,17.5,1.0,0.0,1550.8740064875356
2390,2023,F,158,3,16.0,15.0,1.0,0.0,1553.5975387582246
2390,2024,F,158,3,19.0,20.0,1.0,0.0,1727.3846856879984
2390,2025,F,158,1,21.0,21.0,1.0,0.0,1635.2095714730751
2391,2023,F,158,2,17.5,17.5,1.0,0.0,1554.6830045182815
2392,2023,F,168,1,2.0,2.0,0.0,0.0,1578.7310050388214
2393,2023,F,158,3,16.0,15.0,1.0,0.0,1580.8723329472978
2393,2025,F,158,2,19.0,19.0,1.0,0.0,1694.0930169046787
2394,2023,F,130,1,6.0,6.0,1.0,0.0,1582.2735705648263
2395,2023,F,168,2,1.0,1.0,0.0,0.5,1597.3122052768913
2396,2023,F,138,1,17.0,17.0,1.0,0.0,1607.07152924686
2397,2023,F,158,1,20.0,20.0,1.0,0.0,1617.570943507777
2398,2023,F,137,1,9.0,9.0,1.0,0.0,1619.435971040966
2399,2023,F,169,2,4.0,4.0,1.0,0.0,1623.3140441655341
2400,2023,F,158,2,16.5,16.5,1.0,0.0,1625.4751078151025
2400,2024,F,158,4,18.25,18.0,1.0,0.0,1615.948335425856
2400,2025,F,158,3,17.333333333333332,17.0,1.0,0.0,1484.610224187058
2401,2023,F,158,1,20.0,20.0,1.0,0.0,1628.1493007330616
2401,2024,F,158,3,19.666666666666668,20.0,1.0,0.0,1725.1527988007556
2402,2023,F,158,3,16.0,15.0,1.0,0.0,1644.9542842728563
2403,2023,F,158,2,17.5,17.5,1.0,0.0,1666.9004283671036
2403,2024,F,158,4,18.25,18.0,1.0,0.0,1723.1690664960342
2403,2025,F,158,1,14.0,14.0,1.0,0.0,1964.4531041421255
2404,2023,F,158,3,16.0,15.0,1.0,0.0,1667.4530291176782
2404,2024,F,158,3,19.666666666666668,20.0,1.0,0.0,1864.0140601312364
2405,2023,F,137,1,9.0,9.0,1.0,0.0,1693.405528653591
2405,2024,F,137,2,6.5,6.5,1.0,0.0,1995.128205551708
2405,2025,F,137,1,5.0,5.0,1.0,0.0,2019.661600542227
2406,2023,F,158,3,16.0,15.0,1.0,0.0,1701.812954358761
2406,2024,F,158,4,18.25,18.0,1.0,0.0,1660.0863792059015
2406,2025,F,158,3,17.333333333333332,17.0,1.0,0.0,1630.504188829648
2407,2023,F,158,1,20.0,20.0,1.0,0.0,1724.4301136501347
2408,2023,F,158,3,16.0,15.0,1.0,0.0,1726.660252393525
2408,2024,F,158,2,17.0,17.0,1.0,0.0,1937.3847624593172
2409,2023,F,130,3,6.333333333333333,6.0,1.0,0.0,1734.00194807973
2409,2024,F,130,3,5.666666666666667,6.0,1.0,0.0,1920.9699570837581
2410,2023,F,158,1,20.0,20.0,1.0,0.0,1736.5379908100454
2410,2025,F,158,3,17.333333333333332,17.0,1.0,0.0,1583.0772379375794
2411,2023,F,138,1,17.0,17.0,1.0,0.0,1742.6659384190955
2412,2023,F,158,1,20.0,20.0,1.0,0.0,1748.9419040863352
2412,2024,F,158,2,21.5,21.5,1.0,0.0,2112.25715572694
2413,2023,F,138,1,17.0,17.0,1.0,0.0,1772.6938684904962
2414,2023,F,130,1,6.0,6.0,1.0,0.0,1782.5321354248326
2415,2023,F,152,2,5.5,5.5,1.0,0.0,1788.8574404448023
2415,2024,F,152,2,7.5,7.5,1.0,0.0,1987.285770801017
2416,2023,F,158,2,17.5,17.5,1.0,0.0,1793.1400962617554
2416,2024,F,158,3,17.666666666666668,16.0,1.0,0.0,2117.4358620593644
2417,2023,F,137,1,9.0,9.0,1.0,0.0,1798.952272013334
2418,2023,F,152,1,6.0,6.0,1.0,0.0,1813.1718734700835
2418,2024,F,152,2,7.5,7.5,1.0,0.0,2004.2477363557607
2418,2025,F,152,1,6.0,6.0,1.0,0.0,1807.0221911873093
2419,2023,F,130,1,6.0,6.0,1.0,0.0,1849.0218471636088
2420,2023,F,169,2,4.0,4.0,1.0,0.0,1874.9348752173378
2420,2024,F,169,2,4.0,4.0,0.5,0.0,1895.4385541808927
2420,2025,F,169,4,11.0,12.0,1.0,0.0,1786.417577678757
2421,2023,F,158,3,16.0,15.0,1.0,0.0,1875.7045691199237
2421,2024,F,158,1,23.0,23.0,1.0,0.0,2290.34257453559
2422,2023,F,158,2,16.5,16.5,1.0,0.0,1876.0795482006708
2423,2023,F,152,2,5.5,5.5,1.0,0.0,1892.0753663556955
2423,2024,F,152,2,7.5,7.5,1.0,0.0,2136.988795826115
2423,2025,F,152,1,6.0,6.0,1.0,0.0,1840.7737075399489
2424,2023,F,138,1,17.0,17.0,1.0,0.0,1904.2029792566982
2425,2023,F,138,1,17.0,17.0,1.0,0.0,1904.3115258327039
2426,2023,F,169,2,4.0,4.0,1.0,0.0,1907.5975267245135
2426,2024,F,169,1,6.0,6.0,1.0,0.0,1727.3287654576604
2426,2025,F,169,2,12.0,12.0,1.0,0.0,1880.0661078823598
2427,2023,F,152,2,5.5,5.5,1.0,0.0,1910.1631730664667
2428,2023,F,158,2,17.5,17.5,1.0,0.0,1934.092759140455
2428,2024,F,158,3,19.666666666666668,20.0,1.0,0.0,2117.634235289837
2429,2023,F,138,1,17.0,17.0,1.0,0.0,1952.940391883266
2429,2024,F,138,1,10.0,10.0,1.0,0.0,1894.3735230871384
2429,2025,F,138,1,22.0,22.0,1.0,0.0,1788.6619516234884
2430,2023,F,158,3,16.0,15.0,1.0,0.0,1961.9793613033787
2430,2024,F,158,1,20.0,20.0,1.0,0.0,2178.4635374083614
2431,2023,F,152,2,5.5,5.5,1.0,0.0,2042.9255033920076
2431,2024,F,152,1,9.0,9.0,1.0,0.0,2399.506473596865
2432,2023,F,138,1,17.0,17.0,1.0,0.0,2060.2436162001927
2433,2023,F,137,1,9.0,9.0,1.0,0.0,2155.4883027099386
2434,2023,F,137,1,9.0,9.0,1.0,0.0,2155.8731496612313
2435,2023,F,152,1,6.0,6.0,1.0,0.0,2250.2889350451155
2436,2023,F,152,1,6.0,6.0,1.0,0.0,2345.0106244159247
2437,2023,M,158,2,21.5,21.5,1.0,0.0,1537.2847201559348
2437,2024,M,158,4,17.25,19.0,1.0,0.0,1580.348686006305
2437,2025,M,158,3,29.333333333333332,29.0,1.0,0.0,1552.1029183283415
2438,2023,M,158,3,22.0,23.0,1.0,0.0,1537.481517790212
2438,2024,M,158,4,17.25,19.0,1.0,0.0,1790.0688509353226
2438,2025,M,158,3,29.333333333333332,29.0,1.0,0.0,1511.2637381729635
2439,2023,M,158,2,21.5,21.5,1.0,0.0,1577.480636957042
2440,2023,M,158,2,21.5,21.5,1.0,0.0,1619.9889259609058
2441,2023,M,158,2,21.5,21.5,1.0,0.0,1649.3511329950563
2442,2023,M,169,2,5.0,5.0,1.0,0.0,1664.7013484686736
2442,2024,M,169,3,10.333333333333334,11.0,1.0,0.0,1769.082135790578
2442,2025,M,169,4,11.5,12.0,1.0,0.0,1708.660250556659
2443,2023,M,158,3,22.0,23.0,1.0,0.0,1668.8931380787767
2444,2023,M,137,1,10.0,10.0,1.0,0.0,1673.1538068608772
2444,2025,M,137,1,4.0,4.0,1.0,0.0,2035.6925240853063
2445,2023,M,160,2,8.5,8.5,1.0,0.0,1687.844750259666
2445,2024,M,160,3,8.333333333333334,8.0,1.0,0.0,1730.041742726668
2446,2023,M,166,1,1.0,1.0,0.0,0.0,1688.3662639905003
2447,2023,M,130,3,10.666666666666666,11.0,1.0,0.0,1708.5183417404803
2448,2023,M,152,2,7.5,7.5,1.0,0.0,1718.555021088615
2448,2024,M,152,1,5.0,5.0,1.0,0.0,2545.7510469829203
2449,2023,M,158,3,22.0,23.0,1.0,0.0,1719.0076556474526
2450,2023,M,130,2,11.5,11.5,1.0,0.0,1723.5733607626821
2450,2024,M,130,4,9.75,9.5,1.0,0.0,1960.564769247815
2451,2023,M,158,1,20.0,20.0,1.0,0.0,1729.378890973858
2452,2023,M,158,1,20.0,20.0,1.0,0.0,1730.0283231669725
2453,2023,M,130,3,10.666666666666666,11.0,1.0,0.0,1742.8398491584148
2453,2024,M,130,3,10.666666666666666,10.0,1.0,0.0,1767.6999999084678
2453,2025,M,130,3,8.0,7.0,1.0,0.0,1819.819945637114
2454,2023,M,158,3,22.0,23.0,1.0,0.0,1746.0082910702772
2455,2023,M,130,3,10.666666666666666,11.0,1.0,0.0,1746.5396446828254
2455,2025,M,130,3,8.333333333333334,7.0,1.0,0.0,1986.086105111726
2456,2023,M,158,3,22.0,23.0,1.0,0.0,1757.4028740949236
2456,2024,M,158,4,17.25,19.0,1.0,0.0,1797.3177013329641
2456,2025,M,158,3,29.333333333333332,29.0,1.0,0.0,1768.4133721892078
2457,2023,M,169,1,6.0,6.0,1.0,0.0,1759.1937325668457
2458,2023,M,130,1,12.0,12.0,1.0,0.0,1782.228895658986
2458,2024,M,130,1,13.0,13.0,1.0,0.0,1677.9546407375049
2459,2023,M,130,3,10.666666666666666,11.0,1.0,0.0,1793.8497959630515
2460,2023,M,160,3,9.0,10.0,1.0,0.0,1794.0662733607562
2460,2024,M,160,2,7.5,7.5,1.0,0.0,1785.410084681304
2460,2025,M,160,3,7.666666666666667,8.0,1.0,0.0,1792.7884368280504
2461,2023,M,130,1,12.0,12.0,1.0,0.0,1794.3909894573135
2462,2023,M,137,1,10.0,10.0,1.0,0.0,1798.4450207234229
2462,2024,M,137,1,9.0,9.0,1.0,0.0,2072.3365040733984
2463,2023,M,158,3,22.0,23.0,1.0,0.0,1798.6713380028416
2463,2024,M,158,4,17.25,19.0,1.0,0.0,2018.7551860828264
2463,2025,M,158,3,29.333333333333332,29.0,1.0,0.0,1833.6665392423329
2464,2023,M,130,3,10.666666666666666,11.0,1.0,0.0,1809.5739269417954
2464,2024,M,130,3,8.666666666666666,9.0,1.0,0.0,1859.656209305886
2464,2025,M,130,1,6.0,6.0,1.0,0.0,1803.2388720092508
2465,2023,M,152,2,7.5,7.5,1.0,0.0,1828.1614634992723
2465,2024,M,152,2,6.0,6.0,1.0,0.0,1960.0886068792092
2466,2023,M,158,3,22.0,23.0,1.0,0.0,1828.722336756962
2467,2023,M,158,3,22.0,23.0,1.0,0.0,1832.6681293242186
2467,2024,M,158,4,17.25,19.0,1.0,0.0,1974.2690904918227
2467,2025,M,158,3,29.333333333333332,29.0,1.0,0.0,1857.5648062095972
2468,2023,M,130,3,10.666666666666666,11.0,1.0,0.0,1847.7329882281342
2468,2024,M,130,3,10.666666666666666,10.0,1.0,0.0,2323.4268907747705
2469,2023,M,158,3,22.0,23.0,1.0,0.0,1871.9882966527925
2469,2024,M,158,4,17.25,19.0,1.0,0.0,1947.3589746320858
2469,2025,M,158,3,29.333333333333332,29.0,1.0,0.0,1875.2841645757978
2470,2023,M,158,2,21.5,21.5,1.0,0.0,1880.2144377655775
2470,2024,M,158,2,14.5,14.5,1.0,0.0,1988.810000939341
2470,2025,M,158,3,29.333333333333332,29.0,1.0,0.0,1893.4511289193983
2471,2023,M,138,3,5.0,4.0,1.0,0.0,1880.9917884209722
2471,2024,M,138,3,10.333333333333334,13.0,1.0,0.0,1584.6633545364637
2472,2023,M,169,1,6.0,6.0,1.0,0.0,1881.4345830980956
2473,2023,M,158,2,21.5,21.5,1.0,0.0,1913.3354796144213
2473,2024,M,158,3,19.333333333333332,20.0,1.0,0.0,1891.3541578612687
2474,2023,M,158,3,22.0,23.0,1.0,0.0,1914.713063054361
2474,2024,M,158,3,17.0,20.0,1.0,0.0,1945.6708861833201
2474,2025,M,158,2,29.5,29.5,1.0,0.0,1863.0528447151094
2475,2023,M,137,1,10.0,10.0,1.0,0.0,1916.5039215262834
2476,2023,M,130,3,10.666666666666666,11.0,1.0,0.0,2041.5589782276966
2476,2024,M,130,1,13.0,13.0,1.0,0.0,2436.726979734256
2476,2025,M,130,1,11.0,11.0,1.0,0.0,2309.4455636808657
2478,2023,M,130,3,10.666666666666666,11.0,1.0,0.0,2050.660868813015
2478,2024,M,130,4,9.75,9.5,1.0,0.0,2450.696909498198
2478,2025,M,130,3,8.0,7.0,1.0,0.0,1934.6600705343676
2479,2023,M,169,1,6.0,6.0,1.0,0.0,2059.300284957781
2480,2023,M,137,1,10.0,10.0,1.0,0.0,2105.380451023775
2481,2023,M,158,3,22.0,23.0,1.0,0.0,2106.689155291718
2481,2024,M,158,1,20.0,20.0,1.0,0.0,2288.0318644680815
2482,2023,M,152,2,7.5,7.5,1.0,0.0,2175.2436111921625
2483,2023,M,137,1,10.0,10.0,1.0,0.0,2196.9110307260767
2484,2023,M,130,3,10.666666666666666,11.0,1.0,0.0,2201.368497142454
2485,2023,M,130,1,12.0,12.0,1.0,0.0,2209.3191215672505
2485,2024,M,130,1,13.0,13.0,1.0,0.0,2661.6135413887587
2486,2023,M,137,1,10.0,10.0,1.0,0.0,2263.4778305203213
2487,2023,M,158,3,22.0,23.0,1.0,0.0,2329.9560713791416
2487,2024,M,158,2,20.0,20.0,1.0,0.0,2612.763721407345
2488,2023,M,138,1,4.0,4.0,1.0,0.0,2438.411247629278
2488,2024,M,138,1,13.0,13.0,1.0,0.0,2366.923637442121
2489,2023,M,152,2,7.5,7.5,1.0,0.0,2475.497761808806
2489,2025,M,152,1,7.0,7.0,1.0,0.0,2868.3466782611126
2490,2023,M,152,1,4.0,4.0,1.0,0.0,2506.8279451857275
2490,2024,M,152,1,5.0,5.0,1.0,0.0,3198.3323814104083
2491,2023,M,158,2,21.5,21.5,1.0,0.0,2769.405188720011
2491,2024,M,158,1,18.0,18.0,1.0,0.0,2984.973454106571
2492,2023,M,96,2,16.0,16.0,1.0,0.0,1731.9606454548507
2492,2024,M,96,5,15.0,17.0,1.0,0.0,1785.6070814851903
2493,2023,M,96,2,16.0,16.0,1.0,0.0,1785.4668051112628
2493,2024,M,96,3,16.333333333333332,19.0,1.0,0.0,1793.2279722170556
2494,2023,M,96,1,16.0,16.0,1.0,0.0,1831.4531801673143
2495,2023,M,77,2,8.0,8.0,1.0,0.0,2012.507224789116
2496,2023,M,77,3,7.666666666666667,8.0,1.0,0.0,2375.1810578722248
2497,2023,M,77,3,7.666666666666667,8.0,1.0,0.0,1715.8541137478355
2497,2024,M,77,3,12.666666666666666,14.0,1.0,0.0,1710.3801909371198
2497,2025,M,77,2,5.0,5.0,1.0,0.0,1777.6805084623406
2498,2023,M,77,1,8.0,8.0,1.0,0.0,2168.902979670424
2499,2023,F,167,3,23.0,24.0,1.0,0.0,1351.1066791341307
2499,2025,F,167,3,18.0,18.0,1.0,0.0,1310.4037720860308
2500,2023,F,167,3,23.0,24.0,1.0,0.0,1413.1990762308822
2501,2023,F,88,1,10.0,10.0,1.0,0.0,1416.781329909541
2502,2023,F,94,1,9.0,9.0,1.0,0.0,1477.3214170788742
2503,2023,F,94,3,6.0,6.0,1.0,0.0,1480.9036707575328
2503,2024,F,94,1,7.0,7.0,1.0,0.0,1448.8477698071124
2505,2023,F,86,1,9.0,9.0,1.0,0.0,1502.0389674616197
2506,2023,F,90,2,3.5,3.5,0.5,0.0,1509.561700186803
2507,2023,F,94,1,9.0,9.0,1.0,0.0,1535.4733351291018
2507,2025,F,94,2,6.5,6.5,1.0,0.0,1654.680387746296
2508,2023,F,94,3,6.0,6.0,1.0,0.0,1579.1768300087385
2508,2024,F,94,1,7.0,7.0,1.0,0.0,1671.5957942808589
2508,2025,F,94,2,6.5,6.5,1.0,0.0,1856.3561111927504
2509,2023,F,88,2,9.5,9.5,1.0,0.0,1582.0426329516654
2509,2024,F,88,1,2.0,2.0,0.0,0.0,1801.4730375246202
2509,2025,F,88,3,12.333333333333334,9.0,1.0,0.0,1506.3763099845446
2510,2023,F,75,1,4.0,4.0,1.0,0.0,1585.98311199819
2511,2023,F,167,3,23.0,24.0,1.0,0.0,1592.1923517078653
2511,2024,F,167,1,21.0,21.0,1.0,0.0,1742.2939796904707
2512,2023,F,167,2,21.0,21.0,1.0,0.0,1617.9845781942083
2513,2023,F,79,2,4.5,4.5,1.0,0.0,1633.9853112922176
2513,2024,F,79,1,4.0,4.0,1.0,0.0,1901.2430938489251
2514,2023,F,88,3,8.0,9.0,1.0,0.0,1644.851480784149
2515,2023,F,69,3,6.0,6.0,1.0,0.0,1665.747960576325
2515,2024,F,69,1,3.0,3.0,1.0,0.0,1651.020105495056
2516,2023,F,75,2,3.5,3.5,1.0,0.0,1668.3749466073416
2516,2024,F,75,4,6.0,5.0,1.0,0.0,1505.0523128627794
2517,2023,F,88,1,10.0,10.0,1.0,0.0,1674.3453694051063
2518,2023,F,94,2,7.5,7.5,1.0,0.0,1683.659228969619
2518,2024,F,94,1,7.0,7.0,1.0,0.0,1636.113808081501
2518,2025,F,94,1,6.0,6.0,1.0,0.0,1694.6968655377934
2519,2023,F,75,1,4.0,4.0,1.0,0.0,1684.2562712493957
2519,2024,F,75,1,4.0,4.0,1.0,0.0,1693.6955403421307
2520,2023,F,88,1,10.0,10.0,1.0,0.0,1689.271426399518
2520,2024,F,88,1,15.0,15.0,1.0,0.0,1746.7526812374076
2521,2023,F,94,1,9.0,9.0,1.0,0.0,1702.764581922466
2522,2023,F,79,3,4.333333333333333,4.0,1.0,0.0,1708.3767793523646
2522,2024,F,79,1,6.0,6.0,1.0,0.0,1736.3668570614657
2523,2023,F,86,1,9.0,9.0,1.0,0.0,1710.1679061916939
2523,2024,F,86,2,10.5,10.5,1.0,0.0,1781.1578362146481
2524,2023,F,69,3,6.0,6.0,1.0,0.0,1715.3024697977717
2524,2024,F,69,2,4.0,4.0,1.0,0.0,1789.1867231935744
2525,2023,F,63,1,1.0,1.0,0.0,0.0,1727.720949217122
2526,2023,F,86,1,9.0,9.0,1.0,0.0,1756.737204014258
2527,2023,F,69,3,6.0,6.0,1.0,0.0,1792.9179661687112
2527,2024,F,69,2,4.0,4.0,1.0,0.0,1877.55184598535
2527,2025,F,69,1,1.0,1.0,0.0,0.0,1727.5737452334631
2528,2023,F,90,1,5.0,5.0,1.0,0.0,1796.1419944795043
2529,2023,F,86,1,9.0,9.0,1.0,0.0,1805.9334878678383
2530,2023,F,94,2,7.5,7.5,1.0,0.0,1819.6654603026968
2531,2023,F,69,1,6.0,6.0,1.0,0.0,1848.442898187922
2532,2023,F,88,2,9.5,9.5,1.0,0.0,1888.0865055650793
2533,2023,F,94,2,6.0,6.0,1.0,0.0,1931.6705919887606
2534,2023,F,167,3,23.0,24.0,1.0,0.0,1934.0587611078665
2534,2024,F,167,3,20.333333333333332,21.0,1.0,0.0,2093.2722629087466
2535,2023,F,69,2,6.0,6.0,1.0,0.0,2034.3618641103121
2535,2024,F,69,2,4.0,4.0,1.0,0.0,2034.8819842893136
2536,2023,F,69,1,6.0,6.0,1.0,0.0,2183.025391774651
2537,2023,F,88,3,8.0,9.0,1.0,0.0,2448.58979781922
2538,2023,M,88,2,21.5,21.5,1.0,0.0,1523.7219548355467
2539,2024,M,167,3,44.666666666666664,45.0,1.0,0.0,1811.9752118405581
2540,2023,M,167,3,28.333333333333332,38.0,0.6666666666666666,0.0,1589.857161242771
2540,2024,M,167,2,23.5,23.5,1.0,0.0,1598.9164012065453
2540,2025,M,167,2,23.0,23.0,1.0,0.0,1893.6172282249843
2541,2023,M,86,2,24.0,24.0,1.0,0.0,1583.4947626482217
2542,2023,M,79,3,24.0,25.0,1.0,0.0,1596.0955167276506
2542,2024,M,79,3,18.333333333333332,19.0,1.0,0.0,1570.456363454958
2543,2023,M,79,3,24.0,25.0,1.0,0.0,1605.7884044810573
2544,2023,M,86,3,19.666666666666668,18.0,1.0,0.0,1626.305016892435
2545,2023,M,79,3,24.0,25.0,1.0,0.0,1630.0206238645742
2546,2023,M,79,3,24.0,25.0,1.0,0.0,1630.989912639915
2547,2023,M,75,1,19.0,19.0,1.0,0.0,1643.267570460897
2548,2023,M,90,2,11.0,11.0,1.0,0.0,1645.044599882355
2549,2023,M,79,3,24.0,25.0,1.0,0.0,1650.214140017505
2550,2023,M,75,1,19.0,19.0,1.0,0.0,1664.7534716476152
2551,2023,M,69,2,6.5,6.5,1.0,0.0,1675.2541000471394
2552,2023,M,86,1,30.0,30.0,1.0,0.0,1683.6546027667587
2552,2025,M,86,1,15.0,15.0,1.0,0.0,1802.9601274541817
2553,2023,M,88,1,25.0,25.0,1.0,0.0,1690.1165279356965
2553,2024,M,88,2,26.0,26.0,1.0,0.0,1654.3930480428517
2553,2025,M,88,5,21.8,19.0,1.0,0.0,1581.129192906253
2554,2023,M,88,3,20.666666666666668,19.0,1.0,0.0,1694.1552311662829
2554,2024,M,88,1,34.0,34.0,1.0,0.0,1883.3174820592621
2555,2023,M,86,3,19.666666666666668,18.0,1.0,0.0,1703.5250226612425
2555,2024,M,86,1,16.0,16.0,1.0,0.0,1807.3399405200566
2556,2023,M,69,3,6.333333333333333,6.0,1.0,0.0,1727.2725976570891
2557,2023,M,75,2,17.0,17.0,1.0,0.0,1730.5035602415583
2557,2024,M,75,1,21.0,21.0,1.0,0.0,1823.0493343474334
2558,2023,M,79,1,25.0,25.0,1.0,0.0,1732.4421377922395
2559,2023,M,79,2,25.5,25.5,1.0,0.0,1737.9347741858364
2559,2024,M,79,4,17.5,17.0,1.0,0.0,1771.1057854417054
2559,2025,M,79,2,25.5,25.5,1.0,0.0,2261.5412651341685
2560,2023,M,88,2,22.0,22.0,1.0,0.0,1741.4888330287527
2560,2024,M,88,2,25.0,25.0,1.0,0.0,1823.745901622971
2560,2025,M,164,1,31.0,31.0,1.0,0.0,1780.8003349380715
2561,2023,M,75,1,19.0,19.0,1.0,0.0,1745.042891871668
2561,2024,M,75,3,17.666666666666668,19.0,1.0,0.0,1735.4177783616344
2561,2025,M,75,1,14.0,14.0,1.0,0.0,1977.2091905314896
2562,2023,M,86,1,30.0,30.0,1.0,0.0,1747.7892100684667
2563,2023,M,75,2,17.0,17.0,1.0,0.0,1761.682349181683
2563,2024,M,75,3,20.666666666666668,19.0,1.0,0.0,1949.4676212859952
2563,2025,M,75,3,19.333333333333332,16.0,1.0,0.0,1730.5437217611156
2564,2023,M,86,2,24.0,24.0,1.0,0.0,1764.5902155077054
2564,2024,M,86,1,16.0,16.0,1.0,0.0,1865.803809203918
2565,2023,M,69,3,4.333333333333333,6.0,0.6666666666666666,0.3333333333333333,1768.4673706090678
2565,2024,M,69,1,10.0,10.0,1.0,0.0,1849.0640130728127
2566,2023,M,90,3,8.666666666666666,10.0,1.0,0.0,1768.9520149967382
2566,2024,M,90,2,7.5,7.5,1.0,0.0,1791.2606351888335
2566,2025,M,90,2,10.0,10.0,1.0,0.0,1764.8704579994771
2568,2023,M,88,2,21.5,21.5,1.0,0.0,1787.045405469764
2569,2023,M,86,2,24.0,24.0,1.0,0.0,1792.376493734138
2570,2023,M,167,2,41.0,41.0,1.0,0.0,1793.0226862510317
2571,2023,M,94,2,8.5,8.5,1.0,0.0,1793.9919750263725
2572,2023,M,167,3,42.333333333333336,44.0,1.0,0.0,1794.3150712848194
2573,2023,M,94,1,8.0,8.0,1.0,0.0,1797.2229376108414
2574,2023,M,86,1,30.0,30.0,1.0,0.0,1804.4926034258967
2574,2024,M,86,2,16.0,16.0,1.0,0.0,1617.8363661654716
2575,2023,M,79,1,25.0,25.0,1.0,0.0,1805.3003440720138
2575,2024,M,79,2,20.0,20.0,1.0,0.0,1727.8036550905401
2576,2023,M,167,3,42.333333333333336,44.0,1.0,0.0,1806.1080847181308
2577,2023,M,75,1,19.0,19.0,1.0,0.0,1820.1627719605713
2578,2023,M,75,1,19.0,19.0,1.0,0.0,1821.1320607359112
2579,2023,M,75,2,17.0,17.0,1.0,0.0,1821.455156994358
2579,2025,M,75,2,21.0,21.0,1.0,0.0,1674.1765197700117
2580,2023,M,69,3,6.333333333333333,6.0,1.0,0.0,1826.1400527418384
2581,2023,M,86,1,30.0,30.0,1.0,0.0,1828.56327468019
2582,2023,M,75,1,19.0,19.0,1.0,0.0,1833.894362944564
2582,2025,M,75,2,22.0,22.0,1.0,0.0,1703.0414606872844
2583,2023,M,88,1,25.0,25.0,1.0,0.0,1840.5178362427253
2583,2025,M,88,1,30.0,30.0,1.0,0.0,1967.9191407681255
2584,2023,M,167,3,42.333333333333336,44.0,1.0,0.0,1843.1026063103002
2584,2024,M,167,4,41.5,43.5,1.0,0.0,1498.0590938341331
2585,2023,M,88,3,20.666666666666668,19.0,1.0,0.0,1845.2027319902052
2586,2023,M,86,2,20.5,20.5,1.0,0.0,1867.9810182107108
2586,2024,M,86,2,16.0,16.0,1.0,0.0,1978.699555627926
2586,2025,M,86,2,13.5,13.5,1.0,0.0,1971.925519773482
2587,2023,M,63,2,8.5,8.5,1.0,0.0,1889.466919397429
2588,2023,M,75,1,19.0,19.0,1.0,0.0,1889.7900156558758
2588,2024,M,75,1,30.0,30.0,1.0,0.0,2073.707454624149
2589,2023,M,86,2,24.0,24.0,1.0,0.0,1894.4749114033561
2590,2023,M,69,3,6.333333333333333,6.0,1.0,0.0,1895.6057483079205
2590,2024,M,69,2,8.0,8.0,1.0,0.0,1871.696853161073
2591,2023,M,90,2,11.0,11.0,1.0,0.0,1896.0903926955907
2593,2023,M,90,3,8.666666666666666,10.0,1.0,0.0,1902.2292216060814
2594,2023,M,90,1,12.0,12.0,1.0,0.0,1912.2452056179354
2595,2023,M,86,1,30.0,30.0,1.0,0.0,1915.9608125900745
2596,2023,M,88,2,21.5,21.5,1.0,0.0,1928.7231147987268
2596,2025,M,88,2,27.0,27.0,1.0,0.0,2045.715005753174
2597,2023,M,90,1,12.0,12.0,1.0,0.0,1929.2077591863972
2598,2023,M,63,2,8.5,8.5,1.0,0.0,1938.0929062936868
2598,2024,M,63,1,11.0,11.0,1.0,0.0,1890.9470580223208
2598,2025,M,63,2,6.0,6.0,1.0,0.0,2171.7138077172526
2599,2023,M,75,2,17.0,17.0,1.0,0.0,1952.632237923797
2600,2023,M,75,1,19.0,19.0,1.0,0.0,1955.0554598621486
2600,2024,M,75,2,25.5,25.5,1.0,0.0,1960.756065182261
2601,2023,M,86,1,30.0,30.0,1.0,0.0,1957.1555855420531
2602,2023,M,94,2,6.5,6.5,1.0,0.0,1970.4025321383758
2603,2023,M,94,1,8.0,8.0,1.0,0.0,1974.441235368962
2604,2023,M,88,2,22.0,22.0,1.0,0.0,1976.5413610488672
2604,2024,M,88,1,34.0,34.0,1.0,0.0,2243.0697947497324
2605,2023,M,90,2,11.0,11.0,1.0,0.0,1997.0579734602447
2606,2023,M,79,3,24.0,25.0,1.0,0.0,2002.7121579830655
2606,2025,M,79,3,22.666666666666668,21.0,1.0,0.0,2155.888817710574
2607,2023,M,167,3,42.333333333333336,44.0,1.0,0.0,2006.4277649552046
2608,2023,M,167,3,42.333333333333336,44.0,1.0,0.0,2014.3436232871536
2608,2024,M,167,4,41.5,43.5,1.0,0.0,1885.345563042308
2608,2025,M,167,3,42.666666666666664,44.0,1.0,0.0,1922.0001894345205
2609,2023,M,75,1,19.0,19.0,1.0,0.0,2040.6759683505752
2610,2023,M,88,1,25.0,25.0,1.0,0.0,2044.7146715811612
2611,2023,M,167,1,38.0,38.0,1.0,0.0,2055.215299980686
2612,2023,M,79,2,25.5,25.5,1.0,0.0,2055.6999443683553
2613,2023,M,63,1,10.0,10.0,1.0,0.0,2070.077727869242
2613,2024,M,63,1,11.0,11.0,1.0,0.0,2056.054461770563
2614,2023,M,63,1,10.0,10.0,1.0,0.0,2162.32170965583
2614,2024,M,63,1,11.0,11.0,1.0,0.0,2307.3500070980763
2615,2023,M,63,2,8.5,8.5,1.0,0.0,2173.9531749599187
2616,2023,M,69,3,6.333333333333333,6.0,1.0,0.0,2181.222840774973
2616,2024,M,69,1,6.0,6.0,1.0,0.0,2644.1163659584518
2617,2023,M,88,2,21.5,21.5,1.0,0.0,2183.3229664548785
2617,2024,M,88,1,34.0,34.0,1.0,0.0,2213.84539891785
2618,2023,M,90,1,12.0,12.0,1.0,0.0,2279.767199601276
2619,2023,M,86,1,30.0,30.0,1.0,0.0,2284.6136434779796
2620,2023,M,86,1,30.0,30.0,1.0,0.0,2295.9220125236207
2621,2023,M,69,2,6.0,6.0,1.0,0.0,2337.60142986327
2622,2023,M,94,2,8.5,8.5,1.0,0.0,2362.964486151351
2622,2025,M,94,1,8.0,8.0,1.0,0.0,2375.131073981602
2623,2023,M,86,1,30.0,30.0,1.0,0.0,2370.7187963540764
2624,2023,M,86,1,30.0,30.0,1.0,0.0,2405.290096007894
2625,2023,M,79,3,24.0,25.0,1.0,0.0,2425.1605159023775
2626,2023,M,167,1,38.0,38.0,1.0,0.0,2425.6451602900484
2626,2024,M,167,2,39.5,39.5,1.0,0.0,2141.6527915735214
2627,2023,M,84,3,14.0,14.0,1.0,0.0,1556.622412400969
2627,2024,M,84,1,19.0,19.0,1.0,0.0,1628.2289879071936
2627,2025,M,84,2,9.0,9.0,1.0,0.0,1655.9643533952612
2629,2023,M,84,2,14.5,14.5,1.0,0.0,1592.9121615654979
2630,2023,M,84,3,14.0,14.0,1.0,0.0,1596.1094962936502
2631,2023,M,85,2,20.0,20.0,1.0,0.0,1616.5724385538254
2631,2024,M,85,1,25.0,25.0,1.0,0.0,1680.149555123622
2631,2025,M,85,1,28.0,28.0,1.0,0.0,1675.081657476239
2632,2023,M,85,2,20.0,20.0,1.0,0.0,1620.0895067547929
2633,2023,M,84,3,14.0,14.0,1.0,0.0,1622.4875078009072
2634,2023,M,85,1,17.0,17.0,1.0,0.0,1642.6307165882668
2635,2023,M,84,3,14.0,14.0,1.0,0.0,1649.185252780979
2636,2023,M,84,3,14.0,14.0,1.0,0.0,1664.5324594761105
2636,2024,M,84,1,19.0,19.0,1.0,0.0,1835.9112567729069
2636,2025,M,84,2,9.0,9.0,1.0,0.0,1967.6798542244846
2637,2023,M,85,2,20.0,20.0,1.0,0.0,1673.8047301877523
2637,2024,M,85,1,25.0,25.0,1.0,0.0,1883.678178612021
2637,2025,M,85,1,28.0,28.0,1.0,0.0,1867.338874219851
2638,2023,M,85,2,20.0,20.0,1.0,0.0,1700.9820753770473
2639,2023,M,85,2,20.0,20.0,1.0,0.0,1713.6115475532495
2640,2023,M,84,3,14.0,14.0,1.0,0.0,1715.689815126548
2640,2024,M,84,1,19.0,19.0,1.0,0.0,1725.8396542740784
2640,2025,M,84,1,11.0,11.0,1.0,0.0,1735.0328263421616
2641,2023,M,85,2,20.0,20.0,1.0,0.0,1724.8022191017822
2641,2024,M,85,2,14.5,14.5,1.0,0.0,1917.9457529748638
2641,2025,M,85,1,28.0,28.0,1.0,0.0,1989.8408081747546
2642,2023,M,85,2,20.0,20.0,1.0,0.0,1752.1394310274848
2643,2023,M,85,2,20.0,20.0,1.0,0.0,1766.0478370949477
2643,2024,M,85,1,25.0,25.0,1.0,0.0,1962.597440780992
2643,2025,M,85,1,28.0,28.0,1.0,0.0,1935.6220649149154
2644,2023,M,85,2,20.0,20.0,1.0,0.0,1769.4050385595074
2644,2025,M,85,1,28.0,28.0,1.0,0.0,2008.3513715955141
2645,2023,M,84,2,14.5,14.5,1.0,0.0,1788.908780401237
2645,2024,M,84,1,19.0,19.0,1.0,0.0,1889.9086466779922
2645,2025,M,84,2,9.0,9.0,1.0,0.0,2150.1198081544
2646,2023,M,84,1,14.0,14.0,1.0,0.0,1792.4258486022045
2647,2023,M,84,3,14.0,14.0,1.0,0.0,1812.5690573895638
2648,2023,M,85,2,20.0,20.0,1.0,0.0,1817.205192745385
2649,2023,M,85,2,20.0,20.0,1.0,0.0,1820.7222609463524
2650,2023,M,84,1,14.0,14.0,1.0,0.0,1824.0794624109124
2651,2023,M,85,2,20.0,20.0,1.0,0.0,1843.2634707798268
2651,2024,M,85,1,25.0,25.0,1.0,0.0,1840.0649021502213
2652,2023,M,85,2,20.0,20.0,1.0,0.0,1878.4341527895026
2652,2024,M,85,1,25.0,25.0,1.0,0.0,1975.0583769129348
2653,2023,M,85,2,20.0,20.0,1.0,0.0,1891.0636249657043
2653,2024,M,85,1,25.0,25.0,1.0,0.0,2329.1566453289765
2654,2023,M,84,3,14.0,14.0,1.0,0.0,1904.8121642967594
2654,2024,M,84,1,19.0,19.0,1.0,0.0,1988.5577243892062
2655,2023,M,84,2,14.5,14.5,1.0,0.0,1908.6489659705421
2656,2023,M,84,2,14.5,14.5,1.0,0.0,2033.3450203684838
2657,2023,M,85,2,20.0,20.0,1.0,0.0,2142.2142678620708
2657,2024,M,85,1,25.0,25.0,1.0,0.0,2328.1182339846478
2657,2025,M,85,1,28.0,28.0,1.0,0.0,2177.8210005922374
2658,2023,M,85,2,20.0,20.0,1.0,0.0,2172.1093475702955
2659,2023,M,85,2,20.0,20.0,1.0,0.0,2417.504787955988
2660,2023,F,84,3,5.0,5.0,1.0,0.0,1388.764329975681
2660,2024,F,84,1,4.0,4.0,1.0,0.0,1427.1643337963937
2661,2023,F,84,2,4.5,4.5,1.0,0.0,1396.0528685350375
2661,2024,F,84,1,4.0,4.0,1.0,0.0,1407.4521192411949
2662,2023,F,85,2,10.0,10.0,1.0,0.0,1480.1092495022563
2662,2025,F,85,1,14.0,14.0,1.0,0.0,1493.6252131872186
2663,2023,F,84,3,5.0,5.0,1.0,0.0,3726.7855834148436
2664,2023,F,84,2,4.5,4.5,1.0,0.0,1537.3576234480515
2665,2023,F,84,2,4.5,4.5,1.0,0.0,1545.991921578008
2665,2024,F,84,1,4.0,4.0,1.0,0.0,2046.1278708296365
2665,2025,F,84,1,4.0,4.0,1.0,0.0,1538.52273295826
2666,2023,F,85,2,10.0,10.0,1.0,0.0,1558.5205858989937
2667,2023,F,85,2,10.0,10.0,1.0,0.0,1562.6769583781038
2668,2023,F,85,2,10.0,10.0,1.0,0.0,1580.862576646302
2669,2023,F,85,2,10.0,10.0,1.0,0.0,1621.128179373727
2669,2024,F,85,1,13.0,13.0,1.0,0.0,1591.7613253323038
2669,2025,F,85,1,14.0,14.0,1.0,0.0,1669.872215373607
2670,2023,F,85,2,10.0,10.0,1.0,0.0,1642.1720480573592
2670,2024,F,85,1,13.0,13.0,1.0,0.0,2069.782528295875
2670,2025,F,85,1,14.0,14.0,1.0,0.0,1759.8637265827492
2671,2023,F,84,2,5.5,5.5,1.0,0.0,1645.1493922401028
2672,2023,F,85,2,10.0,10.0,1.0,0.0,1656.6776689156861
2673,2023,F,85,2,10.0,10.0,1.0,0.0,1684.6647042334764
2674,2023,F,85,2,10.0,10.0,1.0,0.0,1719.4043561577296
2674,2024,F,85,1,13.0,13.0,1.0,0.0,1796.7683567063714
2674,2025,F,85,1,14.0,14.0,1.0,0.0,1769.0006248687123
2675,2023,F,85,2,10.0,10.0,1.0,0.0,1748.272685353612
2676,2023,F,146,1,31.0,31.0,1.0,0.0,1458.0646945869898
2677,2023,F,146,2,34.5,34.5,1.0,0.0,1521.761718787377
2679,2023,F,162,2,18.0,18.0,1.0,0.0,1660.1036932225932
2680,2023,F,162,1,15.0,15.0,1.0,0.0,1688.9664073133936
2681,2023,F,162,1,15.0,15.0,1.0,0.0,1742.7107714824704
2682,2023,F,146,2,34.5,34.5,1.0,0.0,1856.1710958394103
2683,2023,F,162,1,15.0,15.0,1.0,0.0,2050.247966449965
2683,2024,F,162,1,15.0,15.0,1.0,0.0,2685.611857400315
2684,2023,F,162,2,18.0,18.0,1.0,0.0,2075.1296165282415
2684,2024,F,162,1,15.0,15.0,1.0,0.0,1936.55957199177
2685,2023,F,146,2,34.5,34.5,1.0,0.0,2176.6467488476087
2686,2023,F,146,1,31.0,31.0,1.0,0.0,2446.3638356961237
2687,2023,M,162,1,14.0,14.0,1.0,0.0,1700.10499755158
2687,2024,M,162,1,11.0,11.0,1.0,0.0,1750.391292735367
2688,2023,M,146,2,40.0,40.0,1.0,0.0,1710.0587738838492
2688,2024,M,146,3,38.666666666666664,36.0,1.0,0.0,1582.7642463034013
2689,2023,M,131,1,6.0,6.0,1.0,0.0,1734.9432147145224
2690,2023,M,162,1,14.0,14.0,1.0,0.0,1862.351551767568
2691,2023,M,146,1,38.0,38.0,1.0,0.0,1953.9262940244448
2692,2023,M,162,2,18.0,18.0,1.0,0.0,1982.7922453880255
2693,2023,M,131,1,6.0,6.0,1.0,0.0,2010.6628191183793
2693,2024,M,131,1,4.0,4.0,1.0,0.0,1923.4883915195999
2694,2023,M,162,2,18.0,18.0,1.0,0.0,2037.538015215506
2695,2023,M,146,1,38.0,38.0,1.0,0.0,2067.3993442123137
2696,2023,M,146,1,38.0,38.0,1.0,0.0,2183.8585272998635
2697,2023,M,162,2,18.0,18.0,1.0,0.0,2581.0142029574044
2698,2023,F,130,2,6.5,6.5,1.0,0.0,1376.347628624702
2699,2023,F,132,2,8.5,8.5,1.0,0.0,1402.1579978428063
2699,2024,F,132,2,5.5,5.5,1.0,0.0,1480.1621773443137
2700,2023,F,159,2,10.0,10.0,1.0,0.0,1422.353096129748
2700,2024,F,159,2,9.5,9.5,1.0,0.0,1582.0559528606461
2700,2025,F,159,2,8.5,8.5,1.0,0.0,1566.0703130108081
2702,2023,F,139,1,16.0,16.0,1.0,0.0,1468.428133363144
2702,2024,F,139,1,16.0,16.0,1.0,0.0,1727.7078353578277
2703,2023,F,139,1,16.0,16.0,1.0,0.0,1511.1141309726
2703,2024,F,139,4,12.25,13.0,1.0,0.0,1716.151651606701
2704,2023,F,139,1,16.0,16.0,1.0,0.0,1560.4291298406138
2705,2023,F,132,2,8.5,8.5,1.0,0.0,1644.847025927859
2705,2024,F,132,2,5.5,5.5,1.0,0.0,1658.8771114935455
2705,2025,F,132,1,6.0,6.0,1.0,0.0,1597.4422126016723
2706,2023,F,159,1,8.0,8.0,1.0,0.0,1664.8831076928564
2707,2023,F,164,1,10.0,10.0,1.0,0.0,1704.2893895372083
2708,2023,F,130,1,7.0,7.0,1.0,0.0,1708.3840649772774
2709,2023,F,164,2,11.5,11.5,1.0,0.0,1725.806312662813
2711,2023,F,139,1,16.0,16.0,1.0,0.0,1737.6033508845646
2712,2023,F,159,2,10.0,10.0,1.0,0.0,1745.2162668726537
2712,2024,F,159,1,12.0,12.0,1.0,0.0,1794.7064833764325
2712,2025,F,159,1,11.0,11.0,1.0,0.0,1850.701036737334
2713,2023,F,132,1,9.0,9.0,1.0,0.0,1783.6386339874748
2713,2024,F,132,2,6.5,6.5,1.0,0.0,1771.3031883833237
2714,2023,F,142,1,3.0,3.0,1.0,0.0,1862.6102141981237
2715,2023,F,130,1,7.0,7.0,1.0,0.0,1866.2278400723592
2716,2023,F,139,1,16.0,16.0,1.0,0.0,1923.6328044942954
2718,2023,F,130,1,7.0,7.0,1.0,0.0,2087.41982209705
2719,2023,F,139,1,16.0,16.0,1.0,0.0,2098.590732763646
2720,2023,F,139,1,16.0,16.0,1.0,0.0,2098.9485199380206
2721,2023,F,139,1,16.0,16.0,1.0,0.0,2098.9485199380206
2722,2023,F,130,1,7.0,7.0,1.0,0.0,2102.1686045073957
2722,2024,F,130,2,7.5,7.5,1.0,0.0,2429.2042070753087
2722,2025,F,130,1,8.0,8.0,1.0,0.0,2433.366479241625
2723,2023,M,164,1,22.0,22.0,1.0,0.0,1555.8378606041558
2723,2024,M,164,3,28.0,23.0,1.0,0.0,1488.1336617086974
2723,2025,M,164,1,29.0,29.0,1.0,0.0,1523.1160019453275
2724,2023,M,139,1,31.0,31.0,1.0,0.0,1589.8625828211511
2726,2023,M,139,1,31.0,31.0,1.0,0.0,1667.4898721820543
2726,2024,M,139,1,25.0,25.0,1.0,0.0,1694.7828800413206
2727,2023,M,164,2,24.5,24.5,1.0,0.0,1693.020846146108
2728,2023,M,132,2,14.0,14.0,1.0,0.0,1702.35004504688
2728,2024,M,132,2,15.0,15.0,1.0,0.0,1755.2766324633953
2729,2023,M,159,1,27.0,27.0,1.0,0.0,1724.4596496912475
2730,2023,M,164,2,24.5,24.5,1.0,0.0,1770.1707351368223
2730,2024,M,164,3,28.0,23.0,1.0,0.0,1843.211130588253
2730,2025,M,164,2,25.5,25.5,1.0,0.0,1937.3251078884834
2731,2023,M,139,1,31.0,31.0,1.0,0.0,1772.0803366175774
2731,2024,M,139,2,24.0,24.0,1.0,0.0,1870.5784627529715
2732,2023,M,132,1,17.0,17.0,1.0,0.0,1776.8344486373737
2733,2023,M,142,1,5.0,5.0,1.0,0.0,1778.0577870859827
2734,2023,M,132,1,17.0,17.0,1.0,0.0,1802.086939052151
2735,2023,M,164,2,24.5,24.5,1.0,0.0,1806.4631091122144
2736,2023,M,142,1,5.0,5.0,1.0,0.0,1806.5625675226706
2737,2023,M,132,1,17.0,17.0,1.0,0.0,1807.4576932167743
2738,2023,M,160,2,9.0,9.0,1.0,0.0,1827.7472089497971
2739,2023,M,130,1,9.0,9.0,1.0,0.0,1873.10024411773
2740,2023,M,139,1,31.0,31.0,1.0,0.0,1877.376955767338
2741,2023,M,160,1,10.0,10.0,1.0,0.0,1902.6393920231603
2742,2023,M,164,2,24.5,24.5,1.0,0.0,1912.5852330687596
2743,2023,M,164,2,24.5,24.5,1.0,0.0,1930.9850390031186
2743,2024,M,164,1,23.0,23.0,1.0,0.0,2067.9346137774733
2744,2023,M,160,1,10.0,10.0,1.0,0.0,1942.8205898473818
2745,2023,M,160,3,9.666666666666666,10.0,1.0,0.0,1943.6162571310297
2746,2023,M,159,1,27.0,27.0,1.0,0.0,1944.4119244146777
2747,2023,M,139,1,31.0,31.0,1.0,0.0,1945.0086748774136
2748,2023,M,160,1,10.0,10.0,1.0,0.0,1947.9924271910934
2749,2023,M,164,3,18.333333333333332,22.0,1.0,0.0,1950.0810538106693
2750,2023,M,159,2,24.0,24.0,1.0,0.0,1966.3922331254523
2750,2024,M,159,3,28.0,27.0,1.0,0.0,1914.9272431024299
2751,2023,M,139,1,31.0,31.0,1.0,0.0,1967.1879004091004
2751,2024,M,139,4,16.5,17.5,1.0,0.0,2137.467740151294
2752,2023,M,132,2,14.0,14.0,1.0,0.0,1967.4862756404682
2753,2023,M,164,2,24.5,24.5,1.0,0.0,1970.867861595972
2754,2023,M,132,1,17.0,17.0,1.0,0.0,1998.6167581131945
2754,2024,M,132,1,17.0,17.0,1.0,0.0,1935.9540381918505
2754,2025,M,132,2,14.5,14.5,1.0,0.0,1902.2546214265299
2755,2023,M,132,1,17.0,17.0,1.0,0.0,2037.902830243312
2756,2023,M,139,1,31.0,31.0,1.0,0.0,2041.6822498406395
2758,2023,M,139,1,31.0,31.0,1.0,0.0,2117.1711833767386
2758,2024,M,139,1,25.0,25.0,1.0,0.0,2179.242271422862
2759,2023,M,159,1,27.0,27.0,1.0,0.0,2163.419344238776
2760,2023,M,132,1,17.0,17.0,1.0,0.0,2169.2873904556795
2761,2023,M,139,1,31.0,31.0,1.0,0.0,2356.46811893386
2762,2023,M,159,1,27.0,27.0,1.0,0.0,2388.1953518693217
2763,2023,M,139,1,31.0,31.0,1.0,0.0,2427.5808824098954
2765,2023,M,139,1,31.0,31.0,1.0,0.0,2430.166801081751
2768,2023,M,139,1,31.0,31.0,1.0,0.0,2479.0008806156443
2769,2023,M,139,1,31.0,31.0,1.0,0.0,2791.0019142160963
2770,2023,M,160,3,9.666666666666666,10.0,1.0,0.0,2811.9876388223115
2771,2023,M,139,1,31.0,31.0,1.0,0.0,2828.4977349580063
2772,2023,F,59,2,8.5,8.5,1.0,0.0,1544.3322959475631
2773,2023,F,59,2,8.5,8.5,1.0,0.0,1639.6344306755818
2774,2023,F,61,1,6.0,6.0,1.0,0.0,1655.2528389765203
2774,2024,F,61,1,4.0,4.0,1.0,0.0,1480.9851468375605
2775,2023,F,59,1,10.0,10.0,1.0,0.0,1913.7026782493733
2775,2024,F,59,3,10.0,12.0,1.0,0.0,1765.8392346989563
2776,2023,M,61,1,32.0,32.0,1.0,0.0,1553.0633270045082
2777,2023,M,61,1,32.0,32.0,1.0,0.0,1677.2367546489202
2778,2023,M,61,1,32.0,32.0,1.0,0.0,1680.2216928134494
2779,2023,M,61,2,28.5,28.5,1.0,0.0,1698.3303176782595
2780,2023,M,61,2,28.5,28.5,1.0,0.0,1700.5192723322473
2781,2023,M,61,1,32.0,32.0,1.0,0.0,1710.469066214011
2782,2023,M,59,2,16.0,16.0,1.0,0.0,1713.3545064397226
2783,2023,M,59,1,18.0,18.0,1.0,0.0,1733.552588019703
2783,2024,M,59,4,17.75,18.0,1.0,0.0,1673.4481933128689
2783,2025,M,59,5,16.8,18.0,1.0,0.0,1591.6992933869342
2784,2023,M,61,1,32.0,32.0,1.0,0.0,1747.7807932706253
2784,2024,M,61,2,15.0,15.0,1.0,0.0,1706.3508329573667
2785,2023,M,61,1,32.0,32.0,1.0,0.0,1755.044142804313
2786,2023,M,61,1,32.0,32.0,1.0,0.0,1792.5548657385623
2786,2024,M,61,1,8.0,8.0,1.0,0.0,1855.1590893371178
2786,2025,M,61,2,20.0,20.0,1.0,0.0,1871.34107496627
2787,2023,M,59,1,18.0,18.0,1.0,0.0,2003.5899939707722
2788,2023,M,59,1,18.0,18.0,1.0,0.0,2149.9514619715173
2788,2024,M,59,5,17.8,18.0,1.0,0.0,2016.1341704587417
2788,2025,M,59,4,19.25,19.5,1.0,0.0,2046.3026736795678
2789,2023,F,121,1,5.0,5.0,1.0,0.0,1616.4628077689101
2790,2023,F,121,1,5.0,5.0,1.0,0.0,1725.146815059752
2791,2023,F,121,1,5.0,5.0,1.0,0.0,1802.847408245409
2791,2024,F,121,1,5.0,5.0,1.0,0.0,1667.8554841974353
2792,2023,F,121,1,5.0,5.0,1.0,0.0,1871.2287714072418
2793,2023,F,121,1,5.0,5.0,1.0,0.0,1909.5949521546768
2794,2023,F,121,1,5.0,5.0,1.0,0.0,1939.9732214531193
2795,2023,M,121,1,11.0,11.0,1.0,0.0,1745.4802444981808
2796,2023,M,122,2,7.5,7.5,1.0,0.0,1760.8917761357325
2796,2024,M,122,3,7.666666666666667,8.0,1.0,0.0,1704.758568540373
2797,2023,M,121,1,11.0,11.0,1.0,0.0,1869.26964378045
2797,2024,M,121,1,12.0,12.0,1.0,0.0,1869.0595335208743
2798,2023,M,121,1,11.0,11.0,1.0,0.0,1878.9142797084662
2799,2023,M,121,1,11.0,11.0,1.0,0.0,1881.8971567996052
2800,2023,M,121,1,11.0,11.0,1.0,0.0,1887.465194036398
2800,2024,M,121,1,12.0,12.0,1.0,0.0,1913.3260015032063
2801,2023,M,121,1,11.0,11.0,1.0,0.0,1895.6183914188446
2802,2023,M,121,1,11.0,11.0,1.0,0.0,1947.1227358591782
2803,2023,M,122,1,6.0,6.0,1.0,0.0,1950.30447142306
2803,2024,M,122,3,7.666666666666667,8.0,1.0,0.0,1818.1154455277876
2803,2025,M,122,3,14.666666666666666,14.0,1.0,0.0,1769.5290988747913
2804,2023,M,121,1,11.0,11.0,1.0,0.0,1950.6027591321738
2804,2024,M,121,1,12.0,12.0,1.0,0.0,1890.3241162565
2805,2023,M,121,1,11.0,11.0,1.0,0.0,1969.0965970972359
2806,2023,M,121,1,11.0,11.0,1.0,0.0,2033.7256007385813
2806,2024,M,121,1,12.0,12.0,1.0,0.0,1924.2759710444736
2807,2023,M,121,1,11.0,11.0,1.0,0.0,2151.2509581294585
2808,2023,M,121,1,11.0,11.0,1.0,0.0,2176.1082672222833
2809,2023,F,171,1,8.0,8.0,1.0,0.0,2132.4071152017827
2810,2023,F,171,1,8.0,8.0,1.0,0.0,2132.6490767489518
2811,2023,F,171,1,8.0,8.0,1.0,0.0,2643.550883596627
2812,2023,M,171,1,24.0,24.0,1.0,0.0,1884.0684208659338
2813,2023,M,171,1,24.0,24.0,1.0,0.0,1982.2052618515697
2814,2023,M,171,1,24.0,24.0,1.0,0.0,2067.3300318158313
2814,2024,M,171,1,21.0,21.0,1.0,0.0,2036.6468199090812
2815,2023,M,171,1,24.0,24.0,1.0,0.0,2197.4507420295795
2816,2023,M,171,1,24.0,24.0,1.0,0.0,2248.505738250851
2816,2025,M,171,2,19.0,19.0,1.0,0.0,1998.5035516792204
2817,2023,M,171,1,24.0,24.0,1.0,0.0,2270.755386409538
2817,2024,M,171,1,21.0,21.0,1.0,0.0,1971.3548555374302
2818,2023,M,171,1,24.0,24.0,1.0,0.0,2310.288243405776
2819,2023,M,171,1,24.0,24.0,1.0,0.0,3186.4674684404868
2820,2023,F,150,1,4.0,4.0,1.0,0.0,1847.622630850399
2820,2025,F,150,2,4.0,4.0,1.0,0.0,1764.2759412219739
2821,2023,M,150,1,10.0,10.0,1.0,0.0,2016.6260168680237
2822,2023,M,150,2,14.0,14.0,1.0,0.0,2071.0192333979453
2822,2025,M,150,2,11.5,11.5,1.0,0.0,1767.2686310133329
2823,2023,M,150,2,14.0,14.0,1.0,0.0,2191.6389256297457
2824,2023,F,124,2,33.0,33.0,1.0,0.0,1416.09516616119
2825,2023,F,124,2,33.0,33.0,1.0,0.0,1524.1837817103228
2826,2023,F,124,1,34.0,34.0,1.0,0.0,1533.5451611149924
2826,2024,F,124,2,26.0,26.0,1.0,0.0,1592.9082685953447
2826,2025,F,124,1,22.0,22.0,1.0,0.0,1559.32824485403
2827,2023,F,112,1,14.0,14.0,1.0,0.0,1545.284191611815
2828,2023,F,124,1,34.0,34.0,1.0,0.0,1571.2294386759788
2829,2023,F,124,1,34.0,34.0,1.0,0.0,1582.9485725109423
2830,2023,F,107,2,8.5,8.5,1.0,0.0,1585.3461202649542
2831,2023,F,119,1,1.0,1.0,0.0,0.0,1600.1492366880661
2832,2023,F,104,2,2.0,2.0,0.0,0.0,1612.7239269829674
2832,2024,F,104,1,3.0,3.0,1.0,0.0,1694.454712152231
2832,2025,F,104,1,5.0,5.0,1.0,0.0,1548.954145440707
2833,2023,F,112,2,9.5,9.5,1.0,0.0,1632.4514672161872
2834,2023,F,124,1,34.0,34.0,1.0,0.0,1660.3764321353235
2834,2025,F,124,2,36.5,36.5,1.0,0.0,1773.1468668725147
2835,2023,F,112,1,14.0,14.0,1.0,0.0,1687.3264606233677
2836,2023,F,107,2,8.5,8.5,1.0,0.0,1690.7486864631194
2836,2025,F,107,2,7.5,7.5,1.0,0.0,1706.0397336390752
2837,2023,F,124,2,33.0,33.0,1.0,0.0,1698.4884879262786
2838,2023,F,124,2,33.0,33.0,1.0,0.0,1716.634243541706
2838,2024,F,124,2,18.0,18.0,1.0,0.0,1784.195089725181
2838,2025,F,124,2,36.5,36.5,1.0,0.0,1689.2558353659535
2839,2023,F,124,1,34.0,34.0,1.0,0.0,1721.309959078576
2840,2023,F,112,1,14.0,14.0,1.0,0.0,1733.7354244095347
2840,2024,F,112,1,23.0,23.0,1.0,0.0,1646.9789900962987
2841,2023,F,107,2,8.5,8.5,1.0,0.0,1745.2058499712605
2841,2025,F,107,2,6.5,6.5,1.0,0.0,1939.9097411507928
2842,2023,F,124,2,33.0,33.0,1.0,0.0,1746.0614064311985
2842,2024,F,124,2,18.0,18.0,1.0,0.0,1820.0306033079196
2843,2023,F,107,1,10.0,10.0,1.0,0.0,1775.0110494360745
2844,2023,F,107,1,10.0,10.0,1.0,0.0,1778.821260182077
2845,2023,F,112,1,14.0,14.0,1.0,0.0,1847.7432968617265
2846,2023,F,124,1,34.0,34.0,1.0,0.0,1851.394334312857
2847,2023,F,124,1,34.0,34.0,1.0,0.0,1852.3792190748786
2848,2023,F,119,1,1.0,1.0,0.0,0.0,2048.4011317099557
2849,2023,F,112,1,14.0,14.0,1.0,0.0,2086.801689097867
2850,2023,F,124,2,33.0,33.0,1.0,0.0,2180.6343464250112
2851,2023,M,112,2,24.0,24.0,1.0,0.0,1531.2754951326956
2852,2023,M,124,2,33.5,33.5,1.0,0.0,1573.4613117037143
2853,2023,M,124,2,33.5,33.5,1.0,0.0,1584.246553487437
2853,2024,M,124,4,32.0,29.0,1.0,0.0,1699.4724941466804
2854,2023,M,107,2,5.5,5.5,1.0,0.0,1585.4106432371561
2855,2023,M,124,2,33.5,33.5,1.0,0.0,1589.7685176848227
2855,2024,M,124,4,32.0,29.0,1.0,0.0,1506.3643476327786
2855,2025,M,124,2,37.5,37.5,1.0,0.0,1547.3819981550832
2857,2023,M,107,2,5.5,5.5,1.0,0.0,1603.9465338672994
2857,2024,M,107,1,8.0,8.0,1.0,0.0,1630.9173974262326
2857,2025,M,107,1,12.0,12.0,1.0,0.0,1660.129682020398
2858,2023,M,124,1,37.0,37.0,1.0,0.0,1614.0552106682794
2859,2023,M,124,2,33.5,33.5,1.0,0.0,1647.346187613239
2859,2024,M,124,2,27.5,27.5,1.0,0.0,1629.4223775440262
2860,2023,M,124,2,33.5,33.5,1.0,0.0,1651.6145166955425
2860,2025,M,124,3,32.666666666666664,31.0,1.0,0.0,1524.0284167481032
2861,2023,M,124,1,37.0,37.0,1.0,0.0,1702.924011048548
2861,2024,M,124,3,32.666666666666664,28.0,1.0,0.0,1619.9455835266517
2861,2025,M,124,1,31.0,31.0,1.0,0.0,1680.9817772039116
2862,2023,M,112,1,32.0,32.0,1.0,0.0,1703.5707275761697
2863,2023,M,124,2,33.5,33.5,1.0,0.0,1716.7040478294116
2864,2023,M,119,1,8.0,8.0,1.0,0.0,1731.6083764198327
2865,2023,M,112,1,32.0,32.0,1.0,0.0,1741.458366609764
2865,2024,M,112,1,28.0,28.0,1.0,0.0,1688.7861441876837
2866,2023,M,112,1,32.0,32.0,1.0,0.0,1763.5462233993067
2867,2023,M,124,1,37.0,37.0,1.0,0.0,1765.9838472341887
2867,2025,M,124,1,35.0,35.0,1.0,0.0,1835.9481003883839
2868,2023,M,119,2,8.0,8.0,1.0,0.0,1769.5756113337495
2869,2023,M,124,2,33.5,33.5,1.0,0.0,1770.878993874033
2871,2023,M,124,2,33.5,33.5,1.0,0.0,1799.742449976044
2871,2024,M,124,2,35.0,35.0,1.0,0.0,1584.2235775385384
2871,2025,M,124,4,33.25,33.0,1.0,0.0,1583.165174611851
2872,2023,M,112,1,32.0,32.0,1.0,0.0,1800.4986108391095
2872,2024,M,112,1,32.0,32.0,1.0,0.0,1703.2704878407008
2872,2025,M,112,2,39.0,39.0,1.0,0.0,1663.3050468940692
2873,2023,M,112,1,32.0,32.0,1.0,0.0,1826.357322458939
2874,2023,M,124,2,33.5,33.5,1.0,0.0,1844.345991411864
2874,2024,M,124,3,33.666666666666664,30.0,1.0,0.0,2001.0690212769364
2875,2023,M,104,2,7.0,7.0,1.0,0.0,1955.0141135155056
2876,2023,M,107,2,5.5,5.5,1.0,0.0,1998.1053332251947
2876,2024,M,107,3,7.0,7.0,1.0,0.0,1799.8937430959288
2876,2025,M,107,3,12.666666666666666,12.0,1.0,0.0,1766.5163601811853
2877,2023,M,112,1,32.0,32.0,1.0,0.0,2042.4004406247643
2877,2024,M,112,3,25.333333333333332,28.0,1.0,0.0,2300.77134002232
2877,2025,M,112,3,37.333333333333336,35.0,1.0,0.0,2210.6377688711987
2878,2023,M,119,1,8.0,8.0,1.0,0.0,2080.427372448923
2879,2023,M,112,1,32.0,32.0,1.0,0.0,2097.311648562371
2880,2023,M,119,2,8.0,8.0,1.0,0.0,2141.4873621414567
2880,2024,M,119,1,4.0,4.0,1.0,0.0,2279.1371832108166
2880,2025,M,119,3,2.3333333333333335,3.0,0.6666666666666666,0.0,2358.613079777158
2881,2023,M,112,1,32.0,32.0,1.0,0.0,2165.5452169689856
2882,2023,M,119,2,8.0,8.0,1.0,0.0,2169.863293476491
2882,2024,M,119,1,4.0,4.0,1.0,0.0,2549.4439852107225
2882,2025,M,119,3,2.3333333333333335,3.0,0.6666666666666666,0.0,2325.577640486396
2883,2023,M,124,1,37.0,37.0,1.0,0.0,2180.927120841343
2883,2024,M,124,3,33.333333333333336,30.0,1.0,0.0,2132.2194836243307
2884,2023,M,119,1,8.0,8.0,1.0,0.0,2182.8473714541274
2885,2023,M,112,2,24.0,24.0,1.0,0.0,2224.1277848864756
2886,2023,M,112,1,32.0,32.0,1.0,0.0,2279.4270227406555
2886,2024,M,112,1,32.0,32.0,1.0,0.0,1987.3806129405286
2887,2023,M,119,1,8.0,8.0,1.0,0.0,2313.9915337707776
2887,2024,M,119,1,4.0,4.0,1.0,0.0,2902.2728123619595
2888,2023,M,124,1,37.0,37.0,1.0,0.0,2372.6238491134695
2889,2023,M,119,1,8.0,8.0,1.0,0.0,2461.432952583496
2890,2023,M,115,1,1.0,1.0,0.0,0.0,2554.838718142157
2891,2023,F,158,2,14.0,14.0,1.0,0.0,1644.6524161994214
2892,2023,F,158,2,14.0,14.0,1.0,0.0,1730.7504596078936
2893,2023,F,158,1,13.0,13.0,1.0,0.0,1881.8715033167314
2894,2023,F,158,1,13.0,13.0,1.0,0.0,1956.8826757062473
2894,2024,F,158,4,18.25,18.0,1.0,0.0,1759.3721810571953
2895,2023,M,158,2,23.0,23.0,1.0,0.0,1699.4497031724977
2895,2024,M,158,1,18.0,18.0,1.0,0.0,1755.5219430631673
2896,2023,M,158,2,23.0,23.0,1.0,0.0,1813.4189115491179
2896,2024,M,158,2,20.0,20.0,1.0,0.0,1674.9809384577036
2896,2025,M,158,3,29.333333333333332,29.0,1.0,0.0,1625.208651115417
2897,2023,M,158,1,23.0,23.0,1.0,0.0,1897.6222793506001
2897,2024,M,158,2,20.0,20.0,1.0,0.0,1788.6786604481038
2897,2025,M,158,1,30.0,30.0,1.0,0.0,1733.4844925365912
2898,2023,M,158,1,23.0,23.0,1.0,0.0,1899.8197575138652
2899,2023,M,158,2,23.0,23.0,1.0,0.0,1917.9988950463323
2899,2024,M,158,4,17.25,19.0,1.0,0.0,1786.6926740377912
2899,2025,M,158,3,29.333333333333332,29.0,1.0,0.0,1775.672373474867
2900,2023,M,158,2,23.0,23.0,1.0,0.0,2001.1035237661818
2900,2024,M,158,4,17.25,19.0,1.0,0.0,1958.9769951324151
2900,2025,M,158,3,29.333333333333332,29.0,1.0,0.0,1881.482534306314
2901,2023,M,158,1,23.0,23.0,1.0,0.0,2061.6340586270335
2902,2023,M,158,1,23.0,23.0,1.0,0.0,2155.2266513079217
2903,2023,M,158,1,23.0,23.0,1.0,0.0,2198.2772462337093
2904,2023,M,158,1,23.0,23.0,1.0,0.0,2244.723943775452
2905,2023,M,60,4,4.0,4.5,0.75,0.0,1769.3380182819822
2905,2024,M,60,3,5.666666666666667,7.0,1.0,0.0,1748.884838757745
2906,2023,M,60,2,3.5,3.5,0.5,0.0,1908.0455647882245
2907,2023,M,202,1,12.0,12.0,1.0,0.0,1675.3407941645248
2907,2025,M,202,1,10.0,10.0,1.0,0.0,1635.2365771837005
2908,2023,M,202,1,12.0,12.0,1.0,0.0,1702.8560610011452
2908,2024,M,202,1,3.0,3.0,1.0,0.0,1755.927314470739
2909,2023,M,202,1,12.0,12.0,1.0,0.0,1741.8360223530246
2910,2023,M,202,1,12.0,12.0,1.0,0.0,1773.3390090210394
2911,2023,M,202,1,12.0,12.0,1.0,0.0,1774.8344039578121
2912,2023,M,202,1,12.0,12.0,1.0,0.0,1820.0950240441375
2913,2023,M,202,1,12.0,12.0,1.0,0.0,1838.3388422727662
2914,2023,M,202,1,12.0,12.0,1.0,0.0,1842.9247200788695
2915,2023,M,202,1,12.0,12.0,1.0,0.0,1954.6805683536948
2916,2023,M,202,1,12.0,12.0,1.0,0.0,1989.373730886825
2917,2023,M,202,1,12.0,12.0,1.0,0.0,2001.137504389438
2917,2025,M,202,2,8.5,8.5,1.0,0.0,1826.951228742718
2918,2023,M,202,1,12.0,12.0,1.0,0.0,2030.7463241375406
2919,2023,M,202,1,12.0,12.0,1.0,0.0,2030.8460171333254
2920,2023,F,11,1,6.0,6.0,1.0,0.0,1323.2608003995401
2921,2023,F,4,2,17.0,17.0,1.0,0.0,1397.0895244713258
2922,2023,F,4,2,17.0,17.0,1.0,0.0,1431.4238504509462
2922,2024,F,4,1,8.0,8.0,1.0,0.0,1504.120246333881
2923,2023,F,11,1,6.0,6.0,1.0,0.0,1444.7209593563487
2924,2023,F,11,2,5.5,5.5,1.0,0.0,1475.8798563436342
2924,2024,F,11,2,8.5,8.5,1.0,0.0,1438.020550963718
2924,2025,F,11,2,5.5,5.5,1.0,0.0,1353.173657979895
2925,2023,F,4,2,17.0,17.0,1.0,0.0,1482.5284107963353
2925,2024,F,4,4,7.25,8.5,0.75,0.0,1484.774964063999
2925,2025,F,4,2,2.0,2.0,0.5,0.5,1427.3597249627048
2926,2023,F,11,1,6.0,6.0,1.0,0.0,1488.0854115329212
2926,2024,F,11,2,8.5,8.5,1.0,0.0,1518.8418558680069
2927,2023,F,4,2,17.0,17.0,1.0,0.0,1502.275609842418
2928,2023,F,4,2,17.0,17.0,1.0,0.0,1508.3287713590562
2928,2024,F,4,3,9.0,9.0,1.0,0.0,1444.4150096836884
2928,2025,F,4,3,7.666666666666667,5.0,1.0,0.0,1378.9117959809837
2929,2023,F,4,2,17.0,17.0,1.0,0.0,1520.0381657682908
2929,2024,F,4,2,5.0,5.0,0.5,0.0,1517.6717638630362
2930,2023,F,4,2,17.0,17.0,1.0,0.0,1531.0529350854524
2931,2023,F,11,2,5.5,5.5,1.0,0.0,1536.510703666028
2931,2024,F,11,2,8.5,8.5,1.0,0.0,1692.6575511066135
2932,2023,F,4,2,17.0,17.0,1.0,0.0,1554.8686525279638
2932,2024,F,4,2,9.0,9.0,1.0,0.0,1649.8481594734953
2933,2023,F,11,2,5.5,5.5,1.0,0.0,1566.3795826251776
2933,2024,F,11,1,8.0,8.0,1.0,0.0,1576.0305488831584
2934,2023,F,4,3,12.0,17.0,0.6666666666666666,0.0,1567.262153950528
2934,2024,F,4,4,7.25,8.5,0.75,0.0,1625.200109474814
2935,2023,F,4,2,17.0,17.0,1.0,0.0,1601.6069980088923
2936,2023,F,4,2,17.0,17.0,1.0,0.0,1637.8267349527118
2937,2023,F,4,1,17.0,17.0,1.0,0.0,1649.833825829978
2938,2023,F,4,2,17.0,17.0,1.0,0.0,1658.566255558899
2939,2023,F,4,2,17.0,17.0,1.0,0.0,1667.0009888197883
2940,2023,F,4,2,17.0,17.0,1.0,0.0,1689.1297596101217
2940,2024,F,4,2,9.5,9.5,1.0,0.0,1761.7048881359563
2940,2025,F,4,2,9.5,9.5,1.0,0.0,1687.491797696846
2941,2023,F,11,1,6.0,6.0,1.0,0.0,1740.3335521115212
2942,2023,F,4,2,17.0,17.0,1.0,0.0,1947.7287581733915
2942,2025,F,4,1,14.0,14.0,1.0,0.0,2296.6717934942326
2943,2023,F,4,2,17.0,17.0,1.0,0.0,2046.0678247797616
2944,2023,M,4,2,39.0,39.0,1.0,0.0,1491.0806653358163
2944,2024,M,4,1,30.0,30.0,1.0,0.0,1577.4190812834383
2944,2025,M,4,2,16.0,16.0,1.0,0.0,1595.305254884099
2945,2023,M,4,2,39.0,39.0,1.0,0.0,1511.9794799737742
2945,2024,M,4,3,32.333333333333336,30.0,1.0,0.0,1520.1754693352382
2945,2025,M,4,3,18.0,21.0,1.0,0.0,1507.1920605368728
2946,2023,M,4,2,39.0,39.0,1.0,0.0,1536.4609485496676
2946,2024,M,4,4,25.75,27.5,1.0,0.0,1492.8007744086274
2946,2025,M,4,3,18.0,21.0,1.0,0.0,1500.5489536323291
2947,2023,M,11,2,17.5,17.5,1.0,0.0,1552.3838549404925
2947,2024,M,11,2,17.5,17.5,1.0,0.0,1545.0581924173157
2948,2023,M,11,1,19.0,19.0,1.0,0.0,1565.5202527129231
2949,2023,M,11,2,17.5,17.5,1.0,0.0,1567.212061516948
2949,2024,M,11,2,17.5,17.5,1.0,0.0,1798.4472030205586
2950,2023,M,11,1,19.0,19.0,1.0,0.0,1572.5860424238517
2950,2025,M,11,2,11.0,11.0,1.0,0.0,1686.3576452609127
2951,2023,M,4,2,39.0,39.0,1.0,0.0,1575.372551042246
2952,2023,M,4,2,39.0,39.0,1.0,0.0,1579.8508684646656
2952,2024,M,4,3,32.333333333333336,30.0,1.0,0.0,1579.4221304978307
2953,2023,M,11,2,17.5,17.5,1.0,0.0,1586.4190673508808
2953,2024,M,11,2,17.5,17.5,1.0,0.0,1573.2668341803942
2954,2023,M,4,2,39.0,39.0,1.0,0.0,1594.2810023813508
2954,2024,M,4,1,30.0,30.0,1.0,0.0,1702.5810422210275
2955,2023,M,11,2,17.5,17.5,1.0,0.0,1605.3275186899855
2956,2023,M,4,2,39.0,39.0,1.0,0.0,1615.7769260089644
2957,2023,M,4,1,41.0,41.0,1.0,0.0,1637.8699586262342
2959,2023,M,4,2,39.0,39.0,1.0,0.0,1652.399610707862
2959,2024,M,4,3,26.0,30.0,1.0,0.0,1608.6707312664792
2959,2025,M,4,1,21.0,21.0,1.0,0.0,1599.2659678770774
2960,2023,M,11,1,19.0,19.0,1.0,0.0,1668.222998933744
2961,2023,M,11,2,17.5,17.5,1.0,0.0,1671.4075802119091
2962,2023,M,11,2,17.5,17.5,1.0,0.0,1673.796016170533
2962,2024,M,11,2,17.5,17.5,1.0,0.0,1661.3418165826226
2963,2023,M,4,2,39.0,39.0,1.0,0.0,1674.094570665361
2963,2024,M,4,1,42.0,42.0,1.0,0.0,1660.5429505290876
2964,2023,M,11,2,17.5,17.5,1.0,0.0,1675.786379469386
2965,2023,M,4,2,39.0,39.0,1.0,0.0,1679.2695152423792
2965,2024,M,4,2,36.0,36.0,1.0,0.0,1760.3013489642647
2965,2025,M,4,2,23.0,23.0,1.0,0.0,1593.254997747978
2966,2023,M,11,1,19.0,19.0,1.0,0.0,1679.6675879021495
2966,2024,M,11,1,17.0,17.0,1.0,0.0,1671.1279257384258
2966,2025,M,11,1,11.0,11.0,1.0,0.0,1570.2520007053784
2967,2023,M,11,2,17.5,17.5,1.0,0.0,1692.1073585199815
2967,2024,M,11,2,17.5,17.5,1.0,0.0,1701.8842687995214
2967,2025,M,11,1,11.0,11.0,1.0,0.0,1851.8404127785786
2968,2023,M,4,2,39.0,39.0,1.0,0.0,1696.7847122722865
2968,2024,M,4,2,33.5,33.5,1.0,0.0,1729.6896522914033
2969,2023,M,11,2,17.5,17.5,1.0,0.0,1698.8745937360823
2970,2023,M,4,2,39.0,39.0,1.0,0.0,1709.9211100447174
2970,2024,M,4,3,27.333333333333332,30.0,1.0,0.0,1702.550358312754
2971,2023,M,4,2,39.0,39.0,1.0,0.0,1723.853653136689
2971,2024,M,4,2,24.0,24.0,1.0,0.0,1823.966364288279
2971,2025,M,4,2,18.0,18.0,1.0,0.0,1723.5389079560887
2972,2023,M,11,2,17.5,17.5,1.0,0.0,1737.5871598987756
2972,2024,M,11,2,17.5,17.5,1.0,0.0,1726.0499669189535
2973,2023,M,11,2,17.5,17.5,1.0,0.0,1743.5582497953349
2973,2024,M,11,2,17.5,17.5,1.0,0.0,1850.4733547570222
2974,2023,M,4,1,41.0,41.0,1.0,0.0,1744.752467774647
2975,2023,M,11,1,19.0,19.0,1.0,0.0,1762.6657374643248
2975,2024,M,11,1,18.0,18.0,1.0,0.0,1877.927273892542
2976,2023,M,4,2,39.0,39.0,1.0,0.0,1774.4088809275584
2977,2023,M,4,2,39.0,39.0,1.0,0.0,1804.4633667402404
2977,2024,M,4,1,25.0,25.0,1.0,0.0,1802.037060311731
2978,2023,M,4,1,41.0,41.0,1.0,0.0,1819.8886823063522
2979,2023,M,4,2,39.0,39.0,1.0,0.0,1821.2819366155493
2980,2023,M,11,1,19.0,19.0,1.0,0.0,1830.4376077902737
2981,2023,M,4,2,39.0,39.0,1.0,0.0,1841.2850877690232
2982,2023,M,11,2,17.5,17.5,1.0,0.0,1848.3508774799516
2982,2024,M,11,1,18.0,18.0,1.0,0.0,1868.7666530442855
2982,2025,M,11,1,11.0,11.0,1.0,0.0,1770.9641934137205
2983,2023,M,4,1,41.0,41.0,1.0,0.0,1853.2272675621418
2984,2023,M,4,1,41.0,41.0,1.0,0.0,1864.0747475408914
2985,2023,M,4,2,39.0,39.0,1.0,0.0,1871.0410190868774
2985,2024,M,4,1,10.0,10.0,1.0,0.0,2170.9380029603017
2986,2023,M,4,2,39.0,39.0,1.0,0.0,1882.5851262202257
2987,2023,M,11,2,17.5,17.5,1.0,0.0,2003.3006602956673
2987,2025,M,11,2,11.0,11.0,1.0,0.0,1914.8012020977626
2988,2023,M,4,2,39.0,39.0,1.0,0.0,2013.2524767899329
2989,2023,M,11,2,17.5,17.5,1.0,0.0,2029.3744195106433
2990,2023,M,4,2,39.0,39.0,1.0,0.0,2148.4976629470025
2990,2024,M,4,1,42.0,42.0,1.0,0.0,2275.170520467541
2991,2023,M,4,2,39.0,39.0,1.0,0.0,2253.8873996212756
2991,2024,M,4,2,33.5,33.5,1.0,0.0,2381.793992150303
2992,2023,F,58,1,2.0,2.0,0.0,0.0,1691.5389853162499
2993,2023,F,49,1,0.0,0.0,0.0,1.0,1877.8603555548896
2994,2023,M,49,2,12.5,12.5,1.0,0.0,1800.2353195971998
2994,2024,M,49,3,7.0,7.0,1.0,0.0,1638.9502741704564
2994,2025,M,49,2,11.0,11.0,1.0,0.0,1659.3653256257958
2995,2023,M,49,2,12.5,12.5,1.0,0.0,1903.5699828553807
2995,2024,M,49,1,8.0,8.0,1.0,0.0,1810.9924363116063
2995,2025,M,49,1,13.0,13.0,1.0,0.0,1910.4806431888005
2996,2023,F,167,2,25.5,25.5,1.0,0.0,1471.0854029850013
2997,2023,F,167,1,27.0,27.0,1.0,0.0,1680.3103838561333
2998,2023,F,69,1,6.0,6.0,1.0,0.0,1683.3683633030944
2999,2023,F,142,2,2.0,2.0,0.5,0.5,1748.473732173885
3000,2023,F,167,2,25.5,25.5,1.0,0.0,1752.8140900986048
3000,2024,F,167,4,19.25,19.5,1.0,0.0,1493.5194201820561
3000,2025,F,167,4,18.0,18.0,1.0,0.0,1454.278486424336
3001,2023,F,86,1,9.0,9.0,1.0,0.0,1767.8080538385443
3002,2023,F,164,2,8.5,8.5,1.0,0.0,1784.5776185476873
3002,2024,F,164,3,23.333333333333332,20.0,1.0,0.0,1489.0246937621428
3002,2025,F,164,2,26.0,26.0,1.0,0.0,1554.63151271577
3003,2023,F,69,2,6.0,6.0,1.0,0.0,1818.7086149557078
3003,2024,F,69,1,5.0,5.0,1.0,0.0,2064.8714931770432
3004,2023,F,160,1,1.0,1.0,0.0,0.0,1836.4646246477419
3004,2024,F,160,1,1.0,1.0,0.0,0.0,1801.7013142778496
3005,2023,F,86,1,9.0,9.0,1.0,0.0,1938.561680376936
3006,2023,F,69,2,6.0,6.0,1.0,0.0,2006.0345172066643
3007,2023,F,167,1,27.0,27.0,1.0,0.0,2036.7129561745671
3008,2023,F,167,2,25.5,25.5,1.0,0.0,2175.7030542638763
3008,2024,F,167,2,21.5,21.5,1.0,0.0,2075.684203004738
3009,2023,M,167,1,44.0,44.0,1.0,0.0,1735.078781132916
3010,2023,M,167,1,44.0,44.0,1.0,0.0,1760.6222020567734
3011,2023,M,167,2,44.5,44.5,1.0,0.0,1822.9520940408584
3011,2024,M,167,3,44.666666666666664,45.0,1.0,0.0,1816.0621544804433
3011,2025,M,167,1,43.0,43.0,1.0,0.0,1888.2025959600041
3012,2023,M,86,1,18.0,18.0,1.0,0.0,1930.254186570422
3012,2024,M,86,3,16.0,16.0,1.0,0.0,1835.563877126059
3012,2025,M,86,4,13.0,13.0,1.0,0.0,1786.9606565932213
3013,2023,M,142,1,2.0,2.0,0.0,0.0,1955.008621519797
3014,2023,M,167,2,44.5,44.5,1.0,0.0,1978.5795775074496
3015,2023,M,167,2,44.5,44.5,1.0,0.0,2012.505974410179
3015,2024,M,167,2,44.5,44.5,1.0,0.0,1713.4020476928495
3015,2025,M,167,1,44.0,44.0,1.0,0.0,2158.8423640832666
3016,2023,M,86,2,14.5,14.5,1.0,0.0,2050.57454767894
3017,2023,M,69,2,6.5,6.5,1.0,0.0,2061.8175978153095
3018,2023,M,167,1,44.0,44.0,1.0,0.0,2064.4804254791866
3019,2023,M,138,1,4.0,4.0,1.0,0.0,2097.8150829010547
3020,2023,M,160,1,8.0,8.0,1.0,0.0,2188.6470932133043
3021,2023,M,69,2,6.5,6.5,1.0,0.0,2315.3779653644897
3022,2023,M,167,1,44.0,44.0,1.0,0.0,2363.407486561087
3023,2023,M,167,1,44.0,44.0,1.0,0.0,2435.6983264730075
3024,2023,M,138,2,5.5,5.5,1.0,0.0,2573.869495254183
3024,2024,M,138,1,13.0,13.0,1.0,0.0,2557.8422436196183
3025,2023,M,138,1,4.0,4.0,1.0,0.0,2574.165364994614
3026,2023,M,160,1,8.0,8.0,1.0,0.0,2602.864729816399
3027,2023,F,188,1,11.0,11.0,1.0,0.0,1479.5598402112382
3028,2023,F,172,2,11.5,11.5,1.0,0.0,1553.4379968749574
3028,2024,F,172,4,14.75,14.5,1.0,0.0,1500.8502555263697
3029,2023,F,209,1,7.0,7.0,1.0,0.0,1580.3935405225304
3030,2023,F,196,2,4.0,4.0,1.0,0.0,1593.3721356121027
3031,2023,F,209,1,7.0,7.0,1.0,0.0,1656.2684041231068
3032,2023,F,178,2,8.5,8.5,1.0,0.0,1658.265111059964
3032,2024,F,178,1,16.0,16.0,1.0,0.0,1495.217385493983
3032,2025,F,178,2,18.5,18.5,1.0,0.0,1496.2123456920579
3033,2023,F,178,2,8.5,8.5,1.0,0.0,1673.2404130863936
3033,2024,F,178,2,14.0,14.0,1.0,0.0,1572.9989312603407
3034,2023,F,209,1,7.0,7.0,1.0,0.0,1686.2190081759659
3035,2023,F,203,2,15.0,15.0,1.0,0.0,1689.2140685812517
3035,2024,F,203,2,23.0,23.0,1.0,0.0,1570.3722560502029
3036,2023,F,203,2,15.0,15.0,1.0,0.0,1695.2041893918235
3036,2024,F,203,3,20.0,22.0,1.0,0.0,1846.1332036818023
3036,2025,F,203,4,15.75,17.0,1.0,0.0,1627.8546126823667
3038,2023,F,180,2,3.0,3.0,0.5,0.0,1728.1498538499686
3039,2023,F,209,1,7.0,7.0,1.0,0.0,1741.128448939541
3039,2024,F,209,1,6.0,6.0,1.0,0.0,1751.941459947442
3040,2023,F,178,1,6.0,6.0,1.0,0.0,1752.1103370922558
3040,2024,F,178,2,14.0,14.0,1.0,0.0,1608.9034840376976
3041,2023,F,188,2,15.5,15.5,1.0,0.0,1764.0905787133995
3042,2023,F,209,1,7.0,7.0,1.0,0.0,1788.0510619556867
3042,2025,F,209,1,10.0,10.0,1.0,0.0,1550.9412768274226
3043,2023,F,188,1,11.0,11.0,1.0,0.0,1792.0444758294013
3044,2023,F,209,1,7.0,7.0,1.0,0.0,1806.0214243874022
3045,2023,F,209,1,7.0,7.0,1.0,0.0,1852.944037403548
3046,2023,F,209,1,7.0,7.0,1.0,0.0,1860.930865150977
3046,2024,F,209,2,5.5,5.5,1.0,0.0,1736.8015933191527
3047,2023,F,188,1,11.0,11.0,1.0,0.0,1864.9242790246917
3047,2025,F,188,5,15.8,17.0,1.0,0.0,1790.600905167815
3048,2023,F,172,1,11.0,11.0,1.0,0.0,1869.916046366835
3048,2024,F,172,1,24.0,24.0,1.0,0.0,1760.3540108365846
3048,2025,F,172,2,11.5,11.5,1.0,0.0,1882.5476233497145
3049,2023,F,203,1,17.0,17.0,1.0,0.0,2194.3809236061416
3050,2023,M,209,1,9.0,9.0,1.0,0.0,1666.2094214997073
3051,2023,M,209,1,9.0,9.0,1.0,0.0,1716.125821185139
3051,2024,M,209,2,7.0,7.0,1.0,0.0,1667.8982419864938
3052,2023,M,178,2,12.5,12.5,1.0,0.0,1746.075660996398
3052,2024,M,178,2,15.0,15.0,1.0,0.0,1777.5300922995818
3053,2023,M,203,2,29.5,29.5,1.0,0.0,1752.0656289586498
3053,2024,M,203,1,26.0,26.0,1.0,0.0,1603.5193673287397
3054,2023,M,178,2,12.5,12.5,1.0,0.0,1765.043892876862
3055,2023,M,209,1,9.0,9.0,1.0,0.0,1780.0188127824915
3055,2025,M,209,2,6.0,6.0,1.0,0.0,1793.731723071411
3058,2023,M,203,2,29.5,29.5,1.0,0.0,1805.9753406189159
3059,2023,M,209,1,9.0,9.0,1.0,0.0,1845.9084603672611
3060,2023,M,209,1,9.0,9.0,1.0,0.0,1859.885052279182
3061,2023,M,178,1,10.0,10.0,1.0,0.0,1872.8633161973942
3063,2023,M,209,1,9.0,9.0,1.0,0.0,1909.8014519646138
3064,2023,M,203,2,29.5,29.5,1.0,0.0,1916.7897479205742
3064,2024,M,203,1,29.0,29.0,1.0,0.0,1912.4499089642013
3064,2025,M,203,1,28.0,28.0,1.0,0.0,2102.5104551940517
3065,2023,M,188,1,22.0,22.0,1.0,0.0,1921.7813878891172
3066,2023,M,196,2,11.5,11.5,1.0,0.0,1921.7813878891172
3067,2023,M,209,1,9.0,9.0,1.0,0.0,1939.7512917758727
3067,2024,M,209,1,10.0,10.0,1.0,0.0,1844.6754808078167
3067,2025,M,209,1,9.0,9.0,1.0,0.0,1810.4180203268468
3068,2023,M,209,1,9.0,9.0,1.0,0.0,1965.707819612297
3069,2023,M,188,1,22.0,22.0,1.0,0.0,1971.6977875745488
3070,2023,M,196,1,11.0,11.0,1.0,0.0,1984.6760514927612
3071,2023,M,178,1,10.0,10.0,1.0,0.0,1988.6693634675955
3072,2023,M,209,1,9.0,9.0,1.0,0.0,1991.6643474487216
3073,2023,M,203,1,30.0,30.0,1.0,0.0,1999.6509713983905
3073,2024,M,203,3,25.666666666666668,26.0,1.0,0.0,1969.2285285671794
3074,2023,M,199,1,4.0,4.0,1.0,0.0,2001.647627385808
3075,2023,M,209,1,9.0,9.0,1.0,0.0,2008.6359233417684
3076,2023,M,203,1,30.0,30.0,1.0,0.0,2015.6242192977288
3076,2024,M,203,3,26.666666666666668,28.0,1.0,0.0,1922.9217980554142
3077,2023,M,172,1,18.0,18.0,1.0,0.0,2023.6108432473977
3077,2024,M,172,2,11.5,11.5,1.0,0.0,2085.1812184840314
3078,2023,M,172,1,18.0,18.0,1.0,0.0,2034.5924511781927
3079,2023,M,203,2,29.5,29.5,1.0,0.0,2062.5456350020345
3079,2025,M,203,3,26.0,28.0,1.0,0.0,1949.7162480343495
3080,2023,M,172,1,18.0,18.0,1.0,0.0,2147.403514467268
3081,2023,M,178,1,10.0,10.0,1.0,0.0,2230.2647379450846
3082,2023,M,178,1,10.0,10.0,1.0,0.0,2246.237985844423
3082,2024,M,178,2,15.0,15.0,1.0,0.0,1998.7812884356706
3082,2025,M,178,2,25.0,25.0,1.0,0.0,2078.0797344750263
3083,2023,M,203,2,29.5,29.5,1.0,0.0,2247.2363138381315
3084,2023,M,196,1,11.0,11.0,1.0,0.0,2357.052393146081
3084,2024,M,196,3,13.0,16.0,1.0,0.0,2113.4168334747183
3085,2023,M,188,2,27.0,27.0,1.0,0.0,2390.9955449321747
3086,2023,F,88,1,9.0,9.0,1.0,0.0,1761.1429690023238
3087,2023,F,88,1,9.0,9.0,1.0,0.0,1826.4406393689333
3088,2023,F,88,1,9.0,9.0,1.0,0.0,1847.4754614259632
3089,2023,M,79,2,23.5,23.5,1.0,0.0,1694.0028076254573
3090,2023,M,79,1,26.0,26.0,1.0,0.0,1793.6441644800163
3091,2023,M,79,1,26.0,26.0,1.0,0.0,1820.275037633337
3092,2023,M,88,1,19.0,19.0,1.0,0.0,1952.3322513224623
3092,2024,M,88,3,22.666666666666668,18.0,1.0,0.0,1798.5667341468036
3092,2025,M,88,4,22.75,21.5,1.0,0.0,1604.7452734964609
3093,2023,M,79,1,26.0,26.0,1.0,0.0,2180.4401423398563
3094,2023,M,94,2,7.0,7.0,1.0,0.0,2208.866355256322
3094,2024,M,94,1,7.0,7.0,1.0,0.0,2459.996474714376
3095,2023,M,79,1,26.0,26.0,1.0,0.0,2229.4130214345396
3096,2023,M,79,1,26.0,26.0,1.0,0.0,2558.159680286018
3097,2023,F,147,1,6.0,6.0,1.0,0.0,1531.2206829473832
3097,2024,F,147,2,4.5,4.5,1.0,0.0,1272.5346139533876
3097,2025,F,147,3,7.0,5.0,0.6666666666666666,0.0,1367.477344052506
3098,2023,F,164,1,13.0,13.0,1.0,0.0,1545.3015618553322
3098,2024,F,164,2,25.0,25.0,1.0,0.0,1676.7775246776384
3099,2023,F,162,1,21.0,21.0,1.0,0.0,1556.2866446913208
3100,2023,F,138,1,8.0,8.0,1.0,0.0,1557.2852885855016
3100,2024,F,138,2,11.5,11.5,1.0,0.0,1711.5170404916244
3101,2023,F,156,1,6.0,6.0,1.0,0.0,1571.1664387146143
3102,2023,F,147,1,6.0,6.0,1.0,0.0,1580.6535557093316
3102,2024,F,147,1,6.0,6.0,1.0,0.0,1528.5944876794422
3102,2025,F,147,4,6.25,4.5,0.75,0.0,1483.5057247599912
3103,2023,F,152,1,5.0,5.0,1.0,0.0,1584.4484025072184
3103,2024,F,152,1,6.0,6.0,1.0,0.0,1711.8453365991356
3104,2023,F,169,1,5.0,5.0,1.0,0.0,1590.140672704049
3104,2024,F,169,1,6.0,6.0,1.0,0.0,1583.4763380316767
3105,2023,F,159,1,12.0,12.0,1.0,0.0,1597.0313155738963
3106,2023,F,159,1,12.0,12.0,1.0,0.0,1609.214771082902
3108,2023,F,165,1,10.0,10.0,1.0,0.0,1636.2780206152006
3109,2023,F,138,1,8.0,8.0,1.0,0.0,1640.0728674130878
3109,2024,F,138,2,12.5,12.5,1.0,0.0,1649.8577304399093
3110,2023,F,138,1,8.0,8.0,1.0,0.0,1661.1442535803021
3110,2024,F,138,1,10.0,10.0,1.0,0.0,2161.9850228921127
3111,2023,F,138,1,8.0,8.0,1.0,0.0,1675.7244544353414
3112,2023,F,156,1,6.0,6.0,1.0,0.0,1692.4018074681603
3113,2023,F,165,1,10.0,10.0,1.0,0.0,1701.5893312946237
3114,2023,F,159,1,12.0,12.0,1.0,0.0,1713.9725155824651
3115,2023,F,162,1,21.0,21.0,1.0,0.0,1754.3177289073685
3115,2024,F,162,2,14.0,14.0,1.0,0.0,1592.2575908970218
3116,2023,F,164,1,13.0,13.0,1.0,0.0,1763.0059307867414
3116,2024,F,164,2,25.0,25.0,1.0,0.0,1768.6584288806775
3116,2025,F,164,3,25.666666666666668,25.0,1.0,0.0,1660.0786295092173
3117,2023,F,165,1,10.0,10.0,1.0,0.0,1763.4053883444135
3118,2023,F,141,1,3.0,3.0,1.0,0.0,1769.9964380460067
3119,2023,F,165,1,10.0,10.0,1.0,0.0,1776.787216526436
3120,2023,F,141,1,3.0,3.0,1.0,0.0,1794.4632134534359
3121,2023,F,161,1,4.0,4.0,1.0,0.0,1815.634464010068
3122,2023,F,159,1,12.0,12.0,1.0,0.0,1883.2426556461066
3123,2023,F,132,1,8.0,8.0,1.0,0.0,1909.1075325053887
3124,2023,F,130,1,6.0,6.0,1.0,0.0,1930.2787830620211
3124,2025,F,130,2,6.5,6.5,1.0,0.0,1833.5630600622512
3125,2023,F,138,1,8.0,8.0,1.0,0.0,1932.9751215763092
3126,2023,F,152,1,5.0,5.0,1.0,0.0,1986.3027055255625
3126,2024,F,152,1,9.0,9.0,1.0,0.0,2192.1750389328686
3127,2023,F,162,1,21.0,21.0,1.0,0.0,2046.321203565827
3128,2023,F,169,1,5.0,5.0,1.0,0.0,2056.008049339381
3129,2023,F,130,1,6.0,6.0,1.0,0.0,2109.834955235724
3130,2023,F,150,1,4.0,4.0,1.0,0.0,2213.594055841107
3131,2023,F,138,1,8.0,8.0,1.0,0.0,2232.768018609378
3131,2024,F,138,1,10.0,10.0,1.0,0.0,2161.9850228921127
3132,2023,M,132,1,11.0,11.0,1.0,0.0,1571.5654786039636
3133,2023,M,158,1,23.0,23.0,1.0,0.0,1668.6028083716585
3134,2023,M,161,1,7.0,7.0,1.0,0.0,1693.8604672515216
3134,2024,M,161,1,7.0,7.0,1.0,0.0,1679.2160815632246
3134,2025,M,161,2,5.5,5.5,1.0,0.0,1711.6203433326077
3135,2023,M,162,1,22.0,22.0,1.0,0.0,1696.6557812777512
3136,2023,M,162,1,22.0,22.0,1.0,0.0,1708.4360332454344
3136,2024,M,162,1,12.0,12.0,1.0,0.0,1838.4520344801767
3137,2023,M,132,1,11.0,11.0,1.0,0.0,1733.1945289063278
3137,2024,M,132,2,15.0,15.0,1.0,0.0,1891.9242248796022
3137,2025,M,132,2,14.5,14.5,1.0,0.0,1715.1137903060207
3138,2023,M,150,1,18.0,18.0,1.0,0.0,1748.7684213381801
3138,2025,M,150,1,9.0,9.0,1.0,0.0,1803.1441642920518
3139,2023,M,141,1,6.0,6.0,1.0,0.0,1753.0612250213187
3139,2024,M,141,1,6.0,6.0,1.0,0.0,1740.787337887209
3140,2023,M,150,1,18.0,18.0,1.0,0.0,1760.748338593451
3140,2025,M,150,2,14.5,14.5,1.0,0.0,1800.9427692255908
3141,2023,M,158,1,23.0,23.0,1.0,0.0,1763.343987332093
3141,2025,M,158,3,29.333333333333332,29.0,1.0,0.0,1745.945498236678
3142,2023,M,130,1,11.0,11.0,1.0,0.0,1766.9379625086744
3142,2024,M,130,2,8.0,8.0,1.0,0.0,1802.60383267568
3142,2025,M,130,3,6.666666666666667,7.0,1.0,0.0,1744.339955056874
3143,2023,M,147,1,7.0,7.0,1.0,0.0,1791.696458169568
3144,2023,M,152,1,11.0,11.0,1.0,0.0,1793.4934457578584
3144,2024,M,152,1,7.0,7.0,1.0,0.0,1857.6327902293172
3144,2025,M,152,1,7.0,7.0,1.0,0.0,1840.4195511622358
3145,2023,M,164,1,27.0,27.0,1.0,0.0,1803.1772122058692
3147,2023,M,147,1,7.0,7.0,1.0,0.0,1817.95244348737
3147,2024,M,147,1,14.0,14.0,1.0,0.0,1838.841562649919
3148,2023,M,152,1,11.0,11.0,1.0,0.0,1828.1353731543502
3149,2023,M,164,1,27.0,27.0,1.0,0.0,1830.7310218929922
3150,2023,M,147,1,7.0,7.0,1.0,0.0,1840.1152904096214
3151,2023,M,156,1,3.0,3.0,1.0,0.0,1871.4627405609135
3151,2024,M,156,3,6.0,6.0,1.0,0.0,2046.1318712653363
3151,2025,M,156,1,4.0,4.0,1.0,0.0,1940.9451250596253
3152,2023,M,168,1,4.0,4.0,1.0,0.0,1891.5291019634924
3153,2023,M,132,1,11.0,11.0,1.0,0.0,1907.3026596829327
3153,2024,M,132,3,13.333333333333334,13.0,1.0,0.0,1909.3809790562643
3153,2025,M,132,2,14.5,14.5,1.0,0.0,1866.2017683970143
3154,2023,M,152,1,11.0,11.0,1.0,0.0,1926.6701925789541
3154,2024,M,152,1,7.0,7.0,1.0,0.0,1883.9205181728364
3155,2023,M,130,1,11.0,11.0,1.0,0.0,1969.8977273417236
3155,2024,M,130,1,10.0,10.0,1.0,0.0,1952.1962676518597
3156,2023,M,138,1,7.0,7.0,1.0,0.0,1984.0739627604607
3157,2023,M,161,1,7.0,7.0,1.0,0.0,2010.9289439410263
3158,2023,M,162,1,22.0,22.0,1.0,0.0,2014.4230864738138
3158,2024,M,162,1,14.0,14.0,1.0,0.0,1912.7036419251244
3159,2023,M,152,1,11.0,11.0,1.0,0.0,2020.4130451014494
3160,2023,M,141,1,6.0,6.0,1.0,0.0,2022.8090285525036
3161,2023,M,159,1,21.0,21.0,1.0,0.0,2023.9071876342366
3162,2023,M,152,1,11.0,11.0,1.0,0.0,2034.5892805201865
3163,2023,M,150,1,18.0,18.0,1.0,0.0,2040.679071791616
3164,2023,M,165,1,16.0,16.0,1.0,0.0,2043.1748878864641
3166,2023,M,169,1,4.0,4.0,1.0,0.0,2072.625517805672
3167,2023,M,147,1,7.0,7.0,1.0,0.0,2089.696899894433
3167,2024,M,147,1,14.0,14.0,1.0,0.0,2036.8491256009158
3168,2023,M,165,1,16.0,16.0,1.0,0.0,2094.888197371717
3169,2023,M,162,1,22.0,22.0,1.0,0.0,2099.380666342444
3169,2024,M,162,4,15.5,13.0,1.0,0.0,1680.4483659540829
3169,2025,M,162,4,19.0,17.5,1.0,0.0,1655.3468448557855
3170,2023,M,158,1,23.0,23.0,1.0,0.0,2136.718075121372
3171,2023,M,152,1,11.0,11.0,1.0,0.0,2178.3482875834384
3172,2023,M,160,1,11.0,11.0,1.0,0.0,2186.334899086952
3173,2023,M,132,1,11.0,11.0,1.0,0.0,2203.0069506005375
3174,2023,M,146,1,42.0,42.0,1.0,0.0,2232.05824994457
3175,2023,M,159,1,21.0,21.0,1.0,0.0,2261.8083777951592
3175,2024,M,159,4,28.25,28.0,1.0,0.0,2171.3342396761836
3175,2025,M,159,2,27.0,27.0,1.0,0.0,2330.1970223309722
3176,2023,M,162,1,22.0,22.0,1.0,0.0,2362.639348027023
3177,2023,M,152,1,11.0,11.0,1.0,0.0,2497.8127477239977
3178,2023,M,152,1,11.0,11.0,1.0,0.0,2892.750686572764
3179,2023,F,178,1,11.0,11.0,1.0,0.0,1497.7875397657244
3179,2024,F,178,2,14.0,14.0,1.0,0.0,1369.5164950194871
3179,2025,F,178,2,18.5,18.5,1.0,0.0,1383.3678429594815
3180,2023,F,178,1,11.0,11.0,1.0,0.0,1531.6511535967636
3181,2023,F,180,1,5.0,5.0,1.0,0.0,1534.2006727957348
3182,2023,F,174,1,8.0,8.0,1.0,0.0,1614.755481368715
3183,2023,F,208,1,9.0,9.0,1.0,0.0,1623.3438617291706
3183,2024,F,208,1,10.0,10.0,1.0,0.0,1538.6124569314281
3184,2023,F,186,1,0.0,0.0,0.0,1.0,1628.5328831576644
3185,2023,F,208,1,9.0,9.0,1.0,0.0,1629.932619188472
3185,2024,F,208,1,10.0,10.0,1.0,0.0,1614.9757978314758
3185,2025,F,208,2,11.5,11.5,1.0,0.0,1544.5528952711325
3186,2023,F,174,1,8.0,8.0,1.0,0.0,1684.852262168661
3187,2023,F,178,1,11.0,11.0,1.0,0.0,1709.857546547589
3188,2023,F,208,1,9.0,9.0,1.0,0.0,1711.157301433339
3189,2023,F,208,1,9.0,9.0,1.0,0.0,1717.3161399688927
3190,2023,F,208,1,9.0,9.0,1.0,0.0,1726.1744694210038
3191,2023,F,208,1,9.0,9.0,1.0,0.0,1737.5023331560399
3192,2023,F,208,1,9.0,9.0,1.0,0.0,1747.6004288068668
3193,2023,F,191,1,4.0,4.0,1.0,0.0,1758.3284056715568
3193,2024,F,191,4,3.75,3.5,1.0,0.0,1607.9247229327793
3195,2023,F,208,1,9.0,9.0,1.0,0.0,1794.391604693865
3197,2023,F,180,1,5.0,5.0,1.0,0.0,1849.6411854527441
3198,2023,F,191,1,4.0,4.0,1.0,0.0,1880.1754271533623
3198,2024,F,191,2,3.5,3.5,1.0,0.0,1739.1286477828867
3198,2025,F,191,3,6.666666666666667,6.0,1.0,0.0,1785.1980377474379
3199,2023,F,208,1,9.0,9.0,1.0,0.0,1952.5217837171065
3200,2023,F,208,1,9.0,9.0,1.0,0.0,1952.5917705186469
3201,2023,F,191,1,4.0,4.0,1.0,0.0,1962.8998265740945
3202,2023,F,174,1,8.0,8.0,1.0,0.0,1978.0769643938518
3203,2023,F,204,1,12.0,12.0,1.0,0.0,2211.083022950796
3204,2023,M,174,1,12.0,12.0,1.0,0.0,1608.6850116809144
3204,2024,M,174,1,13.0,13.0,1.0,0.0,1591.3447089037004
3204,2025,M,174,3,16.333333333333332,16.0,1.0,0.0,1747.2047599532161
3205,2023,M,178,1,15.0,15.0,1.0,0.0,1684.2278720535628
3205,2024,M,178,2,15.0,15.0,1.0,0.0,1619.1696460424694
3206,2023,M,178,1,15.0,15.0,1.0,0.0,1693.0558691034635
3207,2023,M,208,1,11.0,11.0,1.0,0.0,1700.0142903341894
3207,2024,M,208,1,10.0,10.0,1.0,0.0,1699.8280065351812
3207,2025,M,208,2,9.5,9.5,1.0,0.0,1696.1320155718372
3208,2023,M,199,1,5.0,5.0,1.0,0.0,1700.9140861829899
3209,2023,M,178,1,15.0,15.0,1.0,0.0,1725.9883971695706
3210,2023,M,208,1,11.0,11.0,1.0,0.0,1735.1263239007244
3210,2024,M,208,1,10.0,10.0,1.0,0.0,1665.1816652091265
3211,2023,M,180,1,3.0,3.0,1.0,0.0,1748.6832480226553
3212,2023,M,172,1,16.0,16.0,1.0,0.0,1769.4385389349925
3212,2025,M,172,3,14.0,14.0,1.0,0.0,1920.6334279679284
3213,2023,M,208,1,11.0,11.0,1.0,0.0,1770.4583075636333
3213,2024,M,208,1,10.0,10.0,1.0,0.0,1693.4360611766701
3213,2025,M,208,2,9.5,9.5,1.0,0.0,1704.9815735131463
3214,2023,M,208,1,11.0,11.0,1.0,0.0,1815.4680954669768
3215,2023,M,188,1,32.0,32.0,1.0,0.0,1829.5948902931484
3216,2023,M,191,1,3.0,3.0,1.0,0.0,1834.943676727686
3216,2024,M,191,4,2.25,2.0,0.5,0.0,1881.9285373503892
3217,2023,M,208,1,11.0,11.0,1.0,0.0,1836.4833274023008
3218,2023,M,208,1,11.0,11.0,1.0,0.0,1853.9593623323417
3218,2024,M,208,1,10.0,10.0,1.0,0.0,1745.5503906777813
3218,2025,M,208,2,9.5,9.5,1.0,0.0,1736.6284706831934
3219,2023,M,172,1,16.0,16.0,1.0,0.0,1866.7364633853122
3220,2023,M,204,1,21.0,21.0,1.0,0.0,1867.8162184038729
3221,2023,M,208,1,11.0,11.0,1.0,0.0,1883.8425822441793
3222,2023,M,208,1,11.0,11.0,1.0,0.0,1892.3006632229062
3223,2023,M,208,1,11.0,11.0,1.0,0.0,1899.349064038512
3224,2023,M,196,1,12.0,12.0,1.0,0.0,1901.3086194425669
3224,2025,M,196,1,14.0,14.0,1.0,0.0,1927.3878256300097
3225,2023,M,208,1,11.0,11.0,1.0,0.0,1919.224554565355
3226,2023,M,208,1,11.0,11.0,1.0,0.0,1934.3511225568607
3226,2024,M,208,1,10.0,10.0,1.0,0.0,1879.421696280098
3227,2023,M,205,1,2.0,2.0,0.0,0.0,2121.3886863275734
3227,2024,M,205,1,4.0,4.0,1.0,0.0,2514.0108484993516
3228,2023,M,208,1,11.0,11.0,1.0,0.0,2198.21125635185
3229,2023,M,191,1,3.0,3.0,1.0,0.0,2213.1078765153284
3230,2023,M,174,1,12.0,12.0,1.0,0.0,2213.917692779249
3231,2023,M,203,1,29.0,29.0,1.0,0.0,2518.738533157978
3231,2024,M,203,3,25.666666666666668,26.0,1.0,0.0,2008.7587156437214
3231,2025,M,203,1,29.0,29.0,1.0,0.0,2244.196013756642
3232,2023,M,191,1,3.0,3.0,1.0,0.0,2884.6655094019306
3233,2023,F,4,1,17.0,17.0,1.0,0.0,1488.6489078401619
3234,2023,F,16,1,10.0,10.0,1.0,0.0,1523.8511284473154
3235,2023,F,16,1,10.0,10.0,1.0,0.0,1541.987062519078
3235,2024,F,16,1,5.0,5.0,1.0,0.0,1525.4760020353183
3235,2025,F,16,1,5.0,5.0,1.0,0.0,1478.4836717425796
3236,2023,F,16,1,10.0,10.0,1.0,0.0,1549.9553357394755
3236,2024,F,16,1,5.0,5.0,1.0,0.0,1516.7357267453183
3236,2025,F,16,1,5.0,5.0,1.0,0.0,1474.5627562919672
3237,2023,F,15,1,6.0,6.0,1.0,0.0,1568.7883434866276
3237,2024,F,15,1,8.0,8.0,1.0,0.0,1470.7499601627055
3237,2025,F,15,2,7.0,7.0,1.0,0.0,1434.6544453555182
3238,2023,F,15,1,6.0,6.0,1.0,0.0,1575.4225619144695
3238,2024,F,15,1,8.0,8.0,1.0,0.0,1513.6567661317958
3238,2025,F,15,2,7.0,7.0,1.0,0.0,1406.0127140356024
3239,2023,F,15,1,6.0,6.0,1.0,0.0,1576.7085426604463
3239,2024,F,15,1,11.0,11.0,1.0,0.0,1532.7111909071377
3240,2023,F,15,1,6.0,6.0,1.0,0.0,1604.8679154438398
3240,2024,F,15,2,9.5,9.5,1.0,0.0,1507.2674467706024
3240,2025,F,15,2,7.0,7.0,1.0,0.0,1438.70379357661
3241,2023,F,15,1,6.0,6.0,1.0,0.0,1617.3070749960432
3242,2023,F,17,1,1.0,1.0,0.0,0.0,1649.3604455523005
3243,2023,F,11,1,5.0,5.0,1.0,0.0,1662.61686389634
3243,2024,F,11,1,8.0,8.0,1.0,0.0,1551.5975065952043
3243,2025,F,11,1,8.0,8.0,1.0,0.0,1555.7077933079397
3244,2023,F,20,1,5.0,5.0,1.0,0.0,1682.555574714799
3245,2023,F,16,1,10.0,10.0,1.0,0.0,1706.0637834917165
3246,2023,F,16,1,10.0,10.0,1.0,0.0,1713.2628719668564
3247,2023,F,17,1,1.0,1.0,0.0,0.0,1721.9402373742873
3248,2023,F,20,1,5.0,5.0,1.0,0.0,1735.9898774868727
3249,2023,F,20,1,5.0,5.0,1.0,0.0,1747.6358152705293
3250,2023,F,15,1,6.0,6.0,1.0,0.0,1752.4912939749645
3250,2024,F,15,2,9.5,9.5,1.0,0.0,1722.5913677378314
3251,2023,F,16,1,10.0,10.0,1.0,0.0,1756.5655694224977
3251,2024,F,16,1,5.0,5.0,1.0,0.0,1609.0052238408853
3252,2023,F,11,1,5.0,5.0,1.0,0.0,1776.107669356684
3253,2023,F,20,1,5.0,5.0,1.0,0.0,1778.6315568020589
3254,2023,F,20,1,5.0,5.0,1.0,0.0,1866.186414133268
3255,2023,F,16,1,10.0,10.0,1.0,0.0,1877.4237225210072
3256,2023,F,11,1,5.0,5.0,1.0,0.0,1892.326676960362
3256,2024,F,11,2,8.5,8.5,1.0,0.0,1808.3018626918858
3257,2023,F,16,1,10.0,10.0,1.0,0.0,2029.4338578024258
3258,2023,F,15,1,6.0,6.0,1.0,0.0,2062.4006352436763
3259,2023,F,20,1,5.0,5.0,1.0,0.0,2074.515294981474
3260,2023,F,16,1,10.0,10.0,1.0,0.0,2202.7768512530824
3261,2023,F,16,1,10.0,10.0,1.0,0.0,2325.5579662147343
3262,2023,F,16,1,10.0,10.0,1.0,0.0,2544.126618984175
3263,2023,M,17,1,9.0,9.0,1.0,0.0,1613.4395637944551
3264,2023,M,17,1,9.0,9.0,1.0,0.0,1651.9191734068038
3264,2025,M,17,1,18.0,18.0,1.0,0.0,1591.9342265220662
3265,2023,M,11,1,16.0,16.0,1.0,0.0,1697.5638657675659
3265,2024,M,11,2,17.5,17.5,1.0,0.0,1666.7341624439832
3266,2023,M,17,1,9.0,9.0,1.0,0.0,1705.5638364188376
3267,2023,M,17,1,9.0,9.0,1.0,0.0,1714.6603762559537
3267,2024,M,17,1,9.0,9.0,1.0,0.0,1659.2672371232939
3268,2023,M,15,1,14.0,14.0,1.0,0.0,1715.183738821925
3268,2024,M,15,2,17.5,17.5,1.0,0.0,1650.956557886668
3268,2025,M,15,2,13.5,13.5,1.0,0.0,1599.0057470086276
3269,2023,M,17,1,9.0,9.0,1.0,0.0,1732.055951067754
3270,2023,M,17,1,9.0,9.0,1.0,0.0,1734.274011466393
3271,2023,M,17,1,9.0,9.0,1.0,0.0,1737.4391088891703
3272,2023,M,15,1,14.0,14.0,1.0,0.0,1742.1119889424833
3273,2023,M,15,1,14.0,14.0,1.0,0.0,1754.7225345796912
3274,2023,M,17,1,9.0,9.0,1.0,0.0,1761.850234287678
3275,2023,M,16,1,15.0,15.0,1.0,0.0,1770.4857166262002
3276,2023,M,15,1,14.0,14.0,1.0,0.0,1772.5168618227071
3276,2024,M,15,2,17.5,17.5,1.0,0.0,1656.6484785181049
3276,2025,M,15,2,13.5,13.5,1.0,0.0,1762.5054975398625
3277,2023,M,15,1,14.0,14.0,1.0,0.0,1775.2956678277442
3277,2024,M,15,2,17.5,17.5,1.0,0.0,1712.868677035627
3278,2023,M,16,1,15.0,15.0,1.0,0.0,1776.2551658653579
3279,2023,M,15,1,14.0,14.0,1.0,0.0,1799.6444881588739
3279,2024,M,15,1,23.0,23.0,1.0,0.0,1853.3329983542885
3279,2025,M,15,2,13.5,13.5,1.0,0.0,1720.2672357288825
3280,2023,M,16,1,15.0,15.0,1.0,0.0,1803.2207990263428
3280,2024,M,16,1,10.0,10.0,1.0,0.0,1776.0651529385616
3280,2025,M,16,1,7.0,7.0,1.0,0.0,1890.363992165299
3281,2023,M,4,1,37.0,37.0,1.0,0.0,1803.4949413228035
3282,2023,M,15,1,14.0,14.0,1.0,0.0,1824.4543659885974
3283,2023,M,16,1,15.0,15.0,1.0,0.0,1829.264317190141
3284,2023,M,16,1,15.0,15.0,1.0,0.0,1830.8593269150049
3285,2023,M,15,1,14.0,14.0,1.0,0.0,1846.1739124763963
3285,2024,M,15,2,17.5,17.5,1.0,0.0,1840.1879543177597
3286,2023,M,15,1,14.0,14.0,1.0,0.0,1849.6131521956347
3287,2023,M,11,1,16.0,16.0,1.0,0.0,1865.2143410669626
3288,2023,M,16,1,15.0,15.0,1.0,0.0,1890.1114459910145
3289,2023,M,4,1,37.0,37.0,1.0,0.0,1948.6283652719694
3290,2023,M,16,1,15.0,15.0,1.0,0.0,1955.6314548452017
3291,2023,M,16,1,15.0,15.0,1.0,0.0,1957.8993592977426
3292,2023,M,16,1,15.0,15.0,1.0,0.0,1966.6345297440691
3292,2024,M,16,1,10.0,10.0,1.0,0.0,2133.3293660205572
3293,2023,M,16,1,15.0,15.0,1.0,0.0,1981.338525645161
3294,2023,M,11,1,16.0,16.0,1.0,0.0,1986.4350801566409
3295,2023,M,16,1,15.0,15.0,1.0,0.0,2002.8088518634497
3295,2024,M,16,1,10.0,10.0,1.0,0.0,1935.4798700913695
3296,2023,M,17,1,9.0,9.0,1.0,0.0,2035.082876764999
3296,2024,M,17,1,9.0,9.0,1.0,0.0,1972.6202133131044
3296,2025,M,17,2,11.5,11.5,1.0,0.0,2103.742779174646
3297,2023,M,16,1,15.0,15.0,1.0,0.0,2043.6186709957174
3297,2024,M,16,1,10.0,10.0,1.0,0.0,1731.4569122861833
3297,2025,M,16,1,7.0,7.0,1.0,0.0,1678.5802676985413
3298,2023,M,15,1,14.0,14.0,1.0,0.0,2057.0516435223076
3298,2025,M,15,2,13.5,13.5,1.0,0.0,2047.1675859420307
3299,2023,M,16,1,15.0,15.0,1.0,0.0,2061.624835467817
3300,2023,M,16,1,15.0,15.0,1.0,0.0,2088.6901567366062
3301,2023,M,16,1,15.0,15.0,1.0,0.0,2090.4970036905543
3302,2023,M,17,1,9.0,9.0,1.0,0.0,2120.9517206246796
3302,2024,M,17,1,9.0,9.0,1.0,0.0,1927.812828729242
3302,2025,M,17,1,18.0,18.0,1.0,0.0,1793.3279968675242
3303,2023,M,15,1,14.0,14.0,1.0,0.0,2134.3722321377945
3304,2023,M,4,1,37.0,37.0,1.0,0.0,2136.4033773343012
3305,2023,M,16,1,15.0,15.0,1.0,0.0,2144.552880147279
3306,2023,M,15,1,14.0,14.0,1.0,0.0,2166.6462570393433
3307,2023,M,20,1,2.0,2.0,0.0,0.0,2175.63064775518
3307,2024,M,20,1,3.0,3.0,1.0,0.0,2395.1040639560556
3308,2023,M,15,1,14.0,14.0,1.0,0.0,2191.505978922969
3309,2023,M,20,1,2.0,2.0,0.0,0.0,2233.611743456688
3309,2024,M,20,1,3.0,3.0,1.0,0.0,2007.2712573912916
3310,2023,M,15,1,14.0,14.0,1.0,0.0,2318.0101877262596
3311,2023,M,15,1,14.0,14.0,1.0,0.0,2472.8881242132675
3311,2024,M,15,1,23.0,23.0,1.0,0.0,2407.351415742311
3312,2023,M,20,1,2.0,2.0,0.0,0.0,2570.2834055377866
3313,2023,F,124,1,32.0,32.0,1.0,0.0,1477.1849540057574
3314,2023,F,111,1,8.0,8.0,1.0,0.0,1607.5365452173464
3314,2024,F,111,3,11.0,11.0,1.0,0.0,1604.9177219517283
3315,2023,F,107,1,7.0,7.0,1.0,0.0,1628.8958411739163
3316,2023,F,111,1,8.0,8.0,1.0,0.0,1683.4917985956158
3317,2023,F,124,1,32.0,32.0,1.0,0.0,1684.9889455084594
3318,2023,F,124,1,32.0,32.0,1.0,0.0,1788.2920824946727
3318,2024,F,124,1,37.0,37.0,1.0,0.0,1913.687816595753
3319,2023,F,128,1,3.0,3.0,1.0,0.0,1797.7740129426827
3320,2023,F,128,1,3.0,3.0,1.0,0.0,1805.4593670952804
3321,2023,F,128,1,3.0,3.0,1.0,0.0,1808.5534707151571
3322,2023,F,108,1,3.0,3.0,1.0,0.0,1870.9345920836436
3322,2024,F,108,1,10.0,10.0,1.0,0.0,2218.1106017688535
3323,2023,F,128,1,3.0,3.0,1.0,0.0,1977.8308816606818
3324,2023,F,103,1,1.0,1.0,0.0,0.0,2155.4923153181307
3324,2024,F,103,1,2.0,2.0,0.0,0.0,2330.798026650029
3325,2023,M,116,2,11.5,11.5,1.0,0.0,1535.6856677725302
3325,2024,M,116,3,19.0,19.0,1.0,0.0,1625.4434152361657
3326,2023,M,122,1,9.0,9.0,1.0,0.0,1590.4145059944494
3327,2023,M,117,1,50.0,50.0,1.0,0.0,1628.1148498551074
3328,2023,M,128,1,7.0,7.0,1.0,0.0,1633.2148963720665
3329,2023,M,119,1,8.0,8.0,1.0,0.0,1690.7154208279776
3330,2023,M,128,1,7.0,7.0,1.0,0.0,1740.0158704919152
3331,2023,M,122,1,9.0,9.0,1.0,0.0,1748.4159471080832
3332,2023,M,119,1,8.0,8.0,1.0,0.0,1771.0161532420586
3333,2023,M,112,1,16.0,16.0,1.0,0.0,1774.616186077559
3333,2024,M,112,2,30.0,30.0,1.0,0.0,1756.333258250927
3333,2025,M,112,1,43.0,43.0,1.0,0.0,1639.163764335435
3334,2023,M,112,1,16.0,16.0,1.0,0.0,1776.3162015832122
3334,2025,M,112,1,9.0,9.0,1.0,0.0,1732.396149604283
3335,2023,M,1,1,12.0,12.0,1.0,0.0,1781.3162471880737
3336,2023,M,112,1,16.0,16.0,1.0,0.0,1814.4165490922592
3336,2024,M,112,3,29.333333333333332,28.0,1.0,0.0,2051.481657493073
3336,2025,M,112,2,38.5,38.5,1.0,0.0,1797.2060878063314
3337,2023,M,116,1,10.0,10.0,1.0,0.0,1815.4165582132316
3338,2023,M,128,1,7.0,7.0,1.0,0.0,1834.4167315117065
3339,2023,M,117,1,50.0,50.0,1.0,0.0,1851.916891128723
3339,2025,M,117,1,46.0,46.0,1.0,0.0,2125.245863421704
3340,2023,M,128,1,7.0,7.0,1.0,0.0,1867.3170315916973
3341,2023,M,128,1,7.0,7.0,1.0,0.0,1901.3173417047576
3342,2023,M,117,1,50.0,50.0,1.0,0.0,1903.0173572104106
3343,2023,M,122,1,9.0,9.0,1.0,0.0,1940.9177028952636
3344,2023,M,119,1,8.0,8.0,1.0,0.0,1948.8177749509448
3345,2023,M,103,1,0.0,0.0,0.0,1.0,1964.017913589725
3346,2023,M,117,1,50.0,50.0,1.0,0.0,1979.0180504043103
3347,2023,M,128,1,7.0,7.0,1.0,0.0,1987.71812975677
3348,2023,M,117,1,50.0,50.0,1.0,0.0,1988.4181361414508
3349,2023,M,1,1,12.0,12.0,1.0,0.0,2020.1184252762746
3349,2024,M,1,1,10.0,10.0,1.0,0.0,1924.989744283426
3349,2025,M,1,3,9.0,7.0,0.6666666666666666,0.0,2548.6574475764264
3350,2023,M,111,1,9.0,9.0,1.0,0.0,2022.018442606122
3350,2024,M,111,3,13.666666666666666,14.0,1.0,0.0,2091.940554528125
3350,2025,M,111,1,11.0,11.0,1.0,0.0,2187.984751606148
3351,2023,M,117,1,50.0,50.0,1.0,0.0,2045.8186596852645
3352,2023,M,117,1,50.0,50.0,1.0,0.0,2070.718886797476
3352,2025,M,117,1,24.0,24.0,1.0,0.0,2046.7311662362615
3353,2023,M,117,1,50.0,50.0,1.0,0.0,2079.8189697983253
3353,2024,M,117,1,36.0,36.0,1.0,0.0,1870.1812690156714
3353,2025,M,117,1,24.0,24.0,1.0,0.0,1996.0051514673103
3354,2023,M,117,1,50.0,50.0,1.0,0.0,2237.9204118240555
3355,2023,M,117,1,50.0,50.0,1.0,0.0,2258.6206006281836
3355,2024,M,117,2,51.5,51.5,1.0,0.0,2320.0459489839654
3356,2023,M,128,1,7.0,7.0,1.0,0.0,2261.8206298152954
3357,2023,M,128,1,7.0,7.0,1.0,0.0,2262.0206316394897
3358,2023,M,124,1,30.0,30.0,1.0,0.0,2541.3231791270714
3359,2023,F,60,2,5.0,5.0,1.0,0.0,1352.1908512979262
3360,2023,F,60,3,6.333333333333333,7.0,1.0,0.0,1393.1581940498581
3360,2024,F,60,6,5.333333333333333,6.0,0.6666666666666666,0.16666666666666666,1495.9493006261669
3361,2023,F,45,1,5.0,5.0,1.0,0.0,1420.1813235125917
3361,2024,F,45,1,3.0,3.0,1.0,0.0,1574.3285455484593
3362,2023,F,49,1,3.0,3.0,1.0,0.0,1426.5865113572734
3363,2023,F,61,1,8.0,8.0,1.0,0.0,1429.331591862137
3364,2023,F,56,1,20.0,20.0,1.0,0.0,1430.8035915531507
3364,2024,F,56,2,14.0,14.0,1.0,0.0,1690.8265095666382
3364,2025,F,56,4,15.25,15.0,1.0,0.0,1570.2280035025099
3365,2023,F,56,1,20.0,20.0,1.0,0.0,1485.4863908855425
3366,2023,F,56,1,20.0,20.0,1.0,0.0,1505.646819086117
3366,2024,F,56,2,13.5,13.5,1.0,0.0,1543.7183528051867
3367,2023,F,60,1,7.0,7.0,1.0,0.0,1512.7681148885893
3368,2023,F,56,1,20.0,20.0,1.0,0.0,1576.8199933354072
3368,2024,F,56,4,11.75,12.5,1.0,0.0,1736.7003661457418
3368,2025,F,56,4,15.25,15.0,1.0,0.0,1684.0446846615355
3369,2023,F,60,1,7.0,7.0,1.0,0.0,1580.2115601910536
3369,2024,F,60,4,7.5,7.5,1.0,0.0,1919.737334677586
3370,2023,F,56,1,20.0,20.0,1.0,0.0,1581.2956680715977
3370,2024,F,56,1,12.0,12.0,1.0,0.0,1631.53938794434
3371,2023,F,60,2,8.0,8.0,1.0,0.0,1591.132206547359
3371,2024,F,60,2,4.5,4.5,1.0,0.0,1834.034788822455
3371,2025,F,60,3,5.333333333333333,5.0,1.0,0.0,1731.9948181285076
3372,2023,F,45,1,5.0,5.0,1.0,0.0,1597.6766376060555
3373,2023,F,37,2,2.0,2.0,0.5,0.5,1600.0537181881657
3374,2023,F,45,1,5.0,5.0,1.0,0.0,1610.2682025305385
3375,2023,F,60,1,7.0,7.0,1.0,0.0,1613.8686342072076
3375,2024,F,60,1,9.0,9.0,1.0,0.0,1679.469523964623
3376,2023,F,60,1,7.0,7.0,1.0,0.0,1613.8785801510658
3377,2023,F,45,1,5.0,5.0,1.0,0.0,1640.3845205331727
3377,2024,F,45,1,3.0,3.0,1.0,0.0,1766.5309725611964
3377,2025,F,45,2,1.5,1.5,0.0,0.0,1696.4887983313206
3378,2023,F,49,1,3.0,3.0,1.0,0.0,1643.1793307573273
3379,2023,F,60,2,8.0,8.0,1.0,0.0,1652.4091666577385
3379,2024,F,60,6,6.0,6.5,0.8333333333333334,0.0,1651.6638578632026
3379,2025,F,60,5,4.2,5.0,0.8,0.0,1683.7815233665178
3380,2023,F,43,1,0.0,0.0,0.0,1.0,1737.158554273473
3381,2023,F,45,1,5.0,5.0,1.0,0.0,1743.4742286234314
3381,2024,F,45,1,3.0,3.0,1.0,0.0,1779.2421935038863
3382,2023,F,56,1,20.0,20.0,1.0,0.0,1755.3297937024072
3382,2024,F,56,1,13.0,13.0,1.0,0.0,1988.577219099636
3383,2023,F,59,1,7.0,7.0,1.0,0.0,1877.6350653267111
3384,2023,F,56,1,20.0,20.0,1.0,0.0,1933.3820806519307
3385,2023,F,45,1,5.0,5.0,1.0,0.0,2593.8026987803682
3386,2023,M,60,3,5.0,5.0,1.0,0.0,1651.2025253305055
3386,2024,M,60,5,5.4,6.0,1.0,0.0,1542.3623554555186
3387,2023,M,56,1,28.0,28.0,1.0,0.0,1690.1625897345752
3388,2023,M,37,2,7.5,7.5,1.0,0.0,1721.4042446473102
3388,2024,M,37,1,16.0,16.0,1.0,0.0,1865.2925001204708
3388,2025,M,37,1,16.0,16.0,1.0,0.0,1728.1152930426947
3390,2023,M,37,2,7.5,7.5,1.0,0.0,1738.0545249159884
3390,2024,M,37,1,16.0,16.0,1.0,0.0,1698.4047332505017
3390,2025,M,37,2,15.0,15.0,1.0,0.0,1637.4752265008758
3391,2023,M,49,1,15.0,15.0,1.0,0.0,1793.4361022971113
3393,2023,M,60,2,5.5,5.5,1.0,0.0,1854.8253076843764
3393,2024,M,60,5,6.4,7.0,1.0,0.0,1555.1910953976612
3393,2025,M,60,2,7.5,7.5,1.0,0.0,1544.4789679585633
3394,2023,M,56,1,28.0,28.0,1.0,0.0,1862.394521115956
3395,2023,M,56,1,28.0,28.0,1.0,0.0,1865.796191278374
3396,2023,M,61,1,25.0,25.0,1.0,0.0,1867.5169191675504
3397,2023,M,56,1,28.0,28.0,1.0,0.0,1882.734917262579
3398,2023,M,60,1,5.0,5.0,1.0,0.0,1883.7693432768817
3399,2023,M,44,1,9.0,9.0,1.0,0.0,1916.4830659792008
3399,2024,M,44,3,14.333333333333334,16.0,1.0,0.0,1695.874409815002
3400,2023,M,43,1,12.0,12.0,1.0,0.0,1925.524347200365
3400,2024,M,43,1,11.0,11.0,1.0,0.0,1740.3826268782598
3400,2025,M,43,2,11.5,11.5,1.0,0.0,2242.27133145931
3401,2023,M,61,1,25.0,25.0,1.0,0.0,1935.7393040916031
3402,2023,M,37,2,7.5,7.5,1.0,0.0,1936.455445178428
3402,2025,M,37,1,16.0,16.0,1.0,0.0,1926.2602858809046
3403,2023,M,49,1,15.0,15.0,1.0,0.0,1968.9503469931062
3404,2023,M,44,1,9.0,9.0,1.0,0.0,1993.3090903491354
3405,2023,M,60,3,5.0,5.0,1.0,0.0,2002.8576381734672
3406,2023,M,37,2,7.5,7.5,1.0,0.0,2009.1338190871684
3406,2024,M,37,1,16.0,16.0,1.0,0.0,2168.4436797485855
3407,2023,M,60,3,5.0,5.0,1.0,0.0,2011.7994553547942
3407,2024,M,60,4,6.25,7.0,1.0,0.0,1675.181435139716
3407,2025,M,60,4,4.25,3.0,0.5,0.0,1743.3831699224204
3408,2023,M,43,1,12.0,12.0,1.0,0.0,2020.7213797281538
3408,2024,M,43,1,11.0,11.0,1.0,0.0,1972.1021423426223
3408,2025,M,43,1,12.0,12.0,1.0,0.0,2095.5371186910775
3409,2023,M,37,2,7.5,7.5,1.0,0.0,2034.3380067818102
3409,2024,M,37,1,16.0,16.0,1.0,0.0,1951.0805930721583
3409,2025,M,37,2,15.0,15.0,1.0,0.0,1922.7993233573577
3410,2023,M,37,2,7.5,7.5,1.0,0.0,2056.21014914192
3410,2024,M,37,1,16.0,16.0,1.0,0.0,1957.4648232453071
3410,2025,M,37,2,15.0,15.0,1.0,0.0,1984.1580826731224
3411,2023,M,45,1,3.0,3.0,1.0,0.0,2068.394494021926
3412,2023,M,56,1,28.0,28.0,1.0,0.0,2071.9055746281647
3412,2024,M,56,3,22.333333333333332,21.0,1.0,0.0,1974.8608551971708
3412,2025,M,56,3,27.666666666666668,27.0,1.0,0.0,1951.3200318243084
3413,2023,M,45,1,3.0,3.0,1.0,0.0,2087.4716968626217
3414,2023,M,59,1,14.0,14.0,1.0,0.0,2104.2114947671535
3415,2023,M,56,1,28.0,28.0,1.0,0.0,2114.0186490950605
3415,2024,M,56,3,22.333333333333332,21.0,1.0,0.0,1972.272962337178
3416,2023,M,43,1,12.0,12.0,1.0,0.0,2125.3774424444214
3417,2023,M,56,1,28.0,28.0,1.0,0.0,2137.880072251906
3418,2023,M,43,1,12.0,12.0,1.0,0.0,2243.252276054998
3419,2023,M,45,1,3.0,3.0,1.0,0.0,2342.9948152033285
3419,2024,M,45,1,0.0,0.0,0.0,1.0,2281.809629679412
3420,2023,M,45,1,3.0,3.0,1.0,0.0,2376.7926959398687
3421,2023,M,44,1,9.0,9.0,1.0,0.0,2413.793318759154
3423,2023,F,68,1,2.0,2.0,0.0,0.0,1472.1352604108058
3424,2023,F,94,1,6.0,6.0,1.0,0.0,1585.984289496254
3425,2023,F,88,1,5.0,5.0,1.0,0.0,1640.5186573272438
3426,2023,F,77,1,3.0,3.0,1.0,0.0,1705.8818531175182
3426,2024,F,77,1,7.0,7.0,1.0,0.0,1711.0202233912564
3427,2023,F,85,1,11.0,11.0,1.0,0.0,1765.098957363334
3428,2023,F,88,1,5.0,5.0,1.0,0.0,1767.6354395880312
3429,2023,F,63,1,1.0,1.0,0.0,0.0,1833.19374939559
3429,2025,F,63,2,1.0,1.0,0.0,0.5,1748.0278507782248
3430,2023,F,94,1,6.0,6.0,1.0,0.0,1843.6323493203054
3431,2023,F,96,1,10.0,10.0,1.0,0.0,1884.703849958672
3431,2024,F,96,6,10.833333333333334,11.5,1.0,0.0,1724.0710242244882
3431,2025,F,96,5,14.0,15.0,1.0,0.0,1884.6898492311188
3432,2023,F,85,1,11.0,11.0,1.0,0.0,1976.797666116909
3432,2025,F,85,1,14.0,14.0,1.0,0.0,1830.719282704913
3433,2023,F,96,1,10.0,10.0,1.0,0.0,3194.016462945645
3433,2024,F,96,2,15.0,15.0,1.0,0.0,2099.734753727138
3434,2023,M,75,1,15.0,15.0,1.0,0.0,1573.2240565914185
3434,2024,M,75,1,30.0,30.0,1.0,0.0,1601.2302929546506
3435,2023,M,85,1,23.0,23.0,1.0,0.0,1600.7468767004843
3437,2023,M,96,1,16.0,16.0,1.0,0.0,1654.0231927687473
3437,2024,M,96,2,15.0,15.0,1.0,0.0,1735.1853563730358
3438,2023,M,68,1,1.0,1.0,0.0,0.0,1686.7556895413147
3439,2023,M,94,1,9.0,9.0,1.0,0.0,1688.5250136911832
3440,2023,M,85,1,23.0,23.0,1.0,0.0,1690.8841125576746
3440,2024,M,85,2,14.5,14.5,1.0,0.0,1625.113753874208
3440,2025,M,85,2,17.0,17.0,1.0,0.0,1603.2972747746692
3441,2023,M,85,1,23.0,23.0,1.0,0.0,1694.0295777129966
3441,2024,M,85,1,25.0,25.0,1.0,0.0,2039.4398802613064
3441,2025,M,85,1,28.0,28.0,1.0,0.0,1912.784744327025
3442,2023,M,85,1,23.0,23.0,1.0,0.0,1705.2352973288303
3442,2024,M,85,1,25.0,25.0,1.0,0.0,1742.4542357833357
3442,2025,M,85,2,17.0,17.0,1.0,0.0,1726.8336518224035
3443,2023,M,90,1,10.0,10.0,1.0,0.0,1721.7489893942698
3444,2023,M,94,1,9.0,9.0,1.0,0.0,1739.3439351068512
3444,2024,M,94,2,6.0,6.0,1.0,0.0,1709.0426682484715
3445,2023,M,85,1,23.0,23.0,1.0,0.0,1776.5980380401938
3445,2024,M,85,1,25.0,25.0,1.0,0.0,1681.1879664679504
3445,2025,M,85,1,28.0,28.0,1.0,0.0,1642.098837324042
3446,2023,M,84,1,15.0,15.0,1.0,0.0,1806.9714359462698
3447,2023,M,75,1,15.0,15.0,1.0,0.0,1826.5322973809273
3447,2024,M,75,1,30.0,30.0,1.0,0.0,1802.6820937543928
3448,2023,M,84,1,15.0,15.0,1.0,0.0,1882.1677123156817
3448,2024,M,84,1,19.0,19.0,1.0,0.0,1827.6039660182785
3448,2025,M,84,1,7.0,7.0,1.0,0.0,1849.43505145931
3449,2023,M,79,1,21.0,21.0,1.0,0.0,1898.7797001672247
3450,2023,M,94,1,9.0,9.0,1.0,0.0,1967.0952715093701
3451,2023,M,75,1,15.0,15.0,1.0,0.0,2001.105613501287
3451,2024,M,75,1,19.0,19.0,1.0,0.0,1895.0357435458486
3451,2025,M,75,1,28.0,28.0,1.0,0.0,1765.2671913483655
3452,2023,M,90,1,10.0,10.0,1.0,0.0,2020.9613622942559
3453,2023,M,85,1,23.0,23.0,1.0,0.0,2021.5511370108788
3453,2024,M,85,1,25.0,25.0,1.0,0.0,1880.5629445790353
3454,2023,M,85,1,23.0,23.0,1.0,0.0,2025.6795600272387
3455,2023,M,94,1,9.0,9.0,1.0,0.0,2058.7069441581175
3456,2023,M,84,2,14.0,14.0,1.0,0.0,2101.8587942576887
3457,2023,M,75,1,15.0,15.0,1.0,0.0,2107.658245637813
3457,2024,M,75,1,30.0,30.0,1.0,0.0,2398.7302053989897
3458,2023,M,90,1,10.0,10.0,1.0,0.0,2109.722457145993
3459,2023,F,60,1,9.0,9.0,1.0,0.0,1852.0934605499233
3460,2023,F,60,2,6.0,6.0,1.0,0.0,1896.054202528215
3460,2024,F,60,5,6.8,7.0,1.0,0.0,1766.3018207272537
3460,2025,F,60,3,4.333333333333333,5.0,0.6666666666666666,0.0,1712.3374336654808
3461,2023,F,60,2,6.0,6.0,1.0,0.0,1915.3302135094827
3461,2024,F,60,2,9.0,9.0,1.0,0.0,1909.6645812350748
3462,2023,F,60,1,9.0,9.0,1.0,0.0,1936.2383712796457
3463,2023,F,60,1,9.0,9.0,1.0,0.0,1938.2398359550803
3463,2024,F,60,3,7.333333333333333,7.0,1.0,0.0,1852.2596043700833
3464,2023,F,60,1,9.0,9.0,1.0,0.0,1999.010498510979
3465,2023,F,60,1,9.0,9.0,1.0,0.0,2406.7255317692675
3466,2023,M,60,1,6.0,6.0,1.0,0.0,2008.0267919723447
3467,2023,F,37,1,4.0,4.0,1.0,0.0,1606.9172953378124
3468,2023,F,37,1,4.0,4.0,1.0,0.0,1639.8478844017595
3469,2023,F,37,1,4.0,4.0,1.0,0.0,1864.0383802392814
3470,2023,F,37,1,4.0,4.0,1.0,0.0,1979.8920106055587
3471,2023,M,37,1,10.0,10.0,1.0,0.0,1654.118576215899
3471,2024,M,37,1,16.0,16.0,1.0,0.0,1992.2788284082594
3473,2023,M,37,1,10.0,10.0,1.0,0.0,1883.72710379261
3474,2023,M,37,1,10.0,10.0,1.0,0.0,1987.3047601526828
3475,2023,M,37,1,10.0,10.0,1.0,0.0,2340.503592113797
3475,2024,M,37,1,16.0,16.0,1.0,0.0,2336.927504161841
3476,2023,M,37,1,10.0,10.0,1.0,0.0,2617.9472296023227
3477,2023,M,60,1,4.0,4.0,1.0,0.0,2127.240270248077
3477,2024,M,60,1,7.0,7.0,1.0,0.0,1957.0463893877672
3478,2023,F,84,1,6.0,6.0,1.0,0.0,1610.9216757437553
3479,2023,F,84,1,6.0,6.0,1.0,0.0,1645.3813915901003
3480,2023,F,84,1,6.0,6.0,1.0,0.0,1782.473160864989
3481,2023,F,84,1,6.0,6.0,1.0,0.0,2034.9909702105608
3482,2023,M,84,1,13.0,13.0,1.0,0.0,1761.8238152009799
3483,2023,M,84,1,13.0,13.0,1.0,0.0,1818.7506253695626
3483,2025,M,84,1,11.0,11.0,1.0,0.0,1868.593045572336
3485,2023,M,84,1,13.0,13.0,1.0,0.0,2114.826308569259
3486,2023,M,84,1,13.0,13.0,1.0,0.0,2149.05742176783
3486,2024,M,84,1,19.0,19.0,1.0,0.0,2157.8187735147626
3489,2024,F,40,1,7.0,7.0,1.0,0.0,1592.8270896563272
3490,2024,F,40,1,7.0,7.0,1.0,0.0,1506.9926829200379
3493,2024,M,40,2,7.0,7.0,0.5,0.0,1673.2902880972392
3504,2025,F,202,2,7.5,7.5,1.0,0.0,1488.9551141791178
3508,2025,M,202,1,10.0,10.0,1.0,0.0,2646.0595275798455
3513,2025,M,202,1,10.0,10.0,1.0,0.0,2418.087960052413
3522,2024,M,1,1,16.0,16.0,1.0,0.0,1913.7706180586206
3537,2024,F,199,3,5.333333333333333,4.0,1.0,0.0,1878.362408636609
3543,2024,M,188,4,23.25,22.5,1.0,0.0,1638.7449787029095
3543,2025,M,188,4,17.5,17.0,1.0,0.0,1678.1962810426166
3547,2024,M,188,1,29.0,29.0,1.0,0.0,1829.3847490205035
3547,2025,M,188,3,17.666666666666668,17.0,1.0,0.0,1900.37230450408
3559,2024,M,205,3,5.666666666666667,6.0,1.0,0.0,2304.695798328163
3586,2024,F,166,2,4.0,4.0,0.5,0.0,1414.56857350184
3586,2025,F,166,2,4.0,4.0,0.5,0.0,1646.7783309459337
3595,2024,M,166,2,11.5,11.5,1.0,0.0,2244.4126664036557
3596,2024,M,166,2,11.5,11.5,1.0,0.0,1655.4063854697158
3596,2025,M,166,1,11.0,11.0,1.0,0.0,1691.7334659980515
3613,2024,M,79,3,18.333333333333332,19.0,1.0,0.0,1936.6269623570588
3615,2025,M,88,2,10.5,10.5,1.0,0.0,1646.9375505172368
3645,2025,F,147,1,5.0,5.0,1.0,0.0,2309.9186339609055
3682,2025,M,158,3,29.333333333333332,29.0,1.0,0.0,2511.4198335435945
3699,2024,M,146,3,41.0,36.0,1.0,0.0,1913.497906336255
3742,2024,F,108,1,10.0,10.0,1.0,0.0,1418.3484361369099
3755,2024,F,112,2,20.5,20.5,1.0,0.0,1781.625141079899
3755,2025,F,112,3,18.333333333333332,24.0,1.0,0.0,1839.9589273154572
3782,2023,M,49,1,15.0,15.0,1.0,0.0,1835.6386943998602
3787,2024,M,162,3,16.666666666666668,14.0,1.0,0.0,1638.998294851731
3787,2025,M,162,3,19.333333333333332,17.0,1.0,0.0,1625.0673543928742
3789,2024,M,162,3,16.666666666666668,14.0,1.0,0.0,1566.6664539352207
3790,2024,M,162,1,25.0,25.0,1.0,0.0,1837.04240256253
3790,2025,M,162,1,26.0,26.0,1.0,0.0,1815.1099880841812
3804,2025,M,56,1,27.0,27.0,1.0,0.0,1752.0485962333664
3820,2025,F,124,2,37.0,37.0,1.0,0.0,1804.948530290497
3823,2024,F,124,1,37.0,37.0,1.0,0.0,1697.85673145842
3823,2025,F,124,1,27.0,27.0,1.0,0.0,1777.986585874777
3828,2023,M,124,2,33.5,33.5,1.0,0.0,1594.594017929385
3828,2024,M,124,1,43.0,43.0,1.0,0.0,1612.01281707001
3832,2024,M,124,1,30.0,30.0,1.0,0.0,1815.6831622947398
3855,2025,M,188,3,17.666666666666668,17.0,1.0,0.0,1891.7706810704642
3859,2023,M,79,3,24.0,25.0,1.0,0.0,1784.1375391437423
3859,2024,M,79,4,17.5,17.0,1.0,0.0,1684.1834812863706
3859,2025,M,79,3,19.666666666666668,17.0,1.0,0.0,1739.028144435972
3862,2024,F,124,2,17.5,17.5,1.0,0.0,1424.6585633401257
3862,2025,F,124,3,33.333333333333336,27.0,1.0,0.0,1281.1373037124142
3864,2024,F,112,3,19.333333333333332,18.0,1.0,0.0,1777.7958908711207
3864,2025,F,112,3,11.333333333333334,6.0,1.0,0.0,1640.1999017988162
3865,2024,F,118,1,5.0,5.0,1.0,0.0,1771.6808167827348
3866,2024,F,118,3,4.333333333333333,5.0,1.0,0.0,1685.4505289463723
3869,2024,F,118,4,4.0,4.0,1.0,0.0,1616.1422828962409
3869,2025,F,118,5,3.6,4.0,0.8,0.0,1538.3
3872,2025,M,124,1,27.0,27.0,1.0,0.0,1715.8880833983005
3875,2024,M,124,1,30.0,30.0,1.0,0.0,1877.450550554821
3883,2024,M,118,1,8.0,8.0,1.0,0.0,2175.2661731633134
3884,2024,M,118,4,7.5,7.5,1.0,0.0,1695.6622367582513
3884,2025,M,118,4,4.25,3.5,0.5,0.0,1720.4485734849186
3887,2024,M,118,4,7.5,7.5,1.0,0.0,1887.8359876054215
3887,2025,M,118,2,4.0,4.0,1.0,0.0,2033.8297520753724
3889,2024,F,59,1,8.0,8.0,1.0,0.0,2241.9752188930743
3901,2024,M,59,1,18.0,18.0,1.0,0.0,1724.7540938282066
3901,2025,M,59,1,28.0,28.0,1.0,0.0,1863.7897286983564
3914,2024,M,59,2,19.5,19.5,1.0,0.0,1808.7397715603688
3960,2024,M,121,1,0.0,0.0,0.0,1.0,2329.1093197687737
3963,2024,M,121,1,12.0,12.0,1.0,0.0,1980.72341149021
3964,2024,M,121,1,12.0,12.0,1.0,0.0,1765.3574647737476
3968,2024,F,117,1,26.0,26.0,1.0,0.0,1532.9272577254546
3975,2025,F,1,2,8.5,8.5,1.0,0.0,1858.7171619349915
3980,2024,F,108,1,6.0,6.0,1.0,0.0,1541.2295597993623
3984,2024,M,108,1,8.0,8.0,1.0,0.0,1865.8846400022162
3997,2024,M,117,1,67.0,67.0,1.0,0.0,2260.026741500276
4006,2024,M,117,2,51.5,51.5,1.0,0.0,2068.024998156928
4025,2024,F,61,2,3.5,3.5,1.0,0.0,1339.122988281346
4044,2024,M,61,2,28.0,28.0,1.0,0.0,2102.672042704073
4053,2024,F,11,1,9.0,9.0,1.0,0.0,1739.0549668850012
4057,2024,M,11,2,17.5,17.5,1.0,0.0,1813.2262250109552
4065,2024,M,15,2,17.5,17.5,1.0,0.0,1921.1730004948654
4081,2024,M,59,3,19.666666666666668,19.0,1.0,0.0,2295.108672656633
4081,2025,M,59,3,22.333333333333332,21.0,1.0,0.0,2261.1916555528683
4082,2025,M,59,4,15.75,14.0,1.0,0.0,1639.300215003488
4084,2024,M,59,1,19.0,19.0,1.0,0.0,1714.5266403841808
4084,2025,M,59,2,24.5,24.5,1.0,0.0,1783.3259675624681
4092,2024,F,117,3,20.333333333333332,23.0,1.0,0.0,1567.4701344337298
4092,2025,F,117,1,29.0,29.0,1.0,0.0,1480.4524564407702
4093,2024,F,117,1,26.0,26.0,1.0,0.0,1676.2752187050414
4094,2025,F,117,1,15.0,15.0,1.0,0.0,1744.7932817402573
4115,2024,F,164,2,20.0,20.0,1.0,0.0,1815.576339313234
4115,2025,F,164,2,26.5,26.5,1.0,0.0,1741.3968985921429
4116,2024,F,164,1,30.0,30.0,1.0,0.0,1704.5964764832495
4116,2025,F,164,1,25.0,25.0,1.0,0.0,1663.605248775998
4117,2024,F,164,2,25.0,25.0,1.0,0.0,1528.3771303624953
4123,2024,M,164,1,39.0,39.0,1.0,0.0,1732.2919061307903
4136,2024,M,44,2,17.5,17.5,1.0,0.0,2118.8783510572543
4138,2024,M,44,2,17.5,17.5,1.0,0.0,1714.9747018026796
4138,2025,M,44,1,23.0,23.0,1.0,0.0,1859.7813063022802
4144,2024,M,116,2,20.0,20.0,1.0,0.0,1732.8264783922427
4144,2025,M,116,1,20.0,20.0,1.0,0.0,1691.985364274373
4151,2024,F,88,1,15.0,15.0,1.0,0.0,1737.0544263862753
4153,2024,F,111,1,12.0,12.0,1.0,0.0,1387.157083717988
4154,2024,M,111,3,13.666666666666666,14.0,1.0,0.0,1832.7846570895128
4154,2025,M,111,2,16.5,16.5,1.0,0.0,1604.4391254308541
4182,2025,M,17,2,11.5,11.5,1.0,0.0,1837.9254733352793
4185,2024,M,17,1,9.0,9.0,1.0,0.0,1724.486874684249
4185,2025,M,17,1,18.0,18.0,1.0,0.0,1780.3281022095225
4191,2024,M,17,1,9.0,9.0,1.0,0.0,1589.7660050354361
4191,2025,M,17,1,18.0,18.0,1.0,0.0,1618.6412898003061
4194,2024,M,17,1,9.0,9.0,1.0,0.0,2030.3719534434158
4194,2025,M,17,2,11.5,11.5,1.0,0.0,1958.544288102807
4205,2024,M,17,1,9.0,9.0,1.0,0.0,1665.3411270335507
4205,2025,M,17,2,11.5,11.5,1.0,0.0,1736.2369737859913
4221,2024,M,188,1,25.0,25.0,1.0,0.0,2427.4728365417322
4223,2024,F,164,3,23.333333333333332,20.0,1.0,0.0,1828.1811155777734
4223,2025,F,164,2,26.0,26.0,1.0,0.0,1766.41100268252
4230,2024,F,130,2,7.5,7.5,1.0,0.0,1830.9170360072858
4231,2024,F,130,2,7.5,7.5,1.0,0.0,1441.2437976895865
4233,2024,F,138,1,13.0,13.0,1.0,0.0,1844.476964033653
4237,2024,F,169,2,1.0,1.0,0.0,0.0,1727.0615147530955
4237,2025,F,169,2,10.0,10.0,1.0,0.0,1985.6801231683871
4238,2024,F,69,1,5.0,5.0,1.0,0.0,1997.4791028873938
4241,2024,F,169,1,6.0,6.0,1.0,0.0,1588.9745197609534
4241,2025,F,169,2,13.0,13.0,1.0,0.0,1761.6036024440662
4246,2025,F,159,1,17.0,17.0,1.0,0.0,2232.0679058993137
4249,2024,F,130,2,7.5,7.5,1.0,0.0,1887.1988277001135
4251,2024,F,158,2,21.5,21.5,1.0,0.0,2233.5078514344027
4252,2024,F,158,2,18.5,18.5,1.0,0.0,2467.831365324823
4277,2025,F,162,1,7.0,7.0,1.0,0.0,1424.6569499199181
4285,2025,F,159,1,17.0,17.0,1.0,0.0,1725.0667106164967
4303,2025,M,167,3,44.333333333333336,44.0,1.0,0.0,1654.06988598355
4304,2025,M,167,2,40.5,40.5,1.0,0.0,2361.216281791369
4315,2024,M,171,3,15.0,15.0,1.0,0.0,1833.339765211082
4315,2025,M,171,3,16.333333333333332,18.0,1.0,0.0,1899.901318157286
4316,2024,M,171,1,21.0,21.0,1.0,0.0,1767.2930750782125
4316,2025,M,171,2,18.0,18.0,1.0,0.0,1925.8006048404325
4320,2024,M,131,1,4.0,4.0,1.0,0.0,2378.151502655126
4332,2024,M,158,3,17.0,20.0,1.0,0.0,1935.1451582086631
4336,2024,M,158,1,11.0,11.0,1.0,0.0,1986.5289303136165
4340,2024,M,69,2,8.0,8.0,1.0,0.0,2236.748954929484
4347,2023,M,139,1,31.0,31.0,1.0,0.0,2436.333222530023
4347,2024,M,139,1,25.0,25.0,1.0,0.0,2352.226521971987
4347,2025,M,139,1,16.0,16.0,1.0,0.0,3161.65338319491
4354,2024,M,139,2,24.0,24.0,1.0,0.0,2193.3246377137884
4361,2024,M,159,2,26.0,26.0,1.0,0.0,1963.3867058324981
4365,2025,M,159,3,28.333333333333332,29.0,1.0,0.0,1735.5727162386715
4368,2024,M,159,2,27.0,27.0,1.0,0.0,1739.0806438661587
4369,2024,M,159,2,28.5,28.5,1.0,0.0,2196.209727434784
4397,2024,M,162,2,18.0,18.0,1.0,0.0,1678.8446007026175
4397,2025,M,162,2,21.5,21.5,1.0,0.0,1997.5846000904462
4433,2024,M,164,3,28.0,23.0,1.0,0.0,1942.3681436845163
4449,2024,M,169,1,7.0,7.0,1.0,0.0,1550.1794670276927
4468,2024,M,58,2,14.0,14.0,1.0,0.0,1869.031097279048
4476,2024,M,206,1,1.0,1.0,0.0,0.0,2041.0463178405093
4482,2024,M,204,2,32.5,32.5,1.0,0.0,1614.9050199985877
4520,2024,F,59,2,12.0,12.0,1.0,0.0,1704.6185602110272
4530,2024,M,121,1,12.0,12.0,1.0,0.0,1935.8811518184916
4535,2024,M,116,2,15.5,15.5,1.0,0.0,1656.7483474339501
4542,2024,F,66,1,5.0,5.0,1.0,0.0,1683.3593678550965
4545,2024,F,75,2,7.0,7.0,1.0,0.0,1579.263819958356
4545,2025,F,75,2,13.0,13.0,1.0,0.0,1632.1948972789967
4549,2024,F,86,2,11.0,11.0,1.0,0.0,1736.1815834496736
4549,2025,F,86,3,12.666666666666666,12.0,1.0,0.0,1752.5087190209938
4550,2024,F,86,2,11.0,11.0,1.0,0.0,1758.7013007879207
4550,2025,F,86,3,12.666666666666666,12.0,1.0,0.0,1662.6617931444243
4551,2025,F,86,2,13.5,13.5,1.0,0.0,1975.1556086462463
4555,2024,F,75,3,6.666666666666667,6.0,1.0,0.0,1874.5702228797518
4555,2025,F,75,2,13.0,13.0,1.0,0.0,1654.710117350263
4560,2024,F,86,1,13.0,13.0,1.0,0.0,2180.6477822269576
4573,2024,M,75,1,30.0,30.0,1.0,0.0,1880.5629445790353
4573,2025,M,75,1,28.0,28.0,1.0,0.0,1852.5284341696035
4575,2024,M,75,2,24.5,24.5,1.0,0.0,1757.9480514595534
4580,2023,M,79,1,25.0,25.0,1.0,0.0,1900.9368365722942
4585,2024,M,79,4,17.5,17.0,1.0,0.0,2155.27839359092
4585,2025,M,79,2,25.5,25.5,1.0,0.0,2307.484463651357
4589,2024,M,88,2,17.0,17.0,1.0,0.0,2400.400681258716
4589,2025,M,88,2,24.0,24.0,1.0,0.0,2128.4248059248953
4590,2024,M,88,1,34.0,34.0,1.0,0.0,2111.949672117354
4599,2024,F,1,1,1.0,1.0,0.0,0.0,1755.0704460043564
4603,2024,M,1,2,12.5,12.5,1.0,0.0,1743.5239906942095
4603,2025,M,1,2,14.0,14.0,1.0,0.0,1699.579952110087
4627,2024,M,61,2,15.0,15.0,1.0,0.0,1868.1719970271224
4631,2024,F,4,3,9.0,9.0,1.0,0.0,1547.1315845785919
4637,2024,M,4,3,32.333333333333336,30.0,1.0,0.0,1802.8191944524915
4638,2024,M,4,2,36.0,36.0,1.0,0.0,1925.1673307625401
4640,2024,M,17,1,9.0,9.0,1.0,0.0,1785.7236336155274
4640,2025,M,17,1,18.0,18.0,1.0,0.0,1755.4838590853412
4648,2024,M,174,1,14.0,14.0,1.0,0.0,2281.443020865195
4655,2024,F,96,5,12.4,12.0,1.0,0.0,1550.1526309362239
4655,2025,F,96,4,14.0,15.0,1.0,0.0,1607.5556003665565
4656,2024,F,96,4,13.75,13.0,1.0,0.0,1645.0281130679596
4656,2025,F,96,4,15.25,15.0,1.0,0.0,1585.3311315584776
4660,2024,F,137,1,8.0,8.0,1.0,0.0,1687.5514246433079
4665,2024,F,158,4,18.25,18.0,1.0,0.0,1498.8089428320714
4665,2025,F,158,1,0.0,0.0,0.0,1.0,1426.1078943362375
4669,2024,F,159,2,10.5,10.5,1.0,0.0,1745.2240996972
4673,2024,F,130,1,6.0,6.0,1.0,0.0,2053.601584518275
4673,2025,F,130,1,8.0,8.0,1.0,0.0,1854.5082981942433
4681,2023,F,139,1,16.0,16.0,1.0,0.0,1948.359873656653
4681,2024,F,139,3,11.0,10.0,1.0,0.0,2337.6024905250847
4681,2025,F,139,1,12.0,12.0,1.0,0.0,2499.2483334212143
4687,2025,F,152,1,6.0,6.0,1.0,0.0,2190.526830952482
4689,2024,M,130,2,8.5,8.5,1.0,0.0,2666.63276436704
4692,2024,M,158,1,18.0,18.0,1.0,0.0,2228.8387941561587
4699,2024,M,137,1,5.0,5.0,1.0,0.0,1719.8782142718303
4699,2025,M,137,1,6.0,6.0,1.0,0.0,1626.1437901678648
4700,2024,M,137,3,8.0,9.0,1.0,0.0,1928.5341501396763
4702,2024,M,137,1,10.0,10.0,1.0,0.0,1969.680482338387
4704,2024,M,138,2,8.5,8.5,1.0,0.0,1741.9133380139538
4704,2025,M,138,1,8.0,8.0,1.0,0.0,1706.964855943982
4705,2024,M,139,1,23.0,23.0,1.0,0.0,2042.856197369878
4714,2025,M,159,1,45.0,45.0,1.0,0.0,2049.072050583673
4719,2024,M,152,1,7.0,7.0,1.0,0.0,2188.2784329561714
4722,2024,M,160,2,9.0,9.0,1.0,0.0,1882.3290101414402
4723,2024,M,160,2,9.0,9.0,1.0,0.0,2328.8761476279515
4723,2025,M,160,1,8.0,8.0,1.0,0.0,2431.872466907851
4726,2024,M,166,2,11.5,11.5,1.0,0.0,1887.1944180460657
4726,2025,M,166,1,11.0,11.0,1.0,0.0,2154.133409349357
4728,2024,M,166,1,13.0,13.0,1.0,0.0,2317.5884012892207
4732,2024,M,169,3,10.333333333333334,11.0,1.0,0.0,2006.237357785523
4732,2025,M,169,3,12.333333333333334,12.0,1.0,0.0,1855.4139894665136
4733,2024,M,169,1,12.0,12.0,1.0,0.0,2293.302922084946
4735,2024,M,169,4,9.5,9.5,1.0,0.0,1993.9260594816358
4763,2024,F,60,1,9.0,9.0,1.0,0.0,1993.900714927955
4763,2025,F,60,2,5.5,5.5,1.0,0.0,1846.1116556156708
4766,2024,F,111,3,11.0,11.0,1.0,0.0,1554.8411962056762
4766,2025,F,111,1,8.0,8.0,1.0,0.0,1583.5428775238468
4774,2024,F,120,2,5.5,5.5,1.0,0.0,1758.3939459967394
4778,2024,F,117,2,24.5,24.5,1.0,0.0,1894.6817648086615
4785,2024,F,36,1,8.0,8.0,1.0,0.0,1791.2582244248483
4785,2025,F,36,1,12.0,12.0,1.0,0.0,1665.1770421346273
4786,2024,F,36,1,8.0,8.0,1.0,0.0,1477.8147490830574
4787,2024,F,36,1,8.0,8.0,1.0,0.0,1894.5520969806657
4790,2024,F,56,1,15.0,15.0,1.0,0.0,1616.0459481934886
4790,2025,F,56,3,15.333333333333334,15.0,1.0,0.0,1505.8649344510034
4791,2024,F,61,3,19.333333333333332,19.0,1.0,0.0,1584.0045225550982
4793,2024,F,62,1,9.0,9.0,1.0,0.0,1704.6461693155845
4793,2025,F,62,1,6.0,6.0,1.0,0.0,1696.6377323647368
4794,2024,F,61,1,17.0,17.0,1.0,0.0,1654.8310509501323
4794,2025,F,61,1,9.0,9.0,1.0,0.0,1686.6446229027938
4799,2024,F,60,1,9.0,9.0,1.0,0.0,1979.311197501653
4821,2024,F,36,1,8.0,8.0,1.0,0.0,1864.038849570499
4821,2025,F,36,1,12.0,12.0,1.0,0.0,1862.0789511033188
4841,2024,M,107,3,7.0,7.0,1.0,0.0,1815.1358695032436
4841,2025,M,107,1,12.0,12.0,1.0,0.0,1933.511484215494
4848,2025,M,107,2,13.0,13.0,1.0,0.0,1888.2978908210962
4864,2025,M,43,1,12.0,12.0,1.0,0.0,2192.838771751412
4865,2024,M,43,1,11.0,11.0,1.0,0.0,1818.5306338112564
4865,2025,M,43,1,12.0,12.0,1.0,0.0,1973.2586080508834
4877,2024,M,36,1,14.0,14.0,1.0,0.0,1705.1434710139483
4878,2024,M,36,1,14.0,14.0,1.0,0.0,2101.0013137797523
4878,2025,M,36,2,6.5,6.5,0.5,0.0,1703.7290386515667
4879,2024,M,36,1,14.0,14.0,1.0,0.0,1818.245711804178
4881,2024,M,36,1,14.0,14.0,1.0,0.0,1896.4193194091897
4883,2024,M,36,1,14.0,14.0,1.0,0.0,1978.6043386685262
4884,2024,M,36,1,14.0,14.0,1.0,0.0,2142.485180643989
4889,2024,M,36,1,14.0,14.0,1.0,0.0,1741.246175902871
4891,2025,M,36,1,12.0,12.0,1.0,0.0,1894.1134053932153
4900,2024,M,60,2,7.5,7.5,1.0,0.0,1967.9437533242299
4901,2024,M,60,1,4.0,4.0,1.0,0.0,1737.0318209305512
4901,2025,M,60,2,7.5,7.5,1.0,0.0,1866.5831241754506
4910,2024,M,116,4,15.75,16.0,1.0,0.0,1608.9920329504253
4910,2025,M,116,2,18.5,18.5,1.0,0.0,1605.9501758129088
4917,2024,M,116,1,17.0,17.0,1.0,0.0,1680.2336427160365
4917,2025,M,116,1,20.0,20.0,1.0,0.0,1769.026213078142
4918,2024,M,116,3,16.666666666666668,19.0,1.0,0.0,1986.1037794295285
4918,2025,M,116,2,18.5,18.5,1.0,0.0,2064.875806275616
4931,2024,M,62,1,12.0,12.0,1.0,0.0,2106.047116330676
4931,2025,M,62,1,13.0,13.0,1.0,0.0,2237.2342833745383
4957,2024,F,174,2,7.5,7.5,1.0,0.0,1717.0123956655946
4959,2024,F,172,4,14.75,14.5,1.0,0.0,1467.7920998398465
4960,2024,F,172,5,12.0,12.0,0.8,0.0,1429.1909603448578
4971,2024,F,203,4,21.0,22.0,1.0,0.0,1443.9822378589788
4975,2025,F,206,1,4.0,4.0,1.0,0.0,1876.4566454343205
4977,2024,F,196,1,4.0,4.0,1.0,0.0,1857.0366639711792
4977,2025,F,196,2,1.5,1.5,0.0,0.0,1532.360500723015
4997,2024,M,174,2,13.5,13.5,1.0,0.0,1786.7484759963097
4999,2024,M,175,2,5.0,5.0,0.5,0.0,2159.159192446564
4999,2025,M,175,3,4.0,3.0,0.6666666666666666,0.0,2308.9324726343852
5001,2024,M,175,2,5.0,5.0,0.5,0.0,2156.162968059761
5002,2025,M,175,4,3.25,2.5,0.5,0.0,1936.2449840510915
5003,2024,M,175,1,8.0,8.0,1.0,0.0,2078.9272724288267
5005,2024,M,175,2,6.0,6.0,1.0,0.0,1810.7203299400633
5006,2024,M,175,3,4.666666666666667,4.0,0.6666666666666666,0.0,2156.123018401271
5006,2025,M,175,4,4.5,4.5,0.75,0.0,2045.4269542255106
5007,2024,M,175,2,6.0,6.0,1.0,0.0,1653.8654430439467
5013,2024,M,188,4,23.25,22.5,1.0,0.0,1622.815052379745
5013,2025,M,188,3,18.333333333333332,17.0,1.0,0.0,1660.9930341753848
5025,2024,M,196,3,14.333333333333334,16.0,1.0,0.0,1615.1247431202864
5025,2025,M,196,3,11.333333333333334,11.0,1.0,0.0,1706.6776556439495
5033,2024,M,203,1,28.0,28.0,1.0,0.0,1736.5350106606268
5038,2024,M,204,3,24.666666666666668,20.0,1.0,0.0,2167.18169998617
5038,2025,M,204,3,27.0,24.0,1.0,0.0,2001.9301084532487
5050,2023,M,79,3,21.333333333333332,21.0,1.0,0.0,1814.9614535868907
5065,2024,F,203,2,20.0,20.0,1.0,0.0,1716.6455804625848
5065,2025,F,203,4,15.75,17.0,1.0,0.0,1603.0803575687573
5074,2024,F,180,1,8.0,8.0,1.0,0.0,1564.3953360751377
5130,2024,M,206,1,1.0,1.0,0.0,0.0,1957.9781629957415
5132,2024,M,208,1,10.0,10.0,1.0,0.0,2117.6415098601096
5134,2025,M,208,2,9.5,9.5,1.0,0.0,1982.7599187238816
5135,2024,M,208,1,10.0,10.0,1.0,0.0,1945.768091618519
5137,2024,M,15,2,17.5,17.5,1.0,0.0,1554.7930566923983
5137,2025,M,15,3,9.0,13.0,0.6666666666666666,0.3333333333333333,1485.3788736861318
5138,2024,M,15,2,17.5,17.5,1.0,0.0,1652.0549987102788
5144,2024,F,19,1,4.0,4.0,1.0,0.0,1512.5625156765227
5147,2024,M,19,1,15.0,15.0,1.0,0.0,1752.459014284697
5154,2025,M,19,1,10.0,10.0,1.0,0.0,1640.3187819726618
5158,2024,M,19,5,7.6,5.0,1.0,0.0,1588.7467255828365
5161,2024,M,19,1,9.0,9.0,1.0,0.0,1594.9858719376102
5171,2024,M,19,5,7.6,5.0,1.0,0.0,1778.3854567301867
5173,2024,M,4,1,42.0,42.0,1.0,0.0,1562.0827094309047
5175,2024,M,4,3,32.333333333333336,30.0,1.0,0.0,1568.7655528299715
5202,2024,F,167,3,19.666666666666668,21.0,1.0,0.0,1559.7677791538213
5203,2024,F,167,2,20.0,20.0,1.0,0.0,1674.6764371933436
5215,2024,M,90,2,7.5,7.5,1.0,0.0,2040.8369755931074
5220,2024,M,167,5,34.2,42.0,1.0,0.0,1695.5276641193277
5230,2024,M,167,4,41.5,43.5,1.0,0.0,1719.824386126955
5230,2025,M,167,3,30.0,43.0,1.0,0.0,1745.5170086809917
5236,2024,M,167,3,30.666666666666668,42.0,1.0,0.0,1652.0525958085757
5264,2023,F,69,3,6.0,6.0,1.0,0.0,1495.5909108400338
5271,2024,M,146,2,43.5,43.5,1.0,0.0,2012.1021316082788
5271,2025,M,146,2,35.5,35.5,1.0,0.0,1948.5657186177452
5277,2024,F,167,1,21.0,21.0,1.0,0.0,1751.0005027008488
5279,2025,F,167,1,22.0,22.0,1.0,0.0,1595.134717898376
5290,2025,F,117,2,22.0,22.0,1.0,0.0,1505.0455088892215
5295,2024,M,60,1,8.0,8.0,1.0,0.0,1816.9948354552962
5297,2023,M,84,3,14.0,14.0,1.0,0.0,1575.6465540334755
5297,2024,M,84,1,19.0,19.0,1.0,0.0,1662.496562270036
5298,2023,F,139,2,12.5,12.5,1.0,0.0,1594.3851571951523
5298,2024,F,139,3,15.333333333333334,16.0,1.0,0.0,1728.1747518730247
5306,2024,M,130,1,13.0,13.0,1.0,0.0,2261.9563199601876
5309,2024,M,139,1,25.0,25.0,1.0,0.0,2323.57155101806
5312,2023,M,139,1,31.0,31.0,1.0,0.0,2429.371133798103
5313,2023,M,139,1,31.0,31.0,1.0,0.0,2475.0225441974044
5314,2024,M,142,2,7.5,7.5,1.0,0.0,1722.159781921175
5340,2024,M,37,1,16.0,16.0,1.0,0.0,1994.1741467409129
5344,2024,F,158,3,19.666666666666668,20.0,1.0,0.0,1936.6186624840311
5358,2024,M,94,1,7.0,7.0,1.0,0.0,1998.941837832492
5358,2025,M,94,2,8.0,8.0,1.0,0.0,1913.8291339880566
5368,2024,F,188,4,15.5,17.5,1.0,0.0,1467.6922262577118
5368,2025,F,188,5,15.8,17.0,1.0,0.0,1549.5170471057368
5374,2024,M,175,1,4.0,4.0,1.0,0.0,1859.0196690091325
5374,2025,M,175,3,5.0,6.0,0.6666666666666666,0.0,1972.6063922022856
5402,2024,M,164,1,39.0,39.0,1.0,0.0,1965.7275022598246
5402,2025,M,164,1,31.0,31.0,1.0,0.0,2050.7174020218695
5408,2024,M,137,3,8.0,9.0,1.0,0.0,2096.857150022695
5408,2025,M,137,1,6.0,6.0,1.0,0.0,2001.8593229142305
5409,2024,M,132,2,15.0,15.0,1.0,0.0,1713.380422439406
5409,2025,M,132,1,15.0,15.0,1.0,0.0,1715.2120269627767
5411,2025,M,164,1,22.0,22.0,1.0,0.0,1877.891930550999
5421,2024,M,96,4,14.5,14.0,1.0,0.0,2113.566780060362
5426,2024,F,85,1,13.0,13.0,1.0,0.0,1645.9699153591005
5426,2025,F,85,1,14.0,14.0,1.0,0.0,1573.0428952519762
5439,2024,F,85,1,13.0,13.0,1.0,0.0,2068.796917568115
5439,2025,F,85,1,14.0,14.0,1.0,0.0,1953.522366826011
5441,2024,F,85,1,13.0,13.0,1.0,0.0,1911.0992011265246
5445,2025,M,85,1,28.0,28.0,1.0,0.0,2407.218702995772
5449,2024,M,85,1,25.0,25.0,1.0,0.0,2082.0147453787777
5450,2024,M,212,1,2.0,2.0,0.0,0.0,1903.4079941542639
5456,2024,M,84,1,19.0,19.0,1.0,0.0,1972.9815542242777
5464,2024,M,85,1,25.0,25.0,1.0,0.0,1857.7178950038067
5464,2025,M,85,1,28.0,28.0,1.0,0.0,2053.5585240658806
5474,2024,M,85,1,25.0,25.0,1.0,0.0,1889.9086466779922
5488,2024,M,199,1,14.0,14.0,1.0,0.0,1917.9381171353139
5489,2024,M,199,1,14.0,14.0,1.0,0.0,2190.5490761402657
5490,2024,M,199,1,14.0,14.0,1.0,0.0,2123.5168600604948
5500,2024,M,124,4,32.0,29.0,1.0,0.0,1684.9153569447342
5500,2025,M,124,4,33.25,33.0,1.0,0.0,1662.8163569637325
5512,2024,F,203,1,22.0,22.0,1.0,0.0,1864.30020827207
5520,2024,F,124,1,37.0,37.0,1.0,0.0,1696.4260142898675
5520,2025,F,124,1,23.0,23.0,1.0,0.0,1732.4711582469017
5521,2024,F,164,2,25.0,25.0,1.0,0.0,1714.6404177530073
5521,2025,F,164,2,24.5,24.5,1.0,0.0,1634.321553453683
5524,2024,F,120,1,2.0,2.0,0.0,0.0,1639.2896670668558
5559,2025,M,202,2,8.5,8.5,1.0,0.0,2211.175203991567
5565,2025,M,159,1,45.0,45.0,1.0,0.0,1760.7554177497793
5568,2024,M,63,1,11.0,11.0,1.0,0.0,1794.3748029997641
5569,2024,M,95,1,4.0,4.0,1.0,0.0,2258.8190378256672
5571,2024,M,75,5,18.4,19.0,1.0,0.0,1607.1001428109994
5571,2025,M,75,1,16.0,16.0,1.0,0.0,1616.308456035675
5577,2024,M,124,1,43.0,43.0,1.0,0.0,1824.4055305760862
5577,2025,M,124,1,35.0,35.0,1.0,0.0,1882.7263947580357
5582,2024,M,95,1,4.0,4.0,1.0,0.0,1849.033725637895
5583,2024,M,196,2,13.5,13.5,1.0,0.0,1748.0189476749574
5583,2025,M,196,4,10.0,10.0,1.0,0.0,1777.0451101648646
5585,2024,M,95,1,4.0,4.0,1.0,0.0,2093.8249516592878
5616,2024,M,10,1,13.0,13.0,1.0,0.0,1956.1820484684247
5619,2024,M,10,1,15.0,15.0,1.0,0.0,1584.3689164692564
5619,2025,M,10,3,12.333333333333334,13.0,1.0,0.0,1483.8407776633815
5645,2024,M,112,4,26.0,28.0,1.0,0.0,1920.5651215829516
5645,2025,M,112,3,26.333333333333332,34.0,1.0,0.0,1925.1339467423586
5648,2024,F,121,1,5.0,5.0,1.0,0.0,2028.1997711252664
5662,2024,M,112,2,28.0,28.0,1.0,0.0,2077.1764701381185
5662,2025,M,112,1,43.0,43.0,1.0,0.0,1952.8049616255437
5665,2025,M,117,1,38.0,38.0,1.0,0.0,1911.5130374470523
5670,2024,M,43,2,11.0,11.0,1.0,0.0,2221.4612401750633
5670,2025,M,43,2,11.5,11.5,1.0,0.0,2365.8237776483998
5679,2024,F,157,2,1.0,1.0,0.0,0.0,1844.3035038231146
5679,2025,F,157,1,1.0,1.0,0.0,0.0,1950.5268398521296
5682,2024,F,159,1,12.0,12.0,1.0,0.0,1866.4827466786257
5683,2024,F,159,1,15.0,15.0,1.0,0.0,1984.6594019409267
5685,2024,F,138,2,11.5,11.5,1.0,0.0,1795.7797080861612
5691,2023,F,138,1,8.0,8.0,1.0,0.0,1621.9974129284158
5691,2024,F,138,2,12.5,12.5,1.0,0.0,1804.8280804830065
5708,2023,M,159,3,23.666666666666668,24.0,1.0,0.0,1735.9960297378407
5708,2024,M,159,4,28.25,28.0,1.0,0.0,1681.8742044708774
5708,2025,M,159,3,21.666666666666668,25.0,1.0,0.0,1723.6603794438074
5709,2024,M,159,1,32.0,32.0,1.0,0.0,1794.0125187764056
5709,2025,M,159,2,37.0,37.0,1.0,0.0,1616.4024900383104
5726,2025,M,202,2,8.5,8.5,1.0,0.0,1879.4989233928318
5732,2024,M,174,3,12.0,13.0,1.0,0.0,1858.4281507432383
5733,2024,M,174,1,13.0,13.0,1.0,0.0,1775.9321059599542
5733,2025,M,174,3,16.333333333333332,16.0,1.0,0.0,1858.3416445443663
5735,2024,M,188,4,23.25,22.5,1.0,0.0,1805.0054699265572
5736,2024,M,191,1,4.0,4.0,1.0,0.0,2347.055047424012
5736,2025,M,191,1,2.0,2.0,0.0,0.0,2280.7415951985977
5766,2024,F,159,3,10.333333333333334,9.0,1.0,0.0,1852.9021108872967
5787,2023,M,4,2,39.0,39.0,1.0,0.0,1651.3049108934927
5787,2025,M,4,2,14.5,14.5,1.0,0.0,1696.879736270763
5793,2024,M,10,2,14.0,14.0,1.0,0.0,1762.76463784764
5794,2024,M,10,2,14.0,14.0,1.0,0.0,1806.9407116301286
5818,2024,M,69,1,10.0,10.0,1.0,0.0,1979.9832863419754
5828,2024,M,88,1,34.0,34.0,1.0,0.0,1985.408038165304
5828,2025,M,88,3,24.0,24.0,1.0,0.0,1930.4078137490683
5847,2025,F,88,1,7.0,7.0,1.0,0.0,1556.3123023186804
5900,2024,M,99,1,5.0,5.0,1.0,0.0,1777.760221490507
5924,2024,F,88,1,15.0,15.0,1.0,0.0,1662.5718291295807
5924,2025,F,88,4,8.5,8.5,1.0,0.0,1425.7126140683802
5932,2024,M,75,2,25.5,25.5,1.0,0.0,1765.1499134282446
5932,2025,M,75,2,21.0,21.0,1.0,0.0,1780.724158331633
6062,2024,F,88,1,15.0,15.0,1.0,0.0,1764.8884178090245
6157,2025,F,167,1,22.0,22.0,1.0,0.0,1716.4034417396072
6193,2025,M,75,1,28.0,28.0,1.0,0.0,1570.6029051002804
6227,2024,M,85,1,25.0,25.0,1.0,0.0,2419.4984322855616
6285,2023,F,167,4,22.75,23.0,1.0,0.0,1609.2393572568387
6342,2024,M,108,2,14.0,14.0,1.0,0.0,1561.9924096874756
6344,2024,M,15,2,17.5,17.5,1.0,0.0,1620.59964785234
6388,2024,M,204,1,36.0,36.0,1.0,0.0,1781.7736635995643
6408,2024,M,40,1,2.0,2.0,0.0,0.0,1806.5932295963328
6425,2024,F,139,1,20.0,20.0,1.0,0.0,1750.953663727787
6425,2025,F,139,1,12.0,12.0,1.0,0.0,1877.219760978875
6440,2024,F,11,1,9.0,9.0,1.0,0.0,1401.6010740624026
6458,2023,F,139,2,12.5,12.5,1.0,0.0,1565.9139936738104
6558,2024,M,88,1,34.0,34.0,1.0,0.0,2049.1172210788077
6820,2024,M,56,4,21.75,20.5,1.0,0.0,1839.8922891144452
6820,2025,M,56,2,28.0,28.0,1.0,0.0,1852.2672734306936
6823,2024,M,1,2,16.0,16.0,1.0,0.0,1754.8475216348172
6824,2023,M,139,1,31.0,31.0,1.0,0.0,2117.1711833767386
6840,2023,M,166,1,1.0,1.0,0.0,0.0,2046.557638138336
6841,2024,M,146,2,43.5,43.5,1.0,0.0,2006.7399683004348
6845,2024,M,130,1,7.0,7.0,1.0,0.0,2242.9019657981626
6849,2024,M,130,2,11.5,11.5,1.0,0.0,1951.4178023871195
6867,2024,F,188,4,15.5,17.5,1.0,0.0,1792.0816210306048
6870,2024,F,172,2,14.5,14.5,1.0,0.0,1718.1352208182127
6870,2025,F,172,1,6.0,6.0,1.0,0.0,1614.5152472279274
6885,2024,F,112,1,17.0,17.0,1.0,0.0,1901.5465517873354
6903,2024,M,96,6,12.833333333333334,14.0,0.8333333333333334,0.0,1499.3063569912892
6974,2024,M,15,1,23.0,23.0,1.0,0.0,1752.4665970577275
7022,2024,M,40,1,12.0,12.0,1.0,0.0,1903.3810070754016
7110,2024,F,204,1,13.0,13.0,1.0,0.0,2014.2985968865578
7115,2024,F,49,2,3.0,3.0,0.5,0.0,1437.7396691703402
7115,2025,F,49,2,4.0,4.0,1.0,0.0,1462.8452067599058
7162,2024,F,96,5,12.4,12.0,1.0,0.0,1590.5736644108063
7259,2024,M,56,1,26.0,26.0,1.0,0.0,2505.3788914957913
7289,2023,F,88,2,7.0,7.0,1.0,0.0,1460.9566741332392
7289,2025,F,88,1,21.0,21.0,1.0,0.0,1511.2070771968588
7311,2024,F,124,1,21.0,21.0,1.0,0.0,2080.7504159385917
7439,2025,M,59,1,21.0,21.0,1.0,0.0,1961.3962676410215
7624,2024,M,187,2,1.5,1.5,0.5,0.5,1979.7552635794775
7625,2024,M,204,2,27.0,27.0,1.0,0.0,2181.210883514698
7635,2024,M,187,1,3.0,3.0,1.0,0.0,1848.1901573866899
7641,2024,M,169,3,8.666666666666666,8.0,1.0,0.0,1730.5190703631852
7641,2025,M,169,4,11.5,12.0,1.0,0.0,1824.5664973060796
7642,2024,M,169,4,9.5,9.5,1.0,0.0,1782.7063870818465
7642,2025,M,169,3,12.333333333333334,12.0,1.0,0.0,1911.4654605058447
7643,2024,M,169,2,9.5,9.5,1.0,0.0,1843.5401231385108
7644,2024,M,169,3,10.0,11.0,1.0,0.0,2059.855006933909
7644,2025,M,169,3,11.333333333333334,12.0,1.0,0.0,2144.7072059399584
7652,2024,M,85,1,25.0,25.0,1.0,0.0,1806.835739131707
7652,2025,M,85,1,28.0,28.0,1.0,0.0,1855.9997864715083
7687,2024,F,58,1,1.0,1.0,0.0,0.0,1546.526666293487
7689,2024,M,120,3,9.333333333333334,10.0,1.0,0.0,1576.7139753322292
7689,2025,M,120,2,9.5,9.5,1.0,0.0,1576.4240910687192
7690,2024,M,120,5,8.6,9.0,1.0,0.0,1625.1687101657087
7691,2024,M,120,5,8.6,9.0,1.0,0.0,1632.754275682771
7691,2025,M,120,4,9.0,9.5,1.0,0.0,1698.7830862276464
7692,2024,M,120,1,6.0,6.0,1.0,0.0,2196.408235838357
7693,2024,M,139,4,17.75,17.5,1.0,0.0,1572.936511415747
7694,2023,M,139,2,23.5,23.5,1.0,0.0,1697.9440374636797
7694,2024,M,139,3,16.666666666666668,23.0,0.6666666666666666,0.0,1636.952281655909
7695,2024,M,139,1,23.0,23.0,1.0,0.0,1867.440434800022
7696,2024,M,139,5,15.4,12.0,1.0,0.0,1868.381843185907
7697,2024,M,139,5,15.4,12.0,1.0,0.0,1871.5198711388557
7697,2025,M,139,5,10.6,10.0,1.0,0.0,1924.743999867386
7698,2024,M,139,3,19.666666666666668,23.0,1.0,0.0,1912.0004317318994
7699,2024,M,139,2,24.0,24.0,1.0,0.0,2156.139006471341
7700,2024,M,139,2,17.0,17.0,1.0,0.0,2210.5837914550084
7701,2024,M,139,3,20.0,23.0,1.0,0.0,2290.603504255211
7701,2025,M,139,3,14.0,16.0,1.0,0.0,2265.5744367040065
7702,2024,M,139,2,24.0,24.0,1.0,0.0,2310.686883154086
7703,2024,M,139,3,19.666666666666668,23.0,1.0,0.0,2361.6798373895085
7704,2024,F,139,5,10.0,10.0,0.8,0.0,1480.1253531746
7704,2025,F,139,3,8.666666666666666,10.0,1.0,0.0,1574.9900786487171
7705,2024,F,139,5,10.8,10.0,0.8,0.0,1490.981162152931
7705,2025,F,139,6,8.333333333333334,8.0,1.0,0.0,1451.8592909259485
7706,2024,F,139,3,15.333333333333334,16.0,1.0,0.0,1576.1934261763897
7706,2025,F,139,2,12.0,12.0,1.0,0.0,1712.6425947836321
7707,2024,F,139,2,11.5,11.5,1.0,0.0,1619.3832038321157
7709,2024,F,139,1,16.0,16.0,1.0,0.0,1673.4287904661724
7710,2024,F,139,1,16.0,16.0,1.0,0.0,1716.7352972506974
7711,2024,F,139,3,15.333333333333334,16.0,1.0,0.0,1843.386401997893
7711,2025,F,139,3,11.333333333333334,12.0,1.0,0.0,1957.7804560646562
7712,2024,F,139,4,13.25,13.0,1.0,0.0,1911.0892967014631
7712,2025,F,139,3,11.333333333333334,12.0,1.0,0.0,1920.2447280646877
7713,2024,F,139,3,14.333333333333334,16.0,1.0,0.0,1935.485684620508
7713,2025,F,139,1,12.0,12.0,1.0,0.0,2046.9083643795598
7714,2024,F,139,1,16.0,16.0,1.0,0.0,1962.0999259867392
7715,2024,F,40,2,3.5,3.5,0.5,0.5,1431.5109295455234
7716,2024,M,40,2,7.0,7.0,0.5,0.0,1932.1844306781234
7717,2024,M,4,4,26.75,27.5,1.0,0.0,1575.574850709954
7717,2025,M,4,4,15.25,16.0,1.0,0.0,1522.2955964683995
7718,2024,M,4,4,26.75,27.5,1.0,0.0,1577.241710655319
7719,2024,M,4,4,26.75,27.5,1.0,0.0,1668.9190076503905
7719,2025,M,4,1,25.0,25.0,1.0,0.0,1608.9208319407826
7720,2024,M,4,4,26.75,27.5,1.0,0.0,1782.363534520228
7720,2025,M,4,5,13.8,11.0,1.0,0.0,1529.3705566378885
7721,2024,M,75,4,20.75,20.0,1.0,0.0,1558.5898171760032
7721,2025,M,75,2,22.0,22.0,1.0,0.0,1632.967887716166
7722,2024,M,75,3,16.333333333333332,19.0,1.0,0.0,1564.8492140321316
7723,2024,M,66,2,1.0,1.0,0.0,0.5,1571.10861088826
7723,2025,M,66,1,7.0,7.0,1.0,0.0,1821.813431567075
7724,2024,M,75,4,20.75,20.0,1.0,0.0,1652.480770017931
7724,2025,M,75,3,19.333333333333332,16.0,1.0,0.0,1687.2562569534073
7725,2024,M,75,3,17.666666666666668,19.0,1.0,0.0,1663.434714516156
7725,2025,M,75,3,15.666666666666666,16.0,1.0,0.0,1619.0924250767464
7726,2024,M,75,3,23.333333333333332,21.0,1.0,0.0,1691.6020003687343
7726,2025,M,75,3,19.333333333333332,16.0,1.0,0.0,1728.8130188942635
7727,2024,M,77,2,15.0,15.0,1.0,0.0,1722.8989846493769
7728,2024,M,77,1,16.0,16.0,1.0,0.0,1726.0286830774412
7729,2024,M,77,3,12.666666666666666,14.0,1.0,0.0,1729.1583815055055
7730,2024,M,75,2,25.5,25.5,1.0,0.0,1801.1414453509838
7731,2024,M,77,2,15.0,15.0,1.0,0.0,1815.2250882772726
7732,2024,M,77,3,12.666666666666666,14.0,1.0,0.0,1852.781469414044
7733,2024,M,77,2,15.0,15.0,1.0,0.0,1879.38390605259
7734,2024,M,77,3,12.666666666666666,14.0,1.0,0.0,1882.5136044806543
7735,2024,M,75,1,21.0,21.0,1.0,0.0,1921.6348348314575
7735,2025,M,75,3,19.333333333333332,16.0,1.0,0.0,1910.5169267773565
7736,2024,M,77,3,12.666666666666666,14.0,1.0,0.0,2034.303978241771
7737,2024,M,75,2,25.5,25.5,1.0,0.0,2038.9985258838676
7738,2024,M,75,1,21.0,21.0,1.0,0.0,2043.6930735259637
7739,2024,M,75,2,17.0,17.0,1.0,0.0,2125.065232655635
7740,2024,M,77,2,15.0,15.0,1.0,0.0,2200.177994929177
7741,2024,M,77,2,15.0,15.0,1.0,0.0,2278.4204556307836
7742,2024,M,77,2,15.0,15.0,1.0,0.0,2284.6798524869123
7743,2024,M,77,1,16.0,16.0,1.0,0.0,2294.0689477711053
7743,2025,M,77,2,5.0,5.0,1.0,0.0,2322.3645296790073
7744,2024,M,77,3,12.666666666666666,14.0,1.0,0.0,2366.052011616583
7745,2024,F,77,2,7.0,7.0,1.0,0.0,1338.4759851725887
7746,2024,F,66,2,4.5,4.5,1.0,0.0,1368.9758761581168
7747,2024,F,66,2,4.5,4.5,1.0,0.0,1550.8021493410713
7748,2024,F,66,2,4.5,4.5,1.0,0.0,1575.4366766755363
7748,2025,F,66,2,4.0,4.0,0.5,0.0,1626.1102383336806
7749,2024,F,75,4,6.0,5.0,1.0,0.0,1578.955894866174
7749,2025,F,75,2,13.0,13.0,1.0,0.0,1598.7292730797592
7750,2024,F,66,1,5.0,5.0,1.0,0.0,1585.9943312474495
7751,2024,F,75,4,6.0,5.0,1.0,0.0,1603.5904222006386
7751,2025,F,75,2,13.0,13.0,1.0,0.0,1664.451517583562
7752,2024,F,66,1,5.0,5.0,1.0,0.0,1617.66729496319
7753,2024,F,75,3,6.666666666666667,6.0,1.0,0.0,1724.4169134125377
7753,2025,F,75,3,9.333333333333334,13.0,0.6666666666666666,0.0,1649.0912222004354
7754,2024,F,77,2,7.0,7.0,1.0,0.0,1738.493786175089
7755,2024,F,77,3,5.666666666666667,7.0,1.0,0.0,1767.8206044304043
7755,2025,F,77,2,2.0,2.0,0.0,0.0,1875.1551307680993
7756,2024,F,77,2,7.0,7.0,1.0,0.0,1815.9165863691212
7757,2024,F,77,2,5.0,5.0,1.0,0.0,2640.5867157085863
7758,2024,F,77,1,7.0,7.0,1.0,0.0,2732.08638866517
7780,2025,M,203,4,23.75,24.5,1.0,0.0,2427.123994092213
7944,2024,F,79,3,6.0,6.0,1.0,0.0,1431.3749418545594
7945,2024,F,79,3,6.333333333333333,6.0,1.0,0.0,1476.615340385426
7945,2025,F,79,2,8.0,8.0,1.0,0.0,1468.9793714982925
7946,2024,F,79,2,7.5,7.5,1.0,0.0,1576.0855902869848
7946,2025,F,79,3,6.333333333333333,6.0,0.6666666666666666,0.0,1507.9648837408372
7947,2024,F,79,3,6.333333333333333,6.0,1.0,0.0,1654.9175913642198
7947,2025,F,79,2,8.0,8.0,1.0,0.0,1930.174717843659
7948,2024,F,79,2,7.5,7.5,1.0,0.0,1840.704705645232
7949,2024,M,79,4,17.5,17.0,1.0,0.0,1598.3244345261821
7950,2024,M,79,2,17.0,17.0,1.0,0.0,1672.3634977935724
7950,2025,M,79,2,25.5,25.5,1.0,0.0,1683.546187014695
7951,2024,M,79,1,15.0,15.0,1.0,0.0,1798.443321716755
7952,2024,M,79,2,15.0,15.0,1.0,0.0,1806.9799764615539
7953,2024,M,79,3,18.333333333333332,19.0,1.0,0.0,1812.0691360209528
7953,2025,M,79,3,21.0,21.0,1.0,0.0,1817.7054989003507
7954,2024,M,79,1,15.0,15.0,1.0,0.0,1875.2732144199447
7954,2025,M,79,4,20.0,19.0,1.0,0.0,2095.9706908719627
7955,2024,M,79,3,18.333333333333332,19.0,1.0,0.0,1892.182357472142
7956,2024,M,79,1,15.0,15.0,1.0,0.0,2346.10255688308
7957,2024,M,69,2,5.0,5.0,0.5,0.5,1622.247835464166
7958,2024,M,69,2,8.0,8.0,1.0,0.0,1776.3852808928377
7959,2024,M,69,2,8.0,8.0,1.0,0.0,1900.7683460330634
7961,2024,M,69,2,8.0,8.0,1.0,0.0,2124.852973975885
7961,2025,M,69,1,0.0,0.0,0.0,1.0,2269.484033023944
7962,2024,M,69,1,10.0,10.0,1.0,0.0,2200.458366512101
7963,2024,M,69,1,10.0,10.0,1.0,0.0,2295.7699387803364
7964,2024,M,69,2,8.0,8.0,1.0,0.0,2400.4468241885415
7965,2024,M,60,4,6.0,6.5,1.0,0.0,1827.358964557104
7965,2025,M,60,3,5.333333333333333,5.0,0.6666666666666666,0.0,1754.5345576081306
7966,2024,M,60,3,6.0,7.0,1.0,0.0,1944.4176668419577
7967,2024,M,60,2,7.5,7.5,1.0,0.0,2051.0514176711195
7968,2024,M,60,1,8.0,8.0,1.0,0.0,2240.561707902413
7969,2024,M,60,1,8.0,8.0,1.0,0.0,2741.981193320855
7970,2024,F,60,4,7.75,8.0,1.0,0.0,1453.810816046892
7971,2024,F,60,6,6.0,6.5,0.8333333333333334,0.0,1454.070900112377
7971,2025,F,60,3,4.666666666666667,5.0,1.0,0.0,1580.9112953937608
7972,2024,F,60,1,7.0,7.0,1.0,0.0,1549.5335741483896
7973,2024,F,60,1,7.0,7.0,1.0,0.0,1867.6400302426343
7974,2024,F,60,2,8.0,8.0,1.0,0.0,2384.036942263324
7975,2024,M,116,5,16.0,17.0,1.0,0.0,1515.7027549329157
7975,2025,M,116,4,15.75,18.5,1.0,0.0,1560.493839181866
7976,2024,M,116,5,16.0,17.0,1.0,0.0,1538.6121190546162
7976,2025,M,116,4,17.25,18.5,1.0,0.0,1504.8363671327736
7977,2024,M,116,2,19.0,19.0,1.0,0.0,1545.0203327949519
7978,2024,M,116,3,16.333333333333332,17.0,1.0,0.0,1605.738157984633
7978,2025,M,116,3,17.333333333333332,20.0,1.0,0.0,1601.802651035713
7979,2024,M,116,1,17.0,17.0,1.0,0.0,1635.376146533686
7980,2024,M,116,2,18.0,18.0,1.0,0.0,1718.5227198145424
7981,2024,M,116,5,16.0,17.0,1.0,0.0,1757.2924129435744
7981,2025,M,116,3,17.333333333333332,20.0,1.0,0.0,1847.7857985858313
7982,2024,M,116,5,16.0,17.0,1.0,0.0,1785.328348057543
7982,2025,M,116,3,15.333333333333334,20.0,1.0,0.0,1771.453970918597
7983,2024,M,116,5,16.0,17.0,1.0,0.0,1827.4623534002505
7984,2024,M,116,2,19.0,19.0,1.0,0.0,1835.1522098886533
7985,2024,M,116,3,19.0,19.0,1.0,0.0,2080.7470014870214
7986,2024,F,116,5,13.4,13.0,1.0,0.0,1335.5529273364261
7987,2024,F,116,2,14.5,14.5,1.0,0.0,1387.5894478486075
7988,2024,F,116,5,13.4,13.0,1.0,0.0,1395.2510581205695
7988,2025,F,116,1,15.0,15.0,1.0,0.0,1405.4494179262326
7989,2024,F,116,5,13.4,13.0,1.0,0.0,1400.5184151825438
7989,2025,F,116,1,15.0,15.0,1.0,0.0,1553.7000418672
7990,2024,F,116,4,14.5,14.5,1.0,0.0,1404.2295076580247
7991,2024,F,116,5,13.4,13.0,1.0,0.0,1533.6388936578824
7992,2024,F,116,3,15.0,16.0,1.0,0.0,1533.7586063183817
7992,2025,F,116,3,11.666666666666666,11.0,1.0,0.0,1674.6780190068207
7993,2024,F,116,4,13.5,14.5,1.0,0.0,1543.6947571398325
7993,2025,F,116,4,9.5,9.5,1.0,0.0,1538.2955255656093
7994,2024,F,116,3,15.0,16.0,1.0,0.0,1555.3068852082747
7994,2025,F,116,1,11.0,11.0,1.0,0.0,1783.0145414772983
7995,2024,M,95,2,3.0,3.0,0.5,0.0,1866.1177590553832
7996,2024,M,95,1,2.0,2.0,0.0,0.0,2052.3911022878974
7997,2024,M,95,2,3.0,3.0,0.5,0.0,2088.400338697671
7998,2024,F,96,4,13.75,13.0,1.0,0.0,1571.8624441673794
7998,2025,F,96,3,15.333333333333334,15.0,1.0,0.0,1568.1771500693217
7999,2024,F,96,4,11.75,13.0,1.0,0.0,1618.0407761784015
8000,2024,F,96,4,11.75,13.0,1.0,0.0,1633.0337411170449
8001,2024,M,96,5,15.0,17.0,1.0,0.0,1797.187598947318
8001,2025,M,96,5,13.4,13.0,1.0,0.0,2211.4593455031854
8002,2024,M,96,4,16.5,18.0,1.0,0.0,1841.0743619134355
8002,2025,M,96,2,14.0,14.0,1.0,0.0,1813.2394897784156
8003,2024,M,96,4,16.5,18.0,1.0,0.0,1875.8879064685802
8004,2024,M,101,4,5.75,6.0,1.0,0.0,1680.6962315480635
8004,2025,M,101,5,5.4,5.0,1.0,0.0,1663.5861083735433
8005,2024,M,111,3,13.666666666666666,14.0,1.0,0.0,1724.5556743706563
8005,2025,M,111,2,12.0,12.0,1.0,0.0,1686.517437818663
8006,2024,M,120,1,9.0,9.0,1.0,0.0,1734.582391720321
8006,2025,M,120,2,8.5,8.5,1.0,0.0,1684.2185045483598
8007,2024,M,111,2,13.5,13.5,1.0,0.0,1750.8038334523528
8008,2024,M,120,1,9.0,9.0,1.0,0.0,1758.93440920421
8009,2024,M,111,3,13.666666666666666,14.0,1.0,0.0,1777.0718474198904
8009,2025,M,111,3,14.666666666666666,13.0,1.0,0.0,1818.3562631895406
8010,2024,M,111,2,13.5,13.5,1.0,0.0,1786.224949792555
8011,2024,M,111,2,13.5,13.5,1.0,0.0,1802.1386407940524
8011,2025,M,111,2,16.5,16.5,1.0,0.0,1815.139863694551
8012,2024,M,121,1,12.0,12.0,1.0,0.0,1802.3967543099843
8013,2024,M,111,3,13.666666666666666,14.0,1.0,0.0,1878.5998061674366
8014,2024,M,101,4,5.75,6.0,1.0,0.0,1878.6692982678799
8014,2025,M,101,5,5.4,5.0,1.0,0.0,1850.545801200839
8015,2024,M,121,1,12.0,12.0,1.0,0.0,1929.477951134795
8016,2024,M,121,1,12.0,12.0,1.0,0.0,1932.9823384857173
8017,2024,M,121,1,12.0,12.0,1.0,0.0,1947.5856070217142
8018,2024,M,111,1,13.0,13.0,1.0,0.0,2091.3449079528978
8019,2024,M,120,4,9.25,9.5,1.0,0.0,2180.840101498728
8020,2024,M,121,1,12.0,12.0,1.0,0.0,2172.5911008139433
8021,2024,M,121,1,12.0,12.0,1.0,0.0,2277.732648784537
8022,2024,M,101,4,5.75,6.0,1.0,0.0,2285.873151979314
8022,2025,M,101,5,5.4,5.0,1.0,0.0,2121.208850206698
8023,2024,M,101,2,6.0,6.0,1.0,0.0,3711.870907960052
8023,2025,M,101,2,5.5,5.5,1.0,0.0,3131.5469286350212
8024,2024,F,111,1,12.0,12.0,1.0,0.0,1449.3675736616312
8025,2024,F,121,1,5.0,5.0,1.0,0.0,1479.0804749498964
8026,2024,F,121,1,5.0,5.0,1.0,0.0,1551.4919158672242
8027,2024,F,121,1,5.0,5.0,1.0,0.0,1556.4105732785508
8028,2024,F,111,2,11.5,11.5,1.0,0.0,1631.118663570817
8029,2024,F,121,1,5.0,5.0,1.0,0.0,1644.8985598204472
8030,2024,F,101,1,6.0,6.0,1.0,0.0,1672.4105054577299
8031,2024,F,111,1,12.0,12.0,1.0,0.0,1689.4726964390427
8032,2024,F,111,3,11.0,11.0,1.0,0.0,1733.5875031826506
8032,2025,F,111,1,8.0,8.0,1.0,0.0,1902.2874739482588
8033,2024,F,111,2,11.0,11.0,1.0,0.0,1800.6305261860603
8033,2025,F,111,3,6.666666666666667,8.0,1.0,0.0,1734.6186221660346
8034,2024,F,101,4,4.5,5.0,0.75,0.0,1954.2859387418332
8034,2025,F,101,4,4.75,4.5,1.0,0.0,2152.9697582149333
8035,2024,F,111,1,12.0,12.0,1.0,0.0,1965.6065062858002
8035,2025,F,111,1,8.0,8.0,1.0,0.0,2213.7748806592954
8036,2024,F,120,1,3.0,3.0,1.0,0.0,1981.6256356759955
8036,2025,F,120,1,10.0,10.0,1.0,0.0,2049.953403110836
8037,2024,M,117,3,44.666666666666664,36.0,1.0,0.0,1635.9464248788217
8038,2024,M,117,3,44.666666666666664,36.0,1.0,0.0,1653.464468854161
8038,2025,M,117,3,28.0,38.0,0.6666666666666666,0.3333333333333333,1537.9360153704774
8039,2024,M,117,1,67.0,67.0,1.0,0.0,1656.0523617141541
8040,2024,M,117,1,67.0,67.0,1.0,0.0,1679.3433974540935
8041,2024,M,56,4,21.75,20.5,1.0,0.0,1680.5378095433214
8041,2025,M,56,4,27.0,27.0,1.0,0.0,1638.1302674304736
8042,2024,M,56,1,26.0,26.0,1.0,0.0,1686.3108013079216
8043,2023,M,62,1,10.0,10.0,1.0,0.0,1662.1457057128064
8043,2024,M,62,1,12.0,12.0,1.0,0.0,1697.3591131332773
8043,2025,M,62,1,13.0,13.0,1.0,0.0,1833.4326960250253
8044,2024,M,117,1,67.0,67.0,1.0,0.0,1705.8195320986401
8045,2024,M,56,1,26.0,26.0,1.0,0.0,1706.7153411655609
8046,2024,M,117,3,44.666666666666664,36.0,1.0,0.0,1712.4883329301613
8047,2024,M,56,2,23.0,23.0,1.0,0.0,1734.087284877028
8048,2024,M,108,2,14.0,14.0,1.0,0.0,1754.1932217123606
8049,2024,M,117,1,67.0,67.0,1.0,0.0,1757.2787862761984
8050,2024,M,108,2,14.0,14.0,1.0,0.0,1760.8620225438815
8051,2024,M,56,2,23.5,23.5,1.0,0.0,1761.4592285884955
8051,2025,M,56,4,27.0,27.0,1.0,0.0,1622.4386153110022
8052,2024,M,108,2,14.0,14.0,1.0,0.0,1766.236876945406
8053,2024,M,117,1,67.0,67.0,1.0,0.0,1766.4359456269442
8054,2024,M,56,2,23.5,23.5,1.0,0.0,1767.9289607384785
8055,2024,M,117,1,67.0,67.0,1.0,0.0,1771.9103343692375
8056,2024,M,56,4,21.75,20.5,1.0,0.0,1774.1996242069238
8056,2025,M,56,4,27.0,27.0,1.0,0.0,1767.6132834244172
8057,2024,M,117,2,51.5,51.5,1.0,0.0,1775.1949676146135
8057,2025,M,117,2,31.0,31.0,1.0,0.0,1681.1910983443934
8058,2024,M,117,2,49.0,49.0,1.0,0.0,1790.8218591153422
8058,2025,M,117,3,36.0,38.0,1.0,0.0,1652.5538684266612
8059,2024,M,56,2,23.0,23.0,1.0,0.0,1792.9120802714906
8059,2025,M,56,3,27.0,27.0,1.0,0.0,1753.0948389400464
8060,2024,M,117,2,49.0,49.0,1.0,0.0,1805.154804186074
8060,2025,M,117,3,36.0,38.0,1.0,0.0,1696.0472722266297
8061,2024,M,117,3,44.666666666666664,36.0,1.0,0.0,1816.20311601143
8062,2024,M,117,2,51.5,51.5,1.0,0.0,1821.8765734352614
8063,2024,M,62,1,12.0,12.0,1.0,0.0,1823.170519865258
8064,2024,M,117,3,44.666666666666664,36.0,1.0,0.0,1829.1425803113964
8064,2025,M,117,2,35.0,35.0,1.0,0.0,1736.2175845003082
8065,2024,M,56,4,21.75,20.5,1.0,0.0,1845.7648152198146
8065,2025,M,56,3,26.333333333333332,27.0,1.0,0.0,1614.2848222470527
8067,2024,M,117,3,44.666666666666664,36.0,1.0,0.0,1881.4976435558754
8068,2024,M,117,2,51.5,51.5,1.0,0.0,1895.0343139004556
8068,2025,M,117,3,36.0,38.0,1.0,0.0,1703.9640490980848
8069,2024,M,56,3,22.333333333333332,21.0,1.0,0.0,1897.6222067604488
8070,2024,M,117,1,67.0,67.0,1.0,0.0,1910.3626023788772
8071,2024,M,117,2,51.5,51.5,1.0,0.0,1914.2444416688672
8073,2024,M,117,2,51.5,51.5,1.0,0.0,1921.4109142042332
8074,2024,M,56,3,22.333333333333332,21.0,1.0,0.0,1929.6722644880579
8075,2024,M,56,2,23.5,23.5,1.0,0.0,1933.6536381188166
8075,2025,M,56,3,27.666666666666668,27.0,1.0,0.0,1667.677727574367
8077,2024,M,108,2,14.0,14.0,1.0,0.0,1954.4563153395318
8078,2024,M,117,1,67.0,67.0,1.0,0.0,1957.54187990337
8079,2024,M,117,2,51.5,51.5,1.0,0.0,1959.7316354002876
8080,2024,M,117,1,67.0,67.0,1.0,0.0,1960.3288414449012
8081,2024,M,117,2,49.0,49.0,1.0,0.0,1972.8701683817915
8081,2025,M,117,1,38.0,38.0,1.0,0.0,1885.625049751027
8082,2024,M,56,1,26.0,26.0,1.0,0.0,1978.3445571240852
8084,2024,M,108,3,12.0,13.0,1.0,0.0,2017.859690409367
8084,2025,M,108,2,11.5,11.5,1.0,0.0,1943.498195990404
8085,2024,M,108,3,12.0,13.0,1.0,0.0,2023.1350104701223
8086,2024,M,50,1,1.0,1.0,0.0,0.0,2042.1460695569958
8087,2024,M,117,2,49.0,49.0,1.0,0.0,2055.881808583114
8088,2024,M,117,1,67.0,67.0,1.0,0.0,2058.2706327615697
8090,2024,M,117,1,67.0,67.0,1.0,0.0,2082.4574775684296
8091,2024,M,56,1,26.0,26.0,1.0,0.0,2083.950492679964
8093,2024,M,103,1,0.0,0.0,0.0,1.0,2119.3847179937184
8094,2024,M,50,1,1.0,1.0,0.0,0.0,2179.503459818177
8095,2024,M,56,4,21.75,20.5,1.0,0.0,2240.0203390057122
8095,2025,M,56,3,26.333333333333332,27.0,1.0,0.0,1917.1092663271195
8097,2024,M,108,2,14.0,14.0,1.0,0.0,2267.491817057948
8098,2024,M,56,1,26.0,26.0,1.0,0.0,2268.487160465638
8099,2024,M,56,2,23.0,23.0,1.0,0.0,2287.4982195525117
8099,2025,M,56,2,27.0,27.0,1.0,0.0,2111.6270922268095
8101,2024,M,117,1,67.0,67.0,1.0,0.0,2345.2281371985155
8104,2024,M,117,1,67.0,67.0,1.0,0.0,2383.0511866907245
8104,2025,M,117,2,42.0,42.0,1.0,0.0,2114.418886956439
8105,2024,M,117,1,67.0,67.0,1.0,0.0,2436.501127683663
8108,2024,M,167,5,34.0,42.0,1.0,0.0,1524.4866791742077
8108,2025,M,167,5,35.0,43.0,1.0,0.0,1563.0434456474652
8109,2024,F,165,1,2.0,2.0,0.0,0.0,1650.4679076103143
8110,2024,M,165,1,4.0,4.0,1.0,0.0,1843.2878836047503
8110,2025,M,165,1,5.0,5.0,1.0,0.0,1795.627296891628
8111,2024,F,108,1,10.0,10.0,1.0,0.0,1566.9723984581062
8112,2024,F,117,2,24.5,24.5,1.0,0.0,1570.257455897222
8113,2024,F,117,3,20.333333333333332,23.0,1.0,0.0,1609.5785979714838
8113,2025,F,117,1,29.0,29.0,1.0,0.0,1605.9477640066102
8114,2024,F,108,1,10.0,10.0,1.0,0.0,1614.257316142345
8115,2024,F,108,2,8.5,8.5,1.0,0.0,1633.2708304111652
8116,2024,F,117,1,26.0,26.0,1.0,0.0,1644.8183050456319
8117,2024,F,117,3,20.333333333333332,23.0,1.0,0.0,1674.7820107781706
8117,2025,F,117,2,21.5,21.5,1.0,0.0,1674.5629857859558
8118,2024,F,117,3,20.333333333333332,23.0,1.0,0.0,1675.976577119667
8119,2024,F,117,3,20.333333333333332,23.0,1.0,0.0,1690.6100148029998
8119,2025,F,117,2,21.5,21.5,1.0,0.0,1685.7547183559539
8120,2024,F,56,2,9.5,9.5,1.0,0.0,1696.1846577299839
8120,2025,F,56,2,15.0,15.0,1.0,0.0,1546.0148106308761
8121,2024,F,62,1,9.0,9.0,1.0,0.0,1701.0624702910948
8121,2025,F,62,1,6.0,6.0,1.0,0.0,1717.2268062622575
8122,2024,F,117,2,24.5,24.5,1.0,0.0,1735.60534699937
8123,2024,F,56,4,11.75,12.5,1.0,0.0,1737.1981021213655
8123,2025,F,56,1,15.0,15.0,1.0,0.0,1724.44027062455
8124,2024,F,117,3,20.333333333333332,23.0,1.0,0.0,1772.2387148052644
8124,2025,F,117,1,29.0,29.0,1.0,0.0,1895.4693602893649
8125,2024,F,117,3,20.333333333333332,23.0,1.0,0.0,1774.8269418785071
8125,2025,F,117,3,19.333333333333332,15.0,1.0,0.0,1729.8514941971332
8126,2024,F,117,1,26.0,26.0,1.0,0.0,1799.116457488937
8127,2024,F,62,1,9.0,9.0,1.0,0.0,1804.591553220796
8128,2024,F,108,3,7.666666666666667,7.0,1.0,0.0,1829.279257611725
8129,2024,F,62,1,9.0,9.0,1.0,0.0,1849.487338222042
8130,2024,F,62,1,9.0,9.0,1.0,0.0,1861.1343600516332
8131,2024,F,103,1,2.0,2.0,0.0,0.0,1924.6454705412002
8132,2024,F,117,1,26.0,26.0,1.0,0.0,1927.6318863949416
8133,2024,F,62,1,9.0,9.0,1.0,0.0,1962.473404688591
8133,2025,F,62,1,6.0,6.0,1.0,0.0,1868.605521013552
8134,2024,F,108,3,7.666666666666667,7.0,1.0,0.0,1962.8715934690897
8135,2024,F,56,4,11.75,12.5,1.0,0.0,1986.2651843233973
8135,2025,F,56,4,15.25,15.0,1.0,0.0,1762.5834775397075
8136,2024,M,117,1,67.0,67.0,1.0,0.0,1715.2752944716924
8138,2024,M,62,1,12.0,12.0,1.0,0.0,1915.2397850765572
8139,2024,M,62,1,12.0,12.0,1.0,0.0,1939.6256985649552
8140,2024,M,62,1,12.0,12.0,1.0,0.0,1995.1658607140414
8140,2025,M,62,1,13.0,13.0,1.0,0.0,2466.2793546444764
8141,2024,M,62,1,12.0,12.0,1.0,0.0,2070.2147536538464
8142,2024,M,62,1,12.0,12.0,1.0,0.0,2372.401012228445
8143,2024,M,62,1,12.0,12.0,1.0,0.0,2373.2968212953656
8144,2024,M,62,1,12.0,12.0,1.0,0.0,2469.745597500499
8145,2024,M,62,1,12.0,12.0,1.0,0.0,2547.5814519818355
8146,2024,M,61,4,14.25,14.5,1.0,0.0,1541.6582504270539
8146,2025,M,61,5,15.4,16.0,1.0,0.0,1494.8080646267256
8147,2024,M,61,1,7.0,7.0,1.0,0.0,1558.5048335956344
8147,2025,M,61,5,15.6,16.0,1.0,0.0,1546.5827622514114
8183,2024,F,61,3,19.333333333333332,19.0,1.0,0.0,1689.4188378691813
9163,2025,F,164,1,25.0,25.0,1.0,0.0,1868.8514153754013
10999,2024,M,167,3,44.666666666666664,45.0,1.0,0.0,2005.2292138122752
11289,2024,M,85,2,15.0,15.0,1.0,0.0,1770.0219315689658
11289,2025,M,85,1,28.0,28.0,1.0,0.0,1805.0634107177684
11290,2024,M,85,2,4.5,4.5,1.0,0.0,1831.5893394474895
11291,2024,M,85,2,15.0,15.0,1.0,0.0,1860.8133357204956
11292,2024,M,85,2,4.5,4.5,1.0,0.0,1887.082096415332
11292,2025,M,85,1,6.0,6.0,1.0,0.0,1745.753879551475
11293,2024,M,85,2,15.0,15.0,1.0,0.0,2023.679652028483
11294,2024,M,85,2,15.0,15.0,1.0,0.0,2302.62105465678
11295,2024,F,85,2,8.0,8.0,1.0,0.0,1654.5485651061074
11296,2024,F,85,2,8.0,8.0,1.0,0.0,1799.6822680722182
11297,2024,F,85,1,3.0,3.0,1.0,0.0,1832.4347564093691
11298,2024,F,85,2,8.0,8.0,1.0,0.0,1942.7461111805908
11300,2024,M,112,2,28.0,28.0,1.0,0.0,1597.2794370108697
11300,2025,M,112,2,34.5,34.5,1.0,0.0,1537.4712712776422
11301,2024,M,112,3,29.333333333333332,28.0,1.0,0.0,1624.2443354520587
11301,2025,M,112,4,30.25,34.5,1.0,0.0,1582.0847804721059
11302,2024,M,124,4,32.0,29.0,1.0,0.0,1659.318243207084
11302,2025,M,124,3,35.333333333333336,35.0,1.0,0.0,1601.9570396194258
11303,2024,M,118,3,8.666666666666666,8.0,1.0,0.0,1665.3755754656115
11303,2025,M,118,2,4.0,4.0,0.5,0.5,1637.6
11304,2024,M,124,3,32.666666666666664,28.0,1.0,0.0,1670.1628219279967
11304,2025,M,124,1,35.0,35.0,1.0,0.0,1837.4474046951034
11305,2024,M,112,4,26.0,28.0,1.0,0.0,1717.4490931074733
11306,2024,M,124,3,32.666666666666664,28.0,1.0,0.0,1739.724443993673
11307,2024,M,124,3,33.666666666666664,30.0,1.0,0.0,1742.46001340075
11307,2025,M,124,4,33.25,33.0,1.0,0.0,1607.8876087938847
11308,2024,M,124,3,33.666666666666664,30.0,1.0,0.0,1753.3045921216628
11308,2025,M,124,2,35.5,35.5,1.0,0.0,1736.8628494632792
11309,2024,M,118,3,7.666666666666667,8.0,1.0,0.0,1757.9941396766524
11310,2024,M,124,3,28.333333333333332,28.0,1.0,0.0,1781.1487807294127
11311,2024,M,112,1,28.0,28.0,1.0,0.0,1783.4935545069072
11312,2024,M,118,2,9.5,9.5,1.0,0.0,1802.6425403564472
11313,2024,M,124,1,28.0,28.0,1.0,0.0,1807.820582448415
11314,2024,M,124,1,28.0,28.0,1.0,0.0,1831.0729224085708
11315,2024,M,112,4,26.0,28.0,1.0,0.0,1838.2049426484502
11315,2025,M,112,3,37.333333333333336,35.0,1.0,0.0,1656.6588638414898
11316,2024,M,112,3,29.333333333333332,28.0,1.0,0.0,1862.5319705899578
11317,2024,M,124,2,35.5,35.5,1.0,0.0,1866.6353247005736
11318,2024,M,112,1,28.0,28.0,1.0,0.0,1896.3357925488397
11319,2024,M,112,3,25.333333333333332,28.0,1.0,0.0,1919.3927346942041
11319,2025,M,112,3,29.0,35.0,1.0,0.0,1823.8885580027163
11320,2024,M,112,1,28.0,28.0,1.0,0.0,1921.6398095643035
11321,2024,M,112,1,28.0,28.0,1.0,0.0,1925.743163674919
11322,2024,M,112,4,26.0,28.0,1.0,0.0,1941.961182302591
11322,2025,M,112,1,35.0,35.0,1.0,0.0,2300.788223336355
11323,2024,M,118,3,8.666666666666666,8.0,1.0,0.0,2054.6080225297324
11323,2025,M,118,3,4.333333333333333,3.0,0.6666666666666666,0.0,1796.2287079456576
11324,2024,M,124,2,35.5,35.5,1.0,0.0,2106.290744542011
11325,2024,M,118,4,7.5,7.5,1.0,0.0,2156.9964774803343
11325,2025,M,118,3,5.0,5.0,0.6666666666666666,0.0,2455.263361936698
11326,2024,M,112,1,28.0,28.0,1.0,0.0,2170.869722330511
11327,2024,M,124,1,28.0,28.0,1.0,0.0,2272.3788871145525
11328,2024,M,112,2,30.0,30.0,1.0,0.0,2272.9650805589263
11329,2024,M,124,1,28.0,28.0,1.0,0.0,2300.1253768149068
11330,2024,M,118,2,9.5,9.5,1.0,0.0,2304.0333331107313
11331,2024,M,112,1,28.0,28.0,1.0,0.0,2477.8396893675254
11331,2025,M,112,1,43.0,43.0,1.0,0.0,2131.2745241845146
11332,2024,M,112,1,28.0,28.0,1.0,0.0,2869.416910209141
11334,2024,F,112,1,17.0,17.0,1.0,0.0,1392.6625690698236
11335,2024,F,112,1,17.0,17.0,1.0,0.0,1404.1811270071323
11335,2025,F,112,2,22.5,22.5,1.0,0.0,1415.8799066026565
11336,2024,F,112,4,19.25,18.5,1.0,0.0,1514.7395933626683
11337,2024,F,112,3,19.666666666666668,19.0,1.0,0.0,1542.0100254022796
11338,2024,F,124,3,24.333333333333332,21.0,1.0,0.0,1543.880560451928
11338,2025,F,124,3,33.333333333333336,27.0,1.0,0.0,1461.044627448576
11339,2024,F,118,2,4.0,4.0,1.0,0.0,1547.424732124946
11340,2024,F,112,4,19.25,18.5,1.0,0.0,1562.3890125221337
11340,2025,F,112,3,24.0,24.0,1.0,0.0,1528.1373623649588
11341,2024,F,112,4,19.25,18.5,1.0,0.0,1618.2097163721683
11341,2025,F,112,2,24.0,24.0,1.0,0.0,1516.4944110326542
11342,2024,F,112,3,19.333333333333332,18.0,1.0,0.0,1654.7343744468822
11342,2025,F,112,2,24.0,24.0,1.0,0.0,1518.6289521102433
11343,2024,F,112,4,19.25,18.5,1.0,0.0,1672.1598851725546
11344,2024,F,124,3,24.0,20.0,1.0,0.0,1710.7519767231959
11344,2025,F,124,4,30.75,25.0,1.0,0.0,1806.1128254237274
11345,2024,F,124,4,23.25,20.5,1.0,0.0,1742.7479709934978
11346,2024,F,112,3,19.333333333333332,18.0,1.0,0.0,1754.5618765702247
11346,2025,F,112,3,24.0,24.0,1.0,0.0,1661.6432043087163
11347,2024,F,112,4,19.25,18.5,1.0,0.0,1807.2322055997988
11347,2025,F,112,3,16.333333333333332,21.0,1.0,0.0,1736.2551174299006
11348,2024,F,118,4,4.0,4.0,1.0,0.0,1863.8405031549485
11348,2025,F,118,4,4.25,4.5,1.0,0.0,1791.365087069475
11349,2024,F,112,1,17.0,17.0,1.0,0.0,1897.707032474899
11350,2024,F,112,1,17.0,17.0,1.0,0.0,1963.0773099994547
11351,2024,F,124,1,15.0,15.0,1.0,0.0,2030.711919426216
11352,2024,F,112,3,19.666666666666668,19.0,1.0,0.0,2048.7281254307245
11353,2024,M,58,1,3.0,3.0,1.0,0.0,1726.702847589244
11353,2025,M,58,1,8.0,8.0,1.0,0.0,1669.1605061908688
11354,2024,M,58,2,10.0,10.0,1.0,0.0,1997.2079859778275
11354,2025,M,58,2,6.0,6.0,1.0,0.0,2264.7860915064452
11355,2024,M,162,2,18.5,18.5,1.0,0.0,1681.1470555811725
11356,2024,M,162,1,12.0,12.0,1.0,0.0,1747.123318939194
11357,2024,M,162,2,18.5,18.5,1.0,0.0,1828.370941289314
11358,2024,M,162,3,17.0,14.0,1.0,0.0,1916.2062086948495
11358,2025,M,162,4,19.0,17.5,1.0,0.0,1830.6188637228686
11359,2024,M,169,2,9.5,9.5,1.0,0.0,2011.4276235867594
11360,2024,F,162,2,12.0,12.0,1.0,0.0,1473.1434259211644
11361,2024,F,162,1,9.0,9.0,1.0,0.0,1643.079296296003
11362,2024,F,169,2,4.0,4.0,0.5,0.0,1690.4777334234536
11362,2025,F,169,3,12.333333333333334,13.0,1.0,0.0,1753.0847251494345
11363,2024,F,162,1,9.0,9.0,1.0,0.0,1834.9681270246083
11364,2024,F,162,3,12.333333333333334,13.0,1.0,0.0,1864.005906401636
11364,2025,F,162,3,16.333333333333332,17.0,1.0,0.0,1858.027594724814
11365,2024,F,162,3,12.333333333333334,13.0,1.0,0.0,1911.5041297125126
11365,2025,F,162,3,10.0,7.0,1.0,0.0,1912.4712355339645
11366,2024,M,59,2,15.5,15.5,1.0,0.0,1800.589390982354
11367,2024,M,59,3,17.666666666666668,18.0,1.0,0.0,1851.578649989945
11367,2025,M,59,2,14.0,14.0,1.0,0.0,1579.575467839503
11368,2024,M,59,1,18.0,18.0,1.0,0.0,1863.2532944202546
11369,2024,M,59,1,18.0,18.0,1.0,0.0,1897.9778778539958
11370,2024,M,59,4,16.75,17.5,1.0,0.0,1740.3502272566805
11370,2025,M,59,2,24.5,24.5,1.0,0.0,1711.8258361615867
11371,2024,M,59,4,19.0,18.5,1.0,0.0,1858.999139914111
11371,2025,M,59,1,28.0,28.0,1.0,0.0,2131.6637253354847
11372,2024,M,59,4,17.5,17.5,1.0,0.0,2003.0496777267817
11372,2025,M,59,2,24.5,24.5,1.0,0.0,1843.9456441849543
11373,2024,M,59,1,18.0,18.0,1.0,0.0,2088.4641703109264
11374,2024,M,59,2,18.5,18.5,1.0,0.0,2039.6645430529886
11376,2024,F,59,3,8.333333333333334,7.0,1.0,0.0,1483.3727092590452
11376,2025,F,59,1,10.0,10.0,1.0,0.0,1549.3202104301504
11377,2024,F,59,5,9.0,8.0,1.0,0.0,1715.4236925922212
11377,2025,F,59,1,10.0,10.0,1.0,0.0,1958.8424117610593
11379,2024,M,146,3,45.666666666666664,39.0,1.0,0.0,1564.32404716078
11380,2024,M,146,4,38.75,37.5,1.0,0.0,1594.10155392442
11380,2025,M,146,3,35.0,34.0,1.0,0.0,1602.315823762668
11381,2024,M,146,4,38.75,37.5,1.0,0.0,1662.9937476524879
11381,2025,M,146,2,33.0,33.0,1.0,0.0,1593.1277749103765
11382,2024,M,171,3,15.0,15.0,1.0,0.0,1665.4817110288732
11382,2025,M,171,2,19.0,19.0,1.0,0.0,1724.9255039806508
11383,2024,M,146,4,40.5,37.5,1.0,0.0,1817.8726606797
11384,2024,M,146,2,49.0,49.0,1.0,0.0,1679.9314120501544
11385,2024,M,146,4,40.5,37.5,1.0,0.0,1751.9379118573195
11386,2024,M,146,3,45.666666666666664,39.0,1.0,0.0,1688.1758397091571
11386,2025,M,146,3,35.0,34.0,1.0,0.0,1646.6581464845967
11387,2024,M,146,2,50.5,50.5,1.0,0.0,1695.3080013881286
11388,2024,M,146,2,50.5,50.5,1.0,0.0,1700.8693312882842
11389,2024,M,171,3,15.0,15.0,1.0,0.0,1712.7530151801957
11389,2025,M,171,4,16.25,17.0,1.0,0.0,1666.899541199757
11390,2024,M,146,5,36.0,36.0,1.0,0.0,1756.7042792420698
11390,2025,M,146,3,35.0,34.0,1.0,0.0,1758.312914059183
11391,2024,M,146,1,62.0,62.0,1.0,0.0,1752.7555635848234
11392,2024,M,146,2,50.5,50.5,1.0,0.0,1767.458939303305
11393,2024,M,171,1,21.0,21.0,1.0,0.0,1778.94259771117
11393,2025,M,171,4,16.25,17.0,1.0,0.0,1815.576105395231
11394,2024,M,146,2,50.5,50.5,1.0,0.0,1796.036369614806
11395,2024,M,171,3,15.0,15.0,1.0,0.0,1797.8803895290685
11395,2025,M,171,3,15.666666666666666,16.0,1.0,0.0,1761.1440110942663
11396,2024,M,146,2,40.0,40.0,1.0,0.0,1798.96338535173
11396,2025,M,146,1,39.0,39.0,1.0,0.0,1840.2730733181434
11397,2024,M,131,2,3.5,3.5,1.0,0.0,1805.5881976363014
11398,2024,M,131,1,4.0,4.0,1.0,0.0,1808.4859432158562
11399,2024,M,171,3,15.0,15.0,1.0,0.0,1840.8403135927101
11399,2025,M,171,3,18.0,18.0,1.0,0.0,1865.9198138189568
11400,2024,M,146,4,38.75,37.5,1.0,0.0,1854.605954510655
11400,2025,M,146,1,39.0,39.0,1.0,0.0,1747.3218861026517
11401,2024,M,171,2,18.0,18.0,1.0,0.0,1887.7897010407746
11401,2025,M,171,4,16.25,17.0,1.0,0.0,1709.4811796366303
11402,2024,M,146,2,43.5,43.5,1.0,0.0,1892.8436476690033
11402,2025,M,146,3,35.0,34.0,1.0,0.0,1694.6956627666864
11403,2024,M,153,1,3.0,3.0,1.0,0.0,1870.9777291991836
11404,2024,M,146,1,62.0,62.0,1.0,0.0,1879.4172912406475
11405,2024,M,146,2,49.0,49.0,1.0,0.0,1889.4179283418046
11406,2024,M,160,2,9.0,9.0,1.0,0.0,1977.107156123541
11406,2025,M,160,1,9.0,9.0,1.0,0.0,1743.6964732132326
11407,2024,M,153,1,3.0,3.0,1.0,0.0,1942.279832550652
11407,2025,M,153,1,1.0,1.0,0.0,0.0,1938.6494341697974
11408,2024,M,160,3,8.333333333333334,8.0,1.0,0.0,1838.9295716321824
11408,2025,M,160,3,7.666666666666667,8.0,1.0,0.0,1998.8136837734448
11409,2024,M,146,1,62.0,62.0,1.0,0.0,1953.1293042155166
11410,2024,M,146,1,62.0,62.0,1.0,0.0,1954.719649432579
11411,2024,M,146,1,62.0,62.0,1.0,0.0,1979.8822280510021
11412,2024,M,146,1,62.0,62.0,1.0,0.0,1993.5416348233139
11413,2024,M,171,2,18.0,18.0,1.0,0.0,2003.9122944062833
11413,2025,M,171,4,16.25,17.0,1.0,0.0,1942.792242159188
11414,2024,M,160,1,10.0,10.0,1.0,0.0,2041.125153986575
11415,2024,M,146,1,62.0,62.0,1.0,0.0,2113.598063632813
11416,2024,M,153,1,3.0,3.0,1.0,0.0,2119.9106609054456
11417,2024,M,146,2,50.5,50.5,1.0,0.0,2110.087625108516
11418,2024,M,146,1,62.0,62.0,1.0,0.0,2155.6592797724106
11418,2025,M,146,1,32.0,32.0,1.0,0.0,2325.9836782620896
11419,2024,M,146,5,36.0,36.0,1.0,0.0,2175.648112497527
11419,2025,M,146,2,36.5,36.5,1.0,0.0,1947.7664865895858
11420,2024,M,171,1,21.0,21.0,1.0,0.0,2251.5775854714097
11421,2024,M,160,3,8.333333333333334,8.0,1.0,0.0,2142.628333038894
11421,2025,M,160,1,9.0,9.0,1.0,0.0,2159.615905390988
11422,2024,M,160,2,8.5,8.5,1.0,0.0,2436.360088943421
11422,2025,M,160,2,8.5,8.5,1.0,0.0,1860.6883174866705
11423,2024,M,153,1,3.0,3.0,1.0,0.0,2965.818208876479
11424,2024,F,146,3,32.333333333333336,29.0,1.0,0.0,1486.4095061583682
11425,2024,F,146,2,36.5,36.5,1.0,0.0,1488.722770405245
11425,2025,F,146,1,37.0,37.0,1.0,0.0,1619.2882405808032
11426,2024,F,146,1,47.0,47.0,1.0,0.0,1498.740380830279
11426,2025,F,146,1,37.0,37.0,1.0,0.0,1459.133347441723
11427,2024,F,146,2,36.5,36.5,1.0,0.0,1543.3687372541337
11428,2024,F,146,4,28.75,25.0,1.0,0.0,1561.9908167374401
11428,2025,F,146,3,26.666666666666668,23.0,1.0,0.0,1482.5072016902195
11429,2024,F,146,1,47.0,47.0,1.0,0.0,1554.1116932481036
11430,2024,F,146,2,34.0,34.0,1.0,0.0,1589.457586783008
11431,2024,F,146,3,34.0,29.0,1.0,0.0,1595.4073808417127
11432,2024,F,146,4,30.75,27.5,1.0,0.0,1617.1971538112334
11432,2025,F,146,1,20.0,20.0,1.0,0.0,1647.3633605095467
11433,2024,F,171,3,4.666666666666667,4.0,0.6666666666666666,0.0,1628.5772376698094
11433,2025,F,171,1,3.0,3.0,1.0,0.0,1658.199804395139
11434,2024,F,146,1,47.0,47.0,1.0,0.0,1635.6150500819174
11435,2024,F,171,1,9.0,9.0,1.0,0.0,1652.3666119374782
11435,2025,F,171,1,9.0,9.0,1.0,0.0,1546.9374961688413
11436,2024,F,146,1,47.0,47.0,1.0,0.0,1670.6766865695363
11436,2025,F,146,1,20.0,20.0,1.0,0.0,1736.8310275611018
11437,2024,F,146,3,31.333333333333332,29.0,1.0,0.0,1657.1107807488197
11437,2025,F,146,3,26.666666666666668,23.0,1.0,0.0,1660.3441604165803
11438,2024,F,146,1,47.0,47.0,1.0,0.0,1691.623490364348
11438,2025,F,146,2,30.0,30.0,1.0,0.0,1755.1893889516375
11439,2024,F,171,1,9.0,9.0,1.0,0.0,1700.425656863057
11440,2024,F,146,3,28.666666666666668,21.0,1.0,0.0,1727.731650796893
11440,2025,F,146,2,30.0,30.0,1.0,0.0,1693.9536945161067
11441,2024,F,146,2,38.0,38.0,1.0,0.0,1729.9883897807697
11441,2025,F,146,1,23.0,23.0,1.0,0.0,1923.4364724380277
11442,2024,F,146,1,47.0,47.0,1.0,0.0,1738.2514480863504
11443,2024,F,171,1,9.0,9.0,1.0,0.0,1759.8353797457683
11443,2025,F,171,1,6.0,6.0,1.0,0.0,1513.9595215006573
11444,2024,F,146,1,47.0,47.0,1.0,0.0,1781.4879251752204
11445,2024,F,146,3,31.333333333333332,26.0,1.0,0.0,1785.9576221946093
11446,2024,F,146,4,30.0,27.5,1.0,0.0,1880.4790382604224
11447,2024,F,171,3,4.666666666666667,4.0,0.6666666666666666,0.0,1817.774807556312
11447,2025,F,171,4,7.0,7.5,1.0,0.0,1687.608994314429
11448,2024,F,146,5,28.2,26.0,1.0,0.0,1832.274343255698
11448,2025,F,146,3,26.666666666666668,23.0,1.0,0.0,1641.7716313188246
11449,2024,F,153,1,0.0,0.0,0.0,1.0,1962.971346916418
11450,2024,F,146,1,47.0,47.0,1.0,0.0,2020.8813688255186
11451,2024,F,146,1,47.0,47.0,1.0,0.0,2044.2884663744237
11452,2024,F,171,1,9.0,9.0,1.0,0.0,2106.472145959958
11453,2024,F,146,2,34.0,34.0,1.0,0.0,2119.5479701351
11454,2024,F,146,1,47.0,47.0,1.0,0.0,2222.0177346980204
11455,2024,F,90,2,2.5,2.5,0.5,0.0,1452.7985766995928
11456,2024,F,88,2,10.5,10.5,1.0,0.0,1522.3350639822104
11457,2024,F,88,2,8.5,8.5,0.5,0.0,1541.5376085874518
11458,2024,F,86,4,9.25,8.5,1.0,0.0,1775.7349430712418
11458,2025,F,86,4,12.25,11.5,1.0,0.0,1666.9388944488294
11459,2024,F,88,1,15.0,15.0,1.0,0.0,1594.393097526122
11460,2024,F,94,1,1.0,1.0,0.0,0.0,1612.819781743273
11461,2024,F,88,3,7.666666666666667,6.0,0.6666666666666666,0.0,1660.7130595504548
11462,2024,F,94,1,1.0,1.0,0.0,0.0,1647.539534110326
11463,2024,F,88,2,10.5,10.5,1.0,0.0,1649.2852199835297
11464,2024,F,88,2,10.5,10.5,1.0,0.0,1651.0309058567336
11465,2024,F,88,2,10.5,10.5,1.0,0.0,1660.8261432563768
11465,2025,F,88,1,21.0,21.0,1.0,0.0,1605.1944076754248
11466,2024,F,100,1,3.0,3.0,1.0,0.0,1664.802427745341
11466,2025,F,100,1,2.0,2.0,0.0,0.0,1516.6553647581377
11467,2024,F,86,1,9.0,9.0,1.0,0.0,1699.1342499183488
11467,2025,F,86,2,13.0,13.0,1.0,0.0,1877.6016704940068
11468,2024,F,100,2,2.5,2.5,0.5,0.0,1720.7613582363736
11469,2024,F,88,1,15.0,15.0,1.0,0.0,1751.407843565951
11469,2025,F,88,2,15.0,15.0,1.0,0.0,1741.7822097943076
11470,2024,F,86,4,9.25,8.5,1.0,0.0,1801.063010010524
11470,2025,F,86,5,10.2,11.0,0.8,0.0,1752.7880808385223
11471,2024,F,86,1,9.0,9.0,1.0,0.0,1784.0909624142662
11473,2024,F,88,1,15.0,15.0,1.0,0.0,1925.8794483378178
11474,2024,F,88,1,15.0,15.0,1.0,0.0,1987.7543142880409
11474,2025,F,88,1,21.0,21.0,1.0,0.0,2283.970128413782
11475,2024,F,100,2,2.5,2.5,0.5,0.0,1989.8879303552903
11476,2024,F,139,3,12.333333333333334,10.0,1.0,0.0,2071.935166395868
11477,2024,F,86,1,9.0,9.0,1.0,0.0,2155.243175567093
11478,2024,F,88,2,10.5,10.5,1.0,0.0,2259.3054501197407
11478,2025,F,88,1,21.0,21.0,1.0,0.0,2052.9016914488425
11479,2024,F,100,1,3.0,3.0,1.0,0.0,2559.6604028593024
11480,2024,M,86,3,10.666666666666666,16.0,0.6666666666666666,0.3333333333333333,1553.568882422858
11481,2024,M,75,3,13.666666666666666,13.0,1.0,0.0,1569.452474840897
11482,2024,M,68,1,1.0,1.0,0.0,0.0,1612.2125033921684
11482,2025,M,68,2,3.0,3.0,0.5,0.0,1660.1717517439884
11483,2024,M,88,3,22.666666666666668,18.0,1.0,0.0,1686.3224534655794
11483,2025,M,88,5,21.8,19.0,1.0,0.0,1576.2444494137583
11484,2024,M,88,4,18.0,17.0,1.0,0.0,1665.8879770700585
11484,2025,M,88,3,22.0,18.0,1.0,0.0,1545.4374814909736
11485,2024,M,88,4,18.0,17.0,1.0,0.0,1668.6155873477012
11485,2025,M,88,5,21.8,19.0,1.0,0.0,1682.1129936335615
11486,2024,M,100,2,5.0,5.0,1.0,0.0,1686.4424688051492
11488,2024,M,86,3,16.0,16.0,1.0,0.0,1699.4841827756918
11488,2025,M,86,1,14.0,14.0,1.0,0.0,1738.0832204569438
11489,2024,M,75,1,13.0,13.0,1.0,0.0,1708.165936373515
11490,2024,M,88,3,22.666666666666668,18.0,1.0,0.0,1720.3427679701326
11490,2025,M,88,4,22.5,21.0,1.0,0.0,1799.5803710068576
11491,2024,M,88,2,26.0,26.0,1.0,0.0,1721.122085192316
11491,2025,M,88,1,30.0,30.0,1.0,0.0,1821.0070745336966
11492,2024,M,86,1,16.0,16.0,1.0,0.0,1739.7282838719477
11493,2024,M,88,2,26.0,26.0,1.0,0.0,1752.0999447741112
11493,2025,M,88,3,24.0,24.0,1.0,0.0,1721.9985784457833
11494,2024,M,139,2,18.5,18.5,1.0,0.0,1753.3663352601595
11494,2025,M,139,1,10.0,10.0,1.0,0.0,1815.1187068838046
11495,2024,M,88,3,22.666666666666668,18.0,1.0,0.0,1724.2424028159958
11496,2024,M,90,1,6.0,6.0,1.0,0.0,1824.3816171316332
11497,2024,M,139,1,12.0,12.0,1.0,0.0,1827.1092274092755
11497,2025,M,139,1,16.0,16.0,1.0,0.0,1812.7352572703217
11498,2024,M,100,2,5.0,5.0,1.0,0.0,1827.791129978686
11499,2024,M,68,1,1.0,1.0,0.0,0.0,1829.4471790758262
11499,2025,M,68,2,3.0,3.0,0.5,0.0,1885.4217352079977
11500,2024,M,100,2,5.0,5.0,1.0,0.0,1837.2403512976614
11501,2024,M,86,2,16.0,16.0,1.0,0.0,1859.353477477119
11501,2025,M,86,2,12.5,12.5,1.0,0.0,2052.6334932232526
11502,2024,M,100,2,5.0,5.0,1.0,0.0,1866.9518203934083
11502,2025,M,100,2,5.5,5.5,1.0,0.0,1924.660946758184
11503,2024,M,88,3,22.666666666666668,18.0,1.0,0.0,1877.8622615039776
11504,2024,M,88,1,34.0,34.0,1.0,0.0,1885.070945809175
11505,2024,M,75,1,13.0,13.0,1.0,0.0,1899.1960704612516
11506,2024,M,94,2,6.0,6.0,1.0,0.0,1911.2754874050963
11507,2024,M,90,2,7.5,7.5,1.0,0.0,1939.720566014795
11507,2025,M,90,3,9.666666666666666,9.0,1.0,0.0,1901.3163511920782
11508,2024,M,94,2,6.0,6.0,1.0,0.0,1967.9708153189479
11508,2025,M,94,1,8.0,8.0,1.0,0.0,2303.768069262739
11509,2024,M,88,1,34.0,34.0,1.0,0.0,1995.3443327481443
11510,2024,M,90,1,6.0,6.0,1.0,0.0,1995.928820664782
11510,2025,M,90,3,9.666666666666666,9.0,1.0,0.0,1740.7190610300233
11511,2024,M,86,3,14.333333333333334,16.0,1.0,0.0,2002.8915012902135
11512,2024,M,86,3,14.333333333333334,16.0,1.0,0.0,2255.9274680588837
11512,2025,M,86,1,12.0,12.0,1.0,0.0,2117.248764080501
11514,2024,M,100,1,4.0,4.0,1.0,0.0,2099.7728405207367
11514,2025,M,100,2,5.5,5.5,1.0,0.0,1763.4171296631096
11515,2024,M,94,1,5.0,5.0,1.0,0.0,2117.307478019866
11516,2024,M,86,2,13.5,13.5,1.0,0.0,2414.9885371885434
11516,2025,M,86,1,15.0,15.0,1.0,0.0,2395.3329146441993
11517,2024,M,139,1,12.0,12.0,1.0,0.0,2175.0743671142195
11517,2025,M,139,2,16.0,16.0,1.0,0.0,2232.803811261991
11518,2024,M,86,2,16.0,16.0,1.0,0.0,2207.515041683728
11519,2024,M,88,1,34.0,34.0,1.0,0.0,2180.1399290584122
11520,2024,M,139,3,9.666666666666666,11.0,1.0,0.0,2520.6350465485157
11520,2025,M,139,1,16.0,16.0,1.0,0.0,2653.146081630819
11521,2024,M,88,1,34.0,34.0,1.0,0.0,2193.583151141079
11521,2025,M,88,1,24.0,24.0,1.0,0.0,2261.198232994974
11522,2024,M,75,1,13.0,13.0,1.0,0.0,2235.276622527897
11523,2024,M,88,1,34.0,34.0,1.0,0.0,2324.995517731775
11524,2024,M,86,2,13.5,13.5,1.0,0.0,2724.3396499506266
11525,2024,M,86,3,14.333333333333334,16.0,1.0,0.0,2696.5483107346636
11526,2024,M,88,1,34.0,34.0,1.0,0.0,2495.178916126103
11527,2024,M,88,1,34.0,34.0,1.0,0.0,2555.770830150872
11528,2024,M,94,2,6.0,6.0,1.0,0.0,2571.454589247315
11528,2025,M,94,2,8.0,8.0,1.0,0.0,2239.0819141378893
16112,2024,M,159,2,28.5,28.5,1.0,0.0,1682.0576970318093
16113,2024,M,130,2,11.0,11.0,1.0,0.0,1718.9852036805503
16114,2024,M,158,3,19.333333333333332,20.0,1.0,0.0,1744.788360780194
16114,2025,M,158,3,29.333333333333332,29.0,1.0,0.0,1635.6981998901367
16115,2024,M,159,2,30.5,30.5,1.0,0.0,1756.401169411947
16115,2025,M,159,2,26.0,26.0,1.0,0.0,1851.0550584078462
16116,2024,M,138,1,14.0,14.0,1.0,0.0,1786.4902489035137
16117,2024,M,159,2,30.5,30.5,1.0,0.0,1794.5986696755915
16117,2025,M,159,3,27.0,29.0,1.0,0.0,1763.5480898261656
16118,2024,M,159,4,28.25,28.0,1.0,0.0,1762.7372838457502
16118,2025,M,159,3,28.333333333333332,29.0,1.0,0.0,1664.763396726952
16119,2024,M,159,4,28.25,28.0,1.0,0.0,1768.0892325408379
16119,2025,M,159,2,28.0,28.0,1.0,0.0,1870.827565931251
16120,2024,M,159,2,29.5,29.5,1.0,0.0,1817.327160535646
16120,2025,M,159,2,37.0,37.0,1.0,0.0,1982.6804074575964
16121,2024,M,138,1,14.0,14.0,1.0,0.0,1852.2368414289178
16122,2024,M,138,2,13.5,13.5,1.0,0.0,1896.9252338553163
16123,2024,M,158,3,19.333333333333332,20.0,1.0,0.0,1910.4196274002704
16123,2025,M,158,3,29.333333333333332,29.0,1.0,0.0,1746.519601555517
16124,2024,M,158,3,19.333333333333332,20.0,1.0,0.0,1684.315074586173
16124,2025,M,158,3,29.333333333333332,29.0,1.0,0.0,1644.329210802174
16125,2024,M,159,1,32.0,32.0,1.0,0.0,1904.0135041903802
16126,2024,M,138,2,13.5,13.5,1.0,0.0,1846.1303753310278
16126,2025,M,138,4,8.5,8.0,1.0,0.0,1923.9661799004002
16127,2024,M,138,1,14.0,14.0,1.0,0.0,1941.6248535548386
16127,2025,M,138,3,9.666666666666666,8.0,1.0,0.0,1821.882825359044
16128,2024,M,138,1,14.0,14.0,1.0,0.0,1957.4509278328705
16129,2024,M,130,2,11.0,11.0,1.0,0.0,1968.5877949174114
16129,2025,M,130,1,7.0,7.0,1.0,0.0,2086.538570406868
16130,2024,M,138,2,13.5,13.5,1.0,0.0,1867.9274027437493
16131,2024,M,159,2,30.5,30.5,1.0,0.0,1975.7192975241792
16132,2024,M,158,2,19.0,19.0,1.0,0.0,1968.3111312608846
16132,2025,M,158,3,29.333333333333332,29.0,1.0,0.0,1905.4781069208389
16133,2024,M,159,4,28.25,28.0,1.0,0.0,1933.9023339304686
16133,2025,M,159,4,27.5,27.0,1.0,0.0,1962.1683770150094
16134,2024,M,138,2,13.5,13.5,1.0,0.0,1924.5607507535879
16134,2025,M,138,2,10.5,10.5,1.0,0.0,2070.088967436891
16135,2024,M,158,2,19.0,19.0,1.0,0.0,2024.1744385235852
16135,2025,M,158,3,29.333333333333332,29.0,1.0,0.0,1954.1406611159894
16136,2024,M,138,1,14.0,14.0,1.0,0.0,2049.281235372068
16136,2025,M,138,1,8.0,8.0,1.0,0.0,2333.992716328163
16137,2024,M,137,1,9.0,9.0,1.0,0.0,2054.9473607308696
16138,2024,M,159,1,32.0,32.0,1.0,0.0,2070.089592293184
16139,2024,M,152,2,6.0,6.0,1.0,0.0,2072.727271339522
16140,2024,M,159,2,30.5,30.5,1.0,0.0,2116.2978215123762
16141,2024,M,158,3,19.333333333333332,20.0,1.0,0.0,2068.0076490585802
16141,2025,M,158,3,29.333333333333332,29.0,1.0,0.0,1976.2095819147498
16142,2024,M,152,2,6.0,6.0,1.0,0.0,2130.7562103589726
16142,2025,M,152,1,7.0,7.0,1.0,0.0,2003.163246206005
16143,2024,M,137,2,9.5,9.5,1.0,0.0,2159.5752962356355
16144,2024,M,130,1,13.0,13.0,1.0,0.0,2160.0637553182914
16145,2024,M,137,1,9.0,9.0,1.0,0.0,2212.7196444285332
16146,2024,M,159,2,30.5,30.5,1.0,0.0,2252.96867283933
16146,2025,M,159,2,37.0,37.0,1.0,0.0,1981.0748642777924
16147,2024,M,159,2,30.5,30.5,1.0,0.0,2314.1237499877748
16147,2025,M,159,3,33.0,29.0,1.0,0.0,1970.4490875969075
16148,2024,M,152,2,6.0,6.0,1.0,0.0,2340.8913077172847
16148,2025,M,152,1,7.0,7.0,1.0,0.0,1897.012515609145
16149,2024,M,130,1,13.0,13.0,1.0,0.0,2361.895048271463
16150,2024,M,159,1,32.0,32.0,1.0,0.0,2402.3394603153224
16151,2024,M,130,1,13.0,13.0,1.0,0.0,2661.5158495722276
16152,2024,M,159,1,32.0,32.0,1.0,0.0,2821.5350450501055
16153,2024,F,159,3,12.0,12.0,1.0,0.0,1464.3036984526195
16153,2025,F,159,2,8.5,8.5,1.0,0.0,1475.6699916018908
16154,2024,F,138,3,11.666666666666666,12.0,1.0,0.0,1425.51225521989
16155,2024,F,138,2,12.5,12.5,1.0,0.0,1446.9110614364336
16156,2024,F,158,4,18.25,18.0,1.0,0.0,1530.747032938082
16156,2025,F,158,3,17.333333333333332,17.0,1.0,0.0,1439.086955943944
16157,2024,F,159,2,12.0,12.0,1.0,0.0,1620.0557400470063
16157,2025,F,159,2,10.0,10.0,1.0,0.0,1638.1480574251952
16158,2024,F,138,1,13.0,13.0,1.0,0.0,1754.742694647263
16158,2025,F,138,2,16.0,16.0,1.0,0.0,1506.6385519821047
16159,2024,F,159,3,12.0,12.0,1.0,0.0,1592.6965357518816
16159,2025,F,159,2,10.0,10.0,1.0,0.0,1670.8991691204762
16160,2024,F,158,4,18.25,18.0,1.0,0.0,1588.4736430054677
16160,2025,F,158,2,17.5,17.5,1.0,0.0,1686.4370380796665
16161,2024,F,159,3,12.0,12.0,1.0,0.0,1589.8629038784584
16161,2025,F,159,1,17.0,17.0,1.0,0.0,1489.8065008053782
16162,2024,F,159,1,15.0,15.0,1.0,0.0,1832.0017119482281
16163,2024,F,137,1,8.0,8.0,1.0,0.0,1860.563473301701
16163,2025,F,137,2,7.5,7.5,1.0,0.0,1976.2654062793224
16164,2024,F,158,4,18.25,18.0,1.0,0.0,1652.250636602253
16164,2025,F,158,1,21.0,21.0,1.0,0.0,1620.9109500456889
16165,2024,F,158,3,19.0,20.0,1.0,0.0,1924.0340540871957
16166,2024,F,137,3,7.0,8.0,1.0,0.0,1949.641150473068
16166,2025,F,137,2,7.5,7.5,1.0,0.0,1976.022589614915
16167,2024,F,158,4,18.25,18.0,1.0,0.0,2117.535048674601
16168,2024,F,158,4,18.25,18.0,1.0,0.0,1865.2042995140691
16168,2025,F,158,2,19.0,19.0,1.0,0.0,1913.618706862193
16169,2024,F,137,3,7.0,8.0,1.0,0.0,2054.805336912483
16170,2024,F,159,1,15.0,15.0,1.0,0.0,2055.0242009841572
16171,2024,F,152,2,7.5,7.5,1.0,0.0,2087.8538117352755
16172,2024,F,159,3,10.333333333333334,9.0,1.0,0.0,1914.1671862195928
16173,2024,F,158,3,19.666666666666668,20.0,1.0,0.0,1974.309576273733
16174,2024,F,159,1,15.0,15.0,1.0,0.0,2134.690723073537
16175,2024,F,130,2,5.5,5.5,1.0,0.0,2187.4369643470004
16176,2024,F,152,2,7.5,7.5,1.0,0.0,2245.1076472331306
16177,2024,F,152,2,7.5,7.5,1.0,0.0,2277.8278259484114
16177,2025,F,152,1,6.0,6.0,1.0,0.0,2042.8457356598535
17375,2024,M,204,1,36.0,36.0,1.0,0.0,2264.808652030373
17555,2024,M,196,1,18.0,18.0,1.0,0.0,2391.372804326802
17557,2024,M,173,1,4.0,4.0,1.0,0.0,2199.7124697202644
17562,2024,F,199,3,5.333333333333333,4.0,1.0,0.0,1686.665055087628
17562,2025,F,199,2,9.0,9.0,1.0,0.0,1641.7029326811323
17703,2024,M,156,2,6.0,6.0,1.0,0.0,2467.6794607857005
17734,2024,F,124,1,37.0,37.0,1.0,0.0,1614.2929818000093
17740,2024,M,59,1,13.0,13.0,1.0,0.0,1571.3168859815146
17911,2025,M,159,1,45.0,45.0,1.0,0.0,1901.1869278766358
17920,2025,F,159,4,9.25,8.5,1.0,0.0,1318.416786400003
17931,2024,F,132,2,6.5,6.5,1.0,0.0,1680.4018247368203
17971,2025,F,171,2,9.5,9.5,1.0,0.0,1967.6649047654182
18037,2024,F,112,2,21.0,21.0,1.0,0.0,1725.543575423646
18040,2024,F,124,1,21.0,21.0,1.0,0.0,1864.6602489612183
18052,2024,F,161,1,6.0,6.0,1.0,0.0,1488.5077445259888
18085,2024,M,112,1,32.0,32.0,1.0,0.0,2020.449005690701
18085,2025,M,112,1,43.0,43.0,1.0,0.0,2135.1840436272087
18115,2024,M,205,3,5.666666666666667,6.0,1.0,0.0,1898.098161624498
18130,2024,M,122,1,8.0,8.0,1.0,0.0,1839.935603129118
18131,2024,M,111,2,14.0,14.0,1.0,0.0,1898.0293271173005
18189,2024,F,122,1,6.0,6.0,1.0,0.0,1730.0675893592454
18201,2024,M,49,1,8.0,8.0,1.0,0.0,1796.074870938364
18201,2025,M,49,1,13.0,13.0,1.0,0.0,1782.5130203901958
18264,2024,F,208,1,10.0,10.0,1.0,0.0,1427.513084164998
18264,2025,F,208,2,11.5,11.5,1.0,0.0,1461.4809828262667
18271,2024,F,172,3,17.666666666666668,17.0,1.0,0.0,1741.985032231934
18271,2025,F,172,2,12.0,12.0,1.0,0.0,2085.096006669959
18288,2024,M,17,1,9.0,9.0,1.0,0.0,1801.4560042027504
18288,2025,M,17,1,18.0,18.0,1.0,0.0,1701.7111147451928
18297,2024,F,17,1,1.0,1.0,0.0,0.0,1498.7585696147505
18319,2025,M,159,1,45.0,45.0,1.0,0.0,1905.8381378157042
18322,2024,M,88,1,34.0,34.0,1.0,0.0,2072.788981702632
18555,2024,M,188,2,24.0,24.0,1.0,0.0,1622.8649894528585
18555,2025,M,188,2,14.0,14.0,1.0,0.0,1630.7516316870717
18557,2024,M,204,1,36.0,36.0,1.0,0.0,1602.0981189985982
18559,2024,M,204,3,28.333333333333332,29.0,1.0,0.0,1676.2077709525581
18559,2025,M,204,5,24.6,24.0,1.0,0.0,1772.1299187665347
18560,2024,M,188,1,19.0,19.0,1.0,0.0,1684.877999585655
18561,2024,M,204,4,25.75,24.5,1.0,0.0,1681.2114656785177
18561,2025,M,204,3,29.333333333333332,27.0,1.0,0.0,1702.9163440950504
18562,2024,M,204,4,25.75,24.5,1.0,0.0,1700.3373646809378
18562,2025,M,204,1,37.0,37.0,1.0,0.0,1776.84758775577
18563,2024,M,204,3,27.666666666666668,29.0,1.0,0.0,1789.7247255538664
18563,2025,M,204,4,25.75,25.5,1.0,0.0,1887.6549677818916
18564,2024,M,204,2,32.5,32.5,1.0,0.0,1832.21118735872
18564,2025,M,204,5,24.6,24.0,1.0,0.0,1805.5589552926328
18565,2024,M,204,3,28.333333333333332,29.0,1.0,0.0,1828.9253279478605
18565,2025,M,204,5,24.6,24.0,1.0,0.0,1808.9800555219117
18566,2024,M,220,3,9.666666666666666,10.0,1.0,0.0,1675.3788155388763
18566,2025,M,220,3,10.666666666666666,11.0,1.0,0.0,1640.4664327997107
18567,2024,M,188,1,19.0,19.0,1.0,0.0,1905.1688965006936
18567,2025,M,188,5,16.2,17.0,1.0,0.0,1878.965991640877
18568,2024,M,176,2,2.5,2.5,0.5,0.0,1698.6994286828192
18568,2025,M,176,1,5.0,5.0,1.0,0.0,2097.871974326636
18569,2024,M,196,3,14.333333333333334,16.0,1.0,0.0,1865.689001173922
18569,2025,M,196,3,10.333333333333334,11.0,1.0,0.0,1863.2060824096714
18570,2024,M,220,3,9.666666666666666,10.0,1.0,0.0,1998.1121316559515
18570,2025,M,220,3,10.666666666666666,11.0,1.0,0.0,2098.7961178022633
18571,2024,M,220,3,9.666666666666666,10.0,1.0,0.0,1756.6863579820622
18571,2025,M,220,3,10.666666666666666,11.0,1.0,0.0,1790.6038600046415
18572,2024,M,176,2,3.5,3.5,1.0,0.0,1929.994200686978
18572,2025,M,176,2,5.0,5.0,1.0,0.0,1579.766340160217
18573,2024,M,220,2,9.5,9.5,1.0,0.0,1793.1104591109527
18574,2024,M,188,2,22.0,22.0,1.0,0.0,1945.1588051046465
18575,2024,M,188,2,22.0,22.0,1.0,0.0,1991.8265280904918
18576,2024,M,188,2,22.0,22.0,1.0,0.0,2002.0838049364527
18576,2025,M,188,1,17.0,17.0,1.0,0.0,1833.7097228935572
18577,2024,M,204,3,27.666666666666668,29.0,1.0,0.0,1925.913111348644
18577,2025,M,204,5,24.6,24.0,1.0,0.0,1938.981864234515
18578,2024,M,220,3,9.666666666666666,10.0,1.0,0.0,1968.050013641704
18578,2025,M,220,3,8.0,10.0,1.0,0.0,2046.8931400380586
18579,2024,M,220,3,9.666666666666666,10.0,1.0,0.0,2084.0837967279263
18579,2025,M,220,1,11.0,11.0,1.0,0.0,2176.821645348909
18580,2024,M,204,1,36.0,36.0,1.0,0.0,2056.0740304361593
18581,2024,M,204,3,28.333333333333332,29.0,1.0,0.0,1790.07428506566
18581,2025,M,204,2,21.0,21.0,1.0,0.0,1937.1171036694589
18582,2024,M,204,1,36.0,36.0,1.0,0.0,2144.1172603991454
18583,2024,M,220,3,9.666666666666666,10.0,1.0,0.0,1843.8764876380028
18583,2025,M,220,4,8.75,10.5,1.0,0.0,2174.060322846402
18585,2024,M,220,3,9.666666666666666,10.0,1.0,0.0,1927.8606572000651
18585,2025,M,220,3,8.333333333333334,11.0,1.0,0.0,2173.33627384766
18586,2024,M,204,2,27.0,27.0,1.0,0.0,2189.4956071210513
18587,2024,M,220,1,9.0,9.0,1.0,0.0,2329.797064617259
18588,2024,M,176,1,4.0,4.0,1.0,0.0,2363.359336323368
18589,2024,M,196,1,9.0,9.0,1.0,0.0,2396.430875272306
18590,2024,M,220,3,9.666666666666666,10.0,1.0,0.0,2302.3787181357034
18591,2024,M,204,1,36.0,36.0,1.0,0.0,2703.899003167088
18592,2024,M,204,2,28.0,28.0,1.0,0.0,2705.342334805825
18592,2025,M,204,1,37.0,37.0,1.0,0.0,2430.8502200681137
18593,2024,F,220,2,3.0,3.0,1.0,0.0,1323.6653560527625
18595,2024,F,188,4,15.5,17.5,1.0,0.0,1395.3537907176853
18595,2025,F,188,3,18.333333333333332,18.0,1.0,0.0,1519.3570843587343
18596,2024,F,204,3,10.333333333333334,12.0,1.0,0.0,1468.071745869823
18596,2025,F,204,4,9.75,10.0,1.0,0.0,1438.473547900864
18598,2024,F,176,1,3.0,3.0,1.0,0.0,1501.3623140861484
18598,2025,F,176,2,3.5,3.5,1.0,0.0,1656.0561362899534
18600,2024,F,172,2,14.5,14.5,1.0,0.0,1549.3089175780344
18600,2025,F,172,2,7.5,7.5,1.0,0.0,1484.2893412035144
18601,2024,F,196,3,4.333333333333333,4.0,1.0,0.0,1588.2096778194266
18601,2025,F,196,1,4.0,4.0,1.0,0.0,1599.9592497522046
18602,2024,F,204,1,13.0,13.0,1.0,0.0,1570.452717274921
18603,2024,F,204,2,12.5,12.5,1.0,0.0,1599.4953926006265
18604,2024,F,220,1,3.0,3.0,1.0,0.0,1622.0287419397762
18605,2024,F,204,1,13.0,13.0,1.0,0.0,1648.9240962606013
18606,2024,F,204,1,13.0,13.0,1.0,0.0,1649.8912071674993
18606,2025,F,204,2,9.5,9.5,1.0,0.0,1685.236879467248
18607,2024,F,172,3,17.666666666666668,17.0,1.0,0.0,1654.385913341754
18608,2024,F,204,1,13.0,13.0,1.0,0.0,1697.2796416054873
18609,2024,F,204,3,10.666666666666666,12.0,1.0,0.0,1601.6826240493724
18610,2024,F,204,3,10.333333333333334,12.0,1.0,0.0,1651.3497564448649
18611,2024,F,220,2,3.0,3.0,1.0,0.0,1920.1503501000652
18612,2024,F,204,2,12.5,12.5,1.0,0.0,1875.106529859024
18613,2024,F,220,3,2.0,3.0,0.6666666666666666,0.3333333333333333,1899.6055195566198
18614,2024,F,176,1,3.0,3.0,1.0,0.0,2415.746334339799
18698,2025,F,150,2,7.0,7.0,1.0,0.0,1784.8551263541206
18710,2024,M,164,3,28.0,23.0,1.0,0.0,1912.2999228339322
18712,2024,M,139,1,25.0,25.0,1.0,0.0,2666.6891998101614
18724,2024,M,167,3,30.333333333333332,42.0,0.6666666666666666,0.0,1591.633297482185
18725,2024,F,1,4,3.25,4.0,0.75,0.25,1340.461220039437
18726,2024,F,1,3,5.333333333333333,5.0,1.0,0.0,1455.8124822980235
18726,2025,F,1,2,3.0,3.0,0.5,0.5,1402.9147857723754
18727,2024,F,1,2,5.5,5.5,1.0,0.0,1463.767741764133
18727,2025,F,1,3,7.0,6.0,1.0,0.0,1573.6678941950665
18728,2024,M,1,3,10.333333333333334,9.0,1.0,0.0,1562.6357795317783
18730,2024,M,1,3,13.666666666666666,16.0,1.0,0.0,1650.0042088339303
18730,2025,M,1,2,8.5,8.5,1.0,0.0,1775.9759281195998
18731,2024,M,1,5,12.8,16.0,1.0,0.0,1657.6933995315894
18732,2024,M,1,3,16.0,16.0,1.0,0.0,1672.7834362757455
18733,2024,M,1,1,16.0,16.0,1.0,0.0,1731.605745112838
18733,2025,M,1,1,18.0,18.0,1.0,0.0,1602.5723164029584
18735,2024,M,1,1,16.0,16.0,1.0,0.0,1765.0537246476551
18736,2024,M,1,4,14.25,16.0,1.0,0.0,1790.6202837173719
18736,2025,M,1,3,11.666666666666666,10.0,1.0,0.0,1752.0184677260368
18737,2024,M,1,2,16.0,16.0,1.0,0.0,1889.1380395311294
18738,2024,M,103,1,0.0,0.0,0.0,1.0,2154.348591673132
18738,2025,M,103,2,1.0,1.0,0.0,0.0,1740.615793873339
18739,2024,M,101,1,8.0,8.0,1.0,0.0,2763.3428994214178
18739,2025,M,101,5,5.4,5.0,1.0,0.0,2221.386509278933
18740,2024,F,101,2,5.0,5.0,1.0,0.0,1752.7666696859621
18740,2025,F,101,2,5.0,5.0,1.0,0.0,1932.7496668152066
18741,2024,F,101,3,4.0,5.0,0.6666666666666666,0.0,1958.9280801668726
18741,2025,F,101,5,4.6,4.0,1.0,0.0,1964.5291728894701
18742,2024,M,75,3,19.333333333333332,19.0,1.0,0.0,1604.732395598399
18742,2025,M,75,2,15.5,15.5,1.0,0.0,1594.633813872207
18743,2024,M,96,1,19.0,19.0,1.0,0.0,1670.2522484337612
18744,2024,M,96,3,16.333333333333332,19.0,1.0,0.0,1677.3082325852617
18745,2024,M,86,3,14.333333333333334,16.0,1.0,0.0,1854.6284138482436
18745,2025,M,86,2,12.5,12.5,1.0,0.0,1675.7909134843126
18746,2024,M,96,3,18.333333333333332,19.0,1.0,0.0,1832.700015502382
18747,2024,M,96,4,16.5,18.0,1.0,0.0,1892.5472858158969
18748,2024,M,96,4,16.5,18.0,1.0,0.0,1885.679566271723
18749,2024,M,75,1,19.0,19.0,1.0,0.0,1895.0357435458486
18750,2024,M,75,2,24.5,24.5,1.0,0.0,1917.2116937362787
18751,2024,M,96,3,15.666666666666666,19.0,1.0,0.0,1943.4196348704236
18751,2025,M,96,1,15.0,15.0,1.0,0.0,1985.8323411900333
18752,2024,M,96,1,19.0,19.0,1.0,0.0,1972.6515692123542
18752,2025,M,96,5,13.4,13.0,1.0,0.0,2154.52421862648
18753,2024,M,86,1,16.0,16.0,1.0,0.0,1978.699555627926
18754,2024,M,96,1,19.0,19.0,1.0,0.0,1994.8275194027844
18755,2024,M,86,1,16.0,16.0,1.0,0.0,2045.2274061992164
18756,2024,M,75,1,19.0,19.0,1.0,0.0,2184.331093757369
18758,2024,F,96,3,13.0,14.0,1.0,0.0,1290.6598255782321
18760,2024,F,96,3,11.666666666666666,14.0,1.0,0.0,1436.0363443933627
18760,2025,F,96,4,15.25,15.0,1.0,0.0,1508.4107362269765
18761,2024,F,86,2,10.5,10.5,1.0,0.0,1482.1313381640139
18762,2024,F,96,1,18.0,18.0,1.0,0.0,1484.495183998406
18763,2024,F,86,3,9.333333333333334,8.0,1.0,0.0,1642.9604671629731
18764,2024,F,86,1,13.0,13.0,1.0,0.0,1874.5297466731467
18765,2024,F,77,1,3.0,3.0,1.0,0.0,2071.910873844909
18766,2024,F,96,2,14.5,14.5,1.0,0.0,2316.784031860633
18766,2025,F,96,3,13.333333333333334,14.0,1.0,0.0,2182.5673852579453
18767,2024,F,96,2,14.5,14.5,1.0,0.0,2325.1435618725013
18768,2024,F,86,2,10.0,10.0,1.0,0.0,2131.0204445515647
18769,2024,M,32,3,5.333333333333333,6.0,1.0,0.0,1586.0730323965522
18769,2025,M,32,1,10.0,10.0,1.0,0.0,1513.0958785307257
18770,2024,M,32,1,6.0,6.0,1.0,0.0,1691.2230734221948
18771,2024,M,32,3,5.333333333333333,6.0,1.0,0.0,1824.5180563913866
18771,2025,M,32,2,7.5,7.5,1.0,0.0,1836.0655103204308
18772,2024,M,32,4,5.0,5.0,1.0,0.0,1815.1770221311567
18772,2025,M,32,3,5.666666666666667,5.0,0.6666666666666666,0.0,1786.5171269101825
18773,2024,M,60,2,4.5,4.5,1.0,0.0,1896.660629985458
18774,2024,M,32,3,4.666666666666667,4.0,1.0,0.0,2012.8955806393587
18775,2024,M,32,1,6.0,6.0,1.0,0.0,2686.095980156042
18776,2024,M,32,1,6.0,6.0,1.0,0.0,2872.8610343202845
18777,2024,F,32,4,2.25,1.5,0.25,0.0,1286.0894299061815
18778,2024,F,32,2,3.5,3.5,0.5,0.0,1644.74714542039
18779,2024,F,32,3,2.6666666666666665,2.0,0.3333333333333333,0.0,2086.298768449223
18780,2024,M,4,4,25.75,27.5,1.0,0.0,1591.7407432148052
18780,2025,M,4,3,19.0,21.0,1.0,0.0,1568.774154248515
18781,2024,M,4,4,25.75,27.5,1.0,0.0,1592.2295770527803
18781,2025,M,4,2,14.5,14.5,1.0,0.0,1707.2784744677597
18782,2024,M,111,1,14.0,14.0,1.0,0.0,1592.337458358995
18783,2024,M,116,1,21.0,21.0,1.0,0.0,1661.4730982792687
18784,2024,M,116,3,17.666666666666668,19.0,1.0,0.0,1734.6211136884374
18785,2024,M,120,1,12.0,12.0,1.0,0.0,1748.9292006609817
18786,2024,M,116,3,17.666666666666668,19.0,1.0,0.0,1684.412917504756
18787,2024,M,120,2,11.0,11.0,1.0,0.0,1933.538527262424
18787,2025,M,120,3,9.0,10.0,1.0,0.0,1842.2451784766063
18789,2024,M,116,2,17.0,17.0,1.0,0.0,2023.214587387561
18790,2024,M,111,2,14.0,14.0,1.0,0.0,1996.7523290311199
18791,2024,M,111,2,14.0,14.0,1.0,0.0,2016.0222586514396
18791,2025,M,111,3,14.666666666666666,13.0,1.0,0.0,1947.3963871878746
18792,2024,M,120,1,12.0,12.0,1.0,0.0,2117.45976659583
18793,2024,F,120,1,6.0,6.0,1.0,0.0,1411.0422504734684
18794,2024,F,120,3,4.333333333333333,5.0,0.6666666666666666,0.0,1553.3988948259562
18794,2025,F,120,1,10.0,10.0,1.0,0.0,1806.697445043918
18795,2024,F,111,2,10.5,10.5,1.0,0.0,1696.8375271954787
18796,2024,F,116,2,14.5,14.5,1.0,0.0,1717.3610806245092
18797,2024,F,111,1,10.0,10.0,1.0,0.0,2084.866953241537
18798,2024,F,111,1,10.0,10.0,1.0,0.0,2085.2505710626406
18799,2024,F,120,1,6.0,6.0,1.0,0.0,2275.908628151015
18800,2024,M,37,1,16.0,16.0,1.0,0.0,1781.898493483714
18801,2024,M,37,1,16.0,16.0,1.0,0.0,1799.8541408456952
18801,2025,M,37,1,14.0,14.0,1.0,0.0,1755.1157923503195
18802,2024,M,37,1,16.0,16.0,1.0,0.0,1886.14100177966
18803,2024,M,37,1,16.0,16.0,1.0,0.0,1934.621249657009
18803,2025,M,37,1,14.0,14.0,1.0,0.0,1777.729284390869
18804,2024,M,37,1,16.0,16.0,1.0,0.0,2089.7380921452345
18804,2025,M,37,2,15.0,15.0,1.0,0.0,1840.3326033400733
18805,2024,M,37,1,16.0,16.0,1.0,0.0,2192.4842964943487
18805,2025,M,37,2,15.0,15.0,1.0,0.0,1985.0673185903256
18806,2024,M,37,1,16.0,16.0,1.0,0.0,2198.1702514923095
18807,2024,M,37,1,16.0,16.0,1.0,0.0,2254.8302942790056
18807,2025,M,37,2,15.0,15.0,1.0,0.0,2001.3749047182246
18808,2024,M,37,1,16.0,16.0,1.0,0.0,2661.3261998349667
18809,2024,F,37,1,2.0,2.0,0.0,0.0,1469.6337723891643
18810,2024,F,37,1,2.0,2.0,0.0,0.0,1644.1307887128057
18811,2024,F,37,1,2.0,2.0,0.0,0.0,1881.7282560018803
18812,2024,F,174,2,7.5,7.5,1.0,0.0,1515.5317099693043
18813,2024,F,180,1,8.0,8.0,1.0,0.0,1463.5057213464725
18814,2024,F,180,1,8.0,8.0,1.0,0.0,1500.369234420408
18815,2024,F,180,1,8.0,8.0,1.0,0.0,1515.5269289409407
18815,2025,F,180,1,3.0,3.0,1.0,0.0,1443.4589294662474
18816,2024,F,178,2,14.0,14.0,1.0,0.0,1458.9732625373688
18816,2025,F,178,2,18.5,18.5,1.0,0.0,1462.4188593299682
18817,2024,F,203,2,19.0,19.0,1.0,0.0,1586.4856669406347
18817,2025,F,203,2,17.5,17.5,1.0,0.0,1491.6726243177588
18818,2024,F,172,2,20.5,20.5,1.0,0.0,1548.879461174856
18818,2025,F,172,3,10.0,10.0,1.0,0.0,1697.8582635079397
18819,2024,F,178,1,12.0,12.0,1.0,0.0,1554.5731500258328
18819,2025,F,178,1,21.0,21.0,1.0,0.0,1532.786675531166
18820,2024,F,174,3,7.0,7.0,1.0,0.0,1489.0152360434301
18821,2024,F,172,2,20.5,20.5,1.0,0.0,1468.2415309594514
18822,2024,F,174,3,7.0,7.0,1.0,0.0,1466.873262884209
18822,2025,F,174,4,5.5,5.5,1.0,0.0,1457.9600173380506
18823,2024,F,178,2,14.0,14.0,1.0,0.0,1545.2340754269464
18823,2025,F,178,1,16.0,16.0,1.0,0.0,1578.9949132581223
18824,2024,F,172,2,15.0,15.0,1.0,0.0,1609.2621118559148
18824,2025,F,172,1,14.0,14.0,1.0,0.0,1565.504105717821
18825,2024,F,188,2,17.5,17.5,1.0,0.0,1481.3649196519264
18826,2024,F,203,4,21.0,22.0,1.0,0.0,1575.6955179779725
18826,2025,F,203,4,15.75,17.0,1.0,0.0,1605.3085602618814
18827,2024,F,172,1,24.0,24.0,1.0,0.0,1618.356728568234
18828,2024,F,172,3,14.0,17.0,0.6666666666666666,0.0,1559.4860355975413
18828,2025,F,172,4,9.75,9.5,1.0,0.0,1496.142503824761
18829,2024,F,172,2,20.5,20.5,1.0,0.0,1541.418904589408
18830,2024,F,172,1,24.0,24.0,1.0,0.0,1663.7085505736682
18831,2024,F,203,4,21.0,22.0,1.0,0.0,1561.7331911955678
18831,2025,F,203,3,15.333333333333334,17.0,1.0,0.0,1638.7774653955464
18832,2024,F,188,3,18.0,18.0,1.0,0.0,1581.3283880103588
18832,2025,F,188,2,18.5,18.5,1.0,0.0,1675.150917899257
18833,2024,F,172,1,24.0,24.0,1.0,0.0,1673.6519981791375
18834,2024,F,173,2,2.0,2.0,0.5,0.5,1778.0920839288844
18835,2024,F,203,4,21.0,22.0,1.0,0.0,1637.896784931346
18836,2024,F,203,3,22.666666666666668,22.0,1.0,0.0,1629.0080361213745
18837,2024,F,178,2,14.0,14.0,1.0,0.0,1720.3024775505314
18837,2025,F,178,2,18.5,18.5,1.0,0.0,2011.58546188556
18838,2024,F,180,1,8.0,8.0,1.0,0.0,1743.498654529752
18839,2024,F,203,3,22.666666666666668,22.0,1.0,0.0,1647.8941305030107
18839,2025,F,203,2,14.0,14.0,1.0,0.0,2054.500579204086
18840,2024,F,178,1,12.0,12.0,1.0,0.0,1782.9086602831371
18841,2024,F,203,3,22.666666666666668,22.0,1.0,0.0,1715.4586088170079
18841,2025,F,203,4,15.75,17.0,1.0,0.0,1842.7933082332447
18842,2024,F,203,2,23.0,23.0,1.0,0.0,1805.9483559543469
18843,2024,F,173,1,4.0,4.0,1.0,0.0,1806.3121406228397
18843,2025,F,173,1,6.0,6.0,1.0,0.0,1753.6073122187995
18844,2024,F,203,3,22.666666666666668,22.0,1.0,0.0,1759.5727700458212
18844,2025,F,203,4,14.25,14.0,1.0,0.0,2054.598501161057
18845,2024,F,173,1,4.0,4.0,1.0,0.0,1818.1957731269374
18846,2024,F,201,1,1.0,1.0,0.0,0.0,1819.044604020087
18847,2024,F,188,2,18.5,18.5,1.0,0.0,1897.4160780754448
18848,2024,F,178,1,12.0,12.0,1.0,0.0,1831.5345443050062
18849,2024,F,172,2,20.5,20.5,1.0,0.0,1759.5927447622482
18849,2025,F,172,2,11.5,11.5,1.0,0.0,1650.1937082625136
18850,2024,F,203,2,23.0,23.0,1.0,0.0,1837.112575888562
18850,2025,F,203,4,15.75,17.0,1.0,0.0,2334.531063457766
18851,2024,F,203,3,22.666666666666668,22.0,1.0,0.0,1644.7481126657735
18851,2025,F,203,4,15.75,17.0,1.0,0.0,2335.130506534787
18852,2024,F,191,3,4.0,4.0,1.0,0.0,1881.583540799601
18852,2025,F,191,3,6.666666666666667,6.0,1.0,0.0,1790.8652064081014
18853,2024,F,178,1,12.0,12.0,1.0,0.0,1862.2137180145644
18854,2024,F,188,3,18.0,18.0,1.0,0.0,1829.54420168926
18854,2025,F,188,5,15.8,17.0,1.0,0.0,1809.4998428631768
18855,2024,F,188,1,18.0,18.0,1.0,0.0,1962.25450185008
18856,2024,F,191,3,4.0,4.0,1.0,0.0,1872.399955783179
18856,2025,F,191,3,6.666666666666667,6.0,1.0,0.0,1861.4454020164344
18857,2024,F,173,1,4.0,4.0,1.0,0.0,1964.3159483048726
18858,2024,F,199,1,8.0,8.0,1.0,0.0,1972.076687899385
18859,2024,F,204,1,6.0,6.0,1.0,0.0,1985.4154590774538
18860,2024,F,174,3,7.0,7.0,1.0,0.0,1829.5741637639003
18861,2024,F,201,1,1.0,1.0,0.0,0.0,2093.095720951318
18862,2024,F,199,1,8.0,8.0,1.0,0.0,2198.229490145733
18863,2024,F,203,2,22.0,22.0,1.0,0.0,1568.1750372432437
18864,2024,F,180,1,8.0,8.0,1.0,0.0,2352.7167126990025
18865,2024,M,178,2,15.0,15.0,1.0,0.0,1577.6819256998829
18865,2025,M,178,2,25.0,25.0,1.0,0.0,1559.3479801994079
18866,2024,M,178,1,13.0,13.0,1.0,0.0,1617.2393647655842
18867,2024,M,178,2,15.0,15.0,1.0,0.0,1635.04963529252
18867,2025,M,178,2,25.0,25.0,1.0,0.0,1668.0568678301877
18868,2024,M,178,1,13.0,13.0,1.0,0.0,1670.9248988918791
18869,2024,M,203,4,26.5,27.0,1.0,0.0,1599.1448797240087
18869,2025,M,203,5,24.8,28.0,1.0,0.0,1663.1434400337887
18870,2024,M,174,3,12.0,13.0,1.0,0.0,1675.328878465763
18870,2025,M,174,3,13.0,13.0,1.0,0.0,1678.0737293556376
18871,2024,M,203,3,26.666666666666668,28.0,1.0,0.0,1716.8898768506415
18872,2024,M,199,2,9.5,9.5,1.0,0.0,1703.263677165381
18872,2025,M,199,2,7.0,7.0,1.0,0.0,2123.005957033892
18873,2024,M,172,2,14.5,14.5,1.0,0.0,1696.502197465831
18873,2025,M,172,2,18.0,18.0,1.0,0.0,1917.8797887438009
18874,2024,M,203,4,26.5,27.0,1.0,0.0,1750.1945384773244
18874,2025,M,203,4,24.0,24.5,1.0,0.0,1849.184417647117
18875,2024,M,203,2,25.5,25.5,1.0,0.0,1625.8743373539023
18875,2025,M,203,2,28.5,28.5,1.0,0.0,1729.903767365148
18876,2024,M,174,3,12.0,13.0,1.0,0.0,1737.4705722480383
18876,2025,M,174,2,18.0,18.0,1.0,0.0,1740.3625594946582
18877,2024,M,203,4,26.5,27.0,1.0,0.0,1721.3209228031749
18877,2025,M,203,3,26.0,28.0,1.0,0.0,1696.9900335909497
18878,2024,M,188,3,24.666666666666668,25.0,1.0,0.0,1743.652781899473
18878,2025,M,188,5,16.2,17.0,1.0,0.0,2053.6375947757806
18879,2024,M,188,3,24.666666666666668,25.0,1.0,0.0,1822.1538608336878
18879,2025,M,188,4,16.0,16.0,1.0,0.0,1759.4531085015906
18880,2024,M,180,1,2.0,2.0,0.0,0.0,1790.3478217442494
18881,2024,M,199,1,14.0,14.0,1.0,0.0,1805.2881373638118
18882,2024,M,188,2,24.5,24.5,1.0,0.0,1743.7826182895678
18883,2024,M,172,2,14.5,14.5,1.0,0.0,1790.7734040892472
18883,2025,M,172,4,12.75,11.5,1.0,0.0,1774.1817244499202
18884,2024,M,180,2,2.5,2.5,0.5,0.0,1807.572235484584
18884,2025,M,180,2,1.5,1.5,0.0,0.0,1786.832149376729
18885,2024,M,172,2,14.5,14.5,1.0,0.0,1887.0021439787076
18885,2025,M,172,4,12.75,11.5,1.0,0.0,1838.094089920072
18886,2024,M,178,1,13.0,13.0,1.0,0.0,1866.3442271957576
18887,2024,M,203,2,24.5,24.5,1.0,0.0,1788.5961477015044
18888,2024,M,172,3,10.333333333333334,12.0,0.6666666666666666,0.0,1892.0258135339125
18889,2024,M,172,2,14.5,14.5,1.0,0.0,1778.0094882014703
18889,2025,M,172,1,22.0,22.0,1.0,0.0,1822.6758408123055
18890,2024,M,201,1,4.0,4.0,1.0,0.0,1917.1413003022703
18891,2024,M,201,1,4.0,4.0,1.0,0.0,1919.9301592179222
18892,2024,M,199,3,8.666666666666666,7.0,1.0,0.0,1863.581656688538
18892,2025,M,199,3,6.333333333333333,6.0,1.0,0.0,1982.8696928901227
18893,2024,M,199,2,10.5,10.5,1.0,0.0,1978.2027502597816
18894,2024,M,174,3,12.0,13.0,1.0,0.0,1948.524618054377
18895,2024,M,203,4,26.5,27.0,1.0,0.0,1981.2733506021239
18895,2025,M,203,2,28.0,28.0,1.0,0.0,1965.9596831854008
18896,2024,M,172,1,17.0,17.0,1.0,0.0,1987.1615795059536
18896,2025,M,172,1,22.0,22.0,1.0,0.0,2004.1457549413205
18897,2024,M,191,2,3.5,3.5,1.0,0.0,1991.5440720876923
18897,2025,M,191,2,2.5,2.5,0.5,0.0,2058.158034726373
18898,2024,M,199,2,10.5,10.5,1.0,0.0,2051.7855792614864
18899,2024,M,172,3,10.333333333333334,12.0,0.6666666666666666,0.0,1871.2120414602603
18900,2024,M,173,2,4.5,4.5,1.0,0.0,2007.4383440644858
18901,2024,M,188,1,20.0,20.0,1.0,0.0,2089.0545320313704
18901,2025,M,188,5,16.2,17.0,1.0,0.0,1952.8617565933039
18902,2024,M,173,1,4.0,4.0,1.0,0.0,2098.5167319237603
18903,2024,M,199,1,14.0,14.0,1.0,0.0,2106.2856960459326
18904,2024,M,174,2,11.5,11.5,1.0,0.0,1980.25714333795
18905,2024,M,173,1,4.0,4.0,1.0,0.0,2158.2779944020103
18906,2024,M,191,1,3.0,3.0,1.0,0.0,2192.740322431135
18907,2024,M,191,1,3.0,3.0,1.0,0.0,2247.720683911125
18907,2025,M,191,1,0.0,0.0,0.0,1.0,2233.4758662032627
18908,2024,M,201,1,4.0,4.0,1.0,0.0,2248.417898640038
18909,2024,M,204,1,18.0,18.0,1.0,0.0,2251.605165972211
18910,2024,M,174,3,12.0,13.0,1.0,0.0,2124.902360290793
18911,2024,F,122,2,5.0,5.0,1.0,0.0,1588.6280011797678
18911,2025,F,122,2,3.0,3.0,1.0,0.0,1425.4871969937578
18912,2024,F,122,2,5.0,5.0,1.0,0.0,1624.0483592012988
18912,2025,F,122,2,4.0,4.0,1.0,0.0,1513.1821991739307
18913,2024,F,122,2,5.0,5.0,1.0,0.0,1853.8316958874566
18914,2024,F,122,2,5.0,5.0,1.0,0.0,1865.3058963733047
18915,2024,M,122,2,7.5,7.5,1.0,0.0,1690.6315315272702
18915,2025,M,122,3,14.666666666666666,14.0,1.0,0.0,1570.6785552757249
18916,2024,F,60,1,6.0,6.0,1.0,0.0,1580.803731900821
18917,2024,F,60,1,6.0,6.0,1.0,0.0,1777.0221645362699
18918,2024,F,60,1,6.0,6.0,1.0,0.0,1818.9387956565363
18919,2024,M,60,2,4.5,4.5,1.0,0.0,1758.3665876237583
18919,2025,M,60,1,10.0,10.0,1.0,0.0,1723.7646480625301
18920,2024,M,60,1,3.0,3.0,1.0,0.0,1985.5233439671042
18921,2024,F,167,3,19.666666666666668,21.0,1.0,0.0,1434.4039966158052
18922,2024,F,167,3,18.333333333333332,18.0,1.0,0.0,1510.6806800621123
18922,2025,F,167,5,14.4,18.0,0.8,0.2,1398.4989855211072
18923,2024,F,164,3,23.333333333333332,20.0,1.0,0.0,1658.5540489480024
18925,2024,F,167,3,18.666666666666668,18.0,1.0,0.0,1857.7876830828548
18926,2024,F,86,1,0.0,0.0,0.0,1.0,1559.820382227288
18927,2024,F,164,2,25.0,25.0,1.0,0.0,1483.9436986787628
18927,2025,F,164,1,24.0,24.0,1.0,0.0,1850.0997042224192
18928,2024,F,164,2,25.0,25.0,1.0,0.0,1580.488687970189
18928,2025,F,164,2,26.5,26.5,1.0,0.0,1600.1117019710011
18929,2024,F,167,4,19.25,19.5,1.0,0.0,1503.5836989049053
18929,2025,F,167,3,18.0,18.0,1.0,0.0,1540.295366102708
18930,2024,F,142,1,3.0,3.0,1.0,0.0,1631.5227509656936
18930,2025,F,142,3,7.0,6.0,1.0,0.0,1635.824884740971
18931,2024,F,167,4,19.25,19.5,1.0,0.0,1574.8153415161398
18931,2025,F,167,3,19.333333333333332,18.0,1.0,0.0,1595.5356062416529
18932,2024,F,164,2,25.0,25.0,1.0,0.0,1659.2437487156512
18932,2025,F,164,2,24.5,24.5,1.0,0.0,1634.0208871962254
18933,2024,F,130,3,6.666666666666667,6.0,1.0,0.0,1621.032854486118
18933,2025,F,130,2,6.5,6.5,1.0,0.0,1631.2146687932877
18934,2024,F,79,2,6.0,6.0,1.0,0.0,1517.7518582720234
18934,2025,F,79,2,8.0,8.0,1.0,0.0,1574.370817562518
18935,2024,F,164,3,23.333333333333332,20.0,1.0,0.0,1691.482805546063
18935,2025,F,164,1,28.0,28.0,1.0,0.0,1744.5607378446807
18936,2024,F,164,2,25.0,25.0,1.0,0.0,1564.0670826859123
18937,2024,F,164,2,25.0,25.0,1.0,0.0,1571.297729535338
18937,2025,F,164,2,26.5,26.5,1.0,0.0,1459.41972520971
18938,2024,F,164,2,25.0,25.0,1.0,0.0,1739.664028407224
18938,2025,F,164,3,25.666666666666668,25.0,1.0,0.0,1502.5270350255378
18939,2024,F,167,3,19.666666666666668,21.0,1.0,0.0,1669.5954421099634
18939,2025,F,167,1,22.0,22.0,1.0,0.0,1740.456742336215
18940,2024,F,142,2,2.5,2.5,0.5,0.0,1634.2238994141242
18941,2024,F,132,2,6.5,6.5,1.0,0.0,1766.7973018232599
18941,2025,F,132,1,4.0,4.0,1.0,0.0,1743.6638490824296
18942,2024,F,79,3,5.333333333333333,4.0,1.0,0.0,1595.4324561813942
18942,2025,F,79,2,8.0,8.0,1.0,0.0,1693.0216669961771
18943,2024,F,130,2,5.5,5.5,1.0,0.0,1779.3354209469157
18944,2024,F,142,1,3.0,3.0,1.0,0.0,1785.016756174822
18945,2024,F,142,2,2.5,2.5,0.5,0.0,1607.646386670289
18945,2025,F,142,2,7.5,7.5,1.0,0.0,1671.403725206787
18946,2024,F,137,1,8.0,8.0,1.0,0.0,1802.648486192463
18948,2024,F,167,4,19.25,19.5,1.0,0.0,1655.622705630668
18948,2025,F,167,3,16.666666666666668,18.0,1.0,0.0,1791.3262367962554
18949,2024,F,159,1,7.0,7.0,1.0,0.0,1932.3396558777765
18950,2024,F,164,2,25.0,25.0,1.0,0.0,1555.859321397375
18950,2025,F,164,2,26.5,26.5,1.0,0.0,1720.1398536141544
18951,2024,F,164,2,25.0,25.0,1.0,0.0,1777.859721963527
18951,2025,F,164,1,25.0,25.0,1.0,0.0,1874.6537746611536
18953,2024,F,69,1,5.0,5.0,1.0,0.0,2082.7970853616443
18953,2025,F,69,1,1.0,1.0,0.0,0.0,2201.5964972295546
18954,2024,F,167,2,18.5,18.5,1.0,0.0,2100.0529252078327
18955,2024,F,79,1,3.0,3.0,1.0,0.0,2091.319088203504
18955,2025,F,79,2,8.0,8.0,1.0,0.0,1859.3290715894843
18956,2024,F,137,1,8.0,8.0,1.0,0.0,2101.4083559358205
18957,2024,F,164,1,30.0,30.0,1.0,0.0,2129.9129861310066
18958,2024,F,132,2,6.5,6.5,1.0,0.0,2137.455448416331
18959,2024,F,130,1,5.0,5.0,1.0,0.0,2207.982368486894
18959,2025,F,130,3,5.333333333333333,5.0,1.0,0.0,1746.5122784169655
18960,2024,F,130,3,6.666666666666667,6.0,1.0,0.0,2081.253755307674
18961,2024,M,164,3,28.0,23.0,1.0,0.0,1497.4752448855781
18961,2025,M,164,3,27.333333333333332,29.0,1.0,0.0,1529.5447456936101
18962,2024,M,164,1,39.0,39.0,1.0,0.0,1566.5497234201462
18963,2024,M,164,3,28.0,23.0,1.0,0.0,1602.9572882578548
18963,2025,M,164,4,24.5,25.5,1.0,0.0,1561.8646057663912
18964,2024,M,164,3,28.0,23.0,1.0,0.0,1583.3010403231685
18964,2025,M,164,4,24.5,25.5,1.0,0.0,1635.738571647033
18965,2024,M,132,3,13.333333333333334,13.0,1.0,0.0,1653.3485844652173
18965,2025,M,132,2,13.0,13.0,1.0,0.0,1625.521959344391
18966,2024,M,164,1,39.0,39.0,1.0,0.0,1682.6371386949509
18966,2025,M,164,1,31.0,31.0,1.0,0.0,1955.144423673267
18967,2024,M,164,2,30.5,30.5,1.0,0.0,1577.754475311896
18968,2024,M,132,3,13.333333333333334,13.0,1.0,0.0,1734.8134372896413
18968,2025,M,132,3,13.333333333333334,14.0,1.0,0.0,1764.6250653111315
18969,2024,M,132,3,13.333333333333334,13.0,1.0,0.0,1741.60217502501
18969,2025,M,132,3,13.333333333333334,14.0,1.0,0.0,1636.5244649010826
18970,2024,M,164,2,20.5,20.5,0.5,0.0,1839.6486849091427
18971,2024,M,167,4,41.5,43.5,1.0,0.0,1627.7708685714438
18971,2025,M,167,1,43.0,43.0,1.0,0.0,1880.682273369754
18972,2024,M,164,1,39.0,39.0,1.0,0.0,1768.0782521929477
18973,2024,M,79,2,18.0,18.0,1.0,0.0,1667.180672598909
18974,2024,M,88,3,12.666666666666666,16.0,1.0,0.0,1774.1881161547797
18974,2025,M,88,4,22.5,21.0,1.0,0.0,1686.900431478795
18975,2024,M,79,3,18.333333333333332,19.0,1.0,0.0,1685.9611471107623
18975,2025,M,79,2,25.5,25.5,1.0,0.0,1821.1569580658552
18976,2024,M,164,2,31.0,31.0,1.0,0.0,1806.483111381605
18977,2024,M,167,4,41.5,43.5,1.0,0.0,1686.6423042174101
18977,2025,M,167,4,42.75,43.5,1.0,0.0,1667.567248436033
18978,2024,M,137,1,5.0,5.0,1.0,0.0,1826.0734688465259
18979,2024,M,164,3,28.0,23.0,1.0,0.0,1698.0273587142335
18979,2025,M,164,5,20.4,22.0,1.0,0.0,1571.1080254074193
18980,2024,M,132,2,13.5,13.5,1.0,0.0,1840.4268000584484
18981,2024,M,137,1,5.0,5.0,1.0,0.0,1842.5604033467073
18982,2024,M,142,1,5.0,5.0,1.0,0.0,1844.3060787643735
18982,2025,M,142,4,4.75,4.5,0.75,0.0,1672.4370696182832
18984,2024,M,167,1,32.0,32.0,1.0,0.0,1850.318960758557
18985,2024,M,164,1,39.0,39.0,1.0,0.0,1859.2413017821843
18986,2024,M,167,2,38.5,38.5,1.0,0.0,1860.0487105038392
18986,2025,M,167,2,45.0,45.0,1.0,0.0,1861.64697019056
18987,2024,M,159,1,25.0,25.0,1.0,0.0,1864.9632378734236
18988,2024,M,142,3,6.666666666666667,5.0,1.0,0.0,1731.987905888518
18988,2025,M,142,1,9.0,9.0,1.0,0.0,1761.0885456679096
18989,2024,M,164,2,30.5,30.5,1.0,0.0,1855.1800340336308
18989,2025,M,164,2,30.0,30.0,1.0,0.0,1851.9045055910635
18990,2024,M,132,3,13.333333333333334,13.0,1.0,0.0,1870.4912100293668
18990,2025,M,132,2,12.5,12.5,1.0,0.0,1681.0427763405805
18991,2024,M,159,2,26.0,26.0,1.0,0.0,1813.0456015795758
18991,2025,M,159,2,35.0,35.0,1.0,0.0,1656.71621969848
18992,2024,M,164,3,28.0,23.0,1.0,0.0,1837.0807166284249
18992,2025,M,164,1,31.0,31.0,1.0,0.0,1832.688456585451
18993,2024,M,164,2,30.5,30.5,1.0,0.0,1720.40823507551
18994,2024,M,132,3,13.333333333333334,13.0,1.0,0.0,1897.7431429384894
18994,2025,M,132,2,12.5,12.5,1.0,0.0,1902.0399895260646
18995,2024,M,132,1,17.0,17.0,1.0,0.0,1930.2321021006112
18996,2024,M,164,1,39.0,39.0,1.0,0.0,1939.445389027183
18997,2024,M,164,2,31.0,31.0,1.0,0.0,1952.1500267890872
19000,2024,M,159,2,27.0,27.0,1.0,0.0,1985.705787595338
19000,2025,M,159,2,37.0,37.0,1.0,0.0,1899.4840790495705
19001,2024,M,164,3,28.0,23.0,1.0,0.0,1889.043273049823
19001,2025,M,164,1,31.0,31.0,1.0,0.0,1845.7346128853637
19002,2024,M,167,4,41.5,43.5,1.0,0.0,1804.8717162998053
19002,2025,M,167,4,42.75,43.5,1.0,0.0,1763.053278803033
19003,2024,M,164,1,39.0,39.0,1.0,0.0,2014.2184860838865
19003,2025,M,164,1,22.0,22.0,1.0,0.0,2016.4056165772024
19004,2024,M,132,1,17.0,17.0,1.0,0.0,2030.8993845193638
19005,2024,M,167,2,39.5,39.5,1.0,0.0,2048.16217476073
19006,2024,M,167,4,41.5,43.5,1.0,0.0,1896.4386930648536
19006,2025,M,167,3,44.333333333333336,44.0,1.0,0.0,2049.9396671343175
19007,2024,M,164,3,21.0,22.0,0.6666666666666666,0.0,1766.5323020113576
19007,2025,M,164,3,27.333333333333332,29.0,1.0,0.0,1793.6048790542027
19008,2024,M,167,1,32.0,32.0,1.0,0.0,2063.291361713837
19009,2024,M,167,1,32.0,32.0,1.0,0.0,2080.8450978581473
19009,2025,M,167,2,42.0,42.0,1.0,0.0,2048.823713306739
19010,2024,M,139,2,8.5,8.5,1.0,0.0,1914.251677059795
19010,2025,M,139,6,11.166666666666666,12.0,1.0,0.0,1874.9657085928077
19012,2024,M,167,3,41.333333333333336,45.0,1.0,0.0,2363.7420960810946
19013,2024,M,167,4,41.5,43.5,1.0,0.0,2094.1688703088266
19013,2025,M,167,4,42.75,43.5,1.0,0.0,1946.8540635938323
19014,2024,M,130,2,8.0,8.0,1.0,0.0,2314.0867300518858
19016,2024,M,130,2,8.5,8.5,1.0,0.0,2172.0153967828314
19017,2024,M,164,1,39.0,39.0,1.0,0.0,2434.9262617414483
19018,2024,M,142,2,7.5,7.5,1.0,0.0,2431.3479780036137
19019,2024,F,96,2,12.5,12.5,1.0,0.0,1745.9475539073428
19360,2024,F,59,3,10.666666666666666,12.0,1.0,0.0,1531.9212825758652
19360,2025,F,59,3,9.333333333333334,10.0,1.0,0.0,1407.8891334352982
19361,2024,F,59,3,10.666666666666666,12.0,1.0,0.0,1990.4018724397727
19361,2025,F,59,4,7.75,8.5,1.0,0.0,1700.0638240733635
19362,2024,M,59,3,19.333333333333332,19.0,1.0,0.0,1675.5419976538824
19362,2025,M,59,1,18.0,18.0,1.0,0.0,1703.829894996111
19363,2024,M,59,2,19.5,19.5,1.0,0.0,1763.497160741072
19364,2024,M,60,3,5.666666666666667,6.0,1.0,0.0,1622.460512891863
19365,2024,M,60,2,5.5,5.5,1.0,0.0,1945.2414284442514
19366,2024,F,86,3,9.333333333333334,8.0,1.0,0.0,1464.1799321657738
19366,2025,F,86,4,12.25,11.5,1.0,0.0,1421.1741683188075
19367,2024,F,167,2,19.5,19.5,1.0,0.0,1604.1768646621972
19367,2025,F,167,3,19.333333333333332,18.0,1.0,0.0,1469.2557781094617
19368,2024,F,166,2,4.0,4.0,0.5,0.0,2006.8953464912822
19368,2025,F,166,3,4.0,4.0,0.6666666666666666,0.0,1980.36563213539
19369,2024,F,168,1,0.0,0.0,0.0,1.0,2065.622584212246
19370,2024,F,167,2,21.5,21.5,1.0,0.0,1831.8941504463976
19371,2024,F,86,1,7.0,7.0,1.0,0.0,2129.1406270834145
19371,2025,F,86,2,11.0,11.0,1.0,0.0,2273.8183548762527
19372,2024,F,164,1,3.0,3.0,1.0,0.0,2146.9494241500975
19373,2024,F,164,1,3.0,3.0,1.0,0.0,2297.0380083176406
19374,2024,M,142,1,10.0,10.0,1.0,0.0,1623.6252254715878
19375,2024,M,167,1,45.0,45.0,1.0,0.0,1634.9585730241968
19375,2025,M,167,5,35.0,43.0,1.0,0.0,1513.1392240153293
19376,2024,M,167,2,46.0,46.0,1.0,0.0,1736.2688450596925
19377,2024,M,142,1,10.0,10.0,1.0,0.0,1747.897845157152
19377,2025,M,142,1,5.0,5.0,1.0,0.0,1741.9072538376715
19378,2024,M,166,2,11.5,11.5,1.0,0.0,1891.6705933183207
19379,2024,M,142,1,10.0,10.0,1.0,0.0,1770.6630911106536
19380,2024,M,167,2,46.0,46.0,1.0,0.0,1787.5152861671413
19381,2024,M,167,3,44.666666666666664,45.0,1.0,0.0,1736.5613893188658
19381,2025,M,167,2,44.5,44.5,1.0,0.0,1897.4275250040444
19382,2024,M,167,1,45.0,45.0,1.0,0.0,1807.1269049755695
19383,2024,M,167,1,45.0,45.0,1.0,0.0,1863.9907444351813
19384,2024,M,167,3,44.666666666666664,45.0,1.0,0.0,1683.91767579082
19384,2025,M,167,5,34.8,43.0,1.0,0.0,1593.103862614854
19385,2024,M,167,2,43.5,43.5,1.0,0.0,1748.4329846061516
19385,2025,M,167,4,42.75,43.5,1.0,0.0,1747.138940408533
19386,2024,M,167,3,44.666666666666664,45.0,1.0,0.0,1716.7105250679947
19386,2025,M,167,3,44.333333333333336,44.0,1.0,0.0,1668.2080924532204
19387,2024,M,167,3,44.666666666666664,45.0,1.0,0.0,1865.3000824752517
19387,2025,M,167,3,42.666666666666664,44.0,1.0,0.0,1992.1411623584281
19388,2024,M,63,2,5.5,5.5,0.5,0.5,1925.979228005538
19389,2024,M,142,1,10.0,10.0,1.0,0.0,2002.1590337287269
19390,2024,M,166,2,11.5,11.5,1.0,0.0,1878.7286082920175
19390,2025,M,166,4,7.25,7.0,1.0,0.0,1870.026714299511
19391,2024,M,166,2,11.5,11.5,1.0,0.0,1802.4390123474927
19392,2024,M,166,1,10.0,10.0,1.0,0.0,2066.8083902027397
19393,2024,M,166,1,10.0,10.0,1.0,0.0,2087.3069666457195
19394,2024,M,167,2,46.0,46.0,1.0,0.0,2137.5678992703333
19395,2024,M,86,1,11.0,11.0,1.0,0.0,2144.0722552570473
19395,2025,M,86,1,11.0,11.0,1.0,0.0,1805.6724665914621
19396,2024,M,167,3,44.666666666666664,45.0,1.0,0.0,2016.906192783376
19396,2025,M,167,3,44.333333333333336,44.0,1.0,0.0,2066.5846478007375
19397,2024,M,86,2,13.5,13.5,1.0,0.0,2193.6433319436765
19397,2025,M,86,3,13.333333333333334,13.0,1.0,0.0,2152.81788096238
19398,2024,M,166,2,11.5,11.5,1.0,0.0,2023.4258393755742
19399,2024,M,142,2,7.5,7.5,1.0,0.0,2545.5814156999622
19400,2024,M,166,2,11.5,11.5,1.0,0.0,2198.1912913097153
19401,2024,M,166,1,10.0,10.0,1.0,0.0,2944.6007958643745
19402,2024,M,124,2,36.5,36.5,1.0,0.0,1517.4718006467904
19403,2024,M,124,2,35.0,35.0,1.0,0.0,1579.5541955497688
19403,2025,M,124,3,34.0,35.0,1.0,0.0,1558.4321878438086
19404,2024,M,1,4,10.25,9.5,1.0,0.0,1605.3591945321016
19405,2024,M,112,2,30.0,30.0,1.0,0.0,1633.4445893694144
19405,2025,M,112,2,38.5,38.5,1.0,0.0,1695.2653683380909
19406,2024,M,112,1,28.0,28.0,1.0,0.0,1634.4910047833882
19406,2025,M,112,1,43.0,43.0,1.0,0.0,2116.8093022465478
19407,2024,M,107,3,7.0,7.0,1.0,0.0,1645.675803500673
19407,2025,M,107,1,12.0,12.0,1.0,0.0,1793.4678116979949
19409,2024,M,104,2,5.5,5.5,1.0,0.0,1685.735744537515
19410,2024,M,104,1,6.0,6.0,1.0,0.0,1688.963837371189
19410,2025,M,104,1,3.0,3.0,1.0,0.0,2132.5841278770954
19411,2024,M,124,1,43.0,43.0,1.0,0.0,1696.0814365549154
19411,2025,M,124,3,35.333333333333336,35.0,1.0,0.0,1615.7047724407569
19412,2024,M,124,1,43.0,43.0,1.0,0.0,1702.5376222222628
19413,2024,M,117,1,36.0,36.0,1.0,0.0,1737.65176965155
19414,2024,M,1,1,10.0,10.0,1.0,0.0,1738.6290821608272
19415,2024,M,117,1,36.0,36.0,1.0,0.0,1753.2394105823469
19415,2025,M,117,1,46.0,46.0,1.0,0.0,1780.7035966390524
19416,2024,M,117,1,36.0,36.0,1.0,0.0,1762.4202250634369
19417,2024,M,124,3,33.333333333333336,30.0,1.0,0.0,1781.571601507861
19417,2025,M,124,4,33.25,33.0,1.0,0.0,1873.4417169388598
19418,2024,M,124,2,36.5,36.5,1.0,0.0,1782.0553218407358
19419,2024,M,127,1,4.0,4.0,1.0,0.0,1802.7960650931768
19420,2024,M,112,1,28.0,28.0,1.0,0.0,1829.5685047412583
19421,2024,M,112,1,28.0,28.0,1.0,0.0,1838.5518823517873
19421,2025,M,112,3,28.666666666666668,34.0,1.0,0.0,1619.3229531637642
19422,2024,M,118,3,7.333333333333333,7.0,1.0,0.0,1839.2330395552228
19422,2025,M,118,3,5.333333333333333,5.0,1.0,0.0,1819.881300573955
19423,2024,M,124,1,43.0,43.0,1.0,0.0,1866.2818908220904
19424,2024,M,124,1,43.0,43.0,1.0,0.0,1871.6817892319357
19424,2025,M,124,4,33.25,33.0,1.0,0.0,1679.4318145951809
19425,2024,M,112,3,25.333333333333332,28.0,1.0,0.0,1872.126022190698
19425,2025,M,112,2,34.5,34.5,1.0,0.0,1983.135185615182
19426,2024,M,124,1,43.0,43.0,1.0,0.0,1874.0510316786688
19426,2025,M,124,2,35.5,35.5,1.0,0.0,1869.098236385004
19427,2024,M,118,1,11.0,11.0,1.0,0.0,1876.4696333430418
19428,2024,M,112,1,28.0,28.0,1.0,0.0,1889.5498260177128
19428,2025,M,112,1,35.0,35.0,1.0,0.0,1867.743781198402
19429,2024,M,127,2,3.5,3.5,1.0,0.0,1942.8577810692032
19430,2024,M,118,2,9.0,9.0,1.0,0.0,1945.384973012385
19431,2024,M,112,2,30.0,30.0,1.0,0.0,1953.1244983383792
19431,2025,M,112,1,43.0,43.0,1.0,0.0,1975.3824364071004
19432,2024,M,127,2,3.5,3.5,1.0,0.0,1990.1241678815247
19433,2024,M,117,1,36.0,36.0,1.0,0.0,2025.5245987731257
19434,2024,M,124,1,43.0,43.0,1.0,0.0,2053.4323004269336
19434,2025,M,124,1,40.0,40.0,1.0,0.0,1896.0563349636075
19435,2024,M,124,1,43.0,43.0,1.0,0.0,2075.5847173038865
19435,2025,M,124,1,40.0,40.0,1.0,0.0,1998.8859573191803
19436,2024,M,104,2,4.5,4.5,1.0,0.0,2098.7045748465875
19436,2025,M,104,1,4.0,4.0,1.0,0.0,2374.8375854643373
19437,2024,M,107,3,7.0,7.0,1.0,0.0,2133.2658990383043
19437,2025,M,107,3,12.666666666666666,12.0,1.0,0.0,1937.264621840836
19438,2024,M,118,2,9.0,9.0,1.0,0.0,2188.706172291854
19439,2024,M,112,2,22.0,22.0,1.0,0.0,2235.08409318665
19440,2024,M,107,2,7.5,7.5,1.0,0.0,2396.5084785573854
19440,2025,M,107,2,12.0,12.0,1.0,0.0,2333.7171302192937
19441,2024,M,124,1,43.0,43.0,1.0,0.0,2398.05835799129
19442,2024,M,107,3,7.0,7.0,1.0,0.0,2477.3786207392022
19442,2025,M,107,3,12.666666666666666,12.0,1.0,0.0,2679.8778399805196
19443,2024,M,115,1,0.0,0.0,0.0,1.0,2689.554153687661
19445,2024,F,124,1,37.0,37.0,1.0,0.0,1414.1208493971073
19446,2024,F,124,2,28.5,28.5,1.0,0.0,1418.7682134411634
19447,2024,F,124,3,26.0,21.0,1.0,0.0,1426.2572777924129
19447,2025,F,124,1,27.0,27.0,1.0,0.0,1475.4101017501873
19448,2024,F,124,2,29.0,29.0,1.0,0.0,1476.1054373477668
19448,2025,F,124,4,30.75,25.0,1.0,0.0,1439.650932239445
19449,2024,F,112,3,20.0,19.0,1.0,0.0,1500.8420438412884
19449,2025,F,112,2,24.0,24.0,1.0,0.0,1445.9575308777767
19450,2024,F,117,2,17.5,17.5,1.0,0.0,1510.8767980510659
19451,2024,F,112,1,19.0,19.0,1.0,0.0,1539.4122053024678
19452,2024,F,117,1,23.0,23.0,1.0,0.0,1546.7433974144287
19453,2024,F,117,1,23.0,23.0,1.0,0.0,1546.9604717434506
19453,2025,F,117,3,19.333333333333332,15.0,1.0,0.0,1602.5552262972712
19454,2024,F,112,3,20.0,19.0,1.0,0.0,1574.2131670506335
19454,2025,F,112,2,24.0,24.0,1.0,0.0,1628.7518667949564
19455,2024,F,117,1,23.0,23.0,1.0,0.0,1595.486451294763
19456,2024,F,112,2,21.0,21.0,1.0,0.0,1602.689372212302
19457,2024,F,112,1,19.0,19.0,1.0,0.0,1604.830514457653
19457,2025,F,112,3,24.0,24.0,1.0,0.0,1647.4776135210793
19458,2024,F,112,2,21.0,21.0,1.0,0.0,1608.0372943182012
19459,2024,F,112,3,20.0,19.0,1.0,0.0,1613.0596049305675
19459,2025,F,112,1,27.0,27.0,1.0,0.0,1629.1847596254227
19460,2024,F,124,1,37.0,37.0,1.0,0.0,1614.7567315029194
19461,2024,F,124,1,37.0,37.0,1.0,0.0,1635.457728879628
19462,2024,F,117,2,17.5,17.5,1.0,0.0,1650.4753256419494
19462,2025,F,117,2,21.5,21.5,1.0,0.0,1708.3380358632712
19463,2024,F,104,2,2.0,2.0,0.5,0.0,1658.7537511896417
19463,2025,F,104,1,5.0,5.0,1.0,0.0,1650.8953809300197
19464,2024,F,124,1,37.0,37.0,1.0,0.0,1659.8391228347505
19465,2024,F,112,3,20.0,19.0,1.0,0.0,1677.747754979043
19465,2025,F,112,2,25.5,25.5,1.0,0.0,1734.7994975939573
19466,2024,F,116,1,13.0,13.0,1.0,0.0,1701.616064156478
19467,2024,F,124,1,37.0,37.0,1.0,0.0,1779.022796482636
19468,2024,F,118,3,4.333333333333333,5.0,1.0,0.0,1784.479255753046
19469,2024,F,112,3,20.0,19.0,1.0,0.0,1784.5680588876455
19469,2025,F,112,2,24.0,24.0,1.0,0.0,1525.4206737207544
19470,2024,F,124,1,37.0,37.0,1.0,0.0,1794.7606853367115
19470,2025,F,124,1,51.0,51.0,1.0,0.0,1978.1336547756734
19471,2024,F,117,1,23.0,23.0,1.0,0.0,1819.2012813815672
19472,2024,F,116,1,13.0,13.0,1.0,0.0,1842.7834471252916
19473,2024,F,127,2,1.0,1.0,0.0,0.5,1873.568533786555
19474,2024,F,124,1,37.0,37.0,1.0,0.0,1898.8379590876757
19475,2024,F,115,1,0.0,0.0,0.0,1.0,2062.8869497383703
19476,2024,F,118,1,5.0,5.0,1.0,0.0,2139.987804600907
19477,2024,F,19,2,3.0,3.0,0.5,0.0,1478.7144175818394
19479,2024,M,146,2,37.5,37.5,1.0,0.0,1689.0515361915147
19479,2025,M,146,2,36.5,36.5,1.0,0.0,1790.8705654270857
19481,2024,M,146,2,32.0,32.0,1.0,0.0,1885.9919945534245
19481,2025,M,146,1,34.0,34.0,1.0,0.0,1890.740661647646
19482,2024,M,146,2,28.5,28.5,1.0,0.0,1866.2007530901599
19482,2025,M,146,2,33.0,33.0,1.0,0.0,1842.6032752693359
19483,2024,M,146,1,39.0,39.0,1.0,0.0,1965.0313688336146
19485,2024,M,147,2,10.0,10.0,1.0,0.0,1526.8201480843343
19486,2024,M,147,1,6.0,6.0,1.0,0.0,1665.3989260682054
19486,2025,M,147,3,7.0,7.0,1.0,0.0,1667.930476979576
19487,2024,M,147,2,10.0,10.0,1.0,0.0,1669.7172449288923
19488,2024,M,147,2,10.0,10.0,1.0,0.0,1760.5000846137937
19488,2025,M,147,3,5.0,5.0,1.0,0.0,1806.5501705337138
19489,2024,M,147,2,10.0,10.0,1.0,0.0,1840.487127146977
19489,2025,M,147,1,9.0,9.0,1.0,0.0,1863.5359378639837
19490,2024,F,147,2,4.5,4.5,1.0,0.0,1341.4868007827736
19491,2024,F,147,2,4.5,4.5,1.0,0.0,1357.7223511567852
19492,2024,F,146,1,29.0,29.0,1.0,0.0,1619.0560294661734
19494,2024,F,146,1,29.0,29.0,1.0,0.0,1751.0921319054228
19495,2024,F,146,1,29.0,29.0,1.0,0.0,1868.359751775541
19496,2024,M,162,2,18.0,18.0,1.0,0.0,1742.539803897754
19496,2025,M,162,3,19.666666666666668,18.0,1.0,0.0,1886.845727895044
19497,2024,M,162,2,12.5,12.5,1.0,0.0,1976.3178840376836
19498,2024,M,162,2,18.0,18.0,1.0,0.0,2812.207014412066
19498,2025,M,162,2,22.0,22.0,1.0,0.0,2895.5336997227023
19499,2024,F,162,1,13.0,13.0,1.0,0.0,1916.0883576943218
19500,2024,F,162,1,13.0,13.0,1.0,0.0,1994.625387515594
19501,2024,F,162,1,13.0,13.0,1.0,0.0,2056.926866962854
19501,2025,F,162,1,25.0,25.0,1.0,0.0,2131.603166333474
19502,2024,M,49,3,7.0,7.0,1.0,0.0,1660.0877275178304
19502,2025,M,49,3,8.333333333333334,9.0,1.0,0.0,1641.2877273883128
19503,2024,M,49,2,6.5,6.5,1.0,0.0,2325.02016324254
19504,2024,F,49,1,0.0,0.0,0.0,1.0,1446.1448309601722
19504,2025,F,49,2,4.0,4.0,1.0,0.0,1460.9570234087892
19505,2024,F,61,3,19.333333333333332,19.0,1.0,0.0,1373.474798303059
19505,2025,F,61,1,7.0,7.0,1.0,0.0,1411.6829515115212
19506,2024,F,59,5,9.0,8.0,1.0,0.0,1410.0410116492485
19506,2025,F,59,3,9.333333333333334,10.0,1.0,0.0,1391.1936174885818
19507,2024,F,44,1,3.0,3.0,1.0,0.0,1529.51053377639
19509,2024,F,45,1,3.0,3.0,1.0,0.0,1577.3967712932465
19510,2024,F,61,2,20.5,20.5,1.0,0.0,1578.163827729443
19510,2025,F,61,1,20.0,20.0,1.0,0.0,1828.8402660392949
19511,2024,F,58,2,3.5,3.5,1.0,0.0,1621.1189881564633
19512,2024,F,61,3,15.0,19.0,1.0,0.0,1541.0616398515353
19512,2025,F,61,1,20.0,20.0,1.0,0.0,1471.6052386296335
19513,2024,F,61,2,20.5,20.5,1.0,0.0,1590.381191912472
19514,2024,F,58,2,3.5,3.5,1.0,0.0,1711.8508066094541
19514,2025,F,58,2,3.5,3.5,1.0,0.0,1647.6382764088858
19515,2024,F,61,1,22.0,22.0,1.0,0.0,1733.6571252956198
19516,2024,F,44,2,3.0,3.0,1.0,0.0,1751.9569002734574
19517,2024,F,61,1,22.0,22.0,1.0,0.0,1756.120920927097
19517,2025,F,61,2,14.0,14.0,1.0,0.0,1898.4517922877478
19518,2024,F,58,3,2.6666666666666665,3.0,0.6666666666666666,0.0,1772.5578445598858
19519,2024,F,58,1,4.0,4.0,1.0,0.0,1779.3517729947712
19520,2024,F,61,2,20.5,20.5,1.0,0.0,1564.3763371894324
19521,2024,F,61,1,22.0,22.0,1.0,0.0,1799.1856608450025
19522,2024,F,61,2,19.5,19.5,1.0,0.0,1808.7190765520195
19523,2024,F,61,1,22.0,22.0,1.0,0.0,1814.3076305871678
19524,2024,F,59,2,9.0,9.0,1.0,0.0,1828.6095736856032
19524,2025,F,59,3,8.333333333333334,8.0,1.0,0.0,1477.9506735688396
19525,2024,F,59,2,12.0,12.0,1.0,0.0,2005.9621601454787
19526,2024,F,61,2,20.5,20.5,1.0,0.0,1777.99476066145
19526,2025,F,61,1,20.0,20.0,1.0,0.0,1744.5839586726545
19527,2024,F,61,1,22.0,22.0,1.0,0.0,2270.048733178943
19527,2025,F,61,1,20.0,20.0,1.0,0.0,2156.6880993384593
19528,2024,M,44,3,14.333333333333334,16.0,1.0,0.0,1563.7158238396573
19528,2025,M,44,2,16.0,16.0,1.0,0.0,1600.3529815802324
19529,2024,M,61,2,28.0,28.0,1.0,0.0,1582.044386858136
19530,2024,M,61,1,32.0,32.0,1.0,0.0,1623.3318867102873
19531,2024,M,61,1,32.0,32.0,1.0,0.0,1650.4388667534056
19532,2024,M,61,1,32.0,32.0,1.0,0.0,1653.5257826302018
19533,2024,M,61,1,32.0,32.0,1.0,0.0,1668.5744975295843
19534,2024,M,58,2,14.0,14.0,1.0,0.0,1681.7903561271187
19535,2024,M,61,1,32.0,32.0,1.0,0.0,1682.7550173386176
19536,2024,M,44,3,14.333333333333334,16.0,1.0,0.0,1688.2535862441607
19536,2025,M,44,2,18.0,18.0,1.0,0.0,1786.3375220100595
19538,2024,M,58,2,14.0,14.0,1.0,0.0,1704.074030112742
19539,2024,M,61,2,28.0,28.0,1.0,0.0,1712.5630487739325
19539,2025,M,61,2,21.0,21.0,1.0,0.0,1616.233269179974
19540,2024,M,59,1,22.0,22.0,1.0,0.0,1722.209660888921
19541,2024,M,44,1,19.0,19.0,1.0,0.0,1725.3930428868669
19542,2024,M,61,2,28.0,28.0,1.0,0.0,1730.5057473078114
19543,2024,M,44,3,14.333333333333334,16.0,1.0,0.0,1761.953702802674
19543,2025,M,44,1,23.0,23.0,1.0,0.0,1779.615799829396
19544,2024,M,61,1,32.0,32.0,1.0,0.0,1774.1084340675595
19545,2024,M,61,1,32.0,32.0,1.0,0.0,1778.5458756404546
19546,2024,M,44,1,19.0,19.0,1.0,0.0,1785.2020379997969
19547,2024,M,221,1,0.0,0.0,0.0,1.0,1789.350081209242
19548,2024,M,44,2,17.5,17.5,1.0,0.0,1790.1218101784411
19549,2024,M,44,1,19.0,19.0,1.0,0.0,1796.9709047800825
19550,2024,M,44,1,19.0,19.0,1.0,0.0,1798.1284982338814
19551,2024,M,44,3,14.333333333333334,16.0,1.0,0.0,1799.6719561722796
19551,2025,M,44,2,16.0,16.0,1.0,0.0,1847.6260441382826
19553,2024,M,61,4,21.5,23.0,1.0,0.0,1748.127214809016
19553,2025,M,61,2,20.0,20.0,1.0,0.0,1806.8355216372145
19554,2024,M,58,2,14.0,14.0,1.0,0.0,1869.1275634001977
19555,2024,M,61,2,27.0,27.0,1.0,0.0,1792.3962208761586
19556,2024,M,58,2,14.0,14.0,1.0,0.0,1882.5363542400319
19557,2024,M,59,2,20.5,20.5,1.0,0.0,1919.8191707721217
19558,2024,M,44,2,17.5,17.5,1.0,0.0,1910.6079954946488
19558,2025,M,44,1,23.0,23.0,1.0,0.0,1770.4595937437932
19559,2024,M,61,2,20.0,20.0,1.0,0.0,1922.2803961537852
19560,2024,M,61,1,32.0,32.0,1.0,0.0,1923.245057365284
19561,2024,M,44,2,17.5,17.5,1.0,0.0,1963.5678960059367
19561,2025,M,44,1,9.0,9.0,1.0,0.0,1939.2535604396444
19562,2024,M,61,1,32.0,32.0,1.0,0.0,2004.662463615788
19564,2024,M,61,1,32.0,32.0,1.0,0.0,2044.9853022564405
19564,2025,M,61,1,24.0,24.0,1.0,0.0,1918.6516238687555
19565,2024,M,59,1,22.0,22.0,1.0,0.0,2056.368304552127
19565,2025,M,59,1,21.0,21.0,1.0,0.0,2166.9591454185547
19566,2024,M,61,3,26.0,24.0,1.0,0.0,1918.423301211446
19566,2025,M,61,1,24.0,24.0,1.0,0.0,2056.8916877049705
19567,2024,M,61,1,32.0,32.0,1.0,0.0,2096.980541556229
19568,2024,M,44,1,19.0,19.0,1.0,0.0,2190.4562129504693
19569,2024,M,61,2,28.0,28.0,1.0,0.0,2272.1630175644227
19569,2025,M,61,2,21.0,21.0,1.0,0.0,1644.4058753026038
19571,2024,M,44,1,19.0,19.0,1.0,0.0,2288.4657920387535
19572,2024,M,58,1,17.0,17.0,1.0,0.0,2319.6243491701666
19573,2024,M,59,1,22.0,22.0,1.0,0.0,2421.2996408621475
19574,2024,M,58,1,17.0,17.0,1.0,0.0,2503.1993777184007
19574,2025,M,58,3,4.333333333333333,4.0,0.6666666666666666,0.0,1761.3707641703495
19575,2024,M,32,3,4.666666666666667,4.0,1.0,0.0,1618.3341855848512
19576,2024,M,36,1,14.0,14.0,1.0,0.0,1685.673448594177
19576,2025,M,36,1,12.0,12.0,1.0,0.0,1643.1501177402315
19577,2024,M,36,1,14.0,14.0,1.0,0.0,1700.7407021250551
19578,2024,M,36,1,14.0,14.0,1.0,0.0,1750.5409102238675
19579,2024,M,36,1,14.0,14.0,1.0,0.0,1796.036188742429
19580,2024,M,32,1,6.0,6.0,1.0,0.0,1819.2241048905987
19581,2024,M,32,2,5.0,5.0,1.0,0.0,1841.9228244955582
19581,2025,M,32,2,7.5,7.5,1.0,0.0,1735.4684118941293
19582,2024,M,36,1,14.0,14.0,1.0,0.0,1926.3581478536623
19583,2024,M,32,2,5.0,5.0,1.0,0.0,2178.3097289975985
19583,2025,M,32,2,7.5,7.5,1.0,0.0,2174.822629327278
19584,2024,M,36,1,14.0,14.0,1.0,0.0,2076.639325927878
19585,2024,M,36,1,14.0,14.0,1.0,0.0,2229.757843952713
19586,2024,M,36,1,14.0,14.0,1.0,0.0,2336.5983689898503
19587,2024,F,32,1,5.0,5.0,1.0,0.0,1528.3931280586646
19588,2024,F,32,2,3.0,3.0,0.5,0.0,1711.4084665087637
19589,2024,F,36,1,8.0,8.0,1.0,0.0,1639.4043589088822
19590,2024,F,32,1,5.0,5.0,1.0,0.0,1687.1332517450187
19591,2024,F,36,1,8.0,8.0,1.0,0.0,1689.1516377604771
19592,2024,F,36,1,8.0,8.0,1.0,0.0,1717.7652277443299
19593,2024,F,36,1,8.0,8.0,1.0,0.0,1731.062829728527
19594,2024,F,36,1,8.0,8.0,1.0,0.0,2096.5094271156604
19595,2024,F,56,3,13.333333333333334,13.0,1.0,0.0,1529.5773524078975
19595,2025,F,56,3,15.333333333333334,15.0,1.0,0.0,1464.2362676936325
19596,2024,F,56,1,13.0,13.0,1.0,0.0,2130.7297993380666
19597,2024,F,56,3,13.333333333333334,13.0,1.0,0.0,2195.034599171764
19598,2024,M,56,2,20.5,20.5,1.0,0.0,1636.417871231631
19599,2024,M,56,1,20.0,20.0,1.0,0.0,1651.585192716518
19599,2025,M,56,1,27.0,27.0,1.0,0.0,1595.0308899287409
19600,2024,M,56,3,20.333333333333332,20.0,1.0,0.0,1705.0597235927223
19600,2025,M,56,2,28.0,28.0,1.0,0.0,1769.7233081026811
19602,2024,F,203,3,20.666666666666668,22.0,1.0,0.0,1460.8908353143518
19603,2024,F,188,2,18.0,18.0,1.0,0.0,1483.8417844888622
19604,2024,F,174,1,7.0,7.0,1.0,0.0,1590.2529582147865
19605,2024,F,222,1,4.0,4.0,1.0,0.0,1699.8811342926085
19606,2024,F,222,2,2.0,2.0,0.5,0.5,1766.6613290891548
19607,2024,F,220,1,3.0,3.0,1.0,0.0,1767.4742708904191
19608,2024,F,174,1,7.0,7.0,1.0,0.0,1779.836934624281
19609,2024,F,222,1,4.0,4.0,1.0,0.0,1876.1011406032692
19610,2024,F,188,2,18.0,18.0,1.0,0.0,1730.9090519732165
19610,2025,F,188,5,15.8,17.0,1.0,0.0,1842.0099325774781
19611,2024,F,188,1,19.0,19.0,1.0,0.0,1913.030509014364
19612,2024,F,191,1,5.0,5.0,1.0,0.0,2072.5455527014824
19612,2025,F,191,2,7.0,7.0,1.0,0.0,2204.655167452943
19613,2024,F,191,1,5.0,5.0,1.0,0.0,2126.2195394337423
19613,2025,F,191,1,8.0,8.0,1.0,0.0,1914.2816158822786
19614,2024,F,222,1,4.0,4.0,1.0,0.0,2295.598937904496
19615,2024,F,222,1,4.0,4.0,1.0,0.0,2466.4455971872867
19616,2024,F,176,1,0.0,0.0,0.0,1.0,2466.524908582532
19617,2024,M,175,1,8.0,8.0,1.0,0.0,1519.2533119749228
19618,2024,M,173,1,5.0,5.0,1.0,0.0,1608.7675642222312
19619,2024,M,203,1,28.0,28.0,1.0,0.0,1647.6133718012518
19621,2024,M,173,1,5.0,5.0,1.0,0.0,1659.8409613722731
19622,2024,M,173,1,5.0,5.0,1.0,0.0,1673.2142701599653
19623,2024,M,196,1,18.0,18.0,1.0,0.0,1705.274654447151
19624,2024,M,196,2,17.0,17.0,1.0,0.0,1733.6254176183088
19624,2025,M,196,1,14.0,14.0,1.0,0.0,1897.9458352300069
19625,2024,M,176,1,3.0,3.0,1.0,0.0,1805.7423774814245
19626,2024,M,203,3,27.666666666666668,28.0,1.0,0.0,1782.4439002939375
19626,2025,M,203,4,25.75,28.0,1.0,0.0,1711.918554731224
19627,2024,M,204,2,24.5,24.5,1.0,0.0,1776.9608096660895
19627,2025,M,204,2,25.5,25.5,1.0,0.0,1804.7012258506686
19628,2024,M,204,2,24.5,24.5,1.0,0.0,1805.9942239742018
19629,2024,M,190,1,3.0,3.0,1.0,0.0,1859.7294571221382
19630,2024,M,205,1,7.0,7.0,1.0,0.0,1860.697392322429
19631,2024,M,204,1,20.0,20.0,1.0,0.0,1874.8509754042334
19631,2025,M,204,1,37.0,37.0,1.0,0.0,1933.5080975711667
19632,2024,M,173,1,5.0,5.0,1.0,0.0,1892.4219623564525
19633,2024,M,188,1,25.0,25.0,1.0,0.0,1893.0935908627769
19634,2024,M,188,2,27.0,27.0,1.0,0.0,1839.7716602280839
19635,2024,M,199,2,6.0,6.0,1.0,0.0,1697.0315304408327
19636,2024,M,220,2,10.0,10.0,1.0,0.0,1902.10311488819
19637,2024,M,203,3,27.666666666666668,28.0,1.0,0.0,1844.3259212960231
19637,2025,M,203,1,28.0,28.0,1.0,0.0,1855.5070186401065
19638,2024,M,174,2,13.5,13.5,1.0,0.0,1856.9899630375733
19639,2024,M,203,2,28.5,28.5,1.0,0.0,1978.973147664095
19640,2024,M,171,2,12.0,12.0,1.0,0.0,1863.3719209814617
19641,2024,M,205,3,5.666666666666667,6.0,1.0,0.0,1929.8781149538454
19642,2024,M,203,2,28.5,28.5,1.0,0.0,2047.3212250723893
19642,2025,M,203,5,24.8,28.0,1.0,0.0,2230.2641123274143
19643,2024,M,190,1,3.0,3.0,1.0,0.0,2062.6995424892557
19643,2025,M,190,1,2.0,2.0,0.0,0.0,2035.4418344035325
19644,2024,M,199,2,6.0,6.0,1.0,0.0,1996.4841830724558
19644,2025,M,199,1,5.0,5.0,1.0,0.0,1979.6440841025167
19645,2024,M,205,1,7.0,7.0,1.0,0.0,2095.0661103602065
19646,2024,M,190,1,3.0,3.0,1.0,0.0,2097.0414883199837
19647,2024,M,203,1,28.0,28.0,1.0,0.0,2121.743589706999
19648,2024,M,196,2,17.0,17.0,1.0,0.0,1948.4447187373958
19649,2024,M,205,3,5.666666666666667,6.0,1.0,0.0,1988.8737731299786
19650,2024,M,175,1,8.0,8.0,1.0,0.0,2192.8078118099875
19650,2025,M,175,2,6.5,6.5,1.0,0.0,2291.452933571091
19651,2024,M,190,1,3.0,3.0,1.0,0.0,2196.916597966325
19652,2024,M,175,1,8.0,8.0,1.0,0.0,2205.144047168797
19653,2024,M,204,2,24.5,24.5,1.0,0.0,1920.010549306644
19654,2024,M,220,1,10.0,10.0,1.0,0.0,2236.2167424760937
19655,2024,M,191,1,1.0,1.0,0.0,0.0,2244.5923450255495
19656,2024,M,205,2,6.5,6.5,1.0,0.0,2092.063741011442
19657,2024,M,203,2,27.0,27.0,1.0,0.0,2221.560559009028
19657,2025,M,203,4,25.75,28.0,1.0,0.0,2101.044269381504
19658,2024,M,220,1,10.0,10.0,1.0,0.0,2326.3236081113355
19659,2024,M,171,1,15.0,15.0,1.0,0.0,2394.8198388666133
19660,2024,M,173,1,5.0,5.0,1.0,0.0,2403.639901457019
19661,2024,M,222,2,0.5,0.5,0.0,0.5,2521.708242112908
19662,2024,M,196,2,17.0,17.0,1.0,0.0,2572.7580068007233
19663,2024,M,196,1,18.0,18.0,1.0,0.0,2877.779996252565
19664,2024,M,196,1,18.0,18.0,1.0,0.0,2922.8087368456886
19665,2024,M,196,1,18.0,18.0,1.0,0.0,3079.298178819246
19666,2024,M,205,2,6.5,6.5,1.0,0.0,3244.9110109066573
19796,2024,F,130,1,9.0,9.0,1.0,0.0,1617.2221081735825
19960,2024,M,75,1,9.0,9.0,1.0,0.0,1564.4714952683114
20392,2024,M,108,1,15.0,15.0,1.0,0.0,1881.2564997654442
20392,2025,M,108,1,12.0,12.0,1.0,0.0,1900.196897650518
20393,2024,M,108,1,15.0,15.0,1.0,0.0,2187.518744010931
20394,2024,F,108,2,6.5,6.5,1.0,0.0,1402.9678012309537
20395,2024,F,108,1,7.0,7.0,1.0,0.0,1841.617297762008
20396,2024,F,108,1,7.0,7.0,1.0,0.0,2008.020746938613
20396,2025,F,108,1,2.0,2.0,0.0,0.0,2062.6330316954254
20397,2024,M,116,1,19.0,19.0,1.0,0.0,1605.4435989191777
20397,2025,M,116,4,15.75,18.5,1.0,0.0,1501.9314080402164
20401,2024,F,167,1,22.0,22.0,1.0,0.0,1490.392653976899
20402,2024,F,213,1,3.0,3.0,1.0,0.0,1502.0203158023269
20403,2024,F,157,2,1.0,1.0,0.0,0.0,1514.625092066866
20404,2024,F,138,1,12.0,12.0,1.0,0.0,1533.8742465173643
20405,2024,F,138,2,11.0,11.0,1.0,0.0,1546.479022781904
20405,2025,F,138,2,16.0,16.0,1.0,0.0,1494.2354767641707
20406,2024,F,138,1,12.0,12.0,1.0,0.0,1550.3874805383505
20407,2024,F,166,1,7.0,7.0,1.0,0.0,1558.6929532707986
20408,2024,F,79,2,6.5,6.5,1.0,0.0,1568.5618091058257
20408,2025,F,79,2,6.5,6.5,0.5,0.0,1521.80668047069
20409,2024,F,167,1,22.0,22.0,1.0,0.0,1582.2414112533877
20409,2025,F,167,1,18.0,18.0,1.0,0.0,1643.0248039098828
20410,2024,F,213,1,3.0,3.0,1.0,0.0,1622.7916604765185
20411,2024,F,138,1,12.0,12.0,1.0,0.0,1636.4712626240807
20411,2025,F,138,1,22.0,22.0,1.0,0.0,1580.312317698115
20412,2024,F,166,1,7.0,7.0,1.0,0.0,1674.5787257494326
20413,2024,F,138,1,12.0,12.0,1.0,0.0,1706.237233576648
20414,2024,F,166,1,7.0,7.0,1.0,0.0,1751.4776321075142
20415,2024,F,166,1,7.0,7.0,1.0,0.0,1751.575343551425
20416,2024,F,142,1,2.0,2.0,0.0,0.0,1755.874647083516
20417,2024,F,167,1,22.0,22.0,1.0,0.0,1781.9636026077958
20418,2024,F,213,1,3.0,3.0,1.0,0.0,1804.0463889317173
20419,2024,F,138,1,12.0,12.0,1.0,0.0,1880.359026626332
20419,2025,F,138,2,8.0,8.0,1.0,0.0,1729.6608019070864
20420,2024,F,160,1,1.0,1.0,0.0,0.0,1888.371365027047
20420,2025,F,160,3,1.3333333333333333,1.0,0.0,0.0,1674.9979144156746
20421,2024,F,79,1,9.0,9.0,1.0,0.0,1939.4744501925832
20422,2024,F,130,1,9.0,9.0,1.0,0.0,1958.7236046430812
20423,2024,F,213,1,3.0,3.0,1.0,0.0,1999.371565310123
20424,2024,F,166,1,7.0,7.0,1.0,0.0,2080.862909532029
20425,2024,F,166,1,7.0,7.0,1.0,0.0,2080.862909532029
20426,2024,M,79,1,21.0,21.0,1.0,0.0,1639.3505393844523
20428,2024,M,166,1,13.0,13.0,1.0,0.0,1712.8181987442945
20429,2024,M,79,2,20.0,20.0,1.0,0.0,1719.0459208622146
20429,2025,M,79,3,22.666666666666668,21.0,1.0,0.0,1623.17051803887
20430,2024,M,138,1,13.0,13.0,1.0,0.0,1739.7725585359187
20431,2024,M,159,2,28.0,28.0,1.0,0.0,1748.7249090804291
20431,2025,M,159,4,26.5,27.0,1.0,0.0,1791.2801992955074
20432,2024,M,166,1,13.0,13.0,1.0,0.0,1811.002130259633
20433,2024,M,79,1,21.0,21.0,1.0,0.0,1825.598353973509
20434,2024,M,130,1,10.0,10.0,1.0,0.0,1897.6063909619634
20434,2025,M,130,2,8.5,8.5,1.0,0.0,1777.1993573759216
20435,2024,M,157,1,1.0,1.0,0.0,0.0,1914.9272431024299
20436,2024,M,159,1,27.0,27.0,1.0,0.0,1948.1093250119743
20437,2024,M,159,1,27.0,27.0,1.0,0.0,1981.5833313957964
20438,2024,M,166,1,13.0,13.0,1.0,0.0,1995.0118572125623
20439,2024,M,213,1,2.0,2.0,0.0,0.0,2006.6888361836632
20440,2024,M,79,1,21.0,21.0,1.0,0.0,2017.0035009414687
20441,2024,M,166,1,13.0,13.0,1.0,0.0,2047.460954424423
20441,2025,M,166,3,8.333333333333334,8.0,1.0,0.0,2071.123434390391
20442,2024,M,213,1,2.0,2.0,0.0,0.0,2061.1814047154667
20443,2024,M,159,2,28.0,28.0,1.0,0.0,2097.185423209694
20444,2024,M,130,1,10.0,10.0,1.0,0.0,2134.4544477591235
20445,2024,M,213,1,2.0,2.0,0.0,0.0,2138.736006715194
20447,2024,M,138,1,13.0,13.0,1.0,0.0,2246.456137723598
20448,2024,M,166,1,13.0,13.0,1.0,0.0,2371.983661662931
20448,2025,M,166,2,7.0,7.0,1.0,0.0,2172.3705189035895
20449,2024,M,157,1,1.0,1.0,0.0,0.0,2699.4256136442145
20450,2024,M,132,1,13.0,13.0,1.0,0.0,1573.7876313080938
20451,2024,M,146,2,27.0,27.0,1.0,0.0,1580.0263115260016
20451,2025,M,146,2,36.5,36.5,1.0,0.0,1617.2963381957522
20452,2024,M,139,1,25.0,25.0,1.0,0.0,1810.9160587455674
20454,2024,M,139,1,25.0,25.0,1.0,0.0,2450.405189063194
20455,2024,F,139,1,20.0,20.0,1.0,0.0,1658.994693554502
20456,2024,F,139,1,20.0,20.0,1.0,0.0,1748.1316942648239
20457,2024,F,146,1,21.0,21.0,1.0,0.0,1860.2363908820375
20458,2024,F,139,1,20.0,20.0,1.0,0.0,1989.8804115919716
20459,2024,F,139,1,20.0,20.0,1.0,0.0,1993.006134712406
20460,2024,F,139,1,20.0,20.0,1.0,0.0,2090.805013913211
20461,2024,F,43,1,5.0,5.0,1.0,0.0,1641.001587016572
20462,2024,F,43,2,4.0,4.0,1.0,0.0,1662.5872286501012
20462,2025,F,43,2,6.0,6.0,1.0,0.0,1683.9749817801544
20463,2024,F,43,2,4.0,4.0,1.0,0.0,1684.6656931519763
20463,2025,F,43,2,6.0,6.0,1.0,0.0,1737.6009280791036
20464,2024,F,43,2,4.0,4.0,1.0,0.0,1709.4054011429162
20465,2024,F,127,1,2.0,2.0,0.0,0.0,2001.2551037770725
20466,2024,F,43,2,4.0,4.0,1.0,0.0,2253.383283222588
20467,2024,M,1,2,16.0,16.0,1.0,0.0,1747.8315855475826
20468,2024,M,43,2,11.0,11.0,1.0,0.0,1751.717334765128
20468,2025,M,43,2,11.5,11.5,1.0,0.0,2005.406178606723
20469,2024,M,1,1,16.0,16.0,1.0,0.0,1761.6475827655217
20470,2024,M,1,1,16.0,16.0,1.0,0.0,1770.1746435484686
20471,2024,M,43,1,11.0,11.0,1.0,0.0,1772.3333931137715
20472,2024,M,43,2,11.0,11.0,1.0,0.0,1807.4130735499457
20472,2025,M,43,1,11.0,11.0,1.0,0.0,1818.325467919987
20473,2024,M,1,1,16.0,16.0,1.0,0.0,1812.2702600718776
20474,2024,M,1,1,16.0,16.0,1.0,0.0,1812.9178849414684
20475,2024,M,43,1,11.0,11.0,1.0,0.0,1828.137069376855
20475,2025,M,43,2,11.5,11.5,1.0,0.0,1813.1287699654772
20476,2024,M,43,2,11.0,11.0,1.0,0.0,1862.3532499869075
20476,2025,M,43,1,11.0,11.0,1.0,0.0,2000.4893990704188
20477,2024,M,43,1,11.0,11.0,1.0,0.0,2156.051128346382
20478,2024,M,43,2,11.0,11.0,1.0,0.0,2191.886371130412
20479,2024,M,43,2,11.0,11.0,1.0,0.0,2257.080608002563
20480,2024,M,127,1,3.0,3.0,1.0,0.0,2554.340423144787
20481,2024,M,122,1,8.0,8.0,1.0,0.0,2209.3814464846955
20481,2025,M,122,1,14.0,14.0,1.0,0.0,2060.892118825536
20482,2024,M,122,2,8.5,8.5,1.0,0.0,2121.947426216185
20483,2024,F,44,1,3.0,3.0,1.0,0.0,1521.9177140171225
20483,2025,F,44,1,6.0,6.0,1.0,0.0,1549.4656192473806
20484,2024,F,58,1,1.0,1.0,0.0,0.0,1765.3458961816182
20485,2024,M,44,2,12.0,12.0,1.0,0.0,1571.0504384859025
20488,2024,M,4,3,32.333333333333336,30.0,1.0,0.0,1559.379943140848
20488,2025,M,4,2,23.0,23.0,1.0,0.0,1628.850152654414
20489,2024,M,4,3,32.333333333333336,30.0,1.0,0.0,1573.9471915125087
20489,2025,M,4,3,19.0,21.0,1.0,0.0,1577.4213277890017
20490,2024,M,4,1,25.0,25.0,1.0,0.0,1599.5620846224083
20490,2025,M,4,2,16.0,16.0,1.0,0.0,1586.265028000863
20491,2024,M,4,2,33.5,33.5,1.0,0.0,1611.4896302690029
20492,2024,M,4,3,32.333333333333336,30.0,1.0,0.0,1614.5204000644492
20492,2025,M,4,2,23.0,23.0,1.0,0.0,1592.2634892547624
20493,2024,M,4,2,33.5,33.5,1.0,0.0,1731.351687340519
20494,2024,M,4,3,32.333333333333336,30.0,1.0,0.0,1746.2122360149644
20495,2024,F,4,3,9.0,9.0,1.0,0.0,1329.6199082954067
20496,2024,F,4,3,9.0,9.0,1.0,0.0,1373.1222435520438
20497,2024,M,19,2,12.0,12.0,1.0,0.0,1662.183920061436
20497,2025,M,19,2,12.5,12.5,1.0,0.0,1657.944839792548
20498,2024,M,19,2,12.0,12.0,1.0,0.0,1790.2274681851225
20498,2025,M,19,1,10.0,10.0,1.0,0.0,1661.0947248367393
20763,2024,F,61,3,13.333333333333334,17.0,1.0,0.0,1585.100512600897
20763,2025,F,61,2,8.5,8.5,1.0,0.0,1548.3103479157157
20764,2024,F,169,2,3.5,3.5,0.5,0.0,1471.0763077687254
20764,2025,F,169,4,11.0,12.0,1.0,0.0,1405.6147536142703
20765,2024,M,169,2,11.5,11.5,1.0,0.0,1681.9750551845548
20765,2025,M,169,1,12.0,12.0,1.0,0.0,1580.470995566969
20766,2024,M,169,2,11.5,11.5,1.0,0.0,1777.092680842689
20766,2025,M,169,4,11.5,12.0,1.0,0.0,1781.2856718899116
20767,2024,M,169,1,12.0,12.0,1.0,0.0,1908.4408396738588
20768,2024,M,169,1,12.0,12.0,1.0,0.0,2881.5749951479515
21203,2024,M,165,1,6.0,6.0,1.0,0.0,1868.0184618125436
21203,2025,M,165,1,5.0,5.0,1.0,0.0,1770.0819174456299
21204,2024,M,156,1,7.0,7.0,1.0,0.0,1881.5548274778516
21205,2024,M,165,2,7.0,7.0,1.0,0.0,2010.1503012982805
21205,2025,M,165,2,8.0,8.0,1.0,0.0,2232.317817496894
21206,2024,M,165,1,6.0,6.0,1.0,0.0,2079.1857661913527
21207,2024,M,156,2,6.5,6.5,1.0,0.0,2145.513957951363
21208,2024,F,165,2,4.0,4.0,1.0,0.0,1594.0307901447036
21209,2024,M,156,1,7.0,7.0,1.0,0.0,2178.0012355481035
21210,2024,M,156,3,6.0,6.0,1.0,0.0,2206.4276034452505
21211,2024,F,165,1,5.0,5.0,1.0,0.0,1665.9870389788218
21212,2024,F,165,1,5.0,5.0,1.0,0.0,1909.8387711388893
21213,2024,M,156,1,5.0,5.0,1.0,0.0,2091.787955693258
21214,2024,F,124,1,21.0,21.0,1.0,0.0,1484.8865040525259
21215,2024,F,118,2,4.0,4.0,1.0,0.0,1498.4107850966686
21215,2025,F,118,3,4.333333333333333,5.0,1.0,0.0,1545.213690985672
21216,2024,F,124,1,21.0,21.0,1.0,0.0,1499.9024337412434
21216,2025,F,124,2,39.0,39.0,1.0,0.0,1573.037983186688
21217,2024,F,124,2,20.5,20.5,1.0,0.0,1503.7807202171375
21218,2024,F,107,1,1.0,1.0,0.0,0.0,1567.8221686908732
21219,2024,F,162,1,6.0,6.0,1.0,0.0,1568.21994166276
21219,2025,F,162,1,25.0,25.0,1.0,0.0,1490.0613562558854
21220,2024,F,124,1,21.0,21.0,1.0,0.0,1599.445119955855
21220,2025,F,124,1,51.0,51.0,1.0,0.0,1608.1649308168808
21221,2024,F,124,1,21.0,21.0,1.0,0.0,1643.299590106348
21222,2024,F,124,1,21.0,21.0,1.0,0.0,1657.321087365349
21222,2025,F,124,1,51.0,51.0,1.0,0.0,1647.5401030920364
21223,2024,F,107,1,1.0,1.0,0.0,0.0,1704.65607101985
21224,2024,F,112,2,20.5,20.5,1.0,0.0,1763.7253573450039
21224,2025,F,112,2,12.5,12.5,1.0,0.0,1735.9640436465932
21225,2024,F,162,1,6.0,6.0,1.0,0.0,1817.1263788207743
21225,2025,F,162,1,25.0,25.0,1.0,0.0,2005.1773208262919
21226,2024,F,162,1,6.0,6.0,1.0,0.0,1878.1845300053615
21226,2025,F,162,1,25.0,25.0,1.0,0.0,1842.6864222120455
21227,2024,F,115,1,2.0,2.0,0.0,0.0,1889.1232867322417
21228,2024,F,115,1,2.0,2.0,0.0,0.0,1926.116173117692
21229,2024,M,112,1,32.0,32.0,1.0,0.0,2683.5050369006103
21230,2024,M,162,1,14.0,14.0,1.0,0.0,2829.184713070287
21232,2024,M,124,1,30.0,30.0,1.0,0.0,1654.7105957841416
21233,2024,M,124,2,28.5,28.5,1.0,0.0,1768.3149240309795
21234,2024,M,162,2,19.5,19.5,1.0,0.0,1788.8709519567622
21234,2025,M,162,1,26.0,26.0,1.0,0.0,1868.818490265518
21235,2024,M,112,1,32.0,32.0,1.0,0.0,1800.8867943674854
21236,2024,M,124,1,30.0,30.0,1.0,0.0,1841.3037188399182
21237,2024,M,124,2,28.5,28.5,1.0,0.0,1844.382157804649
21238,2024,M,119,1,4.0,4.0,1.0,0.0,1878.5428998648867
21239,2024,M,112,2,24.0,24.0,1.0,0.0,1983.0112157002654
21240,2024,M,119,1,4.0,4.0,1.0,0.0,1997.3110612138535
21241,2024,M,124,1,30.0,30.0,1.0,0.0,2062.5541063695987
21242,2024,M,115,1,0.0,0.0,0.0,1.0,2142.0969970389315
21243,2024,M,162,1,14.0,14.0,1.0,0.0,2144.678913589996
21244,2024,M,162,1,14.0,14.0,1.0,0.0,2308.5313100998583
21245,2024,M,124,1,30.0,30.0,1.0,0.0,2313.099316305588
21466,2024,F,49,2,3.0,3.0,0.5,0.0,1484.568334763553
21467,2024,F,49,1,2.0,2.0,0.0,0.0,1545.8441418695654
21468,2024,F,61,1,19.0,19.0,1.0,0.0,1699.7809255749137
21469,2024,F,61,1,19.0,19.0,1.0,0.0,1781.7809080923903
21470,2024,M,61,1,22.0,22.0,1.0,0.0,1515.3161130820413
21471,2024,M,61,1,22.0,22.0,1.0,0.0,1614.7219667958718
21472,2024,M,59,1,19.0,19.0,1.0,0.0,1701.5649944636211
21472,2025,M,59,3,15.333333333333334,18.0,1.0,0.0,1641.4864786267954
21473,2024,M,59,1,19.0,19.0,1.0,0.0,1875.7495746422187
21474,2024,M,61,1,22.0,22.0,1.0,0.0,2085.2297137121864
21474,2025,M,61,2,21.0,21.0,1.0,0.0,2183.2798275861473
21475,2024,M,59,1,19.0,19.0,1.0,0.0,2095.5990304486345
21476,2024,M,61,2,23.0,23.0,1.0,0.0,2262.6048528866145
21477,2024,F,120,1,5.0,5.0,1.0,0.0,1688.9757160655263
21478,2024,F,120,1,5.0,5.0,1.0,0.0,1842.7823681218151
21479,2024,M,120,1,10.0,10.0,1.0,0.0,1953.0103138829486
21479,2025,M,120,1,9.0,9.0,1.0,0.0,1878.7608674667035
21480,2024,M,120,1,10.0,10.0,1.0,0.0,2452.950906403822
21481,2024,F,158,2,19.5,19.5,1.0,0.0,1750.7429455316585
21481,2025,F,158,2,15.5,15.5,1.0,0.0,1783.8380560696833
21482,2024,M,158,2,20.0,20.0,1.0,0.0,2000.186213146403
21482,2025,M,158,2,29.0,29.0,1.0,0.0,1905.0888843317957
21483,2024,M,158,1,20.0,20.0,1.0,0.0,2115.174826303506
21484,2024,M,60,1,6.0,6.0,1.0,0.0,2306.786638969702
21485,2024,F,60,1,9.0,9.0,1.0,0.0,1658.1847345752876
22346,2024,M,43,1,11.0,11.0,1.0,0.0,1659.8277738627519
22348,2024,M,56,1,20.0,20.0,1.0,0.0,1974.0911510590547
22349,2024,M,61,1,24.0,24.0,1.0,0.0,2415.6510861070246
22350,2024,M,60,1,7.0,7.0,1.0,0.0,2913.897769573315
22351,2024,F,56,1,15.0,15.0,1.0,0.0,1379.3573723965346
22351,2025,F,56,2,17.0,17.0,1.0,0.0,1333.4133463825951
22352,2024,F,49,1,4.0,4.0,1.0,0.0,1435.048801995818
22352,2025,F,49,1,4.0,4.0,1.0,0.0,1526.702954982955
22353,2024,F,49,1,4.0,4.0,1.0,0.0,1520.5749260232888
22355,2024,F,61,1,17.0,17.0,1.0,0.0,1566.3214574798428
22356,2024,F,56,1,15.0,15.0,1.0,0.0,1595.1616620937573
22356,2025,F,56,4,15.25,15.0,1.0,0.0,1561.3351581205645
22357,2024,F,61,1,17.0,17.0,1.0,0.0,1688.6437046354115
22358,2024,F,61,1,17.0,17.0,1.0,0.0,1764.224930520153
22358,2025,F,61,1,20.0,20.0,1.0,0.0,1892.7891435887152
22359,2024,F,49,1,4.0,4.0,1.0,0.0,1810.9659517909802
22359,2025,F,49,1,4.0,4.0,1.0,0.0,1638.0836421924705
22360,2024,F,60,1,6.0,6.0,1.0,0.0,2441.4724940400088
22361,2024,F,161,1,6.0,6.0,1.0,0.0,1483.9092652615032
22361,2025,F,161,1,5.0,5.0,1.0,0.0,1501.8279560007015
22362,2024,F,141,1,2.0,2.0,0.0,0.0,1515.9986531723723
22363,2024,F,161,1,6.0,6.0,1.0,0.0,1520.8970332584554
22363,2025,F,161,3,3.0,4.0,0.6666666666666666,0.3333333333333333,1528.7834317760667
22364,2024,F,159,1,12.0,12.0,1.0,0.0,1531.0936611927498
22365,2024,F,147,1,6.0,6.0,1.0,0.0,1550.0873798938874
22365,2025,F,147,1,14.0,14.0,1.0,0.0,1859.5424098567223
22366,2024,F,162,1,15.0,15.0,1.0,0.0,1657.4518740255808
22366,2025,F,162,1,25.0,25.0,1.0,0.0,1588.2494541380304
22367,2024,F,152,1,9.0,9.0,1.0,0.0,1659.451212836227
22368,2024,F,159,1,12.0,12.0,1.0,0.0,1683.1433777423827
22368,2025,F,159,1,17.0,17.0,1.0,0.0,1737.217256503447
22369,2024,F,162,1,15.0,15.0,1.0,0.0,1701.9371625624553
22370,2024,F,141,1,2.0,2.0,0.0,0.0,1735.7259884623738
22371,2024,F,164,1,20.0,20.0,1.0,0.0,1741.324137132183
22371,2025,F,164,2,24.5,24.5,1.0,0.0,1862.8279091214574
22372,2024,F,164,1,20.0,20.0,1.0,0.0,1741.5240710132473
22372,2025,F,164,1,24.0,24.0,1.0,0.0,1862.8279091214574
22373,2024,F,138,1,10.0,10.0,1.0,0.0,1803.0037394406136
22374,2024,F,137,1,5.0,5.0,1.0,0.0,1830.0947803248678
22374,2025,F,137,1,10.0,10.0,1.0,0.0,1901.6818002150826
22375,2024,F,162,1,15.0,15.0,1.0,0.0,1952.5542824769389
22375,2025,F,162,2,21.0,21.0,1.0,0.0,2214.198704549576
22376,2024,F,158,1,23.0,23.0,1.0,0.0,2005.2368601374624
22377,2024,F,152,1,9.0,9.0,1.0,0.0,2857.0551604132147
22379,2024,M,164,1,23.0,23.0,1.0,0.0,1551.975482049535
22379,2025,M,164,2,25.5,25.5,1.0,0.0,1549.7814969853819
22382,2024,M,162,1,25.0,25.0,1.0,0.0,1652.928353619705
22382,2025,M,162,1,15.0,15.0,1.0,0.0,1752.8367893355016
22383,2024,M,161,1,7.0,7.0,1.0,0.0,1660.6247606602033
22384,2024,M,159,1,29.0,29.0,1.0,0.0,1703.6046960811666
22384,2025,M,159,2,27.0,27.0,1.0,0.0,1647.95335694348
22385,2024,M,146,1,36.0,36.0,1.0,0.0,1712.100729827171
22385,2025,M,146,2,35.5,35.5,1.0,0.0,1641.5360149997996
22386,2024,M,147,1,14.0,14.0,1.0,0.0,1713.0003098708653
22386,2025,M,147,1,9.0,9.0,1.0,0.0,1716.5386989665612
22387,2024,M,162,1,25.0,25.0,1.0,0.0,1725.2945704680246
22388,2024,M,159,1,29.0,29.0,1.0,0.0,1739.7878045053264
22389,2024,M,147,1,14.0,14.0,1.0,0.0,1746.6845848403182
22389,2025,M,147,3,6.333333333333333,7.0,1.0,0.0,1711.324608637321
22391,2024,M,162,1,25.0,25.0,1.0,0.0,1791.9634470396124
22392,2024,M,165,1,8.0,8.0,1.0,0.0,1803.358127593077
22392,2025,M,165,1,11.0,11.0,1.0,0.0,1908.7453160947937
22393,2024,M,162,1,25.0,25.0,1.0,0.0,1834.0438024168814
22394,2024,M,160,1,7.0,7.0,1.0,0.0,1852.035403290773
22395,2024,M,147,1,14.0,14.0,1.0,0.0,1865.2292439316268
22396,2024,M,161,1,7.0,7.0,1.0,0.0,1871.2264442229239
22397,2024,M,141,1,6.0,6.0,1.0,0.0,1872.925650972125
22399,2024,M,159,1,29.0,29.0,1.0,0.0,1901.112492341222
22400,2024,M,132,1,10.0,10.0,1.0,0.0,1903.4114191195524
22401,2024,M,156,1,6.0,6.0,1.0,0.0,1904.4109525014353
22402,2024,M,137,1,10.0,10.0,1.0,0.0,1961.3843552687592
22403,2024,M,141,1,6.0,6.0,1.0,0.0,1989.6711499760445
22404,2024,M,141,1,6.0,6.0,1.0,0.0,1998.3670903984253
22404,2025,M,141,2,7.0,7.0,1.0,0.0,2309.5871090766323
22405,2024,M,161,1,7.0,7.0,1.0,0.0,2014.4595778467399
22406,2024,M,147,1,14.0,14.0,1.0,0.0,2066.635220381025
22407,2024,M,147,1,14.0,14.0,1.0,0.0,2073.6319540542054
22408,2024,M,152,1,7.0,7.0,1.0,0.0,2154.794064663095
22409,2024,M,141,1,6.0,6.0,1.0,0.0,2265.9421767284703
22410,2024,M,137,1,10.0,10.0,1.0,0.0,2276.4372772382403
22411,2024,M,138,1,4.0,4.0,1.0,0.0,2506.5298617476774
22412,2024,M,138,1,4.0,4.0,1.0,0.0,2507.429441791372
22413,2024,M,130,1,9.0,9.0,1.0,0.0,2773.9050414013454
22515,2024,M,11,2,17.5,17.5,1.0,0.0,1626.691001510544
22516,2024,M,11,2,17.5,17.5,1.0,0.0,1647.8609519292204
22517,2024,M,11,2,17.5,17.5,1.0,0.0,1649.558542292982
22518,2024,M,11,2,17.5,17.5,1.0,0.0,1674.822681236025
22519,2024,M,11,2,17.5,17.5,1.0,0.0,1704.0811504467424
22519,2025,M,11,2,11.0,11.0,1.0,0.0,1871.8688843415318
22520,2024,M,11,1,17.0,17.0,1.0,0.0,1726.2496834323372
22521,2024,M,11,1,17.0,17.0,1.0,0.0,1729.5450059031689
22522,2024,M,11,1,17.0,17.0,1.0,0.0,2538.1971685939234
22523,2024,M,15,2,17.5,17.5,1.0,0.0,1750.4153815517695
22524,2024,M,15,2,17.5,17.5,1.0,0.0,1767.3912851893874
22524,2025,M,15,2,13.5,13.5,1.0,0.0,1694.3888640559583
22525,2024,M,15,2,17.5,17.5,1.0,0.0,1926.4654880995345
22525,2025,M,15,2,13.5,13.5,1.0,0.0,1756.258994032605
22526,2024,M,15,1,12.0,12.0,1.0,0.0,1949.5327453953562
22527,2024,M,4,2,36.0,36.0,1.0,0.0,1522.6386980376165
22528,2024,M,4,2,36.0,36.0,1.0,0.0,1588.645005710942
22529,2024,M,4,1,42.0,42.0,1.0,0.0,1613.010420343758
22530,2024,M,4,1,42.0,42.0,1.0,0.0,1674.9225394927166
22530,2025,M,4,1,25.0,25.0,1.0,0.0,1656.5132396151264
22531,2024,M,4,1,42.0,42.0,1.0,0.0,1695.1937656011662
22531,2025,M,4,3,18.0,21.0,1.0,0.0,1789.3753777060026
22532,2024,M,18,1,10.0,10.0,1.0,0.0,1661.5415330960063
22533,2024,M,18,1,10.0,10.0,1.0,0.0,1774.1816466444345
22534,2024,M,18,1,10.0,10.0,1.0,0.0,1803.9394071386114
22535,2024,M,18,1,10.0,10.0,1.0,0.0,1866.3508175710294
22536,2024,M,18,1,10.0,10.0,1.0,0.0,1957.321689417322
22537,2024,M,18,1,10.0,10.0,1.0,0.0,2049.291143830533
22538,2024,M,18,1,10.0,10.0,1.0,0.0,2140.062299163442
22539,2024,M,18,1,10.0,10.0,1.0,0.0,2175.5119802890554
22540,2024,M,18,1,10.0,10.0,1.0,0.0,2196.7817889644234
22541,2024,M,18,1,10.0,10.0,1.0,0.0,2211.860385724896
22542,2024,M,18,1,10.0,10.0,1.0,0.0,2610.69426295222
22543,2024,F,4,2,9.5,9.5,1.0,0.0,1581.0044150721699
22543,2025,F,4,1,14.0,14.0,1.0,0.0,1675.6400468058462
22544,2024,F,4,1,9.0,9.0,1.0,0.0,1621.4150675243143
22545,2024,F,4,1,9.0,9.0,1.0,0.0,2005.7652730691548
22546,2024,F,11,2,8.5,8.5,1.0,0.0,1444.2068730675032
22547,2024,F,11,1,9.0,9.0,1.0,0.0,1495.0943613405739
22548,2024,F,11,1,9.0,9.0,1.0,0.0,1541.9906740628155
22549,2024,F,11,2,8.5,8.5,1.0,0.0,1567.9333151432045
22549,2025,F,11,1,8.0,8.0,1.0,0.0,1613.9443344677964
22550,2024,F,15,1,11.0,11.0,1.0,0.0,1417.865114432031
22551,2024,F,15,1,11.0,11.0,1.0,0.0,1419.5613640411334
22552,2024,F,15,2,9.5,9.5,1.0,0.0,1447.200254730625
22552,2025,F,15,2,7.0,7.0,1.0,0.0,1388.8276752436527
22553,2024,F,15,2,9.5,9.5,1.0,0.0,1505.2718589951878
22554,2024,F,15,2,9.5,9.5,1.0,0.0,1547.3787610564345
22555,2024,F,15,1,11.0,11.0,1.0,0.0,1557.4564793222783
22556,2024,F,15,1,11.0,11.0,1.0,0.0,1660.0296909785857
22556,2025,F,15,1,8.0,8.0,1.0,0.0,1557.3200670773656
22557,2024,F,15,1,11.0,11.0,1.0,0.0,1770.8845919028633
22557,2025,F,15,1,8.0,8.0,1.0,0.0,1637.6156793638888
22558,2024,F,15,2,9.5,9.5,1.0,0.0,1873.2582447816292
22559,2024,F,18,1,2.0,2.0,0.0,0.0,1909.2786041278616
22560,2024,F,18,1,2.0,2.0,0.0,0.0,1975.5321182716245
22561,2024,F,18,1,2.0,2.0,0.0,0.0,2334.1392415136174
22565,2024,M,209,2,7.0,7.0,1.0,0.0,1593.991373778709
22565,2025,M,209,4,6.25,6.5,1.0,0.0,1596.8718413066122
22566,2024,M,209,2,7.0,7.0,1.0,0.0,1655.9133444392853
22567,2024,M,175,1,4.0,4.0,1.0,0.0,1809.9331890056599
22568,2024,M,191,1,4.0,4.0,1.0,0.0,1838.496399513059
22568,2025,M,191,3,2.3333333333333335,2.0,0.3333333333333333,0.0,1646.3669704633269
22569,2024,M,209,1,4.0,4.0,1.0,0.0,1879.3735717181025
22569,2025,M,209,1,9.0,9.0,1.0,0.0,1783.0213054375185
22570,2024,M,203,1,29.0,29.0,1.0,0.0,1951.6035250416617
22571,2024,M,187,1,3.0,3.0,1.0,0.0,1954.970935279367
22572,2024,M,203,1,29.0,29.0,1.0,0.0,1965.0532404881176
22574,2024,M,209,1,4.0,4.0,1.0,0.0,2119.9740369269243
22574,2025,M,209,1,9.0,9.0,1.0,0.0,1981.2127438151265
22575,2024,M,222,1,1.0,1.0,0.0,0.0,2199.2775443001015
22576,2024,M,187,1,3.0,3.0,1.0,0.0,2336.863151941254
22577,2024,F,209,2,5.5,5.5,1.0,0.0,1623.9444455071548
22577,2025,F,209,2,8.0,8.0,1.0,0.0,1860.060848194574
22578,2024,F,209,1,6.0,6.0,1.0,0.0,1797.0749806586925
22579,2024,F,209,1,6.0,6.0,1.0,0.0,1857.9634064372863
22579,2025,F,209,2,8.0,8.0,1.0,0.0,2187.617494623078
22581,2024,F,209,2,5.5,5.5,1.0,0.0,1657.9014634328887
22582,2024,F,191,1,3.0,3.0,1.0,0.0,2173.2407671338387
22583,2024,F,187,1,1.0,1.0,0.0,0.0,2283.8537447463414
22584,2024,F,209,1,6.0,6.0,1.0,0.0,2298.2642046909973
22585,2024,F,187,1,1.0,1.0,0.0,0.0,2308.7707943534792
22586,2024,M,85,2,14.5,14.5,1.0,0.0,1714.4171294864645
22586,2025,M,85,1,28.0,28.0,1.0,0.0,1757.081165719518
22587,2024,F,95,1,0.0,0.0,0.0,1.0,1702.6539697812577
22588,2024,M,10,2,14.0,14.0,1.0,0.0,1622.8737375364256
22588,2025,M,10,4,11.25,11.5,1.0,0.0,1527.0280653448458
22589,2024,M,10,2,14.0,14.0,1.0,0.0,1682.272647554772
22590,2024,M,10,1,15.0,15.0,1.0,0.0,1690.3317961502262
22591,2024,M,10,2,14.0,14.0,1.0,0.0,1720.0809989902352
22591,2025,M,10,3,10.666666666666666,10.0,1.0,0.0,1553.9589136722898
22592,2024,M,10,2,14.0,14.0,1.0,0.0,1721.075955606958
22592,2025,M,10,2,12.0,12.0,1.0,0.0,1564.1436708579413
22593,2024,M,10,2,14.0,14.0,1.0,0.0,1767.8389165929257
22593,2025,M,10,2,13.5,13.5,1.0,0.0,1658.0245055906037
22594,2024,M,10,2,14.0,14.0,1.0,0.0,1820.969599925919
22595,2024,M,10,2,14.0,14.0,1.0,0.0,1917.8783743947117
22595,2025,M,10,3,12.333333333333334,13.0,1.0,0.0,1769.8953520796126
22596,2024,M,10,2,14.0,14.0,1.0,0.0,2087.518477545935
22597,2024,M,10,1,15.0,15.0,1.0,0.0,2380.8316881557926
22598,2024,F,10,2,2.0,2.0,0.5,0.0,1390.609615104513
22598,2025,F,10,2,8.0,8.0,1.0,0.0,1455.887920645513
22599,2024,F,10,1,3.0,3.0,1.0,0.0,1503.2378307773986
22600,2024,F,10,2,2.0,2.0,0.5,0.0,1561.2463453983007
22600,2025,F,10,3,8.666666666666666,8.0,1.0,0.0,1472.3137914254576
23383,2024,F,85,1,13.0,13.0,1.0,0.0,1367.0420794030372
23384,2024,F,85,1,13.0,13.0,1.0,0.0,1378.8694081361566
23384,2025,F,85,2,7.5,7.5,0.5,0.0,1348.584385298549
23386,2024,F,94,1,7.0,7.0,1.0,0.0,1458.7038770847118
23387,2024,F,85,1,13.0,13.0,1.0,0.0,1461.6607092679917
23388,2024,F,75,1,10.0,10.0,1.0,0.0,1531.6390709389475
23389,2024,F,94,1,7.0,7.0,1.0,0.0,1542.4807889443066
23391,2024,F,66,1,4.0,4.0,1.0,0.0,1614.4303720707824
23391,2025,F,66,1,2.0,2.0,0.0,0.0,1521.3728435567373
23392,2024,F,84,1,4.0,4.0,1.0,0.0,1621.329647165102
23392,2025,F,84,1,4.0,4.0,1.0,0.0,1559.5775563394266
23393,2024,F,75,1,10.0,10.0,1.0,0.0,1628.2289222594216
23393,2025,F,75,1,13.0,13.0,1.0,0.0,1599.7499894826378
23394,2024,F,94,1,7.0,7.0,1.0,0.0,1643.9986939035805
23396,2024,F,94,1,7.0,7.0,1.0,0.0,1687.3655659250178
23398,2024,F,84,1,4.0,4.0,1.0,0.0,1767.2000348735733
23398,2025,F,84,2,2.5,2.5,0.5,0.0,1954.8899286085086
23399,2024,F,94,1,7.0,7.0,1.0,0.0,1812.5381283505303
23402,2024,F,100,1,2.0,2.0,0.0,0.0,1872.6603827438869
23403,2024,F,75,1,10.0,10.0,1.0,0.0,1885.473322204766
23403,2025,F,75,2,13.0,13.0,1.0,0.0,2029.1544793189273
23404,2024,F,85,1,13.0,13.0,1.0,0.0,1890.4013758435656
23405,2024,F,66,1,4.0,4.0,1.0,0.0,1893.3582080268454
23406,2024,F,85,1,13.0,13.0,1.0,0.0,2020.501991907878
23406,2025,F,85,1,14.0,14.0,1.0,0.0,1888.7613795171526
23407,2024,F,77,1,7.0,7.0,1.0,0.0,2213.6816945488263
23408,2024,M,63,1,11.0,11.0,1.0,0.0,1586.6925341340507
23408,2025,M,63,1,8.0,8.0,1.0,0.0,1700.3832351086412
23411,2024,M,90,1,9.0,9.0,1.0,0.0,1634.459455973165
23412,2024,M,84,1,19.0,19.0,1.0,0.0,1635.4978673174933
23413,2024,M,86,1,16.0,16.0,1.0,0.0,1645.881980760779
23414,2024,M,75,1,30.0,30.0,1.0,0.0,1684.303200500936
23414,2025,M,75,2,22.0,22.0,1.0,0.0,1704.0560106437151
23415,2024,M,99,1,5.0,5.0,1.0,0.0,1685.3416118452647
23415,2025,M,99,1,5.0,5.0,1.0,0.0,1601.1090297706028
23416,2024,M,84,1,19.0,19.0,1.0,0.0,1688.4568458782503
23416,2025,M,84,2,9.0,9.0,1.0,0.0,1662.379889884455
23417,2024,M,85,1,25.0,25.0,1.0,0.0,1693.6489025998933
23417,2025,M,85,1,28.0,28.0,1.0,0.0,1916.8329975845477
23418,2024,M,75,1,30.0,30.0,1.0,0.0,1702.9946046988505
23418,2025,M,75,1,16.0,16.0,1.0,0.0,1645.8094486636746
23419,2024,M,63,1,11.0,11.0,1.0,0.0,1712.3403067978074
23419,2025,M,63,1,8.0,8.0,1.0,0.0,1812.8195629642482
23420,2024,M,84,1,19.0,19.0,1.0,0.0,1713.378718142136
23421,2024,M,99,1,5.0,5.0,1.0,0.0,1720.6475975524359
23421,2025,M,99,1,5.0,5.0,1.0,0.0,1887.1027052338486
23422,2024,M,75,1,30.0,30.0,1.0,0.0,1723.7628315854215
23423,2024,M,90,1,9.0,9.0,1.0,0.0,1725.8396542740784
23423,2025,M,90,3,9.666666666666666,9.0,1.0,0.0,1744.7573677193457
23424,2024,M,84,1,19.0,19.0,1.0,0.0,1740.3774130946788
23425,2024,M,99,1,5.0,5.0,1.0,0.0,1743.4926471276647
23425,2025,M,99,1,5.0,5.0,1.0,0.0,1834.9031153186706
23426,2024,M,84,1,19.0,19.0,1.0,0.0,1754.9151719152785
23427,2024,M,99,1,5.0,5.0,1.0,0.0,1778.7986328348356
23428,2024,M,99,1,5.0,5.0,1.0,0.0,1780.875455523493
23428,2025,M,99,1,5.0,5.0,1.0,0.0,1739.386220891183
23429,2024,M,90,1,9.0,9.0,1.0,0.0,1788.1443349337928
23429,2025,M,90,2,8.5,8.5,1.0,0.0,1912.8941565772284
23430,2024,M,79,1,19.0,19.0,1.0,0.0,1796.4516256884215
23430,2025,M,79,1,30.0,30.0,1.0,0.0,1729.429706122682
23431,2024,M,63,1,11.0,11.0,1.0,0.0,1798.5284483770783
23431,2025,M,63,1,8.0,8.0,1.0,0.0,1878.551570018295
23432,2024,M,84,1,19.0,19.0,1.0,0.0,1799.566859721407
23432,2025,M,84,1,11.0,11.0,1.0,0.0,2079.6547311088602
23433,2024,M,85,1,25.0,25.0,1.0,0.0,1804.7589164430499
23436,2024,M,75,1,30.0,30.0,1.0,0.0,1852.5258382821642
23436,2025,M,75,1,28.0,28.0,1.0,0.0,1795.6937434730853
23437,2024,M,90,1,9.0,9.0,1.0,0.0,1862.9099517254497
23439,2024,M,79,1,19.0,19.0,1.0,0.0,1869.140419791421
23440,2024,M,100,1,6.0,6.0,1.0,0.0,1878.486121890378
23441,2024,M,84,1,19.0,19.0,1.0,0.0,1878.486121890378
23444,2024,M,84,1,19.0,19.0,1.0,0.0,1896.1391147439638
23445,2024,M,66,1,2.0,2.0,0.0,0.0,1897.1775260882923
23445,2025,M,66,1,7.0,7.0,1.0,0.0,1854.9553968104767
23446,2024,M,86,1,16.0,16.0,1.0,0.0,1898.2159374326206
23446,2025,M,86,4,12.5,12.5,1.0,0.0,1628.4421991850293
23447,2024,M,84,1,19.0,19.0,1.0,0.0,1912.7536962532208
23448,2024,M,75,1,30.0,30.0,1.0,0.0,1971.943142879949
23449,2024,M,212,1,2.0,2.0,0.0,0.0,1995.8266037995063
23451,2024,M,85,1,25.0,25.0,1.0,0.0,2053.977639081906
23452,2024,M,100,1,6.0,6.0,1.0,0.0,2143.2810146941624
23453,2024,M,84,1,19.0,19.0,1.0,0.0,2212.854574764177
23454,2024,M,75,1,30.0,30.0,1.0,0.0,2345.7712268382334
23454,2025,M,75,1,14.0,14.0,1.0,0.0,2314.652106488943
23455,2024,M,94,1,7.0,7.0,1.0,0.0,2395.6149713660047
23456,2024,M,66,1,2.0,2.0,0.0,0.0,2483.8799356339327
23457,2024,M,212,1,2.0,2.0,0.0,0.0,2530.6084461287182
23458,2024,M,90,1,9.0,9.0,1.0,0.0,2588.7594814111185
23458,2025,M,90,2,10.5,10.5,1.0,0.0,2607.681838504632
23459,2024,M,63,1,11.0,11.0,1.0,0.0,2654.1793961038175
23460,2024,M,84,1,19.0,19.0,1.0,0.0,3308.378543030815
23461,2024,M,100,1,6.0,6.0,1.0,0.0,3527.483336684143
23462,2024,F,124,3,24.0,20.0,1.0,0.0,1362.2417622097519
23462,2025,F,124,3,33.333333333333336,27.0,1.0,0.0,1316.5272923268158
23463,2024,F,1,1,5.0,5.0,1.0,0.0,1348.3015359383937
23464,2024,F,122,1,6.0,6.0,1.0,0.0,1615.4479929702832
23464,2025,F,122,3,3.6666666666666665,3.0,1.0,0.0,1684.220485577475
23465,2024,F,124,1,20.0,20.0,1.0,0.0,1641.5840541138064
23466,2024,F,117,1,12.0,12.0,1.0,0.0,1646.5718520419596
23467,2024,F,111,1,11.0,11.0,1.0,0.0,1766.8775380690167
23468,2024,F,124,1,20.0,20.0,1.0,0.0,1873.5166577729337
23469,2024,F,122,1,6.0,6.0,1.0,0.0,2046.4934899212892
23472,2024,M,117,1,31.0,31.0,1.0,0.0,1649.8285541605812
23472,2025,M,117,2,35.0,35.0,1.0,0.0,1541.7189922262928
23473,2024,M,107,1,7.0,7.0,1.0,0.0,1720.984750096449
23474,2024,M,124,1,27.0,27.0,1.0,0.0,1736.8082957661036
23475,2024,M,108,1,8.0,8.0,1.0,0.0,1746.5611729712996
23475,2025,M,108,1,12.0,12.0,1.0,0.0,1776.4150931769768
23476,2024,M,124,1,27.0,27.0,1.0,0.0,1769.8486552775837
23477,2024,M,1,1,9.0,9.0,1.0,0.0,1802.192380702978
23478,2024,M,120,1,6.0,6.0,1.0,0.0,1831.6500506288755
23479,2024,M,225,1,0.0,0.0,0.0,1.0,1837.422161627869
23480,2024,M,112,1,16.0,16.0,1.0,0.0,1995.2595417037942
23481,2024,M,117,1,31.0,31.0,1.0,0.0,2065.719103553576
23482,2024,M,111,1,14.0,14.0,1.0,0.0,2073.0835210350506
23483,2024,M,108,1,8.0,8.0,1.0,0.0,2087.513798532534
23484,2024,M,117,1,31.0,31.0,1.0,0.0,2197.8805415994957
23485,2024,M,122,1,9.0,9.0,1.0,0.0,2425.978445214893
23485,2025,M,122,3,14.666666666666666,14.0,1.0,0.0,2237.9112025386457
23486,2024,M,15,2,17.5,17.5,1.0,0.0,1517.6759018382886
23487,2024,M,14,1,4.0,4.0,1.0,0.0,1530.9189732819636
23488,2024,M,14,1,4.0,4.0,1.0,0.0,1556.0111086489267
23490,2024,M,16,1,10.0,10.0,1.0,0.0,1615.7542880940764
23490,2025,M,16,1,7.0,7.0,1.0,0.0,1624.4987136002333
23492,2024,M,14,1,4.0,4.0,1.0,0.0,1662.8518278900028
23493,2024,M,14,1,4.0,4.0,1.0,0.0,1683.861512661547
23494,2024,M,16,1,10.0,10.0,1.0,0.0,1703.8754777756722
23496,2024,M,15,1,23.0,23.0,1.0,0.0,1722.8937232323783
23497,2024,M,17,1,9.0,9.0,1.0,0.0,1727.7727495537322
23498,2024,M,19,1,5.0,5.0,1.0,0.0,1732.9504917723118
23499,2024,M,15,1,23.0,23.0,1.0,0.0,1769.493403199595
23500,2024,M,226,1,5.0,5.0,1.0,0.0,1866.2773539007376
23500,2025,M,226,2,2.5,2.5,0.5,0.0,1925.428842124047
23501,2024,M,11,1,18.0,18.0,1.0,0.0,1896.3480875547966
23502,2024,M,15,1,23.0,23.0,1.0,0.0,1910.7860225873742
23503,2024,M,16,1,10.0,10.0,1.0,0.0,1953.004536061947
23504,2024,M,226,1,5.0,5.0,1.0,0.0,1964.6544560537511
23505,2024,M,226,1,5.0,5.0,1.0,0.0,1969.0356225463954
23506,2024,M,226,1,5.0,5.0,1.0,0.0,2001.9939432069698
23506,2025,M,226,2,2.5,2.5,0.5,0.0,1930.1406813372537
23507,2024,M,20,1,3.0,3.0,1.0,0.0,2010.5571322607746
23508,2024,M,16,1,10.0,10.0,1.0,0.0,2018.7220334516117
23508,2025,M,16,1,7.0,7.0,1.0,0.0,1877.732676896068
23509,2024,M,226,1,5.0,5.0,1.0,0.0,2019.1203213145793
23509,2025,M,226,1,3.0,3.0,1.0,0.0,2127.171268648072
23510,2024,M,11,1,18.0,18.0,1.0,0.0,2025.1942112248364
23511,2024,M,14,1,4.0,4.0,1.0,0.0,2047.8966194139928
23512,2024,M,15,1,23.0,23.0,1.0,0.0,2072.3913229865047
23513,2024,M,226,1,5.0,5.0,1.0,0.0,2088.920269299663
23514,2024,M,15,1,23.0,23.0,1.0,0.0,2100.769333222951
23515,2024,M,16,1,10.0,10.0,1.0,0.0,2111.2243896258524
23516,2024,M,15,1,23.0,23.0,1.0,0.0,2125.064892863978
23516,2025,M,15,1,14.0,14.0,1.0,0.0,2044.1213669133892
23517,2024,M,11,1,18.0,18.0,1.0,0.0,2201.137874690802
23518,2024,M,16,1,10.0,10.0,1.0,0.0,2289.5577802696243
23519,2024,M,15,1,23.0,23.0,1.0,0.0,2323.5118205876174
23520,2024,M,15,1,23.0,23.0,1.0,0.0,2363.8384667130936
23521,2024,M,16,1,10.0,10.0,1.0,0.0,2455.444675195657
23521,2025,M,16,1,7.0,7.0,1.0,0.0,2035.5543865257407
23522,2024,M,20,1,3.0,3.0,1.0,0.0,2851.8406708142256
23523,2023,F,19,1,8.0,8.0,1.0,0.0,1427.935445257006
23523,2024,F,19,3,2.6666666666666665,2.0,0.3333333333333333,0.0,1309.4230367078344
23525,2024,F,226,1,6.0,6.0,1.0,0.0,1530.144103610659
23526,2024,F,4,1,10.0,10.0,1.0,0.0,1547.7239755007724
23526,2025,F,4,1,14.0,14.0,1.0,0.0,1602.7517788261978
23527,2024,F,11,1,8.0,8.0,1.0,0.0,1557.0601786514542
23528,2024,F,17,1,1.0,1.0,0.0,0.0,1574.4414079213404
23529,2024,F,16,1,5.0,5.0,1.0,0.0,1576.5271554337266
23530,2024,F,4,1,10.0,10.0,1.0,0.0,1589.438925748499
23530,2025,F,4,1,14.0,14.0,1.0,0.0,1658.4550080138968
23531,2024,F,19,1,2.0,2.0,0.0,0.0,1594.4049912541807
23532,2024,F,16,1,5.0,5.0,1.0,0.0,1605.9262632273626
23532,2025,F,16,1,5.0,5.0,1.0,0.0,1484.66359178022
23533,2024,F,16,1,5.0,5.0,1.0,0.0,1608.1113320498623
23533,2025,F,16,1,5.0,5.0,1.0,0.0,1609.4462284178553
23534,2024,F,15,1,8.0,8.0,1.0,0.0,1694.3222292284977
23534,2025,F,15,1,6.0,6.0,1.0,0.0,1592.0907041897638
23535,2024,F,226,1,6.0,6.0,1.0,0.0,1715.179704352361
23536,2024,F,226,1,6.0,6.0,1.0,0.0,1736.5337860267923
23537,2024,F,226,1,6.0,6.0,1.0,0.0,1757.391261150656
23538,2024,F,226,1,6.0,6.0,1.0,0.0,1775.2690969711102
23539,2024,F,226,1,6.0,6.0,1.0,0.0,1778.5467002048601
23540,2024,F,226,1,6.0,6.0,1.0,0.0,1953.15356338463
23541,2024,F,178,1,16.0,16.0,1.0,0.0,1332.6231937789987
23542,2024,F,208,1,10.0,10.0,1.0,0.0,1440.3468394692827
23542,2025,F,208,2,11.5,11.5,1.0,0.0,1455.9534979001971
23543,2024,F,208,1,10.0,10.0,1.0,0.0,1474.8331873803295
23543,2025,F,208,2,11.5,11.5,1.0,0.0,1449.6677298434754
23544,2024,F,208,1,10.0,10.0,1.0,0.0,1507.541785529382
23545,2024,F,208,1,10.0,10.0,1.0,0.0,1552.6047457884733
23546,2024,F,208,1,10.0,10.0,1.0,0.0,1568.3448223328724
23547,2024,F,209,1,5.0,5.0,1.0,0.0,1574.0076544398992
23548,2024,F,209,1,5.0,5.0,1.0,0.0,1575.0063902612442
23548,2025,F,209,3,6.0,6.0,1.0,0.0,1665.0649563312659
23549,2024,F,178,1,16.0,16.0,1.0,0.0,1593.5928638964767
23551,2024,F,209,1,5.0,5.0,1.0,0.0,1608.963408186978
23552,2024,F,178,1,16.0,16.0,1.0,0.0,1616.9832568323795
23553,2024,F,204,1,12.0,12.0,1.0,0.0,1639.4648001708579
23553,2025,F,204,1,12.0,12.0,1.0,0.0,1724.8952720404168
23554,2024,F,178,1,16.0,16.0,1.0,0.0,1642.3511466945454
23554,2025,F,178,2,18.5,18.5,1.0,0.0,1654.204626927279
23555,2024,F,171,1,4.0,4.0,1.0,0.0,1643.9191619340572
23556,2024,F,180,1,3.0,3.0,1.0,0.0,1655.824092924491
23557,2024,F,180,1,3.0,3.0,1.0,0.0,1657.8715013582485
23558,2024,F,208,1,10.0,10.0,1.0,0.0,1661.1673295686874
23559,2024,F,187,1,1.0,1.0,0.0,0.0,1691.468974388298
23560,2024,F,171,1,4.0,4.0,1.0,0.0,1693.5763069713362
23561,2024,F,208,1,10.0,10.0,1.0,0.0,1707.408798096966
23562,2024,F,208,1,10.0,10.0,1.0,0.0,1726.5845258667923
23562,2025,F,208,1,12.0,12.0,1.0,0.0,1630.7755315742274
23563,2024,F,196,1,4.0,4.0,1.0,0.0,1742.5143622172468
23564,2024,F,178,1,16.0,16.0,1.0,0.0,1758.5740342244762
23565,2024,F,187,1,1.0,1.0,0.0,0.0,1820.2959079836041
23566,2024,F,171,1,4.0,4.0,1.0,0.0,1875.4760621129217
23567,2024,F,204,1,12.0,12.0,1.0,0.0,2067.3831501843856
23567,2025,F,204,2,11.0,11.0,1.0,0.0,2197.270792467494
23568,2024,M,180,1,3.0,3.0,1.0,0.0,1633.4716237821378
23569,2024,M,209,1,10.0,10.0,1.0,0.0,1652.9171200524834
23570,2024,M,202,1,3.0,3.0,1.0,0.0,1654.1156098072042
23571,2024,M,188,1,29.0,29.0,1.0,0.0,1666.450066866206
23572,2024,M,204,1,29.0,29.0,1.0,0.0,1669.9057123256512
23572,2025,M,204,4,21.5,22.0,1.0,0.0,1630.8873521577293
23573,2024,M,209,1,10.0,10.0,1.0,0.0,1671.893207835563
23573,2025,M,209,1,4.0,4.0,1.0,0.0,1907.5273775800601
23574,2024,M,204,1,29.0,29.0,1.0,0.0,1672.8919492978305
23574,2025,M,204,1,37.0,37.0,1.0,0.0,1609.1682030649429
23575,2024,M,208,1,10.0,10.0,1.0,0.0,1697.600813074325
23575,2025,M,208,1,10.0,10.0,1.0,0.0,1724.1473015912234
23576,2024,M,208,1,10.0,10.0,1.0,0.0,1709.9252827187042
23576,2025,M,208,2,9.5,9.5,1.0,0.0,1679.6301341344924
23577,2024,M,208,1,10.0,10.0,1.0,0.0,1721.8702306074217
23578,2024,M,178,1,17.0,17.0,1.0,0.0,1746.3793460914628
23579,2024,M,209,1,10.0,10.0,1.0,0.0,1753.790007741487
23581,2024,M,202,1,3.0,3.0,1.0,0.0,1785.2603512175315
23581,2025,M,202,1,10.0,10.0,1.0,0.0,1775.6948763051773
23582,2024,M,209,1,10.0,10.0,1.0,0.0,1805.7245637793897
23582,2025,M,209,2,6.0,6.0,1.0,0.0,1858.9281188693853
23583,2024,M,220,1,10.0,10.0,1.0,0.0,1806.6933429977892
23583,2025,M,220,4,8.75,10.5,1.0,0.0,1704.4898799476466
23584,2024,M,209,1,10.0,10.0,1.0,0.0,1814.713236939796
23585,2024,M,209,1,10.0,10.0,1.0,0.0,1833.6893247228757
23585,2025,M,209,3,7.0,9.0,1.0,0.0,1796.1753660923246
23586,2024,M,208,1,10.0,10.0,1.0,0.0,1845.005065490365
23587,2024,M,209,1,10.0,10.0,1.0,0.0,1845.674222270084
23587,2025,M,209,2,9.0,9.0,1.0,0.0,1786.4434005602568
23589,2024,M,171,1,9.0,9.0,1.0,0.0,1874.7575736513095
23589,2025,M,171,1,18.0,18.0,1.0,0.0,1855.114772950369
23590,2024,M,196,1,16.0,16.0,1.0,0.0,1883.5764607631304
23591,2024,M,204,1,29.0,29.0,1.0,0.0,1898.06819938063
23592,2024,M,202,1,3.0,3.0,1.0,0.0,1977.7078435818294
23593,2024,M,204,1,29.0,29.0,1.0,0.0,2002.656405309268
23593,2025,M,204,4,25.75,25.5,1.0,0.0,2115.380639878389
23594,2024,M,178,1,17.0,17.0,1.0,0.0,2102.061143048739
23594,2025,M,178,2,25.0,25.0,1.0,0.0,1924.2351082574578
23595,2024,M,191,1,1.0,1.0,0.0,0.0,2153.016932453619
23596,2024,M,199,1,5.0,5.0,1.0,0.0,2178.4548774975688
23597,2024,M,180,1,3.0,3.0,1.0,0.0,2297.484884970593
23598,2024,M,204,1,29.0,29.0,1.0,0.0,2307.022865935246
23598,2025,M,204,1,37.0,37.0,1.0,0.0,2159.228079867874
23599,2024,M,196,1,16.0,16.0,1.0,0.0,2321.364793333406
23600,2024,M,203,1,26.0,26.0,1.0,0.0,2544.7932458572373
23601,2024,M,196,1,16.0,16.0,1.0,0.0,2741.5453139239075
23713,2024,F,40,1,7.0,7.0,1.0,0.0,1415.26963665184
23714,2024,F,40,1,7.0,7.0,1.0,0.0,1455.5918463279575
23714,2025,F,40,2,9.5,9.5,1.0,0.0,1375.2423544754924
23715,2024,F,40,1,7.0,7.0,1.0,0.0,1547.614314945235
23715,2025,F,40,1,10.0,10.0,1.0,0.0,1448.5295969717677
23716,2024,F,40,1,7.0,7.0,1.0,0.0,1664.688453435546
23716,2025,F,40,2,9.5,9.5,1.0,0.0,1595.8433873058884
23717,2024,F,40,1,7.0,7.0,1.0,0.0,2060.6246063691037
23718,2024,M,40,1,12.0,12.0,1.0,0.0,1662.6880663401246
23719,2024,M,40,1,12.0,12.0,1.0,0.0,1705.5156364668082
23719,2025,M,40,1,7.0,7.0,1.0,0.0,1573.8332587490522
23720,2024,M,40,1,12.0,12.0,1.0,0.0,1804.847646434291
23721,2024,M,40,1,12.0,12.0,1.0,0.0,1915.3607469709775
23721,2025,M,40,1,7.0,7.0,1.0,0.0,1796.7685268065643
23722,2024,M,40,1,12.0,12.0,1.0,0.0,1962.281394895316
23723,2024,M,40,1,12.0,12.0,1.0,0.0,1969.968394661644
23724,2024,M,40,1,12.0,12.0,1.0,0.0,2016.8890425859825
23724,2025,M,40,1,4.0,4.0,1.0,0.0,1882.4482519987218
23725,2024,M,40,1,12.0,12.0,1.0,0.0,2096.7539752231546
23725,2025,M,40,2,5.5,5.5,1.0,0.0,1958.395390049645
23726,2024,M,40,1,12.0,12.0,1.0,0.0,2236.0184515092233
23726,2025,M,40,1,7.0,7.0,1.0,0.0,1981.0314488621495
23727,2024,M,40,1,12.0,12.0,1.0,0.0,2431.1883806413125
23860,2024,F,21,1,2.0,2.0,0.0,0.0,1503.7181142967113
23861,2024,F,21,1,2.0,2.0,0.0,0.0,1693.880128750812
23862,2024,F,21,1,2.0,2.0,0.0,0.0,2243.1926705037286
23863,2024,M,21,1,9.0,9.0,1.0,0.0,1682.2457509103795
23864,2024,M,21,1,9.0,9.0,1.0,0.0,1733.6890477287895
23865,2024,M,21,1,9.0,9.0,1.0,0.0,1747.373963581454
23866,2024,M,21,1,9.0,9.0,1.0,0.0,1778.1400517757654
23867,2024,M,21,1,9.0,9.0,1.0,0.0,1793.5230958729212
23868,2024,M,21,1,9.0,9.0,1.0,0.0,1845.5657320717398
23869,2024,M,21,1,9.0,9.0,1.0,0.0,1846.464741142353
23870,2024,M,21,1,9.0,9.0,1.0,0.0,2011.4828505482046
23871,2024,M,21,1,9.0,9.0,1.0,0.0,2080.80643888214
23872,2024,M,21,1,9.0,9.0,1.0,0.0,2117.366141087068
23919,2025,M,158,1,29.0,29.0,1.0,0.0,2378.8214280212364
23922,2024,F,19,1,4.0,4.0,1.0,0.0,1361.8886239862027
23922,2025,F,19,3,5.0,4.0,1.0,0.0,1280.7113117194049
23923,2024,F,19,1,4.0,4.0,1.0,0.0,1506.5892902847365
23924,2024,F,19,2,4.0,4.0,1.0,0.0,1475.564583638392
23925,2024,F,19,1,4.0,4.0,1.0,0.0,1544.2844218414975
23925,2025,F,19,2,6.0,6.0,1.0,0.0,1585.3954797547835
23926,2024,M,19,1,15.0,15.0,1.0,0.0,1554.098358785681
23927,2024,M,19,1,15.0,15.0,1.0,0.0,1557.377047306326
23928,2024,M,19,1,15.0,15.0,1.0,0.0,1831.1475387801747
23930,2024,M,19,1,15.0,15.0,1.0,0.0,2013.1147516759663
23932,2024,M,19,1,15.0,15.0,1.0,0.0,2019.672128717256
23934,2024,M,19,1,15.0,15.0,1.0,0.0,2099.9999974730563
24364,2025,F,202,2,7.5,7.5,1.0,0.0,1621.430463472543
24365,2025,F,202,2,7.5,7.5,1.0,0.0,1771.5853383572294
24366,2025,F,202,1,10.0,10.0,1.0,0.0,1915.6855811901141
24389,2025,F,107,1,6.0,6.0,1.0,0.0,1669.3668242355993
24421,2025,M,124,3,35.333333333333336,35.0,1.0,0.0,1657.6403027734505
24451,2025,M,188,2,14.0,14.0,1.0,0.0,1833.7097228935572
24452,2025,M,188,1,15.0,15.0,1.0,0.0,2121.8020728930996
24464,2025,M,166,2,9.5,9.5,1.0,0.0,1908.4435308021687
24594,2025,M,158,3,29.333333333333332,29.0,1.0,0.0,1748.1835281236774
24595,2025,M,88,5,9.0,3.0,0.6,0.4,1740.262374435601
24596,2025,M,88,2,27.0,27.0,1.0,0.0,1650.5762333563205
24603,2025,F,146,2,21.5,21.5,1.0,0.0,1704.3790277935177
24642,2025,M,116,3,17.333333333333332,20.0,1.0,0.0,1641.796753952307
24644,2025,M,116,2,18.5,18.5,1.0,0.0,1824.352914233397
24651,2025,M,127,1,2.0,2.0,0.0,0.0,1749.1189986611976
24654,2025,M,188,4,17.5,17.0,1.0,0.0,2031.351570425048
24660,2025,F,1,1,6.0,6.0,1.0,0.0,1617.991393660173
24666,2025,F,169,4,11.0,12.0,1.0,0.0,1596.1369387565678
24685,2025,F,225,1,2.0,2.0,0.0,0.0,1770.5623119777397
24689,2025,F,117,1,14.0,14.0,1.0,0.0,1755.50319455112
24711,2025,M,122,2,16.0,16.0,1.0,0.0,1790.2326663681565
24720,2025,M,118,2,6.5,6.5,1.0,0.0,1761.3826995341954
24735,2025,M,124,3,32.666666666666664,31.0,1.0,0.0,1790.4621667676845
24807,2025,M,124,1,31.0,31.0,1.0,0.0,2061.764304988982
24808,2025,M,124,2,37.5,37.5,1.0,0.0,1838.5468945200314
24809,2025,M,124,1,35.0,35.0,1.0,0.0,1883.0262556193798
24817,2025,F,164,2,26.5,26.5,1.0,0.0,1745.7471775643826
24832,2025,F,120,3,7.333333333333333,7.0,1.0,0.0,1492.3178222693664
24835,2025,M,120,2,10.0,10.0,1.0,0.0,1809.9743953204813
24844,2025,M,58,1,4.0,4.0,1.0,0.0,1815.967331897653
24859,2025,M,131,2,5.5,5.5,1.0,0.0,1740.4031893196218
24906,2025,M,165,1,11.0,11.0,1.0,0.0,1799.0675510054002
24908,2025,M,161,4,6.0,6.0,1.0,0.0,1891.0963322556859
24911,2025,M,159,2,37.0,37.0,1.0,0.0,1976.5014988565324
24920,2025,M,146,1,39.0,39.0,1.0,0.0,1608.7474085063093
24921,2025,M,146,1,0.0,0.0,0.0,1.0,1656.7520576630573
24961,2025,F,146,1,23.0,23.0,1.0,0.0,1621.5402723907052
24963,2025,F,178,1,21.0,21.0,1.0,0.0,1589.7211613463398
24986,2025,M,56,3,27.666666666666668,27.0,1.0,0.0,1812.395159184531
24987,2025,M,56,4,27.0,27.0,1.0,0.0,1945.5008910965557
24997,2025,M,59,4,19.25,19.5,1.0,0.0,1732.000023507287
24998,2025,M,59,2,23.0,23.0,1.0,0.0,1737.34452643882
24999,2025,M,188,1,21.0,21.0,1.0,0.0,2411.8765424751264
25000,2025,M,188,4,16.5,17.0,1.0,0.0,1682.106109876078
25014,2025,M,112,4,22.0,22.0,1.0,0.0,1985.4562656577825
25022,2025,F,167,3,18.0,18.0,1.0,0.0,1451.4112571017235
25030,2025,M,167,3,42.666666666666664,44.0,1.0,0.0,1786.2371297974896
25052,2025,F,167,3,19.333333333333332,18.0,1.0,0.0,1345.2810579511122
25076,2025,M,111,2,16.5,16.5,1.0,0.0,2116.40667207624
25077,2025,M,111,1,20.0,20.0,1.0,0.0,2746.4527923024893
25079,2025,F,117,1,15.0,15.0,1.0,0.0,1496.3132953899933
25088,2025,M,117,1,24.0,24.0,1.0,0.0,1589.2196534550221
25092,2025,M,204,2,30.5,30.5,1.0,0.0,1966.2013546659166
25098,2025,F,96,4,15.25,15.0,1.0,0.0,1522.8890533590716
25118,2025,M,86,2,12.5,12.5,1.0,0.0,1932.0015140900061
25133,2025,M,212,1,3.0,3.0,1.0,0.0,1794.8692815189756
25139,2025,F,56,1,19.0,19.0,1.0,0.0,1589.7706345157012
25166,2025,F,67,1,3.0,3.0,1.0,0.0,1558.6882285900763
25167,2025,M,100,1,6.0,6.0,1.0,0.0,1643.2526392352768
25172,2025,M,90,2,10.5,10.5,1.0,0.0,1869.8653025427277
25173,2025,M,67,1,3.0,3.0,1.0,0.0,1672.4276081358435
25194,2025,M,17,1,18.0,18.0,1.0,0.0,1800.1218115470317
25196,2025,F,17,1,2.0,2.0,0.0,0.0,1277.691004110586
25197,2025,F,17,1,2.0,2.0,0.0,0.0,1437.2443985767482
25207,2025,M,16,1,7.0,7.0,1.0,0.0,1879.1571864256423
25210,2025,F,17,1,2.0,2.0,0.0,0.0,1423.700322616638
25220,2025,F,16,1,5.0,5.0,1.0,0.0,1596.6385680499923
25229,2025,M,17,1,18.0,18.0,1.0,0.0,1558.9712752398225
25231,2025,M,17,1,18.0,18.0,1.0,0.0,1898.293429826425
25294,2025,F,202,2,7.5,7.5,1.0,0.0,2147.214710851018
25296,2025,F,202,1,5.0,5.0,1.0,0.0,1910.212763205286
25297,2025,F,202,1,10.0,10.0,1.0,0.0,2371.47828204976
25461,2025,F,152,1,6.0,6.0,1.0,0.0,1714.6353067135515
25471,2025,M,159,4,27.5,27.0,1.0,0.0,1964.416137466735
25480,2025,M,160,2,7.0,7.0,1.0,0.0,1785.5488966718433
25489,2025,M,137,1,6.0,6.0,1.0,0.0,2200.4797738192105
25491,2025,M,159,2,37.0,37.0,1.0,0.0,2643.0257214638923
25494,2025,M,137,1,4.0,4.0,1.0,0.0,1872.3844562874244
25503,2025,M,19,2,12.5,12.5,1.0,0.0,1898.8243384395653
25504,2025,M,19,2,10.0,10.0,1.0,0.0,1605.666142460982
25527,2025,M,36,1,1.0,1.0,0.0,0.0,1586.6050058428182
25532,2025,M,36,1,12.0,12.0,1.0,0.0,1754.5289147538494
25539,2025,M,62,1,13.0,13.0,1.0,0.0,1911.7953501956767
25546,2025,M,37,2,15.0,15.0,1.0,0.0,1954.5345898868306
25549,2024,M,44,3,14.333333333333334,16.0,1.0,0.0,1691.2440359998075
25550,2025,M,61,1,14.0,14.0,1.0,0.0,1553.539055598298
25551,2025,M,37,1,14.0,14.0,1.0,0.0,1644.3839521120012
25574,2025,M,107,1,12.0,12.0,1.0,0.0,1766.1804733156982
25586,2025,F,36,1,12.0,12.0,1.0,0.0,1814.9168172186025
25587,2025,F,117,2,22.0,22.0,1.0,0.0,1601.7790295417844
25624,2025,F,111,1,8.0,8.0,1.0,0.0,1996.5671301166476
25675,2025,F,88,1,21.0,21.0,1.0,0.0,1440.034098722426
25677,2025,M,100,2,5.5,5.5,1.0,0.0,2394.3378971763827
25689,2025,M,63,1,8.0,8.0,1.0,0.0,2067.0986428838514
25776,2025,M,203,3,25.0,28.0,1.0,0.0,1753.058004063602
25778,2025,M,203,4,23.75,24.5,1.0,0.0,1920.5079229964078
25780,2025,M,204,4,27.0,25.5,1.0,0.0,1904.1843876167052
25800,2025,M,204,2,30.5,30.5,1.0,0.0,1989.1818958499707
25801,2025,M,190,1,2.0,2.0,0.0,0.0,2118.3783450836963
25804,2025,M,175,2,6.5,6.5,1.0,0.0,2691.7216603967368
25849,2025,M,79,3,22.666666666666668,21.0,1.0,0.0,2400.5147160287697
25852,2025,M,79,2,21.0,21.0,1.0,0.0,1540.4250171805684
25853,2025,M,79,2,25.5,25.5,1.0,0.0,1848.679112276087
25876,2025,M,139,1,16.0,16.0,1.0,0.0,3398.6554057246635
25881,2025,M,4,1,25.0,25.0,1.0,0.0,1804.9420610494858
25885,2025,F,174,2,5.0,5.0,1.0,0.0,1473.2144165321474
25900,2025,M,186,1,3.0,3.0,1.0,0.0,2285.55037203299
25902,2025,F,186,1,2.0,2.0,0.0,0.0,1705.5154613038696
25915,2025,M,196,2,12.5,12.5,1.0,0.0,1977.2426633219156
25921,2025,M,180,3,1.0,1.0,0.0,0.3333333333333333,2000.0729397573546
25994,2025,F,158,1,21.0,21.0,1.0,0.0,1679.907782993979
25996,2024,M,75,2,19.5,19.5,1.0,0.0,1556.5786051485222
25997,2025,M,84,1,11.0,11.0,1.0,0.0,2007.1533594029197
25999,2025,F,11,1,8.0,8.0,1.0,0.0,1708.8324786850267
26005,2024,M,15,1,23.0,23.0,1.0,0.0,1618.4427311691081
26005,2025,M,15,2,13.5,13.5,1.0,0.0,1536.3424102374083
26006,2025,M,15,2,13.5,13.5,1.0,0.0,1661.9665363278116
26020,2025,M,96,5,13.4,13.0,1.0,0.0,1921.7338129097254
26021,2025,M,96,2,13.0,13.0,1.0,0.0,1805.3964894752662
26087,2025,F,79,1,5.0,5.0,1.0,0.0,1615.2093835456556
26088,2025,M,76,2,9.0,9.0,1.0,0.0,1879.374221742215
26089,2025,M,79,2,25.5,25.5,1.0,0.0,1906.8267499750448
26097,2025,M,76,3,8.0,9.0,1.0,0.0,1956.5089026811297
26109,2025,M,88,3,24.0,24.0,1.0,0.0,1592.0566170936463
26112,2025,M,76,3,8.0,9.0,1.0,0.0,2025.0772790997628
26128,2025,F,76,1,6.0,6.0,1.0,0.0,1702.7432474934976
26160,2025,F,162,1,17.0,17.0,1.0,0.0,1722.0671627933632
26180,2025,M,142,5,4.2,4.0,0.6,0.0,1757.3260340343224
26182,2025,M,167,2,42.0,42.0,1.0,0.0,1741.932397600456
26198,2025,F,167,3,16.666666666666668,18.0,1.0,0.0,1805.5635134326756
26228,2025,F,166,3,4.0,4.0,0.6666666666666666,0.0,1612.5733608309167
26458,2025,F,86,1,16.0,16.0,1.0,0.0,1416.6322152543753
26490,2025,M,146,2,36.5,36.5,1.0,0.0,2028.9608748169012
26495,2025,F,167,1,18.0,18.0,1.0,0.0,1918.178879719206
26506,2025,M,116,4,17.25,18.5,1.0,0.0,1543.2571051642346
26507,2025,M,116,4,17.25,18.5,1.0,0.0,1710.7313747095611
26508,2025,M,116,1,20.0,20.0,1.0,0.0,1603.4531283591173
26522,2025,M,157,3,0.6666666666666666,1.0,0.0,0.3333333333333333,2209.626368564073
26529,2025,F,142,1,9.0,9.0,1.0,0.0,1558.190831874875
26531,2025,F,124,3,33.666666666666664,27.0,1.0,0.0,1479.333991363716
26534,2025,M,15,1,14.0,14.0,1.0,0.0,2041.9298137909677
26537,2025,M,88,1,30.0,30.0,1.0,0.0,1647.423530385069
26539,2025,F,88,1,21.0,21.0,1.0,0.0,1715.1712840030414
26543,2025,M,4,4,16.25,16.0,1.0,0.0,1615.8422920427552
26544,2025,M,86,3,12.666666666666666,13.0,1.0,0.0,2124.447715629424
26618,2025,M,204,1,37.0,37.0,1.0,0.0,2198.648546668213
26622,2025,F,1,2,7.5,7.5,1.0,0.0,1697.8445971188228
26627,2024,M,146,3,45.666666666666664,39.0,1.0,0.0,1544.6822851899042
26627,2025,M,146,3,35.0,34.0,1.0,0.0,1555.1771383465637
26631,2025,M,124,1,40.0,40.0,1.0,0.0,1901.6598612296377
26633,2025,F,101,2,4.0,4.0,1.0,0.0,1780.8198133581989
26699,2025,M,75,1,28.0,28.0,1.0,0.0,1571.9954246483228
26705,2025,M,17,1,18.0,18.0,1.0,0.0,1820.3637931141275
26774,2025,M,220,3,10.666666666666666,11.0,1.0,0.0,2222.6399461021642
26785,2025,M,204,1,24.0,24.0,1.0,0.0,1688.0690363759481
26817,2025,M,169,4,11.5,12.0,1.0,0.0,1796.2033260016067
26818,2025,M,169,4,11.5,12.0,1.0,0.0,1822.1129357745508
26819,2025,M,169,2,12.5,12.5,1.0,0.0,1710.1988391056154
26820,2025,M,169,4,11.5,12.0,1.0,0.0,2038.0263505490855
26821,2025,M,169,4,11.5,12.0,1.0,0.0,1985.9127036194138
26822,2025,M,169,3,12.333333333333334,12.0,1.0,0.0,2242.1591125411105
26823,2025,F,169,3,12.333333333333334,13.0,1.0,0.0,1526.9836995413204
26824,2025,F,169,4,11.0,12.0,1.0,0.0,1950.7578213815448
26825,2025,F,169,4,11.0,12.0,1.0,0.0,1681.1252675312492
26826,2025,F,169,3,12.333333333333334,13.0,1.0,0.0,1788.763787701069
26827,2025,F,169,1,13.0,13.0,1.0,0.0,1885.932538727732
26828,2025,F,169,4,11.0,12.0,1.0,0.0,2363.956148405697
26829,2025,F,169,3,10.333333333333334,11.0,1.0,0.0,2174.0844739847976
26830,2025,F,139,5,9.2,10.0,1.0,0.0,1569.5112412112248
26831,2025,F,139,4,10.0,11.0,1.0,0.0,1801.7371676385005
26832,2025,F,139,2,8.0,8.0,1.0,0.0,2186.264345977649
26833,2025,F,139,1,10.0,10.0,1.0,0.0,1815.26164579524
26834,2025,F,139,1,10.0,10.0,1.0,0.0,2239.3378172540365
26835,2025,M,139,5,12.2,14.0,1.0,0.0,1718.0231903334302
26836,2025,M,139,4,11.5,12.0,1.0,0.0,1834.8642748917953
26837,2025,M,139,3,14.0,16.0,1.0,0.0,1983.0360817080305
26838,2025,M,139,2,15.0,15.0,1.0,0.0,2027.3249624502073
26839,2025,M,139,2,15.0,15.0,1.0,0.0,2116.8984429907596
26840,2025,M,139,2,15.0,15.0,1.0,0.0,2202.6054423569003
26841,2025,M,139,1,16.0,16.0,1.0,0.0,2212.432748675198
26842,2025,M,139,1,16.0,16.0,1.0,0.0,2289.1179586343765
26843,2025,M,139,3,13.333333333333334,14.0,1.0,0.0,2408.075167064064
26844,2025,M,112,2,22.0,22.0,1.0,0.0,1663.1887973607722
26845,2025,M,112,4,30.5,34.5,1.0,0.0,1761.8249368499526
26846,2025,M,112,4,30.5,34.5,1.0,0.0,2087.096954482075
26847,2025,M,112,4,30.5,34.5,1.0,0.0,1772.5761153173603
26848,2025,M,118,4,3.75,2.5,0.5,0.0,1883.2155155455944
26849,2025,M,112,4,24.25,22.5,1.0,0.0,1916.0554788642223
26850,2025,M,112,1,10.0,10.0,1.0,0.0,2065.571081867897
26851,2025,M,112,3,26.333333333333332,34.0,1.0,0.0,2241.5206812752676
26852,2025,F,112,4,19.0,22.5,1.0,0.0,1396.0868893377392
26853,2025,M,4,1,4.0,4.0,1.0,0.0,1741.7241863243873
26854,2025,F,40,1,9.0,9.0,1.0,0.0,1375.8321147841907
26855,2025,F,40,1,9.0,9.0,1.0,0.0,1500.0584048263247
26856,2025,F,40,2,9.5,9.5,1.0,0.0,1546.6363759350763
26857,2025,F,40,2,9.5,9.5,1.0,0.0,1692.2603254884632
26858,2025,F,40,1,9.0,9.0,1.0,0.0,1661.3103579172282
26859,2025,F,40,1,9.0,9.0,1.0,0.0,1693.3761969438885
26860,2025,F,40,2,9.5,9.5,1.0,0.0,1760.7276812124164
26861,2025,F,40,2,9.5,9.5,1.0,0.0,1573.5298079057386
26862,2025,M,40,1,4.0,4.0,1.0,0.0,1403.3615954310644
26863,2025,M,40,2,5.5,5.5,1.0,0.0,1566.4615840121583
26864,2025,M,40,2,5.5,5.5,1.0,0.0,2035.3155353409013
26865,2025,M,61,3,12.0,14.0,1.0,0.0,1708.6643972338734
26866,2025,M,61,1,6.0,6.0,1.0,0.0,1793.6981617724193
26867,2025,F,60,5,4.2,5.0,0.8,0.0,1519.7747257540552
26868,2025,F,58,3,1.0,0.0,0.3333333333333333,0.6666666666666666,1653.00526074692
26869,2025,M,58,3,4.333333333333333,4.0,0.6666666666666666,0.0,2390.6856297281493
26870,2025,M,58,1,8.0,8.0,1.0,0.0,2123.8842097570646
26871,2025,F,116,4,9.75,10.0,1.0,0.0,1419.8125030455394
26872,2025,F,116,1,15.0,15.0,1.0,0.0,1402.3384282390134
26873,2025,F,116,3,11.666666666666666,11.0,1.0,0.0,1403.2161575659586
26874,2025,F,116,5,9.4,9.0,1.0,0.0,1466.1832248362393
26875,2025,F,116,5,9.4,9.0,1.0,0.0,1658.5344216169885
26876,2025,F,116,3,11.333333333333334,11.0,1.0,0.0,1604.3362324474226
26877,2025,F,116,2,12.0,12.0,1.0,0.0,1749.2159916870432
26878,2025,F,116,3,9.0,8.0,1.0,0.0,1687.8642934940046
26879,2025,F,116,1,15.0,15.0,1.0,0.0,1919.9592508125602
26880,2025,F,120,3,7.333333333333333,7.0,1.0,0.0,1692.498043297
26881,2025,F,120,2,6.0,6.0,1.0,0.0,1709.3691796776914
26882,2025,F,120,3,7.333333333333333,7.0,1.0,0.0,1719.5397228859092
26883,2025,F,120,2,6.0,6.0,1.0,0.0,1723.3686332701798
26884,2025,F,120,3,6.333333333333333,7.0,0.6666666666666666,0.0,1752.3247680512243
26885,2025,F,120,3,6.333333333333333,7.0,0.6666666666666666,0.0,1853.7908932343885
26886,2025,F,120,2,8.5,8.5,1.0,0.0,1872.3371779081979
26887,2025,M,116,3,19.0,20.0,1.0,0.0,1622.1349479000123
26888,2025,M,116,4,17.25,18.5,1.0,0.0,2015.974053046424
26889,2025,M,116,2,20.0,20.0,1.0,0.0,1684.3783897076146
26890,2025,M,116,4,17.25,18.5,1.0,0.0,1865.282919255107
26891,2025,M,116,3,17.333333333333332,20.0,1.0,0.0,1736.8312849118831
26892,2025,M,116,1,20.0,20.0,1.0,0.0,2201.9763612926004
26893,2025,M,120,1,9.0,9.0,1.0,0.0,1716.1010921562251
26894,2025,M,120,4,9.0,9.5,1.0,0.0,1850.1133249493357
26895,2025,M,120,2,9.5,9.5,1.0,0.0,2031.3859103699688
26897,2025,F,56,1,12.0,12.0,1.0,0.0,1468.628213226005
26898,2025,F,56,4,15.25,15.0,1.0,0.0,1553.26409383002
26899,2025,F,56,2,13.5,13.5,1.0,0.0,1669.252625016319
26900,2025,F,56,4,15.25,15.0,1.0,0.0,1660.9467661282313
26901,2025,F,56,4,15.25,15.0,1.0,0.0,1691.5581117829151
26902,2025,M,56,4,27.0,27.0,1.0,0.0,1629.917813984769
26903,2025,M,56,3,27.0,27.0,1.0,0.0,1646.3622743367634
26904,2025,M,56,3,26.333333333333332,27.0,1.0,0.0,1685.3714282038604
26905,2025,M,56,3,27.666666666666668,27.0,1.0,0.0,1743.8498780349535
26906,2025,M,56,2,26.0,26.0,1.0,0.0,1839.4624743440404
26907,2025,M,56,3,27.666666666666668,27.0,1.0,0.0,1828.7108669511206
26908,2025,M,56,1,27.0,27.0,1.0,0.0,1792.8144727181311
26909,2025,M,56,1,27.0,27.0,1.0,0.0,1852.5205779970054
26910,2025,M,56,2,27.0,27.0,1.0,0.0,2045.341934389438
26911,2025,M,56,3,27.0,27.0,1.0,0.0,2006.7129994579327
26912,2025,M,56,1,27.0,27.0,1.0,0.0,2627.8842894464397
26915,2025,M,60,2,1.0,1.0,0.0,0.0,1597.0916552605113
26916,2025,F,86,1,2.0,2.0,0.0,0.0,2173.474885856145
26917,2025,M,86,4,13.25,13.5,1.0,0.0,1687.5646005676165
26918,2025,M,86,4,13.25,13.5,1.0,0.0,1842.7111713559066
26919,2025,M,79,2,21.0,21.0,1.0,0.0,1569.4689963254466
26920,2025,M,79,3,21.0,21.0,1.0,0.0,1643.2128529624756
26921,2025,M,79,2,14.5,14.5,1.0,0.0,1687.8039997278045
26922,2025,M,79,3,19.666666666666668,17.0,1.0,0.0,1739.913389005799
26923,2025,M,79,3,19.666666666666668,17.0,1.0,0.0,1701.24113184303
26924,2025,M,79,4,20.0,19.0,1.0,0.0,1918.8521509292086
26925,2025,M,79,3,21.0,21.0,1.0,0.0,1818.6902091521806
26926,2025,F,79,1,6.0,6.0,1.0,0.0,1455.7383979328256
26927,2025,F,79,2,4.0,4.0,0.5,0.0,1508.6569735773298
26928,2025,F,79,2,8.5,8.5,1.0,0.0,1552.141091427465
26929,2025,F,79,1,6.0,6.0,1.0,0.0,1638.3839800987168
26930,2025,F,79,1,6.0,6.0,1.0,0.0,1718.2769907553525
26931,2025,M,96,4,13.0,13.0,1.0,0.0,1987.1844544149467
26932,2025,M,96,3,13.0,13.0,1.0,0.0,2195.814562813586
26933,2025,M,96,3,13.666666666666666,13.0,1.0,0.0,1976.73974879812
26934,2025,M,96,3,14.333333333333334,15.0,1.0,0.0,1953.8043915850649
26935,2025,F,96,4,13.75,14.5,1.0,0.0,1845.1694632632036
26936,2025,F,96,3,15.333333333333334,15.0,1.0,0.0,1538.1403401943178
26937,2025,F,96,4,15.25,15.0,1.0,0.0,1533.0367581799242
26938,2025,F,96,4,15.25,15.0,1.0,0.0,1542.5700511854513
26939,2025,F,96,2,15.0,15.0,1.0,0.0,1600.8111813395021
26940,2025,F,96,4,14.0,15.0,1.0,0.0,1973.3649441143525
26941,2025,F,96,4,14.0,15.0,1.0,0.0,1949.6723744171693
26942,2025,F,96,4,14.0,15.0,1.0,0.0,2146.3895194962715
26944,2025,F,124,4,30.75,25.0,1.0,0.0,1313.13086109507
26945,2025,F,124,2,36.5,36.5,1.0,0.0,1415.106647798685
26946,2025,F,124,4,30.75,25.0,1.0,0.0,1366.979511006978
26947,2025,F,124,4,30.75,25.0,1.0,0.0,1422.1865052409883
26948,2025,F,124,3,32.0,23.0,1.0,0.0,1804.8515056960612
26949,2025,F,124,2,36.5,36.5,1.0,0.0,1555.3850706351552
26950,2025,F,124,4,30.75,25.0,1.0,0.0,1670.95756537456
26951,2025,F,124,2,24.5,24.5,1.0,0.0,1745.840385406807
26952,2025,F,124,2,36.5,36.5,1.0,0.0,1782.4133262868702
26953,2025,F,112,3,24.0,24.0,1.0,0.0,1388.0338479995617
26955,2025,F,112,2,22.5,22.5,1.0,0.0,1536.4814774864433
26956,2025,F,112,2,25.5,25.5,1.0,0.0,1529.9515969234128
26957,2025,F,112,2,22.5,22.5,1.0,0.0,1574.5151185053048
26958,2025,F,112,3,24.0,24.0,1.0,0.0,1534.0558626255468
26959,2025,F,112,2,25.5,25.5,1.0,0.0,1646.8667125130498
26960,2025,F,112,2,25.5,25.5,1.0,0.0,1651.302783509284
26961,2025,F,112,1,24.0,24.0,1.0,0.0,1705.3242703078686
26962,2025,F,112,3,24.0,24.0,1.0,0.0,1814.74801432852
26963,2025,F,112,1,24.0,24.0,1.0,0.0,1865.6143023051281
26964,2025,F,112,2,25.5,25.5,1.0,0.0,1960.743380335482
26965,2025,F,112,1,24.0,24.0,1.0,0.0,1976.713235921925
26966,2025,M,124,4,33.25,33.0,1.0,0.0,1605.5418971282686
26967,2025,M,124,3,35.333333333333336,35.0,1.0,0.0,1617.9795771522004
26968,2025,M,124,1,31.0,31.0,1.0,0.0,1631.034978104831
26969,2025,M,124,4,33.25,33.0,1.0,0.0,1644.1484016248696
26970,2025,M,124,4,33.25,33.0,1.0,0.0,1591.3698891485037
26971,2025,M,124,3,35.333333333333336,35.0,1.0,0.0,1745.1708318876808
26972,2025,M,124,1,31.0,31.0,1.0,0.0,1777.6115251639155
26973,2025,M,124,1,31.0,31.0,1.0,0.0,1815.294159731737
26974,2025,M,124,1,31.0,31.0,1.0,0.0,1871.4719456491187
26975,2025,M,124,2,29.0,29.0,1.0,0.0,1873.3439789527927
26976,2025,M,124,1,31.0,31.0,1.0,0.0,2015.180260680731
26977,2025,M,112,2,38.5,38.5,1.0,0.0,1710.2192802063946
26978,2025,M,112,3,37.333333333333336,35.0,1.0,0.0,1623.1347346203909
26979,2025,M,112,4,30.25,34.5,1.0,0.0,1603.684875392989
26980,2025,M,112,2,38.5,38.5,1.0,0.0,1690.0852550765217
26981,2025,M,112,3,37.333333333333336,35.0,1.0,0.0,1683.5368100100095
26982,2025,M,112,4,30.25,34.5,1.0,0.0,1705.723332847297
26983,2025,M,112,3,37.333333333333336,35.0,1.0,0.0,1814.1147593959818
26984,2025,M,112,2,34.5,34.5,1.0,0.0,1910.8359576123544
26985,2025,M,112,2,38.5,38.5,1.0,0.0,1987.5996846655185
26986,2025,M,112,3,37.333333333333336,35.0,1.0,0.0,1994.930033620569
26987,2025,M,112,3,37.333333333333336,35.0,1.0,0.0,1816.5582090476653
26988,2025,M,112,2,38.5,38.5,1.0,0.0,2320.1043132666246
26989,2025,M,112,2,38.5,38.5,1.0,0.0,2331.637395622571
26990,2025,F,75,4,6.5,6.5,0.5,0.5,1423.6119958441295
26991,2025,M,164,2,23.5,23.5,1.0,0.0,1585.5033285090765
26992,2025,M,164,2,30.0,30.0,1.0,0.0,1624.6904923976394
26993,2025,M,164,3,25.333333333333332,29.0,1.0,0.0,1573.9533826554186
26994,2025,M,167,4,42.75,43.5,1.0,0.0,1656.2700329090733
26995,2025,M,159,2,35.0,35.0,1.0,0.0,1742.1408474287791
26996,2025,M,132,3,13.333333333333334,14.0,1.0,0.0,1614.6176904444558
26997,2025,M,159,1,25.0,25.0,1.0,0.0,1701.3373829295128
26998,2025,M,167,2,45.0,45.0,1.0,0.0,1711.5173382241417
26999,2025,M,164,3,17.0,16.0,1.0,0.0,1691.0080864670706
27000,2025,M,166,4,7.25,7.0,1.0,0.0,1625.5365391315333
27001,2025,M,136,1,0.0,0.0,0.0,1.0,1730.295896534622
27002,2025,M,167,4,42.75,43.5,1.0,0.0,1663.2448355387614
27003,2025,M,166,4,7.25,7.0,1.0,0.0,1836.8279099167455
27004,2025,M,167,4,42.75,43.5,1.0,0.0,1771.698104597576
27005,2025,M,164,3,23.0,22.0,1.0,0.0,1628.5672957038323
27006,2025,M,138,2,10.5,10.5,1.0,0.0,1755.498698477635
27008,2025,M,164,1,31.0,31.0,1.0,0.0,1789.8931105410409
27009,2025,M,159,3,33.0,29.0,1.0,0.0,1747.648347063743
27010,2025,M,167,2,43.5,43.5,1.0,0.0,1837.2649442820432
27011,2025,M,164,1,31.0,31.0,1.0,0.0,1846.5252890247523
27012,2025,M,164,2,30.0,30.0,1.0,0.0,1683.2487376337206
27013,2025,M,164,2,26.5,26.5,1.0,0.0,1860.9952255889373
27014,2025,M,166,4,7.25,7.0,1.0,0.0,1785.4364793770178
27015,2025,M,132,2,13.0,13.0,1.0,0.0,2039.7859408851716
27016,2025,M,166,3,7.666666666666667,8.0,1.0,0.0,1834.7865917108468
27017,2025,M,167,4,42.75,43.5,1.0,0.0,1854.609842899786
27018,2025,M,164,4,24.5,25.5,1.0,0.0,1809.2245074784344
27020,2025,M,159,3,27.0,25.0,1.0,0.0,1834.950973786176
27021,2025,M,159,2,35.0,35.0,1.0,0.0,1722.5824123293482
27022,2025,M,167,4,42.75,43.5,1.0,0.0,1749.5948568274373
27023,2025,M,164,3,27.333333333333332,29.0,1.0,0.0,1914.927150148076
27024,2025,M,167,4,42.75,43.5,1.0,0.0,1891.6450624968631
27025,2025,M,139,1,14.0,14.0,1.0,0.0,2015.6311483364984
27026,2025,M,159,1,25.0,25.0,1.0,0.0,2040.24094317497
27027,2025,M,164,4,24.5,25.5,1.0,0.0,2021.120976101499
27028,2025,M,132,2,12.5,12.5,1.0,0.0,2122.1347640007184
27029,2025,M,132,3,13.333333333333334,14.0,1.0,0.0,1929.171465377721
27030,2025,M,138,3,9.666666666666666,8.0,1.0,0.0,2078.001019514323
27031,2025,M,139,2,12.0,12.0,1.0,0.0,2044.6977737229804
27032,2025,M,139,1,14.0,14.0,1.0,0.0,2153.8018036946632
27033,2025,M,139,1,14.0,14.0,1.0,0.0,2154.3948107992055
27034,2025,M,164,1,31.0,31.0,1.0,0.0,2157.7551843916067
27035,2025,M,138,1,8.0,8.0,1.0,0.0,2176.4349081846635
27036,2025,M,167,1,44.0,44.0,1.0,0.0,2208.4572918299036
27037,2025,M,142,1,4.0,4.0,1.0,0.0,2242.061027753921
27038,2025,M,167,4,42.75,43.5,1.0,0.0,2036.8388411824867
27039,2025,M,164,3,27.333333333333332,29.0,1.0,0.0,2249.521203059601
27040,2025,M,138,2,6.5,6.5,1.0,0.0,2170.8664543855393
27041,2025,M,159,1,25.0,25.0,1.0,0.0,2375.487626275755
27042,2025,M,167,4,42.75,43.5,1.0,0.0,2236.3574910542734
27043,2025,M,159,2,35.0,35.0,1.0,0.0,2308.9267815937687
27044,2025,M,166,2,9.5,9.5,1.0,0.0,2153.936936035844
27045,2025,M,139,1,14.0,14.0,1.0,0.0,2682.764140945666
27046,2025,M,139,1,14.0,14.0,1.0,0.0,3008.32504133894
27047,2025,F,138,4,11.0,8.0,1.0,0.0,1356.2864733809936
27048,2025,F,164,3,25.666666666666668,25.0,1.0,0.0,1433.4169213529146
27049,2025,F,142,3,7.0,6.0,1.0,0.0,1635.3237743118752
27050,2025,F,139,5,8.0,6.0,1.0,0.0,1502.673643840056
27051,2025,F,142,3,7.0,6.0,1.0,0.0,1635.2235522260557
27052,2025,F,164,4,20.25,24.5,1.0,0.0,1472.0750822198613
27053,2025,F,164,2,26.5,26.5,1.0,0.0,1572.9224583945042
27054,2025,F,164,1,25.0,25.0,1.0,0.0,1589.453064005538
27055,2025,F,164,1,25.0,25.0,1.0,0.0,1607.4502122986337
27056,2025,F,142,2,7.5,7.5,1.0,0.0,1518.6428412181522
27057,2025,F,142,2,7.5,7.5,1.0,0.0,1594.970463185627
27058,2025,F,167,4,18.0,18.0,1.0,0.0,1594.0322749543648
27059,2025,F,167,2,20.0,20.0,1.0,0.0,1632.8182221663951
27060,2025,F,142,3,7.0,6.0,1.0,0.0,1636.0253289126094
27061,2025,F,164,1,25.0,25.0,1.0,0.0,1786.6349346484722
27062,2025,F,167,1,18.0,18.0,1.0,0.0,1792.9290192974236
27063,2025,F,139,1,12.0,12.0,1.0,0.0,1809.1559562830018
27064,2025,F,142,2,7.5,7.5,1.0,0.0,1618.3037776730935
27065,2025,F,164,4,20.25,24.5,1.0,0.0,1743.374298124979
27066,2025,F,164,2,24.5,24.5,1.0,0.0,1694.5550270310218
27067,2025,F,167,1,18.0,18.0,1.0,0.0,1883.9965565619411
27068,2025,F,167,3,18.0,18.0,1.0,0.0,1695.4570258033946
27069,2025,F,139,2,12.0,12.0,1.0,0.0,1872.5416847538938
27070,2025,F,138,2,14.0,14.0,1.0,0.0,1912.0249022643031
27071,2025,F,138,1,6.0,6.0,1.0,0.0,1927.5634237414024
27072,2025,F,164,1,25.0,25.0,1.0,0.0,1991.7827561752358
27073,2025,F,164,1,25.0,25.0,1.0,0.0,2023.548214637913
27074,2025,F,139,1,12.0,12.0,1.0,0.0,2066.9183916720945
27075,2025,F,167,1,18.0,18.0,1.0,0.0,2341.202799264685
27076,2025,M,122,2,13.0,13.0,1.0,0.0,1523.5930364884657
27077,2025,M,111,1,20.0,20.0,1.0,0.0,1586.325911407256
27078,2025,M,122,3,14.666666666666666,14.0,1.0,0.0,1570.7748509384849
27079,2025,M,122,2,16.0,16.0,1.0,0.0,1543.1379957264112
27080,2025,M,111,1,20.0,20.0,1.0,0.0,1641.057190538021
27081,2025,M,122,3,14.666666666666666,14.0,1.0,0.0,1633.848510046179
27082,2025,M,111,3,14.666666666666666,13.0,1.0,0.0,1622.5471207319597
27083,2025,M,122,3,14.666666666666666,14.0,1.0,0.0,1647.5224941580761
27084,2025,M,122,2,16.0,16.0,1.0,0.0,1704.240639523621
27085,2025,M,120,2,10.5,10.5,1.0,0.0,1810.1464911799374
27086,2025,M,120,3,9.0,10.0,1.0,0.0,1916.2108576081068
27087,2025,M,111,1,20.0,20.0,1.0,0.0,1839.2255428826873
27088,2025,M,120,3,9.0,10.0,1.0,0.0,1762.6820966000191
27089,2025,M,111,3,14.666666666666666,13.0,1.0,0.0,1840.1461524471988
27090,2025,M,111,1,20.0,20.0,1.0,0.0,1862.8216757458615
27091,2025,M,101,5,5.4,5.0,1.0,0.0,1909.243346718886
27092,2025,M,134,2,1.0,1.0,0.0,0.5,2027.3288222716199
27093,2025,M,111,1,20.0,20.0,1.0,0.0,2028.2883335830581
27094,2025,M,122,3,14.666666666666666,14.0,1.0,0.0,1954.513067036441
27095,2025,M,111,2,16.5,16.5,1.0,0.0,2063.7314875103157
27096,2025,M,111,2,15.5,15.5,1.0,0.0,2054.3467610672074
27097,2025,M,111,2,15.5,15.5,1.0,0.0,2054.846529169447
27098,2025,M,111,2,15.5,15.5,1.0,0.0,2284.240088097547
27099,2025,M,111,2,16.5,16.5,1.0,0.0,2491.3991569972245
27100,2025,F,111,2,8.0,8.0,1.0,0.0,1450.1162562128904
27101,2025,F,122,3,3.6666666666666665,3.0,1.0,0.0,1398.3751270066657
27102,2025,F,111,3,6.666666666666667,8.0,1.0,0.0,1612.5088257326631
27103,2025,F,111,3,6.666666666666667,8.0,1.0,0.0,1610.210523508467
27104,2025,F,111,2,8.0,8.0,1.0,0.0,1653.3636495199
27105,2025,F,120,2,7.5,7.5,1.0,0.0,1717.6492560030538
27106,2025,F,101,3,5.0,5.0,1.0,0.0,1707.7667065534085
27107,2025,F,101,4,4.75,4.5,1.0,0.0,2007.8353494539138
27108,2025,F,120,1,10.0,10.0,1.0,0.0,2152.208302849145
27109,2025,M,204,3,28.0,27.0,1.0,0.0,1610.2630050612188
27110,2025,M,171,3,11.333333333333334,16.0,0.6666666666666666,0.3333333333333333,1567.1628787253676
27111,2025,M,227,1,1.0,1.0,0.0,0.0,1616.140931372925
27112,2025,M,204,3,28.0,27.0,1.0,0.0,1637.5340611746142
27113,2025,M,208,2,9.5,9.5,1.0,0.0,1886.143098990358
27114,2025,M,196,3,8.666666666666666,9.0,1.0,0.0,1774.972399291305
27115,2025,M,171,3,18.0,18.0,1.0,0.0,1701.1304693808515
27116,2025,M,204,4,24.75,23.5,1.0,0.0,1731.2722074568596
27117,2025,M,204,5,20.0,20.0,0.8,0.0,1655.9102566918843
27118,2025,M,220,1,11.0,11.0,1.0,0.0,1808.2837896062642
27119,2025,M,196,3,10.333333333333334,11.0,1.0,0.0,1658.7483700181908
27120,2025,M,204,2,32.0,32.0,1.0,0.0,1888.6272970535913
27121,2025,M,208,1,9.0,9.0,1.0,0.0,1891.0923038216242
27122,2025,M,191,3,2.3333333333333335,2.0,0.3333333333333333,0.0,1806.0979993701537
27123,2025,M,204,2,26.0,26.0,1.0,0.0,1869.169119015831
27125,2025,M,191,1,3.0,3.0,1.0,0.0,1968.3324561346944
27126,2025,M,196,4,10.0,10.0,1.0,0.0,1856.78092422004
27128,2025,M,208,1,9.0,9.0,1.0,0.0,1995.3493231421014
27129,2025,M,171,3,18.0,18.0,1.0,0.0,1910.836059424112
27130,2025,M,204,1,37.0,37.0,1.0,0.0,2053.1149399133005
27131,2025,M,227,1,1.0,1.0,0.0,0.0,2085.4055465001247
27132,2025,M,208,1,9.0,9.0,1.0,0.0,2107.7968430384335
27133,2025,M,208,1,9.0,9.0,1.0,0.0,2151.8330595637744
27134,2025,M,188,3,18.333333333333332,17.0,1.0,0.0,2094.397560364619
27135,2025,M,220,1,11.0,11.0,1.0,0.0,2172.9378386255403
27136,2025,M,188,1,21.0,21.0,1.0,0.0,2216.846385477636
27137,2025,M,220,3,10.666666666666666,11.0,1.0,0.0,2176.406220146479
27138,2025,M,220,3,10.666666666666666,11.0,1.0,0.0,2294.189813754514
27139,2025,M,196,3,8.666666666666666,9.0,1.0,0.0,2123.7441044608986
27140,2025,M,188,1,21.0,21.0,1.0,0.0,2411.7586935459776
27141,2025,M,171,1,16.0,16.0,1.0,0.0,2412.750588699648
27142,2025,M,204,2,30.5,30.5,1.0,0.0,2459.3893024103622
27143,2025,M,196,3,10.333333333333334,11.0,1.0,0.0,2464.606875131384
27144,2025,M,188,1,21.0,21.0,1.0,0.0,2720.100595920225
27145,2025,F,204,5,9.2,10.0,1.0,0.0,1476.3693452485588
27146,2025,F,171,3,8.333333333333334,9.0,1.0,0.0,1476.0779330913208
27147,2025,F,204,5,9.2,10.0,1.0,0.0,1462.9540371435608
27148,2025,F,204,6,8.166666666666666,8.5,1.0,0.0,1456.5891099404598
27149,2025,F,208,2,11.5,11.5,1.0,0.0,1450.2264647818506
27150,2025,F,220,3,0.0,0.0,0.0,1.0,1509.369044747714
27151,2025,F,171,1,6.0,6.0,1.0,0.0,1456.7087444533877
27152,2025,F,227,1,2.0,2.0,0.0,0.0,1481.8722977573225
27153,2025,F,227,1,2.0,2.0,0.0,0.0,1482.167760222731
27154,2025,F,208,1,12.0,12.0,1.0,0.0,1486.688335943477
27155,2025,F,208,2,11.5,11.5,1.0,0.0,1651.071720308532
27156,2025,F,196,2,2.5,2.5,0.5,0.0,1537.655611226398
27157,2025,F,171,1,6.0,6.0,1.0,0.0,1568.7382625873443
27158,2025,F,204,1,7.0,7.0,1.0,0.0,1594.6700183013409
27159,2025,F,171,3,6.333333333333333,6.0,1.0,0.0,1892.6589389846624
27160,2025,F,208,1,12.0,12.0,1.0,0.0,1632.3907263851258
27161,2025,F,208,1,12.0,12.0,1.0,0.0,1645.8539660588947
27162,2025,F,188,1,12.0,12.0,1.0,0.0,1668.1515334483695
27163,2025,F,188,3,14.0,12.0,1.0,0.0,1793.3338720874267
27164,2025,F,204,1,7.0,7.0,1.0,0.0,1702.632003161511
27165,2025,F,191,4,6.25,6.0,1.0,0.0,1706.5161855326635
27166,2025,F,196,3,2.0,1.0,0.3333333333333333,0.0,2040.2859422908343
27167,2025,F,208,1,12.0,12.0,1.0,0.0,1757.2236180201064
27168,2025,F,208,1,12.0,12.0,1.0,0.0,1780.092412842704
27169,2025,F,171,3,8.333333333333334,9.0,1.0,0.0,1798.178647655049
27170,2025,F,188,5,15.8,17.0,1.0,0.0,1975.6734038426027
27171,2025,F,227,1,2.0,2.0,0.0,0.0,1795.7420747604936
27172,2025,F,191,1,8.0,8.0,1.0,0.0,1797.9383457533613
27173,2025,F,208,1,12.0,12.0,1.0,0.0,1836.043155042177
27174,2025,F,191,1,8.0,8.0,1.0,0.0,1838.8008047193207
27175,2025,M,161,4,6.0,6.0,1.0,0.0,1583.8342899001043
27176,2025,M,147,4,6.0,6.0,1.0,0.0,1698.590596519288
27177,2025,M,147,4,6.0,6.0,1.0,0.0,1639.4674995567163
27178,2025,F,147,3,7.666666666666667,5.0,1.0,0.0,1496.1152971090073
27179,2025,F,147,2,9.0,9.0,1.0,0.0,1561.0261166243927
27180,2025,F,147,2,9.0,9.0,1.0,0.0,1982.5462903813939
27181,2025,F,161,2,3.0,3.0,0.5,0.0,1754.684303870111
27182,2025,F,161,3,3.6666666666666665,4.0,0.6666666666666666,0.0,1792.9731153054754
27183,2025,M,1,3,11.666666666666666,10.0,1.0,0.0,1518.3381537456885
27185,2025,M,1,2,14.0,14.0,1.0,0.0,1666.288395901503
27186,2025,M,1,2,14.0,14.0,1.0,0.0,1647.816330442519
27188,2025,F,1,3,7.666666666666667,6.0,1.0,0.0,1566.0809251988976
27189,2025,F,1,3,7.666666666666667,6.0,1.0,0.0,1632.2652659877458
27190,2025,F,158,3,17.333333333333332,17.0,1.0,0.0,1377.7514665146145
27191,2025,F,158,3,17.333333333333332,17.0,1.0,0.0,1431.1517073511077
27192,2025,F,158,3,17.333333333333332,17.0,1.0,0.0,1515.5256418994181
27193,2025,F,158,3,17.333333333333332,17.0,1.0,0.0,1503.0448653488738
27195,2025,F,158,3,17.333333333333332,17.0,1.0,0.0,1654.9315452690407
27196,2025,F,158,3,17.333333333333332,17.0,1.0,0.0,1678.3973477173793
27197,2025,F,158,2,17.5,17.5,1.0,0.0,1762.3051570448008
27198,2025,F,158,3,17.333333333333332,17.0,1.0,0.0,1824.6506810232922
27199,2025,F,158,2,19.0,19.0,1.0,0.0,1918.3779134845795
27200,2025,F,158,1,21.0,21.0,1.0,0.0,2299.1942942271503
27201,2025,F,158,2,19.0,19.0,1.0,0.0,2182.02824769822
27202,2025,M,158,2,29.5,29.5,1.0,0.0,1714.132195737681
27203,2025,M,158,3,29.333333333333332,29.0,1.0,0.0,1734.7553488016804
27204,2025,M,158,2,29.0,29.0,1.0,0.0,1901.6345338540355
27205,2025,M,158,2,29.5,29.5,1.0,0.0,2045.527744548037
27206,2025,M,158,3,29.333333333333332,29.0,1.0,0.0,2010.6363199156378
27207,2025,M,158,1,29.0,29.0,1.0,0.0,3611.5911127624854
27208,2025,M,158,3,29.333333333333332,29.0,1.0,0.0,2270.9289263384076
27209,2025,M,158,3,29.333333333333332,29.0,1.0,0.0,2087.1477503568435
27210,2025,M,158,1,29.0,29.0,1.0,0.0,3965.8647063124786
27211,2025,M,158,2,29.5,29.5,1.0,0.0,2249.0778093241406
27212,2025,M,61,2,9.5,9.5,1.0,0.0,1599.6493429262334
27213,2025,M,61,2,14.5,14.5,1.0,0.0,1705.6084334310754
27214,2025,M,61,1,5.0,5.0,1.0,0.0,1683.5340286691892
27215,2025,M,59,4,15.75,14.0,1.0,0.0,1594.58118634493
27216,2025,M,59,4,19.25,19.5,1.0,0.0,1649.8461026918012
27217,2025,M,59,3,22.333333333333332,21.0,1.0,0.0,1656.646386928298
27218,2025,M,59,1,28.0,28.0,1.0,0.0,1763.398015777114
27219,2025,M,59,1,28.0,28.0,1.0,0.0,1827.363552706505
27220,2025,M,59,3,19.666666666666668,21.0,1.0,0.0,1862.5978523764884
27221,2025,M,59,3,22.333333333333332,21.0,1.0,0.0,1898.1536242416007
27222,2025,M,59,1,28.0,28.0,1.0,0.0,1902.7549947057257
27223,2025,M,59,1,28.0,28.0,1.0,0.0,2010.1780338237868
27224,2025,M,59,1,28.0,28.0,1.0,0.0,2073.4599695951533
27225,2025,F,59,2,5.5,5.5,1.0,0.0,1693.7786509811954
27226,2025,F,59,4,8.75,9.0,1.0,0.0,2204.404373393222
27227,2025,M,88,4,17.25,18.0,1.0,0.0,1554.7593624985627
27228,2025,F,167,3,18.0,18.0,1.0,0.0,1377.5525695848944
27229,2025,F,167,3,18.0,18.0,1.0,0.0,1435.4931908623928
27230,2025,F,167,1,18.0,18.0,1.0,0.0,1610.195085692514
27231,2025,F,164,2,16.0,16.0,1.0,0.0,1563.826420543458
27232,2025,F,167,2,20.0,20.0,1.0,0.0,1727.6283153513577
27233,2025,F,167,1,18.0,18.0,1.0,0.0,1746.9513806417413
27234,2025,F,164,2,16.0,16.0,1.0,0.0,1715.4929647119893
27235,2025,M,167,2,44.5,44.5,1.0,0.0,1570.2433568442286
27236,2025,M,167,2,42.0,42.0,1.0,0.0,1727.688082370811
27237,2025,M,164,3,22.333333333333332,22.0,1.0,0.0,1733.5822817761812
27238,2025,M,167,1,46.0,46.0,1.0,0.0,1897.8846144605377
27239,2025,M,164,1,16.0,16.0,1.0,0.0,1926.5828919306996
27240,2025,M,167,1,46.0,46.0,1.0,0.0,1986.1951227051159
27241,2025,M,167,1,46.0,46.0,1.0,0.0,2120.1907564812377
27242,2025,F,124,3,33.666666666666664,27.0,1.0,0.0,1397.9303566320204
27243,2025,F,124,3,33.666666666666664,27.0,1.0,0.0,1493.8876805290965
27244,2025,F,107,2,6.5,6.5,1.0,0.0,1438.4866371062144
27245,2025,F,124,2,37.0,37.0,1.0,0.0,1400.3559714929174
27246,2025,F,124,1,51.0,51.0,1.0,0.0,1488.8551982838906
27247,2025,F,124,3,33.666666666666664,27.0,1.0,0.0,1512.9045010385269
27248,2025,F,107,3,6.333333333333333,6.0,1.0,0.0,1511.3521075275532
27249,2025,F,104,2,4.0,4.0,1.0,0.0,1519.114075082423
27250,2025,F,107,3,6.333333333333333,6.0,1.0,0.0,1546.5720353077743
27251,2025,F,118,4,4.25,4.5,1.0,0.0,1511.546156716425
27252,2025,F,102,2,4.0,4.0,1.0,0.0,1529.170388559642
27253,2025,F,112,2,16.5,16.5,1.0,0.0,1643.5858688511398
27254,2025,F,112,1,27.0,27.0,1.0,0.0,1582.2108698936581
27255,2025,F,124,1,51.0,51.0,1.0,0.0,1591.585910911552
27256,2025,F,102,2,4.0,4.0,1.0,0.0,1512.5826420719663
27257,2025,F,228,1,4.0,4.0,1.0,0.0,1608.2636154591746
27258,2025,F,107,2,7.5,7.5,1.0,0.0,1622.401517915072
27259,2025,F,107,3,6.333333333333333,6.0,1.0,0.0,1605.077865752604
27260,2025,F,228,2,3.5,3.5,1.0,0.0,1672.1218605077906
27261,2025,F,102,2,4.0,4.0,1.0,0.0,1577.8344400024014
27262,2025,F,124,2,39.0,39.0,1.0,0.0,1652.4792991969418
27263,2025,F,228,1,4.0,4.0,1.0,0.0,1644.8756177501086
27264,2025,F,124,1,51.0,51.0,1.0,0.0,1660.0730526633267
27265,2025,F,124,2,37.0,37.0,1.0,0.0,1606.2421608858344
27266,2025,F,124,1,51.0,51.0,1.0,0.0,1661.849376224612
27267,2025,F,112,1,27.0,27.0,1.0,0.0,1680.6981429026935
27268,2025,F,107,1,9.0,9.0,1.0,0.0,1681.3889353987493
27269,2025,F,124,1,51.0,51.0,1.0,0.0,1691.060030343524
27270,2025,F,112,1,27.0,27.0,1.0,0.0,1692.2442460510476
27271,2025,F,112,1,27.0,27.0,1.0,0.0,1693.231092473984
27272,2025,F,124,1,51.0,51.0,1.0,0.0,1696.7837395965544
27273,2025,F,118,3,4.666666666666667,5.0,1.0,0.0,1776.3262749319153
27274,2025,F,124,1,51.0,51.0,1.0,0.0,1712.375913078947
27275,2025,F,104,2,4.0,4.0,1.0,0.0,1659.7027124199988
27276,2025,F,107,1,9.0,9.0,1.0,0.0,1724.612808723356
27277,2025,F,124,1,51.0,51.0,1.0,0.0,1731.422049041616
27278,2025,F,124,2,37.0,37.0,1.0,0.0,1841.3327532039484
27279,2025,F,102,2,4.0,4.0,1.0,0.0,1728.0234940444286
27280,2025,F,124,1,51.0,51.0,1.0,0.0,1759.8432260221796
27281,2025,F,228,2,3.5,3.5,1.0,0.0,1732.9562812190811
27282,2025,F,228,1,4.0,4.0,1.0,0.0,1778.1985694887935
27284,2025,F,112,1,27.0,27.0,1.0,0.0,1826.5540442126687
27285,2025,F,124,1,51.0,51.0,1.0,0.0,1855.9620676161683
27286,2025,F,127,2,1.0,1.0,0.0,0.0,1783.0209719479903
27287,2025,F,102,2,4.0,4.0,1.0,0.0,1839.1414102751235
27288,2025,F,104,1,5.0,5.0,1.0,0.0,1883.5937674583827
27289,2025,F,107,1,9.0,9.0,1.0,0.0,1903.1333266325203
27290,2025,F,124,1,51.0,51.0,1.0,0.0,1964.613858781447
27291,2025,F,118,3,3.3333333333333335,4.0,0.6666666666666666,0.0,1937.3
27292,2025,F,124,1,51.0,51.0,1.0,0.0,2063.890608928832
27294,2025,M,124,3,34.0,35.0,1.0,0.0,1506.8265312002507
27295,2025,M,107,3,12.666666666666666,12.0,1.0,0.0,1543.0873240312355
27296,2025,M,107,3,12.666666666666666,12.0,1.0,0.0,1623.6234245507276
27297,2025,M,112,1,35.0,35.0,1.0,0.0,1696.688768866952
27298,2025,M,112,2,39.0,39.0,1.0,0.0,1682.6571681354035
27299,2025,M,124,1,40.0,40.0,1.0,0.0,1701.5058353061709
27300,2025,M,124,1,40.0,40.0,1.0,0.0,1779.856895552243
27301,2025,M,107,2,13.0,13.0,1.0,0.0,1822.2270122395716
27302,2025,M,127,2,1.5,1.5,0.0,0.0,1716.4745113147048
27303,2025,M,112,1,35.0,35.0,1.0,0.0,1793.6199425214402
27304,2025,M,102,2,5.5,5.5,1.0,0.0,1759.4835807456839
27305,2025,M,104,2,3.5,3.5,1.0,0.0,1817.9265408526082
27306,2025,M,124,1,40.0,40.0,1.0,0.0,1865.875939109725
27307,2025,M,124,1,40.0,40.0,1.0,0.0,1874.723612161352
27308,2025,M,124,2,33.5,33.5,1.0,0.0,1903.6427546336695
27309,2025,M,124,1,40.0,40.0,1.0,0.0,1908.0498473224793
27310,2025,M,124,1,40.0,40.0,1.0,0.0,1912.1787614132381
27311,2025,M,107,2,13.0,13.0,1.0,0.0,1927.4908232341015
27312,2025,M,112,1,35.0,35.0,1.0,0.0,1991.5128964428247
27313,2025,M,124,2,33.5,33.5,1.0,0.0,1957.2031709985743
27314,2025,M,119,2,3.0,3.0,1.0,0.0,1988.0775107102002
27315,2025,M,118,1,8.0,8.0,1.0,0.0,2050.3007684969666
27316,2025,M,119,1,3.0,3.0,1.0,0.0,2110.9564826397855
27317,2025,M,107,2,13.0,13.0,1.0,0.0,1996.787055355849
27318,2025,M,102,2,5.5,5.5,1.0,0.0,2134.2097038051375
27319,2025,M,102,1,4.0,4.0,1.0,0.0,2245.736035459566
27320,2025,M,104,1,3.0,3.0,1.0,0.0,2312.6834282168747
27321,2025,M,102,2,5.5,5.5,1.0,0.0,2232.164251844152
27322,2025,M,118,2,6.5,6.5,1.0,0.0,2387.5921316407516
27323,2025,F,32,3,0.3333333333333333,0.0,0.0,0.6666666666666666,1391.6698943383021
27324,2025,F,60,1,5.0,5.0,1.0,0.0,2228.65091398473
27325,2025,M,60,3,5.333333333333333,5.0,0.6666666666666666,0.0,1637.8956259034535
27326,2025,M,32,3,5.666666666666667,5.0,0.6666666666666666,0.0,2105.8342085949284
27327,2025,M,32,3,5.666666666666667,5.0,0.6666666666666666,0.0,2178.769587077364
27328,2025,M,4,1,8.0,8.0,1.0,0.0,1642.062627979726
27329,2025,M,4,1,8.0,8.0,1.0,0.0,1734.8465911187186
27330,2025,M,88,4,17.5,18.5,1.0,0.0,1657.6114316532799
27331,2025,F,88,4,11.25,8.5,1.0,0.0,1381.7045218111682
27332,2025,F,75,1,13.0,13.0,1.0,0.0,1417.6097356414405
27333,2025,F,75,2,13.0,13.0,1.0,0.0,1482.9621952309321
27334,2025,F,75,3,9.333333333333334,13.0,0.6666666666666666,0.0,1450.8344032102252
27335,2025,F,68,2,2.5,2.5,0.5,0.0,1500.978335235141
27336,2025,F,75,3,9.333333333333334,13.0,0.6666666666666666,0.0,1510.571087448603
27337,2025,F,94,2,6.5,6.5,1.0,0.0,1483.8144438779957
27338,2025,F,88,4,12.0,9.5,1.0,0.0,1473.2949676256699
27339,2025,F,68,2,2.5,2.5,0.5,0.0,1509.6395598576264
27340,2025,F,79,1,11.0,11.0,1.0,0.0,1521.2492919679087
27341,2025,F,88,2,14.5,14.5,1.0,0.0,1526.7737216108044
27342,2025,F,94,2,6.5,6.5,1.0,0.0,1619.6390945367893
27343,2025,F,88,2,15.5,15.5,1.0,0.0,1577.310199670373
27344,2025,F,68,1,3.0,3.0,1.0,0.0,1580.9175972094881
27345,2025,F,88,1,21.0,21.0,1.0,0.0,1581.2100889018486
27346,2025,F,88,4,12.0,9.5,1.0,0.0,1602.648261088822
27347,2025,F,88,3,13.333333333333334,10.0,1.0,0.0,1623.4722182284074
27348,2025,F,88,4,12.0,9.5,1.0,0.0,1627.065904861638
27349,2025,F,88,4,11.75,9.5,1.0,0.0,1640.721914067915
27350,2025,F,68,1,3.0,3.0,1.0,0.0,1689.7245067676618
27351,2025,F,88,3,13.333333333333334,10.0,1.0,0.0,1778.224134788582
27352,2025,F,79,1,11.0,11.0,1.0,0.0,1710.3939196944834
27353,2025,F,75,1,13.0,13.0,1.0,0.0,1735.548205237502
27354,2025,F,88,3,13.0,10.0,1.0,0.0,1801.9608458005048
27355,2025,F,100,1,0.0,0.0,0.0,1.0,1761.2874741652422
27356,2025,F,79,1,11.0,11.0,1.0,0.0,1767.6247941663903
27357,2025,F,94,1,6.0,6.0,1.0,0.0,1827.975580023478
27359,2025,F,75,2,13.0,13.0,1.0,0.0,2013.3977892162366
27360,2025,F,94,2,6.5,6.5,1.0,0.0,2021.5238809673099
27361,2025,F,229,1,0.0,0.0,0.0,1.0,1885.4014489569583
27362,2025,F,67,1,3.0,3.0,1.0,0.0,1885.8889351108928
27363,2025,F,67,1,3.0,3.0,1.0,0.0,1886.0839295724666
27364,2025,F,90,2,0.5,0.5,0.0,0.5,1949.4395012144962
27365,2025,F,67,1,3.0,3.0,1.0,0.0,1896.9061221898119
27366,2025,F,86,3,12.333333333333334,11.0,1.0,0.0,1959.3196395996429
27367,2025,F,88,1,21.0,21.0,1.0,0.0,1977.731326512147
27368,2025,F,142,2,3.0,3.0,0.5,0.5,1969.6646526047239
27369,2025,F,88,1,21.0,21.0,1.0,0.0,2087.123219455042
27370,2025,F,86,3,11.0,11.0,1.0,0.0,2058.041744507194
27371,2025,F,90,2,1.0,1.0,0.0,0.0,2116.859874845045
27372,2025,M,75,2,22.0,22.0,1.0,0.0,1700.8930019560194
27373,2025,M,75,2,22.0,22.0,1.0,0.0,1663.5237452274896
27374,2025,M,86,4,13.5,13.5,1.0,0.0,1638.498179635533
27375,2025,M,79,3,22.666666666666668,21.0,1.0,0.0,1651.170107522716
27376,2025,M,66,2,3.5,3.5,0.5,0.5,1711.267272588933
27377,2025,M,79,3,22.666666666666668,21.0,1.0,0.0,1654.0745054372042
27378,2025,M,90,2,10.0,10.0,1.0,0.0,1644.9445987169254
27379,2025,M,142,1,2.0,2.0,0.0,0.0,1651.3829260982802
27380,2025,M,67,1,3.0,3.0,1.0,0.0,1683.4784685665275
27381,2025,M,75,3,19.333333333333332,16.0,1.0,0.0,1728.5146218482544
27382,2025,M,88,4,22.75,21.5,1.0,0.0,1651.2671034518726
27383,2025,M,88,4,19.75,18.5,1.0,0.0,1736.7802200227043
27384,2025,M,88,3,24.333333333333332,24.0,1.0,0.0,1805.827393561004
27385,2025,M,75,2,22.0,22.0,1.0,0.0,1695.28313749105
27386,2025,M,90,2,10.5,10.5,1.0,0.0,1615.4818208200375
27387,2025,M,79,3,22.666666666666668,21.0,1.0,0.0,1691.712319507142
27388,2025,M,94,1,8.0,8.0,1.0,0.0,1783.6088735123758
27389,2025,M,94,2,8.0,8.0,1.0,0.0,1825.792058847195
27390,2025,M,94,1,8.0,8.0,1.0,0.0,1798.6957003612226
27391,2025,M,88,3,24.333333333333332,24.0,1.0,0.0,1802.1297789650919
27392,2025,M,100,1,2.0,2.0,0.0,0.0,1829.445920690082
27393,2025,M,86,3,13.333333333333334,13.0,1.0,0.0,1818.8627526136452
27394,2025,M,75,3,19.333333333333332,16.0,1.0,0.0,1857.8498481567642
27395,2025,M,79,3,22.666666666666668,21.0,1.0,0.0,1847.018035386637
27396,2025,M,88,3,24.333333333333332,24.0,1.0,0.0,1904.7191228722043
27397,2025,M,67,1,3.0,3.0,1.0,0.0,1929.3841367588752
27398,2025,M,67,1,3.0,3.0,1.0,0.0,1951.4858576202428
27399,2025,M,63,3,4.333333333333333,4.0,0.6666666666666666,0.0,1930.6089945419637
27400,2025,M,63,3,4.333333333333333,4.0,0.6666666666666666,0.0,2125.2633342218487
27401,2025,M,88,1,24.0,24.0,1.0,0.0,1984.1579667196563
27402,2025,M,94,2,8.0,8.0,1.0,0.0,2083.1495644617753
27403,2025,M,79,1,21.0,21.0,1.0,0.0,2036.6255301557728
27404,2025,M,68,1,4.0,4.0,1.0,0.0,2050.559223742287
27405,2025,M,142,2,5.5,5.5,0.5,0.0,1863.74585197811
27406,2025,M,90,2,10.0,10.0,1.0,0.0,2078.426610915316
27407,2025,M,68,1,4.0,4.0,1.0,0.0,2151.5544786348846
27408,2025,M,229,1,0.0,0.0,0.0,1.0,2152.803706335745
27409,2025,M,94,1,8.0,8.0,1.0,0.0,2245.727028392017
27410,2025,M,94,2,8.0,8.0,1.0,0.0,2122.7269593307715
27411,2025,M,100,1,2.0,2.0,0.0,0.0,2462.2277983948934
27412,2025,M,100,2,4.0,4.0,0.5,0.0,2374.852570071994
27413,2025,M,86,1,12.0,12.0,1.0,0.0,2552.8448539265005
27414,2025,M,90,1,12.0,12.0,1.0,0.0,2746.4751475597873
27415,2025,M,90,1,12.0,12.0,1.0,0.0,3378.9687419490156
27416,2025,F,178,2,18.5,18.5,1.0,0.0,1442.5937464272597
27417,2025,F,178,1,21.0,21.0,1.0,0.0,1501.7251883230624
27418,2025,F,165,1,2.0,2.0,0.0,0.0,1518.3124788410917
27419,2025,F,150,3,5.666666666666667,7.0,1.0,0.0,1486.8696332162476
27420,2025,F,178,2,18.5,18.5,1.0,0.0,1458.777104820915
27421,2025,F,178,1,21.0,21.0,1.0,0.0,1527.8858851508394
27422,2025,F,150,3,6.333333333333333,7.0,1.0,0.0,1636.1495358577172
27423,2025,F,178,2,18.5,18.5,1.0,0.0,1601.3343333835192
27424,2025,F,147,1,14.0,14.0,1.0,0.0,1682.2409408745339
27425,2025,F,161,2,4.5,4.5,1.0,0.0,1690.4459215124348
27426,2025,F,147,1,14.0,14.0,1.0,0.0,1692.0028391219867
27427,2025,F,150,3,6.333333333333333,7.0,1.0,0.0,1733.3263380092274
27428,2025,F,178,2,18.5,18.5,1.0,0.0,1533.5378350574485
27429,2025,F,147,1,14.0,14.0,1.0,0.0,1728.7190844612367
27430,2025,F,147,1,14.0,14.0,1.0,0.0,1731.5960666683113
27431,2025,F,165,1,2.0,2.0,0.0,0.0,1734.869874007396
27432,2025,F,147,1,14.0,14.0,1.0,0.0,1796.1297537614812
27433,2025,F,147,1,14.0,14.0,1.0,0.0,1796.665467689695
27434,2025,F,178,1,21.0,21.0,1.0,0.0,1876.3876367105581
27435,2025,F,150,2,7.0,7.0,1.0,0.0,1746.0691791420904
27436,2025,F,178,1,21.0,21.0,1.0,0.0,1939.5324358416922
27437,2025,F,150,2,5.0,5.0,1.0,0.0,1997.0690209923323
27438,2025,F,196,1,4.0,4.0,1.0,0.0,2000.812156852378
27439,2025,F,150,2,6.0,6.0,1.0,0.0,2080.6155496118417
27440,2025,F,147,1,14.0,14.0,1.0,0.0,2106.595816418015
27441,2025,F,178,1,21.0,21.0,1.0,0.0,2400.1174459377116
27442,2025,F,178,1,21.0,21.0,1.0,0.0,4970.234778428622
27443,2025,M,196,1,11.0,11.0,1.0,0.0,1521.8754508543423
27444,2025,M,178,2,25.0,25.0,1.0,0.0,1552.4040204168248
27445,2025,M,150,4,13.5,14.5,1.0,0.0,1733.0384507834651
27446,2025,M,150,4,13.5,14.5,1.0,0.0,1694.156875115133
27447,2025,M,178,2,25.0,25.0,1.0,0.0,1604.4537879250645
27448,2025,M,178,2,25.0,25.0,1.0,0.0,1653.9295013759674
27449,2025,M,178,2,25.0,25.0,1.0,0.0,1745.8272220043734
27450,2025,M,150,3,13.0,14.0,1.0,0.0,1706.479532957726
27451,2025,M,165,1,11.0,11.0,1.0,0.0,1690.57698885762
27452,2025,M,165,1,11.0,11.0,1.0,0.0,1707.5342042069997
27453,2025,M,147,2,8.0,8.0,1.0,0.0,1722.3544151030212
27454,2025,M,178,2,25.0,25.0,1.0,0.0,1764.7934110082383
27455,2025,M,178,2,25.0,25.0,1.0,0.0,1762.0198178766896
27456,2025,M,161,1,7.0,7.0,1.0,0.0,1741.0133271605002
27457,2025,M,161,3,6.666666666666667,7.0,1.0,0.0,1900.3111770512883
27458,2025,M,178,1,21.0,21.0,1.0,0.0,1808.7234682638568
27459,2025,M,150,3,13.333333333333334,15.0,1.0,0.0,1948.9439246243523
27460,2025,M,150,3,15.0,15.0,1.0,0.0,1859.7892231427438
27461,2025,M,178,2,25.0,25.0,1.0,0.0,1728.2079217514406
27462,2025,M,178,1,21.0,21.0,1.0,0.0,1826.670019397914
27463,2025,M,165,1,11.0,11.0,1.0,0.0,1828.915811629133
27464,2025,M,165,1,11.0,11.0,1.0,0.0,1837.2262322204274
27465,2025,M,178,1,21.0,21.0,1.0,0.0,1854.895769334775
27466,2025,M,150,2,15.0,15.0,1.0,0.0,1922.6958089072848
27467,2025,M,150,2,15.5,15.5,1.0,0.0,1944.1282259085644
27468,2025,M,150,3,15.0,15.0,1.0,0.0,1974.0409335374316
27469,2025,M,178,2,25.0,25.0,1.0,0.0,1802.9253280901805
27470,2025,M,165,1,11.0,11.0,1.0,0.0,1934.715380442589
27471,2025,M,161,3,6.666666666666667,7.0,1.0,0.0,1946.054561828613
27472,2025,M,147,1,7.0,7.0,1.0,0.0,1989.900530511923
27473,2025,M,150,3,13.0,14.0,1.0,0.0,1948.440074070863
27474,2025,M,150,1,16.0,16.0,1.0,0.0,2038.0910765835845
27475,2025,M,147,3,7.0,7.0,1.0,0.0,2007.4888041294807
27476,2025,M,150,3,15.0,15.0,1.0,0.0,1860.2045400751117
27477,2025,M,196,1,11.0,11.0,1.0,0.0,2061.7263084795395
27478,2025,M,178,1,21.0,21.0,1.0,0.0,2139.7651151749337
27479,2025,M,196,1,11.0,11.0,1.0,0.0,2202.6769777226023
27480,2025,M,150,1,16.0,16.0,1.0,0.0,2217.586267997698
27481,2025,M,165,1,11.0,11.0,1.0,0.0,2257.100339237734
27482,2025,M,150,3,15.0,15.0,1.0,0.0,2509.7799992950377
27483,2025,M,161,2,7.5,7.5,1.0,0.0,2449.6197450641444
27484,2025,M,141,1,7.0,7.0,1.0,0.0,1585.538287231727
27485,2025,M,162,4,19.0,17.5,1.0,0.0,1610.0058211716512
27486,2025,M,162,3,19.666666666666668,18.0,1.0,0.0,1635.9720461889967
27487,2025,M,131,2,5.5,5.5,1.0,0.0,1690.9696021597108
27488,2025,M,141,1,7.0,7.0,1.0,0.0,1628.2677033317962
27489,2025,M,141,1,7.0,7.0,1.0,0.0,1638.0598611880619
27491,2025,M,162,2,22.0,22.0,1.0,0.0,1715.4686427805627
27492,2025,M,146,2,33.0,33.0,1.0,0.0,1791.7693962930707
27493,2025,M,131,1,6.0,6.0,1.0,0.0,1680.5914559172973
27494,2025,M,146,2,35.5,35.5,1.0,0.0,1740.2026473838816
27495,2025,M,162,2,22.0,22.0,1.0,0.0,1725.855132787501
27496,2025,M,146,2,35.5,35.5,1.0,0.0,1833.8557313744634
27497,2025,M,141,2,7.0,7.0,1.0,0.0,1770.955838600312
27498,2025,M,171,3,16.333333333333332,18.0,1.0,0.0,1755.6944292241644
27499,2025,M,162,3,20.333333333333332,18.0,1.0,0.0,1854.9871672006855
27500,2025,M,131,2,5.5,5.5,1.0,0.0,1747.1213441669117
27501,2025,M,162,3,20.333333333333332,18.0,1.0,0.0,1882.1518333726776
27502,2025,M,162,2,20.5,20.5,1.0,0.0,1943.4518992563753
27503,2025,M,141,2,7.0,7.0,1.0,0.0,1821.978819263379
27504,2025,M,171,2,15.5,15.5,1.0,0.0,1859.1280188904254
27505,2025,M,153,1,1.0,1.0,0.0,0.0,1899.085160003067
27506,2025,M,146,2,35.5,35.5,1.0,0.0,2029.2838477530968
27507,2025,M,160,2,7.5,7.5,1.0,0.0,2057.961344563917
27508,2025,M,146,3,35.0,34.0,1.0,0.0,2108.9568218895697
27509,2025,M,162,2,21.5,21.5,1.0,0.0,1647.1757833654717
27510,2025,M,131,1,6.0,6.0,1.0,0.0,2081.1797318554445
27511,2025,M,162,4,19.0,17.5,1.0,0.0,2158.192779326306
27512,2025,M,162,2,21.5,21.5,1.0,0.0,2152.83272743342
27513,2025,M,162,1,26.0,26.0,1.0,0.0,2265.6481601578253
27514,2025,M,160,2,8.5,8.5,1.0,0.0,2407.9547388111346
27515,2025,M,141,1,7.0,7.0,1.0,0.0,2483.5484001310942
27516,2025,M,131,2,5.5,5.5,1.0,0.0,2896.0260940213925
27517,2025,M,160,1,9.0,9.0,1.0,0.0,2566.831197252062
27518,2025,M,162,2,21.5,21.5,1.0,0.0,1933.0201614979048
27519,2025,F,141,1,4.0,4.0,1.0,0.0,1400.2950427531366
27520,2025,F,162,3,16.0,17.0,1.0,0.0,1461.9376264529199
27521,2025,F,141,1,4.0,4.0,1.0,0.0,1497.3932626567719
27522,2025,F,162,3,16.333333333333332,17.0,1.0,0.0,1578.7336054860205
27523,2025,F,162,1,25.0,25.0,1.0,0.0,1526.919047892775
27524,2025,F,146,2,30.0,30.0,1.0,0.0,1539.711904440359
27525,2025,F,146,2,30.0,30.0,1.0,0.0,1631.4151129649263
27526,2025,F,162,2,21.0,21.0,1.0,0.0,1564.1839714109267
27527,2025,F,162,1,25.0,25.0,1.0,0.0,1589.9338110139097
27528,2025,F,162,4,13.75,12.0,1.0,0.0,1622.899545300137
27529,2025,F,160,1,1.0,1.0,0.0,0.0,1595.2841210902325
27530,2025,F,141,1,4.0,4.0,1.0,0.0,1597.4638770472527
27531,2025,F,162,2,16.0,16.0,1.0,0.0,1880.3667741398174
27532,2025,F,141,2,2.5,2.5,0.5,0.0,1542.3520734722567
27533,2025,F,162,1,25.0,25.0,1.0,0.0,1665.5317107960257
27534,2025,F,162,1,25.0,25.0,1.0,0.0,1680.9881621276245
27535,2025,F,162,3,16.0,17.0,1.0,0.0,1730.540332221539
27536,2025,F,146,2,30.0,30.0,1.0,0.0,1753.1849472352535
27537,2025,F,162,2,21.0,21.0,1.0,0.0,1758.6378646577882
27538,2025,F,162,1,25.0,25.0,1.0,0.0,1727.2584363061937
27539,2025,F,162,2,21.0,21.0,1.0,0.0,1731.40645493616
27540,2025,F,146,2,30.0,30.0,1.0,0.0,1739.0536331347464
27541,2025,F,146,3,26.666666666666668,23.0,1.0,0.0,1749.112861319295
27542,2025,F,141,1,4.0,4.0,1.0,0.0,1763.4225692294863
27543,2025,F,162,2,21.0,21.0,1.0,0.0,1825.4875347325435
27544,2025,F,162,1,25.0,25.0,1.0,0.0,1791.7593966707514
27545,2025,F,153,1,0.0,0.0,0.0,1.0,1794.6327113413688
27546,2025,M,117,2,42.0,42.0,1.0,0.0,1623.5466569364394
27547,2025,M,108,2,11.5,11.5,1.0,0.0,1597.7586228608623
27548,2025,M,117,3,36.0,38.0,1.0,0.0,1590.3925092878303
27549,2025,M,117,1,46.0,46.0,1.0,0.0,1651.4636968501425
27550,2025,M,108,1,12.0,12.0,1.0,0.0,1675.0504658915575
27551,2025,M,117,1,46.0,46.0,1.0,0.0,1686.356520473393
27552,2025,M,62,1,13.0,13.0,1.0,0.0,1692.594343690957
27553,2025,M,108,2,11.5,11.5,1.0,0.0,1677.3217047374492
27554,2025,M,117,2,42.0,42.0,1.0,0.0,1702.210156228995
27555,2025,M,117,1,46.0,46.0,1.0,0.0,1752.8283241355623
27556,2025,M,117,1,46.0,46.0,1.0,0.0,1753.4131200622087
27557,2025,M,108,2,11.5,11.5,1.0,0.0,1657.6308415091987
27558,2025,M,108,2,11.5,11.5,1.0,0.0,1688.8163710889664
27559,2025,M,117,1,46.0,46.0,1.0,0.0,1774.465773421488
27560,2025,M,56,3,27.0,27.0,1.0,0.0,1795.340090533963
27561,2025,M,117,1,46.0,46.0,1.0,0.0,1814.4268284090092
27562,2025,M,62,1,13.0,13.0,1.0,0.0,1826.4151449052656
27563,2025,M,117,1,46.0,46.0,1.0,0.0,1840.9375770836575
27564,2025,M,117,1,46.0,46.0,1.0,0.0,1842.8868968391464
27565,2025,M,56,3,27.0,27.0,1.0,0.0,1752.2247099440133
27566,2025,M,108,2,11.5,11.5,1.0,0.0,1798.8653072021855
27567,2025,M,117,1,46.0,46.0,1.0,0.0,1881.9707579366977
27568,2025,M,56,2,28.0,28.0,1.0,0.0,1864.5281899180125
27569,2025,M,117,3,36.0,38.0,1.0,0.0,1818.122016824743
27570,2025,M,117,2,42.0,42.0,1.0,0.0,1858.83747947097
27572,2025,M,117,3,36.0,38.0,1.0,0.0,1870.1186254125705
27573,2025,M,43,2,11.5,11.5,1.0,0.0,1860.341593489694
27574,2025,M,117,2,42.0,42.0,1.0,0.0,1992.8752844917028
27575,2025,M,108,2,11.5,11.5,1.0,0.0,1897.1197161025439
27576,2025,M,108,2,11.5,11.5,1.0,0.0,1864.2349749751604
27577,2025,M,117,2,42.0,42.0,1.0,0.0,1888.623658364466
27578,2025,M,117,1,46.0,46.0,1.0,0.0,2006.1424263613367
27579,2025,M,62,1,13.0,13.0,1.0,0.0,2016.863685016525
27580,2025,M,117,1,46.0,46.0,1.0,0.0,2019.105402735337
27581,2025,M,117,2,42.0,42.0,1.0,0.0,1992.475470009911
27582,2025,M,117,2,42.0,42.0,1.0,0.0,2031.1575211232766
27583,2025,M,117,1,46.0,46.0,1.0,0.0,2065.109348964874
27584,2025,M,43,2,11.5,11.5,1.0,0.0,2032.1202210259853
27585,2025,M,117,3,36.0,38.0,1.0,0.0,1908.7251299091715
27586,2025,M,43,1,11.0,11.0,1.0,0.0,2094.251679309432
27587,2025,M,117,2,42.0,42.0,1.0,0.0,1865.934186522776
27588,2025,M,56,3,27.0,27.0,1.0,0.0,2040.1200868674243
27589,2025,M,62,1,13.0,13.0,1.0,0.0,2173.491527370053
27591,2025,M,56,1,27.0,27.0,1.0,0.0,2263.1602361225396
27592,2025,M,101,1,5.0,5.0,1.0,0.0,2280.704113921939
27593,2025,M,62,1,13.0,13.0,1.0,0.0,2297.2733318435944
27594,2025,M,62,1,13.0,13.0,1.0,0.0,2300.294777464602
27595,2025,M,43,1,11.0,11.0,1.0,0.0,2302.341563207865
27596,2025,M,62,1,13.0,13.0,1.0,0.0,2394.739319618036
27597,2025,M,56,1,27.0,27.0,1.0,0.0,2480.996718798417
27598,2025,M,62,1,13.0,13.0,1.0,0.0,2692.302980293407
27599,2025,M,62,1,13.0,13.0,1.0,0.0,2704.9735587040846
27600,2025,M,62,1,13.0,13.0,1.0,0.0,2712.8683037138144
27601,2025,F,117,3,19.333333333333332,15.0,1.0,0.0,1464.877326792771
27602,2025,F,43,2,6.0,6.0,1.0,0.0,1357.980827131215
27603,2025,F,117,1,29.0,29.0,1.0,0.0,1535.2586102917894
27604,2025,F,117,2,22.0,22.0,1.0,0.0,1485.5435654076116
27605,2025,F,43,2,6.0,6.0,1.0,0.0,1461.867155727353
27606,2025,F,117,2,21.5,21.5,1.0,0.0,1593.8226293881128
27607,2025,F,56,2,17.0,17.0,1.0,0.0,1612.960620255357
27608,2025,F,117,1,29.0,29.0,1.0,0.0,1639.478541496858
27609,2025,F,117,3,19.333333333333332,15.0,1.0,0.0,1617.4970138403953
27610,2025,F,62,1,6.0,6.0,1.0,0.0,1688.107973178621
27611,2025,F,225,1,2.0,2.0,0.0,0.0,1689.9707941503018
27612,2025,F,56,1,19.0,19.0,1.0,0.0,1693.1081768394479
27613,2025,F,117,1,29.0,29.0,1.0,0.0,1695.7553434834147
27614,2025,F,108,1,2.0,2.0,0.0,0.0,1707.8146581948195
27615,2025,F,117,1,29.0,29.0,1.0,0.0,1708.599003867106
27616,2025,F,56,1,19.0,19.0,1.0,0.0,1718.9915840249023
27617,2025,F,56,2,17.0,17.0,1.0,0.0,1739.0159698113173
27618,2025,F,117,1,29.0,29.0,1.0,0.0,1764.6797194355909
27619,2025,F,62,1,6.0,6.0,1.0,0.0,1780.8568489264999
27620,2025,F,43,2,6.0,6.0,1.0,0.0,1700.5700250280295
27621,2025,F,56,2,17.0,17.0,1.0,0.0,1816.7623309227815
27622,2025,F,43,2,6.0,6.0,1.0,0.0,1737.6882193644517
27623,2025,F,117,1,29.0,29.0,1.0,0.0,1874.390070346665
27624,2025,F,62,1,6.0,6.0,1.0,0.0,1913.6073539609902
27625,2025,F,225,1,2.0,2.0,0.0,0.0,1913.7053971700261
27626,2025,F,117,1,29.0,29.0,1.0,0.0,1926.745143971789
27627,2025,F,117,3,19.333333333333332,15.0,1.0,0.0,1779.9161849260424
27628,2025,F,62,1,6.0,6.0,1.0,0.0,2080.4768957399433
27629,2025,F,56,2,17.0,17.0,1.0,0.0,2324.0533368539786
27630,2025,F,117,1,29.0,29.0,1.0,0.0,2483.434484877133
27631,2025,F,108,1,2.0,2.0,0.0,0.0,2547.65278679559
27632,2025,F,172,2,12.0,12.0,1.0,0.0,1465.1413797104187
27633,2025,F,172,3,11.0,10.0,1.0,0.0,1418.7876470886279
27634,2025,F,173,2,4.5,4.5,1.0,0.0,1521.4134454551208
27635,2025,F,188,1,20.0,20.0,1.0,0.0,1455.0693199656337
27636,2025,F,199,3,8.333333333333334,8.0,1.0,0.0,1527.190840916397
27637,2025,F,180,3,2.3333333333333335,3.0,0.6666666666666666,0.0,1499.0872392657816
27638,2025,F,203,5,14.8,17.0,1.0,0.0,1636.6675888097375
27639,2025,F,173,1,6.0,6.0,1.0,0.0,1503.612082933628
27640,2025,F,174,1,7.0,7.0,1.0,0.0,1512.107066453027
27641,2025,F,174,4,5.0,5.5,0.75,0.0,1551.9650960300066
27642,2025,F,173,2,4.5,4.5,1.0,0.0,1556.861193878546
27643,2025,F,173,1,6.0,6.0,1.0,0.0,1563.0769675694214
27644,2025,F,188,3,16.666666666666668,18.0,1.0,0.0,1566.5445746145322
27645,2025,F,204,3,9.0,10.0,1.0,0.0,1573.7378915387824
27646,2025,F,204,2,11.0,11.0,1.0,0.0,1629.7151298648116
27647,2025,F,199,3,8.333333333333334,8.0,1.0,0.0,1591.6234886031755
27648,2025,F,199,4,7.5,7.5,1.0,0.0,1580.9499952933595
27649,2025,F,203,3,15.333333333333334,17.0,1.0,0.0,1817.9110382452823
27650,2025,F,209,1,10.0,10.0,1.0,0.0,1606.7654542406162
27651,2025,F,172,3,11.0,10.0,1.0,0.0,1576.7998831430764
27652,2025,F,173,1,6.0,6.0,1.0,0.0,1610.4061614632158
27653,2025,F,203,5,14.8,17.0,1.0,0.0,1631.869412918169
27654,2025,F,176,2,3.5,3.5,1.0,0.0,1718.8241107082279
27655,2025,F,188,3,16.666666666666668,18.0,1.0,0.0,1729.593091564208
27656,2025,F,172,1,14.0,14.0,1.0,0.0,1661.37606257961
27657,2025,F,188,1,20.0,20.0,1.0,0.0,1668.6574770248092
27658,2025,F,172,2,11.5,11.5,1.0,0.0,1695.6707412824148
27659,2025,F,180,2,2.0,2.0,0.5,0.0,1693.2664799388524
27660,2025,F,188,1,20.0,20.0,1.0,0.0,1684.4338749894075
27661,2025,F,176,2,3.5,3.5,1.0,0.0,1747.2214782297563
27662,2025,F,174,2,6.5,6.5,1.0,0.0,1712.63233762595
27665,2025,F,176,1,3.0,3.0,1.0,0.0,1711.1323946218042
27666,2025,F,203,3,17.333333333333332,17.0,1.0,0.0,1714.4781584045109
27667,2025,F,180,1,3.0,3.0,1.0,0.0,1730.549499809002
27668,2025,F,203,3,17.333333333333332,17.0,1.0,0.0,1593.2326767770778
27669,2025,F,204,2,11.0,11.0,1.0,0.0,1774.052094439752
27670,2025,F,188,3,18.333333333333332,18.0,1.0,0.0,1803.7224474019004
27671,2025,F,209,3,8.0,8.0,1.0,0.0,1849.3540793502873
27672,2025,F,209,4,7.0,7.0,1.0,0.0,1857.0899139509795
27673,2025,F,173,1,6.0,6.0,1.0,0.0,1790.0143844447955
27674,2025,F,174,1,7.0,7.0,1.0,0.0,1798.5093679641946
27675,2025,F,209,2,8.0,8.0,1.0,0.0,2187.617494623078
27676,2025,F,199,4,7.5,7.5,1.0,0.0,1836.0366932022603
27677,2025,F,188,3,18.333333333333332,18.0,1.0,0.0,1856.3065382952132
27678,2025,F,199,1,8.0,8.0,1.0,0.0,1838.5571474127898
27680,2025,F,191,2,5.5,5.5,1.0,0.0,1864.2989411659937
27681,2025,F,209,2,9.0,9.0,1.0,0.0,1948.5490217616948
27682,2025,F,174,1,7.0,7.0,1.0,0.0,1884.6727722323844
27683,2025,F,209,2,9.0,9.0,1.0,0.0,2197.270792467494
27684,2025,F,209,1,10.0,10.0,1.0,0.0,1963.5547620553755
27685,2025,F,209,2,9.0,9.0,1.0,0.0,2034.8182658529583
27686,2025,F,191,3,5.666666666666667,6.0,1.0,0.0,1775.4401311450983
27687,2025,F,191,1,5.0,5.0,1.0,0.0,2169.861504669352
27688,2025,F,191,1,5.0,5.0,1.0,0.0,2177.142919114551
27689,2025,M,172,3,15.0,14.0,1.0,0.0,1535.5030608310556
27690,2025,M,174,4,14.75,14.5,1.0,0.0,1594.7214354482082
27691,2025,M,172,3,15.0,14.0,1.0,0.0,1533.7970017465418
27692,2025,M,199,2,5.5,5.5,1.0,0.0,1656.032278918495
27693,2025,M,173,1,1.0,1.0,0.0,0.0,1594.3428169906326
27694,2025,M,204,3,23.666666666666668,24.0,1.0,0.0,1613.9773424530074
27695,2025,M,172,1,22.0,22.0,1.0,0.0,1621.264177877904
27696,2025,M,203,3,25.666666666666668,28.0,1.0,0.0,1685.5272101053574
27697,2025,M,172,1,22.0,22.0,1.0,0.0,1677.1010745329859
27698,2025,M,174,5,12.4,13.0,1.0,0.0,1721.790872535715
27699,2025,M,172,3,15.0,14.0,1.0,0.0,1637.3278504015163
27700,2025,M,174,1,10.0,10.0,1.0,0.0,1741.911758150491
27701,2025,M,174,3,15.333333333333334,16.0,1.0,0.0,1745.8363198615045
27702,2025,M,204,1,24.0,24.0,1.0,0.0,1751.8826325531843
27703,2025,M,172,1,22.0,22.0,1.0,0.0,1755.8709823142615
27704,2025,M,172,1,22.0,22.0,1.0,0.0,1760.8564195156082
27705,2025,M,173,1,1.0,1.0,0.0,0.0,1762.8505943961468
27706,2025,M,203,4,26.5,28.0,1.0,0.0,1736.6482221028696
27707,2025,M,176,1,5.0,5.0,1.0,0.0,1768.8331190377626
27708,2025,M,209,2,9.0,9.0,1.0,0.0,1719.5678798380545
27709,2025,M,203,3,25.666666666666668,28.0,1.0,0.0,1769.5885300247849
27710,2025,M,188,1,15.0,15.0,1.0,0.0,1778.8039934404558
27711,2025,M,172,2,18.0,18.0,1.0,0.0,1842.473972599029
27712,2025,M,203,3,26.0,28.0,1.0,0.0,1714.3100252325642
27713,2025,M,199,3,6.333333333333333,6.0,1.0,0.0,1817.3861875138543
27714,2025,M,172,1,22.0,22.0,1.0,0.0,1801.73700456665
27715,2025,M,204,3,23.666666666666668,24.0,1.0,0.0,1871.9282997406458
27716,2025,M,209,1,9.0,9.0,1.0,0.0,1834.6408900955373
27717,2025,M,209,3,7.333333333333333,9.0,1.0,0.0,1769.332924946565
27718,2025,M,174,4,14.75,14.5,1.0,0.0,1856.484475848472
27719,2025,M,180,2,1.0,1.0,0.0,0.0,1869.6911023215664
27720,2025,M,204,2,22.0,22.0,1.0,0.0,1881.99610898681
27721,2025,M,204,1,24.0,24.0,1.0,0.0,1917.3991476378903
27722,2025,M,172,2,18.0,18.0,1.0,0.0,1904.0417539471882
27723,2025,M,188,1,15.0,15.0,1.0,0.0,1935.346721562738
27724,2025,M,199,3,5.333333333333333,5.0,1.0,0.0,2093.713340318763
27725,2025,M,209,1,9.0,9.0,1.0,0.0,1944.3205085251618
27726,2025,M,199,1,8.0,8.0,1.0,0.0,1949.3059457265085
27727,2025,M,203,1,28.0,28.0,1.0,0.0,1982.2098312553958
27728,2025,M,199,1,8.0,8.0,1.0,0.0,1987.1952684567423
27729,2025,M,203,5,24.8,28.0,1.0,0.0,2145.518572362131
27730,2025,M,174,1,10.0,10.0,1.0,0.0,1993.1777930983583
27731,2025,M,172,1,22.0,22.0,1.0,0.0,1993.1777930983583
27732,2025,M,176,1,5.0,5.0,1.0,0.0,2028.0758535077844
27733,2025,M,176,2,5.0,5.0,1.0,0.0,2035.3591449793469
27734,2025,M,174,2,15.0,15.0,1.0,0.0,1984.8246073068535
27735,2025,M,203,5,24.8,28.0,1.0,0.0,2077.7807878224066
27736,2025,M,175,4,4.5,4.5,0.75,0.0,2095.863746177167
27738,2025,M,203,4,23.75,24.5,1.0,0.0,2112.382772998543
27739,2025,M,199,2,5.5,5.5,1.0,0.0,2270.3619989927665
27740,2025,M,203,1,28.0,28.0,1.0,0.0,2130.7758598555233
27741,2025,M,172,1,22.0,22.0,1.0,0.0,2155.703045862256
27742,2025,M,203,4,25.75,28.0,1.0,0.0,2367.890087265268
27743,2025,M,209,2,6.5,6.5,1.0,0.0,2179.9466250617197
27744,2025,M,96,4,13.5,14.0,1.0,0.0,1915.9907914160754
27745,2025,M,96,3,14.333333333333334,15.0,1.0,0.0,1801.5522721430623
27746,2025,F,96,3,15.333333333333334,15.0,1.0,0.0,1184.050847075293
27747,2025,F,96,3,13.333333333333334,14.0,1.0,0.0,1494.401460443495
27748,2025,F,96,2,14.5,14.5,1.0,0.0,1820.7475915538105
27749,2025,M,85,2,16.0,16.0,1.0,0.0,1665.552845140351
27750,2025,M,85,2,16.0,16.0,1.0,0.0,1712.023211772156
27751,2025,M,85,2,16.0,16.0,1.0,0.0,1814.2938260076476
27752,2025,M,85,3,12.666666666666666,6.0,1.0,0.0,1789.168794733688
27753,2025,M,85,1,4.0,4.0,1.0,0.0,2779.0910411738614
27754,2025,F,85,1,0.0,0.0,0.0,1.0,1404.9415757288573
27755,2025,M,37,2,15.0,15.0,1.0,0.0,1780.6358881740346
27756,2025,M,37,1,14.0,14.0,1.0,0.0,1674.3170230368949
27757,2025,M,37,2,15.0,15.0,1.0,0.0,1912.885718840757
27758,2025,M,37,2,15.0,15.0,1.0,0.0,2135.648518555496
27759,2025,M,37,2,15.0,15.0,1.0,0.0,2380.94668159446
27760,2025,F,116,2,10.0,10.0,1.0,0.0,1384.5816643959029
27761,2025,F,116,1,11.0,11.0,1.0,0.0,1550.837619531399
27762,2025,M,116,2,16.0,16.0,1.0,0.0,1714.9898452122868
27763,2025,M,116,3,16.333333333333332,17.0,1.0,0.0,1899.4089503224884
27764,2025,M,111,1,13.0,13.0,1.0,0.0,1871.5315754353496
27765,2025,M,111,1,13.0,13.0,1.0,0.0,1943.877629832598
27840,2025,M,137,1,6.0,6.0,1.0,0.0,1660.3886954963095
27841,2025,M,130,1,6.0,6.0,1.0,0.0,1715.1805440218213
27842,2025,M,138,3,8.666666666666666,8.0,1.0,0.0,1847.0460657406998
27843,2025,M,130,3,8.0,7.0,1.0,0.0,1836.6343614837888
27844,2025,M,138,1,13.0,13.0,1.0,0.0,1919.6715501259632
27845,2025,M,138,1,13.0,13.0,1.0,0.0,1935.326363990395
27846,2025,M,137,2,5.0,5.0,1.0,0.0,1906.2273604047475
27847,2025,M,137,2,5.0,5.0,1.0,0.0,2159.95183563741
27848,2025,M,138,1,13.0,13.0,1.0,0.0,2109.4861682322003
27849,2025,M,137,1,6.0,6.0,1.0,0.0,2111.4430199652543
27850,2025,M,138,1,13.0,13.0,1.0,0.0,2127.097833829686
27851,2025,M,138,1,13.0,13.0,1.0,0.0,2139.8173700945367
27852,2025,M,138,1,13.0,13.0,1.0,0.0,2270.9264362091544
27853,2025,M,138,2,10.5,10.5,1.0,0.0,1793.742032171207
27854,2025,F,137,2,7.5,7.5,1.0,0.0,1422.701687429727
27855,2025,F,138,1,22.0,22.0,1.0,0.0,1478.10306331963
27856,2025,F,137,1,10.0,10.0,1.0,0.0,1482.0341884880334
27857,2025,F,138,1,22.0,22.0,1.0,0.0,1513.4831898352595
27858,2025,F,138,3,12.666666666666666,10.0,1.0,0.0,1468.6814510019276
27859,2025,F,138,1,22.0,22.0,1.0,0.0,1646.1586642688699
27860,2025,F,138,1,22.0,22.0,1.0,0.0,1664.8315088187853
27861,2025,F,138,3,12.666666666666666,10.0,1.0,0.0,1790.5106580076008
27862,2025,F,138,1,22.0,22.0,1.0,0.0,1698.2460727502132
27863,2025,F,138,1,22.0,22.0,1.0,0.0,1708.0738856712214
27864,2025,F,138,1,22.0,22.0,1.0,0.0,1709.0566669633222
27865,2025,F,138,1,22.0,22.0,1.0,0.0,1727.7295115132376
27866,2025,F,130,3,5.333333333333333,5.0,1.0,0.0,1717.209163356271
27867,2025,F,138,2,14.0,14.0,1.0,0.0,1930.6782612210554
27868,2025,F,138,1,22.0,22.0,1.0,0.0,1781.7824825787827
27869,2025,F,138,1,22.0,22.0,1.0,0.0,1781.7824825787827
27870,2025,F,137,2,7.5,7.5,1.0,0.0,1846.290502155287
27871,2025,F,137,1,10.0,10.0,1.0,0.0,1951.8036461122242
27872,2025,F,130,1,8.0,8.0,1.0,0.0,1962.6142403253332
27873,2025,F,138,3,12.666666666666666,10.0,1.0,0.0,2066.0007327777503
27874,2025,F,137,1,10.0,10.0,1.0,0.0,2127.721497398271
27875,2025,F,130,2,6.0,6.0,1.0,0.0,2273.3173729250634
27876,2025,F,138,1,22.0,22.0,1.0,0.0,3623.5146239757155
27877,2025,M,100,2,5.5,5.5,1.0,0.0,1753.768958508818
27878,2025,M,86,1,15.0,15.0,1.0,0.0,2852.2793422756904
27879,2025,M,66,2,3.5,3.5,0.5,0.5,1645.7691209899529
27880,2025,M,88,2,24.5,24.5,1.0,0.0,1729.2186574725379
27881,2025,M,100,2,5.5,5.5,1.0,0.0,1845.665302111396
27882,2025,M,88,1,19.0,19.0,1.0,0.0,1823.1983009201501
27883,2025,M,63,1,8.0,8.0,1.0,0.0,1823.1983009201501
27884,2025,M,100,1,5.0,5.0,1.0,0.0,1980.609159918
27885,2025,M,63,2,6.0,6.0,1.0,0.0,2417.3542559918787
27887,2025,M,86,3,14.0,14.0,1.0,0.0,2273.9545822481437
27888,2025,F,66,1,6.0,6.0,1.0,0.0,1385.1031789977544
27889,2025,F,66,2,4.0,4.0,0.5,0.0,1609.6103081318063
27890,2025,F,88,2,9.0,9.0,1.0,0.0,1613.9607401790272
27891,2025,F,86,1,16.0,16.0,1.0,0.0,1522.0914054920381
27892,2025,F,66,1,6.0,6.0,1.0,0.0,1611.2424735280001
27893,2025,F,86,2,13.5,13.5,1.0,0.0,1771.844756981588
27894,2025,F,86,1,16.0,16.0,1.0,0.0,1803.6783155080648
27895,2025,F,100,1,2.0,2.0,0.0,0.0,1814.5503969758652
27896,2025,F,66,1,6.0,6.0,1.0,0.0,1849.341057672826
27897,2025,F,63,1,2.0,2.0,0.0,0.0,1868.9108043148665
27898,2025,F,66,1,6.0,6.0,1.0,0.0,1876.521261342327
27899,2025,F,86,1,16.0,16.0,1.0,0.0,1925.445627947428
27900,2025,F,86,2,13.5,13.5,1.0,0.0,1950.044003161832
27901,2025,F,90,1,1.0,1.0,0.0,0.0,2168.9802528261544
27902,2025,F,66,1,6.0,6.0,1.0,0.0,2193.9860402020945
27903,2025,F,86,1,16.0,16.0,1.0,0.0,2202.6837053763347
27904,2025,F,100,2,1.5,1.5,0.0,0.0,3010.6278049607567
27905,2025,M,130,3,8.333333333333334,7.0,1.0,0.0,1542.596156590957
27906,2025,M,161,2,6.5,6.5,1.0,0.0,1609.3283694824468
27907,2025,M,159,1,45.0,45.0,1.0,0.0,1655.8404688731323
27908,2025,M,160,2,7.0,7.0,1.0,0.0,1700.202113459353
27909,2025,M,130,2,7.0,7.0,1.0,0.0,1749.4971543616991
27910,2025,M,159,2,37.0,37.0,1.0,0.0,1805.0489483829172
27911,2025,M,159,2,28.0,28.0,1.0,0.0,1828.5482621964125
27912,2025,M,136,1,0.0,0.0,0.0,1.0,1850.7826025955162
27914,2025,M,158,1,29.0,29.0,1.0,0.0,1938.9317884491186
27915,2025,M,152,1,7.0,7.0,1.0,0.0,1959.0643268673882
27916,2025,M,152,1,7.0,7.0,1.0,0.0,1975.0224530181674
27917,2025,M,130,2,7.0,7.0,1.0,0.0,1996.7994568751453
27918,2025,M,158,2,29.5,29.5,1.0,0.0,1999.3196731392013
27919,2025,M,152,1,7.0,7.0,1.0,0.0,2004.1460332433394
27920,2025,M,138,2,6.5,6.5,1.0,0.0,2005.1872036690304
27921,2025,M,159,1,45.0,45.0,1.0,0.0,2017.5644820006103
27922,2025,M,157,1,1.0,1.0,0.0,0.0,2019.3549059102102
27923,2025,M,159,1,45.0,45.0,1.0,0.0,2104.779533640509
27924,2025,M,152,1,7.0,7.0,1.0,0.0,2108.6231067073127
27925,2025,M,159,1,45.0,45.0,1.0,0.0,2162.802891102153
27926,2025,M,159,1,45.0,45.0,1.0,0.0,2163.4159166798963
27927,2025,M,159,1,45.0,45.0,1.0,0.0,2165.1576877658654
27928,2025,M,159,1,45.0,45.0,1.0,0.0,2323.0166393171403
27929,2025,M,158,2,29.5,29.5,1.0,0.0,2420.1276752834665
27930,2025,M,160,1,8.0,8.0,1.0,0.0,2817.9131612858155
27931,2025,F,138,1,10.0,10.0,1.0,0.0,1359.520791350901
27932,2025,F,137,1,5.0,5.0,1.0,0.0,1520.4985271864837
27933,2025,F,159,2,14.0,14.0,1.0,0.0,1588.9825392159692
27934,2025,F,152,1,6.0,6.0,1.0,0.0,1612.7008709952918
27935,2025,F,157,2,0.5,0.5,0.0,0.5,1656.9906305832158
27936,2025,F,159,2,14.0,14.0,1.0,0.0,1665.0909945078495
27937,2025,F,159,2,14.0,14.0,1.0,0.0,1671.9481371107165
27938,2025,F,159,2,14.0,14.0,1.0,0.0,1703.0675208211792
27939,2025,F,159,1,17.0,17.0,1.0,0.0,1720.9971033210277
27940,2025,F,130,1,3.0,3.0,1.0,0.0,1722.0072206449627
27941,2025,F,158,1,17.0,17.0,1.0,0.0,1815.5790504410288
27942,2025,F,159,2,14.0,14.0,1.0,0.0,1853.4001740891379
27943,2025,F,160,2,1.5,1.5,0.0,0.0,1967.057798364991
27944,2025,F,152,1,6.0,6.0,1.0,0.0,2335.653494935545
27945,2025,F,158,1,17.0,17.0,1.0,0.0,2462.141551758689
27946,2025,F,4,2,9.0,9.0,1.0,0.0,1390.3957495173916
27947,2025,F,4,2,9.0,9.0,1.0,0.0,1576.0529983559866
27948,2025,F,4,2,9.0,9.0,1.0,0.0,1708.477337572691
27949,2025,M,4,2,16.0,16.0,1.0,0.0,1565.433200835145
27951,2025,M,4,1,11.0,11.0,1.0,0.0,1572.409897668947
27952,2025,M,116,2,11.5,11.5,1.0,0.0,1498.765871221749
27953,2025,M,1,2,12.5,12.5,1.0,0.0,1563.1575226022837
27954,2025,M,116,1,17.0,17.0,1.0,0.0,1724.1270000267348
27955,2025,M,116,1,17.0,17.0,1.0,0.0,1752.2597433981762
27956,2025,M,43,1,12.0,12.0,1.0,0.0,1764.1498085212006
27958,2025,M,116,3,11.666666666666666,12.0,1.0,0.0,1996.1701458772307
27959,2025,M,43,1,12.0,12.0,1.0,0.0,2032.61242339715
27960,2025,M,1,2,10.0,10.0,0.5,0.0,2107.9077034826146
27961,2025,M,1,1,18.0,18.0,1.0,0.0,2207.411822348625
27962,2025,M,1,1,18.0,18.0,1.0,0.0,2402.1019877112635
27963,2025,M,1,1,18.0,18.0,1.0,0.0,2596.5219243211063
27964,2025,M,101,1,6.0,6.0,1.0,0.0,2639.053999805821
27965,2025,F,1,1,11.0,11.0,1.0,0.0,1532.0008539888292
27966,2025,F,43,1,7.0,7.0,1.0,0.0,1601.4362219675195
27967,2025,F,116,1,8.0,8.0,1.0,0.0,1748.8324067939132
27968,2025,F,1,1,11.0,11.0,1.0,0.0,1754.2444664855059
27969,2025,F,1,2,7.5,7.5,1.0,0.0,1799.0054978057535
27970,2025,F,1,1,11.0,11.0,1.0,0.0,1923.3955794270275
27971,2025,F,43,1,7.0,7.0,1.0,0.0,1965.2372022039617
27972,2025,F,146,1,20.0,20.0,1.0,0.0,1735.4330952634211
27975,2025,F,146,2,28.5,28.5,1.0,0.0,1403.0247653363824
27976,2025,M,146,1,34.0,34.0,1.0,0.0,1634.0745143608062
27977,2025,M,146,2,36.5,36.5,1.0,0.0,1731.2481179834112
27978,2025,M,146,1,34.0,34.0,1.0,0.0,1738.2390247188505
27979,2025,M,146,2,36.5,36.5,1.0,0.0,1762.407588004226
27980,2025,M,146,1,34.0,34.0,1.0,0.0,1803.6539377433173
27981,2025,M,146,2,36.5,36.5,1.0,0.0,1894.9352056889095
27982,2025,M,146,2,36.5,36.5,1.0,0.0,1907.8184481013616
27983,2025,M,146,2,36.5,36.5,1.0,0.0,2045.139830404632
27984,2025,M,162,1,18.0,18.0,1.0,0.0,1745.1300613580693
27985,2025,M,162,2,17.5,17.5,1.0,0.0,1770.1974555094298
27986,2025,M,162,3,16.666666666666668,17.0,1.0,0.0,1816.936660540652
27987,2025,M,162,2,17.5,17.5,1.0,0.0,1926.194545805945
27988,2025,M,147,2,7.0,7.0,1.0,0.0,1760.4101860798148
27989,2025,M,61,4,18.0,17.0,1.0,0.0,1498.8824650156164
27991,2025,M,61,1,24.0,24.0,1.0,0.0,1690.1620735224612
27992,2025,M,44,2,18.0,18.0,1.0,0.0,1718.9175611510766
27994,2025,M,44,2,11.0,11.0,1.0,0.0,1732.3238357887417
27995,2025,M,61,3,19.333333333333332,18.0,1.0,0.0,1785.1717589980885
27996,2025,M,61,2,19.0,19.0,1.0,0.0,1679.149838319225
27997,2025,M,44,2,18.0,18.0,1.0,0.0,1791.8748963169212
27998,2025,M,44,2,18.0,18.0,1.0,0.0,1801.2010004126882
27999,2025,M,44,2,18.0,18.0,1.0,0.0,1823.253350722471
28000,2025,M,44,2,18.0,18.0,1.0,0.0,1827.3335212643692
28001,2025,M,44,2,18.0,18.0,1.0,0.0,1829.8593411236393
28002,2025,M,44,3,15.0,13.0,1.0,0.0,1847.7343739738596
28003,2025,M,61,1,24.0,24.0,1.0,0.0,1872.7982787312337
28004,2025,M,59,1,21.0,21.0,1.0,0.0,1876.975596190796
28005,2025,M,61,2,20.0,20.0,1.0,0.0,1885.815965698242
28006,2025,M,61,3,19.333333333333332,18.0,1.0,0.0,1899.6108280065644
28007,2025,M,44,2,18.0,18.0,1.0,0.0,1914.0857187385361
28008,2025,M,44,3,15.0,13.0,1.0,0.0,1946.5327892383925
28010,2025,M,61,2,20.0,20.0,1.0,0.0,2075.543895896504
28011,2025,M,44,2,18.0,18.0,1.0,0.0,2140.1465961432245
28012,2025,M,61,1,24.0,24.0,1.0,0.0,2140.826624566874
28013,2025,M,44,3,15.0,13.0,1.0,0.0,2215.5326042506754
28014,2025,M,44,3,15.0,13.0,1.0,0.0,2222.818623075493
28015,2025,M,59,1,21.0,21.0,1.0,0.0,2352.218317404262
28016,2025,M,61,2,20.0,20.0,1.0,0.0,4071.427319308331
28018,2025,F,61,3,12.0,9.0,1.0,0.0,1419.416989684221
28019,2025,F,61,1,20.0,20.0,1.0,0.0,1547.4652048218463
28020,2025,F,44,2,4.5,4.5,1.0,0.0,1554.1041722620914
28021,2025,F,61,4,11.0,8.5,1.0,0.0,1505.7765334800335
28022,2025,F,59,2,10.0,10.0,1.0,0.0,1567.3821071425818
28023,2025,F,61,1,20.0,20.0,1.0,0.0,1666.2831956274101
28024,2025,F,61,1,20.0,20.0,1.0,0.0,1670.090838718139
28025,2025,F,44,2,4.5,4.5,1.0,0.0,1732.5752381557404
28026,2025,F,44,1,3.0,3.0,1.0,0.0,1742.8265849384718
28027,2025,F,61,1,20.0,20.0,1.0,0.0,1779.9266971045474
28028,2025,F,61,1,20.0,20.0,1.0,0.0,1815.5623311588047
28029,2025,F,59,2,9.0,9.0,1.0,0.0,1795.463610769784
28030,2025,F,61,1,20.0,20.0,1.0,0.0,1892.6915117145938
28031,2025,F,61,1,20.0,20.0,1.0,0.0,2010.3379200307027
28032,2025,F,61,1,20.0,20.0,1.0,0.0,2033.8672016939245
28033,2025,F,61,1,20.0,20.0,1.0,0.0,2039.5298503929573
28034,2025,F,199,2,8.5,8.5,1.0,0.0,1467.0667593363341
28035,2025,F,209,1,8.0,8.0,1.0,0.0,1505.8438542967656
28036,2025,F,188,2,17.5,17.5,1.0,0.0,1534.828753560119
28037,2025,F,174,2,5.5,5.5,1.0,0.0,1546.0897786117594
28039,2025,F,188,1,17.0,17.0,1.0,0.0,1577.0331170145282
28040,2025,F,173,1,3.0,3.0,1.0,0.0,1588.1962201091978
28042,2025,F,203,4,14.25,14.0,1.0,0.0,1662.6169074069962
28043,2025,F,188,2,14.5,14.5,1.0,0.0,1682.5929866290364
28044,2025,F,174,1,5.0,5.0,1.0,0.0,1710.8924321935942
28045,2025,F,176,1,4.0,4.0,1.0,0.0,1717.942813095491
28046,2025,F,204,3,9.666666666666666,10.0,1.0,0.0,1722.1534572452347
28047,2025,F,176,1,4.0,4.0,1.0,0.0,1757.6012056686598
28048,2025,F,209,2,6.0,6.0,1.0,0.0,1851.6062843606155
28050,2025,F,209,2,6.0,6.0,1.0,0.0,1969.4063985964726
28051,2025,F,173,1,3.0,3.0,1.0,0.0,2207.94428577731
28052,2025,M,174,3,16.333333333333332,16.0,1.0,0.0,1683.2790585261168
28053,2025,M,204,1,20.0,20.0,1.0,0.0,1717.099077935561
28055,2025,M,176,1,5.0,5.0,1.0,0.0,1739.5805937279658
28056,2025,M,174,3,16.333333333333332,16.0,1.0,0.0,1750.8213516241685
28057,2025,M,174,4,13.0,14.5,1.0,0.0,1751.7010631116973
28058,2025,M,220,1,10.0,10.0,1.0,0.0,1766.7539041205248
28059,2025,M,188,2,17.0,17.0,1.0,0.0,1767.340378445544
28060,2025,M,173,1,0.0,0.0,0.0,1.0,1770.175004349804
28062,2025,M,176,1,5.0,5.0,1.0,0.0,1824.8148622974318
28063,2025,M,176,1,5.0,5.0,1.0,0.0,1829.897639780932
28064,2025,M,174,1,20.0,20.0,1.0,0.0,1831.0705884309705
28065,2025,M,174,2,18.0,18.0,1.0,0.0,1833.4164857310477
28067,2025,M,220,2,10.5,10.5,1.0,0.0,1862.1537276569916
28068,2025,M,203,2,28.5,28.5,1.0,0.0,1890.8909695829352
28069,2025,M,199,1,5.0,5.0,1.0,0.0,1894.5075612538874
28070,2025,M,204,2,23.5,23.5,1.0,0.0,1920.6056687172445
28071,2025,M,174,3,16.333333333333332,16.0,1.0,0.0,1955.1099081725445
28072,2025,M,199,2,5.5,5.5,1.0,0.0,1969.0875462521701
28075,2025,M,174,2,16.5,16.5,1.0,0.0,2102.9991837982348
28076,2025,M,174,1,20.0,20.0,1.0,0.0,2103.781149564927
28077,2025,M,175,2,6.5,6.5,1.0,0.0,2192.632009805345
28079,2025,M,139,1,6.0,6.0,1.0,0.0,2107.4745978530555
28080,2025,F,139,2,6.0,6.0,1.0,0.0,1624.3511391220452
28081,2025,M,84,2,9.0,9.0,1.0,0.0,1739.8039767555958
28082,2025,M,84,2,9.0,9.0,1.0,0.0,1841.099827307458
28083,2025,M,84,2,9.0,9.0,1.0,0.0,1873.4659602312365
28084,2025,M,84,1,11.0,11.0,1.0,0.0,2380.8142751181513
28085,2025,F,84,1,4.0,4.0,1.0,0.0,1464.4799374011568
28086,2025,F,84,2,2.5,2.5,0.5,0.0,1950.9259814128634
28243,2025,M,60,2,7.5,7.5,1.0,0.0,1663.5888731121581
28244,2025,F,60,3,4.666666666666667,5.0,1.0,0.0,1711.1639869421424
28245,2025,F,58,2,3.5,3.5,1.0,0.0,1634.661719188467
28246,2025,F,58,2,3.5,3.5,1.0,0.0,1689.7399953906893
28247,2025,F,58,1,4.0,4.0,1.0,0.0,1831.0135830174418
28248,2025,M,141,1,7.0,7.0,1.0,0.0,1767.7669023088706
28249,2025,M,141,1,7.0,7.0,1.0,0.0,1812.6113189072692
28250,2025,M,150,1,9.0,9.0,1.0,0.0,1899.6094871081623
28251,2025,M,141,1,7.0,7.0,1.0,0.0,1928.7085307675675
28253,2025,F,141,1,1.0,1.0,0.0,0.0,1632.3989783042716
28254,2025,F,150,1,3.0,3.0,1.0,0.0,1991.9889411843315
28255,2025,M,59,1,10.0,10.0,1.0,0.0,1686.1408305068726
28256,2025,F,59,2,7.0,7.0,1.0,0.0,1435.5146031621473
28257,2025,M,85,2,17.0,17.0,1.0,0.0,1588.377422474218
28258,2025,M,85,1,6.0,6.0,1.0,0.0,1990.9781426725842
28259,2025,M,85,2,17.0,17.0,1.0,0.0,2113.506490609093
28260,2025,F,85,1,1.0,1.0,0.0,0.0,1478.0288512835775
28263,2025,F,132,1,6.0,6.0,1.0,0.0,1418.8830347865692
28265,2025,F,132,2,5.0,5.0,1.0,0.0,1457.9366755600827
28266,2025,F,132,1,6.0,6.0,1.0,0.0,1473.5581318694883
28267,2025,F,164,2,26.0,26.0,1.0,0.0,1496.298226497104
28268,2025,F,164,1,28.0,28.0,1.0,0.0,1522.696510260466
28269,2025,F,132,1,6.0,6.0,1.0,0.0,1536.8349169202447
28270,2025,F,164,1,28.0,28.0,1.0,0.0,1550.0834937902466
28271,2025,F,166,2,5.0,5.0,1.0,0.0,1605.3573706519344
28272,2025,F,164,2,26.0,26.0,1.0,0.0,1559.8716214777858
28273,2025,F,132,2,5.0,5.0,1.0,0.0,1601.0015317607772
28275,2025,F,164,2,26.0,26.0,1.0,0.0,1718.0069951127145
28276,2025,F,142,1,9.0,9.0,1.0,0.0,1693.247219967583
28277,2025,F,164,2,26.0,26.0,1.0,0.0,1707.3834540158791
28278,2025,F,164,2,26.0,26.0,1.0,0.0,1746.8347473074423
28279,2025,F,130,1,4.0,4.0,1.0,0.0,1760.4788040840115
28280,2025,F,164,2,26.0,26.0,1.0,0.0,1714.1985558515848
28281,2025,F,164,2,26.0,26.0,1.0,0.0,1891.0860432278384
28282,2025,F,166,3,3.3333333333333335,4.0,0.6666666666666666,0.3333333333333333,2028.3294013197774
28283,2025,F,166,2,5.0,5.0,1.0,0.0,2020.9023225585308
28284,2025,F,166,1,6.0,6.0,1.0,0.0,2027.0322611103225
28285,2025,F,88,1,7.0,7.0,1.0,0.0,2126.594327588622
28286,2025,F,139,1,6.0,6.0,1.0,0.0,2211.523637523934
28288,2025,F,164,1,28.0,28.0,1.0,0.0,2273.416242901705
28289,2025,F,130,1,4.0,4.0,1.0,0.0,2382.469827137618
28290,2025,M,112,1,43.0,43.0,1.0,0.0,1551.3950528469597
28291,2025,M,107,2,13.0,13.0,1.0,0.0,1633.690437115664
28292,2025,M,112,1,43.0,43.0,1.0,0.0,1671.710513695861
28294,2025,M,107,1,14.0,14.0,1.0,0.0,1776.387896773987
28295,2025,M,124,2,31.0,31.0,1.0,0.0,1858.3900670844891
28296,2025,M,117,1,24.0,24.0,1.0,0.0,1866.7955338862805
28297,2025,M,124,2,31.0,31.0,1.0,0.0,1876.1783805487455
28298,2025,M,112,1,43.0,43.0,1.0,0.0,2039.400817281211
28299,2025,M,124,2,31.0,31.0,1.0,0.0,2079.5711295548895
28300,2025,M,107,1,14.0,14.0,1.0,0.0,2104.396578015995
28301,2025,M,124,2,31.0,31.0,1.0,0.0,2110.7495471103725
28302,2025,M,228,1,2.0,2.0,0.0,0.0,2124.628341131936
28303,2025,M,104,1,4.0,4.0,1.0,0.0,2165.971509238422
28304,2025,M,228,1,2.0,2.0,0.0,0.0,2247.875941562857
28305,2025,M,228,1,2.0,2.0,0.0,0.0,2252.17641294982
28307,2025,M,124,1,27.0,27.0,1.0,0.0,3403.2366748649365
28308,2025,M,167,1,38.0,38.0,1.0,0.0,1652.0458566685577
28310,2025,M,75,2,21.0,21.0,1.0,0.0,1638.2893017033268
28312,2025,M,164,2,25.5,25.5,1.0,0.0,1697.8241387169344
28313,2025,M,142,1,9.0,9.0,1.0,0.0,1710.791377408749
28314,2025,M,217,2,0.0,0.0,0.0,1.0,1714.7208436789958
28315,2025,M,75,2,21.0,21.0,1.0,0.0,1787.7563820492453
28316,2025,M,75,2,21.0,21.0,1.0,0.0,1804.6854411261572
28318,2025,M,79,2,23.5,23.5,1.0,0.0,1761.8256787510613
28319,2025,M,167,2,40.5,40.5,1.0,0.0,1811.876897210851
28321,2025,M,132,2,14.5,14.5,1.0,0.0,1939.9774976209
28322,2025,M,164,2,25.5,25.5,1.0,0.0,1988.702879371962
28323,2025,M,166,1,11.0,11.0,1.0,0.0,1991.8464523881592
28325,2025,M,142,1,9.0,9.0,1.0,0.0,2042.0453839905636
28326,2025,M,88,1,18.0,18.0,1.0,0.0,2043.0277505581253
28327,2025,M,166,2,8.5,8.5,1.0,0.0,2071.221671047147
28328,2025,M,75,2,21.0,21.0,1.0,0.0,2118.0421257084304
28329,2025,M,130,1,11.0,11.0,1.0,0.0,2252.9594860460666
28330,2025,M,132,1,15.0,15.0,1.0,0.0,2282.2340097594056
28331,2025,M,130,1,11.0,11.0,1.0,0.0,2436.367324209841
28332,2025,M,130,1,11.0,11.0,1.0,0.0,2574.881010236045
28333,2025,F,124,1,23.0,23.0,1.0,0.0,1531.048100198035
28334,2025,F,124,2,25.0,25.0,1.0,0.0,1555.2072242125666
28335,2025,F,117,2,14.5,14.5,1.0,0.0,1564.4245606839745
28336,2025,F,117,2,14.5,14.5,1.0,0.0,1661.7402289031522
28337,2025,F,228,1,3.0,3.0,1.0,0.0,1686.1904267009916
28338,2025,F,112,1,21.0,21.0,1.0,0.0,1799.5151530020883
28339,2025,F,228,1,3.0,3.0,1.0,0.0,1903.719567426213
28340,2025,F,112,1,21.0,21.0,1.0,0.0,2059.2499923069136
28341,2025,F,118,1,5.0,5.0,1.0,0.0,2292.2060435474377
28342,2025,M,122,2,15.0,15.0,1.0,0.0,1468.5088570875362
28343,2025,M,122,2,15.0,15.0,1.0,0.0,1579.9229389006696
28344,2025,M,122,2,15.0,15.0,1.0,0.0,1650.2187727153516
28345,2025,M,122,1,18.0,18.0,1.0,0.0,1655.8039211554221
28346,2025,M,122,1,18.0,18.0,1.0,0.0,1862.8395960890748
28347,2025,F,122,2,4.0,4.0,1.0,0.0,1659.4456630030634
28348,2025,F,19,2,3.5,3.5,1.0,0.0,1433.0533957370942
28349,2025,M,19,2,10.0,10.0,1.0,0.0,1585.1007673745703
28350,2025,M,19,2,12.5,12.5,1.0,0.0,1706.2621463135008
28351,2025,M,19,2,12.5,12.5,1.0,0.0,1815.7229528424193
28352,2025,M,19,2,12.5,12.5,1.0,0.0,1876.8365781761142
28353,2025,F,10,1,8.0,8.0,1.0,0.0,1475.9468005838905
28354,2025,F,10,4,8.75,8.5,1.0,0.0,1433.542926855403
28355,2025,F,10,4,8.75,8.5,1.0,0.0,1419.7381493190956
28356,2025,F,10,4,8.75,8.5,1.0,0.0,1442.1586745376374
28357,2025,F,10,4,8.75,8.5,1.0,0.0,1575.4090449412845
28358,2025,F,10,2,9.0,9.0,1.0,0.0,1550.932489025846
28359,2025,F,10,3,8.666666666666666,8.0,1.0,0.0,1594.2070398843414
28360,2025,M,10,3,11.666666666666666,13.0,1.0,0.0,1637.8115355603306
28361,2025,M,10,2,13.5,13.5,1.0,0.0,1642.5792989925003
28362,2025,M,10,2,12.0,12.0,1.0,0.0,1584.8069763019073
28363,2025,M,10,1,14.0,14.0,1.0,0.0,1670.223330917926
28364,2025,M,10,3,10.666666666666666,10.0,1.0,0.0,1652.183062299294
28365,2025,M,10,3,11.666666666666666,13.0,1.0,0.0,1993.3624989426871
28366,2025,M,10,1,14.0,14.0,1.0,0.0,2695.781065742092
28367,2025,M,56,2,27.0,27.0,1.0,0.0,1768.2976545448926
28369,2025,M,56,2,27.0,27.0,1.0,0.0,2667.55153011926
28370,2025,F,56,1,15.0,15.0,1.0,0.0,1481.634466633602
28371,2025,F,56,1,15.0,15.0,1.0,0.0,1714.7318833707552
28372,2025,M,49,2,11.0,11.0,1.0,0.0,1659.482646389306
28373,2025,M,49,2,11.0,11.0,1.0,0.0,1837.3995842523216
28374,2025,M,49,2,11.0,11.0,1.0,0.0,1901.3296236350154
28375,2025,M,49,2,11.0,11.0,1.0,0.0,1913.6483038035724
28376,2025,F,49,3,4.0,4.0,1.0,0.0,1462.7458286887945
28377,2025,F,49,3,4.0,4.0,1.0,0.0,1561.6270094446443
28378,2025,M,202,1,7.0,7.0,1.0,0.0,1679.6857474809458
28379,2025,M,202,2,8.5,8.5,1.0,0.0,1886.4523045374594
28380,2025,M,202,1,7.0,7.0,1.0,0.0,2123.8146497960497
28381,2025,M,202,2,8.5,8.5,1.0,0.0,2252.8954908593323
28382,2025,M,202,1,7.0,7.0,1.0,0.0,2183.161984435079
28383,2025,F,202,2,7.5,7.5,1.0,0.0,1710.1913693519582
28384,2025,M,164,1,22.0,22.0,1.0,0.0,1704.504231376354
28386,2025,M,130,1,11.0,11.0,1.0,0.0,1758.043209308468
28387,2025,M,132,2,14.5,14.5,1.0,0.0,1779.9499837650949
28388,2025,M,130,2,9.0,9.0,1.0,0.0,2009.0378673204896
28389,2025,F,130,1,4.0,4.0,1.0,0.0,1807.343173012228
28390,2025,M,77,2,5.0,5.0,1.0,0.0,1879.841710447629
28391,2025,M,77,1,6.0,6.0,1.0,0.0,2056.408215933132
28392,2025,M,77,1,6.0,6.0,1.0,0.0,2178.6596468465086
28393,2025,M,77,2,5.0,5.0,1.0,0.0,2123.00546324038
28394,2025,F,86,1,12.0,12.0,1.0,0.0,1534.3090418921827
28395,2025,F,86,2,11.5,11.5,1.0,0.0,1604.2193399457283
28396,2025,F,86,1,12.0,12.0,1.0,0.0,2165.2121807397402
28397,2025,F,86,1,12.0,12.0,1.0,0.0,2256.046435472096
28398,2025,F,77,1,2.0,2.0,0.0,0.0,1846.304960320709
28399,2025,F,77,2,2.0,2.0,0.0,0.0,2068.407466423807
28400,2025,M,44,2,16.0,16.0,1.0,0.0,1731.097195781909
28401,2025,M,44,1,23.0,23.0,1.0,0.0,1646.8508115881555
28402,2025,M,44,1,23.0,23.0,1.0,0.0,1673.1505524723339
28403,2025,M,44,1,23.0,23.0,1.0,0.0,1722.827840809115
28405,2025,M,44,1,23.0,23.0,1.0,0.0,1859.099461168246
28406,2025,M,44,1,23.0,23.0,1.0,0.0,1879.847034532431
28409,2025,F,44,1,6.0,6.0,1.0,0.0,1664.901627602339
28410,2025,F,44,1,6.0,6.0,1.0,0.0,1735.9762626546396
28411,2025,M,61,3,16.0,16.0,1.0,0.0,1686.0067560468706
28412,2025,M,61,1,16.0,16.0,1.0,0.0,1981.9964778518479
28413,2025,F,61,2,7.5,7.5,1.0,0.0,1652.2006673697501
28414,2025,F,61,3,8.0,8.0,1.0,0.0,1760.9794200941258
28415,2025,M,134,1,2.0,2.0,0.0,0.0,2053.631001889609
28416,2025,M,134,1,2.0,2.0,0.0,0.0,2359.8354810244036
28417,2025,F,134,1,1.0,1.0,0.0,0.0,1762.0600058442367
28418,2025,F,134,1,1.0,1.0,0.0,0.0,2267.014968935779
28419,2025,M,17,1,5.0,5.0,1.0,0.0,1646.8383123888589
28420,2025,M,17,1,5.0,5.0,1.0,0.0,1910.6733862682008
28431,2025,M,32,1,10.0,10.0,1.0,0.0,1981.522176083246
28432,2025,M,32,1,10.0,10.0,1.0,0.0,2038.414889164532
28435,2025,M,32,1,10.0,10.0,1.0,0.0,2216.890506851004
28437,2025,M,32,1,10.0,10.0,1.0,0.0,2617.449862403005
28439,2025,F,32,1,1.0,1.0,0.0,0.0,1464.6200677898705
28452,2025,M,36,1,12.0,12.0,1.0,0.0,1483.8312680794381
28453,2025,M,36,1,12.0,12.0,1.0,0.0,1602.7187480377945
28454,2025,M,36,1,12.0,12.0,1.0,0.0,1650.5625355190116
28455,2025,M,36,1,12.0,12.0,1.0,0.0,1738.2601017069167
28456,2025,M,36,1,12.0,12.0,1.0,0.0,1781.5794263880991
28457,2025,M,36,1,12.0,12.0,1.0,0.0,1801.3137854095266
28458,2025,M,36,1,12.0,12.0,1.0,0.0,2155.08827030585
28459,2025,M,36,1,12.0,12.0,1.0,0.0,2157.2061039569307
28460,2025,M,36,1,12.0,12.0,1.0,0.0,2391.034192069358
28461,2025,F,36,1,12.0,12.0,1.0,0.0,1335.9853476193064
28462,2025,F,36,1,12.0,12.0,1.0,0.0,1495.7470761537834
28463,2025,F,36,1,12.0,12.0,1.0,0.0,1655.2729940188372
28464,2025,F,36,1,12.0,12.0,1.0,0.0,1812.6766158590785
28465,2025,F,36,1,12.0,12.0,1.0,0.0,1845.2184882395327
28466,2025,F,36,1,12.0,12.0,1.0,0.0,1868.563744512467
28467,2025,F,36,1,12.0,12.0,1.0,0.0,1872.808336562092
28468,2025,F,36,1,12.0,12.0,1.0,0.0,1927.9880332072103
28469,2025,F,36,1,12.0,12.0,1.0,0.0,1948.8572774511974
28470,2025,F,36,1,12.0,12.0,1.0,0.0,2041.4129651999533
28471,2025,F,230,2,5.5,5.5,1.0,0.0,1409.7281591592575
28472,2025,F,230,2,5.5,5.5,1.0,0.0,1436.8068488512304
28473,2025,F,171,2,9.5,9.5,1.0,0.0,1382.8889272980168
28474,2025,F,203,1,17.0,17.0,1.0,0.0,1717.8504460770876
28475,2025,F,172,1,10.0,10.0,1.0,0.0,1733.8047986692156
28476,2025,F,172,2,9.5,9.5,1.0,0.0,1682.7899054709421
28477,2025,F,172,1,10.0,10.0,1.0,0.0,1762.9559614301406
28478,2025,F,171,1,10.0,10.0,1.0,0.0,1818.894679160565
28479,2025,F,230,1,3.0,3.0,1.0,0.0,1838.098992465904
28480,2025,F,171,2,9.5,9.5,1.0,0.0,1630.3486405405777
28481,2025,F,171,2,9.5,9.5,1.0,0.0,1730.861064990443
28482,2025,F,171,2,9.5,9.5,1.0,0.0,1723.4578270569707
28483,2025,F,209,2,5.0,5.0,1.0,0.0,2044.840168128502
28484,2025,F,174,1,4.0,4.0,1.0,0.0,2200.7158211338988
28485,2025,F,230,1,3.0,3.0,1.0,0.0,2281.373937016324
28486,2025,M,196,2,11.5,11.5,1.0,0.0,1662.5495893819325
28487,2025,M,230,2,5.0,5.0,1.0,0.0,1647.1451728527543
28488,2025,M,172,2,11.5,11.5,1.0,0.0,1702.2778190575716
28489,2025,M,230,2,5.0,5.0,1.0,0.0,1693.54798456079
28490,2025,M,209,1,4.0,4.0,1.0,0.0,1850.9297601736096
28491,2025,M,230,2,5.0,5.0,1.0,0.0,1882.481556978565
28493,2025,M,196,2,11.5,11.5,1.0,0.0,1831.3796000728332
28494,2025,M,230,2,5.0,5.0,1.0,0.0,1823.9966543269838
28495,2025,M,171,1,20.0,20.0,1.0,0.0,2126.1146852946767
28496,2025,M,171,1,20.0,20.0,1.0,0.0,2165.6243658576436
28497,2025,M,196,1,9.0,9.0,1.0,0.0,2412.8561919804115
28498,2025,M,196,1,9.0,9.0,1.0,0.0,2840.8448066787546
28499,2025,M,226,1,2.0,2.0,0.0,0.0,1991.0140696756532
28500,2025,F,226,1,1.0,1.0,0.0,0.0,1570.7877602819701
28501,2025,F,226,2,1.0,1.0,0.0,0.0,1540.0141799434327
28502,2025,F,96,1,15.0,15.0,1.0,0.0,1548.3837052556241
28503,2025,F,212,1,4.0,4.0,1.0,0.0,1483.7460851188218
28504,2025,F,212,1,4.0,4.0,1.0,0.0,1485.6755338640999
28505,2025,F,212,1,4.0,4.0,1.0,0.0,1570.9330502960738
28506,2025,F,212,1,4.0,4.0,1.0,0.0,1609.0396630153152
28507,2025,F,212,1,4.0,4.0,1.0,0.0,2128.302556588271
28508,2025,M,212,1,3.0,3.0,1.0,0.0,1534.5106972151798
28509,2025,M,212,1,3.0,3.0,1.0,0.0,1631.6993468354324
28510,2025,M,212,1,3.0,3.0,1.0,0.0,1862.8319865541366
28511,2025,F,76,3,3.0,2.0,0.3333333333333333,0.0,1747.411479600654
28512,2025,F,142,2,3.5,3.5,0.5,0.0,1772.6019755674772
28513,2025,F,142,1,1.0,1.0,0.0,0.0,1803.9373080008434
28514,2025,F,66,1,0.0,0.0,0.0,1.0,1994.5161330237727
28515,2025,F,76,2,3.5,3.5,0.5,0.0,2238.2316813432826
28516,2025,M,76,3,8.0,9.0,1.0,0.0,1633.17405651653
28517,2025,M,76,3,8.0,9.0,1.0,0.0,1681.5582768212266
28518,2025,M,76,2,7.5,7.5,1.0,0.0,1690.5500345769667
28519,2025,M,76,3,8.0,9.0,1.0,0.0,1739.3425185228425
28520,2025,M,139,1,16.0,16.0,1.0,0.0,1835.862017887613
28522,2025,M,164,1,4.0,4.0,1.0,0.0,1954.1688549816847
28523,2025,M,139,1,16.0,16.0,1.0,0.0,2270.065336756984
28524,2025,M,139,1,16.0,16.0,1.0,0.0,2534.132251402021
28525,2025,M,139,1,16.0,16.0,1.0,0.0,3208.3945912851023
28526,2025,F,150,2,6.0,6.0,1.0,0.0,1709.428292392473
28527,2025,F,150,2,6.0,6.0,1.0,0.0,1757.8879431188632
28528,2025,M,150,1,15.0,15.0,1.0,0.0,1715.4072581546156
28531,2025,F,61,2,8.0,8.0,1.0,0.0,1565.800888431323
28532,2025,F,61,1,9.0,9.0,1.0,0.0,1837.997425205466
28533,2025,F,49,1,5.0,5.0,1.0,0.0,1573.850512191347
28534,2025,F,49,1,5.0,5.0,1.0,0.0,1743.2901234362955
28535,2025,F,59,1,8.0,8.0,1.0,0.0,1975.834809836987
28536,2025,M,61,2,16.0,16.0,1.0,0.0,1680.1435945116375
28537,2025,F,60,1,5.0,5.0,1.0,0.0,1916.61645904637
28541,2025,F,36,1,0.0,0.0,0.0,1.0,1667.917997608883
28542,2025,M,76,2,9.0,9.0,1.0,0.0,1939.6902113088383
28543,2025,M,76,2,9.0,9.0,1.0,0.0,1941.9779219949078
28544,2025,M,76,1,9.0,9.0,1.0,0.0,2379.7911141514237
28545,2025,F,76,2,4.0,4.0,0.5,0.0,1672.0226567272448
28546,2025,F,76,2,4.0,4.0,0.5,0.0,2120.5928312544806
28683,2025,M,4,1,25.0,25.0,1.0,0.0,1621.1163864073333
28684,2025,M,4,1,25.0,25.0,1.0,0.0,1628.4535492571279
28685,2025,M,4,2,23.0,23.0,1.0,0.0,1648.184568272116
28686,2025,M,4,1,25.0,25.0,1.0,0.0,1670.6918110681079
28687,2025,M,4,1,25.0,25.0,1.0,0.0,1903.8946086723922
28688,2025,M,4,1,25.0,25.0,1.0,0.0,1950.098904456234
28689,2025,M,4,1,25.0,25.0,1.0,0.0,2116.0774262205077
28690,2025,M,15,2,13.5,13.5,1.0,0.0,1517.0079946197063
28691,2025,M,15,2,13.5,13.5,1.0,0.0,1632.320432380668
28692,2025,M,15,1,13.0,13.0,1.0,0.0,1699.7430099193218
28693,2025,M,15,1,13.0,13.0,1.0,0.0,1862.0529502586983
28694,2025,M,15,2,13.5,13.5,1.0,0.0,2168.726527210251
28695,2025,M,11,2,11.0,11.0,1.0,0.0,1555.577675005789
28696,2025,M,11,2,11.0,11.0,1.0,0.0,1577.589163555173
28697,2025,M,11,1,11.0,11.0,1.0,0.0,1616.952050735828
28698,2025,M,11,2,11.0,11.0,1.0,0.0,1636.1873155042088
28699,2025,M,11,2,11.0,11.0,1.0,0.0,1840.8346685038866
28700,2025,M,11,1,11.0,11.0,1.0,0.0,1996.0057476921115
28701,2025,M,11,2,11.0,11.0,1.0,0.0,2113.896107535434
28702,2025,F,4,2,9.5,9.5,1.0,0.0,1539.4436761501079
28703,2025,F,4,1,14.0,14.0,1.0,0.0,1539.7399699223827
28704,2025,F,4,1,14.0,14.0,1.0,0.0,1552.381837539449
28705,2025,F,4,1,14.0,14.0,1.0,0.0,1568.6779950145738
28706,2025,F,4,1,14.0,14.0,1.0,0.0,1613.5171192188561
28707,2025,F,4,1,14.0,14.0,1.0,0.0,1774.5034021549359
28708,2025,F,15,2,7.0,7.0,1.0,0.0,1393.3708464185358
28709,2025,F,15,2,7.0,7.0,1.0,0.0,1512.974765826875
28710,2025,F,15,1,8.0,8.0,1.0,0.0,1670.6030526771715
28711,2025,F,11,2,5.5,5.5,1.0,0.0,1300.630895696463
28712,2025,F,11,2,5.5,5.5,1.0,0.0,1394.6547860983942
28713,2025,F,11,1,3.0,3.0,1.0,0.0,1693.9114960961376
28714,2025,F,94,1,7.0,7.0,1.0,0.0,1359.1383947069555
28715,2025,F,88,1,8.0,8.0,1.0,0.0,1409.4012451477406
28716,2025,F,85,1,14.0,14.0,1.0,0.0,1413.8309561388744
28717,2025,F,75,1,13.0,13.0,1.0,0.0,1465.3424499462878
28718,2025,F,98,1,5.0,5.0,1.0,0.0,1474.9054725557826
28719,2025,F,98,1,5.0,5.0,1.0,0.0,1477.0162744374638
28720,2025,F,85,1,14.0,14.0,1.0,0.0,1479.5928401146334
28721,2025,F,85,1,14.0,14.0,1.0,0.0,1529.1619997961807
28722,2025,F,83,1,1.0,1.0,0.0,0.0,1537.6745763988295
28723,2025,F,98,1,5.0,5.0,1.0,0.0,1590.167147137165
28724,2025,F,98,1,5.0,5.0,1.0,0.0,1600.6418776016583
28725,2025,F,98,1,5.0,5.0,1.0,0.0,1662.8163893653582
28726,2025,F,99,1,1.0,1.0,0.0,0.0,1711.8801457794607
28727,2025,F,98,1,5.0,5.0,1.0,0.0,1724.8620728451997
28728,2025,F,99,1,1.0,1.0,0.0,0.0,1736.2088716927349
28729,2025,F,76,1,6.0,6.0,1.0,0.0,1780.54562107603
28730,2025,F,85,1,14.0,14.0,1.0,0.0,1820.3832903922673
28731,2025,F,83,1,1.0,1.0,0.0,0.0,1836.0309719470781
28732,2025,F,85,1,14.0,14.0,1.0,0.0,1905.7865327224497
28733,2025,F,76,1,6.0,6.0,1.0,0.0,2078.1885061290627
28734,2025,F,86,1,11.0,11.0,1.0,0.0,2127.0342454474044
28735,2025,F,100,1,1.0,1.0,0.0,0.0,2358.6575899569607
28736,2025,F,68,1,2.0,2.0,0.0,0.0,2359.66839649185
28737,2025,F,85,1,14.0,14.0,1.0,0.0,2557.885576010104
28738,2025,M,85,1,28.0,28.0,1.0,0.0,1516.3543221358407
28739,2025,M,66,1,7.0,7.0,1.0,0.0,1573.0796005821555
28740,2025,M,66,1,7.0,7.0,1.0,0.0,1612.1497204729367
28741,2025,M,90,1,9.0,9.0,1.0,0.0,1686.380958951781
28742,2025,M,79,1,30.0,30.0,1.0,0.0,1693.0650527823827
28743,2025,M,85,1,28.0,28.0,1.0,0.0,1698.4361996105451
28744,2025,M,85,1,28.0,28.0,1.0,0.0,1730.2751644197076
28745,2025,M,98,1,4.0,4.0,1.0,0.0,1761.477548864051
28746,2025,M,63,1,4.0,4.0,1.0,0.0,1817.3573690133403
28747,2025,M,96,1,15.0,15.0,1.0,0.0,1854.5376409460644
28748,2025,M,86,1,14.0,14.0,1.0,0.0,1884.2977730013638
28749,2025,M,79,1,30.0,30.0,1.0,0.0,1927.50566526347
28750,2025,M,98,1,4.0,4.0,1.0,0.0,1934.2295453668733
28751,2025,M,99,1,5.0,5.0,1.0,0.0,1953.5159411072564
28752,2025,M,98,1,4.0,4.0,1.0,0.0,1965.282731288212
28753,2025,M,66,1,7.0,7.0,1.0,0.0,1967.9384649976926
28754,2025,M,83,1,2.0,2.0,0.0,0.0,1974.1550701228805
28755,2025,M,94,1,8.0,8.0,1.0,0.0,1987.075662215071
28756,2025,M,85,1,28.0,28.0,1.0,0.0,1995.2716344121188
28757,2025,M,83,1,2.0,2.0,0.0,0.0,2038.31043501482
28758,2025,M,94,1,8.0,8.0,1.0,0.0,2094.5483316193204
28759,2025,M,85,1,28.0,28.0,1.0,0.0,2128.3666635003424
28760,2025,M,88,1,18.0,18.0,1.0,0.0,2164.6915305678403
28761,2025,M,98,1,4.0,4.0,1.0,0.0,2237.1821196116316
28762,2025,M,79,1,30.0,30.0,1.0,0.0,2258.5473481058775
28763,2025,M,66,1,7.0,7.0,1.0,0.0,2279.196423689702
28764,2025,M,83,1,2.0,2.0,0.0,0.0,2359.6243741573335
28765,2025,M,85,1,28.0,28.0,1.0,0.0,2400.7534336655767
28766,2025,M,98,1,4.0,4.0,1.0,0.0,2409.327375454236
28767,2025,M,85,1,28.0,28.0,1.0,0.0,2426.932801168768
28768,2025,M,99,1,5.0,5.0,1.0,0.0,2638.227749447756
28769,2025,M,40,1,7.0,7.0,1.0,0.0,1868.555516390978
28770,2025,M,40,1,7.0,7.0,1.0,0.0,1881.127888357173
28771,2025,F,40,1,10.0,10.0,1.0,0.0,1474.4340880309776
28772,2025,F,40,1,10.0,10.0,1.0,0.0,1593.4718493920172
28773,2025,F,40,1,10.0,10.0,1.0,0.0,1632.0885517790232
28774,2025,F,40,1,10.0,10.0,1.0,0.0,1658.233077040042
28775,2025,F,10,2,9.5,9.5,1.0,0.0,1356.8823537282497
28777,2025,F,10,1,10.0,10.0,1.0,0.0,1518.8192476647907
28778,2025,F,10,2,9.5,9.5,1.0,0.0,1526.8475580050547
28779,2025,F,10,3,9.0,9.0,1.0,0.0,1565.0309852331386
28780,2025,M,10,1,10.0,10.0,1.0,0.0,1743.5520858974949
28781,2025,M,10,1,10.0,10.0,1.0,0.0,1787.6207467969484
28782,2025,M,10,1,10.0,10.0,1.0,0.0,1857.9347435209656
28783,2025,F,19,2,6.0,6.0,1.0,0.0,1509.5181564169243
28784,2025,M,19,2,12.5,12.5,1.0,0.0,1537.8983350333779
28785,2025,M,19,1,10.0,10.0,1.0,0.0,1568.4526065903322
28786,2025,M,19,2,12.5,12.5,1.0,0.0,1588.9200513191897
28787,2025,M,19,2,12.5,12.5,1.0,0.0,1716.2295161398338
28788,2025,M,19,1,10.0,10.0,1.0,0.0,1727.0997858283654
28789,2025,M,19,1,10.0,10.0,1.0,0.0,1848.3375684806404
28790,2025,F,231,1,11.0,11.0,1.0,0.0,1467.919005690421
28791,2025,F,231,1,11.0,11.0,1.0,0.0,1617.3983966213448
28792,2025,F,231,1,11.0,11.0,1.0,0.0,1617.5945638010442
28793,2025,F,231,1,11.0,11.0,1.0,0.0,1636.0342786927852
28794,2025,F,231,1,11.0,11.0,1.0,0.0,1642.2135448533156
28795,2025,F,231,1,11.0,11.0,1.0,0.0,1703.0253705601217
28796,2025,F,231,1,11.0,11.0,1.0,0.0,1752.851834203763
28797,2025,F,231,1,11.0,11.0,1.0,0.0,1760.3061870323393
28798,2025,F,231,1,11.0,11.0,1.0,0.0,1761.4831901105356
28799,2025,F,231,1,11.0,11.0,1.0,0.0,1910.374079502361
28800,2025,F,231,1,11.0,11.0,1.0,0.0,1924.4000328508662
28801,2025,F,231,1,11.0,11.0,1.0,0.0,1941.466577484712
28802,2025,M,231,1,6.0,6.0,1.0,0.0,1713.440957128544
28803,2025,M,231,1,6.0,6.0,1.0,0.0,1756.662537197142
28804,2025,M,231,1,6.0,6.0,1.0,0.0,1928.2718562422356
28805,2025,M,231,1,6.0,6.0,1.0,0.0,2054.8914396704704
28806,2025,M,231,1,6.0,6.0,1.0,0.0,2254.791247487737
28807,2025,M,231,1,6.0,6.0,1.0,0.0,2375.3205173608503
28808,2025,M,231,1,6.0,6.0,1.0,0.0,2377.3833655004883
28809,2025,F,162,1,17.0,17.0,1.0,0.0,1445.7224237049265
28810,2025,F,162,1,17.0,17.0,1.0,0.0,1787.048974439559
28811,2025,M,202,1,10.0,10.0,1.0,0.0,1874.6315565915927
28812,2025,M,202,1,10.0,10.0,1.0,0.0,2164.587550322562
28813,2025,F,202,1,10.0,10.0,1.0,0.0,1473.9396266906492
28814,2025,F,202,1,10.0,10.0,1.0,0.0,1597.4541205474075
28815,2025,F,202,1,10.0,10.0,1.0,0.0,1775.460302870383
28816,2025,F,202,1,10.0,10.0,1.0,0.0,1947.2907605005198
28817,2025,M,60,1,10.0,10.0,1.0,0.0,1696.9666303307722
28818,2025,M,45,1,0.0,0.0,0.0,1.0,1728.8778780055102
28819,2025,M,60,1,10.0,10.0,1.0,0.0,1749.487225462112
28820,2025,M,59,1,18.0,18.0,1.0,0.0,1772.6874064462277
28821,2025,M,60,1,10.0,10.0,1.0,0.0,1796.327540293506
28822,2025,M,37,1,16.0,16.0,1.0,0.0,1805.683871183434
28823,2025,M,49,1,13.0,13.0,1.0,0.0,1826.1367909553553
28824,2025,M,37,1,16.0,16.0,1.0,0.0,1827.4273193539661
28825,2025,M,61,1,18.0,18.0,1.0,0.0,1836.6956596712614
28826,2025,M,61,1,18.0,18.0,1.0,0.0,1846.5994874575695
28827,2025,M,49,1,13.0,13.0,1.0,0.0,2089.2188263963867
28828,2025,M,44,1,9.0,9.0,1.0,0.0,2129.753150189115
28829,2025,M,37,1,16.0,16.0,1.0,0.0,2183.8380221672555
28830,2025,M,60,1,10.0,10.0,1.0,0.0,2478.9290725859505
28831,2025,M,37,1,16.0,16.0,1.0,0.0,2570.82056060521
28832,2025,F,45,2,1.5,1.5,0.0,0.0,1580.9405070154146
28833,2025,F,61,1,7.0,7.0,1.0,0.0,1610.9648661762405
28835,2025,F,45,1,2.0,2.0,0.0,0.0,1866.2452923549931
28836,2025,F,49,1,4.0,4.0,1.0,0.0,1920.8643856084605
28838,2025,F,188,1,12.0,12.0,1.0,0.0,1529.279196659735
28839,2025,F,180,1,3.0,3.0,1.0,0.0,1533.475298198881
28840,2025,F,206,1,4.0,4.0,1.0,0.0,1590.2225761568563
28841,2025,F,206,1,4.0,4.0,1.0,0.0,1716.2055295107418
28842,2025,F,206,1,4.0,4.0,1.0,0.0,1830.799064401231
28843,2025,F,186,1,2.0,2.0,0.0,0.0,1854.3771587640515
28844,2025,F,206,1,4.0,4.0,1.0,0.0,2101.147892137642
28845,2025,F,186,1,2.0,2.0,0.0,0.0,2226.9310311325207
28846,2025,M,203,2,23.5,23.5,1.0,0.0,1755.356244721004
28847,2025,M,204,2,21.0,21.0,1.0,0.0,1785.633067294606
28848,2025,M,180,1,2.0,2.0,0.0,0.0,1807.6162388001917
28849,2025,M,188,1,11.0,11.0,1.0,0.0,1822.904535347258
28850,2025,M,190,1,2.0,2.0,0.0,0.0,1892.65114312407
28851,2025,M,186,1,3.0,3.0,1.0,0.0,1953.6044822986482
28853,2025,M,188,1,11.0,11.0,1.0,0.0,2103.289895550317
28854,2025,M,206,1,0.0,0.0,0.0,1.0,2221.099710118887
28855,2025,M,186,1,3.0,3.0,1.0,0.0,2297.541192854218
28856,2025,M,186,1,3.0,3.0,1.0,0.0,2445.228135969015
28857,2025,F,101,1,4.0,4.0,1.0,0.0,2533.4690237221457
28858,2025,F,17,1,0.0,0.0,0.0,1.0,1303.4191752606923
28859,2025,F,10,2,8.5,8.5,1.0,0.0,1607.7759406920784
28860,2025,M,10,2,10.5,10.5,1.0,0.0,1602.9477385121363
28861,2025,M,10,2,10.5,10.5,1.0,0.0,2274.9524071585174
28862,2025,F,146,1,37.0,37.0,1.0,0.0,1365.6261413724096
28863,2025,F,146,1,37.0,37.0,1.0,0.0,1529.4892516868003
28864,2025,F,146,1,37.0,37.0,1.0,0.0,1625.5020099015937
28865,2025,F,146,1,37.0,37.0,1.0,0.0,1644.2435399497838
28866,2025,F,156,1,3.0,3.0,1.0,0.0,1653.7646381026077
28868,2025,F,164,1,24.0,24.0,1.0,0.0,1682.6285988185373
28869,2025,F,146,1,37.0,37.0,1.0,0.0,1696.4592466615866
28870,2025,F,164,1,24.0,24.0,1.0,0.0,1697.3612454339593
28871,2025,F,146,1,37.0,37.0,1.0,0.0,1711.693003706105
28872,2025,F,169,1,13.0,13.0,1.0,0.0,1715.200776709777
28873,2025,F,146,1,37.0,37.0,1.0,0.0,1728.430092037911
28874,2025,F,146,1,37.0,37.0,1.0,0.0,1732.0380871274024
28875,2025,F,146,1,37.0,37.0,1.0,0.0,1736.447858903447
28876,2025,F,169,1,13.0,13.0,1.0,0.0,1807.7057619208979
28877,2025,F,146,1,37.0,37.0,1.0,0.0,1838.4739422673922
28878,2025,F,156,1,3.0,3.0,1.0,0.0,1883.9747692293085
28879,2025,F,132,1,4.0,4.0,1.0,0.0,1958.640223164612
28880,2025,F,160,1,2.0,2.0,0.0,0.0,2029.6976820104244
28881,2025,F,130,1,5.0,5.0,1.0,0.0,2562.2778460536492
28882,2025,F,156,1,3.0,3.0,1.0,0.0,2606.375563814097
29191,2025,M,162,1,15.0,15.0,1.0,0.0,1559.0130084427883
29192,2025,M,132,1,14.0,14.0,1.0,0.0,1646.7501053290398
29193,2025,M,159,1,29.0,29.0,1.0,0.0,1652.36527952976
29194,2025,M,146,1,39.0,39.0,1.0,0.0,1713.129486058981
29196,2025,M,146,1,39.0,39.0,1.0,0.0,1718.9452021954412
29197,2025,M,147,1,9.0,9.0,1.0,0.0,1735.6904538297315
29200,2025,M,164,1,29.0,29.0,1.0,0.0,1766.273099030082
29201,2025,M,132,1,14.0,14.0,1.0,0.0,1780.9126603391023
29202,2025,M,146,1,39.0,39.0,1.0,0.0,1790.9397571261024
29204,2025,M,142,1,5.0,5.0,1.0,0.0,1827.0373055593031
29205,2025,M,142,1,5.0,5.0,1.0,0.0,1844.5847249365534
29206,2025,M,130,1,7.0,7.0,1.0,0.0,1846.4898733260834
29208,2025,M,146,1,39.0,39.0,1.0,0.0,1906.3516411444746
29209,2025,M,156,1,4.0,4.0,1.0,0.0,1953.6795379791154
29210,2025,M,146,1,39.0,39.0,1.0,0.0,1954.5819766899453
29211,2025,M,158,1,30.0,30.0,1.0,0.0,1978.045383171526
29213,2025,M,139,1,5.0,5.0,1.0,0.0,2001.5087896531063
29215,2025,M,146,1,39.0,39.0,1.0,0.0,2051.6442735881074
29216,2025,M,138,1,5.0,5.0,1.0,0.0,2141.8881446711084
29217,2025,M,156,1,4.0,4.0,1.0,0.0,2175.17810600395
29218,2025,M,164,1,29.0,29.0,1.0,0.0,2275.4490738739514
29219,2025,M,159,1,29.0,29.0,1.0,0.0,2288.8853835685313
29220,2025,M,168,1,1.0,1.0,0.0,0.0,2343.031706218332
29221,2025,M,157,1,1.0,1.0,0.0,0.0,2386.649577241783
29223,2025,M,160,1,6.0,6.0,1.0,0.0,2538.359551629096
29224,2025,M,17,1,18.0,18.0,1.0,0.0,1598.7081179913698
29225,2025,M,17,1,18.0,18.0,1.0,0.0,1610.5425048524473
29226,2025,M,17,1,18.0,18.0,1.0,0.0,1627.3776174746874
29227,2025,M,4,1,21.0,21.0,1.0,0.0,1649.4624959856376
29229,2025,M,15,1,14.0,14.0,1.0,0.0,1654.1544119886403
29230,2025,M,4,1,21.0,21.0,1.0,0.0,1702.4781583380402
29231,2025,M,17,1,18.0,18.0,1.0,0.0,1731.7154693121672
29232,2025,M,16,1,7.0,7.0,1.0,0.0,1772.0101619494214
29233,2025,M,11,1,11.0,11.0,1.0,0.0,1783.7349711543782
29234,2025,M,11,1,11.0,11.0,1.0,0.0,1833.2043020904985
29235,2025,M,11,1,11.0,11.0,1.0,0.0,1899.369283177432
29236,2025,M,17,1,18.0,18.0,1.0,0.0,1970.4154507643045
29237,2025,M,226,1,3.0,3.0,1.0,0.0,1971.6506897969423
29238,2025,M,16,1,7.0,7.0,1.0,0.0,2009.1461714005584
29239,2025,M,4,1,21.0,21.0,1.0,0.0,2334.4423860036613
29240,2025,F,4,1,5.0,5.0,1.0,0.0,1422.2175398700867
29241,2025,F,11,1,8.0,8.0,1.0,0.0,1448.748404315093
29242,2025,F,11,1,8.0,8.0,1.0,0.0,1469.9750861835098
29243,2025,F,4,1,5.0,5.0,1.0,0.0,1533.9238239643091
29245,2025,F,226,1,1.0,1.0,0.0,0.0,1549.71695294939
29246,2025,F,16,1,5.0,5.0,1.0,0.0,1558.8823416042476
29247,2025,F,11,1,8.0,8.0,1.0,0.0,1659.8508902385445
29249,2025,F,188,1,18.0,18.0,1.0,0.0,1444.9983021441963
29250,2025,F,178,1,16.0,16.0,1.0,0.0,1452.8804557391331
29251,2025,F,208,1,11.0,11.0,1.0,0.0,1486.035387885937
29252,2025,F,230,1,8.0,8.0,1.0,0.0,1489.9465324545638
29253,2025,F,208,1,11.0,11.0,1.0,0.0,1520.9662989440053
29254,2025,F,208,1,11.0,11.0,1.0,0.0,1535.1541754148916
29255,2025,F,208,1,11.0,11.0,1.0,0.0,1554.5702145234318
29256,2025,F,208,1,11.0,11.0,1.0,0.0,1635.3074131186584
29257,2025,F,178,1,16.0,16.0,1.0,0.0,1635.5468709493905
29258,2025,F,230,1,8.0,8.0,1.0,0.0,1723.2183692262383
29259,2025,F,208,1,11.0,11.0,1.0,0.0,1724.5054550664245
29260,2025,F,230,1,8.0,8.0,1.0,0.0,1742.6643405636205
29261,2025,F,230,1,8.0,8.0,1.0,0.0,1762.9384368989517
29262,2025,F,230,1,8.0,8.0,1.0,0.0,1788.2112154508188
29263,2025,F,230,1,8.0,8.0,1.0,0.0,1845.9604622957484
29264,2025,F,230,1,8.0,8.0,1.0,0.0,2786.690505146651
29265,2025,M,178,1,29.0,29.0,1.0,0.0,1616.3263628406874
29266,2025,M,178,1,29.0,29.0,1.0,0.0,1683.3615148222596
29267,2025,M,208,1,10.0,10.0,1.0,0.0,1759.794957199224
29268,2025,M,178,1,29.0,29.0,1.0,0.0,1782.5922964279623
29269,2025,M,178,1,29.0,29.0,1.0,0.0,1784.02897776229
29270,2025,M,199,1,6.0,6.0,1.0,0.0,1812.3136415318622
29271,2025,M,230,1,7.0,7.0,1.0,0.0,1815.2668198302022
29273,2025,M,220,1,11.0,11.0,1.0,0.0,1834.0733775746974
29274,2025,M,208,1,10.0,10.0,1.0,0.0,1842.1347561728683
29276,2025,M,178,1,29.0,29.0,1.0,0.0,1887.7394115840552
29277,2025,M,230,1,7.0,7.0,1.0,0.0,1892.4186028743302
29278,2025,M,209,1,9.0,9.0,1.0,0.0,1905.1092879942232
29279,2025,M,230,1,7.0,7.0,1.0,0.0,1932.9449888468182
29280,2025,M,208,1,10.0,10.0,1.0,0.0,1936.3870378769777
29281,2025,M,199,1,6.0,6.0,1.0,0.0,1957.458364113781
29282,2025,M,209,1,9.0,9.0,1.0,0.0,1989.0553765152752
29283,2025,M,171,1,18.0,18.0,1.0,0.0,2008.1113581025356
29284,2025,M,230,1,7.0,7.0,1.0,0.0,2013.5986826433698
29285,2025,M,178,1,29.0,29.0,1.0,0.0,2025.6408657720729
29286,2025,M,208,1,10.0,10.0,1.0,0.0,2034.4305619911183
29287,2025,M,178,1,29.0,29.0,1.0,0.0,2055.6315886261596
29288,2025,M,178,1,29.0,29.0,1.0,0.0,2088.765051899087
29289,2025,M,178,1,29.0,29.0,1.0,0.0,2265.217455224892
29290,2025,M,196,1,14.0,14.0,1.0,0.0,2278.466849752579
29291,2025,M,203,1,29.0,29.0,1.0,0.0,2361.2057268746476
29292,2025,M,175,1,7.0,7.0,1.0,0.0,2529.157765639015
29293,2025,M,196,1,14.0,14.0,1.0,0.0,2558.0909313997768
29294,2025,F,108,1,0.0,0.0,0.0,1.0,1459.321986180815
29295,2025,F,117,1,14.0,14.0,1.0,0.0,1533.0675097224093
29296,2025,F,124,1,27.0,27.0,1.0,0.0,1589.0261725723994
29297,2025,F,124,1,27.0,27.0,1.0,0.0,1621.102477527483
29298,2025,F,122,1,5.0,5.0,1.0,0.0,1773.8896123446882
29299,2025,F,122,1,5.0,5.0,1.0,0.0,1791.1768421179888
29300,2025,F,107,1,6.0,6.0,1.0,0.0,1799.1709368108445
29301,2025,F,112,1,6.0,6.0,1.0,0.0,1892.5019923499356
29302,2025,F,120,1,2.0,2.0,0.0,0.0,1912.7870076330569
29303,2025,F,111,1,4.0,4.0,1.0,0.0,2064.175175879012
29304,2025,F,112,1,6.0,6.0,1.0,0.0,2307.1956545418266
29305,2025,M,124,1,35.0,35.0,1.0,0.0,1493.4070431131775
29306,2025,M,124,1,35.0,35.0,1.0,0.0,1495.705976383481
29308,2025,M,116,1,6.0,6.0,1.0,0.0,1573.8697075737964
29309,2025,M,108,1,11.0,11.0,1.0,0.0,1692.3147478046453
29310,2025,M,117,1,38.0,38.0,1.0,0.0,1703.8094141561623
29311,2025,M,108,1,11.0,11.0,1.0,0.0,1739.1929957947452
29312,2025,M,102,1,7.0,7.0,1.0,0.0,1770.5784326154092
29313,2025,M,111,1,11.0,11.0,1.0,0.0,1878.9281571810127
29315,2025,M,108,1,11.0,11.0,1.0,0.0,1900.8180000591192
29316,2025,M,108,1,11.0,11.0,1.0,0.0,1913.5121098560116
29317,2025,M,102,1,7.0,7.0,1.0,0.0,1933.4028803251583
29318,2025,M,124,1,35.0,35.0,1.0,0.0,2044.6512598837533
29319,2025,M,102,1,7.0,7.0,1.0,0.0,2131.5109560530423
29320,2025,M,117,1,38.0,38.0,1.0,0.0,2202.577980191552
29321,2025,M,102,1,7.0,7.0,1.0,0.0,2206.276264148127
29322,2025,M,119,1,3.0,3.0,1.0,0.0,2317.3247364658264
29323,2025,M,124,1,35.0,35.0,1.0,0.0,2470.1538221307783
29324,2025,M,10,1,13.0,13.0,1.0,0.0,1611.4754078969665
29325,2025,M,10,1,13.0,13.0,1.0,0.0,1622.9508177192238
29326,2025,M,19,1,15.0,15.0,1.0,0.0,1708.196719255991
29327,2025,M,19,1,15.0,15.0,1.0,0.0,1757.3770470656646
29328,2025,M,19,1,15.0,15.0,1.0,0.0,1785.245899491146
29329,2025,M,10,1,13.0,13.0,1.0,0.0,1831.1475387801747
29330,2025,M,19,1,15.0,15.0,1.0,0.0,1872.1311452882358
29331,2025,M,19,1,15.0,15.0,1.0,0.0,1921.3114730979091
29332,2025,M,10,1,13.0,13.0,1.0,0.0,1978.688522209195
29333,2025,M,19,1,15.0,15.0,1.0,0.0,2145.9016367620848
29334,2025,F,10,1,9.0,9.0,1.0,0.0,1404.4476434857713
29335,2025,F,10,1,9.0,9.0,1.0,0.0,1462.8142987994656
29336,2025,F,19,1,8.0,8.0,1.0,0.0,1470.1101307136776
29337,2025,F,19,1,8.0,8.0,1.0,0.0,1532.124701984478
29338,2025,F,19,1,8.0,8.0,1.0,0.0,1532.124701984478
29339,2025,F,19,1,8.0,8.0,1.0,0.0,1933.3954572661269
29340,2025,F,19,1,8.0,8.0,1.0,0.0,1984.4662806656095
