athlete_id,year,gender,num_races_std,race_bin,season_duration,first_time,last_time,total_improvement_sec_std,improvement_rate_std,improved,total_improvement_sec_conv,improvement_rate_conv,num_races_conv
1387,2023,M,2,2,21,2082.9484572862816,2176.3930393079645,-93.44458202168289,4.449742001032519,False,-87.09999999999991,4.1476190476190435,2
5368,2024,F,4,4,42,1516.1397687435456,1467.6922262577118,48.447542485833765,-1.1535129163293754,True,98.15000000000009,-2.3369047619047643,4
4960,2024,F,5,5+,42,1416.8078074960813,1429.1909603448578,-12.38315284877649,0.2948369725899164,False,33.99000000000001,-0.8092857142857145,5
667,2024,M,5,5+,43,1471.610516706938,1518.139737420425,-46.52922071348712,1.082074900313654,False,-5.583103364736189,0.12983961313339976,5
11461,2024,F,3,3,42,1628.0460418595505,1652.86919045342,-24.82314859386952,0.5910273474730838,False,1.7000000000000455,-0.04047619047619156,3
11483,2024,M,3,3,42,1636.2907721545391,1644.8435694164505,-8.552797261911337,0.203638030045508,False,25.533356459069864,-0.6079370585492825,3
11495,2024,M,3,3,42,1771.9855433604791,1710.2634841091503,61.7220592513288,-1.4695728393173524,True,99.35229677278267,-2.3655308755424445,3
3179,2024,F,2,2,35,1431.9777167437644,1369.5164950194871,62.461221724277266,-1.7846063349793504,True,66.65061126725368,-1.904303179064391,2
1724,2024,F,3,3,42,1402.7460149097885,1387.6235754604743,15.122439449314243,-0.36005808212652957,True,61.069999999999936,-1.4540476190476175,3
1727,2024,F,4,4,42,1404.24503681548,1388.8120710878748,15.432965727605279,-0.3674515649429828,True,61.430000000000064,-1.462619047619049,4
18595,2024,F,4,4,42,1440.5987358057648,1395.3537907176853,45.244945088079476,-1.0772605973352256,True,92.47000000000003,-2.201666666666667,4
1726,2024,F,4,4,42,1378.065344565759,1426.6541713586412,-48.58882679288217,1.1568768284019566,False,-3.5299999999999727,0.0840476190476184,4
5158,2024,M,5,5+,29,1594.9240383456124,1597.333474431822,-2.4094360862095527,0.0830840029727432,False,14.0,-0.4827586206896552,5
2303,2024,M,5,5+,29,1575.5074003803368,1564.3751537712474,11.132246609089407,-0.3838705727272209,True,27.40000000000009,-0.9448275862068997,5
22588,2024,M,2,2,7,1622.8737375364256,1654.8983028782986,-32.024565341873085,4.574937905981869,False,-40.90000000000009,5.842857142857156,2
2306,2024,M,5,5+,29,1666.3812085223872,1686.251239839353,-19.87003131696588,0.6851734936884786,False,-2.7999999999999545,0.09655172413792946,5
22589,2024,M,2,2,7,1682.272647554772,1707.2572264562066,-24.98457890143459,3.5692255573477984,False,-34.100000000000136,4.8714285714285905,2
22591,2024,M,2,2,7,1720.0809989902352,1679.0487326571445,41.032266333090774,-5.861752333298682,True,32.399999999999864,-4.6285714285714095,2
22592,2024,M,2,2,7,1721.075955606958,1761.2987619449357,-40.22280633797777,5.7461151911396815,False,-49.700000000000045,7.100000000000007,2
2308,2024,M,3,3,22,1710.8324964530427,1722.0709122236806,-11.238415770637857,0.5108370804835389,False,5.0,-0.22727272727272727,3
5793,2024,M,2,2,7,1762.76463784764,1737.5442408509887,25.22039699665129,-3.6029138566644696,True,16.200000000000045,-2.3142857142857207,2
2302,2024,M,2,2,7,1762.9636291709846,1549.586592695134,213.37703647585067,-30.482433782264383,True,206.30000000000018,-29.471428571428596,2
22593,2024,M,2,2,7,1767.8389165929257,1724.3802770780933,43.458639514832385,-6.208377073547483,True,34.59999999999991,-4.94285714285713,2
1732,2024,F,4,4,35,1508.736281795742,1438.8087863044113,69.92749549133055,-1.9979284426094441,True,74.34666232425843,-2.1241903521216696,4
1740,2024,F,4,4,42,1579.2147420914143,1439.1883059165223,140.02643617489207,-3.3339627660688587,True,191.91000000000008,-4.569285714285717,4
4971,2024,F,4,4,35,1546.3273642066629,1443.9822378589788,102.34512634768407,-2.924146467076688,True,106.91322761283936,-3.0546636460811247,4
18816,2024,F,2,2,35,1520.0136065190181,1458.9732625373688,61.04034398164936,-1.7440098280471246,True,65.48063191083293,-1.8708751974523694,2
19602,2024,F,3,3,28,1551.7968454452196,1460.8908353143518,90.9060101308678,-3.2466432189595644,True,102.52999999999997,-3.6617857142857133,3
1743,2024,F,2,2,35,1579.5530305956704,1464.4363474801269,115.11668311554354,-3.28904808901553,True,119.79632080339093,-3.4227520229540267,2
18822,2024,F,3,3,35,1584.1609697299127,1466.873262884209,117.28770684570372,-3.3510773384486776,True,121.98331912908816,-3.4852376894025188,3
4959,2024,F,4,4,42,1496.1205729707629,1467.7920998398465,28.328473130916336,-0.674487455498008,True,77.34999999999991,-1.8416666666666646,4
23462,2024,F,3,3,43,1362.2417622097519,1340.1127882495825,22.128973960169333,-0.5146273013992868,True,36.600000000000136,-0.8511627906976776,3
18772,2025,M,3,3,21,1906.1882212804414,1774.4092871495254,131.778934130916,-6.275187339567429,True,158.69000000000005,-7.556666666666669,3
27327,2025,M,3,3,21,2333.0755284444635,2164.003317760176,169.0722106842877,-8.051057651632748,True,202.07000000000016,-9.62238095238096,3
666,2024,M,5,5+,78,1445.8940704449408,1490.069679835061,-44.175609390120144,0.5663539665400018,False,-2.182753253887313,0.02798401607547837,5
18724,2024,M,3,3,29,1585.9312645400444,1609.9309917913101,-23.999727251265767,0.827576801767785,False,-5.570204760626666,0.19207602622850573,3
19506,2024,F,5,5+,35,1453.5277399708386,1399.247168681993,54.28057128884575,-1.550873465395593,True,104.29999999999995,-2.9799999999999986,5
2560,2024,M,2,2,7,1734.3518255421052,1815.497440113965,-81.14561457185982,11.592230653122831,False,-92.40000000000009,13.200000000000014,2
5171,2024,M,5,5+,29,1807.225754981161,1706.7630647821877,100.46269019897318,-3.4642306965163163,True,119.5,-4.120689655172414,5
5794,2024,M,2,2,7,1806.9407116301286,1801.6814478046451,5.259263825483458,-0.751323403640494,True,-4.2000000000000455,0.6000000000000065,2
2311,2024,M,2,2,7,1817.686243090734,1902.5391852826945,-84.85294219196044,12.121848884565777,False,-95.29999999999995,13.614285714285709,2
22594,2024,M,2,2,7,1820.969599925919,1810.8863247285497,10.083275197369403,-1.4404678853384862,True,0.6000000000001364,-0.0857142857143052,2
22595,2024,M,2,2,7,1917.8783743947117,1920.1571217607052,-2.2787473659934676,0.3255353379990668,False,-12.400000000000091,1.7714285714285845,2
2312,2024,M,2,2,7,1947.6275772347208,1776.343291971102,171.2842852636188,-24.4691836090884,True,162.79999999999995,-23.25714285714285,2
6285,2023,F,4,4,35,1609.2393572568387,1481.4882170171807,127.75114023965807,-3.650032578275945,True,154.0,-4.4,4
22596,2024,M,2,2,7,2087.518477545935,2051.5988051472114,35.91967239872383,-5.131381771246262,True,25.299999999999727,-3.6142857142856752,2
1282,2025,M,3,3,42,1967.684287024375,1826.7203626899795,140.96392433439541,-3.3562839127237005,True,172.65999999999985,-4.110952380952377,3
2252,2023,F,2,2,7,1706.3650296775702,1629.4874392953543,76.87759038221589,-10.982512911745127,True,125.5,-17.928571428571427,2
27326,2025,M,3,3,21,2167.5218197989,2091.5622473715425,75.95957242735767,-3.6171224965408415,True,105.99000000000024,-5.047142857142869,3
22598,2024,F,2,2,7,1390.609615104513,1415.8472304256675,-25.237615321154408,3.6053736173077726,False,-30.299999999999955,4.328571428571422,2
27323,2025,F,3,3,21,1396.2675307167547,1376.354362302276,19.913168414478605,-0.9482461149751716,True,33.265682699484614,-1.5840801285468864,3
22600,2024,F,2,2,7,1561.2463453983007,1579.034673399317,-17.788328001016225,2.5411897144308893,False,-23.399999999999864,3.3428571428571234,2
230,2024,F,3,3,42,1494.60158760244,1386.318801096445,108.28278650599509,-2.5781615834760734,True,107.40000000000009,-2.557142857142859,3
8113,2024,F,3,3,49,1609.5785979714838,1596.7745797783423,12.804018193141474,-0.2613064937375811,True,11.800000000000182,-0.24081632653061597,3
81,2024,F,2,2,21,1683.7412583393948,1637.5563228376302,46.184935501764585,-2.1992826429411707,True,29.660000000000082,-1.4123809523809563,2
119,2024,M,2,2,49,1626.5901968465387,1632.1429254301638,-5.552728583625139,0.11332099150255387,False,-7.599999999999909,0.15510204081632467,2
124,2024,M,2,2,27,1719.6548054655273,1618.2551840878557,101.39962137767156,-3.755541532506354,True,79.18000000000006,-2.932592592592595,2
2238,2024,F,6,5+,43,1249.2877301370222,1275.9304317121514,-26.642701575129195,0.6195977110495161,False,-24.5,0.5697674418604651,6
2241,2024,F,4,4,36,1342.8974504007658,1418.5459520938418,-75.64850169307601,2.1013472692521113,False,-72.90000000000009,2.0250000000000026,4
2240,2024,F,4,4,43,1567.2431214464289,1433.059822367272,134.18329907915677,-3.1205418390501576,True,137.79999999999995,-3.2046511627906966,4
2259,2024,M,5,5+,43,1520.470292421161,1550.4322944589755,-29.9620020378145,0.6967907450654535,False,-29.353252214577196,0.6826337724320278,5
8146,2024,M,4,4,43,1535.5592267971433,1544.4652683096785,-8.90604151253524,0.20711724447756372,False,-8.173251979902943,0.19007562743960332,4
1657,2024,M,5,5+,43,1539.591614432104,1593.19598186227,-53.604367430165894,1.2466131960503697,False,-53.11652777925724,1.2352680878897033,5
1656,2024,M,6,5+,43,1555.5910879514645,1564.3553554740015,-8.764267522537011,0.2038201749427212,False,-8.02049304766274,0.18652309413169163,6
4006,2024,M,2,2,21,2068.024998156928,2165.091198435096,-97.0662002781678,4.622200013246085,False,-118.7800000000002,5.656190476190486,2
58,2024,M,3,3,49,2123.167022942939,2211.813128754764,-88.64610581182478,1.809104200241322,False,-91.80000000000018,1.8734693877551059,3
217,2024,M,2,2,49,2238.0296521903324,2008.3171750237648,229.71247716656762,-4.688009738093217,True,228.29999999999995,-4.6591836734693866,2
8095,2024,M,4,4,42,2240.0203390057122,1976.080159775487,263.94017923022534,-6.284289981672032,True,263.5,-6.273809523809524,4
8097,2024,M,2,2,27,2267.491817057948,2149.215103604319,118.27671345362887,-4.380619016801069,True,88.69000000000005,-3.284814814814817,2
8099,2024,M,2,2,42,2287.4982195525117,1982.047185924784,305.45103362772784,-7.272643657803044,True,305.1999999999998,-7.266666666666662,2
3355,2024,M,2,2,21,2320.0459489839654,2392.9280918310233,-72.88214284705782,3.470578230812277,False,-96.7199999999998,4.605714285714276,2
8108,2024,M,5,5+,43,1524.4866791742077,1585.0418230356472,-60.55514386143955,1.4082591595683616,False,-18.19281187543379,0.4230886482659021,5
384,2024,F,3,3,42,1347.1991942171371,1393.3632072905314,-46.164013073394244,1.0991431684141486,False,-22.45918253597779,0.5347424413328045,3
391,2024,F,3,3,42,1893.106701475947,2027.5246555929525,-134.4179541170056,3.200427478976324,False,-101.41883183415507,2.4147340912894064,3
394,2024,M,3,3,42,1569.1202302664608,1690.3727852096135,-121.25255494315275,2.886965593884589,False,-95.40000000000009,2.2714285714285736,3
2174,2024,M,3,3,42,1651.0767752107995,1730.1954552186744,-79.1186800078749,1.883778095425593,False,-51.700000000000045,1.2309523809523821,3
2179,2024,M,2,2,42,1760.1563344318188,1870.6699236756365,-110.5135892438177,2.631275934376612,False,-81.40000000000009,1.9380952380952403,2
393,2024,M,3,3,42,1894.4005675485314,1606.1478381404495,288.2527294080819,-6.86316022400195,True,321.4000000000001,-7.6523809523809545,3
2229,2024,F,3,3,49,1424.221720649268,1695.5595251225511,-271.3378044732831,5.537506213740471,False,-273.70000000000005,5.585714285714286,3
231,2024,F,3,3,49,1441.1447438204693,1401.7912032681215,39.353540552347795,-0.8031334806601591,True,38.600000000000136,-0.7877551020408191,3
972,2024,F,2,2,14,1466.6288257723957,1506.8848360382433,-40.256010265847635,2.8754293047034025,False,-86.90000000000009,6.2071428571428635,2
63,2024,F,2,2,21,1479.9681499191072,1397.4127983919875,82.55535152711968,-3.931207215577128,True,68.65000000000009,-3.2690476190476234,2
234,2024,F,3,3,49,1516.501970529877,1476.302707863099,40.19926266677817,-0.820393115648534,True,39.40000000000009,-0.8040816326530631,3
233,2024,F,4,4,42,1546.0674874819167,1408.197577010449,137.86991047146762,-3.282616915987324,True,137.0999999999999,-3.264285714285712,4
4092,2024,F,3,3,49,1567.4701344337298,1592.8948085110471,-25.424674077317377,0.5188708995370893,False,-26.600000000000136,0.5428571428571456,3
8112,2024,F,2,2,21,1570.257455897222,1494.7946486349945,75.46280726222744,-3.593467012487021,True,60.5300000000002,-2.882380952380962,2
237,2024,F,3,3,49,1578.4203258974483,1574.5902466345774,3.8300792628708678,-0.078164882915732,True,2.7999999999999545,-0.05714285714285622,3
240,2024,F,4,4,42,1584.492704800056,1553.393089894295,31.099614905760973,-0.7404670215657374,True,29.700000000000045,-0.7071428571428582,4
236,2024,F,2,2,21,1591.6601028490354,1538.8638283847142,52.796274464321186,-2.5141083078248183,True,37.31000000000017,-1.7766666666666748,2
2230,2024,F,2,2,27,1619.135128703456,1493.5345647391225,125.60056396433356,-4.651872739419762,True,106.16000000000008,-3.931851851851855,2
8115,2024,F,2,2,27,1633.2708304111652,1532.0434212697498,101.22740914141536,-3.7491633015339025,True,81.16000000000008,-3.0059259259259288,2
78,2024,F,2,2,49,1666.0218576071957,1725.0059942281764,-58.984136620980735,1.2037578902240966,False,-60.40000000000009,1.2326530612244917,2
8117,2024,F,3,3,49,1674.7820107781706,1645.9183491640815,28.863661614089096,-0.5890543186548796,True,27.90000000000009,-0.5693877551020426,3
8118,2024,F,3,3,49,1675.976577119667,1612.2936648475231,63.68291227214377,-1.299651270860077,True,62.899999999999864,-1.2836734693877523,3
8119,2024,F,3,3,49,1690.6100148029998,1682.726435546113,7.883579256886833,-0.1608893725895272,True,6.7999999999999545,-0.13877551020408072,3
8120,2024,F,2,2,28,1696.1846577299839,1631.8350816653472,64.34957606463672,-2.298199145165597,True,48.30000000000018,-1.7250000000000065,2
82,2024,F,2,2,21,1727.7411185845176,1716.6876988193492,11.053419765168428,-0.5263533221508775,True,-6.440000000000055,0.30666666666666925,2
8122,2024,F,2,2,21,1735.60534699937,1597.9709259112833,137.6344210880868,-6.554020051813658,True,121.93000000000006,-5.806190476190479,2
3368,2024,F,4,4,42,1736.7003661457418,1638.9192139217657,97.78115222397605,-2.32812267199943,True,96.59999999999991,-2.299999999999998,4
8123,2024,F,4,4,42,1737.1981021213655,1624.001866707672,113.19623541369356,-2.695148462230799,True,112.09999999999991,-2.6690476190476167,4
253,2024,F,3,3,42,1755.4152388291882,1595.1616620937573,160.2535767354309,-3.8155613508435926,True,159.4000000000001,-3.7952380952380973,3
8124,2024,F,3,3,49,1772.2387148052644,1663.725504467821,108.5132103374433,-2.214555313009047,True,107.89999999999986,-2.202040816326528,3
8125,2024,F,3,3,49,1774.8269418785071,1600.7538323601837,174.07310951832346,-3.5525124391494582,True,173.80000000000018,-3.546938775510208,3
8128,2024,F,3,3,49,1829.279257611725,1663.228097895091,166.05115971663395,-3.3887991778904887,True,165.69999999999982,-3.381632653061221,3
4778,2024,F,2,2,21,1894.6817648086615,1813.4881354654794,81.19362934318201,-3.8663633020562864,True,63.02999999999997,-3.00142857142857,2
8134,2024,F,3,3,49,1962.8715934690897,1849.855043983445,113.01654948564465,-2.3064601935845848,True,112.29999999999995,-2.291836734693877,3
8135,2024,F,4,4,42,1986.2651843233973,1835.828197147803,150.43698717559437,-3.581833027990342,True,149.29999999999995,-3.5547619047619037,4
271,2024,F,2,2,21,2035.640593105255,1959.5707652977337,76.06982780752128,-3.6223727527391083,True,56.3900000000001,-2.6852380952381,2
6342,2024,M,2,2,27,1561.9924096874756,1540.4503009861626,21.542108701313055,-0.7978558778264094,True,0.03999999999996362,-0.0014814814814801342,2
115,2024,M,3,3,49,1572.543049808987,1541.6781878164807,30.86486199250635,-0.6298951427042112,True,29.100000000000136,-0.593877551020411,3
127,2024,M,4,4,42,1590.0610937843257,1519.602659354275,70.45843443005083,-1.6775817721440673,True,69.5,-1.6547619047619047,4
120,2024,M,3,3,49,1602.7019550619852,1571.402315889548,31.29963917243731,-0.6387681463762717,True,29.5,-0.6020408163265306,3
10,2024,M,3,3,49,1608.5744811673546,1646.4582245690324,-37.88374340167775,0.773137620442403,False,-40.100000000000136,0.8183673469387783,3
135,2024,M,2,2,49,1625.7939221203867,1620.8099802785596,4.983941841827118,-0.10171309881279833,True,3.0,-0.061224489795918366,2
8037,2024,M,3,3,49,1635.9464248788217,1604.2082097494551,31.73821512936661,-0.6477186761095226,True,29.899999999999864,-0.6102040816326503,3
129,2024,M,4,4,42,1643.2124317549567,1657.8387651463195,-14.626333391362778,0.3482460331276852,False,-16.09999999999991,0.3833333333333312,4
128,2024,M,4,4,42,1647.9900801118677,1581.261929563676,66.7281505481917,-1.5887654892426597,True,65.70000000000005,-1.5642857142857154,4
123,2024,M,4,4,42,1648.4877518157125,1641.9266954148611,6.561056400851385,-0.15621562859169963,True,5.2000000000000455,-0.1238095238095249,4
140,2024,M,2,2,21,1650.5779729718606,1602.7340726614912,47.84390031036946,-2.2782809671604505,True,32.32999999999993,-1.539523809523806,2
8038,2024,M,3,3,49,1653.464468854161,1644.4699885775228,8.994480276638114,-0.1835608219722064,True,7.0,-0.14285714285714285,3
8041,2024,M,4,4,42,1680.5378095433214,1615.075077743025,65.4627318002963,-1.558636471435626,True,64.40000000000009,-1.5333333333333354,4
8046,2024,M,3,3,49,1712.4883329301613,1659.0835231151177,53.40480981504356,-1.089894077858032,True,51.59999999999991,-1.0530612244897941,3
142,2024,M,3,3,49,1728.5133617939657,1756.4076748995085,-27.89431310554278,0.5692716960314853,False,-30.200000000000045,0.6163265306122458,3
146,2024,M,2,2,49,1733.987750536259,1679.2641184289394,54.723632107319645,-1.1168088185167275,True,52.899999999999864,-1.079591836734691,2
8047,2024,M,2,2,21,1734.087284877028,1770.9792362001162,-36.89195132308828,1.7567595868137276,False,-79.29999999999995,3.776190476190474,2
16,2024,M,3,3,49,1736.3765747147145,1677.1764706378542,59.20010407686027,-1.208165389323679,True,57.40000000000009,-1.1714285714285733,3
6,2024,M,3,3,49,1747.0267491769946,1850.7494726966352,-103.72272351964057,2.116790275911032,False,-106.5,2.173469387755102,3
8048,2024,M,2,2,27,1754.1932217123606,1687.3529095676463,66.84031214471429,-2.4755671164708994,True,43.49000000000001,-1.610740740740741,2
158,2024,M,2,2,21,1757.3783206169676,1684.4493900558082,72.9289305611594,-3.472806217198067,True,56.73000000000002,-2.7014285714285724,2
177,2024,M,3,3,42,1760.6629538623438,1697.6189394749654,63.04401438737841,-1.5010479616042478,True,61.90000000000009,-1.473809523809526,3
8050,2024,M,2,2,27,1760.8620225438815,1759.091249929389,1.7707726144924436,-0.06558417090712754,True,-22.8900000000001,0.8477777777777815,2
8051,2024,M,2,2,28,1761.4592285884955,1761.2158328524613,0.2433957360342447,-0.008692704858365883,True,-18.58808178867116,0.6638600638811128,2
8052,2024,M,2,2,27,1766.236876945406,1788.697549126299,-22.46067218089297,0.8318767474404803,False,-47.65000000000009,1.7648148148148182,2
8054,2024,M,2,2,28,1767.9289607384785,1771.3619558093853,-3.432995070906827,0.12260696681810097,False,-22.390164260212032,0.7996487235790012,2
4237,2024,F,2,2,36,1727.0615147530955,1874.6422992318578,-147.58078447876233,4.0994662355211755,False,-56.337035234260384,1.5649176453961218,2
1153,2024,F,3,3,50,1940.4621380244243,2330.0704391708264,-389.608301146402,7.792166022928041,False,-270.04001236443537,5.400800247288707,3
4449,2024,M,3,3,50,1550.1794670276927,1554.0796971036023,-3.900230075909576,0.07800460151819152,False,87.46714010794517,-1.7493428021589035,3
1198,2024,M,4,4,50,1580.9051357466678,1556.1703872790779,24.734748467589952,-0.494694969351799,True,118.04094099255508,-2.3608188198511018,4
1294,2024,M,4,4,50,1678.9493550258098,1681.7113544826427,-2.761999456832882,0.05523998913665764,False,96.20156190575676,-1.9240312381151352,4
7641,2024,M,3,3,50,1730.5190703631852,1765.0402914766028,-34.521221113417596,0.6904244222683519,False,67.34100660655872,-1.3468201321311744,3
7642,2024,M,4,4,50,1782.7063870818465,1763.44738467624,19.259002405606452,-0.385180048112129,True,124.43721112413687,-2.488744222482737,4
7643,2024,M,2,2,36,1843.5401231385108,1984.136056523739,-140.59593338522814,3.905442594034115,False,-45.77194692341982,1.271442970094995,2
4735,2024,M,4,4,50,1993.9260594816358,1934.3861956901342,59.5398637915016,-1.190797275830032,True,177.34906846155445,-3.546981369231089,4
7644,2024,M,3,3,50,2059.855006933909,2088.201258600132,-28.346251666222997,0.56692503332446,False,92.95817890240005,-1.859163578048001,3
2261,2024,M,4,4,43,1593.7036549528673,1574.300399056163,19.403255896704195,-0.45123850922567893,True,20.32209375198886,-0.47260683144160137,4
153,2024,M,3,3,49,1772.6070747546203,1743.4841409546966,29.122933799923658,-0.5943455877535441,True,27.100000000000136,-0.5530612244897987,3
8056,2024,M,4,4,42,1774.1996242069238,1699.6079481913978,74.59167601552599,-1.775992286083952,True,73.5,-1.75,4
8057,2024,M,2,2,21,1775.1949676146135,1725.937902831765,49.257064782848374,-2.34557451346897,True,32.539999999999964,-1.5495238095238077,2
166,2024,M,2,2,49,1776.8870514076862,1708.5905993037047,68.29645210398144,-1.393805144979213,True,66.5,-1.3571428571428572,2
181,2024,M,3,3,49,1777.384723111531,1841.3053517369651,-63.92062862543412,1.3045026250088596,False,-66.5,1.3571428571428572,3
8058,2024,M,2,2,49,1790.8218591153422,1727.280017623894,63.54184149144817,-1.296772275335677,True,61.700000000000045,-1.2591836734693886,2
8059,2024,M,2,2,21,1792.9120802714906,1700.8789875424009,92.03309272908973,-4.382528225194749,True,51.899999999999864,-2.471428571428565,2
31,2024,M,2,2,21,1797.2915912653255,1840.67448841317,-43.38289714784446,2.0658522451354506,False,-61.659999999999854,2.936190476190469,2
2200,2024,M,2,2,42,1804.756666822998,1858.7286455059814,-53.97197868298326,1.2850471114996016,False,-55.799999999999955,1.3285714285714274,2
8060,2024,M,2,2,49,1805.154804186074,1758.6941462897446,46.460657896329394,-0.9481766917618244,True,44.5,-0.9081632653061225,2
160,2024,M,3,3,49,1809.7333838614468,1781.360036592953,28.373347268493717,-0.5790479034386473,True,26.299999999999955,-0.5367346938775501,3
156,2024,M,3,3,49,1810.7287272691365,1792.2953345462554,18.43339272288108,-0.3761916882220629,True,16.299999999999955,-0.33265306122448884,3
8061,2024,M,3,3,49,1816.20311601143,1796.6694537275762,19.5336622838538,-0.39864616905824085,True,17.40000000000009,-0.3551020408163284,3
8062,2024,M,2,2,21,1821.8765734352614,1769.9301177329514,51.946455702310004,-2.4736407477290476,True,34.81000000000017,-1.6576190476190558,2
8064,2024,M,3,3,49,1829.1425803113964,1783.0500371857363,46.092543125660086,-0.9406641454216345,True,44.100000000000136,-0.9000000000000028,3
6820,2024,M,4,4,42,1839.8922891144452,1906.4648547003567,-66.57256558591143,1.5850610853788436,False,-68.5,1.630952380952381,4
164,2024,M,2,2,49,1841.5843729075177,1776.2900348146038,65.2943380929139,-1.3325375121002838,True,63.40000000000009,-1.29387755102041,2
8065,2024,M,4,4,42,1845.7648152198146,1606.1245385190798,239.64027670073483,-5.70572087382702,True,239.4000000000001,-5.700000000000002,4
188,2024,M,3,3,49,1865.9702863959158,1715.4500134744126,150.5202729215032,-3.0718423045204735,True,149.10000000000014,-3.042857142857146,3
15,2024,M,2,2,21,1867.7619045297574,1798.6241212232842,69.13778330647324,-3.2922753955463446,True,51.799999999999955,-2.4666666666666646,2
8067,2024,M,3,3,49,1881.4976435558754,1814.563577651162,66.9340659047134,-1.3660013449941513,True,65.0,-1.3265306122448979,3
8068,2024,M,2,2,21,1895.0343139004556,1737.8748448540225,157.15946904643306,-7.483784240306337,True,140.83000000000015,-6.706190476190484,2
8069,2024,M,3,3,42,1897.6222067604488,1961.1625944022448,-63.54038764179609,1.5128663724237164,False,-65.5,1.5595238095238095,3
8071,2024,M,2,2,21,1914.2444416688672,1911.3301452385576,2.914296430309605,-0.13877602049093357,True,-15.839999999999918,0.7542857142857103,2
8073,2024,M,2,2,21,1921.4109142042332,1883.8682786208778,37.54263558335538,-1.7877445515883512,True,19.220000000000027,-0.9152380952380965,2
8074,2024,M,3,3,28,1929.6722644880579,1839.686379551226,89.98588493683178,-3.2137816048868495,True,70.73517398994227,-2.5262562139265095,3
8075,2024,M,2,2,28,1933.6536381188166,1890.2011193793164,43.45251873950019,-1.551875669267864,True,23.443954876312546,-0.8372841027254481,2
8077,2024,M,2,2,27,1954.4563153395318,1767.0130945752467,187.44322076428512,-6.942341509788338,True,163.53999999999996,-6.057037037037036,2
8079,2024,M,2,2,21,1959.7316354002876,1925.5440762014778,34.18755919880982,-1.6279790094671345,True,15.440000000000055,-0.7352380952380978,2
3415,2024,M,3,3,28,1972.272962337178,1803.2035118976048,169.06945043957307,-6.038194658556181,True,150.5788322386752,-5.377815437095543,3
8081,2024,M,2,2,49,1972.8701683817915,1705.111186318563,267.75898206322836,-5.464469021698538,True,266.89999999999986,-5.446938775510201,2
3412,2024,M,3,3,42,1974.8608551971708,1879.6132370285206,95.2476181686502,-2.2678004325869097,True,94.09999999999991,-2.2404761904761883,3
8084,2024,M,3,3,49,2017.859690409367,1958.9095106347531,58.950179774613844,-1.203064893359466,True,56.799999999999955,-1.1591836734693868,3
8085,2024,M,3,3,49,2023.1350104701223,1920.3377323994687,102.79727807065365,-2.0979036340949726,True,100.89999999999986,-2.059183673469385,3
192,2024,M,3,3,49,2037.6670242223925,1845.8782945174369,191.78872970495559,-3.9140557082644,True,190.4000000000001,-3.8857142857142875,3
182,2024,M,2,2,21,2046.525580550831,1940.9408585621438,105.58472198868708,-5.027843904223194,True,87.01999999999998,-4.143809523809523,2
8087,2024,M,2,2,49,2055.881808583114,1929.2847943612612,126.59701422185276,-2.5836125351398525,True,124.79999999999995,-2.546938775510203,2
671,2024,M,4,4,42,1547.390394319728,1561.0486643551878,-13.658270035459736,0.3251969056061842,False,9.865459804517286,-0.23489190010755442,4
680,2024,M,5,5+,42,1571.5432100479236,1546.5133898018807,25.029820246042846,-0.5959481010962582,True,49.0939529336199,-1.1689036412766645,5
2540,2024,M,2,2,28,1598.9164012065453,1655.4957674293362,-56.579366222790895,2.0206916508139607,False,-73.59375485339683,2.6283483876213154,2
5236,2024,M,3,3,28,1652.0525958085757,1673.857780342725,-21.805184534149248,0.7787565905053303,False,-38.31106996937069,1.3682524989060962,3
743,2024,M,5,5+,42,1759.9351727278488,1772.407485428279,-12.472312700430166,0.29695982620071826,False,14.296199340621797,-0.34038569858623324,5
5220,2024,M,5,5+,42,1695.5276641193277,1819.00000933888,-123.47234521955238,2.9398177433226755,False,-98.17978233698568,2.337613865166326,5
732,2024,M,3,3,42,1703.5786026953926,1727.2087549679948,-23.630152272602118,0.5626226731571933,False,2.229715372715191,-0.05308846125512359,3
708,2024,M,3,3,42,1829.1732444820097,1914.673974035649,-85.5007295536393,2.035731656039031,False,-58.00212035595041,1.381002865617867,3
2663,2023,F,3,3,28,1499.9026336291365,1553.01002057519,-53.107386946053566,1.8966923909304845,False,-58.37881543880326,2.0849576942429735,3
1488,2023,F,3,3,42,1660.8178720782837,1610.9588837086571,49.85898836962656,-1.1871187707053943,True,53.383593677834824,-1.271037944710353,3
1468,2023,F,2,2,14,1565.9139936738104,1726.8555663579045,-160.94157268409413,11.495826620292437,False,-186.42689738947024,13.316206956390731,2
1480,2023,F,2,2,14,1635.9056039971092,1680.9128344826472,-45.007230485538,3.2148021775384286,False,-34.946013670395814,2.496143833599701,2
1486,2023,F,3,3,28,1651.3274842378362,1696.7840150704087,-45.456530832572525,1.623447529734733,False,-25.157455428895673,0.8984805510319883,3
1466,2023,F,3,3,42,1552.8647103931953,1543.4494337282542,9.415276664941075,-0.22417325392716844,True,11.779160088775598,-0.2804561925898952,3
1472,2023,F,2,2,28,1588.4536647948726,1648.9414334002067,-60.48776860533417,2.160277450190506,False,-41.19190576098504,1.4711394914637512,2
362,2023,F,4,4,49,1909.667490805336,2046.3558132787982,-136.68832247346222,2.789557601499229,False,-137.21386727049003,2.8002830055202046,4
1458,2023,F,2,2,21,1489.9908909502317,1429.0417285840354,60.94916236619633,-2.902341065056968,True,91.46470975668603,-4.355462369366002,2
1498,2023,F,2,2,21,1747.4176611223654,1692.671244902644,54.74641621972137,-2.6069722009391127,True,90.43066677675029,-4.306222227464299,2
1462,2023,F,2,2,21,1493.5497863903995,1448.2926662719317,45.25712011846781,-2.1551009580222766,True,75.7476031717099,-3.6070287224623763,2
1484,2023,F,2,2,21,1646.5822903176127,1596.9731142899664,49.6091760276463,-2.362341715602205,True,83.22202001773917,-3.9629533341780556,2
263,2024,F,3,3,50,1694.8286312941004,1685.6602351925926,9.168396101507824,-0.18336792203015648,True,40.24613525020163,-0.8049227050040326,3
170,2024,M,4,4,50,1664.7763967163908,1748.338661743989,-83.56226502759819,1.6712453005519636,False,-64.3806224886996,1.287612449773992,4
134,2024,M,4,4,50,1800.1857420237152,1767.2342445500958,32.95149747361938,-0.6590299494723877,True,54.37474908008198,-1.0874949816016397,4
179,2024,M,3,3,50,1959.1585729268318,1911.4373764914374,47.721196435394404,-0.9544239287078881,True,71.10185396119005,-1.4220370792238008,3
165,2024,M,2,2,29,2081.4950255406,2307.5526763718162,-226.05765083121605,7.795091407972968,False,-229.77431999531245,7.923252413631464,2
7689,2024,M,3,3,43,1576.7139753322292,1736.7449883717436,-160.0310130395144,3.7216514660352185,False,-84.82531653392198,1.9726817798586507,3
7690,2024,M,5,5+,57,1625.1687101657087,1691.690593375874,-66.52188321016524,1.167050582634478,False,21.96613912880548,-0.38537086190886805,5
7691,2024,M,5,5+,57,1632.754275682771,1715.7482488731391,-82.99397319036802,1.4560346173748777,False,5.811446884312545,-0.10195520849671132,5
2,2023,M,5,5+,57,1513.3563122716457,1725.3415296642318,-211.98521739258604,3.7190389016243164,False,-179.83091695433995,3.1549283676199993,5
3,2023,M,4,4,50,1567.3599939462742,1571.0548405146012,-3.694846568326966,0.07389693136653933,False,15.100000000000136,-0.3020000000000027,4
5,2023,M,3,3,28,1582.1002172924586,1697.294161390873,-115.19394409841425,4.114069432086223,False,-82.03999999999996,2.929999999999999,3
312,2024,M,3,3,21,1530.4265449321963,1565.2424586133925,-34.81591368119621,1.6579006514855337,False,-0.11811283793349503,0.005624420853975954,3
310,2024,M,6,5+,57,1546.526520723512,1570.3087860942176,-23.782265370705545,0.41723272580185167,False,60.657642398244434,-1.0641691648814813,6
327,2024,M,5,5+,57,1652.569630502852,1692.982946770355,-40.41331626750298,0.7090055485526838,False,49.72776102114699,-0.8724168600201226,5
346,2024,M,4,4,43,2016.0575454837133,2282.548063085122,-266.4905176014088,6.197453897707181,False,-171.0542265312979,3.9780052681697184,4
7694,2024,M,3,3,50,1636.952281655909,1684.0011580081637,-47.04887635225464,0.9409775270450927,False,21.493792106194405,-0.42987584212388813,3
2731,2024,M,2,2,36,1870.5784627529715,1814.8994414199124,55.679021333059154,-1.5466394814738653,True,98.55263390108803,-2.737573163919112,2
7698,2024,M,3,3,36,1912.0004317318994,2020.52204559731,-108.52161386541047,3.01448927403918,False,-68.71121819169161,1.9086449497692115,3
7699,2024,M,2,2,36,2156.139006471341,1772.7029220117781,383.43608445956284,-10.651002346098968,True,440.5983505342017,-12.238843070394491,2
4354,2024,M,2,2,36,2193.3246377137884,2133.3943178965783,59.93031981721015,-1.6647311060336152,True,110.07136967818406,-3.057538046616224,2
7700,2024,M,2,2,22,2210.5837914550084,2432.4093594082083,-221.82556795319988,10.082980361509085,False,-206.22773536047407,9.37398797093064,2
1615,2024,M,4,4,36,2259.5370275210144,2329.029175809625,-69.49214828861068,1.9303374524614076,False,-21.020469651940402,0.5839019347761223,4
7701,2024,M,3,3,36,2290.603504255211,2133.7653192240905,156.8381850311207,-4.356616250864464,True,211.48914127847547,-5.874698368846541,3
7702,2024,M,2,2,36,2310.686883154086,2361.950662029946,-51.263778875860226,1.423993857662784,False,-1.2145445846899747,0.03373734957472152,2
7703,2024,M,3,3,36,2361.6798373895085,2165.7593021256303,195.92053526387826,-5.442237090663285,True,253.0971905283659,-7.03047751467683,3
7704,2024,F,5,5+,50,1480.1253531746,1427.3112534241461,52.814099750453806,-1.056281995009076,True,110.2562834167818,-2.205125668335636,5
7705,2024,F,5,5+,50,1490.981162152931,1469.1240961693607,21.857065983570237,-0.43714131967140474,True,79.58025300335589,-1.5916050600671179,5
7706,2024,F,3,3,36,1576.1934261763897,1542.2846995498146,33.90872662657512,-0.9419090729604199,True,70.16732610227155,-1.9490923917297651,3
2703,2024,F,4,4,36,1716.151651606701,1588.553240536309,127.5984110703921,-3.544400307510892,True,168.9412995893947,-4.692813877483186,4
7711,2024,F,3,3,36,1843.386401997893,1760.9579374141933,82.42846458369968,-2.2896795717694354,True,125.7130936685976,-3.4920303796832664,3
7712,2024,F,4,4,36,1911.0892967014631,1781.1428578784412,129.94643882302194,-3.609623300639498,True,175.7356996923936,-4.8815472136776,4
7715,2024,F,2,2,15,1431.5109295455234,1418.8332314895454,12.677698055977999,-0.8451798703985333,True,9.015223988261823,-0.6010149325507882,2
3493,2024,M,2,2,15,1673.2902880972392,1676.6477962225504,-3.357508125311142,0.2238338750207428,False,-13.832407009195776,0.9221604672797185,2
7716,2024,M,2,2,15,1932.1844306781234,1906.7759251158416,25.40850556228179,-1.6939003708187859,True,14.760067639964518,-0.9840045093309678,2
93,2024,M,4,4,57,1570.8684226289236,1573.3366306880198,-2.4682080590962414,0.043301895773618274,False,22.0,-0.38596491228070173,4
7718,2024,M,4,4,57,1577.241710655319,1618.6418751005917,-41.40016444527282,0.7263186744784705,False,-17.0,0.2982456140350877,4
90,2024,M,4,4,57,1631.2675830021474,1587.8741376863397,43.39344531580764,-0.7612885143124147,True,69.0,-1.2105263157894737,4
7719,2024,M,4,4,57,1668.9190076503905,1618.8410190320758,50.07798861831475,-0.8785612038300833,True,76.29999999999995,-1.3385964912280695,4
99,2024,M,3,3,57,1680.5870272679451,1678.7833424087094,1.8036848592357728,-0.031643594021680224,True,28.0,-0.49122807017543857,3
2970,2024,M,3,3,57,1702.550358312754,1656.9770819112296,45.57327640152448,-0.799531164939026,True,72.30000000000018,-1.2684210526315822,3
106,2024,M,4,4,57,1756.1840283194963,1702.6806141867694,53.5034141327269,-0.9386563882934544,True,81.09999999999991,-1.422807017543858,4
7720,2024,M,4,4,57,1782.363534520228,1719.7074203286368,62.656114191591314,-1.0992300735366898,True,90.70000000000005,-1.5912280701754393,4
108,2024,M,4,4,57,1942.5781904453052,1891.4690612334425,51.10912921186264,-0.8966513896818007,True,81.60000000000014,-1.4315789473684235,4
1483,2024,F,2,2,36,1631.28957496964,1562.2148588819891,69.07471608765081,-1.918742113545856,True,107.29951583198158,-2.9805421064439326,2
1484,2024,F,5,5+,36,1670.860749632589,1528.5471954280304,142.3135542045586,-3.9531542834599613,True,182.93721142175195,-5.0815892061597765,5
7713,2024,F,3,3,36,1935.485684620508,1906.1129916653429,29.37269295516512,-0.8159081376434756,True,73.64419048372702,-2.045671957881306,3
1584,2024,M,5,5+,50,1737.2122747526337,1847.5727750703813,-110.36050031774766,2.2072100063549533,False,-37.8888271638275,0.75777654327655,5
5298,2024,F,3,3,36,1728.1747518730247,1641.0340337433533,87.14071812967131,-2.420575503601981,True,127.92290031431025,-3.553413897619729,3
7717,2024,M,4,4,57,1575.574850709954,1581.4019599131152,-5.8271092031611715,0.10222998602037144,False,18.700000000000045,-0.3280701754385973,4
7697,2024,M,5,5+,36,1871.5198711388557,1896.9200243786663,-25.400153239810606,0.7055598122169613,False,15.527773626251928,-0.43132704517366466,5
1589,2024,M,4,4,36,2030.3040855580814,1947.395731306027,82.90835425205432,-2.3030098403348425,True,129.9880072705987,-3.610777979738853,4
7693,2024,M,4,4,36,1572.936511415747,1571.4542282218965,1.482283193850435,-0.041174533162512086,True,36.43429079503494,-1.012063633195415,4
1520,2024,M,2,2,15,1620.9483390958685,1551.4209188270218,69.52742026884675,-4.635161351256451,True,96.74641677840441,-6.449761118560294,2
1557,2024,M,4,4,50,1738.6243873314609,1733.381268819399,5.243118512061756,-0.10486237024123511,True,78.2888824239185,-1.5657776484783699,4
2751,2024,M,4,4,36,2137.467740151294,2133.462660246383,4.005079904910872,-0.11125221958085756,True,51.54974598511308,-1.4319373884753632,4
1608,2024,M,3,3,36,2269.892519765747,2260.7942211258105,9.098298639936274,-0.25273051777600763,True,59.70606732486476,-1.6585018701351322,3
1458,2024,F,3,3,36,1534.8713145814525,1567.9175888383934,-33.04627425694093,0.9179520626928037,False,0.9031838049893395,-0.025088439027481653,3
7707,2024,F,2,2,15,1619.3832038321157,1922.5820416884333,-303.1988378563176,20.21325585708784,False,-293.18032177910004,19.545354785273336,2
1497,2024,F,4,4,36,1707.1635086891583,1556.747293047499,150.4162156416594,-4.1782282122683165,True,192.02553982416657,-5.334042772893516,4
7696,2024,M,5,5+,36,1868.381843185907,1812.3121953201537,56.06964786575327,-1.5574902184931463,True,98.90397454237154,-2.7473326261769873,5
7722,2024,M,3,3,34,1564.8492140321316,1514.7507512580055,50.09846277412612,-1.4734841992390035,True,89.26528754668334,-2.6254496337259807,3
7723,2024,M,2,2,56,1571.10861088826,1659.3813282370504,-88.27271734879037,1.5762985240855423,False,-27.684183363270904,0.49436041720126617,2
1525,2024,M,3,3,56,1611.7946904530957,1686.3800231895934,-74.58533273649778,1.3318809417231745,False,-12.26634371478599,0.21904185204974982,3
1546,2024,M,3,3,56,1624.3134841653525,1704.0330160431788,-79.71953187782628,1.423563069246898,False,-16.962544437468978,0.30290257924051744,3
2070,2024,M,4,4,56,1639.9619763056742,1693.6489025998933,-53.68692629421912,0.95869511239677,False,9.94550807499445,-0.17759835848204375,4
530,2023,M,2,2,14,1740.8194310103825,1676.0618406932567,64.75759031712573,-4.625542165508981,True,73.92922523705874,-5.280658945504196,2
7726,2024,M,3,3,56,1691.6020003687343,1826.5655546739497,-134.96355430521544,2.41006346973599,False,-70.13173783216575,1.2523524612886743,3
1554,2024,M,3,3,56,1693.1668495827662,1942.8676252387495,-249.7007756559833,4.458942422428273,False,-185.9672777325136,3.3208442452234572,3
2497,2024,M,3,3,56,1710.3801909371198,1753.87676057095,-43.49656963383018,0.7767244577469674,False,22.99445632254651,-0.41061529147404485,3
7727,2024,M,2,2,56,1722.8989846493769,1773.606576113193,-50.707591463816016,0.9054927047110003,False,16.200444181251214,-0.2892936460937717,2
7729,2024,M,3,3,56,1729.1583815055055,1770.4913420802072,-41.3329605747017,0.7380885816911018,False,25.914759476930385,-0.4627635620880426,3
5932,2024,M,2,2,56,1765.1499134282446,1751.799937882293,13.349975545951565,-0.23839242046342082,True,82.55875170906529,-1.474263423376166,2
7730,2024,M,2,2,56,1801.1414453509838,1752.8383492266216,48.30309612436213,-0.862555287935038,True,119.27353546438303,-2.1298845618639826,2
7731,2024,M,2,2,56,1815.2250882772726,1875.3708878573925,-60.145799580119956,1.074032135359285,False,10.279757643720131,-0.18356710078071664,2
7732,2024,M,3,3,56,1852.781469414044,1858.7563063481357,-5.974836934091627,0.10669351668020763,False,66.46783799918262,-1.1869256785568325,3
7733,2024,M,2,2,56,1879.38390605259,1966.7510861583064,-87.36718010571644,1.560128216173508,False,-14.706063555672927,0.26260827777987367,2
7734,2024,M,3,3,56,1882.5136044806543,1923.1378096965063,-40.624205215852044,0.725432235997358,False,32.63177531906558,-0.5827102735547426,3
1592,2024,M,3,3,56,1901.2917950490398,1971.943142879949,-70.65134783090912,1.2616312112662342,False,3.036001484958888,-0.05421431223140871,3
2600,2024,M,2,2,56,1960.756065182261,2254.3910285373195,-293.6349633550585,5.243481488483188,False,-219.87416885258472,3.9263244437961555,2
7736,2024,M,3,3,56,2034.303978241771,1956.3669727150204,77.93700552675045,-1.3917322415491153,True,158.33104818946708,-2.8273401462404837,3
7737,2024,M,2,2,56,2038.9985258838676,2132.896901250877,-93.8983753670093,1.6767567029823087,False,-15.057223766757033,0.268878995834947,2
7740,2024,M,2,2,56,2200.177994929177,2352.001694904205,-151.82369997502792,2.71113749955407,False,-67.26067561051377,1.2010834930448888,2
7741,2024,M,2,2,56,2278.4204556307836,2150.549894104463,127.87056152632067,-2.2834028843985834,True,218.32200909188668,-3.8986073052122623,2
7742,2024,M,2,2,56,2284.6798524869123,2692.600615843975,-407.9207633570627,7.284299345661834,False,-322.6391729981592,5.761413803538558,2
7744,2024,M,3,3,56,2366.052011616583,2392.4997373330193,-26.447725716436253,0.4722808163649331,False,65.8733531722055,-1.1763098780750982,3
7745,2024,F,2,2,56,1338.4759851725887,1346.3442541200786,-7.8682689474899234,0.14050480263374862,False,23.317128847435242,-0.4163773008470579,2
1494,2024,F,2,2,56,1544.9367856900083,1532.6246816667074,12.31210402330089,-0.21985900041608733,True,48.62020919550605,-0.8682180213483223,2
7747,2024,F,2,2,56,1550.8021493410713,1731.7180486742154,-180.91589933314413,3.2306410595204307,False,-147.2916351127874,2.630207769871203,2
7748,2024,F,2,2,56,1575.4366766755363,1666.6677406420592,-91.23106396652292,1.629126142259338,False,-55.72138120761997,0.9950246644217852,2
1466,2024,F,4,4,56,1438.1871672406608,1392.6679583247958,45.519208915864965,-0.8128430163547316,True,79.81577560644678,-1.4252817072579782,4
7753,2024,F,3,3,56,1724.4169134125377,1800.710799617411,-76.29388620487339,1.3623908250870247,False,-37.082226638273596,0.6621826185405999,3
7754,2024,F,2,2,56,1738.493786175089,1776.0705314234126,-37.576745248323505,0.6710133080057769,False,2.5293470218221046,-0.04516691110396615,2
7755,2024,F,3,3,56,1767.8206044304043,1780.0129743344523,-12.192369904048064,0.21772089114371543,False,28.97012548035491,-0.517323669292052,3
7756,2024,F,2,2,56,1815.9165863691212,1826.3366785391695,-10.420092170048292,0.18607307446514806,False,31.8930021523488,-0.5695178955776571,2
1492,2024,F,2,2,56,1872.2240774193267,2027.4012670021973,-155.1771895828706,2.7710212425512606,False,-113.6607032072684,2.0296554144155072,2
7757,2024,F,2,2,21,2640.5867157085863,2526.95119696544,113.63551874314635,-5.411215178245064,True,137.5923186325681,-6.552015172979433,2
2516,2024,F,4,4,56,1505.0523128627794,1494.1858632840697,10.866449578709762,-0.19404374247696005,True,46.220750491901526,-0.8253705444982415,4
7751,2024,F,4,4,56,1603.5904222006386,1688.351176652778,-84.76075445213928,1.5135849009310587,False,-48.49823388742857,0.8660398908469388,4
4555,2024,F,3,3,56,1874.5702228797518,1820.4230141726098,54.147208707142,-0.9669144411989643,True,98.77455906941418,-1.7638314119538248,3
7725,2024,M,3,3,21,1663.434714516156,1696.2379015256392,-32.80318700948328,1.5620565242611086,False,-7.945039832170096,0.3783352301033379,3
492,2023,F,2,2,14,1664.6425701180326,1607.8348594380086,56.807710680024,-4.057693620001714,True,60.35967222342538,-4.311405158816099,2
556,2023,M,3,3,29,2087.7296608201477,1852.0924478801883,235.63721293995945,-8.125421135860671,True,274.6999999999998,-9.472413793103442,3
2568,2023,M,2,2,28,1787.045405469764,1953.038974096526,-165.993568626762,5.928341736670071,False,-170.63072670576798,6.093954525206,2
2585,2023,M,3,3,28,1845.2027319902052,1860.7392309450518,-15.536498954846593,0.5548749626730926,False,-17.622343195921076,0.6293693998543242,3
550,2023,M,4,4,42,1953.1574824580312,1902.711531611377,50.445950846654114,-1.2010940677774788,True,58.5,-1.3928571428571428,4
551,2023,M,4,4,42,1958.250461551794,1949.7952131551,8.455248396693833,-0.20131543801651983,True,15.800000000000182,-0.3761904761904805,4
548,2023,M,3,3,29,1941.0126861575197,2068.630371535091,-127.6176853775712,4.400609840605903,False,-92.20000000000005,3.179310344827588,3
2596,2023,M,2,2,28,1928.7231147987268,2017.3244182084152,-88.6013034096884,3.1643322646317285,False,-92.03613687761367,3.2870048884862024,2
2617,2023,M,2,2,28,2183.3229664548785,2306.2157335675015,-122.892767112623,4.389027396879393,False,-127.17276906784036,4.541884609565727,2
524,2023,M,4,4,57,1528.812308668183,1655.694221132512,-126.88191246432893,2.2259984642864725,False,-119.43315737988564,2.0953185505243095,4
474,2023,F,4,4,42,1376.7403902164494,1346.7745043055781,29.965885910871293,-0.7134734740683641,True,25.40000000000009,-0.6047619047619069,4
513,2023,M,4,4,42,1676.4715989988024,1831.5453824722213,-155.07378347341887,3.6922329398433065,False,-151.5999999999999,3.6095238095238074,4
521,2023,M,5,5+,64,1706.2459383161847,1674.3119691693094,31.93396914687537,-0.49896826791992765,True,61.61581882422115,-0.9627471691284555,5
2604,2023,M,2,2,15,1976.5413610488672,2160.5916638473063,-184.05030279843913,12.27002018656261,False,-157.33591043618412,10.489060695745609,2
517,2023,M,4,4,42,1694.1011420156738,1741.0149634706158,-46.91382145494208,1.1169957489271924,False,-41.5,0.9880952380952381,4
2554,2023,M,3,3,28,1694.1552311662829,1750.9428378671,-56.78760670081715,2.02812881074347,False,-59.43995036732849,2.122855370261732,3
534,2023,M,4,4,42,1770.1040607995185,1791.145814383557,-21.041753584038588,0.5009941329532998,False,-14.900000000000091,0.35476190476190694,4
504,2023,M,4,4,42,1536.4146739203256,1580.4979447631001,-44.08327084277448,1.0496016867327258,False,-39.200000000000045,0.9333333333333345,4
507,2023,M,4,4,42,1623.2891442312412,1634.265739761882,-10.976595530640907,0.26134751263430733,False,-5.199999999999818,0.12380952380951948,4
1483,2023,F,2,2,21,1638.2782009572213,1555.956790160927,82.32141079629423,-3.9200671807759155,True,115.96860204935001,-5.522314383302382,2
7694,2023,M,2,2,21,1684.7224682079898,1697.9440374636797,-13.221569255689928,0.6295985359852347,False,25.809999999999945,-1.2290476190476165,2
3461,2024,F,2,2,28,1988.453345965049,1909.6645812350748,78.78876472997422,-2.8138844546419364,True,95.30398919797426,-3.403713899927652,2
1520,2023,M,2,2,35,1493.2104507602262,1614.892846010527,-121.68239525030071,3.476639864294306,False,-81.59999999999991,2.3314285714285687,2
1584,2023,M,2,2,21,1837.3487968338723,1742.3621635733264,94.98663326054589,-4.523173012406947,True,138.1500000000001,-6.578571428571433,2
19505,2024,F,3,3,21,1506.005923083713,1386.318801096445,119.68712198726803,-5.699386761298477,True,137.618947446216,-6.553283211724572,3
2239,2024,F,4,4,22,1397.338786407947,1355.4896168539847,41.84916955396238,-1.9022349797255629,True,61.799999999999955,-2.809090909090907,4
539,2023,M,2,2,14,1799.3886905886545,1719.3567393251399,80.03195126351466,-5.716567947393904,True,89.72631751306176,-6.409022679504411,2
561,2023,M,4,4,42,2203.5949352032517,2083.870665400692,119.72426980255977,-2.850577852441899,True,129.9000000000001,-3.092857142857145,4
7115,2024,F,2,2,7,1435.7591420855817,1439.0267612529096,-3.2676191673278936,0.4668027381896991,False,-4.0,0.5714285714285714,2
11376,2024,F,3,3,35,1498.0578361533635,1468.861455681097,29.196380472266583,-0.8341822992076167,True,80.59999999999991,-2.3028571428571403,3
21466,2024,F,2,2,7,1482.523299866609,1484.7732927094637,-2.249992842854681,0.32142754897924014,False,-3.0,0.42857142857142855,2
2245,2024,F,3,3,21,1627.4544968722792,1462.8945167954596,164.55998007681956,-7.836189527467598,True,184.13302790481475,-8.768239424038798,3
19512,2024,F,3,3,14,1651.002873836669,1538.938783827976,112.06409000869303,-8.004577857763788,True,132.38189808350194,-9.45584986310728,3
19520,2024,F,2,2,14,1778.447562130057,1562.2213645104448,216.2261976196121,-15.444728401400864,True,238.5940704857478,-17.042433606124842,2
4791,2024,F,3,3,21,1754.245063583323,1558.3655389656594,195.8795246176635,-9.327596410364928,True,217.07995391320833,-10.33714066253373,3
20763,2024,F,3,3,14,1555.2247477500052,1573.2828861797532,-18.05813842974794,1.2898670306962816,False,-3.400000000000091,0.24285714285714935,3
19513,2024,F,2,2,14,1673.1339873726467,1588.190396810122,84.94359056252483,-6.067399325894631,True,105.38940107550866,-7.527814362536333,2
2249,2024,F,2,2,14,1787.7142845465994,1644.2078879393096,143.50639660728984,-10.250456900520703,True,165.61839439865685,-11.829885314189776,2
8183,2024,F,3,3,21,1777.6844202839886,1708.5335009208698,69.15091936311887,-3.29290092205328,True,89.91794969291982,-4.281807128234277,3
11377,2024,F,5,5+,35,1826.7918939327803,1687.6492148211385,139.14267911164188,-3.9755051174754823,True,202.4000000000001,-5.782857142857146,5
2775,2024,F,3,3,21,1970.432246548069,1729.417787020601,241.01445952746803,-11.476879025117526,True,264.9438870814324,-12.616375575306305,3
19526,2024,F,2,2,14,2234.915406342559,1775.5455225583648,459.36988378419414,-32.812134556013866,True,488.4251789957598,-34.88751278541141,2
2064,2024,F,5,5+,35,1847.9509029179974,1804.0045230910698,43.94637982692757,-1.2556108521979306,True,107.40000000000009,-3.068571428571431,5
19524,2024,F,2,2,14,1980.8981918655757,1826.0906122450922,154.80757962048347,-11.057684258605962,True,179.28782938307108,-12.80627352736222,2
1671,2024,F,4,4,35,1581.3473897042632,1640.9081935503116,-59.56080384604843,1.701737252744241,False,-5.7999999999999545,0.16571428571428443,4
1625,2024,M,5,5+,35,1597.9211279130122,1611.0970603101605,-13.175932397148244,0.3764552113470927,False,30.5,-0.8714285714285714,5
5,2024,M,2,2,7,1597.1516529855917,1602.1465210862152,-4.994868100623535,0.7135525858033621,False,-6.7000000000000455,0.9571428571428636,2
2260,2024,M,3,3,21,1684.9621057989407,1650.8772346388064,34.0848711601343,-1.623089102863538,True,52.700000000000045,-2.5095238095238117,3
2066,2024,M,4,4,28,1678.9547531213243,1631.5974843097215,47.35726881160281,-1.6913310289858146,True,95.29999999999995,-3.403571428571427,4
2994,2024,M,3,3,21,1724.6094304113642,1670.7673218031293,53.84210860823487,-2.56390993372547,True,73.0,-3.4761904761904763,3
2265,2024,M,2,2,14,1889.132331708906,1641.9511445921187,247.1811871167872,-17.655799079770514,True,272.3987419954665,-19.457052999676176,2
19502,2024,M,3,3,21,1768.6838756380776,1708.558487415343,60.1253882227345,-2.863113724892119,True,79.79999999999995,-3.799999999999998,3
2783,2024,M,4,4,29,1820.128241049181,1662.8112869374002,157.3169541117809,-5.424722555578652,True,183.4000000000001,-6.324137931034486,4
19362,2024,M,3,3,22,1863.5860836052223,1673.0121254393111,190.5739581659111,-8.66245264390505,True,219.20000000000005,-9.963636363636367,3
1631,2024,M,5,5+,35,1758.342534090041,1724.4705571468014,33.87197694323959,-0.9677707698068454,True,82.20000000000005,-2.34857142857143,5
2269,2024,M,4,4,21,1686.643000159095,1652.8662433552388,33.77675680385619,-1.6084169906598185,True,53.71873351465547,-2.558034929269308,4
1632,2024,M,5,5+,35,1778.9639942685003,1657.8387651463195,121.12522912218083,-3.4607208320623095,True,170.5,-4.871428571428571,5
2784,2024,M,2,2,7,1761.2372069305513,1703.7744430091266,57.46276392142477,-8.208966274489253,True,78.39999999999986,-11.19999999999998,2
1636,2024,M,2,2,7,1718.5084980263844,1725.4650615050175,-6.956563478633143,0.9937947826618776,False,-8.799999999999955,1.2571428571428507,2
1663,2024,M,4,4,21,1777.6623867447852,1735.410105087179,42.25228165760609,-2.0120134122669566,True,63.30718682893166,-3.014627944234841,4
18,2024,M,3,3,21,1898.3493194077398,1705.5749743406946,192.77434506704526,-9.179730717478346,True,214.5999999999999,-10.219047619047615,3
11370,2024,M,4,4,35,1847.0244942941194,1732.4265920125306,114.59790228158886,-3.2742257794739675,True,165.79999999999995,-4.737142857142856,4
2275,2024,M,3,3,21,1827.5886325512822,1755.300192251502,72.28844029978018,-3.4423066809419134,True,94.0941021489989,-4.48067153090471,3
505,2023,M,3,3,42,1560.4104408044002,1578.3354374688165,-17.924996664416312,0.42678563486705506,False,-12.5,0.2976190476190476,3
7289,2023,F,2,2,29,1460.9566741332392,1464.7613293077745,-3.8046551745353554,0.13119500601846054,False,22.600000000000136,-0.7793103448275909,2
516,2023,M,4,4,42,1693.21966486483,1653.236826479917,39.982838384913066,-0.9519723424979302,True,46.899999999999864,-1.1166666666666634,4
2380,2024,F,3,3,35,1512.81807212014,1368.4746104183798,144.34346170176013,-4.124098905764575,True,174.2820054211004,-4.979485869174297,3
567,2024,F,2,2,14,1440.694063394488,1361.2985500299453,79.3955133645427,-5.671108097467335,True,83.79999999999995,-5.985714285714282,2
1,2023,M,5,5+,50,2055.2652620944577,1997.061405713419,58.203856381038804,-1.164077127620776,True,83.09999999999991,-1.6619999999999981,5
6,2023,M,4,4,50,1628.1882077279117,1652.0329414046269,-23.844733676715123,0.4768946735343025,False,-4.399999999999864,0.08799999999999727,4
8,2023,M,4,4,43,1598.753879138831,1563.0865157037747,35.66736343505636,-0.8294735682571246,True,48.63425415055849,-1.131029166292058,4
9,2023,M,4,4,28,1648.1689963972844,1650.8813952657526,-2.712398868468199,0.09687138815957853,False,18.40000000000009,-0.6571428571428604,4
12,2023,M,4,4,50,1723.761339737572,1750.1429406379293,-26.381600900357398,0.527632018007148,False,-5.7999999999999545,0.11599999999999909,4
13,2023,M,2,2,22,1692.1509380252494,1766.1531161698806,-74.00217814463122,3.36373537021051,False,-78.17000000000007,3.5531818181818213,2
14,2023,M,4,4,50,1717.65883285333,1734.106686956141,-16.44785410281088,0.3289570820562176,False,4.099999999999909,-0.08199999999999819,4
15,2023,M,2,2,28,1749.450925169623,1707.9011499962648,41.54977517335806,-1.483920541905645,True,64.10000000000014,-2.289285714285719,2
16,2023,M,4,4,50,1768.2505834743035,1673.4478143337233,94.80276914058027,-1.8960553828116053,True,116.40000000000009,-2.3280000000000016,4
17,2023,M,4,4,50,1704.3711162505451,1702.2333877128344,2.1377285377107,-0.042754570754214,True,22.59999999999991,-0.4519999999999982,4
18,2023,M,4,4,28,1860.8474976354169,1799.582979959025,61.26451767639196,-2.18801848844257,True,101.31999999999994,-3.618571428571426,4
19,2023,M,4,4,50,1765.1009025017918,1722.4530119203068,42.647890581484944,-0.8529578116296989,True,64.0,-1.28,4
20,2023,M,3,3,28,1945.8138482996667,1751.064705587719,194.7491427119478,-6.955326525426707,True,220.30000000000018,-7.867857142857149,3
21,2023,M,2,2,22,1769.0079850483696,1700.1417024499926,68.86628259837698,-3.130285572653499,True,67.69999999999982,-3.077272727272719,2
22,2023,M,3,3,28,1776.0156034429933,1931.5120823985396,-155.4964789555463,5.553445676983797,False,-118.42000000000007,4.229285714285717,3
23,2023,M,2,2,21,1898.7841697444658,1809.2806789489412,89.50349079552461,-4.2620709902630765,True,106.56403155887324,-5.074477693279678,2
24,2023,M,3,3,14,1907.500169642502,1771.6364301515898,135.86373949091217,-9.70455282077944,True,180.5999999999999,-12.899999999999993,3
25,2023,M,2,2,28,1783.4084231545175,1827.1242735236995,-43.71585036918191,1.5612803703279252,False,-21.0,0.75,2
26,2023,M,2,2,22,1828.5198619261944,2017.3694415856544,-188.84957965946,8.584071802702727,False,-193.94000000000005,8.815454545454548,2
27,2023,M,2,2,21,1751.5679976927975,1829.5167107851194,-77.9487130923219,3.711843480586757,False,-62.71830439368455,2.986585923508788,2
28,2023,M,4,4,50,1779.4713219388777,1735.5011437980356,43.97017814084211,-0.8794035628168422,True,65.5,-1.31,4
30,2023,M,2,2,22,1834.8996946233146,1804.5267574718212,30.37293715149349,-1.380588052340613,True,29.0,-1.3181818181818181,2
31,2023,M,2,2,28,1786.6565316574206,1834.999379509207,-48.34284785178647,1.7265302804209455,False,-25.59999999999991,0.914285714285711,2
32,2023,M,2,2,8,1847.45999024577,1775.5226903898433,71.93729985592677,-8.992162481990846,True,71.5,-8.9375,2
33,2023,M,4,4,28,1804.7474160569602,1877.503108767164,-72.75569271020368,2.5984175967929883,False,-34.61999999999989,1.2364285714285674,4
34,2023,M,2,2,22,1856.531314861988,1870.630143614442,-14.098828752453983,0.6408558523842719,False,-18.309999999999945,0.8322727272727248,2
35,2023,M,4,4,50,1869.630939777033,1849.9462088935327,19.68473088350038,-0.3936946176700076,True,42.200000000000045,-0.8440000000000009,4
37,2023,M,2,2,28,1937.7427908076045,1879.5585235031563,58.18426730444821,-2.078009546587436,True,83.20000000000005,-2.971428571428573,2
38,2023,M,4,4,50,1941.1877543712897,1797.4548692022124,143.73288516907724,-2.8746577033815446,True,167.60000000000014,-3.3520000000000025,4
39,2023,M,4,4,28,1902.2407869945216,1991.0512566448404,-88.81046965031874,3.1718024875113833,False,-48.680000000000064,1.7385714285714309,4
40,2023,M,2,2,22,1923.6192430676429,1964.3948939685813,-40.775650900938444,1.853438677315384,False,-45.27999999999997,2.058181818181817,2
42,2023,M,2,2,22,1940.1669341257984,2048.7602925581446,-108.59335843234612,4.936061746924824,False,-113.50000000000023,5.15909090909092,2
43,2023,M,3,3,50,1988.7282515501422,1916.2825129436644,72.44573860647779,-1.4489147721295559,True,96.59999999999991,-1.9319999999999982,3
44,2023,M,3,3,28,1923.4707989009098,1950.534162258619,-27.06336335770925,0.9665486913467589,False,-2.5,0.08928571428571429,3
45,2023,M,2,2,28,2188.3392831830893,1963.4931974246442,224.84608575844504,-8.030217348515894,True,253.60000000000014,-9.057142857142862,2
49,2023,M,2,2,22,2010.3450937941209,2085.9399506491354,-75.59485685501454,3.4361298570461156,False,-80.47999999999979,3.658181818181809,2
50,2023,M,3,3,43,2367.833160884404,2136.40748584275,231.42567504165436,-5.381992442829171,True,251.34024003746936,-5.845121861336497,3
53,2023,M,2,2,22,2074.4424754230013,2095.856515420863,-21.41403999786189,0.9733654544482678,False,-26.15000000000009,1.1886363636363677,2
54,2023,M,3,3,28,2187.748718000743,2098.2671631513094,89.48155484943345,-3.1957698160511945,True,117.79999999999973,-4.2071428571428475,3
55,2023,M,2,2,22,2138.838911709558,2227.8850819002146,-89.04617019065654,4.047553190484388,False,-94.28999999999996,4.285909090909089,2
56,2023,M,2,2,28,1999.2599973019792,2145.119059520786,-145.85906221880668,5.209252222100239,False,-120.70000000000005,4.310714285714288,2
57,2023,M,2,2,22,2178.4138114088823,2183.3052992453668,-4.89148783648443,0.2223403562038377,False,-9.769999999999982,0.44409090909090826,2
58,2023,M,3,3,50,2295.8221463700606,2350.9546313742558,-55.13248500419513,1.1026497000839026,False,-27.800000000000182,0.5560000000000036,3
61,2023,M,2,2,22,2776.4234418780115,2464.2044477481286,312.21899412988296,-14.191772460449226,True,311.1999999999998,-14.145454545454538,2
63,2023,F,4,4,50,1413.693495235143,1383.3374571636816,30.3560380714614,-0.607120761429228,True,45.90000000000009,-0.9180000000000018,4
64,2023,F,4,4,50,1467.6535172027445,1387.1197872379523,80.5337299647922,-1.610674599295844,True,96.90000000000009,-1.9380000000000017,4
65,2023,F,4,4,50,1509.403607192276,1410.1123726894427,99.29123450283328,-1.9858246900566656,True,116.20000000000005,-2.3240000000000007,4
66,2023,F,4,4,50,1486.6576855234512,1467.344998813282,19.312686710169146,-0.38625373420338294,True,35.59999999999991,-0.7119999999999982,4
67,2023,F,4,4,28,1539.6330355573375,1468.1692705081296,71.46376504920795,-2.552277323185998,True,89.19999999999982,-3.1857142857142793,4
68,2023,F,4,4,43,1478.4500074285618,1483.0715291220936,-4.621521693531804,0.10747724868678614,False,15.235613217528226,-0.35431658645414477,4
69,2023,F,4,4,50,1522.2043423305759,1492.5273543077712,29.676988022804608,-0.5935397604560921,True,46.40000000000009,-0.9280000000000018,4
70,2023,F,4,4,50,1536.777486949563,1468.340348832827,68.43713811673592,-1.3687427623347184,True,85.5,-1.71,4
71,2023,F,4,4,50,1573.7026844638892,1539.010200220524,34.69248424336524,-0.6938496848673048,True,52.0,-1.04,4
72,2023,F,2,2,21,1522.1026730742035,1540.9603541178312,-18.857681043627736,0.8979848116013207,False,2.179149766986029,-0.10376903652314425,2
74,2023,F,4,4,50,1711.6552223774108,1536.9199651794793,174.73525719793156,-3.4947051439586314,True,194.20000000000005,-3.884000000000001,4
75,2023,F,2,2,28,1699.8391591728266,1563.4648478193258,136.37431135350084,-4.870511119767888,True,156.20000000000005,-5.57857142857143,2
76,2023,F,2,2,21,1590.2725892879457,1569.1407599475788,21.13182934036695,-1.0062775876365213,True,43.28412465244082,-2.0611487929733725,2
79,2023,F,3,3,35,1664.0663021073904,1699.9582983809555,-35.891996273565155,1.0254856078161474,False,-22.40000000000009,0.6400000000000026,3
81,2023,F,4,4,50,1701.4146342667711,1633.2698470714383,68.14478719533281,-1.3628957439066562,True,87.0,-1.74,4
82,2023,F,3,3,28,1737.158225460639,1633.2686092562628,103.88961620437613,-3.710343435870576,True,124.0,-4.428571428571429,3
7,2023,M,7,5+,57,1538.4468619515417,1578.5251450247513,-40.078283073209604,0.7031277732142036,False,-6.693558683949277,0.11743085410437329,7
89,2023,M,3,3,50,1532.4533980123997,1641.625719285177,-109.17232127277725,2.183446425455545,False,-99.61421943653477,1.9922843887306954,3
90,2023,M,3,3,50,1532.650523481658,1737.1451139775133,-204.4945904958554,4.089891809917108,False,-195.6777239336402,3.913554478672804,3
91,2023,M,3,3,50,1561.8250929318554,1658.2486398143371,-96.42354688248179,1.9284709376496358,False,-86.56663490428286,1.7313326980856574,3
93,2023,M,3,3,50,1588.9298449548426,1659.0098996884199,-70.0800547335773,1.401601094671546,False,-59.83382510213005,1.196676502042601,3
94,2023,M,3,3,50,1643.336474470076,1735.2232447872054,-91.8867703171295,1.8377354063425901,False,-81.44088310628786,1.628817662125757,3
95,2023,M,3,3,50,1648.4617366707864,1742.199380354623,-93.7376436838365,1.8747528736767298,False,-83.27136377180682,1.6654272754361363,3
96,2023,M,3,3,50,1658.318010133691,1742.7110468273675,-84.39303669367655,1.687860733873531,False,-73.78701619986828,1.4757403239973654,3
98,2023,M,3,3,50,1684.9299484835333,1703.886793249126,-18.956844765592678,0.3791368953118536,False,-7.660316109654332,0.15320632219308664,3
99,2023,M,2,2,43,1694.983347415696,1672.900352686049,22.082994729646998,-0.5135580169685349,True,38.700000000000045,-0.900000000000001,2
100,2023,M,3,3,50,1729.7759927397487,1783.5944459666534,-53.818453226904694,1.076369064538094,False,-42.488902890816235,0.8497780578163247,3
102,2023,M,3,3,50,1742.2934600376377,1726.0007686077386,16.29269142989915,-0.325853828597983,True,28.25343748730529,-0.5650687497461058,3
103,2023,M,3,3,50,1748.0100986461223,1830.0063389455927,-81.9962402994704,1.639924805989408,False,-70.76235118252475,1.415247023650495,3
105,2023,M,3,3,50,1794.1374584525156,1972.3619353991444,-178.22447694662878,3.5644895389325755,False,-167.42691817997456,3.3485383635994914,3
106,2023,M,2,2,43,1827.6487882263912,1756.5951294028227,71.05365882356841,-1.6524106703155446,True,89.20000000000005,-2.074418604651164,2
112,2023,F,3,3,50,1579.8838700512997,1722.0363854674447,-142.15251541614498,2.8430503083228995,False,-142.44624763819638,2.8489249527639275,3
114,2023,M,2,2,57,1499.4801444134337,1615.9027375924297,-116.42259317899607,2.0425016347192293,False,-109.89873589733202,1.9280479981988072,2
115,2023,M,3,3,50,1568.737979371748,1558.8035411179555,9.93443825379245,-0.198688765075849,True,28.799999999999955,-0.5759999999999991,3
116,2023,M,3,3,50,1592.262159135197,1572.9473176571728,19.314841478024164,-0.3862968295604833,True,38.5,-0.77,3
117,2023,M,3,3,50,1604.0734627821168,1587.9875307376078,16.085932044509036,-0.3217186408901807,True,35.40000000000009,-0.7080000000000019,3
119,2023,M,2,2,15,1613.5225056996526,1585.5645291627131,27.95797653693944,-1.8638651024626294,True,34.0,-2.2666666666666666,2
120,2023,M,3,3,50,1613.6209332300439,1594.2625865261339,19.35834670391,-0.3871669340782,True,38.80000000000018,-0.7760000000000037,3
121,2023,M,2,2,50,1614.9004911251268,1585.3978251740893,29.502665951037443,-0.5900533190207489,True,49.0,-0.98,2
123,2023,M,3,3,50,1628.2866352583026,1683.975926456727,-55.68929119842437,1.1137858239684875,False,-38.75,0.775,3
124,2023,M,3,3,50,1628.6803453798666,1606.2150737423738,22.465271637492833,-0.4493054327498567,True,42.100000000000136,-0.8420000000000027,3
125,2023,M,3,3,50,1633.9954320209804,1584.6009926930067,49.394439327973714,-0.9878887865594743,True,69.19999999999982,-1.3839999999999963,3
126,2023,M,2,2,50,1636.6529753415375,1680.574256294309,-43.92128095277144,0.8784256190554288,False,-26.830000000000155,0.5366000000000031,2
127,2023,M,3,3,50,1641.0822142091324,1648.6761387186511,-7.593924509518729,0.15187849019037458,False,9.740000000000009,-0.1948000000000002,3
128,2023,M,3,3,50,1644.6256053032084,1771.2158357975732,-126.59023049436473,2.5318046098872946,False,-109.8599999999999,2.197199999999998,3
129,2023,M,2,2,22,1645.4130255463365,1650.572853830585,-5.159828284248533,0.23453764928402424,False,-65.39999999999986,2.9727272727272664,2
130,2023,M,3,3,50,1645.4130255463365,1713.2979254006118,-67.88489985427532,1.3576979970855063,False,-50.82999999999993,1.0165999999999986,3
131,2023,M,4,4,50,1648.1689963972844,1662.9492284352302,-14.78023203794578,0.29560464075891557,False,2.589999999999918,-0.05179999999999836,4
132,2023,M,2,2,50,1651.3186773697964,1693.017207677891,-41.69853030809463,0.8339706061618927,False,-24.440000000000055,0.48880000000000107,2
133,2023,M,4,4,50,1657.0274741324743,1644.2638247140708,12.763649418403475,-0.2552729883680695,True,32.700000000000045,-0.6540000000000009,4
134,2023,M,4,4,50,1658.4054595579485,1738.7308803868782,-80.32542082892974,1.6065084165785948,False,-63.19999999999982,1.2639999999999965,4
135,2023,M,2,2,15,1660.9645753481143,1657.1732181082666,3.7913572398476845,-0.25275714932317894,True,9.700000000000045,-0.6466666666666697,2
138,2023,M,3,3,50,1662.8346984255436,1729.182332562547,-66.3476341370033,1.326952682740066,False,-49.09999999999991,0.9819999999999982,3
139,2023,M,2,2,50,1674.7444296028543,1721.0585550784124,-46.31412547555806,0.9262825095111612,False,-26.40000000000009,0.5280000000000018,2
140,2023,M,3,3,50,1682.6186320341342,1641.2757029100108,41.34292912412343,-0.8268585824824686,True,61.700000000000045,-1.2340000000000009,3
141,2023,M,3,3,50,1683.0123421556984,1769.76494048459,-86.75259832889151,1.7350519665778301,False,-66.89999999999986,1.3379999999999972,3
142,2023,M,3,3,50,1683.7997623988263,1703.627844554729,-19.828082155902848,0.396561643118057,False,0.2999999999999545,-0.00599999999999909,3
143,2023,M,2,2,50,1686.9494433713385,1888.2054394536024,-201.2559960822639,4.0251199216452775,False,-184.48000000000002,3.6896000000000004,2
145,2023,M,4,4,50,1709.8830579524413,1702.0341795925638,7.848878359877517,-0.15697756719755035,True,28.40000000000009,-0.5680000000000018,4
146,2023,M,2,2,15,1713.918586698472,1653.9137881286758,60.004798569796094,-4.000319904653073,True,66.79999999999995,-4.4533333333333305,2
148,2023,M,2,2,22,1729.6669915610319,1824.742449194782,-95.07545763375015,4.321611710625007,False,-163.10000000000014,7.41363636363637,2
149,2023,M,2,2,50,1731.044976986506,1690.2809004965945,40.76407648991153,-0.8152815297982307,True,61.700000000000045,-1.2340000000000009,2
150,2023,M,3,3,50,1732.915100063935,1792.4746661954457,-59.55956613151079,1.1911913226302158,False,-39.0,0.78,3
151,2023,M,3,3,50,1755.0612944019097,1824.3479654387522,-69.28667103684256,1.3857334207368512,False,-48.5,0.97,3
153,2023,M,3,3,50,1758.7031130263765,1746.3579863527866,12.345126673589903,-0.24690253347179805,True,33.5,-0.67,3
155,2023,M,2,2,50,1768.0537284135216,1747.4536310142757,20.600097399245897,-0.41200194798491796,True,41.899999999999864,-0.8379999999999973,2
156,2023,M,2,2,15,1769.8254239605596,1756.0425941558512,13.782829804708399,-0.9188553203138933,True,20.199999999999818,-1.3466666666666545,2
157,2023,M,2,2,50,1778.6839016957497,1824.2102762226134,-45.52637452686372,0.9105274905372744,False,-26.940000000000055,0.5388000000000011,2
158,2023,M,3,3,50,1784.6879810496007,1759.5057222906507,25.182258758949956,-0.5036451751789991,True,46.700000000000045,-0.9340000000000009,3
159,2023,M,2,2,50,1788.2313721436767,1807.7140873961519,-19.482715252475145,0.38965430504950294,False,1.8999999999998636,-0.03799999999999727,2
160,2023,M,3,3,50,1789.6093575691505,1746.2583822926515,43.35097527649896,-0.8670195055299792,True,65.0,-1.3,3
161,2023,M,3,3,50,1790.8889154642336,1706.3171541783831,84.57176128585047,-1.6914352257170093,True,106.40000000000009,-2.128000000000002,3
162,2023,M,3,3,50,1800.6332409729425,1887.529083982712,-86.89584300976958,1.7379168601953916,False,-68.29999999999995,1.365999999999999,3
164,2023,M,2,2,15,1806.0467551444476,1784.389757917746,21.656997226701606,-1.4437998151134404,True,28.300000000000182,-1.8866666666666787,2
165,2023,M,4,4,50,1811.5586968463435,1995.8354769609898,-184.27678011464627,3.6855356022929255,False,-166.08999999999992,3.3217999999999983,4
166,2023,M,2,2,50,1815.2989430012012,1781.0201992798825,34.27874372131873,-0.6855748744263747,True,56.200000000000045,-1.124000000000001,2
168,2023,M,2,2,50,1822.7794353109175,1925.056866213132,-102.27743090221452,2.0455486180442906,False,-83.52999999999997,1.6705999999999994,2
170,2023,M,4,4,50,1825.5354061618655,1910.415759549157,-84.8803533872915,1.6976070677458301,False,-66.00999999999999,1.3201999999999998,4
172,2023,M,2,2,50,1834.0001737754912,1954.7296801559025,-120.7295063804113,2.414590127608226,False,-99.20000000000005,1.9840000000000009,2
176,2023,M,2,2,50,1857.5243535389402,1825.742422280647,31.781931258293298,-0.635638625165866,True,54.200000000000045,-1.084000000000001,2
177,2023,M,3,3,50,1873.568040992673,1925.9918281875978,-52.42378719492467,1.0484757438984935,False,-32.86999999999989,0.6573999999999978,3
178,2023,M,3,3,50,1874.9460264181473,1818.4115227001287,56.53450371801864,-1.1306900743603727,True,76.69000000000005,-1.5338000000000012,3
179,2023,M,4,4,50,1875.930301722057,2019.5377576540964,-143.60745593203933,2.8721491186407864,False,-124.51999999999998,2.4903999999999997,4
181,2023,M,3,3,50,1908.2145316903047,1753.33027056226,154.88426112804473,-3.0976852225608944,True,178.4000000000001,-3.568000000000002,3
183,2023,M,2,2,50,1913.9233284529828,1836.3004526549921,77.62287579799067,-1.5524575159598135,True,100.90000000000009,-2.018000000000002,2
184,2023,M,2,2,50,1913.9233284529828,1672.3521696722348,241.57115878074796,-4.831423175614959,True,265.5,-5.31,2
187,2023,M,2,2,50,1931.0497187410167,1805.7220061934452,125.32771254757154,-2.5065542509514307,True,149.0,-2.98,2
188,2023,M,3,3,50,1936.7585155036948,1764.6851334176881,172.07338208600663,-3.4414676417201324,True,196.0,-3.92,3
189,2023,M,2,2,50,1938.4317835203417,1812.395478222512,126.03630529782959,-2.5207261059565917,True,149.80000000000018,-2.9960000000000035,2
190,2023,M,3,3,15,1939.7113414154246,1831.5033367136477,108.20800470177687,-7.213866980118458,True,116.40000000000009,-7.760000000000006,3
191,2023,M,3,3,50,1944.6327179349746,1907.6169597118903,37.015758223084276,-0.7403151644616855,True,60.5,-1.21,3
192,2023,M,3,3,50,1952.2116377750815,1967.2797917329544,-15.068153957872937,0.30136307915745875,False,8.300000000000182,-0.16600000000000364,3
194,2023,M,2,2,15,1992.3700701746093,1822.6139822238551,169.75608795075414,-11.317072530050275,True,178.9000000000001,-11.926666666666673,2
195,2023,M,2,2,50,2006.7404896116952,1859.6078027266599,147.13268688503535,-2.942653737700707,True,171.79999999999995,-3.435999999999999,2
197,2023,M,3,3,50,2024.5558726124661,2076.445841641279,-51.88996902881286,1.037799380576257,False,-27.799999999999727,0.5559999999999945,3
201,2023,M,2,2,15,2046.209929298486,2024.7974115639208,21.4125177345652,-1.4275011823043466,True,28.90000000000009,-1.9266666666666727,2
202,2023,M,4,4,50,2050.147030514126,1954.0324517349554,96.11457877917064,-1.922291575583413,True,121.10000000000014,-2.422000000000003,4
203,2023,M,2,2,50,2060.974058857136,1722.0607073102328,338.91335154690296,-6.778267030938059,True,362.5600000000002,-7.251200000000003,2
205,2023,M,3,3,50,2095.8174046155495,2002.9380452614037,92.87935935414589,-1.8575871870829177,True,118.40000000000009,-2.3680000000000017,3
207,2023,M,2,2,50,2104.7743098811306,2120.7026325720926,-15.928322690961977,0.31856645381923954,False,6.269999999999982,-0.12539999999999962,2
208,2023,M,2,2,15,2117.963598953525,1954.4727404891155,163.49085846440948,-10.899390564293965,True,173.00000000000023,-11.53333333333335,2
209,2023,M,3,3,50,2133.0230111033475,2061.106816380438,71.9161947229095,-1.43832389445819,True,97.79999999999973,-1.9559999999999946,3
210,2023,M,3,3,50,2135.975837015077,1972.9572231606685,163.0186138544086,-3.2603722770881722,True,189.29999999999995,-3.785999999999999,3
211,2023,M,2,2,50,2150.543111512945,2399.818621162085,-249.27550964914008,4.985510192982802,False,-227.8499999999999,4.556999999999999,2
217,2023,M,2,2,50,2236.076635422724,2103.53814599809,132.538489424634,-2.65076978849268,True,159.9000000000001,-3.1980000000000017,2
220,2023,M,2,2,15,2289.0306467730816,2186.6824338835922,102.34821288948933,-6.823214192632622,True,111.69999999999982,-7.446666666666655,2
221,2023,M,4,4,50,2302.810501027821,2041.4848165337771,261.3256844940438,-5.226513689880876,True,290.0,-5.8,4
224,2023,M,2,2,15,2377.2217140034168,2279.6255736046483,97.59614039876851,-6.5064093599179005,True,107.19999999999982,-7.146666666666655,2
225,2023,M,3,3,50,2404.190857330551,2235.2147134969996,168.9761438335513,-3.379522876671026,True,198.5,-3.97,3
228,2023,M,3,3,50,2649.7675456560937,2394.6808137736666,255.0867318824271,-5.101734637648542,True,287.9000000000001,-5.758000000000002,3
230,2023,F,2,2,50,1421.6693378982372,1340.086637622495,81.58270027574235,-1.6316540055148472,True,96.43000000000006,-1.9286000000000012,2
231,2023,F,3,3,50,1429.645180561332,1395.5802624040853,34.064918157246666,-0.6812983631449333,True,49.80000000000018,-0.9960000000000037,3
232,2023,F,3,3,50,1457.806797865591,1367.5113918529157,90.29540601267536,-1.8059081202535072,True,106.59999999999991,-2.1319999999999983,3
233,2023,F,3,3,50,1492.2703155456286,1437.4176442188548,54.852671326773816,-1.0970534265354763,True,70.26999999999998,-1.4053999999999995,3
234,2023,F,3,3,50,1503.2001740098692,1430.716118094025,72.48405591584424,-1.4496811183168847,True,89.19999999999982,-1.7839999999999963,3
235,2023,F,3,3,50,1522.9920798775481,1428.1778623745856,94.81421750296249,-1.89628435005925,True,110.75999999999999,-2.2152,3
236,2023,F,2,2,15,1525.6506940985794,1486.059091030581,39.59160306799845,-2.63944020453323,True,44.200000000000045,-2.94666666666667,2
237,2023,F,3,3,50,1532.8387992147016,1458.5859186412858,74.25288057341572,-1.4850576114683145,True,91.29999999999995,-1.8259999999999992,3
238,2023,F,3,3,50,1542.3901169717406,1514.6241247416708,27.76599223006974,-0.5553198446013948,True,44.700000000000045,-0.8940000000000009,3
240,2023,F,3,3,50,1562.9697603863915,1421.0565665721133,141.9131938142782,-2.838263876285564,True,158.51999999999998,-3.1703999999999994,3
241,2023,F,3,3,50,1568.6808576019405,1507.3580695989922,61.3227880029483,-1.226455760058966,True,78.69999999999982,-1.5739999999999963,3
242,2023,F,2,2,15,1574.5888892042326,1523.279678149803,51.309211054429625,-3.4206140702953083,True,56.19999999999982,-3.7466666666666546,2
246,2023,F,3,3,50,1666.458780619876,1468.4489890564435,198.0097915634326,-3.960195831268652,True,215.97000000000003,-4.319400000000001,3
247,2023,F,3,3,50,1680.441122078634,1538.060650119996,142.38047195863805,-2.847609439172761,True,160.17999999999984,-3.2035999999999967,3
250,2023,F,2,2,22,1712.442959924383,1612.0976590682951,100.34530085608799,-4.56115003891309,True,71.5541560415752,-3.252461638253418,2
253,2023,F,3,3,50,1745.6264040905908,1563.9598879267523,181.66651616383842,-3.6333303232767684,True,200.33999999999992,-4.006799999999998,3
254,2023,F,3,3,50,1748.580419891737,1651.4847524291124,97.09566746262453,-1.9419133492524907,True,116.59999999999991,-2.331999999999998,3
255,2023,F,2,2,50,1763.3504988974673,1634.765062253289,128.58543664417834,-2.571708732883567,True,147.14999999999986,-2.9429999999999974,2
256,2023,F,4,4,50,1776.7420371959963,1652.97777745843,123.76425973756636,-2.4752851947513275,True,143.70000000000005,-2.874000000000001,4
258,2023,F,3,3,50,1803.3281794063112,1674.847216001841,128.48096340447023,-2.5696192680894048,True,147.45000000000005,-2.9490000000000007,3
262,2023,F,3,3,50,1900.2198976839024,1786.7528200852817,113.46707759862079,-2.2693415519724156,True,134.70000000000005,-2.694000000000001,3
263,2023,F,2,2,36,1903.075446291677,1766.3664447008584,136.70900159081862,-3.7974722664116283,True,159.9000000000001,-4.441666666666669,2
264,2023,F,3,3,50,1909.5742810541983,1729.2215889555791,180.35269209861917,-3.6070538419723834,True,202.0,-4.04,3
265,2023,F,2,2,50,1917.0577877504352,1978.2581793401357,-61.20039158970053,1.2240078317940106,False,-42.1099999999999,0.842199999999998,2
267,2023,F,2,2,50,1941.1822501264614,1814.886105525318,126.2961446011434,-2.525922892022868,True,146.6500000000001,-2.9330000000000016,2
268,2023,F,4,4,50,1957.1339354526503,1780.7807199680117,176.35321548463867,-3.5270643096927734,True,198.5,-3.97,4
271,2023,F,3,3,50,1999.9671645692683,1978.2581638457455,21.709000723522877,-0.4341800144704575,True,43.59999999999991,-0.8719999999999982,3
273,2023,F,2,2,50,2014.343374801513,1865.8391759108843,148.5041988906287,-2.970083977812574,True,169.72000000000003,-3.3944000000000005,2
274,2023,F,3,3,50,2055.1087928573284,1837.4161360801238,217.69265677720455,-4.353853135544091,True,241.0999999999999,-4.821999999999998,3
275,2023,F,4,4,50,2085.436688415762,2063.659195522709,21.777492893053022,-0.43554985786106043,True,44.59999999999991,-0.8919999999999981,4
276,2023,F,2,2,50,2171.300081035741,1989.715906664784,181.58417437095727,-3.6316834874191453,True,204.56999999999994,-4.091399999999998,2
278,2023,F,2,2,22,2181.3437347596378,1805.5022924271277,375.84144233251004,-17.083701924205002,True,347.6973600120982,-15.804425455095373,2
282,2023,F,4,4,50,1409.5115298986623,1400.7560825057194,8.75544739294287,-0.1751089478588574,True,29.200000000000045,-0.584000000000001,4
283,2023,F,4,4,50,1441.0084460906198,1504.172949536448,-63.16450344582813,1.2632900689165627,False,-42.600000000000136,0.8520000000000028,4
284,2023,F,5,5+,50,1446.6013564424627,1466.1505787898277,-19.549222347365003,0.39098444694730006,False,1.2999999999999545,-0.02599999999999909,5
285,2023,F,5,5+,50,1448.465659893077,1456.69475360415,-8.22909371107312,0.1645818742214624,False,12.700000000000045,-0.2540000000000009,5
286,2023,F,2,2,21,1510.6745224030492,1439.229099424855,71.4454229781943,-3.4021629989616335,True,63.59999999999991,-3.028571428571424,2
287,2023,F,3,3,50,1514.5993717727636,1492.4278193058167,22.171552466946878,-0.44343104933893757,True,44.19999999999982,-0.8839999999999963,3
289,2023,F,2,2,8,1547.5681064783641,1693.3102400357925,-145.74213355742836,18.217766694678545,False,-130.70000000000005,16.337500000000006,2
290,2023,F,2,2,21,1556.1046538574928,1474.9173006707558,81.18735318673703,-3.866064437463668,True,73.30000000000018,-3.490476190476199,2
291,2023,F,4,4,21,1556.69338126295,1463.5087773216565,93.18460394129352,-4.437362092442548,True,85.59999999999991,-4.0761904761904715,4
293,2023,F,2,2,50,1572.7852636787788,1576.435360955417,-3.6500972766382347,0.07300194553276469,False,19.100000000000136,-0.3820000000000027,2
294,2023,F,5,5+,50,1591.428298184922,1547.2716053827478,44.15669280217412,-0.8831338560434824,True,67.40000000000009,-1.3480000000000019,5
295,2023,F,2,2,50,1599.3761181585935,1555.2344055391081,44.14171261948536,-0.8828342523897073,True,67.5,-1.35,2
297,2023,F,3,3,50,1601.4366640776932,1550.1581204394286,51.27854363826464,-1.0255708727652928,True,74.69999999999982,-1.4939999999999964,3
298,2023,F,3,3,50,1684.937834418366,1716.2820387014935,-31.34420428312751,0.6268840856625502,False,-7.099999999999909,0.14199999999999818,3
299,2023,F,2,2,8,1711.332446429695,1768.4627174611176,-57.13027103142258,7.141283878927823,False,-39.600000000000136,4.950000000000017,2
300,2023,F,2,2,8,1735.9608762246526,1796.3226728127224,-60.361796588069865,7.545224573508733,False,-42.59999999999991,5.324999999999989,2
301,2023,F,2,2,50,1755.09451690201,1722.3536738207185,32.74084308129136,-0.6548168616258272,True,58.299999999999955,-1.165999999999999,2
302,2023,F,2,2,50,1766.08409513721,1744.9481192643905,21.135975872819472,-0.4227195174563894,True,46.80000000000018,-0.9360000000000036,2
303,2023,F,3,3,50,1787.7688879048817,1694.7824782793211,92.98640962556055,-1.859728192511211,True,119.29999999999995,-2.3859999999999992,3
304,2023,F,3,3,50,1831.236594674468,1701.9489984200452,129.28759625442285,-2.585751925088457,True,156.39999999999986,-3.1279999999999974,3
305,2023,F,2,2,50,1840.5581119275396,1785.259795055964,55.29831687157548,-1.1059663374315096,True,82.20000000000005,-1.644000000000001,2
306,2023,F,2,2,50,1844.384840063011,1749.6262643562522,94.75857570675885,-1.895171514135177,True,121.90000000000009,-2.438000000000002,2
307,2023,F,2,2,50,1848.7021743696966,1902.6115623603232,-53.909387990626556,1.0781877598125311,False,-27.40000000000009,0.5480000000000018,2
309,2023,F,3,3,50,1867.7376938128114,1858.4180214925238,9.31967232028751,-0.18639344640575017,True,36.40000000000009,-0.7280000000000019,3
310,2023,M,4,4,50,1595.6141606037509,1574.7401907396088,20.873969864142055,-0.4174793972828411,True,41.700000000000045,-0.834000000000001,4
311,2023,M,2,2,50,1632.8815400866383,1608.7051752457571,24.176364840881206,-0.48352729681762413,True,45.5,-0.91,2
312,2023,M,2,2,7,1643.9929223599006,1628.4107787505736,15.582143609326977,-2.2260205156181394,True,21.100000000000136,-3.0142857142857338,2
313,2023,M,3,3,50,1683.128587357762,1662.9893880195134,20.139199338248545,-0.4027839867649709,True,42.100000000000136,-0.8420000000000027,3
314,2023,M,2,2,50,1695.1249469802217,1659.9016621553183,35.22328482490343,-0.7044656964980686,True,57.40000000000009,-1.148000000000002,2
315,2023,M,2,2,50,1696.4032475957297,1674.4438549350766,21.959392660653066,-0.4391878532130613,True,44.100000000000136,-0.8820000000000028,2
316,2023,M,2,2,15,1710.464554366318,1706.2622090130114,4.202345353306555,-0.28015635688710366,True,12.0,-0.8,2
317,2023,M,2,2,8,1713.2178172304891,1831.8503522989088,-118.63253506841966,14.829066883552457,False,-111.5,13.9375,2
318,2023,M,2,2,15,1737.5055289251416,1737.6712615436127,-0.16573261847111098,0.011048841231407399,False,7.7000000000000455,-0.5133333333333364,2
319,2023,M,2,2,50,1739.17715280696,1712.5922099669092,26.58494284005087,-0.5316988568010175,True,49.299999999999955,-0.9859999999999991,2
320,2023,M,3,3,50,1757.1716922406497,1727.1344027466678,30.037289493981916,-0.6007457898796383,True,53.0,-1.06,3
324,2023,M,2,2,50,1831.9031128395807,1823.949549198211,7.953563641369783,-0.15907127282739567,True,31.799999999999955,-0.6359999999999991,2
325,2023,M,2,2,50,1834.3613832540193,1846.6592749090667,-12.297891655047351,0.24595783310094702,False,11.5,-0.23,2
327,2023,M,2,2,50,1847.3410510422545,1755.8203720656434,91.52067897661118,-1.8304135795322236,True,115.90000000000009,-2.318000000000002,2
330,2023,M,3,3,50,1863.1723125112385,1785.701590106243,77.47072240499551,-1.5494144480999104,True,102.0,-2.04,3
331,2023,M,2,2,50,1866.31889864172,1632.2117334376956,234.10716520402434,-4.682143304080487,True,259.29999999999995,-5.185999999999999,2
332,2023,M,2,2,15,1875.5619954000088,1843.4545799721473,32.1074154278615,-2.1404943618574332,True,41.0,-2.7333333333333334,2
333,2023,M,2,2,50,1880.6751978620407,1905.724482569319,-25.049284707278275,0.5009856941455655,False,-0.7000000000000455,0.01400000000000091,2
334,2023,M,2,2,8,1890.6066103363723,2085.609749467082,-195.00313913070977,24.37539239133872,False,-187.89999999999986,23.487499999999983,2
335,2023,M,2,2,50,1892.179903401613,1779.8249505582587,112.35495284335434,-2.247099056867087,True,137.39999999999986,-2.747999999999997,2
339,2023,M,2,2,50,1930.1355986005437,1873.2535589652005,56.88203963534329,-1.1376407927068657,True,82.20000000000005,-1.644000000000001,2
340,2023,M,2,2,15,1938.2970563764795,1902.6181726319905,35.678883744488985,-2.378592249632599,True,44.90000000000009,-2.9933333333333394,2
342,2023,M,2,2,50,2013.2251386085654,1830.8222293475487,182.4029092610167,-3.648058185220334,True,209.30000000000018,-4.1860000000000035,2
344,2023,M,2,2,50,2052.5574652395817,1962.9968171471353,89.5606480924464,-1.791212961848928,True,116.60000000000014,-2.3320000000000025,2
346,2023,M,2,2,50,2062.587208530491,1966.4829592518718,96.10424927861914,-1.9220849855723827,True,123.29999999999995,-2.4659999999999993,2
347,2023,M,3,3,50,2109.0976847716674,2017.679446161433,91.41823861023454,-1.8283647722046907,True,119.20000000000005,-2.384000000000001,3
350,2023,M,4,4,50,2169.571136966855,1963.4948374478117,206.07629951904346,-4.121525990380869,True,235.10000000000014,-4.702000000000003,4
351,2023,M,3,3,50,2192.7772096791546,2173.559800273228,19.217409405926446,-0.38434818811852894,True,47.80000000000018,-0.9560000000000036,3
355,2023,F,4,4,49,1445.891100181183,1441.599916705797,4.291183475385878,-0.08757517296705875,True,6.592357638057592,-0.1345379109807672,4
356,2023,F,4,4,49,1526.5478637679923,1533.5961758553922,-7.048312087399836,0.14384310382448645,False,-4.908724954733316,0.10017806030067991,4
357,2023,F,4,4,49,1534.8507659019283,1507.9386825824936,26.912083319434714,-0.5492261901925451,True,29.91469301365578,-0.6105039390541995,4
358,2023,F,4,4,49,1609.5768851073547,1612.4222388382902,-2.845353730935585,0.05806844348848133,False,-0.4745452708416451,0.009684597364115206,4
359,2023,F,3,3,49,1667.6972000449084,1647.4452049408403,20.2519951040681,-0.41330602253200205,True,23.28938050788247,-0.4752934797527035,3
360,2023,F,3,3,49,1694.9781641992704,1922.6535263204878,-227.6753621212174,4.646435961657498,False,-230.8051033102672,4.71030823082178,3
361,2023,F,3,3,21,1837.313629352463,1813.8866993225888,23.426930029874256,-1.115568096660679,True,2.010633290690066,-0.09574444241381268,3
363,2023,M,4,4,49,1585.8735200686024,1590.5241149456883,-4.65059487708595,0.09491009953236633,False,10.900000000000091,-0.2224489795918386,4
364,2023,M,4,4,49,1628.7086550489698,1592.9815095982835,35.727145450686294,-0.7291254173609447,True,52.40000000000009,-1.0693877551020428,4
365,2023,M,4,4,49,1685.1731511594542,1635.8384723395434,49.33467881991078,-1.0068301799981791,True,66.79999999999995,-1.363265306122448,4
366,2023,M,4,4,49,1700.7495638795879,1696.781859723903,3.9677041556849417,-0.08097355419765187,True,20.799999999999955,-0.42448979591836644,4
367,2023,M,3,3,49,1708.5377702396545,1717.5222705918059,-8.984500352151372,0.18335715004390554,False,7.7000000000000455,-0.15714285714285808,3
368,2023,M,4,4,49,1767.922843735164,1779.6452074094116,-11.722363674247617,0.23923191171933914,False,5.5,-0.11224489795918367,4
369,2023,M,3,3,21,1823.4138140506398,1800.8920042914897,22.521809759150074,-1.0724671313880987,True,5.0,-0.23809523809523808,3
370,2023,M,4,4,49,1827.3079172306732,1760.4775291191693,66.83038811150391,-1.363885471663345,True,86.0,-1.7551020408163265,4
371,2023,M,4,4,49,1950.9456931967338,2012.2130373310172,-61.26734413428335,1.25035396192415,False,-43.09999999999991,0.879591836734692,4
372,2023,M,4,4,49,1984.0455702270176,1885.7063606154186,98.33920961159902,-2.006922645134674,True,119.59999999999991,-2.4408163265306104,4
374,2023,M,3,3,49,2027.8542310023934,1987.5407950189617,40.313435983431646,-0.8227231833353397,True,61.0,-1.2448979591836735,3
375,2023,M,4,4,49,2086.2657787028947,2040.4239279428098,45.84185076008498,-0.9355479746956119,True,67.19999999999982,-1.3714285714285677,4
376,2023,M,3,3,21,2090.159881882928,2322.7457740575405,-232.58589217461258,11.075518674981552,False,-262.3000000000002,12.4904761904762,3
378,2023,M,4,4,49,2233.2681737491553,2112.081556012484,121.18661773667145,-2.473196280340234,True,145.30000000000018,-2.9653061224489834,4
379,2023,M,4,4,49,1525.559745793132,1620.9256716041875,-95.3659258110556,1.946243383899094,False,-82.75999999999999,1.6889795918367345,4
380,2023,M,4,4,34,1537.788681631153,1624.2030693003312,-86.41438766917827,2.5415996373287726,False,-72.90000000000009,2.144117647058826,4
381,2023,M,3,3,49,1578.9134094090143,1719.7829807979704,-140.86957138895605,2.8748892120195113,False,-128.04999999999995,2.613265306122448,3
382,2023,M,5,5+,49,1627.0401891586457,1650.0885280843336,-23.048338925687858,0.4703742637895481,False,-9.180000000000064,0.1873469387755115,5
384,2023,F,3,3,42,1400.4248381995455,1443.7394778171472,-43.31463961760164,1.0313009432762297,False,7.177474268851711,-0.1708922444964693,3
385,2023,F,2,2,42,1486.1028579687097,1571.6657606617046,-85.56290269299484,2.0372119688808294,False,-32.03545263223259,0.7627488721960141,2
386,2023,F,3,3,42,1547.2511433108118,1518.7376342701234,28.513509040688405,-0.678893072397343,True,84.40312967534965,-2.009598325603563,3
387,2023,F,2,2,42,1572.7198149408239,1709.57848244807,-136.85866750724608,3.2585397025534784,False,-80.27427462264404,1.9112922529200962,2
388,2023,F,2,2,42,1726.705516224582,1737.9399690428036,-11.234452818221598,0.267486971862419,False,51.07893072773618,-1.216165017327052,2
391,2023,F,2,2,42,2002.2835852903324,2013.96514139437,-11.681556104037554,0.2781322881913703,False,60.5787220102759,-1.442350524054188,2
393,2023,M,2,2,42,1561.8591438536837,1598.919623003499,-37.060479149815365,0.8823923607098896,False,29.700000000000045,-0.7071428571428582,2
394,2023,M,3,3,42,1597.2841351628153,1656.6228911163878,-59.338755953572445,1.4128275227041058,False,8.899999999999864,-0.21190476190475865,3
395,2023,M,3,3,42,1613.081766422293,1630.666403729967,-17.58463730767403,0.41868184065890546,False,51.399999999999864,-1.2238095238095206,3
396,2023,M,3,3,42,1661.5278356180243,1720.915113719675,-59.387278101650736,1.4139828119440652,False,11.600000000000136,-0.27619047619047943,3
397,2023,M,2,2,42,1783.5046975851421,1791.396960238186,-7.892262653043872,0.18791101554866363,False,68.39999999999986,-1.6285714285714252,2
398,2023,M,3,3,42,1802.9405711952872,1811.463321640765,-8.52275044547764,0.20292262965422955,False,68.59999999999991,-1.633333333333331,3
399,2023,M,3,3,42,1882.9819029099738,1635.4583706320755,247.5235322778983,-5.893417435188055,True,328.5,-7.821428571428571,3
400,2023,M,3,3,42,1906.3432485300496,1808.0690117517713,98.27423677827824,-2.339862780435196,True,180.0,-4.285714285714286,3
401,2023,M,3,3,42,1970.3954625457495,1935.6551305204073,34.74033202534224,-0.8271507625081486,True,119.09999999999991,-2.8357142857142836,3
402,2023,M,3,3,42,1977.9591769063481,1974.4900289562438,3.469147950104343,-0.08259876071677008,True,88.10000000000014,-2.097619047619051,3
403,2023,M,2,2,42,2137.658867456703,2201.7091262312165,-64.05025877451362,1.5250061612979433,False,27.299999999999727,-0.6499999999999935,2
404,2023,F,4,4,43,1419.524221155859,1367.8099968587792,51.71422429707991,-1.2026563790018583,True,57.200000000000045,-1.330232558139536,4
406,2023,F,3,3,43,1559.2552276955128,1488.9440942374092,70.31113345810354,-1.6351426385605474,True,76.39999999999986,-1.7767441860465085,3
407,2023,F,3,3,22,1604.0802205669988,1649.5526480840158,-45.47242751701697,2.066928523500771,False,-40.61999999999989,1.8463636363636313,3
408,2023,F,4,4,43,1607.253671389759,1549.7599804316103,57.49369095814859,-1.3370625804220602,True,63.700000000000045,-1.4813953488372105,4
409,2023,F,3,3,43,1772.1739438350708,1824.4765858260382,-52.30264199096746,1.2163405114178478,False,-46.0,1.069767441860465,3
411,2023,F,2,2,8,1829.1968883065404,1710.863538962858,118.33334934368236,-14.791668667960295,True,111.59999999999991,-13.949999999999989,2
412,2023,F,3,3,22,1841.692350921158,1700.9158806730793,140.7764702480788,-6.398930465821763,True,147.3499999999999,-6.697727272727269,3
413,2023,F,2,2,8,1866.484935473971,1865.0772182207481,1.407717253222927,-0.17596465665286587,True,-7.0,0.875,2
414,2023,M,4,4,43,1632.8192899349913,1555.1181908929482,77.7010990420431,-1.8070023033033278,True,87.79999999999995,-2.041860465116278,4
415,2023,M,4,4,43,1650.8396107626043,1652.0329414046269,-1.1933306420226018,0.02775187539587446,False,8.700000000000045,-0.2023255813953499,4
416,2023,M,3,3,22,1651.631712777005,1668.9863175759667,-17.354604798961645,0.7888456726800748,False,-9.360000000000127,0.42545454545455125,3
417,2023,M,3,3,43,1653.5129550612064,1643.765804413394,9.747150647812305,-0.22667792204214662,True,19.700000000000045,-0.458139534883722,3
418,2023,M,3,3,22,1665.5925107808152,1637.0186221413717,28.573888639443567,-1.2988131199747075,True,36.87000000000012,-1.6759090909090963,3
419,2023,M,2,2,22,1703.712420223843,1622.154091491112,81.55832873273107,-3.707196760578685,True,90.30999999999995,-4.104999999999998,2
420,2023,M,4,4,43,1762.9220458002862,1798.0524935630247,-35.13044776273841,0.8169871572729863,False,-24.700000000000045,0.5744186046511639,4
421,2023,M,3,3,22,1764.1101988218873,1705.5407256141561,58.56947320773111,-2.6622487821695957,True,67.5,-3.0681818181818183,3
422,2023,M,4,4,43,1804.6064143081164,1686.2967380911814,118.30967621693503,-2.7513878189984893,True,129.5999999999999,-3.013953488372091,4
423,2023,M,4,4,43,1816.9830082831256,1731.3177732723516,85.66523501077404,-1.9922147676924196,True,96.89999999999986,-2.25348837209302,4
424,2023,M,2,2,22,1821.537594865929,1746.7116947110605,74.82590015486835,-3.4011772797667432,True,84.12000000000012,-3.823636363636369,2
426,2023,M,2,2,22,1851.637471413151,1719.9475799525605,131.6898914605904,-5.985904157299563,True,141.41999999999985,-6.428181818181812,2
427,2023,M,3,3,22,1854.2118029599528,1775.2766662618612,78.93513669809158,-3.587960759004163,True,88.41000000000008,-4.018636363636367,3
428,2023,M,2,2,22,1865.598269416961,1932.1999443180184,-66.60167490105732,3.0273488591389692,False,-57.809999999999945,2.6277272727272702,2
429,2023,M,2,2,22,1867.5785244529627,1786.9474122141737,80.631112238789,-3.665050556308591,True,90.18000000000006,-4.099090909090912,2
430,2023,M,2,2,43,1877.2817741293698,1831.6190618286316,45.66271230073812,-1.0619235418776307,True,57.09999999999991,-1.327906976744184,2
433,2023,M,4,4,43,1929.659519831608,1872.8551427246593,56.80437710694855,-1.3210320257429895,True,68.60000000000014,-1.5953488372093054,4
434,2023,M,2,2,8,1930.2535963424084,1829.9230070265737,100.33058931583469,-12.541323664479336,True,96.79999999999995,-12.099999999999994,2
435,2023,M,4,4,43,1931.8378003712094,1741.8758036466968,189.96199672451257,-4.417720854058432,True,202.29999999999995,-4.704651162790697,4
436,2023,M,3,3,22,1953.1255420082248,1918.121422985945,35.00411902227984,-1.591096319194538,True,44.74000000000001,-2.033636363636364,3
437,2023,M,4,4,43,2054.9106508586992,1858.4125540050359,196.49809685366336,-4.569723182643334,True,209.60000000000014,-4.874418604651166,4
438,2023,M,2,2,22,2086.000654923922,1918.5890487828406,167.4116061410814,-7.609618460958245,True,178.47000000000025,-8.112272727272739,2
440,2023,M,3,3,43,2449.080415774787,2074.8521766791137,374.2282390956734,-8.702982304550545,True,390.4000000000001,-9.079069767441863,3
442,2023,F,2,2,43,1424.005687903809,1487.9487442178643,-63.943056314055184,1.4870478212570972,False,-54.0,1.255813953488372,2
443,2023,F,2,2,43,1442.3876060070854,1442.2621783207471,0.12542768633829837,-0.002916922938099962,True,10.5,-0.2441860465116279,2
445,2023,F,3,3,43,1530.0476133060429,1595.0484063209092,-65.0007930148663,1.5116463491829373,False,-54.299999999999955,1.2627906976744177,3
448,2023,F,3,3,43,1550.0107716762677,1497.7031744094054,52.30759726686233,-1.2164557503921472,True,63.700000000000045,-1.4813953488372105,3
449,2023,F,2,2,8,1688.56695006763,1662.1904634992597,26.376486568370183,-3.297060821046273,True,25.0,-3.125,2
451,2023,M,3,3,43,1504.0210288108794,1536.791043828047,-32.77001501716745,0.7620933724922664,False,-18.200000000000045,0.42325581395348943,3
453,2023,M,2,2,43,1562.7140511852792,1615.2790432146892,-52.56499202940995,1.222441675102557,False,-37.5,0.872093023255814,2
454,2023,M,3,3,14,1612.5291374022067,1591.7011540279857,20.82798337422105,-1.4877130981586464,True,-0.8999999999998636,0.06428571428570454,3
455,2023,M,2,2,43,1657.806611805315,1776.9364328143338,-119.12982100901877,2.770460953698111,False,-103.40000000000009,2.4046511627907,2
457,2023,M,2,2,8,1707.3257668169933,1663.3957662511214,43.93000056587198,-5.491250070733997,True,46.700000000000045,-5.837500000000006,2
458,2023,M,3,3,14,1742.9361551819657,1806.4776548191182,-63.54149963715258,4.538678545510899,False,-89.39999999999986,6.385714285714276,3
459,2023,M,2,2,14,1788.312273320157,1726.2892376682832,62.02303565187367,-4.430216832276691,True,39.0,-2.7857142857142856,2
460,2023,M,2,2,8,1892.085482627499,1963.8559480061188,-71.77046537861975,8.971308172327468,False,-70.20000000000005,8.775000000000006,2
461,2023,M,2,2,14,1932.332126541373,1843.5550661473562,88.77706039401687,-6.341218599572634,True,64.5,-4.607142857142857,2
462,2023,M,3,3,14,2349.397838472402,2241.0910904934262,108.30674797897564,-7.736196284212546,True,78.79999999999973,-5.6285714285714095,3
463,2023,M,3,3,43,1580.9631421756387,1621.6537030633503,-40.69056088771163,0.9462921136677123,False,-25.399999999999864,0.5906976744186014,3
464,2023,M,2,2,43,1611.9372749917084,1630.3192562951242,-18.38198130341584,0.4274879372887405,False,-2.7000000000000455,0.06279069767441967,2
465,2023,M,2,2,43,1716.0064155042996,1677.3323726790013,38.67404282529833,-0.8993963447743798,True,55.59999999999991,-1.2930232558139514,2
466,2023,M,5,5+,63,1504.7185004711862,1500.9185944532278,3.799906017958392,-0.060315968539022095,True,28.75142775885206,-0.45637186918812794,5
467,2023,M,4,4,50,1526.503463249466,1590.933011499985,-64.42954825051902,1.2885909650103804,False,-26.647187142571056,0.5329437428514211,4
468,2023,M,5,5+,63,1556.8468042620696,1610.4429492118015,-53.59614494973198,0.8507324595195552,False,-28.35210237331262,0.4500333710049622,5
471,2023,M,2,2,43,1734.2831102471048,1689.2848598952412,44.99825035186359,-1.0464709384154323,True,59.08944001748955,-1.3741730236625478,2
472,2023,M,2,2,43,1745.479003251701,1839.1889703989168,-93.70996714721582,2.179301561563159,False,-80.08034897611196,1.8623336971188829,2
476,2023,F,4,4,42,1421.1008281400607,1425.503010279834,-4.402182139773231,0.10481386047079122,False,-10.0,0.23809523809523808,4
477,2023,F,2,2,29,1428.0535678587723,1473.932910489039,-45.87934263026659,1.5820462975953997,False,-20.200000000000045,0.6965517241379326,2
479,2023,F,2,2,42,1472.6098576054458,1426.576137374898,46.033720230547715,-1.0960409578701837,True,41.5,-0.9880952380952381,2
480,2023,F,4,4,42,1507.4714821105356,1573.3018783727678,-65.83039626223217,1.567390387196004,False,-73.29999999999995,1.7452380952380941,4
482,2023,F,2,2,42,1534.1073300470086,1536.1326580800892,-2.025328033080541,0.04822209602572717,False,-8.0,0.19047619047619047,2
483,2023,F,4,4,42,1555.2593269377371,1501.2072489861814,54.0520779515557,-1.2869542369418023,True,49.40000000000009,-1.1761904761904785,4
486,2023,F,2,2,29,1585.3225817778005,1785.9660528516151,-200.64347107381468,6.918740381855678,False,-172.5999999999999,5.9517241379310315,2
489,2023,F,3,3,42,1623.6116131864806,1686.760679423647,-63.14906623716638,1.503549196123009,False,-71.0,1.6904761904761905,3
490,2023,F,4,4,42,1625.4722055055724,1743.5388584534078,-118.06665294783534,2.81111078447227,False,-127.29999999999995,3.03095238095238,4
493,2023,F,2,2,14,1679.135605024643,1677.9276230837652,1.207981940877744,-0.08628442434841029,True,3.68472440279038,-0.26319460019931284,2
495,2023,F,2,2,14,1769.6191472794262,1656.0758756439466,113.54327163547964,-8.110233688248545,True,118.36737423443628,-8.454812445316877,2
497,2023,F,4,4,42,1807.320623218919,1727.2468380101602,80.07378520875886,-1.9065186954466395,True,75.09999999999991,-1.788095238095236,4
498,2023,F,3,3,42,1840.5175072279794,1810.853194416526,29.66431281145333,-0.7062931621774602,True,23.299999999999955,-0.5547619047619037,3
500,2023,F,2,2,14,1893.9850549239877,1855.8462224571504,38.13883246683736,-2.724202319059811,True,41.65768478993505,-2.975548913566789,2
503,2023,F,2,2,14,2272.3707770803544,2266.2530855754894,6.117691504864979,-0.43697796463321276,True,9.557862542026669,-0.6827044672876192,2
506,2023,M,4,4,42,1594.983933498598,1655.0061506297852,-60.02221713118729,1.4291004078854117,False,-55.200000000000045,1.3142857142857154,4
508,2023,M,3,3,42,1650.7128778130407,1660.8056020099098,-10.092724196869085,0.24030295706831156,False,-4.199999999999818,0.09999999999999568,3
509,2023,M,4,4,42,1657.470869302841,1857.102286859211,-199.63141755637002,4.753128989437381,False,-197.0,4.690476190476191,4
510,2023,M,3,3,29,1660.1153007553721,1687.6193773564967,-27.504076601124552,0.9484164345215362,False,3.0,-0.10344827586206896,3
511,2023,M,2,2,29,1664.4247446039406,1711.4574997671468,-47.032755163206275,1.6218191435588372,False,-16.5,0.5689655172413793,2
512,2023,M,4,4,42,1665.7959312830303,1726.4671871272526,-60.67125584422229,1.4445537105767212,False,-55.600000000000136,1.323809523809527,4
515,2023,M,4,4,42,1686.657557186328,1755.8576271722904,-69.2000699859625,1.647620713951488,False,-64.20000000000005,1.5285714285714296,4
3325,2023,M,2,2,43,1535.6856677725302,1582.8081196105704,-47.122451838040206,1.0958709729776792,False,-32.299999999999955,0.7511627906976733,2
518,2023,M,2,2,42,1698.1167601472941,1752.613866230865,-54.49710608357077,1.297550144846923,False,-49.200000000000045,1.1714285714285726,2
520,2023,M,2,2,42,1705.6582868822893,1749.6649926477508,-44.00670576546145,1.047778708701463,False,-38.5,0.9166666666666666,2
481,2023,F,4,4,42,1526.7628866821722,1523.9380319998143,2.824854682357909,-0.06725844481804545,True,-3.0,0.07142857142857142,4
487,2023,F,2,2,14,1593.9400619925418,1522.4578134299745,71.48224856256729,-5.105874897326236,True,75.22029861482906,-5.37287847248779,2
523,2023,M,4,4,42,1724.0713651443548,1835.4772139163736,-111.40584877201877,2.65252020885759,False,-107.0,2.5476190476190474,4
5050,2023,M,3,3,42,1814.9614535868907,1886.0995437598338,-71.13809017294307,1.6937640517367396,False,-65.70000000000005,1.5642857142857154,3
525,2023,M,4,4,42,1731.319066162402,1713.9836222920692,17.33544387033271,-0.41274866357935025,True,24.0,-0.5714285714285714,4
526,2023,M,4,4,42,1736.0202776335673,1749.566696861647,-13.546419228079685,0.3225337911447544,False,-7.400000000000091,0.17619047619047837,4
527,2023,M,3,3,42,1736.9996966900603,1944.4872407054945,-207.4875440154342,4.9401796194151,False,-204.70000000000005,4.873809523809525,3
528,2023,M,3,3,42,1739.5461862369416,1916.47294166591,-176.92675542896836,4.212541795927818,False,-173.60000000000014,4.133333333333336,3
531,2023,M,4,4,42,1760.5057540458886,1735.9035825932178,24.602171452670746,-0.5857659869683511,True,31.5,-0.75,4
532,2023,M,4,4,42,1760.701637857187,1812.0828168236676,-51.38117896648055,1.2233614039638225,False,-45.799999999999955,1.0904761904761895,4
533,2023,M,2,2,42,1766.7740360074429,1851.106243906879,-84.33220789943607,2.007909711891335,False,-79.29999999999995,1.888095238095237,2
535,2023,M,3,3,42,1777.841471345812,1787.8037576560275,-9.962286310215632,0.2371972931003722,False,-3.599999999999909,0.08571428571428355,3
536,2023,M,2,2,29,1780.9756123265893,1910.9396956721703,-129.964083345581,4.481520115364862,False,-97.5,3.3620689655172415,2
537,2023,M,3,3,29,1781.5632637604847,1874.833418213361,-93.27015445287634,3.2162122225129774,False,-60.700000000000045,2.0931034482758637,3
538,2023,M,4,4,42,1795.6668981739817,2012.80281204764,-217.13591387365818,5.169902711277576,False,-214.29999999999995,5.102380952380951,4
541,2023,M,2,2,14,1871.4739331465278,1791.8918493464678,79.58208380005999,-5.684434557147142,True,89.60502807994726,-6.400359148567661,2
542,2023,M,2,2,29,1883.129019918793,1913.6327053168877,-30.50368539809483,1.0518512206239596,False,4.100000000000136,-0.14137931034483228,2
543,2023,M,2,2,14,1890.6705466537876,1759.5822235017786,131.08832315200902,-9.36345165371493,True,142.04301891875116,-10.14592992276794,2
544,2023,M,2,2,14,1931.1205536869422,1821.7782532528051,109.34230043413709,-7.8101643167240775,True,120.12988655405388,-8.58070618243242,2
545,2023,M,2,2,14,1932.0020308377857,1874.1198471212017,57.882183716583995,-4.134441694041714,True,67.83234139519209,-4.84516724251372,2
546,2023,M,2,2,42,1938.955906138885,1964.9327642150863,-25.976858076201324,0.6184966208619362,False,-19.299999999999955,0.45952380952380845,2
549,2023,M,4,4,42,1948.260387175567,2199.6631014309755,-251.40271425540845,5.985778910843059,False,-248.60000000000014,5.919047619047622,4
552,2023,M,4,4,42,1969.8076064184097,1979.0873574140344,-9.279750995624681,0.22094645227677812,False,-2.2000000000000455,0.052380952380953465,4
553,2023,M,2,2,14,2009.180252489422,1937.2851656475696,71.89508684185239,-5.135363345846599,True,82.4340693053307,-5.888147807523621,2
554,2023,M,3,3,42,2047.8673052208892,1966.6037925788512,81.263512642038,-1.9348455390961428,True,90.20000000000005,-2.147619047619049,3
575,2024,F,3,3,28,1487.6393404737298,1377.0362877424,110.60305273132985,-3.9501090261189233,True,144.20000000000005,-5.150000000000001,3
563,2023,M,3,3,42,2292.232359815854,2041.701773162159,250.53058665369508,-5.965013967945121,True,263.3000000000002,-6.269047619047623,3
565,2023,M,4,4,42,2310.8413218892183,1946.7480437858821,364.09327810333616,-8.668887573888956,True,378.9000000000001,-9.021428571428574,4
566,2023,M,2,2,14,2364.0237766567793,1949.078179080881,414.9455975758983,-29.638971255421307,True,432.7482026491673,-30.91058590351195,2
567,2023,F,2,2,21,1442.8612056943455,1421.1803492804077,21.680856413937818,-1.032421733997039,True,38.23000000000002,-1.8204761904761912,2
568,2023,F,3,3,35,1443.3525764904546,1411.183686866854,32.168889623600535,-0.9191111321028724,True,55.600000000000136,-1.5885714285714325,3
569,2023,F,3,3,35,1456.324765507731,1476.5948619356946,-20.270096427963608,0.5791456122275317,False,3.300000000000182,-0.09428571428571948,3
570,2023,F,4,4,35,1479.419192924852,1407.688433237221,71.73075968763101,-2.0494502767894573,True,95.80000000000018,-2.7371428571428624,4
571,2023,F,2,2,28,1481.8760469053968,1475.7216944045879,6.154352500808955,-0.2197983036003198,True,11.900000000000091,-0.42500000000000326,2
572,2023,F,3,3,35,1484.627723363607,1416.276770727176,68.35095263643097,-1.952884361040885,True,92.5,-2.642857142857143,3
573,2023,F,3,3,28,1488.2638672548132,1469.8030245072434,18.460842747569814,-0.6593158124132076,True,24.40000000000009,-0.8714285714285747,3
574,2023,F,3,3,35,1491.5069145091325,1444.1389353748195,47.36797913431292,-1.3533708324089406,True,71.60000000000014,-2.04571428571429,3
575,2023,F,3,3,28,1502.611894501195,1467.3369120500165,35.2749824511784,-1.2598208018278,True,41.5,-1.4821428571428572,3
576,2023,F,2,2,14,1518.4340341359032,1532.9239428820083,-14.48990874610513,1.034993481864652,False,-5.800000000000182,0.4142857142857273,2
577,2023,F,4,4,35,1526.099418555203,1469.5044902870113,56.59492826819178,-1.6169979505197651,True,81.40000000000009,-2.3257142857142883,4
578,2023,F,2,2,35,1526.8856118289775,1520.435328890231,6.450282938746568,-0.18429379824990194,True,31.200000000000045,-0.8914285714285727,2
579,2023,F,2,2,21,1532.3889647453977,1488.662985780572,43.7259789648258,-2.082189474515514,True,61.430000000000064,-2.925238095238098,2
580,2023,F,4,4,35,1533.1751580191722,1492.373435463751,40.801722555421065,-1.165763501583459,True,65.69999999999982,-1.877142857142852,4
581,2023,F,4,4,35,1548.8990234946586,1455.3237469896442,93.57527650501447,-2.673579328714699,True,118.79999999999995,-3.394285714285713,4
582,2023,F,3,3,35,1550.8645066790943,1489.1777750023725,61.68673167672182,-1.7624780479063378,True,86.89999999999986,-2.482857142857139,3
583,2023,F,2,2,35,1557.4488753469545,1449.4317480139778,108.01712733297677,-3.0862036380850504,True,133.39999999999986,-3.8114285714285674,2
584,2023,F,2,2,35,1564.819437288589,1494.1709944732766,70.64844281531236,-2.0185269375803534,True,96.09999999999991,-2.7457142857142833,2
586,2023,F,4,4,35,1573.5658374593286,1487.4800803822652,86.08575707706336,-2.4595930593446673,True,111.70000000000005,-3.1914285714285726,4
587,2023,F,2,2,35,1577.988174624309,1535.7145804711965,42.273594153112526,-1.2078169758032151,True,67.90000000000009,-1.9400000000000026,2
588,2023,F,2,2,14,1581.6243185155156,1560.7418770335098,20.882441482005788,-1.4916029630004135,True,27.75999999999999,-1.9828571428571422,2
589,2023,F,2,2,14,1581.7225926747371,1501.7912183918584,79.93137428287878,-5.709383877348484,True,87.59999999999991,-6.257142857142851,2
590,2023,F,4,4,35,1581.8208668339587,1526.3273278658974,55.49353896806133,-1.5855296848017524,True,81.19999999999982,-2.319999999999995,4
591,2023,F,4,4,35,1590.763815323142,1537.2125463124678,53.551269010674105,-1.5300362574478317,True,79.40000000000009,-2.2685714285714313,4
594,2023,F,2,2,35,1602.065343633648,1522.5324810680104,79.53286256563752,-2.2723675018753577,True,105.60000000000014,-3.017142857142861,2
598,2023,F,2,2,14,1616.7081933576949,1516.7311743984635,99.97701895923137,-7.141215639945098,True,108.05999999999995,-7.718571428571424,2
599,2023,F,2,2,14,1617.4943866314695,1569.1295669975884,48.3648196338811,-3.45462997384865,True,55.75999999999999,-3.982857142857142,2
600,2023,F,2,2,35,1619.7546922935705,1521.3341083949936,98.42058389857698,-2.812016682816485,True,124.79999999999995,-3.5657142857142845,2
601,2023,F,2,2,14,1628.7959149419755,1595.5754600608,33.220454881175556,-2.3728896343696824,True,40.460000000000036,-2.890000000000003,2
603,2023,F,2,2,35,1632.4320588331816,1642.2698839802854,-9.837825147103786,0.2810807184886796,False,16.59999999999991,-0.4742857142857117,2
604,2023,F,2,2,14,1633.611348743843,1631.2774156961354,2.33393304770766,-0.16670950340769,True,9.180000000000064,-0.6557142857142902,2
606,2023,F,2,2,35,1639.311249978707,1534.3164790193437,104.99477095936345,-2.9998505988389557,True,131.69999999999982,-3.7628571428571376,2
607,2023,F,2,2,14,1645.6007961689015,1408.0069767229165,237.593819445985,-16.970987103284642,True,247.6400000000001,-17.688571428571436,2
612,2023,F,2,2,21,1679.2105586227547,1572.7529102913068,106.4576483314479,-5.069411825307043,True,126.22000000000003,-6.010476190476192,2
613,2023,F,3,3,35,1680.3898485334162,1606.5184325686137,73.87141596480251,-2.1106118847086432,True,101.20000000000005,-2.891428571428573,3
615,2023,F,3,3,35,1682.9449766731825,1654.0538819316184,28.891094741564075,-0.8254598497589736,True,56.200000000000045,-1.605714285714287,3
616,2023,F,4,4,35,1688.448329589603,1632.3833094278957,56.06502016170725,-1.6018577189059215,True,83.5,-2.3857142857142857,4
617,2023,F,3,3,35,1689.5293453410425,1573.1637265029758,116.36561883806667,-3.3247319668019046,True,143.9000000000001,-4.111428571428574,3
618,2023,F,2,2,28,1697.5878263972295,1737.5241928637977,-39.93636646656819,1.4262988023774352,False,-34.0,1.2142857142857142,2
620,2023,F,3,3,35,1705.6463074534163,1591.738502934738,113.90780451867818,-3.254508700533662,True,141.69999999999982,-4.048571428571424,3
621,2023,F,4,4,35,1713.409966031938,1595.9328072902972,117.47715874164078,-3.356490249761165,True,145.4000000000001,-4.154285714285717,4
622,2023,F,3,3,28,1715.9650941717045,1750.1506886447996,-34.18559447309508,1.2209140883248242,False,-28.100000000000136,1.0035714285714334,3
623,2023,F,2,2,14,1722.352914521121,1613.6928703832089,108.66004413791211,-7.761431724136579,True,117.29999999999995,-8.378571428571425,2
624,2023,F,3,3,35,1725.202865138553,1579.1555898680604,146.04727527049272,-4.172779293442649,True,174.20000000000005,-4.977142857142859,3
625,2023,F,2,2,21,1735.9147484937282,1593.74309118797,142.17165730575812,-6.770078919321815,True,162.80000000000018,-7.752380952380961,2
626,2023,F,3,3,35,1738.2733283150512,1602.3241282130543,135.9492001019969,-3.884262860057054,True,164.29999999999995,-4.694285714285713,3
627,2023,F,4,4,35,1746.6266318489036,1611.2120588712635,135.4145729776401,-3.8689877993611455,True,163.89999999999986,-4.682857142857139,4
529,2023,M,4,4,42,1740.1338376708375,1807.7578022351001,-67.62396456426268,1.6100943943872066,False,-62.399999999999864,1.4857142857142824,4
630,2023,F,2,2,14,1779.6467493474256,1627.1033064551884,152.54344289223718,-10.89596020658837,True,162.01,-11.572142857142856,2
632,2023,F,4,4,35,1785.051828104624,1805.4482962894242,-20.396468184800142,0.5827562338514326,False,8.5,-0.24285714285714285,4
634,2023,F,2,2,14,1796.451630574352,1696.4152291701134,100.03640140423863,-7.145457243159902,True,108.86999999999989,-7.776428571428563,2
635,2023,F,3,3,35,1805.2963049043133,1871.3587933053554,-66.06248840104217,1.8874996686012049,False,-36.90000000000009,1.054285714285717,3
636,2023,F,2,2,21,1807.3600622479707,1705.7602923651941,101.59976988277663,-4.83808428013222,True,122.78999999999996,-5.847142857142855,2
638,2023,F,3,3,35,1849.5196765541193,1752.7198986766791,96.79977787744019,-2.7657079393554342,True,126.90000000000009,-3.625714285714288,3
639,2023,F,2,2,35,1857.3816092918628,1796.260772462961,61.1208368289017,-1.7463096236829057,True,91.29999999999995,-2.608571428571427,2
642,2023,F,3,3,35,1878.3140052061044,1752.420305508425,125.8936996976795,-3.5969628485051284,True,156.5,-4.4714285714285715,3
643,2023,F,4,4,35,1884.5052772370773,1784.4767745116278,100.02850272544947,-2.8579572207271275,True,130.69999999999982,-3.734285714285709,4
644,2023,F,2,2,14,1887.3552278545092,1714.651053939074,172.70417391543515,-12.336012422531082,True,182.8900000000001,-13.063571428571436,2
645,2023,F,2,2,14,1889.320711038945,1817.3953220637604,71.92538897518466,-5.137527783941762,True,80.76999999999998,-5.769285714285713,2
646,2023,F,4,4,35,1890.8930975864937,1724.3584120819453,166.5346855045484,-4.758133871558526,True,197.39999999999986,-5.639999999999996,4
647,2023,F,4,4,35,1897.379192095132,1669.4329979020026,227.9461941931295,-6.512748405517986,True,259.0,-7.4,4
648,2023,F,3,3,35,1900.5239651902295,1858.6760158492596,41.84794934096999,-1.1956556954562854,True,72.70000000000005,-2.0771428571428583,3
649,2023,F,2,2,21,1919.5891520792568,1788.4290067110505,131.16014536820626,-6.2457212080098214,True,153.80999999999995,-7.324285714285712,2
650,2023,F,2,2,21,1921.849457741358,1738.1996628418563,183.64979489950179,-8.745228328547704,True,206.64999999999986,-9.840476190476185,2
652,2023,F,4,4,35,1930.9889545489848,1791.8667393285655,139.12221522041932,-3.9749204348691234,True,170.60000000000014,-4.874285714285718,4
655,2023,F,3,3,35,1956.9333325835378,1916.6972261011624,40.23610648237536,-1.1496030423535817,True,72.0,-2.057142857142857,3
658,2023,F,3,3,35,2008.5272661749784,2038.6316455806354,-30.104379405657028,0.860125125875915,False,2.3999999999998636,-0.06857142857142468,3
661,2023,F,3,3,35,2118.1029537072764,2112.7310225288484,5.371931178427985,-0.1534837479550853,True,39.70000000000027,-1.1342857142857221,3
665,2023,F,2,2,28,2944.3920844441004,3042.788194224861,-98.39610978076053,3.5141467778843043,False,-88.5,3.1607142857142856,2
666,2023,M,3,3,29,1520.0198433749777,1526.9529174200156,-6.9330740450379835,0.2390715187944132,False,8.373942723239452,-0.2887566456289466,3
667,2023,M,4,4,35,1595.0340214053097,1558.8867328421352,36.14728856317447,-1.0327796732335564,True,53.200000000000045,-1.5200000000000014,4
668,2023,M,4,4,35,1597.5035730579468,1594.4271540327723,3.076419025174573,-0.08789768643355923,True,20.100000000000136,-0.5742857142857182,4
669,2023,M,5,5+,50,1554.901718299723,1605.708242781486,-50.80652448176306,1.0161304896352612,False,-12.296433998179964,0.24592867996359927,5
670,2023,M,4,4,35,1604.9122280158583,1560.4840551428379,44.42817287302046,-1.2693763678005845,True,61.600000000000136,-1.760000000000004,4
671,2023,M,3,3,35,1626.2491542946436,1616.2905030236418,9.958651271001827,-0.28453289345719507,True,27.299999999999955,-0.7799999999999987,3
672,2023,M,3,3,35,1631.2870396660237,1625.674771540271,5.612268125752735,-0.16035051787864957,True,23.0,-0.6571428571428571,3
673,2023,M,4,4,35,1639.288387020568,1594.2274887451847,45.06089827538335,-1.2874542364395243,True,62.59999999999991,-1.788571428571426,4
674,2023,M,4,4,35,1642.0542848715218,1614.9926786543208,27.06160621720096,-0.7731887490628846,True,44.59999999999991,-1.2742857142857116,4
675,2023,M,4,4,35,1642.5481952020493,1626.573265334416,15.974929867633364,-0.45642656764666756,True,33.5,-0.9571428571428572,4
676,2023,M,4,4,35,1647.3885164412181,1609.102552670479,38.285963770739045,-1.0938846791639727,True,55.90000000000009,-1.5971428571428596,4
677,2023,M,4,4,35,1659.2423643738769,1615.9910050922601,43.251359281616715,-1.235753122331906,True,61.0,-1.7428571428571429,4
678,2023,M,2,2,21,1668.4290965216871,1675.2675198797133,-6.838423358026148,0.32563920752505465,False,4.6099999999999,-0.21952380952380476,2
680,2023,M,4,4,35,1676.8255721406533,1682.7790437903957,-5.953471649742369,0.1700991899926391,False,11.900000000000091,-0.3400000000000026,4
681,2023,M,3,3,35,1696.186857097329,1658.3200460608841,37.866811036444915,-1.081908886755569,True,56.0,-1.6,3
682,2023,M,2,2,21,1697.3722418905948,1608.9188142645198,88.45342762607493,-4.2120679821940445,True,100.61999999999989,-4.7914285714285665,2
683,2023,M,3,3,35,1697.3722418905948,1643.1454842042076,54.226757686387145,-1.5493359338967756,True,72.39999999999986,-2.0685714285714245,3
684,2023,M,3,3,35,1700.7308321381815,1705.2413886440288,-4.510556505847262,0.1288730430242075,False,13.600000000000136,-0.38857142857143245,3
685,2023,M,4,4,35,1702.6076913941856,1658.419878704678,44.18781268950761,-1.2625089339859317,True,62.399999999999864,-1.782857142857139,4
686,2023,M,2,2,35,1703.5955120552405,1646.2402961618193,57.355215893421246,-1.6387204540977498,True,75.59999999999991,-2.1599999999999975,2
687,2023,M,3,3,35,1704.1882044518736,1721.6139422262327,-17.42573777435905,0.4978782221245443,False,0.7000000000000455,-0.020000000000001298,3
688,2023,M,3,3,35,1705.472371311245,1690.1666594311462,15.305711880098897,-0.43730605371711134,True,33.5,-0.9571428571428572,3
689,2023,M,4,4,35,1708.5346153605149,1613.7946869287937,94.73992843172118,-2.706855098049177,True,113.09999999999991,-3.2314285714285687,4
690,2023,M,2,2,35,1709.8187822198863,1628.170587635119,81.64819458476723,-2.3328055595647776,True,100.0,-2.857142857142857,2
691,2023,M,4,4,35,1713.8688469302115,1696.6557812777512,17.213065652460273,-0.49180187578457923,True,35.5,-1.0142857142857142,4
692,2023,M,3,3,35,1714.7578855251609,1761.9463303189782,-47.188444793817325,1.348241279823352,False,-29.0,0.8285714285714286,3
693,2023,M,3,3,35,1715.9432703184264,1633.1622198248153,82.78105049361102,-2.365172871246029,True,101.19999999999982,-2.891428571428566,3
694,2023,M,2,2,35,1725.327566598448,1759.45051422413,-34.12294762568217,0.9749413607337764,False,-15.800000000000182,0.4514285714285766,2
695,2023,M,4,4,35,1725.327566598448,1686.373018966977,38.95454763147086,-1.1129870751848816,True,57.399999999999864,-1.6399999999999961,4
696,2023,M,3,3,35,1727.2044258544522,1747.7700949002408,-20.56566904578858,0.587590544165388,False,-2.2000000000000455,0.06285714285714415,3
697,2023,M,2,2,35,1734.5142987462584,1752.0628985833796,-17.548599837121174,0.5013885667748906,False,0.900000000000091,-0.025714285714288312,2
699,2023,M,3,3,35,1742.614428166908,1666.0071596330165,76.60726853389156,-2.1887791009683304,True,95.29999999999995,-2.7228571428571415,3
701,2023,M,4,4,35,1749.1340445298706,1748.868253981974,0.26579054789658585,-0.007594015654188167,True,18.90000000000009,-0.5400000000000026,4
702,2023,M,3,3,35,1752.2950706452461,1735.6903450011757,16.604725644070413,-0.4744207326877261,True,35.30000000000018,-1.0085714285714338,3
704,2023,M,4,4,35,1752.5914168435627,1718.419297624827,34.17211921873559,-0.9763462633924453,True,52.90000000000009,-1.511428571428574,4
705,2023,M,4,4,35,1753.1841092401953,1734.5921859194427,18.591923320752585,-0.5311978091643595,True,37.299999999999955,-1.0657142857142845,4
706,2023,M,4,4,35,1756.2463532894658,1705.141556000235,51.10479728923087,-1.4601370654065964,True,69.90000000000009,-1.9971428571428598,4
707,2023,M,4,4,35,1759.3085973387356,1681.6808847086627,77.62771263007289,-2.2179346465735112,True,96.5,-2.757142857142857,4
708,2023,M,4,4,35,1760.987892462529,1826.3383855660597,-65.35049310353065,1.8671569458151616,False,-46.700000000000045,1.3342857142857156,4
709,2023,M,3,3,35,1764.2477006440101,1684.1767008035106,80.07099984049955,-2.2877428525857013,True,99.0,-2.8285714285714287,3
710,2023,M,2,2,28,1765.3343033711703,1769.1038012824558,-3.769497911285498,0.1346249254030535,False,-6.7000000000000455,0.2392857142857159,2
711,2023,M,3,3,35,1766.3221240322252,1737.8866631646422,28.43546086758306,-0.8124417390738017,True,47.299999999999955,-1.35142857142857,3
712,2023,M,3,3,35,1767.6062908915967,1737.8866631646422,29.719627726954513,-0.849132220770129,True,48.600000000000136,-1.3885714285714326,3
714,2023,M,3,3,21,1773.533214857926,1690.5542775667993,82.97893729112661,-3.9513779662441246,True,95.6400000000001,-4.554285714285719,3
715,2023,M,4,4,35,1783.115075270158,1713.4276654351306,69.68740983502744,-1.9910688524293554,True,88.79999999999995,-2.537142857142856,4
717,2023,M,4,4,35,1816.0095032832858,1716.921807967918,99.08769531536768,-2.8310770090105053,True,118.60000000000014,-3.3885714285714323,4
718,2023,M,2,2,14,1821.738863117404,1849.9764812588937,-28.237618141489747,2.016972724392125,False,-35.87999999999988,2.5628571428571343,2
720,2023,M,4,4,35,1826.2828381582565,1851.2965465145408,-25.01370835628427,0.714677381608122,False,-5.600000000000136,0.1600000000000039,4
721,2023,M,3,3,28,1830.0365566702649,1771.1748894654716,58.86166720479332,-2.10220240017119,True,56.69999999999982,-2.0249999999999937,3
722,2023,M,2,2,35,1830.5304670007922,1784.907838391581,45.62262860921123,-1.3035036745488924,True,65.19999999999982,-1.8628571428571377,2
723,2023,M,3,3,35,1835.1732241077502,1774.125912861837,61.047311245913306,-1.7442088927403803,True,80.70000000000005,-2.305714285714287,3
724,2023,M,2,2,21,1840.9025839418684,1743.0086432412904,97.89394070057801,-4.661616223837048,True,111.09999999999991,-5.290476190476186,2
725,2023,M,2,2,21,1845.5453410488265,1956.148016848485,-110.60267579965853,5.2667940856980255,False,-98.5,4.690476190476191,2
726,2023,M,3,3,35,1845.5453410488265,1844.9072573117296,0.6380837370968493,-0.018230963917052836,True,20.299999999999955,-0.5799999999999987,3
727,2023,M,3,3,35,1846.4343796437759,1763.7433179072686,82.69106173650721,-2.362601763900206,True,102.5,-2.9285714285714284,3
728,2023,M,3,3,35,1847.1258541065145,1818.1521087749577,28.973745331556756,-0.8278212951873359,True,48.700000000000045,-1.3914285714285728,3
730,2023,M,3,3,35,1851.3734829490504,1789.4003073623073,61.97317558674308,-1.7706621596212309,True,81.79999999999995,-2.337142857142856,3
731,2023,M,3,3,35,1855.7198938576917,1782.9111855157023,72.80870834198936,-2.0802488097711245,True,92.69999999999982,-2.6485714285714232,3
732,2023,M,3,3,35,1855.8186759237972,1757.1543634168697,98.66431250692744,-2.8189803573407843,True,118.60000000000014,-3.3885714285714323,3
733,2023,M,3,3,21,1856.806496584852,1796.8056974569374,60.00079912791466,-2.8571809108530792,True,73.11000000000013,-3.4814285714285775,3
734,2023,M,4,4,35,1866.7834852615063,1788.601646211956,78.18183904955026,-2.2337668299871503,True,98.20000000000005,-2.805714285714287,4
735,2023,M,2,2,14,1873.797011954996,1732.006139391458,141.79087256353796,-10.12791946882414,True,136.71000000000004,-9.765000000000002,2
736,2023,M,3,3,28,1874.6860505499453,1903.428663438031,-28.74261288808566,1.0265218888602021,False,-32.200000000000045,1.1500000000000017,3
737,2023,M,4,4,35,1886.8362446809203,1835.7226540826885,51.113590598231895,-1.4603883028066256,True,71.29999999999995,-2.037142857142856,4
738,2023,M,2,2,21,1886.8362446809203,1848.8323919664679,38.00385271445248,-1.8097072721167846,True,51.19999999999982,-2.4380952380952294,2
739,2023,M,2,2,21,1888.7131039369247,1811.1376544036461,77.57544953327852,-3.694069025394215,True,91.0,-4.333333333333333,2
740,2023,M,4,4,35,1897.109579555891,1846.2050816810506,50.904497874840445,-1.4544142249954413,True,71.20000000000005,-2.0342857142857156,4
741,2023,M,2,2,35,1897.899836084735,1975.688020681771,-77.78818459703598,2.222519559915314,False,-57.700000000000045,1.64857142857143,2
742,2023,M,3,3,28,1902.4438111255874,2049.8841849512683,-147.4403738256808,5.265727636631458,False,-152.5999999999999,5.449999999999997,3
743,2023,M,4,4,35,1916.2733003803557,1868.2680959595082,48.005204420847576,-1.3715772691670736,True,68.5,-1.957142857142857,4
744,2023,M,2,2,14,1930.3003537673349,1825.5907492314086,104.70960453592625,-7.479257466851875,True,110.09999999999991,-7.864285714285708,2
745,2023,M,3,3,21,1938.7956114524068,1769.0766926218064,169.7189188306004,-8.081853277647637,True,183.99,-8.761428571428572,3
746,2023,M,3,3,35,1940.8700348406219,1991.860908976387,-50.990874135765125,1.4568821181647178,False,-30.40000000000009,0.8685714285714312,3
748,2023,M,3,3,35,1951.242151781698,1839.0171313278881,112.22502045380998,-3.2064291558231424,True,133.20000000000005,-3.805714285714287,3
750,2023,M,3,3,35,1954.3043958309686,1710.6323514089008,243.67204442206776,-6.962058412059079,True,264.9000000000001,-7.568571428571431,3
751,2023,M,3,3,35,1954.3043958309686,1793.593278401652,160.71111742931657,-4.591746212266187,True,181.80000000000018,-5.194285714285719,3
752,2023,M,4,4,35,1956.3788192191837,1847.7025713379594,108.6762478812243,-3.105035653749266,True,129.70000000000005,-3.705714285714287,4
753,2023,M,2,2,35,1959.5398453345595,2002.343336574749,-42.80349124018949,1.2229568925768426,False,-22.0,0.6285714285714286,2
754,2023,M,4,4,35,1965.367987234783,1865.572614577072,99.79537265771091,-2.8512963616488833,True,120.89999999999986,-3.45428571428571,4
755,2023,M,2,2,35,1979.5926047539733,1900.014876685976,79.57772806799721,-2.2736493733713488,True,100.79999999999995,-2.8799999999999986,2
756,2023,M,3,3,35,1987.7915162407287,1957.8179774426585,29.973538798070194,-0.8563868228020055,True,51.200000000000045,-1.4628571428571442,3
757,2023,M,3,3,35,1992.0391450832647,1903.1096886435878,88.92945643967687,-2.5408416125621964,True,110.29999999999995,-3.15142857142857,3
758,2023,M,3,3,35,1996.6819021902224,1917.7850872812946,78.89681490892781,-2.2541947116836516,True,100.29999999999995,-2.8657142857142843,3
760,2023,M,4,4,35,2008.6345321889867,1911.2959654346896,97.33856675429706,-2.7811019072656302,True,118.90000000000009,-3.39714285714286,4
762,2023,M,4,4,35,2019.006649130063,1917.9847525688826,101.02189656118026,-2.8863399017480074,True,122.70000000000005,-3.505714285714287,4
763,2023,M,2,2,35,2028.983637806717,1990.66291725086,38.32072055585718,-1.094877730167348,True,60.0,-1.7142857142857142,2
764,2023,M,4,4,35,2041.8253064004305,1986.270280923927,55.55502547650349,-1.587286442185814,True,77.40000000000009,-2.211428571428574,4
765,2023,M,2,2,21,2046.4680635073883,1880.1617912601057,166.30627224728255,-7.919346297489645,True,181.29999999999973,-8.63333333333332,2
767,2023,M,2,2,35,2058.4206935061525,1989.8642561005083,68.55643740564415,-1.9587553544469756,True,90.60000000000014,-2.5885714285714325,2
769,2023,M,3,3,35,2069.681849042178,1922.8765521147848,146.8052969273931,-4.1944370550683745,True,169.0999999999999,-4.831428571428569,3
770,2023,M,2,2,14,2074.8185164796637,1809.5542471783676,265.26426930129605,-18.94744780723543,True,261.4000000000001,-18.671428571428578,2
771,2023,M,3,3,35,2078.868581189988,2034.5892805201865,44.279300669801614,-1.2651228762800462,True,66.5,-1.9,3
772,2023,M,3,3,35,2081.634479040942,1917.285924062325,164.34855497861713,-4.6956729993890605,True,186.80000000000018,-5.3371428571428625,3
775,2023,M,2,2,35,2094.0810193702337,2107.467110489752,-13.386091119518369,0.3824597462719534,False,8.900000000000091,-0.2542857142857169,2
778,2023,M,3,3,35,2108.4044189555293,1964.4069319330574,143.9974870224719,-4.114213914927769,True,166.70000000000005,-4.762857142857144,3
781,2023,M,4,4,35,2117.3935869711286,2024.3065182094124,93.08706876171618,-2.659630536049034,True,115.79999999999995,-3.3085714285714274,4
782,2023,M,2,2,14,2128.555960441049,1943.7470908165074,184.80886962454179,-13.200633544610128,True,179.26647113757008,-12.804747938397863,2
784,2023,M,2,2,14,2141.990321431395,1852.6824487302047,289.30787270119026,-20.66484805008502,True,285.57000000000016,-20.397857142857156,2
786,2023,M,3,3,35,2143.2744882907664,2019.41471866351,123.85976962725636,-3.538850560778753,True,146.89999999999986,-4.197142857142853,3
787,2023,M,2,2,14,2171.3285950647246,1889.493446221745,281.8351488429796,-20.13108206021283,True,277.8599999999999,-19.84714285714285,2
790,2023,M,4,4,35,2185.8495587822317,2230.0615970686913,-44.212038286459574,1.263201093898845,False,-21.0,0.6,4
792,2023,M,3,3,35,2238.006489685929,2149.1971555956125,88.8093340903165,-2.537409545437614,True,112.79999999999973,-3.222857142857135,3
794,2023,M,3,3,35,2263.6898268733557,1995.7543820843498,267.93544478900594,-7.6552984225430265,True,292.5,-8.357142857142858,3
795,2023,M,2,2,35,2307.9441924886146,2375.2182611450576,-67.27406865644298,1.9221162473269422,False,-42.79999999999973,1.222857142857135,2
796,2023,M,3,3,35,2307.9441924886146,2225.0699648789955,82.87422760961908,-2.367835074560545,True,107.59999999999991,-3.0742857142857116,3
801,2023,M,4,4,35,2365.336572895903,2344.7693047879106,20.567268107992277,-0.5876362316569222,True,45.80000000000018,-1.3085714285714338,4
802,2023,M,4,4,35,2377.2892028946667,2078.615476433308,298.6737264613589,-8.533535041753112,True,324.5,-9.271428571428572,4
804,2023,M,2,2,14,2591.053593946942,2282.1244063680815,308.92918757886036,-22.06637054134717,True,303.7399999999998,-21.69571428571427,2
806,2023,M,2,2,14,2748.215861120773,2406.4335326229852,341.7823284977876,-24.413023464127686,True,351.4000000000001,-25.100000000000005,2
809,2023,F,4,4,35,1470.021795923361,1453.545883077697,16.47591284566397,-0.4707403670189706,True,29.180000000000064,-0.8337142857142875,4
810,2023,F,4,4,35,1520.5754787231529,1559.9558157625954,-39.380337039442566,1.1251524868412162,False,-26.25,0.75,4
831,2023,F,4,4,35,1755.4022915715982,1646.599476069589,108.80281550200925,-3.1086518714859785,True,123.99000000000001,-3.5425714285714287,4
825,2023,F,4,4,35,1630.8023322003464,1598.4685528388172,32.333779361529196,-0.9238222674722627,True,46.430000000000064,-1.3265714285714303,4
833,2023,F,3,3,28,1702.1722373294642,1701.1943102023954,0.9779271270688241,-0.03492596882388658,True,13.200000000000045,-0.47142857142857303,3
819,2023,F,4,4,35,1569.939663104126,1530.301408138485,39.63825496564118,-1.132521570446891,True,53.210000000000036,-1.5202857142857154,4
817,2023,F,4,4,35,1568.551914948838,1592.4896803643676,-23.93776541552961,0.6839361547294175,False,-10.389999999999873,0.2968571428571392,4
829,2023,F,5,5+,35,1677.0936456660381,1656.977518926577,20.11612673946115,-0.5747464782703187,True,34.61000000000013,-0.9888571428571465,5
821,2023,F,4,4,28,1599.1814992334175,1645.2865159703917,-46.10501673697422,1.6466077406062223,False,-34.700000000000045,1.2392857142857159,4
807,2023,F,4,4,35,1452.0801947728467,1431.2000971573034,20.880097615543264,-0.5965742175869504,True,33.430000000000064,-0.955142857142859,4
813,2023,F,4,4,35,1544.4645719677605,1603.6375780383,-59.173006070539486,1.6906573163011283,False,-45.840000000000146,1.3097142857142898,4
823,2023,F,4,4,35,1610.878233685134,1560.79565738108,50.0825763040541,-1.430930751544403,True,64.00999999999999,-1.8288571428571425,4
811,2023,F,4,4,35,1520.8728533278575,1539.7796206899538,-18.90676736209639,0.540193353202754,False,-5.769999999999982,0.16485714285714234,4
815,2023,F,2,2,35,1560.9193000947516,1562.3553632439803,-1.4360631492286302,0.04103037569224658,False,12.049999999999955,-0.344285714285713,2
866,2023,M,4,4,35,1660.8227532148474,1643.0472153734495,17.775537841397863,-0.5078725097542247,True,34.679999999999836,-0.9908571428571382,4
867,2023,M,5,5+,35,1673.886849718295,1586.0001585594825,87.88669115881248,-2.5110483188232138,True,104.94000000000005,-2.998285714285716,5
890,2023,M,4,4,35,1798.4906186413327,1797.8420945621358,0.6485240791969318,-0.018529259405626622,True,18.950000000000045,-0.5414285714285727,4
913,2023,M,2,2,35,1910.3272023450918,1767.0690765331506,143.25812581194123,-4.093089308912607,True,162.73000000000002,-4.649428571428572,2
885,2023,M,5,5+,35,1747.8177594764438,1640.407814216967,107.4099452594769,-3.068855578842197,True,125.22000000000003,-3.5777142857142863,5
906,2023,M,3,3,35,1890.6320871618632,1846.1311384477751,44.500948714088054,-1.271455677545373,True,63.75,-1.8214285714285714,3
843,2023,F,4,4,35,1731.810572931695,1677.9935556177034,53.817017313991755,-1.5376290661140501,True,68.78999999999996,-1.9654285714285704,4
897,2023,M,2,2,14,1818.2847042526175,1862.3501007252194,-44.06539647260183,3.1475283194715593,False,-30.99000000000001,2.2135714285714294,2
835,2023,F,4,4,35,1714.66197072706,1791.1422174794902,-76.48024675243028,2.1851499072122937,False,-61.680000000000064,1.762285714285716,4
922,2023,M,4,4,35,1921.1149790032416,1909.536752593267,11.578226409974604,-0.3308064688564173,True,31.12999999999988,-0.889428571428568,4
841,2023,F,4,4,35,1726.953454388186,1777.6747572402196,-50.72130285203366,1.449180081486676,False,-35.809999999999945,1.0231428571428556,4
934,2023,M,4,4,35,2067.195330814523,1918.9646135423682,148.23071727215483,-4.2351633506329955,True,169.29999999999973,-4.837142857142849,4
903,2023,M,3,3,14,1877.271079374246,1693.1307335312479,184.14034584299816,-13.15288184592844,True,198.3599999999999,-14.168571428571422,3
847,2023,F,3,3,35,1818.4457077689858,1853.5604463390055,-35.114738570019654,1.0032782448577044,False,-19.410000000000082,0.5545714285714309,3
911,2023,M,3,3,35,1905.6755922264397,1857.2086251196777,48.46696710676201,-1.384770488764629,True,67.86999999999989,-1.939142857142854,3
872,2023,M,2,2,35,1685.070508088671,1673.7302538175543,11.340254271116692,-0.32400726488904835,True,28.49000000000001,-0.8140000000000003,2
874,2023,M,3,3,35,1688.2375617864766,1763.4498976746409,-75.21233588816426,2.1489238825189787,False,-58.049999999999955,1.6585714285714273,3
849,2023,F,3,3,35,1849.57091639474,1754.9190486250895,94.65186776965038,-2.704339079132868,True,110.65000000000009,-3.161428571428574,3
930,2023,M,3,3,14,2007.2192514123303,1815.855895800761,191.36335561156943,-13.668811115112103,True,206.54999999999995,-14.753571428571425,3
870,2023,M,4,4,35,1683.0910995275426,1633.7493249358417,49.34177459170087,-1.4097649883343106,True,66.48000000000002,-1.899428571428572,4
932,2023,M,3,3,35,2038.6918475342734,1992.1680047081345,46.52384282613889,-1.329252652175397,True,67.2800000000002,-1.92228571428572,3
839,2023,F,4,4,35,1717.9330913788112,1767.9265955970948,-49.99350421828353,1.4283858348081009,False,-35.16000000000008,1.004571428571431,4
907,2023,M,2,2,7,1895.4816381366281,1818.1727132341373,77.30892490249084,-11.044132128927263,True,88.0,-12.571428571428571,2
899,2023,M,3,3,35,1835.1096770222096,1768.3187929898183,66.7908840323912,-1.9083109723540344,True,85.48000000000002,-2.4422857142857146,3
924,2023,M,4,4,35,1964.6619673480682,1934.8910000661408,29.77096728192737,-0.8505990651979248,True,49.76999999999998,-1.4219999999999995,4
893,2023,M,3,3,35,1814.424857558417,1787.4344559110073,26.990401647409726,-0.771154332783135,True,45.460000000000036,-1.2988571428571438,3
868,2023,M,3,3,35,1676.7569921319316,1652.9549674419106,23.80202469002097,-0.6800578482863134,True,40.87000000000012,-1.167714285714289,3
895,2023,M,4,4,35,1816.503236547602,1793.4830835612788,23.020152986323183,-0.657718656752091,True,41.50999999999999,-1.1859999999999997,4
861,2023,F,3,3,35,2151.802639642908,2078.318060428691,73.48457921421732,-2.0995594061204947,True,92.09000000000015,-2.6311428571428612,3
891,2023,M,4,4,35,1807.7938388786365,1739.1454120253677,68.6484268532688,-1.9613836243791087,True,87.05999999999995,-2.4874285714285698,4
859,2023,F,3,3,35,2150.1175168829145,2152.054154908737,-1.9366380258225036,0.0553325150235001,False,16.639999999999873,-0.4754285714285678,3
936,2023,M,2,2,7,2080.9522203143665,2057.1860044550435,23.766215859322983,-3.3951736941889976,True,35.19999999999982,-5.028571428571403,2
916,2023,M,4,4,35,1923.4902692765959,1869.2059031036874,54.28436617290845,-1.5509818906545272,True,73.86999999999989,-2.1105714285714257,4
926,2023,M,4,4,35,2002.6666117217349,1991.1682315428002,11.498380178934667,-0.3285251479695619,True,31.88000000000011,-0.910857142857146,4
918,2023,M,4,4,35,1923.688210132709,1785.8548143097792,137.8333958229298,-3.9380970235122796,True,157.44000000000005,-4.498285714285716,4
909,2023,M,5,5+,35,1900.1332482552803,1798.1520242433894,101.98122401189084,-2.9137492574825954,True,121.34000000000015,-3.466857142857147,5
853,2023,F,3,3,35,1913.902955879181,1735.1327800181728,178.77017586100828,-5.107719310314522,True,195.33999999999992,-5.581142857142855,3
882,2023,M,5,5+,35,1732.6752839838111,1696.0051999411992,36.67008404261196,-1.0477166869317702,True,54.309999999999945,-1.551714285714284,5
845,2023,F,4,4,28,1808.3349712090273,1794.0411827662585,14.2937884427688,-0.5104924443846001,True,27.299999999999955,-0.9749999999999984,4
878,2023,M,3,3,35,1715.4544295019932,1770.158375614033,-54.70394611203983,1.5629698889154238,False,-37.25999999999999,1.0645714285714283,3
888,2023,M,3,3,14,1762.6633236849075,1725.8581080524734,36.805215632434056,-2.6289439737452898,True,49.73000000000002,-3.5521428571428584,3
886,2023,M,4,4,35,1760.5849446957225,1721.6993702902867,38.88557440543582,-1.1110164115838805,True,56.81000000000017,-1.623142857142862,4
855,2023,F,4,4,35,1959.8968947401681,1783.673625943681,176.22326879648722,-5.034950537042492,True,193.19000000000005,-5.519714285714287,4
880,2023,M,4,4,35,1720.2050100487015,1764.529652693202,-44.3246426445005,1.2664183612714428,False,-26.830000000000155,0.766571428571433,4
851,2023,F,3,3,35,1906.270341025095,1889.96358125451,16.306759770584904,-0.46590742201671154,True,32.77999999999997,-0.9365714285714278,3
876,2023,M,4,4,35,1699.3222497287961,1741.414897110676,-42.09264738187994,1.2026470680537127,False,-24.809999999999945,0.7088571428571413,4
970,2023,F,2,2,42,1708.2812480717082,1776.9983898937405,-68.71714182203232,1.6361224243341028,False,-62.299999999999955,1.4833333333333323,2
22587,2024,F,2,2,15,1656.5069336286379,1639.4049581827235,17.101975445914377,-1.1401316963942918,True,33.388798142801306,-2.2259198761867536,2
962,2023,M,4,4,35,2611.235773840685,2433.937773274335,177.29800056634986,-5.065657159038567,True,203.9100000000003,-5.8260000000000085,4
964,2023,M,4,4,35,2678.8325762032223,2538.9939374876485,139.83863871557378,-3.995389677587822,True,167.12999999999965,-4.775142857142847,4
958,2023,M,2,2,7,2292.2540842148305,2176.9911679146485,115.26291630018204,-16.466130900026005,True,128.29999999999973,-18.32857142857139,2
948,2023,M,4,4,35,2164.087379881762,2013.233225301725,150.85415458003695,-4.31011870228677,True,172.90999999999985,-4.94028571428571,4
968,2023,M,3,3,35,3285.422329761044,2891.4739646578564,393.94836510318737,-11.255667574376782,True,427.4699999999998,-12.213428571428565,3
954,2023,M,3,3,28,2259.5938429562107,2120.448658637135,139.14518431907572,-4.969470868538418,True,159.0999999999999,-5.682142857142854,3
946,2023,M,4,4,35,2147.26240711217,2039.2773162586795,107.98509085349042,-3.085288310099726,True,129.8599999999999,-3.7102857142857113,4
960,2023,M,2,2,14,2392.511127835988,2320.4263439926035,72.08478384338468,-5.1489131316703345,True,79.70000000000027,-5.692857142857163,2
992,2023,F,3,3,35,1436.9538962402905,1464.7109995949436,-27.757103354653054,0.7930600958472301,False,-17.700000000000045,0.505714285714287,3
990,2023,F,4,4,35,1401.2531783212771,1375.3323710657642,25.920807255512955,-0.7405944930146559,True,35.799999999999955,-1.0228571428571416,4
994,2023,F,3,3,35,1437.945582849152,1409.5858566361646,28.359726212987425,-0.8102778917996407,True,38.5,-1.1,3
996,2023,F,4,4,35,1446.8707623289054,1432.954123759995,13.916638568910457,-0.39761824482601305,True,24.09999999999991,-0.688571428571426,4
940,2023,M,5,5+,35,2088.078091134429,2024.4806734117342,63.5974177226949,-1.8170690777912828,True,84.86000000000013,-2.4245714285714324,5
938,2023,M,3,3,14,2086.1976530013567,2059.1529724273337,27.044680574023005,-1.9317628981445003,True,42.289999999999964,-3.0207142857142832,3
950,2023,M,3,3,28,2179.92264837079,2141.4135465050163,38.50910186577357,-1.3753250666347705,True,57.59999999999991,-2.057142857142854,3
944,2023,M,4,4,35,2095.5008732386605,2026.6501811805092,68.85069205815125,-1.9671626302328928,True,90.19000000000028,-2.576857142857151,4
952,2023,M,4,4,35,2221.9850802947703,2043.3163998466296,178.66868044814078,-5.104819441375451,True,201.31999999999994,-5.751999999999998,4
966,2023,M,4,4,35,2679.030517059335,2272.184472854923,406.846044204412,-11.624172691554628,True,434.2000000000003,-12.405714285714293,4
976,2023,F,2,2,42,1734.3565799488329,1493.8213093331797,240.5352706156532,-5.727030252753647,True,248.5,-5.916666666666667,2
984,2023,M,2,2,42,2125.53139917734,2093.179323744015,32.3520754333249,-0.7702875103172595,True,49.5,-1.1785714285714286,2
982,2023,M,2,2,42,1886.3967647743104,1874.4488076868247,11.947957087485747,-0.28447516874966067,True,27.09999999999991,-0.6452380952380931,2
978,2023,F,2,2,42,1864.2375105915453,1772.8179198116513,91.41959077989395,-2.176656923330808,True,99.20000000000005,-2.361904761904763,2
1034,2023,F,4,4,35,1579.7567679163444,1655.8377338729194,-76.08096595657503,2.1737418844735723,False,-63.15000000000009,1.804285714285717,4
1072,2023,F,4,4,35,1666.0335028872935,1710.4274390744179,-44.39393618712438,1.2683981767749823,False,-30.75,0.8785714285714286,4
1010,2023,F,3,3,35,1502.4052124251484,1586.580794691458,-84.17558226630968,2.4050166361802763,False,-71.88000000000011,2.053714285714289,3
1066,2023,F,4,4,35,1645.2080841012023,1763.7473837336831,-118.53929963248083,3.3868371323565953,False,-105.07999999999993,3.002285714285712,4
1044,2023,F,4,4,35,1591.657007222682,1638.670971266514,-47.01396404383195,1.3432561155380556,False,-33.98000000000002,0.9708571428571434,4
1026,2023,F,2,2,14,1563.8897821745604,1566.4469996455332,-2.5572174709727733,0.18265839078376953,False,-2.2000000000000455,0.1571428571428604,2
1029,2023,F,3,3,35,1567.8565286100063,1528.7240732119312,39.13245539807508,-1.1180701542307165,True,50.200000000000045,-1.4342857142857155,3
1049,2023,F,2,2,35,1599.5905000935738,1622.6964636543423,-23.105963560768487,0.6601703874505281,False,-11.900000000000091,0.3400000000000026,2
1078,2023,F,2,2,21,1687.850608282246,1691.9522053227868,-4.10159704054081,0.1953141447876576,False,2.0,-0.09523809523809523,2
1058,2023,F,2,2,35,1627.3577251416955,1691.2034347951433,-63.845709653447784,1.824163132955651,False,-52.5,1.5,2
1014,2023,F,3,3,35,1523.2306312112396,1609.913821808828,-86.68319059758846,2.4766625885025277,False,-76.09999999999991,2.1742857142857117,3
1100,2023,F,3,3,35,1734.4598788987357,1717.1681760438437,17.291702854892037,-0.49404865299691536,True,29.5,-0.8428571428571429,3
1084,2023,F,2,2,35,1712.6427735037832,1725.5567847549623,-12.91401125117909,0.3689717500336883,False,-0.900000000000091,0.025714285714288312,2
1098,2023,F,2,2,21,1732.476505681013,1656.122629210069,76.35387647094399,-3.6358988795687615,True,83.0,-3.9523809523809526,2
1022,2023,F,5,5+,35,1543.0643633884695,1522.8320742362648,20.232289152204658,-0.5780654043487045,True,31.09999999999991,-0.888571428571426,5
1038,2023,F,2,2,21,1586.6985741783747,2196.4252289363503,-609.7266547579757,29.03460260752265,False,-615.3000000000002,29.300000000000008,2
1062,2023,F,3,3,35,1639.2579644480331,1613.8085329961334,25.449431451899727,-0.7271266129114208,True,37.0,-1.0571428571428572,3
1024,2023,F,4,4,35,1563.8897821745604,1588.9423000310321,-25.052517856471695,0.7157862244706199,False,-14.099999999999909,0.40285714285714025,4
1050,2023,F,3,3,35,1609.5073661821887,1603.2229077178172,6.2844584643714825,-0.1795559561248995,True,17.59999999999991,-0.5028571428571402,3
1032,2023,F,4,4,35,1574.7983348720368,1523.8307181304456,50.9676167415912,-1.45621762118832,True,62.09999999999991,-1.7742857142857116,4
1094,2023,F,3,3,35,1727.5180726367055,1730.9494617835383,-3.431389146832771,0.09803968990950775,False,8.700000000000045,-0.24857142857142986,3
1020,2023,F,2,2,35,1535.1308705175775,1552.1922047251794,-17.06133420760193,0.48746669164576945,False,-6.2999999999999545,0.1799999999999987,2
1074,2023,F,4,4,35,1671.9836225404624,1712.8740072988664,-40.890384758404025,1.1682967073829722,False,-29.200000000000045,0.8342857142857156,4
1082,2023,F,2,2,7,1709.6677136771987,1671.9496075852453,37.71810609195336,-5.388300870279052,True,44.09999999999991,-6.299999999999987,2
1016,2023,F,3,3,35,1529.1807508644085,1688.007774333765,-158.8270234693564,4.5379149562673256,False,-148.29999999999995,4.237142857142856,3
1104,2023,F,2,2,35,1755.285297684827,1734.744308581425,20.5409891034019,-0.58688540295434,True,32.90000000000009,-0.9400000000000026,2
998,2023,F,2,2,35,1448.8541355466284,1445.8366299949269,3.0175055517015608,-0.0862144443343303,True,13.200000000000045,-0.37714285714285845,2
1060,2023,F,4,4,35,1634.299531403726,1558.4836612585184,75.81587014520755,-2.1661677184345014,True,87.40000000000009,-2.4971428571428596,4
1042,2023,F,3,3,35,1588.6819473960975,1654.7529326575452,-66.07098526144773,1.8877424360413637,False,-55.0,1.5714285714285714,3
1090,2023,F,2,2,7,1720.576266374675,1707.7792318920904,12.79703448258465,-1.8281477832263786,True,19.09999999999991,-2.7285714285714158,2
1080,2023,F,3,3,35,1691.8173547176918,1694.2992308671037,-2.481876149411846,0.07091074712605275,False,9.400000000000091,-0.2685714285714312,3
1054,2023,F,3,3,35,1619.4242322708037,1638.974359129489,-19.55012685868519,0.5585750531052911,False,-8.200000000000045,0.2342857142857156,3
1046,2023,F,3,3,35,1591.657007222682,1441.1430036922773,150.5140035304048,-4.300400100868709,True,161.9000000000001,-4.625714285714288,3
1036,2023,F,4,4,35,1583.7235143517903,1634.4804616056756,-50.7569472538853,1.4501984929681515,False,-39.700000000000045,1.1342857142857157,4
1070,2023,F,4,4,35,1659.091696625263,1605.519788674433,53.57190795083011,-1.530625941452289,True,65.29999999999995,-1.8657142857142843,4
1096,2023,F,4,4,35,1730.4931324632898,1744.2314255761423,-13.738293112852489,0.39252266036721395,False,-1.599999999999909,0.04571428571428312,4
1012,2023,F,2,2,7,1502.4052124251484,1577.59826357722,-75.19305115207158,10.741864450295939,False,-70.09999999999991,10.014285714285702,2
1086,2023,F,2,2,21,1714.6261467215063,1857.1663618425414,-142.5402151210351,6.787629291477861,False,-137.0,6.523809523809524,2
1056,2023,F,3,3,35,1622.399292097388,1682.2156397475164,-59.816347650128364,1.7090385042893819,False,-48.5,1.3857142857142857,3
1004,2023,F,3,3,35,1490.5049731188108,1566.3729480225463,-75.86797490373556,2.167656425821016,False,-65.5,1.8714285714285714,3
1018,2023,F,3,3,35,1531.1641240821316,1509.9495680013326,21.214556080798957,-0.6061301737371131,True,32.0,-0.9142857142857143,3
1000,2023,F,2,2,21,1473.6463007681655,1444.1309705431552,29.515330225010302,-1.4054919154766812,True,35.0,-1.6666666666666667,2
1148,2023,F,3,3,21,2049.8162205166877,2148.255596541363,-98.43937602467531,4.687589334508348,False,-95.14761235266496,4.530838683460236,3
11386,2025,M,3,3,35,1643.2032168297367,1689.3599627007206,-46.15674587098397,1.3187641677423991,False,-32.90000000000009,0.9400000000000026,3
1158,2023,F,2,2,35,2178.735479668681,1994.391721068427,184.34375860025398,-5.2669645314358275,True,199.9000000000001,-5.711428571428574,2
1183,2023,M,4,4,35,1614.681052202436,1707.7325391705688,-93.05148696813285,2.6586139133752242,False,-77.11999999999989,2.203428571428568,4
1201,2023,M,3,3,35,1648.3408656756935,1682.0802152838382,-33.73934960814472,0.9639814173755634,False,-19.90000000000009,0.5685714285714312,3
1205,2023,M,4,4,35,1669.1307504679994,1710.8320166964886,-41.7012662284892,1.1914647493854058,False,-27.700000000000045,0.7914285714285727,4
1195,2023,M,3,3,14,1634.4809424808227,1714.0158699264305,-79.53492744560776,5.68106624611484,False,-80.29999999999995,5.735714285714282,3
1153,2023,F,3,3,35,2080.5585053913937,1928.3813596630775,152.1771457283162,-4.347918449380463,True,167.0,-4.771428571428571,3
1122,2023,F,2,2,35,1867.3458844861746,1717.2680404332616,150.07784405291295,-4.2879384015117985,True,163.4000000000001,-4.668571428571431,2
1110,2023,F,3,3,21,1772.1439700354722,1731.7628454480289,40.38112458744331,-1.9229106946401575,True,47.0,-2.238095238095238,3
1189,2023,M,2,2,35,1617.651035744194,1683.2782070093651,-65.62717126517123,1.8750620361477495,False,-52.09999999999991,1.488571428571426,2
1173,2023,M,4,4,35,1549.3414142837598,1604.8097489873405,-55.468334703580695,1.5848095629594485,False,-42.5,1.2142857142857142,4
1156,2023,F,2,2,35,2178.735479668681,2061.200997589121,117.5344820795599,-3.358128059415997,True,133.0,-3.8,2
1179,2023,M,4,4,35,1610.7210741467586,1651.7310915704852,-41.010017423726595,1.1717147835350457,False,-27.5,0.7857142857142857,4
1142,2023,F,3,3,35,1999.240203464752,1834.3091048312485,164.93109863350355,-4.712317103814387,True,179.20000000000005,-5.120000000000001,3
1116,2023,F,3,3,35,1816.769867434239,1774.9896575169105,41.78020991732842,-1.1937202833522407,True,54.59999999999991,-1.5599999999999974,3
1161,2023,F,2,2,21,2213.444510978833,1844.2279038018376,369.21660717699547,-17.581743198904547,True,379.0,-18.047619047619047,2
1130,2023,F,3,3,35,1899.079855969742,1794.5630778428538,104.51677812688831,-2.9861936607682376,True,118.0,-3.3714285714285714,3
1191,2023,M,2,2,35,1618.6410302581135,1678.286574819669,-59.64554456155565,1.7041584160444472,False,-46.09999999999991,1.3171428571428545,2
1209,2023,M,4,4,35,1670.1207449819185,1710.9318493402825,-40.81110435836399,1.166031553096114,False,-26.799999999999955,0.7657142857142845,4
1175,2023,M,2,2,21,1576.0712661595817,1655.3130040563688,-79.24173789678707,3.773416090323194,False,-71.0,3.380952380952381,2
1124,2023,F,3,3,21,1867.3458844861746,1902.9485979865697,-35.60271350039511,1.6953673095426243,False,-29.0,1.380952380952381,3
1193,2023,M,3,3,35,1629.530969911226,1645.7411329428496,-16.21016303162355,0.46314751518924435,False,-2.5,0.07142857142857142,3
1181,2023,M,4,4,35,1613.6910576885166,1688.0701739114738,-74.37911622295724,2.125117606370207,False,-60.90000000000009,1.7400000000000027,4
1136,2023,F,3,3,35,1954.6143060659854,1954.3461009117777,0.26820515420763513,-0.007663004405932432,True,14.0,-0.4,3
1144,2023,F,3,3,35,2021.0573088597046,2036.035171455765,-14.977862596060504,0.4279389313160144,False,-0.7999999999999545,0.02285714285714156,3
1207,2023,M,4,4,35,1669.1307504679994,1719.7171219941479,-50.58637152614847,1.4453249007470992,False,-36.59999999999991,1.0457142857142832,4
1203,2023,M,2,2,35,1661.2107943566448,1739.1844875339632,-77.97369317731841,2.22781980506624,False,-64.09999999999991,1.8314285714285687,2
1128,2023,F,3,3,35,1889.1629898811273,1807.0461265201134,82.11686336101388,-2.3461960960289683,True,95.5,-2.7285714285714286,3
1154,2023,F,3,3,35,2147.9931947939745,2148.881931498193,-0.8887367042184451,0.025392477263384144,False,14.199999999999818,-0.40571428571428053,3
1134,2023,F,2,2,35,1921.888647973556,1984.9046040737094,-63.01595610015329,1.8004558885758082,False,-49.59999999999991,1.4171428571428546,2
1138,2023,F,4,4,35,1985.3565909406911,1924.4866484757727,60.869942464918495,-1.7391412132833857,True,74.90000000000009,-2.140000000000003,4
1112,2023,F,3,3,35,1804.8696281279013,1741.6349514512726,63.234676676628624,-1.806705047903675,True,76.0,-2.1714285714285713,3
1163,2023,F,2,2,35,2226.336436894032,2046.4210679552452,179.91536893878674,-5.140439112536764,True,195.80000000000018,-5.59428571428572,2
1199,2023,M,3,3,35,1645.3708821339353,1665.1086658388713,-19.737783704935964,0.5639366772838846,False,-5.900000000000091,0.16857142857143118,3
1227,2023,M,4,4,35,1701.8005694273375,1843.9216397523867,-142.12107032504923,4.060602009287121,False,-125.33999999999992,3.5811428571428547,4
1297,2023,M,3,3,21,1877.0295983910598,1930.2563065524935,-53.226708161433635,2.5346051505444587,False,-47.299999999999955,2.25238095238095,3
7705,2025,F,6,5+,57,1408.9152125782234,1452.614035449896,-43.69882287167252,0.7666460152925003,False,-25.04401819678469,0.43936874029446826,6
27050,2025,F,5,5+,42,1496.5483535826265,1462.3838642519065,34.164489330720016,-0.8134402221600003,True,61.299999999999955,-1.4595238095238083,5
1313,2023,M,3,3,21,1898.8094776972853,2072.5944574962346,-173.78497979894928,8.275475228521394,False,-168.5999999999999,8.028571428571425,3
1280,2023,M,3,3,21,1837.4298178342863,1970.5837938401132,-133.15397600582696,6.340665524086998,False,-127.90000000000009,6.090476190476195,3
1311,2023,M,4,4,35,1893.8595051276884,1904.767834594623,-10.908329466934674,0.31166655619813355,False,7.7999999999999545,-0.22285714285714156,4
1264,2023,M,4,4,35,1779.0201415130457,1796.4224166673612,-17.402275154315475,0.49720786155187074,False,0.17000000000007276,-0.004857142857144936,4
1282,2023,M,2,2,21,1838.4198123482058,1928.7663747561528,-90.34656240794698,4.302217257521285,False,-84.79999999999995,4.038095238095236,2
1217,2023,M,4,4,35,1684.9706626907087,1719.1799419136446,-34.20927922293595,0.9774079777981699,False,-17.569999999999936,0.5019999999999982,4
1231,2023,M,2,2,21,1705.7605474830148,1752.860012112607,-47.09946462959215,2.2428316490281976,False,-38.0,1.8095238095238095,2
1223,2023,M,4,4,35,1694.870607829902,1735.8261651164585,-40.95555728655654,1.1701587796159012,False,-24.220000000000027,0.6920000000000007,4
1216,2025,M,2,2,7,1605.1226029442587,1572.914683931633,32.20791901262578,-4.601131287517968,True,15.0,-2.142857142857143,2
11381,2025,M,2,2,7,1605.4193350005091,1560.5880730238468,44.83126197666229,-6.404465996666041,True,27.899999999999864,-3.9857142857142662,2
11380,2025,M,3,3,35,1611.5517974963525,1583.862215059512,27.68958243684051,-0.7911309267668717,True,40.899999999999864,-1.1685714285714246,3
1195,2025,M,3,3,35,1617.3875279359452,1595.2296472250107,22.157880710934478,-0.6330823060266993,True,35.40000000000009,-1.011428571428574,3
1238,2023,M,2,2,7,1716.6504871361274,1708.9314630476458,7.719024088481547,-1.1027177269259352,True,17.0,-2.4285714285714284,2
1497,2025,F,6,5+,57,1536.976632716487,1536.7541937039427,0.22243901254432785,-0.0039024388165671553,True,20.720750491901526,-0.3635219384544127,6
1294,2023,M,3,3,35,1867.1296532518663,1971.5948822862201,-104.4652290343538,2.9847208295529657,False,-88.90000000000009,2.5400000000000027,3
27492,2025,M,2,2,7,1680.3936345464638,1755.172430925328,-74.77879637886417,10.682685196980596,False,-95.19999999999982,13.599999999999975,2
1020,2025,F,3,3,35,1477.7754590435884,1382.6301597457013,95.14529929788705,-2.718437122796773,True,104.59999999999991,-2.9885714285714258,3
27975,2025,F,2,2,28,1370.1039752089175,1404.761812746173,-34.657837537255546,1.237779912044841,False,-4.0,0.14285714285714285,2
1032,2025,F,3,3,35,1455.3834205760156,1419.915016602352,35.468403973663726,-1.0133829706761064,True,44.600000000000136,-1.2742857142857182,3
1042,2025,F,3,3,35,1467.3720783396277,1521.1025291946,-53.73045085497233,1.5351557387134953,False,-44.799999999999955,1.2799999999999987,3
1016,2025,F,2,2,28,1443.5285210300206,1471.8546166620183,-28.32609563199776,1.0116462725713486,False,4.0,-0.14285714285714285,2
11428,2025,F,3,3,35,1500.5638167760744,1508.1425522123416,-7.578735436267152,0.2165352981790615,False,1.7000000000000455,-0.04857142857142987,3
1004,2025,F,3,3,35,1551.4908423173686,1522.1991426315603,29.291699685808226,-0.8369057053088065,True,39.0,-1.1142857142857143,3
1050,2025,F,3,3,35,1546.4377716897302,1585.4039534527278,-38.96618176299762,1.1133194789427892,False,-29.5,0.8428571428571429,3
1257,2023,M,3,3,35,1758.2302567207396,1854.2915258283585,-96.06126910761895,2.744607688789113,False,-81.40000000000009,2.3257142857142883,3
1296,2023,M,2,2,7,1876.0396038771405,1761.8814652806889,114.15813859645164,-16.308305513778805,True,124.79999999999995,-17.828571428571422,2
1225,2023,M,2,2,35,1697.8405913716601,1771.9295946983707,-74.08900332671055,2.1168286664774443,False,-59.90000000000009,1.711428571428574,2
1273,2023,M,3,3,35,1814.6599440141417,1877.1532012571674,-62.49325724302571,1.7855216355150203,False,-47.299999999999955,1.35142857142857,3
1254,2023,M,4,4,35,1749.3203060954654,1759.1510162927482,-9.83071019728277,0.28087743420807915,False,4.900000000000091,-0.1400000000000026,4
1216,2023,M,2,2,21,1680.020690121112,1679.2020672538147,0.8186228672973357,-0.03898204129987313,True,10.0,-0.47619047619047616,2
1266,2023,M,4,4,35,1800.800020819271,1849.49955892625,-48.69953810697916,1.391415374485119,False,-33.59999999999991,0.9599999999999974,4
1288,2023,M,4,4,35,1844.3597794317218,1819.6495984318667,24.710180999855083,-0.706005171424431,True,40.299999999999955,-1.1514285714285701,4
1213,2023,M,4,4,35,1672.1007340097574,1763.144322044505,-91.0435880347477,2.6012453724213627,False,-77.09999999999991,2.20285714285714,4
1303,2023,M,3,3,35,1881.9795709606565,2013.1252621044928,-131.1456911438363,3.7470197469667514,False,-115.5,3.3,3
1286,2023,M,4,4,35,1842.3797904038831,2041.976896160937,-199.5971057570539,5.70277445020154,False,-184.4000000000001,5.268571428571431,4
1234,2023,M,3,3,35,1705.7605474830148,1858.2848315801155,-152.5242840971007,4.357836688488591,False,-138.4000000000001,3.954285714285717,3
1247,2023,M,4,4,35,1745.3603280397883,1674.393101711706,70.96722632808223,-2.0276350379452066,True,85.79999999999995,-2.45142857142857,4
1268,2023,M,3,3,35,1801.7900153331905,1876.2547074630222,-74.46469212983175,2.127562632280907,False,-59.40000000000009,1.6971428571428597,3
1290,2023,M,4,4,35,1847.3297629734798,2082.2094516098887,-234.8796886364089,6.71084824675454,False,-219.69999999999982,6.277142857142852,4
1292,2023,M,4,4,35,1864.1596697101086,1772.3289252735462,91.83074443656233,-2.6237355553303523,True,107.70000000000005,-3.0771428571428583,4
1305,2023,M,3,3,35,1885.9395490163338,1901.712031630473,-15.772482614139108,0.4506423604039745,False,0.09999999999990905,-0.0028571428571402585,3
1251,2023,M,3,3,35,1749.3203060954654,1951.6283535274354,-202.30804743196995,5.780229926627713,False,-187.9000000000001,5.368571428571431,3
1278,2023,M,4,4,35,1835.4498288064476,1930.2641677555353,-94.81433894908764,2.7089811128310757,False,-79.5,2.2714285714285714,4
1299,2023,M,3,3,35,1877.0295983910598,1758.7516857175726,118.27791267348721,-3.3793689335282058,True,134.29999999999995,-3.837142857142856,3
1301,2023,M,4,4,35,1880.9895764467371,1939.1492730531947,-58.1596966064576,1.66170561732736,False,-42.40000000000009,1.211428571428574,4
1307,2023,M,2,2,35,1889.899527072011,2008.6327931337662,-118.7332660617551,3.39237903033586,False,-103.0,2.942857142857143,2
1309,2023,M,4,4,35,1890.8895215859307,1913.7917815295377,-22.902259943607078,0.6543502841030594,False,-7.0,0.2,4
1229,2023,M,2,2,35,1704.7705529690954,1791.8961234571557,-87.12557048806025,2.4893020139445787,False,-72.90000000000009,2.0828571428571454,2
1317,2023,M,2,2,7,1903.759450266882,1868.7767705406288,34.98267972625308,-4.997525675179012,True,45.40000000000009,-6.485714285714299,2
1258,2023,M,3,3,21,1770.1101908877715,1825.5225793381721,-55.41238845040061,2.6386851643047913,False,-46.0,2.1904761904761907,3
1243,2023,M,3,3,35,1736.4503774145142,1724.6089215400505,11.84145587446369,-0.3383273106989626,True,26.5,-0.7571428571428571,3
1262,2023,M,3,3,35,1775.0601634573684,1884.34115161033,-109.28098815296153,3.122313947227472,False,-94.5,2.7,3
1276,2023,M,3,3,35,1823.569894639416,2008.0337972710029,-184.46390263158696,5.270397218045342,False,-169.4000000000001,4.8400000000000025,3
1270,2023,M,2,2,35,1805.7499933888676,1953.1258431843441,-147.3758497954766,4.210738565585046,False,-132.4000000000001,3.7828571428571456,2
1255,2023,M,3,3,35,1757.2402622068203,1842.8107717920573,-85.570509585237,2.444871702435343,False,-70.90000000000009,2.0257142857142885,3
1236,2023,M,3,3,35,1706.750541996934,1795.090768058561,-88.34022606162694,2.5240064589036266,False,-74.09999999999991,2.1171428571428543,3
1219,2023,M,3,3,35,1684.9706626907087,1841.9122779979118,-156.94161530720316,4.484046151634376,False,-143.0,4.085714285714285,3
1245,2023,M,3,3,35,1743.3803390119494,1799.7829023168754,-56.402563304925934,1.6115018087121695,False,-41.799999999999955,1.194285714285713,3
1260,2023,M,4,4,35,1775.0601634573684,1914.9655208810316,-139.9053574236632,3.9972959263903767,False,-122.40000000000009,3.4971428571428596,4
1323,2023,M,3,3,35,1929.4993076287844,1952.2273493901987,-22.72804176141426,0.6493726217546931,False,-6.5,0.18571428571428572,3
1385,2023,M,2,2,35,2077.0084902027656,2239.6455308729082,-162.6370406701426,4.646772590575503,False,-145.4000000000001,4.154285714285717,2
1347,2023,M,3,3,35,1984.9390004082675,1967.801241822051,17.137758586216478,-0.4896502453204708,True,33.90000000000009,-0.9685714285714312,3
1411,2023,M,2,2,21,2191.847853817408,2385.920186844928,-194.07233302752002,9.241539667977143,False,-183.0,8.714285714285714,2
1365,2023,M,2,2,35,2012.6588467980087,2039.7805779974708,-27.121731199462147,0.7749066056989184,False,-10.200000000000045,0.2914285714285727,2
1377,2023,M,2,2,21,2039.3886986738307,2043.5102810148676,-4.121582341036856,0.1962658257636598,False,7.0,-0.3333333333333333,2
1319,2023,M,5,5+,35,1912.669400892156,1935.4554652328193,-22.786064340663188,0.6510304097332339,False,-6.7000000000000455,0.19142857142857272,5
1393,2023,M,4,4,35,2099.7783640229104,2056.752127442438,43.026236580472414,-1.2293210451563548,True,60.80000000000018,-1.7371428571428624,4
1357,2023,M,3,3,35,1995.82894006138,1994.256892427441,1.5720476339390643,-0.044915646683973263,True,18.40000000000009,-0.5257142857142884,3
1329,2023,M,4,4,35,1947.3192088793328,2033.890452013629,-86.57124313429631,2.473464089551323,False,-70.29999999999995,2.008571428571427,4
1405,2023,M,2,2,35,2167.097990969425,1993.4582312770895,173.6397596923357,-4.961135991209591,True,192.20000000000005,-5.491428571428573,2
1403,2023,M,3,3,35,2166.1079964555056,2277.881433445981,-111.7734369904756,3.1935267711564457,False,-93.69999999999982,2.677142857142852,3
1424,2023,M,3,3,21,2408.656652365743,2264.484115591244,144.1725367744989,-6.865358894023757,True,158.0,-7.523809523809524,3
1341,2023,M,4,4,35,1975.039055269074,2017.2184005000436,-42.1793452309696,1.2051241494562743,False,-25.59999999999991,0.7314285714285689,4
1325,2023,M,2,2,21,1931.4792966566233,1873.3007057330642,58.17859092355911,-2.770409091598053,True,69.0,-3.2857142857142856,2
1413,2023,M,2,2,7,2229.467645346343,2051.414466212873,178.05317913347017,-25.436168447638597,True,190.9000000000001,-27.271428571428583,2
1321,2023,M,2,2,35,1920.5893570035107,2005.6378138199484,-85.04845681643769,2.4299559090410767,False,-69.0,1.9714285714285715,2
1375,2023,M,3,3,21,2037.408709645992,2127.1220022059288,-89.71329255993669,4.272061550473175,False,-79.0,3.761904761904762,3
1355,2023,M,3,3,35,1991.8689620057028,1990.363419319478,1.5055426862247714,-0.043015505320707755,True,18.299999999999955,-0.5228571428571416,3
1395,2023,M,4,4,35,2121.558243329136,2082.009786322301,39.54845700683518,-1.1299559144810052,True,57.5,-1.6428571428571428,4
1419,2023,M,3,3,35,2300.747250348535,2419.2444570581793,-118.49720670964416,3.3856344774184044,False,-99.30000000000018,2.8371428571428625,3
1373,2023,M,3,3,35,2035.4287206181536,1933.8581429321166,101.57057768603704,-2.902016505315344,True,118.90000000000009,-3.39714285714286,3
1339,2023,M,2,2,21,1959.1991430463645,1952.9309163912178,6.268226655146691,-0.29848698357841386,True,17.0,-0.8095238095238095,2
1333,2023,M,2,2,21,1952.2691814489294,1910.1296781624603,42.13950328646911,-2.006643013641386,True,53.0,-2.5238095238095237,2
1409,2023,M,2,2,7,2173.037958052941,2020.6596716827785,152.37828637016264,-21.768326624308948,True,164.79999999999995,-23.542857142857137,2
1331,2023,M,2,2,7,1948.309203393252,1918.0441598364114,30.26504355684051,-4.3235776509772155,True,40.90000000000009,-5.842857142857156,2
1399,2023,M,2,2,35,2146.308106177119,2114.754893486708,31.553212690410874,-0.9015203625831678,True,49.69999999999982,-1.4199999999999948,2
1363,2023,M,2,2,35,2011.6688522840896,2160.3784117005316,-148.70955941644206,4.248844554755488,False,-132.0,3.7714285714285714,2
1381,2023,M,2,2,21,2057.2085999243786,2019.6212178174214,37.58738210695719,-1.789875338426533,True,49.0,-2.3333333333333335,2
1401,2023,M,3,3,35,2157.198045830232,2144.205523405916,12.992522424315666,-0.37121492640901904,True,31.199999999999818,-0.8914285714285662,3
1367,2023,M,3,3,35,2013.648841311928,1929.6651718927717,83.98366941915629,-2.3995334119758938,True,101.09999999999991,-2.888571428571426,3
1371,2023,M,2,2,21,2035.4287206181536,1951.935538757991,83.49318186016262,-3.9758658028648868,True,95.0,-4.523809523809524,2
1351,2023,M,2,2,21,1988.8989784639446,1955.9170492908986,32.981929173045955,-1.5705680558593311,True,44.0,-2.0952380952380953,2
1369,2023,M,2,2,21,2034.438726104234,2016.6350849177406,17.80364118649345,-0.8477924374520691,True,29.0,-1.380952380952381,2
1530,2023,M,3,3,42,1591.3968150354754,1638.2958669921384,-46.899051956663016,1.1166440942062623,False,-29.700000000000045,0.7071428571428582,3
617,2024,F,3,3,28,1454.524414733186,1427.7094709741004,26.81494375908551,-0.9576765628244824,True,59.30000000000018,-2.1178571428571495,3
3586,2024,F,2,2,7,1503.5576854860246,1412.3204177141693,91.23726777185539,-13.033895395979341,True,81.70000000000005,-11.671428571428578,2
583,2024,F,4,4,35,1613.4769450656918,1464.0468224074418,149.43012265824996,-4.269432075949998,True,181.34047614179735,-5.1811564611942105,4
6458,2023,F,2,2,21,1565.9139936738104,1540.3532939451306,25.560699728679765,-1.2171761775561794,True,57.393102610529695,-2.7330048862156997,2
573,2024,F,3,3,28,1502.5410570569745,1469.2236505568494,33.31740650012512,-1.1899073750044684,True,66.90000000000009,-2.3892857142857173,3
1497,2023,F,2,2,21,1742.6724672021417,1523.7758215324247,218.89664566971692,-10.423649793796043,True,255.50014222338518,-12.166673439208818,2
1533,2023,M,2,2,21,1614.728228328604,1610.7985782221378,3.9296501064661697,-0.1871261955460081,True,41.430000000000064,-1.972857142857146,2
1529,2023,M,2,2,21,1564.176832860159,1658.9165572007478,-94.73972434058874,4.5114154447899395,False,-58.950000000000045,2.807142857142859,2
1504,2023,F,2,2,28,1881.469389368684,1938.561680376936,-57.092291008252005,2.0390103931518575,False,-34.037014590681565,1.215607663952913,2
1490,2023,F,3,3,42,1714.2013036807998,1778.9520525905264,-64.75074890972655,1.5416844978506323,False,-64.02300509680617,1.5243572642096708,3
1539,2023,M,4,4,42,1670.1403348997842,1769.2258540824084,-99.08551918262424,2.35917902815772,False,-81.90000000000009,1.9500000000000022,4
1525,2023,M,2,2,42,1535.0125662437483,1625.812302156955,-90.79973591320663,2.1618984741239675,False,-75.0,1.7857142857142858,2
1440,2023,M,2,2,35,2802.674468905638,2749.5906753722757,53.083793533362496,-1.5166798152389285,True,76.80000000000018,-2.1942857142857193,2
1438,2023,M,5,5+,35,2722.4849132781724,2661.7379488336214,60.74696444455094,-1.7356275555585983,True,83.80000000000018,-2.3942857142857195,5
1506,2023,F,2,2,14,1930.1076270509766,1778.827768365987,151.27985868498968,-10.805704191784978,True,167.18075529426187,-11.941482521018704,2
1450,2023,F,4,4,42,1419.9992806269324,1548.6199551862912,-128.6206745593588,3.062397013318067,False,-129.89552740545128,3.0927506525107447,4
5298,2023,F,2,2,21,1594.3851571951523,1544.0703051455814,50.314852049570845,-2.39594533569385,True,82.87624993072154,-3.946488091939121,2
1434,2023,M,3,3,35,2566.065780078917,2439.8099816797276,126.25579839918964,-3.6073085256911326,True,148.0999999999999,-4.231428571428569,3
1514,2023,F,3,3,42,2326.331319389653,2555.4082843738006,-229.0769649841477,5.454213452003517,False,-231.62533771269,5.5148889931592855,3
1534,2023,M,3,3,42,1640.9760682833737,1697.371634440526,-56.39556615715219,1.3427515751702903,False,-38.799999999999955,0.9238095238095227,3
1536,2023,M,4,4,42,1655.558201591579,1779.7435031955154,-124.1853016039363,2.9567928953318168,False,-107.59999999999991,2.56190476190476,4
1522,2023,M,2,2,29,1494.1825929807733,1579.7992504698316,-85.6166574890583,2.9522985341054584,False,-46.90000000000009,1.617241379310348,2
1492,2023,F,3,3,42,1727.2505869614147,1823.2429345140856,-95.99234755267094,2.285532084587403,False,-96.02906257505197,2.2864062517869517,3
1452,2023,F,2,2,42,1436.6074593477153,1479.3544790503288,-42.74701970261344,1.0177861833955582,False,-41.848691468672996,0.9963974159207856,2
1540,2023,M,2,2,14,1676.9453304436133,2561.1840407085197,-884.2387102649063,63.159907876064736,False,-878.0675337919688,62.7191095565692,2
1428,2023,M,2,2,35,2489.8362025071283,2509.592999691681,-19.756797184552852,0.564479919558653,False,1.199999999999818,-0.03428571428570909,2
1432,2023,M,2,2,7,2506.666109243757,2461.8765135983413,44.78959564541583,-6.398513663630832,True,58.5,-8.357142857142858,2
1426,2023,M,3,3,35,2440.3364768111614,2348.962275827256,91.37420098390567,-2.610691456683019,True,112.09999999999991,-3.20285714285714,3
1526,2023,M,3,3,28,1560.288263977971,1610.6162436583668,-50.327979680395856,1.7974278457284234,False,-28.09999999999991,1.0035714285714252,3
1510,2023,F,2,2,42,1985.8636556136048,1979.626819367533,6.236836246071789,-0.14849610109694736,True,9.114525583353725,-0.2170125138893744,2
1494,2023,F,3,3,42,1729.6231839215266,1666.4688216260693,63.154362295457304,-1.5036752927489834,True,67.10619970163066,-1.5977666595626348,3
1448,2023,F,3,3,42,1414.0677882266527,1414.869296337834,-0.8015081111811924,0.019083526456695057,False,1.1163169028423,-0.026578973877197615,3
1456,2023,F,3,3,28,1482.8731000698958,1579.2984176081186,-96.42531753822277,3.443761340650813,False,-78.96107707336182,2.820038466905779,3
1436,2023,M,3,3,35,2671.005198554367,2559.2098236572615,111.79537489710538,-3.194153568488725,True,134.5,-3.842857142857143,3
1581,2023,M,2,2,21,1828.599516848949,1815.8121996950779,12.787317153871072,-0.6089198644700511,True,55.299999999999955,-2.633333333333331,2
1589,2023,M,2,2,21,1846.0980768187953,1798.5163821167803,47.58169470201506,-2.2657949858102406,True,90.69000000000005,-4.318571428571431,2
1551,2023,M,2,2,21,1714.8588770449473,1777.2720656433803,-62.41318859843295,2.9720565999253785,False,-22.950000000000045,1.092857142857145,2
1578,2023,M,4,4,42,1814.0173835407436,1886.5910226903527,-72.57363914960911,1.7279437892764073,False,-53.299999999999955,1.2690476190476179,4
1617,2023,F,4,4,20,1372.5320828523932,1400.5963047057292,-28.064221853335994,1.4032110926667998,False,-1.0,0.05,4
1618,2023,F,2,2,7,1623.6799879680582,1579.512489053397,44.16749891466111,-6.309642702094444,True,31.699999999999818,-4.528571428571403,2
1619,2023,F,2,2,7,1655.97600840057,1615.410500168247,40.565508232323054,-5.795072604617579,True,27.700000000000045,-3.9571428571428635,2
1620,2023,F,2,2,14,1737.8381266569968,1692.1600331144066,45.678093542590204,-3.262720967327872,True,80.09999999999991,-5.721428571428565,2
1621,2023,F,3,3,35,2093.972490943002,1949.0867260040309,144.88576493897108,-4.139593283970602,True,186.41999999999985,-5.32628571428571,3
1623,2023,M,3,3,35,1647.1126067085117,1735.0208717009662,-87.9082649924544,2.511664714070126,False,-57.36999999999989,1.6391428571428541,3
1625,2023,M,4,4,35,1660.488684190377,1716.053079304091,-55.564395113714,1.5875541461061142,False,-24.59999999999991,0.7028571428571403,4
1628,2023,M,2,2,35,1755.5857605942945,1636.7702931501876,118.81546744410684,-3.3947276412601957,True,152.51,-4.357428571428571,2
1631,2023,M,3,3,35,1771.7932705358248,1771.842459248545,-0.049188712720251715,0.0014053917920071918,False,33.309999999999945,-0.9517142857142842,3
1632,2023,M,2,2,14,1779.018305088073,1668.779429849421,110.2388752386521,-7.874205374189436,True,144.89999999999986,-10.34999999999999,2
1635,2023,M,3,3,14,1820.8063427686448,1733.552588019703,87.25375474894167,-6.2324110534958335,True,122.60000000000014,-8.757142857142867,3
1636,2023,M,2,2,35,1854.0024474681643,1924.8181525175237,-70.8157050493594,2.0233058585531256,False,-36.289999999999964,1.0368571428571418,2
1583,2023,M,2,2,21,1829.5716590694958,1731.6007635619878,97.97089550750798,-4.66528073845276,True,140.97000000000003,-6.712857142857144,2
1554,2023,M,3,3,42,1715.8310192654942,1815.3265777650934,-99.49555849959916,2.3689418690380752,False,-81.79999999999995,1.9476190476190465,3
1576,2023,M,3,3,28,1801.3795346736324,1968.4213830859926,-167.0418484123602,5.965780300441436,False,-142.9000000000001,5.103571428571432,3
1592,2023,M,4,4,42,1891.7887611845053,1865.5557244641384,26.233036720366954,-0.6245961123896894,True,48.09999999999991,-1.1452380952380932,4
1560,2023,M,2,2,14,1727.4967259120588,1650.6987844051753,76.79794150688349,-5.485567250491678,True,99.30704804551965,-7.093360574679975,2
1548,2023,M,4,4,42,1713.8867348244003,1745.3399780591833,-31.45324323478303,0.7488867436853103,False,-12.599999999999909,0.2999999999999978,4
1586,2023,M,4,4,42,1845.1259345982485,1825.3527479476816,19.773186650566913,-0.47079015834683124,True,41.0,-0.9761904761904762,4
1566,2023,M,4,4,42,1785.82525914488,1845.896567243377,-60.07130809849696,1.4302692404404038,False,-40.90000000000009,0.973809523809526,4
1572,2023,M,2,2,14,1794.574539129803,1852.149301546813,-57.57476241700988,4.11248302978642,False,-36.43782483442146,2.6027017738872473,2
1574,2023,M,4,4,42,1797.4909657914443,1948.812255294062,-151.32128950261767,3.6028878453004207,False,-133.5999999999999,3.180952380952379,4
1590,2023,M,2,2,14,1859.7080679064536,1861.3575449125499,-1.6494770060962765,0.11781978614973403,False,21.203347776519422,-1.5145248411799588,2
1558,2023,M,4,4,42,1720.6917303682296,1674.5670120644427,46.12471830378695,-1.0982075786615941,True,66.40000000000009,-1.580952380952383,4
1594,2023,M,4,4,42,1904.4266100516168,2479.2163171102006,-574.7897070585839,13.685469215680568,False,-563.1999999999998,13.409523809523805,4
1595,2023,M,2,2,21,1907.3430367132578,1819.0943272401255,88.2487094731323,-4.202319498720586,True,133.0,-6.333333333333333,2
1597,2023,M,3,3,42,1938.4515877707624,2156.806138689716,-218.3545509189537,5.198917879022707,False,-200.19999999999982,4.766666666666662,3
1598,2023,M,3,3,28,1947.2008677556855,2100.1820408245007,-152.98117306881522,5.463613323886258,False,-126.5,4.517857142857143,3
1599,2023,M,2,2,21,1958.86657440225,1970.66894477506,-11.802370372809946,0.5620176368004737,False,33.59999999999991,-1.5999999999999956,2
1602,2023,M,2,2,42,1981.2258454748314,2032.3636734822974,-51.13782800746594,1.217567333511094,False,-29.59999999999991,0.7047619047619026,2
1604,2023,M,2,2,21,2027.8886720610885,2104.7388820697397,-76.85021000865117,3.65953380993577,False,-30.199999999999818,1.4380952380952294,2
1605,2023,M,3,3,42,2049.275800913123,1763.4264027022837,285.84939821083935,-6.805938052639032,True,314.0,-7.476190476190476,3
1606,2023,M,3,3,42,2089.1336319555508,2082.3962286091346,6.7374033464161585,-0.1604143653908609,True,30.5,-0.7261904761904762,3
1607,2023,M,2,2,14,2094.9664852788333,2120.319196057734,-25.352710778900928,1.8109079127786376,False,0.006851203507721948,-0.0004893716791229963,2
1608,2023,M,2,2,21,2150.3785918500134,2178.238647396719,-27.860055546705553,1.3266693117478834,False,21.90000000000009,-1.0428571428571471,2
1609,2023,M,3,3,28,2150.3785918500134,2128.289666165425,22.088925684588503,-0.788890203021018,True,54.0,-1.9285714285714286,3
1611,2023,M,2,2,21,2208.707125082835,2217.9225531686607,-9.215428085825806,0.4388299088488479,False,42.0,-2.0,2
1612,2023,M,3,3,42,2287.4506449471432,2333.6402578904635,-46.1896129433203,1.0997526891266738,False,-21.09999999999991,0.5023809523809503,3
1613,2023,M,2,2,14,2386.60915144294,2293.983434972939,92.62571647000095,-6.616122605000068,True,123.5026504449379,-8.821617888924136,2
1615,2023,M,2,2,21,2422.57841360318,2368.502586599035,54.075827004144685,-2.5750393811497467,True,110.59999999999991,-5.266666666666662,2
1638,2023,M,3,3,35,1870.3075930117516,1926.7179156784061,-56.410322666654565,1.611723504761559,False,-21.5,0.6142857142857143,3
1639,2023,M,3,3,35,1896.76684116931,1869.6255568120905,27.141284357219547,-0.7754652673491299,True,63.0,-1.8,3
1641,2023,M,3,3,35,1936.2116244005035,1948.1922018791688,-11.980577478665282,0.34230221367615093,False,24.409999999999854,-0.6974285714285673,3
1643,2023,M,3,3,14,1967.3573814568176,1773.3517635467583,194.0056179100593,-13.857544136432807,True,232.70000000000005,-16.621428571428574,3
1646,2023,M,2,2,35,2038.8266421628418,1985.491216817964,53.335425344877876,-1.5238692955679394,True,92.00999999999976,-2.628857142857136,2
1647,2023,M,2,2,14,2095.943469366427,1944.6872141907306,151.25625517569642,-10.804018226835458,True,192.19999999999982,-13.728571428571415,2
1649,2023,M,2,2,14,2143.3943719663284,1970.0591885892281,173.3351833771003,-12.381084526935735,True,215.30000000000018,-15.378571428571442,2
1650,2023,M,3,3,35,2276.9598755808656,2145.9466058826692,131.01326969819638,-3.743236277091325,True,174.5899999999997,-4.9882857142857056,3
1651,2023,M,4,4,35,2300.3924200746437,1950.2809467157413,350.11147335890246,-10.003184953111498,True,395.30999999999995,-11.294571428571427,4
1652,2023,M,4,4,35,2307.6174546268926,2122.2343787855793,185.38307584131326,-5.296659309751807,True,229.82999999999993,-6.566571428571426,4
1653,2023,M,4,4,35,1615.1857648357386,1672.676811531268,-57.49104669552935,1.6426013341579815,False,-27.3900000000001,0.7825714285714315,4
1654,2023,M,3,3,35,1681.9685166430072,1744.6092051412325,-62.640688498225245,1.7897339570921498,False,-31.309999999999945,0.894571428571427,3
1655,2023,M,4,4,35,1709.306485219082,1647.1244996971973,62.181985521884826,-1.776628157768138,True,94.70000000000005,-2.705714285714287,4
1656,2023,M,4,4,35,1727.4667072017603,1746.73773559374,-19.2710283919796,0.5506008111994171,False,13.149999999999864,-0.37571428571428184,4
1657,2023,M,3,3,35,1745.431657980324,1702.8740940257164,42.55756395460753,-1.2159303987030723,True,75.65000000000009,-2.161428571428574,3
1658,2023,M,3,3,35,1842.0909040171603,1760.1554345677225,81.93546944943773,-2.341013412841078,True,117.05999999999995,-3.344571428571427,3
1660,2023,M,3,3,14,1860.2511259998382,1746.5868180048137,113.6643079950245,-8.11887914250175,True,149.89999999999986,-10.707142857142847,3
1661,2023,M,2,2,7,1879.8758820133778,1858.0230143615017,21.852867651876068,-3.1218382359822954,True,17.700000000000045,-2.528571428571435,2
1663,2023,M,3,3,35,1970.091178314425,1973.3068719379576,-3.2156936235326157,0.09187696067236045,False,33.8599999999999,-0.9674285714285685,3
1664,2023,M,3,3,14,2045.7587699089183,1864.6908713813498,181.06789852756856,-12.933421323397754,True,221.20000000000027,-15.80000000000002,3
1665,2023,M,2,2,7,2207.8338693242194,2025.9336751970222,181.9001941271972,-25.98574201817103,True,181.20000000000027,-25.885714285714325,2
1666,2023,M,2,2,7,1511.8877008859565,1526.0890886716302,-14.20138778567366,2.0287696836676656,False,-4.7000000000000455,0.6714285714285779,2
1667,2023,F,4,4,35,1433.904278780036,1380.327926472778,53.57635230725805,-1.5307529230645156,True,81.76999999999998,-2.336285714285714,4
1671,2023,F,4,4,35,1704.5663956374003,1610.9345807690381,93.6318148683622,-2.675194710524634,True,127.30999999999995,-3.6374285714285697,4
1673,2023,F,2,2,14,1797.1613303517618,1810.4421189094112,-13.28078855764943,0.9486277541178164,False,22.0,-1.5714285714285714,2
1674,2023,F,4,4,35,1852.1914074633526,1658.4861383550995,193.7052691082531,-5.534436260235803,True,230.79999999999995,-6.594285714285713,4
1675,2023,F,3,3,28,1352.0706839124684,1427.4615823420006,-75.39089842953217,2.692532086769006,False,-70.90000000000009,2.5321428571428606,3
1676,2023,F,3,3,28,1409.8957164743485,1431.4561579187239,-21.56044144437533,0.7700157658705474,False,-16.800000000000182,0.6000000000000065,3
1677,2023,F,2,2,28,1534.702241143192,1531.8198692838919,2.882371859300065,-0.10294185211785946,True,8.099999999999909,-0.28928571428571104,2
1678,2023,F,3,3,28,1561.6739861075112,1690.504384069217,-128.83039796170578,4.601085641489492,False,-123.70000000000005,4.4178571428571445,3
1679,2023,F,3,3,28,1593.5225410469288,1628.3887338511727,-34.86619280424384,1.2452211715801371,False,-29.5,1.0535714285714286,3
1680,2023,F,3,3,28,1616.31416317545,1587.9436561368511,28.370507038598817,-1.013232394235672,True,33.90000000000009,-1.210714285714289,3
1681,2023,F,2,2,7,1664.7836827238762,1784.0752112224263,-119.29152849855018,17.04164692836431,False,-125.89999999999986,17.985714285714266,2
1682,2023,M,2,2,14,2289.009163188193,2302.113749392109,-13.10458620391637,0.9360418717083121,False,-13.410518256677278,0.9578941611912342,2
1683,2023,F,2,2,7,1714.945156753459,1673.4756415286085,41.46951522485051,-5.92421646069293,True,36.0,-5.142857142857143,2
1684,2023,F,2,2,28,1726.3907311848122,1915.2991246493095,-188.9083934644973,6.7467283380177605,False,-183.30000000000018,6.546428571428578,2
1685,2023,F,2,2,28,1789.8887875952767,1933.0749859657274,-143.1861983704507,5.113792798944668,False,-137.29999999999995,4.903571428571427,2
1686,2023,F,2,2,28,1397.1562944985815,1397.4024011271592,-0.24610662857776333,0.008789522449205833,False,4.5,-0.16071428571428573,2
1687,2023,F,3,3,28,1542.0672194729323,1504.6567553621746,37.41046411075763,-1.3360880039556295,True,42.700000000000045,-1.5250000000000017,3
1053,2023,F,4,4,35,1614.4657992264963,1701.2897381263692,-86.82393889987293,2.480683968567798,False,-75.59999999999991,2.1599999999999975,4
1690,2023,F,2,2,28,1808.3012334196274,1797.1595519677235,11.141681451903878,-0.3979171947108528,True,17.300000000000182,-0.6178571428571493,2
1692,2023,M,3,3,28,1796.7169930655855,1895.4225750714554,-98.70558200586993,3.5251993573524976,False,-93.39999999999986,3.335714285714281,3
1693,2023,M,3,3,28,1882.511921495817,2106.1692861204306,-223.6573646246136,7.987763022307628,False,-218.29999999999973,7.796428571428562,3
1694,2023,M,2,2,14,1927.5990474574116,1949.944783491537,-22.345736034125366,1.596124002437526,False,-22.299999999999955,1.5928571428571396,2
1695,2023,M,2,2,28,1954.4721688914747,1996.8525411660833,-42.38037227460859,1.513584724093164,False,-36.5,1.3035714285714286,2
1696,2023,M,3,3,28,1988.9095763588298,2115.853052568442,-126.94347620961207,4.533695578914717,False,-121.10000000000014,4.325000000000005,3
1697,2023,M,3,3,28,2014.4888067608827,2021.012040964213,-6.523234203330276,0.23297265011893842,False,-0.40000000000009095,0.014285714285717534,3
1699,2023,M,3,3,28,1636.8716855726025,1691.1649858690855,-54.29330029648304,1.9390464391601085,False,-49.40000000000009,1.7642857142857176,3
1008,2023,F,4,4,35,1501.4135258162871,1442.141647586458,59.2718782298291,-1.6934822351379744,True,69.90000000000009,-1.9971428571428598,4
1700,2023,M,2,2,28,1649.6115357339363,1752.5620618023493,-102.95052606841296,3.67680450244332,False,-98.09999999999991,3.5035714285714255,2
1701,2023,M,2,2,28,1663.8443370860512,1726.1064111969592,-62.26207411090809,2.223645503961003,False,-57.299999999999955,2.04642857142857,2
1458,2025,F,3,3,43,1549.6749587545185,1541.355351672372,8.319607082146376,-0.1934792344685204,True,22.392281772269143,-0.52075073888998,3
1702,2023,M,3,3,28,1689.4235674881038,1658.8192092798538,30.604358208250005,-1.093012793151786,True,35.80000000000018,-1.2785714285714351,3
1703,2023,M,3,3,28,1714.903267810771,1733.6936921252973,-18.790424314526263,0.6710865826616522,False,-13.599999999999909,0.4857142857142825,3
1704,2023,M,2,2,28,1743.7669908325427,1776.921226888067,-33.15423605552428,1.1840798591258672,False,-27.90000000000009,0.9964285714285747,2
1705,2023,M,2,2,7,1921.527712614901,1999.8130449766431,-78.28533236174212,11.183618908820304,False,-84.10000000000014,12.014285714285734,2
1707,2023,F,2,2,21,1659.9422823732161,1619.8516186866648,40.09066368655135,-1.909079223169112,True,52.735604601562045,-2.51121926674105,2
1712,2023,M,2,2,42,1617.0097280344212,1611.3944848694111,5.6152431650100425,-0.13369626583357244,True,31.059999999999945,-0.7395238095238083,2
1713,2023,M,2,2,42,1631.9651507825774,1584.10297239233,47.862178390247436,-1.1395756759582722,True,73.70999999999981,-1.7549999999999955,2
1714,2023,M,3,3,42,1721.4525164067911,1740.182534624396,-18.730018217604993,0.4459528147048808,False,8.259999999999991,-0.19666666666666646,3
1715,2023,M,3,3,42,1743.3119507055717,1654.1246266674689,89.18732403810282,-2.123507715192924,True,116.95000000000005,-2.7845238095238107,3
1716,2023,M,2,2,21,1761.523242537261,1837.6511466143766,-76.12790407711555,3.6251382893864545,False,-51.98000000000002,2.475238095238096,2
1718,2023,M,3,3,42,1806.046271571116,1828.3321278441656,-22.285856273049603,0.5306156255488,False,6.019999999999982,-0.1433333333333329,3
1719,2023,M,2,2,42,1806.556226969742,1761.1989913129514,45.357235656790635,-1.079934182304539,True,73.94000000000005,-1.7604761904761919,2
1720,2023,M,2,2,42,2008.6358605097469,1993.2764514282765,15.359409081470403,-0.36570021622548576,True,46.99999999999977,-1.1190476190476137,2
1722,2023,M,2,2,21,2452.051886449344,2348.717421562861,103.33446488648269,-4.920688804118224,True,138.1500000000001,-6.578571428571433,2
1724,2023,F,4,4,28,1403.191554175575,1501.5068383618705,-98.31528418629546,3.511260149510552,False,-91.77314180076246,3.2776122071700877,4
1725,2023,F,2,2,28,1461.3549346595364,1742.351418691338,-280.99648403180163,10.035588715421486,False,-274.21684716037953,9.793458827156412,2
1726,2023,F,3,3,28,1477.8345591299922,1528.8816758786659,-51.047116748673716,1.8231113124526328,False,-44.14706367893791,1.576680845676354,3
1727,2023,F,2,2,28,1487.5284558773192,1512.5347586617333,-25.006302784414174,0.8930822423005063,False,-18.056014572207232,0.6448576632931154,2
1728,2023,F,3,3,28,1505.462164859874,1495.0980469636725,10.364117896201606,-0.3701470677214859,True,17.40492627524418,-0.6216045098301493,3
1729,2023,F,3,3,28,1514.0654982231267,1528.0718286036981,-14.006330380571399,0.5002260850204071,False,-6.9298926425324225,0.24749616580472938,3
1730,2023,F,2,2,28,1522.5476578770376,1601.338011701973,-78.79035382493544,2.8139412080334085,False,-71.68647467414348,2.560231238362267,2
1731,2023,F,2,2,28,1523.3958738424292,1592.3097143032637,-68.91384046083454,2.4612085878869476,False,-61.804132877304255,2.2072904599037235,2
1732,2023,F,4,4,28,1523.7593949704537,1679.4632784500513,-155.7038834795976,5.5608529814142,False,-148.60884353580195,5.3074586977072125,4
1733,2023,F,3,3,28,1525.092305773211,1546.0984290575998,-21.006123284388877,0.7502186887281742,False,-13.879449283626855,0.49569461727238767,3
1734,2023,F,3,3,28,1527.5157799600427,1551.4874127762093,-23.971632816166675,0.8561297434345241,False,-16.83418700694392,0.6012209645337114,3
1735,2023,F,3,3,28,1530.5451226935825,1541.4393076979113,-10.894185004328847,0.3890780358688874,False,-3.740109161090686,0.13357532718181023,3
1736,2023,F,3,3,28,1534.3015076831716,1523.4626978165388,10.8388098666328,-0.3871003523797429,True,18.014547367767364,-0.6433766917059772,3
1737,2023,F,2,2,7,1543.268362174449,1553.359067458534,-10.090705284084834,1.4415293262978335,False,-7.744982208507054,1.1064260297867219,2
1738,2023,F,3,3,28,1545.5706626519393,1634.7617084947585,-89.19104584281922,3.1853944943864008,False,-81.98148304565825,2.927910108773509,3
1739,2023,F,3,3,28,1560.1115077729296,1535.4104446509327,24.701063121996867,-0.8821808257856024,True,32.00009061443734,-1.142860379087048,3
1740,2023,F,3,3,28,1561.8079397037118,1515.974110051718,45.83382965199371,-1.6369224875712038,True,53.14477420811522,-1.8980276502898294,3
1741,2023,F,4,4,28,1578.529911592851,1707.2580367760888,-128.7281251832378,4.597433042258493,False,-121.37191608277453,4.334711288670519,4
1742,2023,F,2,2,28,1580.226343523633,1635.8115105178642,-55.58516699423126,1.9851845355082591,False,-48.207232489096896,1.7216868746106033,2
1743,2023,F,2,2,28,1582.043949163757,1666.7456767987132,-84.70172763495634,3.0250617012484406,False,-77.32078578158507,2.76145663505661,2
1744,2023,F,3,3,28,1589.677892852277,1630.0925890205647,-40.41469616828772,1.4433820060102758,False,-32.98970961003465,1.1782039146440948,3
1745,2023,F,2,2,7,1591.3743247830591,1592.3196235931707,-0.9452988101115807,0.13504268715879725,False,1.50497398364314,-0.2149962833775914,2
1746,2023,F,3,3,28,1603.3705220078762,1700.199367935016,-96.82884592713981,3.458173068826422,False,-89.35047774677787,3.1910884909563526,3
1747,2023,F,2,2,21,1604.8246065199753,1657.2667575915355,-52.44215107156015,2.4972452891219117,False,-47.36932038076816,2.255681922893722,2
1749,2023,F,2,2,21,1610.5197708590294,1686.2190081759659,-75.69923731693643,3.6047255865207823,False,-70.6464540305642,3.3641168585982952,2
1750,2023,F,3,3,28,1616.820803744792,1633.4719517235144,-16.651147978722292,0.594683856382939,False,-9.094772111189286,0.32481328968533163,3
1751,2023,F,4,4,28,1618.6384093849158,1712.0071411663291,-93.36873178141332,3.3345975636219043,False,-85.81832540367736,3.064940192988477,4
1752,2023,F,3,3,28,1624.818268561337,1699.2995376294969,-74.48126906815992,2.660045323862854,False,-66.89840659813649,2.3892288070763033,3
1754,2023,F,3,3,28,1635.9662498207629,1742.431403607384,-106.46515378662116,3.8023269209507555,False,-98.83620012539677,3.5298642901927417,3
1755,2023,F,2,2,28,1639.2379399729855,1821.8164327831894,-182.5784928102039,6.520660457507282,False,-174.94859605187526,6.248164144709831,2
1756,2023,F,3,3,28,1641.0555456131099,1657.6973831709925,-16.64183755788258,0.5943513413529493,False,-8.972149344363288,0.3204339051558317,3
1757,2023,F,3,3,28,1642.0249352878423,1659.327075835433,-17.302140547590852,0.6179335909853876,False,-9.62804443369032,0.3438587297746543,3
1759,2023,F,4,4,28,1652.8093954192436,1627.0631603253164,25.746235093927226,-0.9195083962116867,True,33.478872697547786,-1.195674024912421,4
1760,2023,F,3,3,28,1655.9599118621247,1684.9522433137183,-28.9923314515936,1.0354404089854856,False,-21.255286342765203,0.7591173693844715,3
1761,2023,F,2,2,28,1656.9293015368578,1569.6039962606626,87.3253052761952,-3.118760902721257,True,95.08881856790799,-3.3960292345681427,2
1762,2023,F,3,3,28,1662.2609447478874,1576.022785773366,86.23815897452141,-3.0799342490900505,True,94.02639557660973,-3.3580855563074903,3
1763,2023,F,3,3,28,1668.804325052333,1656.8875358960252,11.916789156307914,-0.42559961272528263,True,19.721603723652834,-0.7043429901304583,3
1764,2023,F,2,2,28,1669.410193599041,1678.4234745414515,-9.013280942410574,0.32190289080037765,False,-1.2095807071764284,0.04319931097058673,2
1765,2023,F,4,4,28,1682.1334330799077,1740.7717165994263,-58.63828351951861,2.094224411411379,False,-50.784453754592505,1.8137304912354466,4
1766,2023,F,2,2,28,1683.1028227546403,1691.381030940928,-8.278208186287657,0.2956502923674163,False,-0.41034884391979176,0.014655315854278277,2
1767,2023,F,4,4,28,1697.7648415849721,1680.563071045686,17.201770539286144,-0.6143489478316481,True,25.142987930009895,-0.8979638546432105,4
1768,2023,F,4,4,28,1707.0952172042741,1658.24727946881,48.84793773546426,-1.7445692048380093,True,56.838747695238226,-2.0299552748299368,4
1769,2023,F,4,4,28,1710.6092547751805,1778.954515896958,-68.34526112177741,2.4409021829206217,False,-60.36012200357186,2.1557186429847093,4
1771,2023,F,3,3,28,1713.8809449274036,1712.7370035252502,1.1439414021533594,-0.040855050076905694,True,9.157482069949765,-0.32705293106963446,3
1772,2023,F,2,2,28,1717.3949824983092,1776.2050344078714,-58.81005190956216,2.100358996770077,False,-50.79138762886055,1.8139781296021624,2
1773,2023,F,2,2,28,1723.2113205467056,1728.9239509100903,-5.712630363384733,0.20402251297802618,False,2.3432418351776505,-0.08368720839920181,2
1776,2023,F,3,3,28,1748.9001469271216,1730.8935794677266,18.006567459395,-0.6430916949783929,True,26.18702196801337,-0.935250784571906,3
1777,2023,F,4,4,28,1751.0812736952703,1790.452347578592,-39.37107388332174,1.406109781547205,False,-31.191241982972315,1.113972927963297,4
1778,2023,F,2,2,28,1757.8670014183995,1803.399905863563,-45.53290444516347,1.6261751587558382,False,-37.32250760826082,1.3329467002950293,2
1779,2023,F,2,2,28,1758.1093488370825,1831.5945887698313,-73.48523993274875,2.6244728547410268,False,-65.27898138059254,2.3313921921640195,2
1780,2023,F,2,2,21,1770.9537620272906,1796.0378897031158,-25.08412767582513,1.1944822702773872,False,-19.432091314174613,0.9253376816273625,2
827,2023,F,2,2,7,1672.4347768589985,1700.7941843185115,-28.359407459513022,4.0513439227875745,False,-21.86706577586324,3.123866539409034,2
1781,2023,F,3,3,21,1784.282870054865,1810.0148382611167,-25.731968206251622,1.2253318193453153,False,-20.038148792420316,0.9541975615438245,3
1782,2023,F,3,3,21,1787.3122127884048,1726.1531469131114,61.159065875293436,-2.912336470252068,True,67.00592905343296,-3.190758526353951,3
1783,2023,F,4,4,28,1790.7050766499694,1864.008475997534,-73.30339934756466,2.6179785481273092,False,-64.94470375921128,2.3194537056861173,4
1784,2023,F,2,2,28,1792.2803348714097,1789.9924343113269,2.2879005600827895,-0.08171073428867105,True,10.668216720632472,-0.3810077400225883,2
1785,2023,F,2,2,21,1802.9436212934697,1790.0477688925441,12.895852400925605,-0.614088209567886,True,18.71337073803602,-0.8911128922874295,2
1786,2023,F,2,2,7,1807.9117433764745,1657.4033871028098,150.50835627366473,-21.501193753380676,True,153.79565840523514,-21.97080834360502,2
1788,2023,F,2,2,7,1819.907940601292,1789.8732647148477,30.034675886444347,-4.290667983777764,True,32.94020667481436,-4.705743810687766,2
1791,2023,F,4,4,28,1839.2957340959458,1798.0809089464938,41.214825149452054,-1.4719580410518591,True,49.82230488827531,-1.7793680317241183,4
1792,2023,F,2,2,7,1842.3250768294854,1775.0425388186238,67.28253801086157,-9.611791144408796,True,70.34638273412861,-10.049483247732658,2
1793,2023,F,2,2,21,1852.5036684141785,1821.9950798822604,30.50858853191812,-1.4527899300913392,True,36.514484296195405,-1.7387849664854955,2
1795,2023,F,4,4,28,1864.499865638996,1920.3178568940248,-55.8179912550288,1.9934996876796,False,-47.110967434225586,1.6825345512223424,4
1796,2023,F,4,4,28,1879.7677530160356,1935.4250079122414,-55.657254896205814,1.9877591034359219,False,-46.878815091125034,1.6742433961116083,4
1797,2023,F,3,3,28,1886.5534807391646,1836.2037195569906,50.34976118217401,-1.7982057565062146,True,59.179919283586514,-2.1135685458423756,3
1798,2023,F,3,3,28,1901.8213681162042,1848.4114173685346,53.409950747669654,-1.907498240988202,True,62.31207162668693,-2.2254311295245333,3
1799,2023,F,3,3,28,1926.540804821888,1937.994523340224,-11.453718518336018,0.4090613756548578,False,-2.448253151150084,0.08743761254107442,3
1800,2023,F,3,3,28,1930.781884648844,1844.3521828791925,86.4297017696515,-3.086775063201839,True,95.47345583304423,-3.4097662797515795,3
1804,2023,F,4,4,28,1968.5880819634185,1901.7213639132942,66.86671805012429,-2.3880970732187246,True,76.08354734929299,-2.717269548189035,4
863,2023,M,5,5+,35,1599.560058247921,1545.819275044703,53.740783203217916,-1.535450948663369,True,70.02999999999997,-2.000857142857142,5
1809,2023,M,4,4,28,1562.2434105612936,1619.0526594054297,-56.809248844136164,2.0289017444334343,False,-49.42000000000007,1.7650000000000026,4
1810,2023,M,2,2,28,1577.4678208680375,1645.3666891170244,-67.8988682489869,2.424959580320961,False,-60.440000000000055,2.1585714285714306,2
1811,2023,M,3,3,28,1579.855963661252,1610.5045988418226,-30.648635180570636,1.0945941135918085,False,-23.169999999999845,0.8274999999999945,3
1812,2023,M,2,2,28,1585.1297789962678,1611.944272199904,-26.814493203636175,0.9576604715584348,False,-19.309999999999945,0.6896428571428552,2
1813,2023,M,2,2,28,1591.8961835770428,1603.2162524665366,-11.320068889493768,0.40428817462477745,False,-3.7799999999999727,0.13499999999999904,2
1814,2023,M,3,3,28,1601.7472725990538,1625.0812915923946,-23.334018993340806,0.8333578211907431,False,-15.75,0.5625,3
1815,2023,M,3,3,28,1608.6131831295459,1647.8561242987064,-39.24294116916053,1.4015336131843046,False,-31.63000000000011,1.129642857142861,3
1816,2023,M,2,2,28,1611.797373520499,1667.3816942176823,-55.58432069718333,1.9851543106136904,False,-47.960000000000036,1.7128571428571442,2
1817,2023,M,3,3,28,1621.4494506430751,1663.1126628017057,-41.663212158630586,1.4879718628082352,False,-33.99000000000001,1.2139285714285717,3
1818,2023,M,3,3,28,1626.6237600283737,1661.2730801774908,-34.6493201491171,1.237475719611325,False,-26.950000000000045,0.9625000000000016,3
1819,2023,M,4,4,28,1647.0224797204162,1649.1158384870275,-2.0933587666113453,0.07476281309326234,False,5.710000000000036,-0.20392857142857274,4
26830,2025,F,5,5+,43,1672.4653756317127,1566.396041108775,106.06933452293765,-2.4667287098357593,True,121.97390567250909,-2.8366024575002116,5
1822,2023,M,4,4,28,1662.9434316751808,1679.169019836972,-16.225588161791165,0.5794852914925416,False,-8.349999999999909,0.2982142857142825,4
1823,2023,M,3,3,28,1666.2271280158511,1750.952733107964,-84.7256050921128,3.0259144675754572,False,-76.84999999999991,2.744642857142854,3
1824,2023,M,2,2,28,1672.4960028480396,1685.8175113864443,-13.321508538404714,0.47576816208588263,False,-5.400000000000091,0.1928571428571461,2
1825,2023,M,2,2,28,1675.7796991887096,1689.6666380729805,-13.886938884270876,0.49596210300967414,False,-5.9500000000000455,0.21250000000000163,2
1826,2023,M,3,3,28,1677.4713003339034,1731.2671994825346,-53.79589914863118,1.9212821124511135,False,-45.86000000000013,1.6378571428571473,3
1827,2023,M,4,4,28,1683.5411632666578,1754.1520072370333,-70.61084397037553,2.52181585608484,False,-62.649999999999864,2.237499999999995,4
1828,2023,M,3,3,28,1684.038693015244,1715.8606950047354,-31.822001989491355,1.1365000710532627,False,-23.84999999999991,0.851785714285711,3
1829,2023,M,2,2,21,1684.038693015244,1680.1860134116282,3.8526796036157975,-0.18346093350551418,True,9.400000000000091,-0.44761904761905197,2
1831,2023,M,2,2,21,1686.8248596073279,1761.0505809020274,-74.2257212946995,3.5345581568904523,False,-68.79999999999995,3.276190476190474,2
1832,2023,M,4,4,28,1698.666067623684,1768.8586704990987,-70.19260287541465,2.506878674121952,False,-62.16000000000008,2.220000000000003,4
1834,2023,M,3,3,28,1714.8855374276009,1780.725977971615,-65.8404405440142,2.351444305143364,False,-57.73000000000002,2.061785714285715,3
1835,2023,M,4,4,28,1715.9801028744907,1815.8780024647638,-99.89789959027303,3.5677821282240365,False,-91.78999999999996,3.2782142857142844,4
1836,2023,M,3,3,28,1722.2489777066796,1786.6646305737,-64.4156528670203,2.300559030965011,False,-56.26999999999998,2.0096428571428566,3
1837,2023,M,2,2,28,1728.9158763377372,1743.4844275629182,-14.568551225180954,0.5203054008993198,False,-6.380000000000109,0.22785714285714675,2
1838,2023,M,3,3,28,1730.1099477343446,1652.9849606368705,77.1249870974741,-2.7544638249097892,True,85.34000000000015,-3.047857142857148,3
1839,2023,M,4,4,28,1739.6625189072033,1748.7632298758824,-9.100710968679095,0.3250253917385391,False,-0.8600000000001273,0.030714285714290263,4
1841,2023,M,4,4,28,1745.3343580410883,1763.8897978673879,-18.555439826299562,0.6626942795106986,False,-10.289999999999964,0.3674999999999987,4
1843,2023,M,2,2,7,1751.4042209738425,1778.8319941949635,-27.427773221121015,3.918253317303002,False,-24.310000000000173,3.4728571428571677,2
1844,2023,M,2,2,7,1758.5686493534868,1738.3389709524354,20.229678401051387,-2.8899540572930555,True,23.50999999999999,-3.358571428571427,2
1846,2023,M,2,2,21,1759.8622266998113,1826.9402284867972,-67.07800178698585,3.1941905612850405,False,-61.40000000000009,2.923809523809528,2
1847,2023,M,4,4,28,1762.250369493026,1733.266745813203,28.98362367982304,-1.035129417136537,True,37.33999999999992,-1.3335714285714257,4
1848,2023,M,2,2,7,1762.4493813924605,1724.3428595214878,38.106521870972756,-5.443788838710394,True,41.450000000000045,-5.921428571428578,2
1849,2023,M,4,4,28,1763.344934939916,1758.2610749465568,5.083859993359056,-0.181566428334252,True,13.439999999999827,-0.4799999999999938,4
1850,2023,M,2,2,28,1764.1409825376543,1777.1067991131056,-12.9658165754513,0.46306487769468924,False,-4.6099999999999,0.16464285714285357,2
1851,2023,M,3,3,28,1764.6385122862407,1809.8593680094523,-45.22085572321157,1.6150305615432703,False,-36.86999999999989,1.3167857142857105,3
1852,2023,M,2,2,21,1764.9370301353927,1775.0271728139483,-10.090142678555594,0.4804829846931235,False,-4.2999999999999545,0.2047619047619026,2
1853,2023,M,2,2,28,1769.3152919229528,1794.2129179719727,-24.89762604901989,0.889200930322139,False,-16.519999999999982,0.5899999999999993,2
1855,2023,M,4,4,28,1777.176261950618,1874.024809760598,-96.84854780997989,3.458876707499282,False,-88.45000000000005,3.158928571428573,4
1856,2023,M,4,4,28,1781.9525475370474,1721.3094587558064,60.64308878124098,-2.1658245993300347,True,69.09999999999991,-2.4678571428571394,4
1857,2023,M,4,4,28,1797.6744875923775,1770.7782349765405,26.896252615837057,-0.9605804505656091,True,35.419999999999845,-1.2649999999999946,4
1858,2023,M,3,3,28,1802.749291027959,1828.4051602264008,-25.65586919844168,0.9162810428014885,False,-17.11999999999989,0.6114285714285675,3
1859,2023,M,3,3,28,1802.848796977676,1849.4003966984178,-46.551599720741706,1.6625571328836324,False,-38.01999999999998,1.3578571428571422,3
1861,2023,M,2,2,7,1811.1077908042103,1888.5180441057305,-77.41025330152024,11.058607614502892,False,-74.34000000000015,10.62000000000002,2
1863,2023,M,4,4,28,1828.4218260550172,1767.5089767258976,60.91284932911958,-2.1754589046114137,True,69.58999999999992,-2.48535714285714,4
1864,2023,M,2,2,28,1828.4218260550172,2113.490478321434,-285.0686522664166,10.181023295229165,False,-276.4699999999998,9.873928571428564,2
1865,2023,M,3,3,28,1834.6907008872058,1751.8625266884183,82.82817419878756,-2.9581490785281273,True,91.53999999999996,-3.269285714285713,3
1866,2023,M,2,2,7,1838.0739031775934,1790.1365457353443,47.937357442249095,-6.848193920321299,True,51.450000000000045,-7.350000000000007,2
1867,2023,M,3,3,28,1842.253153065719,1897.8094133638974,-55.55626029817836,1.98415215350637,False,-46.83999999999992,1.67285714285714,3
1868,2023,M,3,3,28,1843.7457423114784,1872.6851137190502,-28.939371407571798,1.03354897884185,False,-20.20999999999981,0.7217857142857075,3
1869,2023,M,3,3,28,1846.830426752714,1860.6978334666937,-13.86740671397979,0.4952645254992782,False,-5.119999999999891,0.18285714285713897,3
1870,2023,M,3,3,28,1851.507206389426,1958.2457012083469,-106.7384948189208,3.8120891006757427,False,-97.99000000000001,3.4996428571428573,3
1871,2023,M,2,2,7,1861.9553311097407,1893.8413514448516,-31.88602033511097,4.55514576215871,False,-28.579999999999927,4.082857142857132,2
1873,2023,M,3,3,28,1863.0498965566303,1893.2504477299738,-30.200551173343456,1.078591113333695,False,-21.38000000000011,0.7635714285714325,3
1874,2023,M,2,2,28,1864.9405096012588,2372.1717871199917,-507.2312775187329,18.115402768526174,False,-498.51,17.80392857142857,2
1875,2023,M,3,3,28,1867.129640495039,1842.4419754676921,24.68766502734684,-0.8817023224052443,True,33.54000000000019,-1.1978571428571496,3
1876,2023,M,3,3,28,1884.7421935949974,1995.6772085184573,-110.9350149234599,3.9619648186949967,False,-102.0300000000002,3.6439285714285785,3
1877,2023,M,4,4,28,1888.6229256339714,1911.6262785088154,-23.00335287484404,0.8215483169587158,False,-14.059999999999945,0.5021428571428552,4
1878,2023,M,3,3,28,1897.2799432593747,1935.3109047955813,-38.03096153620663,1.358248626293094,False,-29.049999999999955,1.0374999999999983,3
1880,2023,M,4,4,28,1901.3596871977832,1947.858058020525,-46.49837082274189,1.6606561008122103,False,-37.5,1.3392857142857142,4
1881,2023,M,3,3,28,1902.95178239326,1917.1150331864999,-14.163250793239968,0.505830385472856,False,-5.149999999999864,0.18392857142856656,3
1882,2023,M,3,3,28,1907.5290560802546,1997.9666890670728,-90.43763298681824,3.229915463814937,False,-81.42000000000007,2.9078571428571456,3
1883,2023,M,4,4,28,1911.0117643203596,1920.954162141383,-9.942397821023405,0.35508563646512165,False,-0.8900000000001,0.03178571428571786,4
1884,2023,M,2,2,7,1931.509989962119,1957.9602892823552,-26.450299320236127,3.778614188605161,False,-23.0,3.2857142857142856,2
1886,2023,M,4,4,28,1950.0180966095331,1954.5765336915704,-4.558437082037244,0.162801324358473,False,4.680000000000064,-0.16714285714285942,4
1887,2023,M,2,2,21,1950.0180966095331,1953.7278836877936,-3.709787078260433,0.1766565275362111,False,2.7000000000000455,-0.12857142857143072,2
1888,2023,M,2,2,7,1950.5156263581196,1884.4707355295448,66.04489082857481,-9.434984404082115,True,69.81999999999994,-9.974285714285704,2
1889,2023,M,3,3,28,1955.291911944549,1967.6835598891012,-12.391647944552233,0.44255885516257976,False,-3.130000000000109,0.11178571428571818,3
1890,2023,M,2,2,7,1970.7153341507274,1924.5051967166428,46.21013743408457,-6.601448204869224,True,49.960000000000036,-7.137142857142862,2
1891,2023,M,2,2,21,1983.5516016642564,1973.6944435619662,9.857158102290214,-0.46938848106143877,True,16.40000000000009,-0.7809523809523853,2
1892,2023,M,3,3,28,1985.5417206586021,2039.8871778895336,-54.345457230931515,1.9409091868189827,False,-44.94999999999982,1.6053571428571363,3
1894,2023,M,3,3,28,2002.1592142613877,1958.2556989400002,43.90351532138743,-1.567982690049551,True,53.399999999999864,-1.9071428571428524,3
1895,2023,M,3,3,28,2004.6468630043196,1960.245247539015,44.40161546530453,-1.5857719809037332,True,53.909999999999854,-1.9253571428571377,3
1896,2023,M,2,2,28,2009.721666439901,2021.9112563768253,-12.189589936924449,0.43534249774730177,False,-2.6699999999998454,0.09535714285713734,2
1899,2023,M,3,3,28,2030.7174218302468,1998.85648718422,31.860934646026863,-1.137890523072388,True,41.49000000000001,-1.4817857142857147,3
1900,2023,M,3,3,28,2033.6030943720482,2020.4515875554378,13.151506816610436,-0.46969667202180126,True,22.789999999999964,-0.8139285714285701,3
1901,2023,M,3,3,28,2036.2897550144148,2031.119167229553,5.170587784861709,-0.18466384945934675,True,14.820000000000164,-0.5292857142857201,3
1905,2023,M,4,4,28,2050.021576075399,2045.665866785165,4.355709290234017,-0.15556104607978632,True,14.069999999999709,-0.5024999999999896,4
1906,2023,M,3,3,28,2051.215647472007,2228.694340162888,-177.47869269088096,6.338524738960034,False,-167.79999999999973,5.992857142857133,3
1907,2023,M,2,2,28,2060.071676996845,1950.4774637137007,109.5942132831442,-3.9140790458265786,True,119.38000000000011,-4.263571428571432,2
1908,2023,M,3,3,28,2062.9573495386458,2177.885867900606,-114.92851836196041,4.1045899414985865,False,-105.18000000000029,3.756428571428582,3
1910,2023,M,2,2,21,2074.3010278064157,2052.562355064948,21.73867274146778,-1.0351748924508466,True,28.59999999999991,-1.3619047619047575,2
1911,2023,M,2,2,21,2089.2269202640077,2048.5690430901136,40.65787717389412,-1.9360893892330533,True,47.59999999999991,-2.266666666666662,2
1912,2023,M,2,2,28,2142.1640855136006,2267.7654754641467,-125.60138995054604,4.485763926805215,False,-115.48000000000002,4.1242857142857146,2
1914,2023,M,3,3,28,2160.5726862112974,2040.7869737383342,119.78571247296327,-4.278061159748688,True,130.05000000000018,-4.6446428571428635,3
1917,2023,M,3,3,28,2187.9368223835495,2202.88019703396,-14.943374650410533,0.5336919518003762,False,-4.579999999999927,0.16357142857142598,3
1919,2023,M,4,4,28,2244.0581780240946,2312.6552905876492,-68.59711256355467,2.44989687726981,False,-57.98000000000002,2.070714285714286,4
1920,2023,M,3,3,28,2252.6156896997813,2216.3571393026646,36.25855039711678,-1.2949482284684564,True,46.940000000000055,-1.6764285714285734,3
1922,2023,M,2,2,28,2389.3368646113236,2306.7066402539117,82.63022435741186,-2.951079441336138,True,93.9699999999998,-3.3560714285714215,2
1926,2023,F,3,3,35,1349.2216009848469,1387.1197872379523,-37.89818625310545,1.0828053215172986,False,-27.0,0.7714285714285715,3
1928,2023,F,2,2,35,1408.1624246192648,1481.5785040927758,-73.41607947351099,2.0976022706717425,False,-62.200000000000045,1.7771428571428585,2
1929,2023,F,3,3,35,1411.2230034009517,1453.509633541606,-42.286630140654324,1.2081894325901235,False,-30.899999999999864,0.882857142857139,3
1930,2023,F,3,3,35,1439.0643974795207,1448.4333484419265,-9.368950962405734,0.2676843132115924,False,2.3999999999998636,-0.06857142857142468,3
1931,2023,F,3,3,35,1446.567751912043,1433.104958140933,13.46279377111,-0.38465125060314287,True,25.40000000000009,-0.7257142857142883,3
1932,2023,F,2,2,35,1450.7143425194897,1508.3534196185371,-57.63907709904743,1.646830774258498,False,-46.0,1.3142857142857143,2
1933,2023,F,3,3,35,1468.090531731646,1457.5905686217407,10.499963109905366,-0.29999894599729615,True,22.59999999999991,-0.6457142857142831,3
1934,2023,F,3,3,35,1473.1256774692595,1535.1283351442983,-62.00265767503879,1.7715045050011082,False,-50.200000000000045,1.4342857142857155,3
1935,2023,F,3,3,35,1502.2505400691814,1539.010200220524,-36.75966015134259,1.050276004324074,False,-24.600000000000136,0.7028571428571467,3
1936,2023,F,3,3,35,1509.556437806111,1475.8054739794147,33.75096382669631,-0.964313252191323,True,46.299999999999955,-1.3228571428571416,3
1937,2023,F,3,3,35,1522.489851367432,1571.060470849874,-48.570619482442,1.3877319852126284,False,-36.30000000000018,1.0371428571428623,3
1939,2023,F,3,3,35,1546.9744816209256,1687.2178181307788,-140.24333650985318,4.006952471710091,False,-128.19999999999982,3.6628571428571375,3
1942,2023,F,3,3,35,1554.8727494446332,1591.2660762466382,-36.39332680200505,1.0398093372001442,False,-23.799999999999955,0.6799999999999987,3
1943,2023,F,3,3,35,1557.5384148351345,1600.3237614244977,-42.785346589363144,1.2224384739818042,False,-30.200000000000045,0.8628571428571442,3
1946,2023,F,3,3,35,1581.6281316974425,1549.660445429656,31.967686267786576,-0.9133624647939022,True,45.09999999999991,-1.288571428571426,3
1947,2023,F,3,3,35,1584.6887104791292,1647.8019573567958,-63.1132468776666,1.8032356250761885,False,-50.40000000000009,1.4400000000000026,3
1948,2023,F,3,3,35,1590.5136829991136,1572.5534958791916,17.96018711992201,-0.5131482034263432,True,31.09999999999991,-0.888571428571426,3
1949,2023,F,3,3,35,1592.9818916940224,1618.5386667821717,-25.55677508814938,0.7301935739471251,False,-12.599999999999909,0.3599999999999974,3
1951,2023,F,2,2,14,1603.6445532560274,1574.8207861415322,28.82376711449524,-2.0588405081782315,True,41.299999999999955,-2.9499999999999966,2
1952,2023,F,3,3,35,1608.97588403703,1606.8930715534952,2.0828124835347808,-0.05950892810099374,True,15.299999999999955,-0.43714285714285583,3
1953,2023,F,3,3,35,1609.469525776012,1578.9237360042796,30.545789771732416,-0.8727368506209262,True,43.90000000000009,-1.254285714285717,3
1954,2023,F,3,3,35,1612.925017948884,1646.3089323274783,-33.38391437859423,0.9538261251026922,False,-20.299999999999955,0.5799999999999987,3
1955,2023,F,2,2,14,1630.9923055956149,1581.9835844107797,49.00872118483517,-3.5006229417739405,True,61.799999999999955,-4.414285714285711,2
1956,2023,F,2,2,35,1637.5083765501736,1603.1107414792239,34.39763507094972,-0.9827895734557063,True,48.0,-1.3714285714285714,2
1960,2023,F,2,2,35,1687.168735491735,1793.7202702220968,-106.55153473036171,3.04432956372462,False,-93.19999999999982,2.6628571428571375,2
1961,2023,F,3,3,35,1691.0191410557925,2012.6972745220032,-321.67813346621074,9.190803813320306,False,-309.29999999999995,8.837142857142856,3
1962,2023,F,3,3,35,1691.5127827947742,1697.8680633399106,-6.355280545136338,0.18157944414675253,False,7.5,-0.21428571428571427,3
1963,2023,F,2,2,14,1714.615216179119,1704.1789332179587,10.43628296116026,-0.7454487829400185,True,23.670000000000073,-1.690714285714291,2
1965,2023,F,3,3,35,1731.1028502611086,1789.4402651380533,-58.33741487694465,1.6667832821984185,False,-44.399999999999864,1.2685714285714247,3
1967,2023,F,2,2,14,1731.4977636522938,1549.9499588177555,181.54780483453828,-12.967700345324163,True,195.79999999999995,-13.985714285714282,2
1968,2023,F,2,2,14,1747.6892126908945,1755.2039225554188,-7.51470986452432,0.5367649903231657,False,5.880000000000109,-0.4200000000000078,2
1971,2023,F,3,3,35,1788.3652919829885,1829.5528709257178,-41.18757894272926,1.1767879697922645,False,-26.699999999999818,0.7628571428571377,3
1972,2023,F,2,2,35,1792.6106109382313,1915.650647616363,-123.04003667813163,3.5154296193751895,False,-108.89999999999986,3.1114285714285677,2
1973,2023,F,2,2,14,1821.9329302337458,1825.2202756373147,-3.2873454035689065,0.2348103859692076,False,10.700000000000045,-0.7642857142857176,2
1975,2023,F,3,3,35,1878.2080884776622,1807.0579604840002,71.15012799366195,-2.0328607998189128,True,86.90000000000009,-2.4828571428571453,3
1976,2023,F,2,2,14,1885.4152578667954,1804.6272306132275,80.78802725356786,-5.770573375254847,True,95.70000000000005,-6.835714285714289,2
1979,2023,F,2,2,14,1939.419664111396,1839.1280422767704,100.29162183462563,-7.1636872739018305,True,115.72000000000003,-8.265714285714287,2
1981,2023,F,2,2,14,1962.2259124523516,1797.6136573079225,164.61225514442913,-11.75801822460208,True,180.54999999999995,-12.896428571428569,2
1983,2023,F,3,3,35,1997.1757475722577,1838.1128810938053,159.0628664784524,-4.544653327955783,True,176.20000000000005,-5.034285714285716,3
1985,2023,F,2,2,35,2030.0522873884402,1968.8023386600676,61.2499487283726,-1.74999853509636,True,78.19999999999982,-2.234285714285709,2
1986,2023,F,2,2,14,2076.5533392005186,1960.7463878900378,115.80695131048083,-8.271925093605773,True,132.37000000000012,-9.455000000000009,2
1987,2023,F,3,3,35,2178.9346358653283,2149.7569722133544,29.177663651973944,-0.8336475329135412,True,47.19999999999982,-1.3485714285714234,3
1989,2023,M,3,3,35,1512.2767399246434,1493.7620898495832,18.514650075060217,-0.5289900021445776,True,31.399999999999864,-0.8971428571428532,3
1990,2023,M,3,3,35,1519.48699412192,1511.890028794214,7.596965327705902,-0.21705615222016864,True,20.5,-0.5857142857142857,3
1991,2023,M,3,3,35,1529.0677428498077,1528.723114957085,0.3446278927226558,-0.009846511220647308,True,13.299999999999955,-0.3799999999999987,3
1992,2023,M,2,2,14,1541.5128391355177,1536.6482170544764,4.8646220810412615,-0.3474730057886615,True,16.25,-1.1607142857142858,2
1993,2023,M,3,3,35,1545.7599751695298,1537.5878763091298,8.172098860399956,-0.23348853886857016,True,21.299999999999955,-0.6085714285714273,3
1994,2023,M,2,2,35,1562.8472899110204,1580.4176221673226,-17.57033225630221,0.502009493037206,False,-4.400000000000091,0.1257142857142883,2
1995,2023,M,2,2,35,1569.2673792647595,1639.7816420079807,-70.51426274322125,2.014693221234893,False,-57.5,1.6428571428571428,2
1996,2023,M,3,3,35,1572.9218916661189,1539.0819372111598,33.83995445495907,-0.9668558415702592,True,47.299999999999955,-1.35142857142857,3
1997,2023,M,3,3,35,1583.391575842986,1582.310099309894,1.0814765330919727,-0.030899329516913505,True,14.5,-0.4142857142857143,3
1998,2023,M,3,3,35,1584.5768231082916,1562.0904751024216,22.486348005870013,-0.6424670858820004,True,36.0,-1.0285714285714285,3
1999,2023,M,3,3,35,1599.6887257409394,1589.1827794592318,10.505946281707566,-0.3001698937630733,True,24.09999999999991,-0.688571428571426,3
2000,2023,M,3,3,35,1604.726026618489,1919.5694469281302,-314.84342030964126,8.995526294561179,False,-302.5,8.642857142857142,3
2001,2023,M,2,2,35,1610.1584099178067,1601.434078855878,8.724331061928751,-0.2492666017693929,True,22.40000000000009,-0.6400000000000026,2
2002,2023,M,3,3,35,1636.4313909654165,1651.7341292242209,-15.302738258804311,0.4372210931086946,False,-1.5,0.04285714285714286,3
2003,2023,M,2,2,14,1643.7404157681353,1643.6947266034363,0.045689164699069806,-0.003263511764219272,True,12.160000000000082,-0.8685714285714344,2
2004,2023,M,3,3,35,1646.308451509631,1674.543458995212,-28.235007485581036,0.8067144995880297,False,-14.400000000000091,0.41142857142857403,3
2005,2023,M,3,3,35,1652.037146625275,1684.2050528283394,-32.167906203064376,0.9190830343732679,False,-18.300000000000182,0.522857142857148,3
2006,2023,M,3,3,35,1653.0248526796966,1658.9056215539647,-5.880768874268142,0.16802196783623263,False,8.099999999999909,-0.23142857142856882,3
2007,2023,M,2,2,35,1653.8150175232338,1551.4328406679408,102.38217685529298,-2.925205053008371,True,116.80000000000018,-3.3371428571428625,2
2008,2023,M,3,3,35,1656.2842826592873,1681.6153472648205,-25.33106460553313,0.7237447030152323,False,-11.399999999999864,0.3257142857142818,3
2009,2023,M,2,2,35,1656.87690629194,1639.8812460681163,16.995660223823734,-0.48559029210924953,True,31.09999999999991,-0.888571428571426,2
2011,2023,M,3,3,35,1683.0511167341078,1668.6668194472275,14.384297286880383,-0.41097992248229664,True,28.700000000000045,-0.8200000000000013,3
2013,2023,M,2,2,14,1700.2372020810408,1664.6980895235827,35.53911255745811,-2.5385080398184363,True,48.25,-3.4464285714285716,2
2014,2023,M,2,2,35,1710.4105744415813,1702.2333877128344,8.177186728746847,-0.2336339065356242,True,22.700000000000045,-0.6485714285714299,2
2019,2023,M,2,2,35,1744.8815157408887,1743.0710523683208,1.8104633725679378,-0.051727524930512504,True,16.59999999999991,-0.4742857142857117,2
2020,2023,M,3,3,35,1748.8323399585747,1695.559915683767,53.27242427480769,-1.5220692649945053,True,68.29999999999995,-1.9514285714285702,3
2021,2023,M,2,2,14,1754.4622644687768,1733.7375662184643,20.724698250312485,-1.4803355893080348,True,33.75999999999999,-2.4114285714285706,2
2022,2023,M,3,3,35,1773.3274501082262,1763.8883009366054,9.439149171620784,-0.2696899763320224,True,24.5,-0.7,3
2023,2023,M,3,3,35,1782.4143458089031,1765.4819658987706,16.932379910132568,-0.4837822831466448,True,32.09999999999991,-0.9171428571428546,3
2029,2023,M,3,3,35,1806.9094559585544,1965.8853348910598,-158.97587893250534,4.542167969500152,False,-144.29999999999995,4.122857142857142,3
2031,2023,M,2,2,35,1823.6016882782767,1844.2687774658186,-20.667089187541933,0.5904882625011981,False,-5.2999999999999545,0.15142857142857014,2
2032,2023,M,3,3,35,1827.4537418905202,1745.9595701122457,81.49417177827445,-2.3284049079506985,True,97.29999999999995,-2.779999999999999,3
2033,2023,M,2,2,14,1836.1455551694287,1836.0381714031844,0.10738376624431112,-0.007670269017450794,True,13.6400000000001,-0.9742857142857214,2
2034,2023,M,3,3,35,1853.3316405163616,1869.867020920599,-16.535380404237458,0.4724394401210702,False,-0.8999999999998636,0.025714285714281818,3
2035,2023,M,2,2,14,1878.0242918768972,1837.7295838600414,40.29470801685579,-2.878193429775414,True,54.340000000000146,-3.881428571428582,2
2037,2023,M,2,2,35,1887.703811210227,1888.4929801659064,-0.7891689556793153,0.02254768444798044,False,15.200000000000045,-0.4342857142857156,2
2038,2023,M,2,2,35,1892.6423414823341,1999.0534869161256,-106.41114543379149,3.0403184409654713,False,-90.79999999999995,2.594285714285713,2
2040,2023,M,2,2,14,1908.9394913802878,1952.7854288664707,-43.84593748618295,3.1318526775844964,False,-30.0,2.142857142857143,2
2041,2023,M,2,2,35,1928.4960712578318,1933.8128275274828,-5.316756269651023,0.15190732199002924,False,11.0,-0.3142857142857143,2
2042,2023,M,2,2,14,1934.9161606115713,1935.1350424049172,-0.2188817933458722,0.015634413810419443,False,14.039999999999964,-1.0028571428571402,2
2043,2023,M,2,2,14,1946.6698626591863,1927.016262612004,19.65360004718218,-1.4038285747987271,True,34.100000000000136,-2.4357142857142953,2
2044,2023,M,3,3,35,1977.5850621625766,1901.4415079834996,76.143554179077,-2.1755301194022,True,93.20000000000005,-2.662857142857144,3
2045,2023,M,2,2,14,2006.7223907680088,1848.7834617398532,157.9389290281556,-11.281352073439686,True,173.52999999999997,-12.394999999999998,2
2051,2023,M,3,3,35,2238.2406899243906,2080.4300040466924,157.81068587769823,-4.508876739362806,True,177.4000000000001,-5.068571428571431,3
2053,2023,M,2,2,35,2353.2096746590446,2318.8821240106786,34.327550648366014,-0.9807871613818862,True,54.40000000000009,-1.554285714285717,2
2054,2023,M,3,3,35,2534.058653223607,3472.09793225756,-938.0392790339529,26.80112225811294,False,-920.3000000000002,26.29428571428572,3
2057,2023,M,2,2,29,1525.818194791195,1560.2976020199856,-34.47940722879048,1.1889450768548442,False,1.400000000000091,-0.04827586206896865,2
2059,2023,M,2,2,29,1722.2992800187874,1722.7518241007128,-0.4525440819254527,0.01560496834225699,False,40.200000000000045,-1.3862068965517258,2
2061,2023,F,3,3,29,1509.8658685535984,1400.0507331435917,109.81513541000663,-3.786728807241608,True,145.83999999999992,-5.028965517241376,3
2062,2023,F,3,3,29,1717.660733501625,1698.9959676895542,18.664765812070755,-0.6436126142093364,True,59.069999999999936,-2.0368965517241358,3
2064,2023,F,2,2,8,1903.101613913615,1836.7049201288235,66.39669378479152,-8.29958672309894,True,111.79999999999995,-13.974999999999994,2
2065,2023,M,2,2,29,1751.7282317186425,1740.8096788194673,10.91855289917521,-0.37650182410949,True,46.409999999999854,-1.6003448275862018,2
2067,2023,M,2,2,8,1932.0101809810144,1881.8045168579833,50.205664123031056,-6.275708015378882,True,90.20000000000005,-11.275000000000006,2
2069,2023,M,2,2,28,1556.164127482631,1654.5146716992663,-98.35054421663517,3.512519436308399,False,-98.63000000000011,3.522500000000004,2
2071,2023,M,2,2,28,1551.1850150885198,1610.9696384552803,-59.78462336676057,2.135165120241449,False,-59.40000000000009,2.1214285714285745,2
2073,2023,F,2,2,21,1492.8002700489528,1514.464394761347,-21.66412471239414,1.0316249863044828,False,-16.99000000000001,0.8090476190476195,2
2074,2023,F,2,2,21,1556.6581066195893,1664.3861217753517,-107.72801515576248,5.129905483607737,False,-102.87000000000012,4.898571428571434,2
2075,2023,F,3,3,21,1565.2993965067037,1567.164456321255,-1.8650598145513868,0.0888123721214946,False,3.0399999999999636,-0.14476190476190304,3
2079,2023,F,2,2,21,1589.7980015153853,1604.3574422827153,-14.559440767329988,0.6933067032061899,False,-9.580000000000155,0.45619047619048353,2
2082,2023,F,2,2,21,1627.6322995678493,1568.2742470313951,59.358052536454124,-2.8265739303073394,True,64.47000000000003,-3.070000000000001,2
2083,2023,F,2,2,21,1629.9844845890248,1660.9967609578962,-31.012276368871426,1.4767750651843536,False,-25.909999999999854,1.2338095238095168,2
7706,2025,F,2,2,28,1791.5099843240785,1709.2433044525776,82.26667987150086,-2.938095709696459,True,107.5371520122003,-3.840612571864296,2
16154,2024,F,3,3,35,1583.9097599240176,1468.9249873943836,114.98477252963403,-3.285279215132401,True,146.16844154565297,-4.176241187018657,3
577,2024,F,4,4,28,1526.7928703199022,1433.981397385883,92.81147293401932,-3.3146954619292615,True,127.19999999999982,-4.5428571428571365,4
18921,2024,F,3,3,14,1483.5486731763688,1432.1243166432275,51.424356533141236,-3.6731683237958026,True,55.200000000000045,-3.942857142857146,3
4231,2024,F,2,2,21,1570.6480077648846,1438.95324730842,131.69476045646456,-6.271179069355456,True,133.09054367532372,-6.337644936920177,2
2386,2024,F,3,3,35,1634.0217906236935,1435.673821973189,198.34796865050453,-5.667084818585844,True,230.87508841632393,-6.596431097609255,3
16155,2024,F,2,2,21,1596.4105918772989,1444.6115041452938,151.7990877320051,-7.228527987238338,True,153.66727970211105,-7.317489509624336,2
574,2024,F,3,3,28,1496.9894371534128,1429.5014499488957,67.48798720451714,-2.4102852573041837,True,101.09999999999991,-3.6107142857142827,3
16153,2024,F,3,3,35,1560.538639315709,1448.4167835717308,112.12185574397813,-3.2034815926850895,True,142.84017890531823,-4.081147968723378,3
7945,2024,F,3,3,50,1410.5900476939978,1531.6390709389475,-121.0490232449497,2.420980464898994,False,-82.00571685918953,1.6401143371837907,3
620,2024,F,4,4,28,1547.538397327949,1486.1478964299124,61.390500898036635,-2.192517889215594,True,96.10000000000014,-3.432142857142862,4
18927,2024,F,2,2,14,1566.0437970064884,1481.5852858896933,84.45851111679508,-6.032750794056791,True,89.20000000000005,-6.3714285714285745,2
3002,2024,F,3,3,28,1623.8001233716134,1536.6219708866358,87.17815248497755,-3.1135054458920552,True,123.70000000000005,-4.4178571428571445,3
3000,2024,F,4,4,28,1589.808626067349,1495.7051176288187,94.1035084385303,-3.360839587090368,True,129.89999999999986,-4.63928571428571,4
7944,2024,F,3,3,29,1404.639175625804,1429.100075920071,-24.46090029426705,0.8434793204919672,False,0.8843643352695381,-0.03049532190584614,3
578,2024,F,4,4,28,1586.6919271741215,1495.1077913038869,91.5841358702346,-3.2708619953655216,True,127.29999999999995,-4.54642857142857,4
606,2024,F,3,3,28,1608.8984067883687,1490.826952641877,118.07145414649176,-4.216837648088991,True,154.4000000000001,-5.514285714285718,3
18929,2024,F,4,4,28,1619.3198687125987,1496.9993246661704,122.32054404642827,-4.368590858801009,True,158.89999999999986,-5.674999999999995,4
20403,2024,F,2,2,14,1512.2179177306996,1491.0260614168542,21.191856313845392,-1.513704022417528,True,52.399999999999864,-3.742857142857133,2
28511,2025,F,3,3,21,1772.1139521612877,1727.9539516578031,44.160000503484525,-2.1028571668325964,True,87.16017960999443,-4.1504847433330685,3
4025,2024,F,2,2,21,1334.360402741506,1429.5066079928579,-95.14620525135183,4.530771678635801,False,-113.39999999999986,5.399999999999993,2
2509,2023,F,2,2,15,1582.0426329516654,1691.3591991448786,-109.31656619321325,7.28777107954755,False,-83.36050481159737,5.557366987439824,2
2537,2023,F,3,3,28,2448.58979781922,2637.161057615964,-188.57125979674402,6.734687849883715,False,-206.32558771730874,7.368770989903884,3
2514,2023,F,3,3,28,1644.851480784149,1683.1510701038856,-38.29958931973647,1.367842475704874,False,-48.0131069348447,1.7147538191015965,3
2540,2023,M,3,3,34,1555.385388163342,1578.5477700883657,-23.162381925023737,0.6812465272065805,False,-13.419168555959232,0.39468142811644796,3
245,2024,F,5,5+,57,1603.0190325457354,1524.9490706761082,78.06996186962715,-1.369648453853108,True,142.43868324380924,-2.4989242674352496,5
6903,2024,M,6,5+,57,1505.4005471189992,1594.9998248886793,-89.59927776968016,1.5719171538540377,False,-58.220492624008784,1.0214121512983998,6
363,2024,M,4,4,57,1511.0567732904913,1625.113753874208,-114.05698058371672,2.000999659363451,False,-82.80406778235601,1.4527029435501055,4
364,2024,M,7,5+,57,1526.417649273603,1585.6541227897221,-59.23647351611908,1.0392363774757734,False,-27.100111224400507,0.47544054779650013,7
3360,2024,F,6,5+,50,1495.9493006261669,1427.0928834816345,68.85641714453232,-1.3771283428906462,True,130.5083545654229,-2.6101670913084583,6
7,2024,M,8,5+,57,1628.888099112172,1584.9223206318127,43.965778480359404,-0.7713294470238492,True,108.83581859800051,-1.9094003262807109,8
1,2024,M,5,5+,57,2035.6890719279056,2054.245426427635,-18.556354499729196,0.32555007894261745,False,62.079528961296546,-1.0891145431806413,5
28512,2025,F,2,2,14,1769.0836765512627,1803.1315667546685,-34.047890203405814,2.4319921573861296,False,-26.554971436690494,1.896783674049321,2
3859,2023,M,3,3,28,1784.1375391437423,1800.0907309190031,-15.953191775260848,0.5697568491164589,False,-17.986145881259972,0.6423623529021418,3
18934,2024,F,2,2,14,1690.5169590547682,1515.3397146062161,175.17724444855207,-12.512660317753719,True,182.4000000000001,-13.028571428571436,2
26831,2025,F,4,4,43,1673.064353275016,1798.16104045837,-125.0966871833541,2.9092252833338166,False,-110.89342624675214,2.578916889459352,4
594,2024,F,3,3,28,1613.1838677665567,1475.0973594186771,138.08650834787954,-4.93166101242427,True,174.5999999999999,-6.235714285714282,3
1512,2023,F,4,4,42,2181.602904822831,2100.98773811843,80.61516670440096,-1.9194087310571657,True,85.62366340967037,-2.038658652611199,4
1542,2023,M,4,4,42,1679.8617571052546,1793.2100258917367,-113.3482687864821,2.69876830444005,False,-96.29999999999995,2.292857142857142,4
1552,2023,M,3,3,42,1715.8310192654942,1807.7578022351001,-91.92678296960594,2.1887329278477603,False,-74.09999999999991,1.764285714285712,3
20405,2024,F,2,2,14,1544.0212234000248,1578.5343680193387,-34.513144619313834,2.465224615665274,False,-2.8999999999998636,0.2071428571428474,2
18950,2024,F,2,2,14,1929.5288054291643,1553.3866140265745,376.1421914025898,-26.86729938589927,True,388.79999999999995,-27.77142857142857,2
7746,2024,F,2,2,56,1368.9758761581168,1355.214750669918,13.761125488198786,-0.24573438371783546,True,45.97553844430945,-0.8209917579340973,2
5202,2024,F,3,3,14,1709.3145492545475,1557.2888601209702,152.02568913357732,-10.858977795255523,True,158.70000000000005,-11.335714285714289,3
18936,2024,F,2,2,14,1704.931691435946,1561.5813308248055,143.35036061114056,-10.239311472224326,True,149.79999999999995,-10.699999999999998,2
20408,2024,F,2,2,21,1566.0689138333605,1546.4232318553463,19.64568197801418,-0.9355086656197229,True,36.299999999999955,-1.7285714285714264,2
2385,2024,F,2,2,14,1568.1175930329184,1422.8313059871589,145.28628704575954,-10.377591931839968,True,178.20000000000005,-12.728571428571431,2
18937,2024,F,2,2,14,1722.073535348698,1568.8004860994374,153.27304924926057,-10.948074946375755,True,160.0,-11.428571428571429,2
2387,2024,F,3,3,35,1783.0534480841168,1563.5016555085592,219.55179257555756,-6.272908359301645,True,255.0594980902713,-7.287414231150608,3
18931,2024,F,4,4,28,1633.9293947746035,1570.2713538577846,63.65804091681889,-2.2735014613149604,True,100.29999999999995,-3.5821428571428555,4
7946,2024,F,2,2,29,1474.5327514855694,1573.5807375650722,-99.04798607950283,3.4154477958449254,False,-74.27953047808592,2.561363119933997,2
7947,2024,F,3,3,50,1586.082431822691,1828.3078999946893,-242.22546817199827,4.844509363439966,False,-199.87399365265674,3.997479873053135,3
7948,2024,F,2,2,29,1764.1418588043307,1805.764380181617,-41.622521377286375,1.4352593578374613,False,-10.06348194177258,0.3470166186818131,2
16161,2024,F,3,3,35,1798.9240695204567,1550.8582482975062,248.0658212229505,-7.0875948920843,True,284.0084578367314,-8.114527366763754,3
506,2024,M,3,3,50,1564.8414527494192,1653.150860171079,-88.3094074216599,1.766188148433198,False,-40.27259383974615,0.805451876794923,3
512,2024,M,3,3,50,1593.2214488698116,1706.1098387318361,-112.8883898620245,2.25776779724049,False,-64.21259325943606,1.2842518651887211,3
7950,2024,M,2,2,50,1606.1501137691016,1774.6449874575214,-168.49487368841983,3.3698974737683964,False,-119.97679382973206,2.399535876594641,2
7953,2024,M,3,3,50,1740.3244287605128,1893.0238807109781,-152.69945195046535,3.053989039009307,False,-99.82639367152274,1.9965278734304548,3
7955,2024,M,3,3,50,1817.2657515757987,1882.6397672676924,-65.37401569189365,1.307480313837873,False,-9.212638931780475,0.18425277863560952,3
7949,2024,M,4,4,50,1535.0424568230071,1672.8806757133218,-137.8382188903147,2.756764377806294,False,-91.23370365923256,1.8246740731846511,4
7749,2024,F,4,4,56,1578.955894866174,1601.617432609903,-22.661537743729014,0.4046703168523038,False,13.931512207404012,-0.24877700370364306,4
16159,2024,F,3,3,35,1759.1388130430566,1594.0648524675614,165.07396057549522,-4.716398873585578,True,199.8747642257431,-5.710707549306946,3
18942,2024,F,3,3,35,1765.5125261730589,1663.7109084587794,101.80161771427947,-2.9086176489794133,True,124.70000000000005,-3.562857142857144,3
621,2024,F,4,4,28,1830.3788218883597,1559.8181431714809,270.5606787168788,-9.66288138274567,True,312.5,-11.160714285714286,4
18945,2024,F,2,2,14,1778.9532901501032,1605.0913747773177,173.86191537278546,-12.418708240913247,True,181.20000000000005,-12.942857142857147,2
16157,2024,F,2,2,21,1682.1771693654641,1617.4810061270243,64.6961632384398,-3.0807696780209426,True,64.2784388798973,-3.0608780418998713,2
18933,2024,F,3,3,28,1684.575751789553,1564.4971993834454,120.07855240610752,-4.288519728789554,True,158.0999999999999,-5.646428571428568,3
626,2024,F,3,3,28,1778.5637027884495,1589.6844594180627,188.8792433703868,-6.7456872632281,True,229.29999999999995,-8.189285714285713,3
27069,2025,F,2,2,28,1897.273118852886,1868.8250232257576,28.448095627128396,-1.0160034152545856,True,54.777222716131746,-1.956329382718991,2
7995,2024,M,2,2,15,1777.472794794609,1742.1437266772539,35.329068117355064,-2.355271207823671,True,57.71307240701799,-3.847538160467866,2
2524,2024,F,2,2,14,1789.1867231935744,2030.6267257782372,-241.4400025846628,17.24571447033306,False,-243.23290325876792,17.37377880419771,2
7957,2024,M,2,2,13,1622.247835464166,1532.468601225452,89.77923423871403,-6.90609494143954,True,66.50648833393507,-5.115883717995005,2
7958,2024,M,2,2,14,1776.3852808928377,1812.7942266960874,-36.40894580324971,2.6006389859464076,False,-56.799999999999955,4.057142857142854,2
2590,2024,M,2,2,14,1871.696853161073,1900.7452061134668,-29.04835295239377,2.0748823537424124,False,-50.200000000000045,3.585714285714289,2
3393,2024,M,5,5+,43,1566.093538241997,1566.344364190434,-0.2508259484368409,0.00583316159155444,False,32.91746269159103,-0.7655223881765355,5
3407,2024,M,4,4,43,1686.9250529526985,1694.6354264003169,-7.7103734476183945,0.1793110104097301,False,27.975890750050212,-0.650602110466284,4
7965,2024,M,4,4,43,1840.1694009890812,1807.0144188787417,33.15498211033946,-0.7710460955892898,True,72.31276575119864,-1.6816922267720613,4
7966,2024,M,3,3,14,1958.0487264210642,1976.2628307830068,-18.214104361942645,1.3010074544244747,False,-131.9598363162636,9.425702594018828,3
4900,2024,M,2,2,8,1981.7397391390787,1861.700387701994,120.03935143708463,-15.00491892963558,True,131.70229691336976,-16.46278711417122,2
7967,2024,M,2,2,8,2065.430017778932,1993.4168948560607,72.01312292287116,-9.001640365358895,True,82.9918366331749,-10.373979579146862,2
7970,2024,F,4,4,36,1453.810816046892,1508.5069262807378,-54.69611023384596,1.51933639538461,False,-32.65686713031391,0.9071351980642753,4
7971,2024,F,6,5+,43,1454.070900112377,1480.795333452372,-26.724433339994903,0.6214984497673233,False,8.649771225661652,-0.20115747036422446,6
3379,2024,F,6,5+,43,1651.6638578632026,1572.2883963654804,79.3754614977222,-1.845940965063307,True,120.16463968802827,-2.7945265043727505,6
3460,2024,F,5,5+,43,1766.3018207272537,1699.5830925924135,66.71872813484015,-1.5515983287172128,True,110.23833117298523,-2.563682120301982,5
3463,2024,F,3,3,36,1852.2596043700833,1833.229017759666,19.03058661041723,-0.5286274058449231,True,48.376485126300395,-1.3437912535083443,3
7974,2024,F,2,2,8,2384.036942263324,2241.0310028521612,143.00593941116267,-17.875742426395334,True,165.12295867046487,-20.64036983380811,2
3325,2024,M,3,3,28,1625.4434152361657,1579.6048089726785,45.838606263487236,-1.6370930808388298,True,58.071275252511214,-2.0739741161611147,3
7975,2024,M,5,5+,50,1515.7027549329157,1568.7181973010102,-53.015442368094455,1.0603088473618891,False,-24.598843370391478,0.49197686740782953,5
7976,2024,M,5,5+,50,1538.6121190546162,1618.9211560866254,-80.3090370320092,1.606180740640184,False,-51.61967992064683,1.0323935984129367,5
454,2024,M,5,5+,50,1541.015199207242,1584.6240852330864,-43.60888602584441,0.8721777205168882,False,-14.656830607736538,0.29313661215473075,5
7977,2024,M,2,2,14,1545.0203327949519,1619.721728564515,-74.70139576956308,5.33581398354022,False,-96.35208175288608,6.882291553777577,2
2059,2024,M,5,5+,50,1598.2085068397387,1689.6029455847886,-91.39443874504991,1.8278887749009982,False,-61.641016960471916,1.2328203392094383,5
7978,2024,M,3,3,28,1605.738157984633,1662.819467089351,-57.081309104718,2.038618182311357,False,-46.82408911335324,1.6722888969054728,3
458,2024,M,4,4,28,1687.2826778304056,1747.016588702088,-59.73391087168238,2.133353959702942,False,-48.9514024285977,1.748264372449918,4
7980,2024,M,2,2,28,1718.5227198145424,1783.1712453572657,-64.64852554272329,2.3088759122401177,False,-53.73436136076407,1.9190843343130024,2
7981,2024,M,5,5+,50,1757.2924129435744,1817.3471080392753,-60.054695095700936,1.2010939019140188,False,-27.100392445811394,0.5420078489162279,5
7982,2024,M,5,5+,50,1785.328348057543,1854.1294738822014,-68.80112582465836,1.3760225164931672,False,-35.367150461858046,0.7073430092371609,5
7983,2024,M,5,5+,50,1827.4623534002505,1854.9247682788052,-27.462414878554682,0.5492482975710936,False,7.01480749116854,-0.1402961498233708,5
7984,2024,M,2,2,14,1835.1522098886533,2002.9086644685142,-167.75645457986093,11.982603898561495,False,-196.40407470751848,14.028862479108463,2
7985,2024,M,3,3,28,2080.7470014870214,2203.6656216729184,-122.918620185897,4.389950720924893,False,-110.50087492808825,3.9464598188602946,3
282,2024,F,5,5+,50,1369.5128361131974,1340.9086387659509,28.604197347246554,-0.572083946944931,True,45.07002226245913,-0.9014004452491826,5
7987,2024,F,2,2,14,1387.5894478486075,1464.7487454279403,-77.15929757933282,5.511378398523773,False,-115.943747548587,8.2816962534705,2
7988,2024,F,5,5+,50,1395.2510581205695,1439.1961775374295,-43.94511941686005,0.878902388337201,False,-27.5509082632027,0.551018165264054,5
7989,2024,F,5,5+,50,1400.5184151825438,1434.91848101195,-34.40006582940623,0.6880013165881246,False,-17.89333125450071,0.35786662509001416,5
7990,2024,F,4,4,28,1404.2295076580247,1411.9098006167135,-7.680292958688824,0.27429617709602944,False,0.7813252743571866,-0.027904474084185234,4
291,2024,F,3,3,28,1409.2574393990003,1445.1428439096883,-35.88540451068798,1.2816215896674277,False,-27.70462394460901,0.9894508551646075,3
286,2024,F,4,4,50,1465.5223898337208,1512.414425043308,-46.89203520958722,0.9378407041917444,False,-29.67596044256743,0.5935192088513486,4
445,2024,F,3,3,28,1483.0004382666339,1488.2666738970008,-5.266235630366964,0.1880798439416773,False,3.7014541772152825,-0.13219479204340295,3
446,2024,F,3,3,28,1484.3172775321273,1479.7605973398702,4.55668019225709,-0.16273857829489607,True,13.640848429391099,-0.48717315819253926,3
7997,2024,M,2,2,15,1989.1964312873731,1985.1350378031045,4.061393484268592,-0.27075956561790615,True,27.73803177534046,-1.8492021183560305,2
294,2024,F,5,5+,50,1516.8791211879652,1554.4950210962793,-37.61589990831408,0.7523179981662815,False,-19.73958460772542,0.3947916921545084,5
7991,2024,F,5,5+,50,1533.6388936578824,1649.5991578022847,-115.96026414440234,2.319205282888047,False,-98.29274867094728,1.9658549734189454,5
7992,2024,F,3,3,28,1533.7586063183817,1548.4026569985745,-14.644050680192777,0.5230018100068848,False,-5.470985557112954,0.19539234132546263,3
7993,2024,F,4,4,50,1543.6947571398325,1556.5841287017458,-12.889371561913322,0.2577874312382664,False,5.435352891119919,-0.10870705782239838,4
7994,2024,F,3,3,28,1555.3068852082747,1561.3595875681567,-6.052702359882005,0.21616794142435733,False,3.346374933030802,-0.11951339046538578,3
448,2024,F,5,5+,50,1583.1999351046359,1534.996683445257,48.20325165937879,-0.9640650331875759,True,67.31718045638308,-1.3463436091276617,5
466,2024,M,4,4,43,1506.3802017040257,1594.300593812754,-87.92039210872827,2.0446602815983317,False,-46.186261566560006,1.07409910619907,4
669,2024,M,5,5+,43,1517.4015358163103,1551.0929968529229,-33.69146103661251,0.783522349688663,False,8.59235998456029,-0.19982232522233231,5
7721,2024,M,4,4,56,1558.5898171760032,1646.9203921051078,-88.33057492910461,1.5773316951625824,False,-28.23251118711869,0.5041519854842623,4
5571,2024,M,5,5+,56,1607.1001428109994,1643.805158072122,-36.705015261122526,0.6554467010914736,False,25.81309174094531,-0.4609480668025948,5
7724,2024,M,4,4,56,1652.480770017931,1719.6091862081073,-67.12841619017627,1.198721717681719,False,-3.1419383221377757,0.05610604146674599,4
2561,2024,M,3,3,21,1735.4177783616344,1795.8390594444045,-60.421281082770065,2.877203861084289,False,-35.368515611429075,1.6842150291156703,3
7739,2024,M,2,2,14,2125.065232655635,2142.1150979865447,-17.049865330909597,1.2178475236363997,False,21.199577954770575,-1.5142555681978982,2
7712,2025,F,3,3,43,1919.843142316011,1916.4333844970051,3.4097578190057902,-0.07929669346525094,True,20.793025642623206,-0.4835587358749583,3
18940,2024,F,2,2,14,1744.182618122532,1631.6266482192084,112.55596990332356,-8.039712135951683,True,118.29999999999995,-8.449999999999998,2
7711,2025,F,3,3,43,1920.681711016636,1953.8946107663453,-33.21289974970932,0.7723930174351005,False,-16.09243945158164,0.3742427779437591,3
28282,2025,F,3,3,21,2001.6226771133784,2085.3599885760027,-83.73731146262435,3.987491022029731,False,-67.30000000000018,3.2047619047619134,3
3109,2024,F,2,2,21,1800.9894243649114,1647.2356325967912,153.7537917681202,-7.321609131815248,True,155.42304848866797,-7.401097547079427,2
18948,2024,F,4,4,28,1868.5583833303986,1730.0561457769973,138.5022375534013,-4.946508484050047,True,180.70000000000005,-6.45357142857143,4
18923,2024,F,3,3,28,1516.3714083956725,1473.106271668905,43.26513672676742,-1.545183454527408,True,77.20000000000005,-2.757142857142859,3
28515,2025,F,2,2,7,2233.7891903435707,2115.2712321443264,118.51795819924428,-16.931136885606325,True,115.77151759892104,-16.538788228417292,2
18939,2024,F,3,3,14,1740.5789350272375,1666.9419753734899,73.63695965374768,-5.259782832410549,True,78.39999999999986,-5.59999999999999,3
5203,2024,F,2,2,14,1672.0148952962043,1593.3679717551413,78.64692354106296,-5.6176373957902115,True,113.40000000000009,-8.100000000000007,2
655,2024,F,4,4,28,1795.510753020375,1665.7440114593578,129.76674156101717,-4.634526484322042,True,170.29999999999995,-6.0821428571428555,4
18935,2024,F,3,3,28,1697.2373410432901,1677.1927660205477,20.044575022742492,-0.7158776793836604,True,57.899999999999864,-2.067857142857138,3
648,2024,F,3,3,35,1812.9467418854413,1785.507939608151,27.43880227729028,-0.7839657793511509,True,62.66541542093205,-1.7904404405980585,3
663,2024,F,3,3,28,1942.7747757253824,2034.194799554689,-91.42002382930673,3.265000851046669,False,-48.59999999999991,1.7357142857142824,3
4669,2024,F,2,2,14,1742.4504373000468,1752.4558829619339,-10.005445661887052,0.7146746901347895,False,25.799999999999955,-1.8428571428571396,2
643,2024,F,4,4,35,2080.2471399125616,1818.9582138043227,261.2889261082389,-7.465397888806826,True,302.737963479457,-8.649656099413058,4
631,2024,F,2,2,21,2026.8740226163773,1753.6693948214345,273.2046277949428,-13.00974418071156,True,277.5924892636226,-13.21868996493441,2
638,2024,F,3,3,21,1987.9325198256113,1744.5910863503339,243.34143347527743,-11.587687308346544,True,269.6999999999998,-12.842857142857135,3
647,2024,F,2,2,7,2019.0968840402754,1774.5464114264519,244.55047261382356,-34.93578180197479,True,234.80000000000018,-33.542857142857166,2
18951,2024,F,2,2,14,1953.0014439687855,1775.0341921882512,177.9672517805343,-12.71194655575245,True,185.70000000000005,-13.264285714285718,2
4115,2024,F,2,2,14,1812.6908669991697,1832.3980561152846,-19.707189116114932,1.4076563654367809,False,17.5,-1.25,2
4223,2024,F,3,3,28,2002.1868483775345,1809.0027750554618,193.18407332207266,-6.899431190074024,True,238.5999999999999,-8.521428571428569,3
4230,2024,F,2,2,21,2090.900022794488,1828.0071829196727,262.8928398748153,-12.51870666070549,True,266.94479947365585,-12.711657117793136,2
19370,2024,F,2,2,7,2079.2627859310455,1828.9827444432717,250.28004148777381,-35.75429164111055,True,240.20000000000005,-34.314285714285724,2
5679,2024,F,2,2,14,1841.3723757929783,1796.7575853943636,44.61479039861479,-3.186770742758199,True,82.70000000000005,-5.90714285714286,2
5766,2024,F,3,3,21,2091.443537227239,1849.957317200649,241.48622002659022,-11.49934381079001,True,245.0012706978498,-11.666727176088086,3
632,2024,F,4,4,28,2162.209857176693,1859.277740737208,302.93211643948484,-10.81900415855303,True,352.4000000000001,-12.585714285714289,4
18925,2024,F,3,3,28,1536.6299512016521,2033.4979188422687,-496.8679676406166,17.74528455859345,False,-464.89999999999986,16.603571428571424,3
4249,2024,F,2,2,21,2091.6609430003396,1884.1995266789713,207.46141632136823,-9.879115062922297,True,210.12385918752716,-10.005898056548912,2
16172,2024,F,3,3,21,2087.74763908453,1911.1250247303017,176.6226143542283,-8.41060068353468,True,178.5172663733315,-8.500822208253881,3
4283,2024,F,2,2,14,1848.2024436840052,1711.9153616114004,136.2870820726048,-9.734791576614628,True,142.79999999999995,-10.199999999999998,2
1502,2024,F,2,2,14,1756.8156596504855,1687.7859257561497,69.02973389433578,-4.930695278166842,True,44.68706277712636,-3.1919330555090255,2
357,2024,F,5,5+,49,1540.4371896559828,1512.9124671115085,27.524722544474344,-0.5617290315198845,True,28.803670971745078,-0.5878300198315322,5
4655,2024,F,5,5+,49,1550.1526309362239,1501.0851383783893,49.06749255783461,-1.0013773991394819,True,50.6664831923099,-1.034009861067549,5
358,2024,F,4,4,49,1567.9043014235779,1548.3944533108663,19.509848112711552,-0.3981601655655419,True,20.687424039761254,-0.4221923273420664,4
7998,2024,F,4,4,49,1571.8624441673794,1581.9052180547042,-10.042773887324756,0.20495456912907667,False,-9.294393203712616,0.18968149395331868,4
7162,2024,F,5,5+,49,1590.5736644108063,1701.1641161136572,-110.59045170285094,2.2569479939357335,False,-111.29934744558818,2.2714152539915955,5
360,2024,F,5,5+,49,1591.413270447371,1590.775714604544,0.6375558428269414,-0.01301134373116207,True,1.5529943512508453,-0.03169376227042541,5
7999,2024,F,4,4,49,1618.0407761784015,1586.8332716935042,31.2075044848973,-0.6368878466305571,True,32.584405622427994,-0.6649878698454693,4
8000,2024,F,4,4,49,1633.0337411170449,1611.4735398875025,21.560201229542372,-0.4400041067253545,True,22.804794851694396,-0.4654039765651918,4
4656,2024,F,4,4,49,1645.0281130679596,1529.6678494834275,115.36026358453205,-2.3542910935618786,True,117.98110623510729,-2.407777678267496,4
3431,2024,F,6,5+,49,1724.0710242244882,1637.099418809261,86.97160541522726,-1.77493072275974,True,89.22299825179994,-1.8208775153428558,6
3433,2024,F,2,2,14,2099.734753727138,2115.642021781168,-15.907268054029828,1.136233432430702,False,-47.974666850647736,3.4267619179034097,2
5691,2024,F,2,2,21,1982.6319477904167,1801.9596902395813,180.6722575508354,-8.603440835754068,True,182.79573161424537,-8.704558648297398,2
1552,2024,M,4,4,49,1674.6991503991883,1726.8780656184074,-52.17891521921911,1.06487582080039,False,-46.23019457611554,0.9434733586962354,4
367,2024,M,4,4,49,1702.5105372676041,1776.7218101461788,-74.21127287857462,1.514515773032135,False,-68.37766862281046,1.3954626249553155,4
368,2024,M,6,5+,49,1774.8990406768855,1735.1853563730358,39.71368430384973,-0.8104833531397905,True,46.97855974943536,-0.9587461173354156,6
370,2024,M,6,5+,49,1791.0730387138365,1761.14563998125,29.927398732586425,-0.6107632394405393,True,37.155917016781586,-0.7582840207506446,6
8001,2024,M,5,5+,49,1797.187598947318,1797.49003703275,-0.3024380854319588,0.006172205825142017,False,6.644217191066673,-0.1355962692054423,5
8002,2024,M,4,4,49,1841.0743619134355,1861.871540381121,-20.7971784676854,0.4244322136262326,False,-13.887936785914007,0.2834272813451838,4
8003,2024,M,4,4,49,1875.8879064685802,1877.4477105460496,-1.55980407746938,0.03183273627488531,False,5.678477574493627,-0.11588729743864545,4
5421,2024,M,4,4,41,2113.566780060362,2016.0400091764252,97.5267708839367,-2.378701728876505,True,115.39999999999986,-2.81463414634146,4
375,2024,M,5,5+,49,2168.0060905261976,2198.316815943577,-30.310725417379217,0.6185862330077391,False,-22.233386601104485,0.4537425836960099,5
19368,2024,F,2,2,7,1753.4624609865784,2003.70581331984,-250.24335233326156,35.749050333323076,False,-270.3000000000002,38.61428571428574,2
3008,2024,F,2,2,7,2260.8419048726364,2072.385344581205,188.4565602914313,-26.922365755918754,True,175.39999999999964,-25.057142857142804,2
18960,2024,F,3,3,28,2321.551088092957,2062.1695824389876,259.38150565396927,-9.263625201927473,True,312.1999999999998,-11.149999999999993,3
2534,2024,F,3,3,21,2398.476320962635,2091.2394635856604,307.2368573769745,-14.630326541760692,True,339.0999999999999,-16.14761904761904,3
2722,2024,F,2,2,14,2425.343503819297,2409.2161772242684,16.127326595028535,-1.1519518996448954,True,66.09999999999991,-4.721428571428565,2
2584,2024,M,4,4,28,1561.2988354971044,1521.4251076961723,39.8737278009321,-1.4240617071761466,True,89.0,-3.1785714285714284,4
673,2024,M,4,4,28,1578.2904626951927,1539.9426492503856,38.347813444807116,-1.3695647658859684,True,88.0,-3.142857142857143,4
19553,2024,M,4,4,21,1850.2474671865384,1752.3166791768535,97.93078800968487,-4.663370857604042,True,120.1435483327216,-5.721121349177219,4
770,2024,M,2,2,21,1894.28802874375,1739.047783860629,155.24024488312102,-7.392392613481953,True,160.79999999999995,-7.657142857142855,2
508,2024,M,3,3,35,1661.5108186312864,1591.8845908556937,69.62622777559272,-1.9893207935883634,True,113.02754763368307,-3.2293585038195163,3
2542,2024,M,3,3,35,1632.9339910708647,1584.6157114453936,48.31827962547118,-1.3805222750134623,True,90.76988759882624,-2.593425359966464,3
683,2024,M,3,3,28,1640.2712846336756,1554.776593828761,85.49469080491463,-3.0533818144612366,True,137.29999999999995,-4.903571428571427,3
706,2024,M,3,3,28,1603.9709901650315,1579.3670925593563,24.60389760567523,-0.8787106287741153,True,75.0,-2.6785714285714284,3
18967,2024,M,2,2,14,1684.8743060286583,1575.2469702523035,109.62733577635481,-7.830523984025343,True,123.79999999999995,-8.84285714285714,2
700,2024,M,3,3,28,1587.0759063032956,1584.9422663606244,2.1336399426711523,-0.07620142652396973,True,51.90000000000009,-1.8535714285714318,3
18964,2024,M,3,3,28,1638.5335045793258,1607.3425182407213,31.19098633860449,-1.1139637978073031,True,82.70000000000005,-2.95357142857143,3
2471,2024,M,3,3,35,1631.332729285165,1564.9313746810715,66.40135460409351,-1.8971815601169575,True,108.09999999999991,-3.088571428571426,3
685,2024,M,3,3,21,1678.1550826614334,1648.2603116750313,29.894770986402136,-1.4235605231620065,True,58.100000000000136,-2.7666666666666733,3
18963,2024,M,3,3,28,1627.6241075714618,1654.7314955515037,-27.10738798004195,0.9681209992872125,False,23.800000000000182,-0.8500000000000065,3
515,2024,M,3,3,35,1695.5906163638165,1695.7257252885502,-0.13510892473368585,0.0038602549923910244,False,43.436976703068694,-1.2410564772305341,3
675,2024,M,2,2,14,1605.1295102012646,1608.8620838397771,-3.7325736385125765,0.2666124027508983,False,6.599999999999909,-0.4714285714285649,2
18971,2024,M,4,4,28,1757.9576116477103,1645.6718381244427,112.28577352326761,-4.010206197259557,True,167.9000000000001,-5.9964285714285745,4
717,2024,M,4,4,28,1668.4619388486863,1693.7577121603836,-25.295773311697303,0.9034204754177608,False,26.90000000000009,-0.960714285714289,4
689,2024,M,4,4,28,1673.5787356753835,1601.966457789498,71.61227788588553,-2.5575813530673406,True,124.40000000000009,-4.442857142857146,4
674,2024,M,4,4,35,1780.48315024838,1632.2316869963845,148.25146325199557,-4.235756092914159,True,194.0999999999999,-5.545714285714283,4
730,2024,M,2,2,21,1679.5929891931846,1640.3398202627295,39.253168930455104,-1.869198520497862,True,41.299999999999955,-1.9666666666666646,2
705,2024,M,4,4,35,1758.0523252207092,1738.558215920577,19.494109300132322,-0.5569745514323521,True,64.20000000000005,-1.8342857142857156,4
695,2024,M,3,3,28,1715.4785436524885,1631.8334602962937,83.64508335619485,-2.9873244055783874,True,137.80000000000018,-4.921428571428578,3
691,2024,M,3,3,28,1760.9504550746462,1675.3397272811928,85.6107277934534,-3.057525992623336,True,141.20000000000005,-5.0428571428571445,3
3596,2024,M,2,2,7,1787.2444659890189,1652.775469219945,134.46899676907378,-19.209856681296255,True,123.89999999999986,-17.69999999999998,2
704,2024,M,4,4,28,1804.394956433396,1665.3840597789274,139.01089665446852,-4.964674880516733,True,196.20000000000005,-7.007142857142859,4
696,2024,M,3,3,28,1752.0684681301907,1608.2385283159251,143.82993981426557,-5.136783564795199,True,199.39999999999986,-7.121428571428567,3
2176,2024,M,4,4,35,1704.6455989643496,1719.7420043412958,-15.096405376946223,0.43132586791274924,False,28.09999999999991,-0.8028571428571403,4
523,2024,M,4,4,50,1622.7051115059974,1713.378718142136,-90.67360663613863,1.8134721327227725,False,-40.85141179029779,0.8170282358059557,4
18973,2024,M,2,2,14,1761.2400850837048,1664.531043624813,96.70904145889176,-6.907788675635126,True,111.0,-7.928571428571429,2
710,2024,M,2,2,14,1678.618302209159,1657.319969102093,21.298333107066128,-1.5213095076475807,True,63.09999999999991,-4.507142857142851,2
19384,2024,M,3,3,21,1865.4872104044057,1682.4082512078012,183.0789591966045,-8.718045676028785,True,215.0999999999999,-10.242857142857138,3
18975,2024,M,3,3,35,1790.3961726622433,1771.5297534245356,18.86641923770776,-0.5390405496487931,True,65.06685992372013,-1.859053140677718,3
18977,2024,M,4,4,28,1812.9873133687931,1709.7863368390306,103.20097652976256,-3.685749161777234,True,160.5,-5.732142857142857,4
690,2024,M,2,2,21,1877.003670064419,1689.208034524288,187.79563554013112,-8.942649311434815,True,194.29999999999995,-9.25238095238095,2
18979,2024,M,3,3,28,1822.9312770131291,1624.7649363696855,198.16634064344362,-7.077369308694415,True,256.20000000000005,-9.150000000000002,3
681,2024,M,2,2,14,1703.6839071385466,1648.658538375122,55.025368763424694,-3.930383483101764,True,97.59999999999991,-6.971428571428565,2
721,2024,M,2,2,14,1771.3771354007463,1706.404205347938,64.97293005280835,-4.640923575200596,True,78.39999999999986,-5.59999999999999,2
3015,2024,M,2,2,14,1710.6789596769806,1750.405460248273,-39.72650057129226,2.837607183663733,False,2.599999999999909,-0.18571428571427923,2
19386,2024,M,3,3,21,1894.473258398091,1755.980634049541,138.49262434854995,-6.5948868737404736,True,170.79999999999995,-8.133333333333331,3
20429,2024,M,2,2,21,1716.313863110719,1739.3390017503502,-23.025138639631223,1.0964351733157724,False,9.682936912210835,-0.46109223391480164,2
5230,2024,M,4,4,28,1834.9026507208732,1695.4501756357686,139.45247508510465,-4.980445538753737,True,197.5999999999999,-7.057142857142854,4
18993,2024,M,2,2,14,1884.1397522607892,1717.6740122154145,166.4657400453748,-11.890410003241056,True,183.5999999999999,-13.114285714285709,2
5314,2024,M,2,2,7,1820.1475474953643,1719.422775350023,100.72477214534138,-14.389253163620197,True,88.90000000000009,-12.700000000000014,2
2173,2024,M,4,4,35,1797.3790963731192,1656.5235157019115,140.8555806712077,-4.024445162034506,True,187.0999999999999,-5.345714285714283,4
2575,2024,M,2,2,21,1725.057678783761,1762.1840513255786,-37.126372541817545,1.7679225019913116,False,-4.392988692524568,0.20918993773926514,2
2445,2024,M,3,3,35,1716.2459206262583,1680.5166743823706,35.7292462438877,-1.02083560696822,True,71.03999999999996,-2.0297142857142845,3
19381,2024,M,3,3,21,1787.048614313386,1673.945933830876,113.1026804825101,-5.385841927738576,True,143.5,-6.833333333333333,3
535,2024,M,3,3,29,1653.4501073030892,1737.493327740977,-84.04322043788784,2.898042084065098,False,-66.53995036732863,2.294481047149263,3
4704,2024,M,2,2,14,1739.1449373681069,2054.8497724675435,-315.70483509943665,22.550345364245477,False,-273.9000000000001,19.56428571428572,2
19385,2024,M,2,2,7,1877.5320884558357,1745.6542223691497,131.87786608668603,-18.83969515524086,True,120.5,-17.214285714285715,2
20431,2024,M,2,2,14,1745.9456828915843,1756.3788607496317,-10.43317785804743,0.7452269898605307,False,32.899999999999864,-2.3499999999999903,2
2177,2024,M,4,4,35,1802.2342533055157,1708.5916567387585,93.64259656675722,-2.675502759050206,True,139.79999999999995,-3.994285714285713,4
772,2024,M,2,2,14,1848.7083478193204,1757.9927178188873,90.71563000043307,-6.479687857173791,True,105.40000000000009,-7.528571428571435,2
16118,2024,M,4,4,35,1791.9413206088357,1767.3300950021235,24.611225606712196,-0.7031778744774914,True,70.20000000000005,-2.005714285714287,4
19007,2024,M,3,3,14,2041.0226738340511,1763.7247747601036,277.2978990739475,-19.80699279099625,True,298.6999999999998,-21.33571428571427,3
2453,2024,M,3,3,35,2209.9703324881593,1742.9387096215737,467.0316228665856,-13.343760653331017,True,525.2,-15.005714285714287,3
16119,2024,M,4,4,35,1834.9580110298668,1777.1862058293661,57.771805200500694,-1.6506230057285913,True,104.60000000000014,-2.9885714285714324,4
731,2024,M,3,3,28,1907.1170663127505,1753.790387199043,153.32667911370754,-5.475952825489555,True,213.80000000000018,-7.635714285714292,3
2559,2024,M,4,4,50,1760.3480926899008,1850.4490155935068,-90.10092290360603,1.8020184580721206,False,-35.96913540733044,0.7193827081466089,4
714,2024,M,3,3,35,1875.5471229847,1745.5271831721627,130.01993981253736,-3.714855423215353,True,178.20000000000005,-5.0914285714285725,3
509,2024,M,3,3,35,1845.812047728737,1807.8741504760353,37.93789725270176,-1.0839399215057646,True,85.75516009800549,-2.4501474313715854,3
2460,2024,M,2,2,14,1782.5725552108836,1783.6573897058383,-1.0848344949547482,0.07748817821105344,False,43.200000000000045,-3.085714285714289,2
19391,2024,M,2,2,7,2036.1719457185727,1799.574419019577,236.5975266989958,-33.79964667128512,True,227.00000000000023,-32.42857142857146,2
19002,2024,M,4,4,28,2005.012009374466,1831.8428204168022,173.1691889576639,-6.184613891345139,True,236.80000000000018,-8.457142857142864,4
742,2024,M,4,4,28,1921.1158500839028,1693.658155485361,227.45769459854182,-8.123489092805064,True,288.70000000000005,-10.310714285714287,4
737,2024,M,3,3,14,1832.7786973211123,1808.6096952150538,24.169002106058542,-1.7263572932898958,True,36.80000000000018,-2.6285714285714414,3
2539,2024,M,3,3,21,1935.7000361188395,1743.735163021755,191.9648730970846,-9.141184433194505,True,225.20000000000005,-10.723809523809527,3
18991,2024,M,2,2,14,1875.0646786436284,1810.1641513347058,64.90052730892262,-4.63575195063733,True,79.0,-5.642857142857143,2
3011,2024,M,3,3,21,1918.0733853118686,1832.9379438420513,85.13544146981735,-4.054068641419874,True,117.60000000000014,-5.600000000000007,3
5708,2024,M,4,4,35,1741.1563790959697,1690.2732285345908,50.8831505613789,-1.4538043017536828,True,95.29999999999995,-2.7228571428571415,4
2723,2024,M,3,3,28,1523.840020992227,1502.5093394418684,21.330681550358577,-0.7618100553699492,True,69.20000000000005,-2.471428571428573,3
18961,2024,M,3,3,28,1555.9889519977014,1537.553289049842,18.435662947859328,-0.6584165338521188,True,67.29999999999995,-2.403571428571427,3
467,2024,M,4,4,28,1689.5083861735916,1553.7810270785344,135.72735909505718,-4.847405681966328,True,189.29999999999995,-6.760714285714284,4
694,2024,M,3,3,21,1659.395536354416,1591.860220031084,67.53531632333193,-3.215967443968187,True,70.40000000000009,-3.352380952380957,3
676,2024,M,4,4,35,1663.9593838708684,1603.6589212648832,60.3004626059851,-1.722870360171003,True,102.79999999999995,-2.937142857142856,4
16120,2024,M,2,2,21,1837.288486357417,1814.4389056637488,22.84958069366826,-1.0880752711270598,True,24.5,-1.1666666666666667,2
672,2024,M,2,2,14,1787.5964159080127,1829.3033923079208,-41.70697639990817,2.9790697428505837,False,-31.300000000000182,2.2357142857142986,2
18992,2024,M,3,3,28,1879.6987587885617,1793.6130572081038,86.08570158045791,-3.074489342159211,True,145.4000000000001,-5.192857142857146,3
11408,2024,M,3,3,35,1943.8409076103446,1778.7791126297286,165.061794980616,-4.716051285160457,True,205.6099999999999,-5.874571428571426,3
2168,2024,M,2,2,14,1838.144361488441,1857.5284425726466,-19.38408108420549,1.384577220300392,False,26.200000000000045,-1.8714285714285748,2
2730,2024,M,3,3,28,1926.5222769196582,1833.7343972422327,92.78787967742551,-3.3138528456223395,True,153.5999999999999,-5.485714285714282,3
16126,2024,M,2,2,21,1895.4532664075252,1843.19634387731,52.256922530215206,-2.4884248823912003,True,54.799999999999955,-2.6095238095238074,2
18989,2024,M,2,2,14,1859.3281148181259,1852.2316200727869,7.096494745338987,-0.5068924818099276,True,19.40000000000009,-1.3857142857142921,2
740,2024,M,2,2,14,1853.3003086550475,1927.616341788594,-74.3160331335464,5.3082880809676,False,-28.600000000000136,2.0428571428571525,2
2464,2024,M,3,3,28,1911.9442331303892,1826.168089940511,85.77614318987821,-3.0634336853527935,True,146.10000000000014,-5.217857142857148,3
19387,2024,M,3,3,21,1905.930581422622,1813.2257221875664,92.70485923505566,-4.414517106431222,True,125.0,-5.9523809523809526,3
1319,2024,M,2,2,14,1864.1815014926112,1796.4006441087379,67.78085738387335,-4.841489813133811,True,114.39999999999986,-8.171428571428562,2
16130,2024,M,2,2,21,1962.8428446291862,1864.9587295524373,97.88411507674891,-4.6611483369880435,True,101.80000000000018,-4.847619047619056,2
761,2024,M,3,3,21,2161.030350609604,1867.4847207468717,293.5456298627321,-13.978363326796766,True,303.29999999999995,-14.442857142857141,3
19390,2024,M,2,2,7,2005.7170101576396,1875.742768882523,129.97424127511658,-18.567748753588084,True,117.49999999999977,-16.785714285714253,2
4722,2024,M,2,2,21,1960.485870434319,1879.3374486592181,81.14842177510081,-3.864210560719086,True,74.9699999999998,-3.5699999999999905,2
2608,2024,M,4,4,28,2114.68523947122,1935.580875790406,179.104363680814,-6.396584417171929,True,246.20000000000005,-8.792857142857144,4
4726,2024,M,2,2,7,2033.8217256109767,1884.1951240331305,149.62660157784626,-21.37522879683518,True,137.5,-19.642857142857142,2
19001,2024,M,3,3,28,1990.7235955942547,1896.952885881617,93.77070971263765,-3.3489539183084878,True,156.5999999999999,-5.59285714285714,3
19378,2024,M,2,2,7,1752.7745710776094,1888.6641853771298,-135.88961429952042,19.41280204278863,False,-154.0999999999999,22.014285714285702,2
19006,2024,M,4,4,28,2040.443413815935,2043.6994248650064,-3.2560110490715033,0.11628610889541083,False,60.69999999999982,-2.1678571428571365,4
16122,2024,M,2,2,21,1861.8555804353427,1893.9104747809552,-32.05489434561241,1.5264235402672577,False,-32.0,1.5238095238095237,2
18710,2024,M,3,3,28,2075.295558239287,1900.2382561573643,175.05730208192267,-6.252046502925809,True,240.89999999999986,-8.603571428571424,3
2750,2024,M,3,3,21,2181.227803448373,1911.8838736644311,269.3439297839418,-12.825901418282943,True,278.4000000000001,-13.257142857142862,3
2184,2024,M,3,3,35,1983.8171225771382,1863.0040596988927,120.81306287824555,-3.4518017965213015,True,171.70000000000005,-4.905714285714287,3
16134,2024,M,2,2,21,1981.6808535268835,1921.5020709047776,60.17878262210593,-2.8656563153383776,True,63.0,-3.0,2
16133,2024,M,4,4,35,1978.4764499515022,1908.6010168592672,69.87543309223497,-1.9964409454924277,True,120.40000000000009,-3.4400000000000026,4
3613,2024,M,3,3,35,2089.1012553377345,1972.9815542242777,116.11970111345681,-3.317705746098766,True,170.97915231832872,-4.885118637666535,3
4433,2024,M,3,3,28,2106.6721425539395,1960.2709311960236,146.40121135791583,-5.228614691354137,True,213.0999999999999,-7.610714285714282,3
6849,2024,M,2,2,21,2209.776126210863,1948.3164389687738,261.4596872420891,-12.450461297242338,True,270.2999999999997,-12.871428571428558,2
2450,2024,M,4,4,35,2245.801390649244,1980.77960625069,265.0217843985538,-7.5720509828158225,True,323.2000000000003,-9.234285714285722,4
4361,2024,M,2,2,14,1982.2277819952103,1960.2663203885982,21.961461606612147,-1.5686758290437248,True,35.49999999999977,-2.5357142857142696,2
802,2024,M,2,2,21,2201.328153148493,1973.3820438981616,227.94610925033157,-10.85457663096817,True,235.79999999999995,-11.228571428571426,2
11406,2024,M,2,2,21,1925.0201964219234,1973.964964943031,-48.94476852110756,2.330703262909884,False,-58.77999999999997,2.799047619047618,2
781,2024,M,3,3,21,2121.2180637639544,1997.4761137527669,123.74195001118755,-5.892473810056551,True,128.5,-6.119047619047619,3
10999,2024,M,3,3,21,2924.163443038633,1771.4119186780524,1152.7515243605806,-54.89292973145622,True,1206.8,-57.46666666666666,3
778,2024,M,3,3,14,2030.4994501715987,2008.6487671127654,21.850683058833283,-1.5607630756309487,True,35.69999999999982,-2.549999999999987,3
19396,2024,M,3,3,21,2168.7635301221194,2007.3612384817382,161.40229164038124,-7.685823411446726,True,198.39999999999986,-9.44761904761904,3
19398,2024,M,2,2,7,2188.9362527123194,2020.2100345026768,168.72621820964264,-24.103745458520375,True,155.9000000000001,-22.271428571428583,2
753,2024,M,3,3,28,2200.5122654888387,2034.8388807879903,165.67338470084837,-5.916906596458871,True,235.4000000000001,-8.40714285714286,3
19013,2024,M,4,4,28,2294.5454750964427,2126.530578483853,168.01489661258984,-6.000532021878208,True,240.69999999999982,-8.596428571428564,4
20443,2024,M,2,2,14,2093.8523931711884,2111.9953039305456,-18.142910759357164,1.2959221970969403,False,33.79999999999973,-2.4142857142856946,2
801,2024,M,2,2,14,2103.470590411535,2250.2795255370106,-146.80893512547573,10.486352508962552,False,-95.20000000000027,6.800000000000019,2
11421,2024,M,3,3,35,2269.695812882969,2114.683334156158,155.01247872681142,-4.428927963623184,True,202.19000000000005,-5.7768571428571445,3
4585,2024,M,4,4,50,2075.0507163360307,2157.8187735147626,-82.76805717873185,1.655361143574637,False,-18.722076790688334,0.37444153581376666,4
3175,2024,M,4,4,35,2692.7671378456494,2279.6487446686924,413.11839317695694,-11.80338266219877,True,483.2999999999997,-13.80857142857142,4
19016,2024,M,2,2,14,2371.97323085137,2168.563440421961,203.409790429409,-14.529270744957785,True,224.80000000000018,-16.05714285714287,2
19400,2024,M,2,2,7,2400.260210720335,2194.6977339336095,205.5624767867257,-29.36606811238939,True,192.0999999999999,-27.44285714285713,2
3595,2024,M,2,2,7,2189.5238077392182,2240.8456499857766,-51.32184224655839,7.331691749508342,False,-70.59999999999991,10.085714285714273,2
2468,2024,M,3,3,35,2553.424133885875,2195.622910949574,357.8012229363012,-10.22289208389432,True,424.1999999999998,-12.119999999999996,3
4723,2024,M,2,2,21,2422.5250612268937,2325.1748944768956,97.35016674999815,-4.6357222261903885,True,89.62999999999965,-4.2680952380952215,2
790,2024,M,3,3,21,2483.105469513098,2305.633036849605,177.47243266349278,-8.451068222071084,True,219.79999999999973,-10.466666666666654,3
19399,2024,M,2,2,7,2399.7705815312534,2541.5357556309523,-141.76517409969892,20.252167728528416,False,-165.4000000000001,23.62857142857144,2
4689,2024,M,2,2,14,2942.737435368985,2662.3947189338924,280.3427164350928,-20.024479745363774,True,307.6999999999998,-21.978571428571417,2
1638,2024,M,5,5+,35,1882.361738261902,1776.184783774041,106.17695448786094,-3.033627271081741,True,158.29999999999995,-4.522857142857141,5
1639,2024,M,4,4,28,1747.6929537161886,1785.5086265845905,-37.81567286840186,1.3505597453000664,False,11.700000000000045,-0.4178571428571445,4
2279,2024,M,4,4,21,1899.597640926037,1823.9209929684164,75.67664795762062,-3.6036499027438387,True,98.34446078371138,-4.6830695611291135,4
19555,2024,M,2,2,14,1866.4734970736497,1789.6899124678664,76.78358460578329,-5.48454175755595,True,100.94929581174347,-7.210663986553105,2
11371,2024,M,4,4,28,1918.3766827989296,1856.1922688971115,62.18441390181806,-2.2208719250649307,True,117.0,-4.178571428571429,4
4627,2024,M,2,2,7,1809.7504454497582,1865.3512760700012,-55.60083062024296,7.942975802891851,False,-34.600000000000136,4.942857142857163,2
2284,2024,M,3,3,21,1939.9226856158996,1894.530802401763,45.39188321413667,-2.1615182482922224,True,68.36466161915018,-3.2554600771023896,3
1647,2024,M,4,4,28,2098.7418485851726,1911.046757508659,187.69509107651356,-6.703396109875484,True,248.20000000000027,-8.864285714285725,4
19566,2024,M,3,3,21,2072.515273036616,1951.2175508200833,121.29772221653252,-5.776082010311073,True,146.2429886518671,-6.9639518405651,3
19557,2024,M,2,2,14,1892.3007280773954,1916.9204686304038,-24.61974055300834,1.758552896643453,False,-0.5782422246061287,0.04130301604329491,2
2276,2024,M,3,3,21,1933.777916901254,1920.3879157153826,13.39000118587137,-0.6376191040891128,True,36.11396434898802,-1.7197125880470485,3
1662,2024,M,3,3,21,2010.1074657784943,1935.305481088625,74.80198468986941,-3.5619992709461625,True,98.75934450178329,-4.702825928656347,3
2788,2024,M,5,5+,35,2207.7548258666056,2021.8273602534298,185.92746561317585,-5.312213303233595,True,247.4000000000001,-7.068571428571431,5
11374,2024,M,2,2,28,2170.7717376592277,2036.5848884327277,134.18684922650004,-4.792387472375002,True,196.49999999999977,-7.017857142857134,2
21476,2024,M,2,2,7,2259.188584504272,2180.9480575680136,78.24052693625845,-11.177218133751207,True,76.30000000000018,-10.900000000000025,2
4081,2024,M,3,3,28,2988.4658816370106,2291.6433273125563,696.8225543244544,-24.88651979730194,True,784.9000000000001,-28.032142857142862,3
19503,2024,M,2,2,14,2358.081200087278,2321.509655050241,36.57154503703714,-2.6122532169312245,True,65.0,-4.642857142857143,2
19575,2024,M,3,3,21,1683.5209838040514,1632.9761561909158,50.54482761313557,-2.4068965530064554,True,78.70000000000005,-3.74761904761905,3
18772,2024,M,4,4,29,1860.4340910718543,1803.0364014458771,57.39768962597714,-1.9792306767578323,True,168.53999999999996,-5.811724137931034,4
18771,2024,M,3,3,22,1753.8896556050788,1824.5180563913866,-70.6284007863078,3.2103818539230815,False,-7.039999999999964,0.31999999999999834,3
18774,2024,M,3,3,29,2075.147229483,2106.3602307018023,-31.21300121880222,1.076310386855249,False,92.23000000000002,-3.1803448275862074,3
19583,2024,M,2,2,14,2015.0005614833753,2178.3097289975985,-163.3091675142232,11.664940536730228,False,-179.19999999999982,12.799999999999986,2
18777,2024,F,4,4,29,1278.6420972176747,1342.5612492684368,-63.91915205076202,2.204108691405587,False,12.346599133175232,-0.4257447976956977,4
19588,2024,F,2,2,14,1619.220498754297,1711.4084665087637,-92.18796775446663,6.584854839604759,False,-87.54767884674015,6.253405631910011,2
288,2024,F,3,3,35,1510.3723226834315,1548.4490732134695,-38.076750530038,1.0879071580010857,False,16.606301963435044,-0.4744657703838584,3
18794,2024,F,3,3,36,1448.8286058521505,1501.2725178141527,-52.443911962002176,1.4567753322778383,False,1.6000000000001364,-0.044444444444448235,3
4774,2024,F,2,2,22,1756.2023850112253,1758.3939459967394,-2.1915609855141156,0.0996164084324598,False,57.72024700588122,-2.623647591176419,2
307,2024,F,3,3,35,1874.2285692804396,1903.7496831048807,-29.521113824441045,0.8434603949840298,False,38.487457949587224,-1.0996416557024922,3
18787,2024,M,2,2,22,1798.972990226703,1933.538527262424,-134.56553703572104,6.1166153198055015,False,-90.5,4.113636363636363,2
344,2024,M,3,3,35,2054.176561658695,1989.2851650998641,64.89139655883082,-1.8540399016808806,True,56.590000000000146,-1.616857142857147,3
8019,2024,M,4,4,49,2153.9572904522397,2004.3407030407457,149.61658741149404,-3.053399743091715,True,153.49999999999977,-3.132653061224485,4
1687,2024,F,3,3,28,1553.5235752192368,1505.355259437651,48.16831578158576,-1.7202969921994915,True,67.21000000000004,-2.400357142857144,3
11428,2024,F,4,4,28,1546.5641785443108,1561.9908167374401,-15.426638193129293,0.5509513640403318,False,3.009999999999991,-0.10749999999999968,4
1046,2024,F,5,5+,35,1742.7701549414785,1510.6382757521096,232.13187918936887,-6.632339405410539,True,260.5799999999999,-7.445142857142855,5
1060,2024,F,5,5+,35,1537.0170625423705,1562.7052204086506,-25.688157866280108,0.733947367608003,False,-1.6300000000001091,0.04657142857143169,5
1016,2024,F,5,5+,35,1553.0530807961431,1529.752718149922,23.300362646221174,-0.6657246470348906,True,47.830000000000155,-1.366571428571433,5
11437,2024,F,3,3,28,1686.8597343305257,1657.1107807488197,29.74895358170602,-1.062462627918072,True,50.24000000000001,-1.7942857142857147,3
1050,2024,F,3,3,35,1732.0271989475086,1615.369491390123,116.65770755738572,-3.333077358782449,True,144.42000000000007,-4.126285714285716,3
1080,2024,F,4,4,35,1681.4490484649496,1628.8093337010848,52.63971476386473,-1.5039918503961351,True,79.32000000000016,-2.266285714285719,4
11440,2024,F,3,3,28,1709.3160410660957,1727.731650796893,-18.415609730797314,0.6577003475284755,False,1.949999999999818,-0.06964285714285065,3
1112,2024,F,2,2,28,1714.3052423443173,1795.4761090031207,-81.17086665880333,2.8989595235286907,False,-61.25999999999999,2.1878571428571427,2
1062,2024,F,2,2,28,1933.8104946517644,1797.5590279230778,136.25146672868664,-4.866123811738809,True,160.58000000000015,-5.735000000000006,2
11448,2024,F,5,5+,35,1827.6845963427204,1782.222644821027,45.461951521693436,-1.2989129006198123,True,74.40999999999985,-2.125999999999996,5
11446,2024,F,4,4,35,1785.967424161757,1831.7011754028642,-45.73375124110726,1.3066786068887788,False,-17.850000000000136,0.5100000000000039,4
1128,2024,F,3,3,21,1890.756986930051,1809.998318930348,80.758667999703,-3.845650857128714,True,115.10000000000014,-5.480952380952387,3
1216,2024,M,4,4,35,1664.4962823974422,1654.2337121763903,10.262570221051874,-0.29321629203005356,True,44.40000000000009,-1.2685714285714311,4
1187,2024,M,4,4,35,1615.0589866007958,1638.105530822721,-23.04654422192516,0.6584726920550046,False,9.929999999999836,-0.28371428571428103,4
1205,2024,M,4,4,35,1694.2347622845898,1664.0898230036332,30.144939280956578,-0.8612839794559022,True,64.98000000000002,-1.856571428571429,4
1254,2024,M,5,5+,35,1698.6447993282218,1763.8456113763307,-65.2008120481089,1.8628803442316828,False,-30.700000000000045,0.8771428571428584,5
1074,2024,F,5,5+,35,1641.1629634875624,1657.6801060727807,-16.51714258521838,0.471918359577668,False,9.220000000000027,-0.26342857142857223,5
1042,2024,F,5,5+,35,1584.782048453516,1721.6935772279546,-136.9115287744387,3.9117579649839627,False,-112.60000000000014,3.217142857142861,5
1090,2024,F,3,3,14,1755.0043127184376,1817.7930974312337,-62.78878471279609,4.484913193771149,False,-38.299999999999955,2.7357142857142827,3
1070,2024,F,5,5+,35,1526.0976711397407,1534.4317743618863,-8.334103222145586,0.23811723491844533,False,15.63000000000011,-0.4465714285714317,5
1096,2024,F,5,5+,35,1529.6263793129424,1701.1853734053016,-171.55899409235917,4.901685545495976,False,-148.26999999999998,4.236285714285714,5
268,2024,F,4,4,49,1778.30518038718,1933.618310831203,-155.31313044402305,3.169655723347409,False,-85.37000000000012,1.742244897959186,4
8033,2024,F,2,2,13,1800.6305261860603,1816.5262873797299,-15.895761193669614,1.2227508610515088,False,-12.439999999999827,0.9569230769230637,2
309,2024,F,2,2,49,1831.9702207815735,1825.3826406051214,6.587580176452093,-0.13444041176432842,True,79.50999999999999,-1.6226530612244896,2
274,2024,F,2,2,14,1857.587430684532,2030.0738603184104,-172.48642963387852,12.320459259562751,False,-160.72000000000003,11.480000000000002,2
8034,2024,F,4,4,49,1954.2859387418332,1933.717792145749,20.56814659608426,-0.419758093797638,True,98.43000000000006,-2.008775510204083,4
275,2024,F,4,4,28,1974.907936254301,2306.9038467249006,-331.9959104705997,11.856996802521419,False,-276.7199999999998,9.882857142857135,4
8004,2024,M,4,4,49,1680.6962315480635,1595.459971386813,85.23626016125036,-1.7395155134949052,True,88.07999999999993,-1.7975510204081617,4
145,2024,M,2,2,14,1713.0596954687635,1732.9145377469754,-19.85484227821189,1.418203019872278,False,-77.92000000000007,5.565714285714291,2
8005,2024,M,3,3,49,1724.5556743706563,1777.980035407387,-53.424361036730716,1.0902930823822594,False,-51.33999999999992,1.0477551020408147,3
8007,2024,M,2,2,13,1750.8038334523528,1618.468223238206,132.33561021414675,-10.179662324165134,True,85.09999999999991,-6.546153846153839,2
8009,2024,M,3,3,49,1777.0718474198904,1796.3712183288499,-19.299370908959418,0.39386471242774324,False,-16.940000000000055,0.3457142857142868,3
8010,2024,M,2,2,13,1786.224949792555,1827.5143422718925,-41.289392479337494,3.176107113795192,False,-96.01999999999998,7.386153846153845,2
8011,2024,M,2,2,49,1802.1386407940524,1732.6482548009699,69.49038599308255,-1.4181711427159704,True,72.40999999999985,-1.4777551020408133,2
4154,2024,M,3,3,49,1832.7846570895128,1768.0388554498393,64.74580163967357,-1.321342890605583,True,67.68000000000006,-1.3812244897959196,3
8013,2024,M,3,3,49,1878.5998061674366,1872.5206568036645,6.079149363772103,-0.12406427273004292,True,8.730000000000018,-0.1781632653061228,3
8014,2024,M,4,4,49,1878.6692982678799,1731.0576660077622,147.61163226011763,-3.012482291022809,True,151.10000000000014,-3.083673469387758,4
335,2024,M,4,4,49,2026.3995763672474,1811.183576465596,215.21599990165146,-4.392163263299009,True,219.30999999999995,-4.475714285714284,4
345,2024,M,2,2,13,2058.6339835299814,1885.5612812286636,173.0727023013178,-13.313284792409062,True,118.17999999999984,-9.090769230769219,2
333,2024,M,3,3,49,2059.6664375937094,1901.3500786805525,158.31635891315682,-3.2309461002685067,True,162.1199999999999,-3.3085714285714265,3
334,2024,M,3,3,49,2065.4044996017356,1974.0201041702255,91.38439543151003,-1.8649876618675516,True,94.79999999999995,-1.9346938775510194,3
3350,2024,M,3,3,49,2091.940554528125,2079.595435319381,12.345119208744109,-0.2519412083417165,True,15.329999999999927,-0.3128571428571414,3
984,2024,M,3,3,49,2129.7442571692372,2004.638938439472,125.10531872976526,-2.5531697699952094,True,128.80999999999995,-2.6287755102040804,3
225,2024,M,2,2,14,2269.7609121194077,2297.7091955166857,-27.94828339727792,1.9963059569484227,False,-104.95000000000027,7.4964285714285905,2
353,2024,M,3,3,49,2271.091189470749,1998.9724658636699,272.11872360707935,-5.553443338919987,True,276.8900000000001,-5.650816326530614,3
8022,2024,M,4,4,49,2285.873151979314,2094.9048524540044,190.9682995253097,-3.897312235210402,True,195.27999999999975,-3.9853061224489745,4
221,2024,M,3,3,49,2768.0589820689847,2420.1802606649617,347.87872140402305,-7.099565742939246,True,353.78999999999996,-7.2202040816326525,3
8023,2024,M,2,2,49,3711.870907960052,3347.692350704152,364.17855725590016,-7.432215454202044,True,371.5,-7.581632653061225,2
241,2024,F,2,2,14,1491.951280821947,1643.4529143716668,-151.50163354971983,10.821545253551417,False,-142.51,10.179285714285713,2
4766,2024,F,3,3,49,1554.8411962056762,1597.3714676656186,-42.53027145994247,0.8679647236722953,False,19.1099999999999,-0.38999999999999796,3
293,2024,F,3,3,49,1560.994302656032,1631.5930398694532,-70.59873721342115,1.4407905553759417,False,-8.8599999999999,0.1808163265306102,3
302,2024,F,3,3,49,1574.4488402442125,1587.0254109528314,-12.576570708618874,0.2566647083391607,False,50.0,-1.0204081632653061,3
3314,2024,F,3,3,49,1604.9177219517283,1585.533191234641,19.384530717087273,-0.3956026676956586,True,83.34000000000015,-1.7008163265306153,3
289,2024,F,3,3,49,1616.7071887430786,1486.54928326134,130.15790548173868,-2.6562837853416057,True,195.16000000000008,-3.9828571428571444,3
8028,2024,F,2,2,49,1631.118663570817,1761.6151179811154,-130.49645441029838,2.6631929471489464,False,-66.27999999999997,1.3526530612244891,2
256,2024,F,2,2,21,1663.6353909709862,1607.9239383323961,55.71145263859012,-2.652926316123339,True,106.82999999999993,-5.087142857142854,2
304,2024,F,2,2,49,1699.7693411366834,1813.4448828595978,-113.67554172291443,2.319909014753356,False,-46.6400000000001,0.9518367346938796,2
8032,2024,F,3,3,49,1733.5875031826506,1802.3029756304425,-68.71547244779185,1.4023565805671807,False,-0.10000000000013642,0.0020408163265333962,3
11385,2024,M,4,4,35,1681.687621492309,1679.919334332235,1.7682871600741237,-0.0505224902878321,True,36.2199999999998,-1.0348571428571371,4
408,2024,F,4,4,43,1607.0849552874172,1546.934441190781,60.15051409663624,-1.3988491650380521,True,77.40000000000009,-1.800000000000002,4
3869,2024,F,4,4,43,1616.1422828962409,1610.5030011856948,5.639281710546129,-0.13114608629177044,True,22.699999999999818,-0.5279069767441819,4
11341,2024,F,4,4,43,1618.2097163721683,1583.3446023146282,34.86511405754004,-0.8108166059893033,True,52.100000000000136,-1.2116279069767473,4
11342,2024,F,3,3,43,1654.7343744468822,1636.865549540393,17.86882490648918,-0.41555406759277164,True,35.399999999999864,-0.8232558139534852,3
1947,2024,F,3,3,43,1659.5583858907125,1551.5105816598982,108.04780423081434,-2.512739633274752,True,126.10000000000014,-2.932558139534887,3
409,2024,F,4,4,43,1669.304857991512,1535.1956460743493,134.10921191716284,-3.1188188817944846,True,152.39999999999986,-3.5441860465116246,4
11343,2024,F,4,4,43,1672.1598851725546,1582.7477144273519,89.41217074520273,-2.0793528080279704,True,107.5,-2.5,4
3866,2024,F,3,3,22,1685.4505289463723,1622.962159622419,62.48836932395329,-2.840380423816059,True,77.70000000000005,-3.531818181818184,3
11344,2024,F,3,3,43,1710.7519767231959,1639.4520637185897,71.2999130046062,-1.6581375117350279,True,89.70000000000005,-2.086046511627908,3
11345,2024,F,4,4,43,1742.7479709934978,1650.1960456895608,92.55192530393697,-2.1523703559055107,True,111.40000000000009,-2.5906976744186068,4
11346,2024,F,3,3,43,1754.5618765702247,1742.2162616446396,12.345614925585096,-0.28710732385081617,True,30.90000000000009,-0.7186046511627928,3
3864,2024,F,3,3,43,1777.7958908711207,1684.5170992079416,93.27879166317916,-2.169274224725097,True,112.5,-2.616279069767442,3
2838,2024,F,2,2,22,1784.195089725181,1652.2575054639788,131.93758426120235,-5.997162920963743,True,148.5,-6.75,2
11347,2024,F,4,4,43,1807.2322055997988,1836.0271412615466,-28.794935661747786,0.6696496665522741,False,-9.899999999999864,0.23023255813953172,4
2842,2024,F,2,2,22,1820.0306033079196,1775.2979579985306,44.732645309389,-2.033302059517682,True,61.0,-2.772727272727273,2
11351,2024,F,2,2,15,2030.711919426216,1792.4784102359622,238.2335091902537,-15.882233946016914,True,243.74999999999977,-16.249999999999986,2
11352,2024,F,3,3,22,2048.7281254307245,1933.9893568284042,114.7387686023203,-5.215398572832741,True,133.5,-6.068181818181818,3
161,2024,M,2,2,21,1715.2752944716924,1679.3532719505172,35.92202252117522,-1.710572501008344,True,19.59999999999991,-0.933333333333329,2
11289,2024,M,2,2,43,1683.2750635839482,1789.1827462781216,-105.90768269417345,2.462969364980778,False,-37.132640968771284,0.8635497899714252,2
11290,2024,M,2,2,8,1741.8251191301854,1755.7181224255683,-13.893003295382869,1.7366254119228586,False,8.003128988469598,-1.0003911235586997,2
11291,2024,M,2,2,43,1769.6168788294658,1821.3734979523072,-51.75661912284136,1.203642305182357,False,21.148326712030666,-0.4918215514425736,2
11292,2024,M,2,2,8,1794.598235862527,1822.8199226849654,-28.221686822438414,3.527710852804802,False,-6.200666493951985,0.7750833117439981,2
11293,2024,M,2,2,43,1924.5012924344448,1853.5642496264923,70.9370428079526,-1.649698669952386,True,151.50868428400622,-3.523457774046656,2
11294,2024,M,2,2,43,2189.772077429262,2235.6996243394055,-45.92754691014352,1.0680824862824074,False,44.4701154349832,-1.0341887310461209,2
11295,2024,F,2,2,43,1575.467859491327,1690.3223981082976,-114.85453861697056,2.671035781790013,False,-60.361046107992934,1.403745258325417,2
11296,2024,F,2,2,43,1713.6647605520127,1634.1425866259813,79.52217392603143,-1.8493528820007308,True,141.780585582291,-3.2972229205183954,2
11298,2024,F,2,2,43,1849.8907326546184,1863.789886194047,-13.899153539428653,0.32323612882392216,False,51.85224433739495,-1.205866147381278,2
11390,2024,M,5,5+,35,1742.7744399219127,1800.8806944847577,-58.106254562844924,1.6601787017955694,False,-22.670000000000073,0.6477142857142878,5
1993,2024,M,3,3,43,1521.2696870570833,1545.1576008016223,-23.88791374453899,0.5555328777799765,False,2.7999999999999545,-0.06511627906976639,3
1997,2024,M,3,3,43,1558.5906696822071,1671.2117626633258,-112.62109298111864,2.61909518560741,False,-85.79999999999995,1.9953488372093013,3
11300,2024,M,2,2,15,1597.2794370108697,1580.6048944286513,16.674542582218464,-1.1116361721478976,True,31.38000000000011,-2.092000000000007,2
426,2024,M,2,2,22,1603.043672547211,1607.0130575939547,-3.9693850467438097,0.18042659303380953,False,20.59999999999991,-0.9363636363636322,2
1995,2024,M,4,4,43,1604.509156158145,1571.004668691246,33.504487466899036,-0.7791741271371869,True,62.0,-1.441860465116279,4
421,2024,M,3,3,22,1605.486145232101,1581.1254876623398,24.360657569761315,-1.1073026168073326,True,49.200000000000045,-2.2363636363636386,3
417,2024,M,4,4,43,1611.7388753054204,1588.7993808152564,22.939494490163952,-0.5334766160503245,True,51.5,-1.197674418604651,4
2861,2024,M,3,3,43,1619.9455835266517,1699.2458901436098,-79.3003066169581,1.8441931771385605,False,-51.200000000000045,1.1906976744186057,3
11301,2024,M,3,3,22,1624.2443354520587,1602.84724174289,21.397093709168757,-0.9725951685985799,True,46.5,-2.1136363636363638,3
2859,2024,M,2,2,43,1629.4223775440262,1726.9817822251678,-97.55940468114159,2.2688233646777114,False,-69.40000000000009,1.6139534883720952,2
2001,2024,M,3,3,43,1647.9851699491926,1595.9570303846906,52.028139564502,-1.209956734058186,True,81.39999999999986,-1.8930232558139504,3
11302,2024,M,4,4,43,1659.318243207084,1651.13057914908,8.187664058003975,-0.19041079204660408,True,37.5,-0.872093023255814,4
2005,2024,M,3,3,22,1661.956113706765,1617.0308528548476,44.92526085191753,-2.042057311450797,True,70.79999999999995,-3.218181818181816,3
11303,2024,M,3,3,22,1665.3755754656115,1653.7297067808915,11.645868684719971,-0.5293576674872714,True,37.299999999999955,-1.6954545454545433,3
435,2024,M,4,4,43,1668.2088437800844,1615.73997850021,52.46886527987431,-1.2202061692994024,True,82.20000000000005,-1.9116279069767452,4
11304,2024,M,3,3,43,1670.1628219279967,1673.5976458531372,-3.434823925140563,0.0798796261660596,False,26.0,-0.6046511627906976,3
5500,2024,M,4,4,43,1684.9153569447342,1705.0117745189875,-20.096417574253337,0.4673585482384497,False,9.5,-0.22093023255813954,4
3884,2024,M,4,4,43,1695.6622367582513,1713.064130284601,-17.401893526349795,0.4046951982872045,False,12.399999999999864,-0.2883720930232526,4
1990,2024,M,4,4,43,1699.2770963318892,1698.052948548704,1.224147783185117,-0.028468553097328306,True,31.200000000000045,-0.7255813953488383,4
2853,2024,M,4,4,43,1699.4724941466804,1606.1964457409645,93.27604840571598,-2.1692104280399067,True,123.79999999999995,-2.8790697674418593,4
419,2024,M,3,3,43,1712.0756532007144,1707.8947167066763,4.180936494038178,-0.09723108125670182,True,34.40000000000009,-0.8000000000000022,3
2013,2024,M,4,4,43,1721.4547483106933,1749.4488489292253,-27.994100618532002,0.651025595779814,False,2.2000000000000455,-0.05116279069767548,4
420,2024,M,4,4,43,1716.1790073113302,1900.2565488852224,-184.07754157389218,4.280873059857957,False,-154.9000000000001,3.602325581395351,4
11305,2024,M,4,4,43,1717.4490931074733,1635.4235148161542,82.0255782913191,-1.9075715881702118,True,112.80000000000018,-2.6232558139534925,4
414,2024,M,3,3,22,1720.5754581441327,1706.099963194273,14.475494949859694,-0.6579770431754407,True,41.0,-1.8636363636363635,3
11306,2024,M,3,3,43,1739.724443993673,1757.2029692961123,-17.478525302439266,0.4064773326148666,False,13.100000000000136,-0.30465116279070087,3
11307,2024,M,3,3,22,1742.46001340075,1667.8141318011571,74.64588159959294,-3.3929946181633155,True,102.0,-4.636363636363637,3
11308,2024,M,3,3,22,1753.3045921216628,1675.947391319902,77.35720080176088,-3.51623640008004,True,104.89999999999986,-4.768181818181812,3
3333,2024,M,2,2,22,1756.333258250927,1692.7098408158515,63.62341743507545,-2.891973519776157,True,91.10000000000014,-4.140909090909097,2
11309,2024,M,3,3,43,1757.9941396766524,1829.2765239883324,-71.28238431168006,1.6577298677134897,False,-40.69999999999982,0.9465116279069725,3
11310,2024,M,3,3,43,1781.1487807294127,1723.104722041724,58.044058687688675,-1.3498618299462484,True,89.79999999999995,-2.0883720930232545,3
11312,2024,M,2,2,15,1802.6425403564472,1704.695863147235,97.94667720921211,-6.529778480614141,True,115.68999999999983,-7.712666666666655,2
2022,2024,M,4,4,43,1806.1597010226894,1798.1606307212087,7.999070301480742,-0.1860248907321103,True,39.90000000000009,-0.9279069767441882,4
2045,2024,M,4,4,43,1797.1714015422929,1714.2570718795068,82.91432966278603,-1.9282402247159542,True,115.09999999999991,-2.6767441860465095,4
2000,2024,M,3,3,22,1813.0963234477779,1635.9753963680218,177.12092707975603,-8.050951230898,True,206.39999999999986,-9.381818181818176,3
429,2024,M,2,2,22,1826.7741704831637,1737.9386986274087,88.83547185575503,-4.0379759934434105,True,117.59999999999991,-5.345454545454541,2
437,2024,M,4,4,43,1834.4923841674172,1815.7565192460677,18.735864921349503,-0.4357177888685931,True,51.200000000000045,-1.1906976744186057,4
11315,2024,M,4,4,43,1838.2049426484502,1622.9970398692199,215.20790277923038,-5.004834948354195,True,248.9000000000001,-5.788372093023258,4
11316,2024,M,3,3,22,1862.5319705899578,1732.185905309272,130.34606528068593,-5.924821149122088,True,160.0,-7.2727272727272725,3
11317,2024,M,2,2,15,1866.6353247005736,2031.3501337298976,-164.714809029324,10.980987268621599,False,-150.20000000000027,10.013333333333351,2
3887,2024,M,4,4,43,1887.8359876054215,1838.322997749701,49.512989855720434,-1.1514648803655916,True,83.09999999999991,-1.9325581395348816,4
11319,2024,M,3,3,43,1919.3927346942041,1826.1947582014927,93.1979764927114,-2.167394802156079,True,127.59999999999991,-2.9674418604651143,3
5645,2024,M,4,4,43,1920.5651215829516,1777.6818000086605,142.88332157429113,-3.322867943588166,True,177.5999999999999,-4.130232558139533,4
436,2024,M,2,2,22,1933.07058172959,1893.065746033713,40.00483569587709,-1.8184016225398678,True,70.0,-3.1818181818181817,2
11322,2024,M,4,4,43,1941.961182302591,2142.920751648959,-200.9595693463682,4.673478356892284,False,-167.89999999999986,3.9046511627906946,4
2874,2024,M,3,3,22,2001.0690212769364,1877.9894600965274,123.07956118040897,-5.594525508200408,True,154.79999999999973,-7.036363636363624,3
3336,2024,M,3,3,22,2051.481657493073,1848.2336325889241,203.24802490414868,-9.238546586552213,True,236.4000000000001,-10.74545454545455,3
11323,2024,M,3,3,22,2054.6080225297324,1899.9095863604616,154.69843616927074,-7.031747098603216,True,187.5,-8.522727272727273,3
5662,2024,M,2,2,15,2077.1764701381185,1979.8270982630584,97.34937187506011,-6.489958125004008,True,117.56999999999994,-7.837999999999996,2
2042,2024,M,2,2,15,2092.1244029696472,2034.2481196543756,57.87628331527162,-3.858418887684775,True,77.66000000000031,-5.177333333333354,2
11324,2024,M,2,2,15,2106.290744542011,1886.5494084557697,219.7413360862413,-14.64942240574942,True,242.0,-16.133333333333333,2
11325,2024,M,4,4,43,2156.9964774803343,2004.1418794415947,152.8545980387396,-3.5547580939241765,True,191.80000000000018,-4.460465116279074,4
1219,2024,M,2,2,28,1643.9876588007282,1773.8830616912744,-129.89540289054617,4.639121531805221,False,-101.42000000000007,3.6221428571428596,2
11383,2024,M,4,4,35,1673.628571496645,1833.4357272171646,-159.80715572051963,4.56591873487199,False,-126.24000000000001,3.606857142857143,4
1251,2024,M,4,4,35,1793.0410568440207,1787.0423166566086,5.998740187412068,-0.17139257678320194,True,42.75,-1.2214285714285715,4
3828,2023,M,2,2,21,1594.594017929385,1599.04358141263,-4.449563483244901,0.21188397539261436,False,-2.7100000000000364,0.12904761904762077,2
2934,2023,F,3,3,50,1567.262153950528,1667.7247313453122,-100.46257739478415,2.009251547895683,False,-100.22149649655285,2.004429929931057,3
5787,2023,M,2,2,7,1651.3049108934927,1774.721400549061,-123.41648965556828,17.630927093652613,False,-129.24673517492351,18.46381931070336,2
18979,2025,M,5,5+,42,1631.0724554409937,1552.153062176804,78.9193932641897,-1.8790331729568974,True,101.60000000000014,-2.4190476190476224,5
1278,2024,M,4,4,28,1778.201087057816,1819.8586470900127,-41.65756003219667,1.4877700011498811,False,-10.160000000000082,0.36285714285714576,4
11328,2024,M,4,4,43,2272.9650805589263,2241.636668627407,31.32841193151944,-0.7285677193376614,True,71.59999999999991,-1.6651162790697653,4
11330,2024,M,2,2,15,2304.0333331107313,2185.012387392142,119.02094571858925,-7.934729714572616,True,141.61000000000013,-9.440666666666676,2
404,2024,F,3,3,43,1368.1487149981153,1335.4371664659193,32.71154853219605,-0.7607336867952569,True,47.299999999999955,-1.099999999999999,3
3862,2024,F,2,2,43,1424.6585633401257,1350.5583262769157,74.10023706320999,-1.723261327051395,True,89.5,-2.0813953488372094,2
1929,2024,F,3,3,43,1439.4259453110342,1680.3388839970082,-240.91293868597404,5.602626481069164,False,-227.0,5.27906976744186,3
1930,2024,F,3,3,43,1449.073968198695,1454.21785603388,-5.143887835185069,0.11962529849267602,False,10.100000000000136,-0.23488372093023574,3
1946,2024,F,4,4,43,1514.3457965101109,1471.9255300230736,42.420266487037225,-0.9865178252799355,True,58.600000000000136,-1.3627906976744217,4
11336,2024,F,4,4,43,1514.7395933626683,1408.0585260845219,106.68106727814643,-2.4809550529801494,True,123.19999999999982,-2.8651162790697633,4
11337,2024,F,3,3,22,1542.0100254022796,1550.3692856896046,-8.359260287325014,0.37996637669659156,False,5.099999999999909,-0.23181818181817768,3
11338,2024,F,3,3,22,1543.880560451928,1506.7738388270795,37.10672162484843,-1.6866691647658378,True,50.90000000000009,-2.313636363636368,3
11339,2024,F,2,2,15,1547.424732124946,1497.0808851515278,50.343846973418295,-3.3562564648945528,True,52.6099999999999,-3.5073333333333268,2
1928,2024,F,3,3,43,1549.1968179614553,1459.4903657048196,89.70645225663566,-2.086196564107806,True,106.5,-2.4767441860465116,3
1953,2024,F,4,4,43,1553.0363372738916,1533.4049824125207,19.631354861370937,-0.456543136310952,True,36.09999999999991,-0.8395348837209281,4
11340,2024,F,4,4,43,1562.3890125221337,1555.8877594999237,6.501253022209994,-0.15119193074906964,True,23.0,-0.5348837209302325,4
2826,2024,F,2,2,15,1592.9082685953447,1537.868527142603,55.03974145274174,-3.669316096849449,True,57.42000000000007,-3.8280000000000047,2
1948,2024,F,3,3,22,1593.8927607267387,1496.2473755755361,97.64538515120262,-4.4384265977819375,True,112.29999999999995,-5.104545454545453,3
27000,2025,M,4,4,42,1718.0262638241702,1602.8079353353432,115.21832848882696,-2.743293535448261,True,139.19999999999982,-3.31428571428571,4
19481,2024,M,2,2,14,1756.8313383974607,1885.9919945534245,-129.1606561559638,9.225761153997414,False,-107.70000000000005,7.692857142857146,2
11402,2024,M,2,2,28,1867.1530953029362,1892.8436476690033,-25.690552366067095,0.9175197273595391,False,7.509999999999991,-0.2682142857142854,2
3699,2024,M,3,3,35,1910.4143878946727,1866.588099999708,43.82628789496471,-1.2521796541418488,True,83.14999999999986,-2.375714285714282,3
1299,2024,M,2,2,7,1950.5365528885861,1877.3402209021542,73.19633198643191,-10.456618855204558,True,78.59999999999991,-11.228571428571415,2
1321,2024,M,3,3,35,2002.4592761018089,1860.216472798258,142.24280330355077,-4.064080094387165,True,183.88999999999987,-5.253999999999996,3
1395,2024,M,4,4,28,1992.312288213806,1998.8953219796995,-6.5830337658935605,0.23510834878191286,False,28.99000000000001,-1.035357142857143,4
6841,2024,M,2,2,28,1908.0825320242566,2006.7399683004348,-98.65743627617826,3.5234798670063663,False,-65.24000000000001,2.3300000000000005,2
5271,2024,M,2,2,28,2052.1307331574094,2012.1021316082788,40.0286015491306,-1.42959291246895,True,77.00000000000023,-2.750000000000008,2
11419,2024,M,5,5+,35,2161.6108784374896,2009.0537019571234,152.55717648036625,-4.358776470867607,True,197.51000000000022,-5.6431428571428635,5
1309,2024,M,4,4,28,2277.8719435081102,2195.110779318591,82.76116418951915,-2.9557558639113983,True,124.07000000000016,-4.4310714285714345,4
1363,2024,M,3,3,35,2060.638592232735,1989.938820352774,70.69977187996096,-2.019993482284599,True,113.22000000000003,-3.2348571428571438,3
11353,2024,M,3,3,35,1681.8907139348328,1694.6354264003169,-12.744712465484099,0.3641346418709743,False,26.5,-0.7571428571428571,3
11354,2024,M,2,2,14,1945.375586831529,1860.328728359004,85.04685847252517,-6.07477560518037,True,109.20140145841856,-7.8001001041727545,2
3169,2024,M,4,4,35,1639.6272731058293,1631.5347902712258,8.092482834603516,-0.23121379527438615,True,44.799999999999955,-1.2799999999999987,4
11355,2024,M,2,2,35,1640.308990313702,1571.6016719075892,68.70731840611279,-1.9630662401746513,True,105.70000000000005,-3.0200000000000014,2
2065,2024,M,2,2,14,1673.436334200328,1668.7847660821556,4.651568118172463,-0.33225486558374734,True,30.947355426753347,-2.210525387625239,2
2442,2024,M,3,3,35,1726.1079703330793,1691.6670219849077,34.44094834817156,-0.9840270956620446,True,73.20000000000005,-2.0914285714285725,3
1704,2024,M,3,3,35,1731.074767133293,1702.0209161872635,29.05385094602957,-0.8301100270294163,True,67.90000000000009,-1.9400000000000026,3
11357,2024,M,2,2,35,1783.9565448296855,1795.2059640084663,-11.249419178780727,0.3214119765365922,False,28.59999999999991,-0.8171428571428545,2
1323,2024,M,3,3,35,1827.6838343060765,1743.3369363216643,84.34689798441218,-2.409911370983205,True,125.60000000000014,-3.5885714285714325,3
11358,2024,M,3,3,35,1869.6581366765097,1855.2386390471258,14.41949762938384,-0.411985646553824,True,56.299999999999955,-1.6085714285714272,3
1266,2024,M,4,4,35,1907.055194936942,1772.2083720782334,134.8468228587085,-3.852766367391671,True,178.10000000000014,-5.0885714285714325,4
4732,2024,M,3,3,35,1957.5022683195043,1774.896402303845,182.60586601565933,-5.2173104575902665,True,227.20000000000005,-6.491428571428573,3
11359,2024,M,2,2,35,1962.5664532922713,1999.2971478049035,-36.730694512632226,1.049448414646635,False,7.0,-0.2,2
1284,2024,M,3,3,35,1972.9869877554645,1830.5485836415078,142.43840411395672,-4.069668688970192,True,187.20000000000005,-5.34857142857143,3
1379,2024,M,2,2,35,2532.5794272462044,2246.8945985862397,285.68482865996475,-8.162423675998992,True,343.5999999999999,-9.817142857142855,2
1008,2024,F,2,2,14,1413.4473251944771,1342.4648459860273,70.98247920844983,-5.0701770863178455,True,75.70000000000005,-5.40714285714286,2
11360,2024,F,2,2,35,1440.773518045023,1411.5816602009465,29.191857844076367,-0.8340530812593248,True,58.399999999999864,-1.6685714285714246,2
11362,2024,F,2,2,35,1653.3322610039106,1773.4618587220298,-120.12959771811916,3.4322742205176904,False,-87.30000000000018,2.4942857142857195,2
1100,2024,F,3,3,35,1804.9926313244393,1735.0338651514278,69.95876617301155,-1.998821890657473,True,106.70000000000005,-3.04857142857143,3
11364,2024,F,3,3,35,1823.0474373149784,1839.068200077021,-16.020762762042523,0.45773607891550067,False,20.700000000000045,-0.5914285714285727,3
2420,2024,F,2,2,35,1853.7894042718424,1734.3369844390074,119.45241983283495,-3.4129262809381413,True,157.4000000000001,-4.49714285714286,2
11365,2024,F,3,3,35,1869.5019651609061,1866.1469934739218,3.3549716869842996,-0.09585633391383713,True,41.09999999999991,-1.1742857142857117,3
1130,2024,F,2,2,21,1973.7318721765591,1863.3826080373904,110.34926413916878,-5.254726863769942,True,146.0,-6.9523809523809526,2
11366,2024,M,2,2,35,1747.0152531469435,1802.041897087661,-55.02664394071758,1.572189826877645,False,-7.5,0.21428571428571427,2
11367,2024,M,3,3,35,1796.4873947018389,1638.9431823402126,157.54421236162625,-4.501263210332179,True,207.5999999999999,-5.931428571428569,3
11368,2024,M,2,2,14,1807.8146756449362,1714.1024353526682,93.712240292268,-6.693731449447715,True,123.64846305930769,-8.832033075664835,2
11372,2024,M,4,4,35,1943.4516038610002,1830.8825234759292,112.56908038507095,-3.216259439573456,True,166.4000000000001,-4.754285714285717,4
28516,2025,M,3,3,21,1616.4176171133904,1658.669819945743,-42.25220283235262,2.0120096586834584,False,6.435096980534581,-0.3064331895492658,3
2061,2024,F,4,4,35,1588.9453974762273,1627.9798259647637,-39.03442848853638,1.1152693853867537,False,15.099999999999909,-0.43142857142856883,4
2062,2024,F,4,4,35,1697.3372298686797,1826.8777888193467,-129.540558950667,3.701158827161914,False,-72.20000000000005,2.062857142857144,4
1674,2024,F,4,4,35,2091.5680381887,1912.4039128468175,179.16412534188248,-5.118975009768071,True,251.69999999999982,-7.191428571428566,4
3386,2024,M,5,5+,35,1511.5272345363041,1520.597163712491,-9.06992917618686,0.2591408336053389,False,16.027468965713524,-0.4579276847346721,5
2905,2024,M,3,3,35,1713.9208918706017,1738.3936181618276,-24.472726291225854,0.6992207511778815,False,3.9068112501768155,-0.11162317857648045,3
3369,2024,F,4,4,35,1881.2269821922182,1640.9081935503116,240.31878864190662,-6.8662511040544745,True,272.63956744092934,-7.789701926883695,4
1415,2024,M,3,3,35,2276.3108684484178,2118.6656011570635,157.64526729135423,-4.504150494038693,True,204.97000000000025,-5.856285714285722,3
11380,2024,M,4,4,35,1594.10155392442,1625.3622764198212,-31.260722495401296,0.8931634998686084,False,1.25,-0.03571428571428571,4
4665,2024,F,4,4,35,1636.1958483546987,1435.7733763606775,200.42247199402118,-5.726356342686319,True,233.00097331309917,-6.657170666088548,4
11381,2024,M,4,4,35,1662.9937476524879,1594.300593812754,68.6931538397339,-1.9626615382781114,True,103.05999999999995,-2.944571428571427,4
16156,2024,F,4,4,35,1661.4149180343618,1494.0126930415124,167.40222499284937,-4.782920714081411,True,200.32123811569295,-5.7234639461626555,4
1029,2024,F,2,2,21,1640.8402871293754,1574.7986249337528,66.04166219562262,-3.1448410569344105,True,95.5,-4.5476190476190474,2
1201,2024,M,2,2,28,1578.5200734848615,1637.0485980207316,-58.52852453587002,2.0903044477096437,False,-30.7199999999998,1.09714285714285,2
11386,2024,M,3,3,35,1688.1758397091571,1807.7501050613205,-119.57426535216337,3.416407581490382,False,-85.52999999999997,2.443714285714285,3
1195,2024,M,4,4,35,1636.1237431875256,1589.6214300866893,46.50231310083632,-1.328637517166752,True,80.22000000000003,-2.2920000000000007,4
11382,2024,M,3,3,42,1665.4817110288732,1723.6380029956351,-58.156291966761955,1.3846736182562371,False,-18.799999999999955,0.44761904761904653,3
1231,2024,M,2,2,35,1638.855624541988,1716.6557474155936,-77.80012287360569,2.222860653531591,False,-44.57999999999993,1.2737142857142836,2
11379,2024,M,3,3,35,1564.32404716078,1581.9555661099448,-17.63151894916473,0.5037576842618494,False,14.329999999999927,-0.40942857142856937,3
1122,2024,F,4,4,35,1724.087581777645,1730.8525808769061,-6.764999099261104,0.19328568855031725,False,28.0,-0.8,4
1179,2024,M,2,2,35,1786.3912491435158,1682.4082512078012,103.9829979357146,-2.970942798163274,True,144.39999999999986,-4.125714285714282,2
1288,2024,M,3,3,35,1722.9915488113766,1726.8105282679041,-3.818979456527586,0.10911369875793103,False,34.700000000000045,-0.9914285714285728,3
1337,2024,M,3,3,35,2004.5407556627042,1890.0834753050538,114.45728035765046,-3.2702080102185844,True,159.80000000000018,-4.565714285714291,3
1207,2024,M,3,3,35,1672.2723875385368,1706.8991932633737,-34.62680572483691,0.9893373064239118,False,-0.5299999999999727,0.015142857142856363,3
18982,2025,M,4,4,42,1720.977184923147,1657.949952769737,63.02723215341007,-1.5006483846050016,True,86.89999999999986,-2.0690476190476157,4
11387,2024,M,2,2,14,1695.3080013881286,1952.2636255947227,-256.95562420659417,18.35397315761387,False,-253.32000000000016,18.094285714285725,2
16160,2024,F,4,4,35,1764.7913631436709,1561.012795821344,203.7785673223268,-5.8222447806379085,True,238.86206495735883,-6.824630427353109,4
2400,2024,F,4,4,35,1799.9023954994088,1575.8463995571467,224.05599594226214,-6.401599884064633,True,259.9101060402802,-7.426003029722291,4
11395,2024,M,3,3,42,1797.8803895290685,1816.6607827912173,-18.78039326214889,0.44715222052735454,False,23.75999999999999,-0.5657142857142855,3
11396,2024,M,2,2,21,1798.96338535173,1768.7000129517746,30.263372399955415,-1.4411129714264483,True,32.22000000000003,-1.5342857142857156,2
16164,2024,F,4,4,35,1849.2535059932325,1585.104957593587,264.1485483996455,-7.547101382847014,True,301.13769319707967,-8.603934091345133,4
2406,2024,F,4,4,35,1903.6049492683687,1588.589361155688,315.0155881126807,-9.00044537464802,True,353.28481561646254,-10.093851874756073,4
2403,2024,F,4,4,35,1853.2755127955925,1693.1214680187245,160.15404477686798,-4.575829850767657,True,196.75558025611417,-5.6215880073175475,4
1213,2024,M,2,2,35,1734.998334780818,1688.5807650592055,46.41756972161238,-1.3262162777603537,True,82.16000000000008,-2.3474285714285736,2
1325,2024,M,2,2,35,1991.1512386381594,1945.0387599175579,46.11247872060153,-1.3174993920171865,True,87.09999999999991,-2.4885714285714258,2
1305,2024,M,5,5+,35,1839.7659847244506,1776.1906390791396,63.57534564531102,-1.8164384470088861,True,101.54000000000019,-2.9011428571428626,5
1032,2024,F,3,3,35,1482.9102038866097,1510.4391669771323,-27.528963090522666,0.7865418025863619,False,-4.330000000000155,0.12371428571429013,3
1274,2024,M,4,4,35,1862.9674627991349,1827.1636566907375,35.80380610839734,-1.0229658888113526,True,74.12000000000012,-2.117714285714289,4
11422,2024,M,2,2,35,2436.360088943421,2239.0296212594503,197.3304676839707,-5.638013362399163,True,248.11000000000013,-7.0888571428571465,2
1273,2024,M,4,4,28,2491.6514162139156,1885.3961986303307,606.2552175835849,-21.651972056556605,True,655.0800000000002,-23.39571428571429,4
994,2024,F,2,2,35,1431.645915703706,1409.3914636761972,22.254452027508705,-0.6358414865002487,True,44.86999999999989,-1.281999999999997,2
1020,2024,F,3,3,35,1481.459512748738,1446.7243589844243,34.735153764313736,-0.9924329646946782,True,58.190000000000055,-1.6625714285714301,3
11424,2024,F,3,3,21,1486.4095061583682,1494.7619499131144,-8.352443754746218,0.39773541689267705,False,-9.059999999999945,0.43142857142856883,3
11425,2024,F,2,2,35,1488.722770405245,1516.810647776403,-28.0878773711579,0.8025107820330829,False,-4.7999999999999545,0.13714285714285585,2
996,2024,F,2,2,14,1507.8562102777169,1428.630628392678,79.22558188503876,-5.658970134645626,True,77.61999999999989,-5.5442857142857065,2
1004,2024,F,4,4,35,1542.868836929597,1557.1301747092884,-14.26133777969153,0.4074667937054723,False,9.940000000000055,-0.2840000000000016,4
11427,2024,F,2,2,35,1543.3687372541337,1616.5641440399863,-73.19540678585258,2.0912973367386454,False,-49.25,1.4071428571428573,2
11430,2024,F,2,2,21,1589.457586783008,1583.6637865015225,5.793800281485574,-0.27589525149931304,True,5.339999999999918,-0.2542857142857104,2
1333,2024,M,2,2,14,1950.0559376917467,1974.1308609409289,-24.07492324918212,1.71963737494158,False,-14.519999999999982,1.0371428571428558,2
11394,2024,M,2,2,14,1796.036369614806,1704.8598821934725,91.1764874213336,-6.512606244380971,True,102.22000000000003,-7.301428571428573,2
11389,2024,M,3,3,42,1712.7530151801957,1744.2420393622108,-31.4890241820151,0.7497386710003595,False,9.019999999999982,-0.21476190476190432,3
11397,2024,M,2,2,35,1805.5881976363014,1873.3579539012483,-67.76975626494686,1.9362787504270533,False,-31.090000000000146,0.8882857142857185,2
2354,2024,M,3,3,42,1813.5106535642424,1874.8274855536686,-61.31683198942619,1.459924571176814,False,-18.460000000000036,0.43952380952381037,3
1341,2024,M,4,4,35,1829.3458087010013,1970.1270420232665,-140.78123332226528,4.022320952064722,False,-103.94000000000005,2.969714285714287,4
11392,2024,M,2,2,14,1767.458939303305,1760.361475045279,7.097464258026093,-0.5069617327161495,True,16.329999999999927,-1.1664285714285663,2
1697,2024,M,4,4,35,2010.0012199839498,2015.5248858335958,-5.523665849646022,0.15781902427560063,False,35.61999999999989,-1.0177142857142827,4
1436,2024,M,3,3,35,2615.542235638785,2373.1324625149628,242.4097731238221,-6.925993517823489,True,297.0600000000004,-8.487428571428582,3
1203,2024,M,2,2,14,1704.2841829813622,1706.5268911660532,-2.2427081846910824,0.16019344176364875,False,6.480000000000018,-0.46285714285714413,2
11400,2024,M,4,4,35,1854.605954510655,1773.303495503483,81.30245900717205,-2.322927400204916,True,119.64999999999986,-3.4185714285714246,4
11405,2024,M,2,2,35,1889.4179283418046,1813.623948887657,75.79397945414757,-2.165542270118502,True,114.82999999999993,-3.280857142857141,2
1257,2024,M,3,3,35,1752.092106684454,1786.4449766064731,-34.35286992201918,0.981510569200548,False,1.3799999999998818,-0.03942857142856805,3
1260,2024,M,2,2,14,1833.1997127546178,2058.166050071567,-224.9663373169492,16.0690240940678,False,-204.91000000000008,14.636428571428578,2
11388,2024,M,2,2,14,1700.8693312882842,1740.5534860769665,-39.684154788682235,2.834582484905874,False,-31.720000000000027,2.265714285714288,2
11431,2024,F,3,3,35,1595.4073808417127,1639.1629899999,-43.755609158187326,1.250160261662495,False,-18.8599999999999,0.53885714285714,3
1053,2024,F,3,3,21,1604.2683591433083,1797.7905180089056,-193.52215886559725,9.215340898361774,False,-198.07999999999993,9.43238095238095,3
11432,2024,F,4,4,35,1617.1971538112334,1619.8494388271104,-2.6522850158769415,0.07577957188219833,False,22.769999999999982,-0.650571428571428,4
11433,2024,F,3,3,42,1628.5772376698094,1605.1382499912265,23.438987678582862,-0.5580711352043538,True,54.309999999999945,-1.2930952380952367,3
11441,2024,F,2,2,14,1729.9883897807697,1640.0840013361278,89.90438844464188,-6.421742031760134,True,88.03999999999996,-6.288571428571426,2
11445,2024,F,3,3,35,1785.9576221946093,1831.8007297903528,-45.843107595743504,1.3098030741641,False,-17.960000000000036,0.5131428571428582,3
11447,2024,F,3,3,42,1817.774807556312,1684.188190250692,133.58661730561994,-3.180633745371903,True,168.18000000000006,-4.004285714285716,3
1102,2024,F,3,3,35,1883.8498680995158,1890.2391552461647,-6.38928714664894,0.18255106133282684,False,23.210000000000036,-0.6631428571428581,3
11453,2024,F,2,2,21,2119.5479701351,1966.9617082104785,152.58626192462157,-7.266012472601027,True,154.9599999999998,-7.3790476190476095,2
1134,2024,F,3,3,35,2137.3385405083254,2067.5455193633725,69.79302114495295,-1.994086318427227,True,103.7199999999998,-2.9634285714285657,3
1144,2024,F,2,2,35,2226.5070356517053,2218.8681883460536,7.63884730565178,-0.21825278016147942,True,42.6899999999996,-1.2197142857142742,2
2401,2024,F,3,3,35,1966.1091090347752,1659.7707482100416,306.3383608247336,-8.752524594992389,True,345.7790063987529,-9.879400182821513,3
21481,2024,F,2,2,7,1750.7429455316585,1675.2016782707756,75.54126726088293,-10.791609608697561,True,82.39999999999986,-11.771428571428553,2
2894,2024,F,4,4,35,1936.5419238931013,1688.1437486442944,248.39817524880687,-7.097090721394482,True,287.0069718026084,-8.20019919436024,4
2404,2024,F,3,3,35,1986.436548819676,1711.3399209291395,275.09662789053664,-7.859903654015333,True,314.79103018360206,-8.994029433817202,3
16168,2024,F,4,4,35,1968.1744638792302,1766.3934972103384,201.78096666889178,-5.765170476254051,True,240.7935970506892,-6.87981705859112,4
5344,2024,F,3,3,35,2030.8960294187375,1807.6090136306216,223.28701578811592,-6.379629022517598,True,263.6103763226572,-7.531725037790205,3
16173,2024,F,3,3,35,2089.704291042435,1834.3891438650567,255.31514717737855,-7.294718490782245,True,296.92056278042946,-8.483444650869414,3
2416,2024,F,3,3,29,1979.0153047746526,1865.0518952115474,113.96340956310519,-3.9297727435553513,True,135.44785203549395,-4.6706155874308255,3
16167,2024,F,4,4,35,1959.2608271821082,1692.1259241438386,267.1349030382696,-7.632425801093418,True,306.2674689739106,-8.750499113540302,4
2428,2024,F,3,3,35,2288.195761883232,1983.6211707104771,304.57459117275494,-8.702131176364427,True,350.243853856015,-10.006967253029,3
2437,2024,M,4,4,35,1697.2657604271071,1580.9599993597183,116.30576106738886,-3.323021744782539,True,159.9000000000001,-4.568571428571431,4
2896,2024,M,2,2,7,1674.9809384577036,1638.105530822721,36.875407634982594,-5.267915376426084,True,41.399999999999864,-5.914285714285695,2
16124,2024,M,3,3,35,1880.3051767784486,1678.724654231963,201.58052254648555,-5.759443501328159,True,250.20000000000005,-7.1485714285714295,3
16114,2024,M,3,3,35,1740.6708634027302,1663.293369603452,77.37749379927823,-2.210785537122235,True,121.89999999999986,-3.482857142857139,3
2899,2024,M,4,4,35,1877.8775983122505,1768.6243317774179,109.25326653483262,-3.1215219009952175,True,157.4000000000001,-4.49714285714286,4
2897,2024,M,2,2,7,1788.6786604481038,1778.5799992796833,10.098661168420449,-1.4426658812029214,True,14.799999999999955,-2.1142857142857077,2
2438,2024,M,4,4,35,1750.284074128875,1640.7935610483325,109.49051308054254,-3.128300373729787,True,154.4000000000001,-4.411428571428574,4
2456,2024,M,4,4,35,1839.03634285308,1769.719455202667,69.31688765041304,-1.9804825042975154,True,116.30000000000018,-3.322857142857148,4
2473,2024,M,3,3,35,1926.6233739135093,1854.2430722968993,72.38030161661004,-2.06800861761743,True,121.59999999999991,-3.4742857142857115,3
16123,2024,M,3,3,35,1867.3904593382742,1796.2015307586928,71.18892857958144,-2.033969387988041,True,118.89999999999986,-3.3971428571428532,3
28517,2025,M,3,3,21,1656.1162097734782,1769.9520249707073,-113.83581519722907,5.420753104629956,False,-64.33173848928345,3.063416118537307,3
2474,2024,M,3,3,29,2029.8354760608206,1868.280563475093,161.5549125857276,-5.5708590546802625,True,199.80000000000018,-6.889655172413799,3
2469,2024,M,4,4,35,1990.4201360051973,1928.711465213843,61.70867079135428,-1.7631048797529794,True,112.50000000000023,-3.2142857142857206,4
2900,2024,M,4,4,35,1880.2080736398007,1824.1769564400581,56.03111719974254,-1.600889062849787,True,104.0,-2.9714285714285715,4
16132,2024,M,2,2,28,1966.4356607591594,1968.3111312608846,-1.8754705017252036,0.0669810893473287,False,42.899999999999864,-1.5321428571428524,2
2467,2024,M,4,4,35,1934.2945218666957,1903.3245130830667,30.970008783629055,-0.884857393817973,True,80.20000000000005,-2.2914285714285727,4
21482,2024,M,2,2,7,2000.186213146403,1979.7840395004635,20.402173645939456,-2.914596235134208,True,25.700000000000045,-3.671428571428578,2
2463,2024,M,4,4,35,2216.670449054866,1983.5671931513243,233.1032559035416,-6.660093025815474,True,290.4000000000001,-8.297142857142859,4
1154,2024,F,4,4,35,2130.3203320305133,2148.184573229143,-17.86424119862977,0.510406891389422,False,15.559999999999945,-0.444571428571427,4
28518,2025,M,2,2,7,1686.5214818651775,1656.978903351692,29.542578513485523,-4.220368359069361,True,31.8599999999999,-4.551428571428557,2
18725,2024,F,4,4,36,1340.461220039437,1436.5101820446864,-96.04896200524945,2.6680267223680403,False,-48.83824168852652,1.3566178246812923,4
18726,2024,F,3,3,36,1455.8124822980235,1369.8577012988458,85.95478099917773,-2.3876328055327147,True,138.22018855192687,-3.8394496819979684,3
66,2024,F,3,3,36,1458.2692536037337,1467.647833497594,-9.378579893860433,0.2605161081627898,False,42.47721394244354,-1.1799226095123205,3
18727,2024,F,2,2,15,1463.767741764133,1626.808288408224,-163.0405466440909,10.869369776272727,False,-126.99991970735209,8.466661313823472,2
71,2024,F,2,2,15,1658.0866531348352,1677.1747855531257,-19.08813241829057,1.2725421612193712,False,24.148612371139507,-1.6099074914093003,2
86,2024,F,3,3,15,1674.1141611768496,1681.5116267945655,-7.397465617715852,0.49316437451439016,False,36.43015896641532,-2.428677264427688,3
2,2024,M,2,2,14,1416.733386043696,1443.9183074535983,-27.184921409902245,1.9417801007073032,False,15.299999999999955,-1.0928571428571396,2
8,2024,M,4,4,18,1545.1428706946037,1537.2655413630064,7.877329331597366,-0.4376294073109648,True,58.0866663653419,-3.227037020296772,4
9,2024,M,2,2,18,1600.7933883689118,1704.427546368943,-103.63415800003122,5.7574532222239565,False,-52.507161580703496,2.917064532261305,2
471,2024,M,2,2,15,1615.8834251130677,1771.577830765916,-155.69440565284822,10.379627043523215,False,-117.60935750428735,7.840623833619157,2
27,2024,M,3,3,18,1633.953023252567,1624.7521981885434,9.200825064023547,-0.5111569480013082,True,62.30298071133711,-3.4612767061853953,3
16141,2024,M,3,3,35,2114.5179471972474,1977.0960092748521,137.42193792239527,-3.926341083497008,True,191.69999999999982,-5.4771428571428515,3
18730,2024,M,3,3,36,1650.0042088339303,1745.3729651466308,-95.3687563127005,2.649132119797236,False,-39.0,1.0833333333333333,3
18731,2024,M,5,5+,18,1657.6933995315894,1606.005057440214,51.68834209137549,-2.871574560631972,True,105.89948478005249,-5.883304710002916,5
18732,2024,M,3,3,18,1672.7834362757455,1721.612425388245,-48.82898911249936,2.7127216173610753,False,5.0710430229746635,-0.2817246123874813,3
26999,2025,M,3,3,28,1704.550390805511,1686.9784422252196,17.57194858029129,-0.6275695921532604,True,34.700000000000045,-1.2392857142857159,3
150,2024,M,4,4,18,1759.8635209267352,1723.174687117272,36.688833809463176,-2.0382685449701765,True,94.09633435058163,-5.227574130587868,4
18736,2024,M,4,4,36,1790.6202837173719,1691.5911815762984,99.02910214107351,-2.7508083928075973,True,161.4000000000001,-4.483333333333336,4
18737,2024,M,2,2,18,1889.1380395311294,1751.2953982397662,137.84264129136318,-7.657924516186843,True,200.25157824750863,-11.125087680417145,2
2487,2024,M,2,2,7,2612.763721407345,2010.1488253823725,602.6148960249727,-86.08784228928182,True,612.0999999999999,-87.44285714285714,2
19364,2024,M,3,3,22,1599.5458769711295,1616.0695821012412,-16.523705130111694,0.7510775059141679,False,-9.900000000000091,0.4500000000000041,3
18919,2024,M,2,2,22,1756.8010712519995,1758.3665876237583,-1.5655163717588039,0.07115983507994562,False,129.81000000000017,-5.900454545454553,2
18773,2024,M,2,2,22,1866.4711083440727,1896.660629985458,-30.189521641385227,1.3722509836993284,False,73.80999999999995,-3.3549999999999973,2
26835,2025,M,5,5+,57,1706.4070249739823,1700.3285375972546,6.078487376727708,-0.10664012941627557,True,33.89999482304347,-0.5947367512814644,5
689,2025,M,4,4,42,1953.3130394492375,1649.9728073904396,303.34023205879794,-7.222386477590427,True,331.0999999999999,-7.883333333333331,4
28519,2025,M,3,3,21,1628.799646213841,1701.977177889852,-73.17753167601109,3.4846443655243373,False,-24.281667596912712,1.156269885567272,3
1584,2025,M,4,4,43,1702.379440417303,1750.615139321526,-48.235698904223,1.121760439633093,False,-27.264754031806888,0.6340640472513229,4
26180,2025,M,5,5+,42,1845.4076912633268,1778.9034195833349,66.50427167999192,-1.5834350399998076,True,92.09999999999991,-2.192857142857141,5
1557,2025,M,5,5+,57,1719.1341921730896,1739.5162642730534,-20.382072099963807,0.3575802122800668,False,7.571001204370759,-0.13282458253282034,5
27014,2025,M,4,4,42,1873.047985557074,1766.2397012937,106.80828426337416,-2.5430543872231945,True,132.9000000000001,-3.1642857142857164,4
27016,2025,M,3,3,28,1882.4909330737992,1830.414325674106,52.0766073996931,-1.8598788357033251,True,71.21000000000004,-2.543214285714287,3
19390,2025,M,4,4,42,1887.9009550885894,1846.4100123556395,41.49094273294986,-0.9878795888797586,True,67.59999999999991,-1.6095238095238074,4
19010,2025,M,6,5+,57,1882.0097116452098,1777.3079905074753,104.70172113773447,-1.8368723006620082,True,135.66704489452354,-2.380123594640764,6
1589,2025,M,6,5+,57,1880.3986778225376,1984.2151987830032,-103.8165209604656,1.8213424729906245,False,-73.47485464741658,1.289032537673975,6
7697,2025,M,5,5+,57,1869.1214410638354,1873.4325923280098,-4.311151264174441,0.07563423270481476,False,26.131848559002265,-0.4584534834912678,5
26097,2025,M,3,3,21,2043.557985902564,1948.2641530974977,95.29383280506636,-4.537801562146017,True,157.64567157005922,-7.5069367414313914,3
26837,2025,M,3,3,43,1972.5498124793655,1978.3105395938394,-5.760727114473866,0.13397039801102015,False,18.871799151562072,-0.43887905003632727,3
557,2025,M,3,3,21,1920.4669821434093,1941.9381357221064,-21.471153578697113,1.0224358846998625,False,36.528591133823056,-1.7394567206582408,3
26112,2025,M,3,3,21,2044.984852252168,1968.5949384989124,76.38991375325554,-3.637614940631216,True,138.68338115780534,-6.603970531324064,3
11517,2025,M,2,2,43,2438.944104142855,2227.4830767881344,211.4610273547205,-4.917698310574895,True,243.37171654324538,-5.659807361470823,2
7701,2025,M,3,3,43,2288.4735451053075,2260.17561037289,28.297934732417616,-0.6580915054050608,True,57.10829932603201,-1.328099984326326,3
731,2025,M,5,5+,42,1812.1606468815237,1792.165423776417,19.99522310510679,-0.47607674059778066,True,45.0,-1.0714285714285714,5
27003,2025,M,4,4,42,1740.7483562862903,1823.9742909763654,-83.22593469007506,1.981569873573216,False,-59.5,1.4166666666666667,4
3328,2024,M,3,3,36,1562.6357795317783,1656.39940452658,-93.7636249948016,2.604545138744489,False,-40.40000000000009,1.1222222222222247,3
4603,2024,M,2,2,36,1743.5239906942095,1717.0406022676202,26.483388426589272,-0.7356496785163686,True,86.79999999999995,-2.4111111111111097,2
19,2024,M,6,5+,36,1646.4479581362627,1652.2241089444099,-5.776150808147122,0.16044863355964228,False,51.0,-1.4166666666666667,6
16113,2024,M,2,2,35,1708.6268276489143,1777.484875854434,-68.85804820551971,1.9673728058719917,False,-25.800000000000182,0.7371428571428623,2
16115,2024,M,2,2,35,1745.8173297510707,1773.6021655285506,-27.784835777479884,0.7938524507851396,False,16.40000000000009,-0.4685714285714312,2
16117,2024,M,2,2,35,1783.7846569624094,1609.433208416197,174.3514485462124,-4.981469958463212,True,220.4000000000001,-6.29714285714286,2
735,2024,M,3,3,35,1840.6870962100945,1716.257520715503,124.42957549459152,-3.5551307284169007,True,171.69999999999982,-4.90571428571428,3
4700,2024,M,3,3,35,1916.913060048717,1857.7275559226919,59.18550412602508,-1.6910144036007166,True,108.09999999999991,-3.088571428571426,3
752,2024,M,2,2,7,1934.2945218666957,2005.301639383524,-71.0071175168282,10.143873930975458,False,-85.09999999999991,12.157142857142844,2
2465,2024,M,2,2,35,1948.277373831997,1938.766689391131,9.510684440866044,-0.27173384116760124,True,59.0,-1.6857142857142857,2
16129,2024,M,2,2,35,1956.7253468943666,2024.1863165605666,-67.46096966620007,1.927456276177145,False,-18.100000000000136,0.517142857142861,2
16131,2024,M,2,2,35,1963.8138760156655,1834.9290773425043,128.88479867316119,-3.6824228192331767,True,179.30000000000018,-5.122857142857148,2
16135,2024,M,2,2,35,2011.977032785037,1920.647374537008,91.32965824802886,-2.609418807086539,True,142.79999999999995,-4.079999999999998,2
16139,2024,M,2,2,35,2060.237292693056,1966.8416717475188,93.3956209455373,-2.668446312729637,True,146.0999999999999,-4.174285714285712,2
5408,2024,M,3,3,35,2084.221767939094,2015.2262158085277,68.99555213056647,-1.9713014894447562,True,122.20000000000005,-3.491428571428573,3
787,2024,M,2,2,35,2086.358036989349,2159.0856112162605,-72.72757422691166,2.077930692197476,False,-20.09999999999991,0.5742857142857117,2
784,2024,M,2,2,35,2090.53347195121,1965.7465483222695,124.78692362894026,-3.5653406751125787,True,178.4000000000001,-5.09714285714286,2
16140,2024,M,2,2,35,2103.545292530032,1878.0371176273131,225.5081749027188,-6.443090711506251,True,279.9000000000001,-7.99714285714286,2
16142,2024,M,2,2,35,2117.916557049925,2013.8324223582106,104.08413469171433,-2.9738324197632666,True,158.29999999999995,-4.522857142857141,2
16143,2024,M,2,2,35,2146.5619829510624,2061.1218429939713,85.4401399570911,-2.4411468559168887,True,140.29999999999973,-4.008571428571421,2
4369,2024,M,2,2,7,2182.9756599440357,2157.7435674845583,25.23209245947737,-3.604584637068196,True,13.099999999999909,-1.8714285714285583,2
16146,2024,M,2,2,35,2239.3925834984802,1924.7291982129368,314.6633852855434,-8.990382436729812,True,372.89999999999986,-10.654285714285711,2
799,2024,M,2,2,35,2275.223641659566,2135.78934926096,139.43429239860598,-3.9838369256744564,True,197.79999999999973,-5.651428571428563,2
16147,2024,M,2,2,35,2300.179148292083,2215.633802629127,84.54534566295615,-2.41558130465589,True,143.30000000000018,-4.09428571428572,2
16148,2024,M,2,2,35,2326.7854082816143,2480.056331489291,-153.2709232076768,4.379169234505051,False,-94.90000000000009,2.711428571428574,2
2478,2024,M,4,4,35,2435.929336121884,2195.025570899438,240.9037652224456,-6.8829647206413025,True,303.7999999999997,-8.679999999999993,4
16112,2024,M,2,2,7,1671.9218412399982,1681.1091159108998,-9.187274670901616,1.3124678101288023,False,-19.5,2.7857142857142856,2
18879,2024,M,3,3,35,1789.2521985988149,1822.1538608336878,-32.9016622348729,0.94004749242494,False,-28.049999999999955,0.8014285714285702,3
913,2024,M,2,2,28,1878.1498565970614,1827.0476939987977,51.1021625982637,-1.825077235652275,True,72.21000000000004,-2.578928571428573,2
18565,2024,M,3,3,42,1853.4687572011173,1828.9253279478605,24.543429253256818,-0.5843673631727814,True,95.00999999999999,-2.262142857142857,3
18564,2024,M,2,2,42,1842.6918809652107,1832.21118735872,10.480693606490604,-0.249540323964062,True,80.51999999999998,-1.9171428571428568,2
4315,2024,M,3,3,42,1957.6954487651183,1833.339765211082,124.3556835540362,-2.9608496084294336,True,170.8599999999999,-4.0680952380952355,3
18596,2024,F,3,3,42,1454.7088839374028,1468.071745869823,-13.362861932420174,0.3181633793433375,False,34.25,-0.8154761904761905,3
18821,2024,F,2,2,35,1569.973367658694,1468.2415309594514,101.73183669924265,-2.9066239056926473,True,106.36703481049494,-3.0390581374427126,2
2083,2024,F,2,2,35,1536.262655045029,1470.3189014678496,65.94375357717945,-1.88410724506227,True,70.43688916460633,-2.0124825475601806,2
2093,2023,F,2,2,21,1764.5374413087986,1840.772857886127,-76.23541657732835,3.630257932253731,False,-70.7199999999998,3.367619047619038,2
2094,2023,F,3,3,21,1776.5575054424316,1825.07581811207,-48.51831266963836,2.3103958414113506,False,-42.960000000000036,2.0457142857142876,3
2096,2023,F,3,3,21,1791.2686287104605,1832.2244699836945,-40.955841273234,1.9502781558682858,False,-35.34999999999991,1.683333333333329,3
2097,2023,F,2,2,21,1801.8335275343832,1847.3216228874057,-45.48809535302257,2.1660997787153606,False,-39.850000000000136,1.8976190476190542,2
2106,2023,F,2,2,21,2074.7467913048167,1885.5544127574663,189.19237854735047,-9.009160883207166,True,195.7299999999998,-9.32047619047618,2
2108,2023,M,3,3,21,1642.0110330911484,1595.1280875589835,46.88294553216497,-2.2325212158173793,True,51.67000000000007,-2.460476190476194,3
2110,2023,M,2,2,21,1696.869011157035,1690.7963817498082,6.072629407226714,-0.2891728289155578,True,11.009999999999991,-0.5242857142857138,2
2112,2023,M,2,2,21,1706.329345735361,1629.1403706436513,77.18897509170961,-3.6756654805576003,True,82.17000000000007,-3.9128571428571464,2
2113,2023,M,3,3,21,1712.3504648979622,1675.0299589324889,37.32050596547333,-1.7771669507368253,True,42.309999999999945,-2.0147619047619023,3
2114,2023,M,2,2,21,1717.6039910547352,1706.6527841520078,10.951206902727336,-0.521486042987016,True,15.950000000000045,-0.7595238095238117,2
2115,2023,M,2,2,21,1722.2892990123887,1754.1720027003398,-31.882703687951107,1.5182239851405288,False,-26.87999999999988,1.2799999999999945,2
2116,2023,M,3,3,21,1726.2867638868972,1704.8231992594463,21.463564627450978,-1.0220745060690941,True,26.49000000000001,-1.2614285714285718,3
2117,2023,M,2,2,21,1729.6063544185963,1791.6235054737572,-62.017151055160866,2.953197669293375,False,-57.0,2.7142857142857144,2
2119,2023,M,2,2,14,1780.387117687291,1802.98035663779,-22.59323895049897,1.613802782178498,False,-20.029999999999973,1.4307142857142838,2
2121,2023,M,2,2,14,1810.3930260969437,1897.82151604011,-87.42848994316637,6.2448921387975975,False,-84.93000000000006,6.066428571428576,2
2122,2023,M,3,3,21,1817.0920196023546,1784.9650161926318,32.127003409722874,-1.5298573052248987,True,37.42000000000007,-1.7819047619047654,3
2123,2023,M,3,3,21,1830.161038182107,1852.0797887815136,-21.91875059940662,1.0437500285431724,False,-16.59999999999991,0.7904761904761861,3
2127,2023,M,3,3,21,1877.6321796594377,1805.5403479352087,72.091831724229,-3.4329443678204283,True,77.56999999999994,-3.693809523809521,3
2128,2023,M,3,3,21,1882.0084566666928,1852.5496821692204,29.458774497472405,-1.4027987855939241,True,34.940000000000055,-1.6638095238095265,3
2129,2023,M,3,3,21,1887.5411075528582,1877.4840249126541,10.057082640204044,-0.4789086971525735,True,15.549999999999955,-0.7404761904761883,3
928,2023,M,3,3,35,2006.8233697001046,2269.6650444782813,-262.84167477817664,7.509762136519332,False,-242.4799999999998,6.927999999999994,3
2132,2023,M,2,2,21,1919.919576162344,2091.4054890992024,-171.48591293685854,8.16599585413612,False,-165.94000000000005,7.901904761904764,2
2134,2023,M,3,3,21,1963.4829714281852,2176.856101540312,-213.37313011212677,10.160625243434609,False,-207.7099999999998,9.890952380952372,3
2138,2023,M,3,3,21,2031.250468228457,2041.5268058806816,-10.276337652224584,0.48934941201069443,False,-4.370000000000118,0.20809523809524372,3
2140,2023,M,3,3,21,2051.6664484354237,2072.4397921528134,-20.773343717389707,0.9892068436852242,False,-14.809999999999945,0.7052380952380927,3
2141,2023,M,3,3,21,2073.517927250692,2007.874441135534,65.64348611515811,-3.1258802911980053,True,71.69000000000005,-3.4138095238095265,3
2142,2023,M,2,2,21,2103.8428353510785,1955.8262501482382,148.01658520284036,-7.048408819182875,True,154.17000000000007,-7.341428571428575,2
2144,2023,M,2,2,21,2149.170697656292,2209.108783853992,-59.93808619770016,2.8541945808428646,False,-53.70000000000027,2.5571428571428703,2
2157,2023,M,2,2,21,2400.353047888192,2415.7419016652543,-15.388853777062195,0.7328025608124855,False,-8.409999999999854,0.40047619047618355,2
2159,2023,M,2,2,21,2472.1578845243143,2501.7723825422577,-29.614498017943333,1.410214191330635,False,-22.43000000000029,1.068095238095252,2
2160,2023,F,2,2,21,1494.5736630549259,1475.1967604838417,19.3769025710842,-0.9227096462421048,True,34.899999999999864,-1.6619047619047553,2
2161,2023,F,2,2,21,1557.2388110197976,1543.4041384563886,13.834672563408958,-0.6587939315909027,True,30.0,-1.4285714285714286,2
2165,2023,F,2,2,21,1706.7851341599405,1665.9377442723699,40.84738988757067,-1.945113804170032,True,58.59999999999991,-2.7904761904761863,2
2168,2023,M,3,3,21,1687.7804280312937,1701.6474134674474,-13.866985436153755,0.6603326398168454,False,0.2999999999999545,-0.01428571428571212,3
2169,2023,M,2,2,7,1710.6498132304507,1633.6441751038797,77.00563812657106,-11.000805446653008,True,85.36000000000013,-12.194285714285732,2
2170,2023,M,2,2,21,1727.0840900402345,1659.1187072112357,67.96538282899883,-3.2364468013808967,True,82.59999999999991,-3.933333333333329,2
2171,2023,M,2,2,7,1742.3303468396725,1681.9411792213102,60.38916761836231,-8.62702394548033,True,68.80000000000018,-9.828571428571454,2
2172,2023,M,3,3,21,1744.21137852272,1774.7249087246005,-30.513530201880485,1.4530252477085945,False,-15.900000000000091,0.7571428571428614,3
2173,2023,M,3,3,21,1776.8819288072302,1822.8442430332723,-45.962314226042054,2.1886816298115264,False,-31.100000000000136,1.4809523809523875,3
2174,2023,M,2,2,21,1791.9301822716104,1741.879968916399,50.050213355211326,-2.3833434931053015,True,65.20000000000005,-3.104761904761907,2
2175,2023,M,2,2,21,1795.593243970177,1797.4867515096153,-1.8935075394383603,0.09016702568754097,False,13.200000000000045,-0.6285714285714308,2
2176,2023,M,3,3,21,1800.5433273466178,1767.8364563028194,32.7068710437984,-1.5574700497046858,True,47.90000000000009,-2.2809523809523853,3
2177,2023,M,3,3,21,1838.5599676776837,1824.0422347587992,14.517732918884576,-0.6913206151849798,True,30.0,-1.4285714285714286,3
2179,2023,M,2,2,21,1851.9251927940745,1833.4265032754283,18.498689518646188,-0.8808899770783899,True,34.09999999999991,-1.6238095238095194,2
2180,2023,M,2,2,21,1940.7296885674243,2107.6667757773394,-166.93708720991503,7.949385105234049,False,-150.89999999999986,7.185714285714279,2
2181,2023,M,2,2,21,1952.0158786657098,1865.7722798646598,86.24359880104998,-4.106838038145237,True,102.79999999999995,-4.895238095238093,2
2182,2023,M,2,2,7,1996.7646323887357,1848.9318503769239,147.8327820118118,-21.118968858830254,True,157.9000000000001,-22.55714285714287,2
2184,2023,M,3,3,21,2054.0865978879215,1960.8129567564763,93.27364113144517,-4.441601958640247,True,110.70000000000027,-5.271428571428585,3
2187,2023,F,2,2,28,1346.7040174304827,1350.6790678314794,-3.975050400996679,0.1419660857498814,False,64.88000000000011,-2.317142857142861,2
2193,2023,M,2,2,28,1554.5087725904307,1665.0678124837536,-110.55903989332296,3.948537139047249,False,-38.039999999999964,1.3585714285714272,2
2194,2023,M,2,2,28,1678.2233460569798,1765.5662783348434,-87.34293227786361,3.1193904384951288,False,-8.879999999999882,0.3171428571428529,2
2195,2023,M,2,2,28,1686.8700635573298,1681.031790877558,5.838272679771762,-0.20850973856327723,True,85.21000000000004,-3.043214285714287,2
2197,2023,M,2,2,28,1717.751197487152,2965.3214196541394,-1247.5702221669874,44.55607936310669,False,-1173.5000000000002,41.91071428571429,2
2199,2023,M,2,2,28,1728.6783679546274,1824.2600082425317,-95.58164028790429,3.4136300102822963,False,-14.789999999999964,0.5282142857142844,2
2200,2023,M,2,2,28,1847.927054360556,1832.207185025491,15.719869335064914,-0.5614239048237469,True,102.72000000000003,-3.6685714285714295,2
2201,2023,M,2,2,28,1898.2870573845737,1911.7286848750025,-13.4416274904288,0.48005812465817144,False,75.76999999999998,-2.706071428571428,2
2202,2023,M,2,2,28,2334.613725094553,2160.9855687059917,173.62815638856137,-6.201005585305763,True,284.3699999999999,-10.156071428571424,2
2203,2023,F,2,2,28,1464.5584101918505,1412.6224061803584,51.93600401149206,-1.8548572861247163,True,119.79999999999995,-4.278571428571427,2
2205,2023,F,2,2,14,1616.3300628550667,1668.4231789550922,-52.093116100025554,3.72093686428754,False,25.200000000000045,-1.8000000000000032,2
2207,2023,F,2,2,28,1785.9795793658297,1641.4984662452914,144.48111312053834,-5.1600397543049406,True,227.67999999999984,-8.131428571428566,2
2210,2023,M,3,3,28,1563.4531236320327,1650.5659554755503,-87.1128318435176,3.1111725658399143,False,-23.059999999999945,0.8235714285714266,3
2211,2023,M,2,2,28,1603.9630310153116,1737.9152752602167,-133.95224424490516,4.784008723032327,False,-68.48000000000002,2.445714285714286,2
2213,2023,M,2,2,28,1683.4541700315579,1809.1812598032748,-125.72708977171692,4.490253206132747,False,-56.930000000000064,2.033214285714288,2
2214,2023,M,2,2,28,1688.9000773920457,1810.941773308386,-122.04169591634036,4.358631997012155,False,-53.0,1.8928571428571428,2
2215,2023,M,2,2,28,1692.5306822990376,1778.0390689303765,-85.50838663133891,3.053870951119247,False,-16.11999999999989,0.5757142857142818,2
2218,2023,M,2,2,28,1804.2195543062394,1894.3025850955974,-90.08303078935796,3.217251099619927,False,-16.1099999999999,0.5753571428571392,2
2219,2023,M,3,3,28,1821.4171564972542,1880.4273515383654,-59.010195041111274,2.107506965753974,False,15.840000000000146,-0.5657142857142909,3
2220,2023,M,2,2,28,1826.480894920164,1918.8503101273166,-92.36941520715254,3.2989076859697337,False,-17.49000000000001,0.6246428571428575,2
2223,2023,M,2,2,28,1939.698442677678,2032.8659389922257,-93.16749631454763,3.3274105826624156,False,-13.61999999999989,0.48642857142856755,2
2233,2023,F,2,2,28,1664.715961631532,1635.4596171144372,29.25634451709493,-1.0448694470391047,True,78.87395584228148,-2.8169269943671957,2
2235,2023,M,2,2,28,1703.9244796365494,1737.991245301419,-34.066765664869536,1.216670202316769,False,7.5,-0.26785714285714285,2
2236,2023,M,2,2,28,1708.202765250793,1703.926656735135,4.276108515657825,-0.15271816127349375,True,46.09999999999991,-1.6464285714285682,2
2238,2023,F,4,4,28,1309.745224934255,1255.1582230173124,54.587001916942654,-1.949535782747952,True,91.61999999999989,-3.2721428571428532,4
2239,2023,F,3,3,28,1429.0504748119104,1373.5447927614848,55.50568205042555,-1.9823457875151982,True,95.8900000000001,-3.4246428571428607,3
2240,2023,F,3,3,28,1480.2365876953484,1353.5534456065,126.6831420888484,-4.524397931744586,True,168.88999999999987,-6.03178571428571,3
2241,2023,F,3,3,28,1493.9765272595228,1386.693330542027,107.28319671749568,-3.83154273991056,True,149.76999999999998,-5.348928571428571,3
2244,2023,F,2,2,28,1566.159590040326,1486.8290933064,79.33049673392611,-2.833232026211647,True,123.68999999999983,-4.417499999999994,2
2246,2023,F,2,2,28,1587.350060213243,1515.821519653057,71.528540560186,-2.5545907342923573,True,116.44000000000005,-4.15857142857143,2
2247,2023,F,2,2,28,1610.1854527283497,1455.7181809179456,154.4672718104041,-5.516688278943003,True,200.4699999999998,-7.15964285714285,2
2251,2023,F,2,2,28,1705.9779891264666,1633.2134950114093,72.76449411505723,-2.5987319326806153,True,121.00999999999999,-4.321785714285714,2
2257,2023,F,2,2,28,1907.1423155625125,1594.891773325759,312.2505422367535,-11.151805079884054,True,367.44000000000005,-13.122857142857145,2
2258,2023,M,3,3,28,1603.13774788438,1684.3439434041231,-81.20619551974323,2.9002212685622584,False,-47.42000000000007,1.6935714285714312,3
2259,2023,M,4,4,28,1606.9361909079216,1659.8360039883387,-52.89981308041706,1.8892790385863236,False,-18.87999999999988,0.67428571428571,4
2260,2023,M,3,3,28,1622.5195469019375,1707.2107261626006,-84.69117926066315,3.0246849735951122,False,-50.50999999999999,1.803928571428571,3
2261,2023,M,3,3,28,1633.6226880476736,1701.869507223365,-68.24681917569137,2.4373863991318347,False,-33.74000000000001,1.2050000000000003,3
2263,2023,M,3,3,28,1665.1789839355556,1826.2095034233328,-161.03051948777716,5.751089981706327,False,-126.34999999999991,4.512499999999997,3
2264,2023,M,2,2,28,1672.3862860827878,1774.2594354165788,-101.87314933379093,3.6383267619211046,False,-66.72000000000003,2.382857142857144,2
2265,2023,M,3,3,28,1703.0660181960066,1789.1889877960805,-86.12296960007393,3.075820342859783,False,-50.23000000000002,1.793928571428572,3
2267,2023,M,3,3,28,1763.6463146227431,1797.81252004993,-34.166205427186924,1.220221622399533,False,3.2999999999999545,-0.11785714285714123,3
2268,2023,M,3,3,28,1771.8275765196017,1833.5797887752387,-61.752212255637005,2.205436151987036,False,-24.25999999999999,0.8664285714285711,3
2269,2023,M,2,2,7,1776.599979292769,1730.567649855174,46.03232943759485,-6.576047062513551,True,84.79999999999995,-12.114285714285709,2
2270,2023,M,2,2,28,1777.2817511175072,2116.6047141308172,-339.3229630133101,12.11867725047536,False,-303.21000000000026,10.82892857142858,2
2272,2023,M,2,2,7,1830.3625574721236,1762.8049820320887,67.55757544003495,-9.651082205719279,True,107.59999999999991,-15.371428571428558,2
2273,2023,M,2,2,7,1867.860007832724,1686.8880547142312,180.97195311849282,-25.85313615978469,True,222.39999999999986,-31.77142857142855,2
2275,2023,M,3,3,28,1883.6381557766651,1917.8954553448834,-34.257299568218286,1.2234749845792245,False,5.769999999999982,-0.20607142857142793,3
2276,2023,M,3,3,28,1896.7866123966162,1875.981308957661,20.805303438955207,-0.7430465513912574,True,61.41000000000008,-2.1932142857142884,3
2277,2023,M,2,2,28,1923.4731095363684,2017.9761722286585,-94.50306269229009,3.375109381867503,False,-53.94999999999982,1.9267857142857079,2
2279,2023,M,3,3,28,2011.713862852483,1952.1110850487382,59.60277780374486,-2.1286706358480307,True,102.86999999999989,-3.6739285714285677,3
2283,2023,M,2,2,28,2128.88122073249,2190.6159061733706,-61.73468544088064,2.2048101943171656,False,-16.61999999999989,0.5935714285714246,2
2284,2023,M,2,2,28,2137.6468584791237,2104.1418699392675,33.504988539856186,-1.1966067335662924,True,79.32000000000016,-2.8328571428571485,2
2285,2023,M,2,2,7,2151.2822949738875,2011.6493270150008,139.63296795888664,-19.94756685126952,True,187.00000000000023,-26.714285714285747,2
2288,2023,M,2,2,28,2387.175346333302,2494.428815854837,-107.25346952153495,3.830481054340534,False,-56.86999999999989,2.031071428571425,2
2289,2023,M,3,3,28,2440.5483406128064,2356.392621369344,84.1557192434625,-3.005561401552232,True,136.71000000000004,-4.882500000000001,3
2321,2023,F,2,2,21,1485.803546586274,1475.79594682035,10.007599765923942,-0.476552369805902,True,20.100000000000136,-0.9571428571428636,2
2322,2023,F,2,2,21,1516.6523951735182,1583.949080560128,-67.29668538660985,3.2046040660290407,False,-57.09999999999991,2.7190476190476147,2
2324,2023,F,2,2,21,1556.130985970056,1520.3354645008128,35.79552146924311,-1.7045486413925293,True,46.399999999999864,-2.209523809523803,2
2326,2023,F,2,2,21,1605.9255904420709,1588.5428424733598,17.3827479687111,-0.8277499032719572,True,28.299999999999955,-1.3476190476190455,2
2327,2023,F,3,3,21,1672.6821020151103,1630.2861572501163,42.395944764994056,-2.0188545126187645,True,53.799999999999955,-2.56190476190476,3
2328,2023,F,2,2,21,1711.6647306157115,1604.7208735590884,106.94385705662307,-5.092564621743956,True,118.69999999999982,-5.652380952380944,2
2329,2023,F,2,2,7,1718.806586237196,1705.0379189949679,13.768667242228048,-1.9669524631754354,True,13.1099999999999,-1.8728571428571286,2
2330,2023,F,2,2,21,1720.3936652641924,1749.5242382153008,-29.130572951108434,1.3871701405289731,False,-17.5,0.8333333333333334,2
2331,2023,F,2,2,7,1731.4040260139805,1943.193185315502,-211.78915930152152,30.255594185931646,False,-210.25913440381305,30.037019200544723,2
2333,2023,F,2,2,21,1789.9275651344758,1799.4564329243397,-9.528867789863853,0.4537556090411358,False,2.599999999999909,-0.12380952380951948,2
2334,2023,F,2,2,21,1792.7049534317198,1684.5125207041322,108.19243272758763,-5.1520206060756015,True,120.5,-5.738095238095238,2
2335,2023,F,2,2,21,1796.3750736816492,1776.986945305272,19.388128376377153,-0.9232442083989121,True,31.59999999999991,-1.5047619047619005,2
2338,2023,F,2,2,21,1843.5906747347947,1971.868135285769,-128.2774605509744,6.1084505024273525,False,-113.6400000000001,5.411428571428576,2
2339,2023,F,2,2,21,1844.1858293699183,1707.5811946597082,136.60463471021012,-6.504982605248101,True,149.29999999999995,-7.109523809523807,2
2340,2023,F,2,2,21,1868.091207214053,1750.6227464988995,117.46846071515347,-5.593736224531118,True,130.29999999999995,-6.204761904761902,2
2342,2023,F,3,3,21,2224.886410970701,1932.4757996292187,292.4106113414823,-13.924314825784872,True,307.9000000000001,-14.661904761904767,3
2343,2023,M,2,2,21,1670.8618149646018,1644.7428065049105,26.11900845969126,-1.2437623076043456,True,35.799999999999955,-1.7047619047619027,2
2344,2023,M,2,2,21,1705.9009773647979,1664.2101720447258,41.69080532007206,-1.985276443812955,True,51.59999999999991,-2.457142857142853,2
2345,2023,M,3,3,21,1733.694080685067,1698.4527688660419,35.24131181902521,-1.6781577056678674,True,45.299999999999955,-2.157142857142855,3
2347,2023,M,2,2,21,1763.4724056710695,1838.4628782696625,-74.99047259859299,3.570974885647285,False,-62.2800000000002,2.965714285714295,2
2348,2023,M,2,2,21,1815.3859522300008,1738.6955141009673,76.69043812903351,-3.6519256251920718,True,89.81000000000017,-4.276666666666675,2
2349,2023,M,2,2,21,1820.746050727481,1788.1024829929863,32.64356773449458,-1.5544556064045039,True,43.200000000000045,-2.057142857142859,2
1239,2023,M,4,4,35,1729.5204158170786,1800.221554695631,-70.70113887855246,2.020032539387213,False,-53.63000000000011,1.5322857142857174,4
2350,2023,M,2,2,21,1827.9921098074085,1805.4733630131293,22.518746794279195,-1.072321275918057,True,33.09999999999991,-1.576190476190472,2
2351,2023,M,2,2,21,1835.436691053909,1783.5101813784659,51.926509675443185,-2.472690936925866,True,62.59999999999991,-2.9809523809523766,2
2352,2023,M,2,2,21,1842.484227967263,1806.2720241634806,36.21220380378236,-1.7243906573229695,True,46.90000000000009,-2.233333333333338,2
2353,2023,M,2,2,21,1883.9753607810933,1920.6802339513185,-36.704873170225255,1.7478511033440598,False,-25.90000000000009,1.2333333333333376,2
2354,2023,M,3,3,21,1900.3534395233944,1974.3320514385732,-73.97861191517882,3.522791043579944,False,-60.27999999999997,2.870476190476189,3
1222,2023,M,4,4,35,1685.9606572046282,1740.9350059913158,-54.97434878668764,1.570695679619647,False,-38.32999999999993,1.095142857142855,4
2361,2023,M,2,2,21,2006.8605818899969,1856.388011348031,150.47257054196598,-7.16536050199838,True,162.29999999999995,-7.728571428571426,2
2363,2023,M,2,2,21,2016.5881680520909,1950.3305291581141,66.25763889397672,-3.155125661617939,True,78.0,-3.7142857142857144,2
2365,2023,M,2,2,7,2056.987428949768,2160.4011046939086,-103.41367574414062,14.773382249162946,False,-102.69999999999982,14.671428571428546,2
2366,2023,M,3,3,21,2063.9357047798353,1945.5385622560057,118.39714252382964,-5.637959167801411,True,130.50000000000023,-6.214285714285725,3
2367,2023,M,2,2,21,2073.166985525496,2030.7956400560176,42.37134546947823,-2.0176831175942014,True,54.399999999999864,-2.590476190476184,2
2368,2023,M,2,2,21,2085.2768376864706,2000.1470184112827,85.12981927518786,-4.053800917866089,True,97.30000000000018,-4.633333333333342,2
2369,2023,M,2,2,21,2130.7384138317675,2037.2847619026227,93.45365192914483,-4.450173901387849,True,105.89999999999986,-5.0428571428571365,2
2370,2023,M,2,2,21,2137.388906411975,1734.192855344267,403.1960510677079,-19.19981195560514,True,416.2000000000003,-19.81904761904763,2
2371,2023,M,2,2,14,2172.8251131453176,2082.512194876207,90.31291826911047,-6.45092273350789,True,103.0,-7.357142857142857,2
2373,2023,M,3,3,21,2234.8632901994897,2228.644351504621,6.218938694868484,-0.2961399378508802,True,22.34999999999991,-1.06428571428571,3
2375,2023,M,2,2,21,2273.575112681293,2190.3230460773634,83.2520666039295,-3.964384123996643,True,99.67999999999984,-4.746666666666659,2
2380,2023,F,2,2,21,1398.0502953420284,1389.0137924160408,9.036502925987634,-0.43030966314226826,True,25.86999999999989,-1.2319047619047567,2
2383,2023,F,3,3,21,1497.242130070164,1572.8641333347214,-75.6220032645574,3.601047774502734,False,-57.710000000000036,2.7480952380952397,3
2385,2023,F,2,2,21,1512.8925727560795,1527.425836149496,-14.533263393416519,0.6920601615912628,False,3.650000000000091,-0.17380952380952813,2
2386,2023,F,2,2,21,1513.6918702703035,1544.4027823505696,-30.710912080266098,1.4624243847745761,False,-12.539999999999964,0.5971428571428554,2
2387,2023,F,3,3,21,1518.7639557309342,1501.26136612196,17.502589608974176,-0.8334566480463893,True,35.799999999999955,-1.7047619047619027,3
2388,2023,F,2,2,21,1548.33796375722,1537.0128175336317,11.325146223588263,-0.5392926773137268,True,29.970000000000027,-1.4271428571428584,2
2389,2023,F,2,2,21,1550.8740064875356,1523.9305825198635,26.94342396767206,-1.2830201889367647,True,45.6400000000001,-2.1733333333333382,2
2390,2023,F,3,3,21,1553.5975387582246,1565.0747109601116,-11.477172201887015,0.5465320096136674,False,7.2000000000000455,-0.342857142857145,3
2391,2023,F,2,2,21,1554.6830045182815,1577.2581664691172,-22.575161950835763,1.0750077119445602,False,-3.900000000000091,0.18571428571429005,2
2393,2023,F,3,3,21,1580.8723329472978,1669.1334047337482,-88.26107178645043,4.202908180307164,False,-69.36000000000013,3.3028571428571487,3
2395,2023,F,2,2,14,1597.3122052768913,1612.5416135315375,-15.22940825464616,1.0878148753318686,False,-16.0,1.1428571428571428,2
2399,2023,F,2,2,21,1623.3140441655341,1648.4614761242062,-25.147431958672087,1.197496759936766,False,-5.650000000000091,0.26904761904762337,2
2400,2023,F,2,2,13,1625.4751078151025,1725.1570832379696,-99.68197542286703,7.6678442632974635,False,-79.96000000000004,6.150769230769233,2
2402,2023,F,3,3,21,1644.9542842728563,1675.324996877669,-30.370712604812752,1.4462244097529882,False,-10.61999999999989,0.5057142857142806,3
2403,2023,F,2,2,21,1666.9004283671036,1672.1293364162907,-5.228908049187112,0.24899562138986248,False,14.819999999999936,-0.7057142857142826,2
2404,2023,F,3,3,21,1667.4530291176782,1673.0281159210533,-5.575086803375143,0.2654803239702449,False,14.480000000000018,-0.6895238095238104,3
2406,2023,F,3,3,21,1701.812954358761,1720.7632940628941,-18.950339704133057,0.9023971287682409,False,1.5,-0.07142857142857142,3
2408,2023,F,3,3,21,1726.660252393525,1675.524725656505,51.13552673701997,-2.435025082715237,True,71.98000000000002,-3.4276190476190487,3
2409,2023,F,3,3,21,1734.00194807973,1759.3109483782725,-25.309000298542514,1.2051904904067865,False,-4.480000000000018,0.2133333333333342,3
2415,2023,F,2,2,21,1788.8574404448023,1798.1581958619042,-9.300755417101982,0.4428931151000944,False,12.210000000000036,-0.5814285714285732,2
2416,2023,F,2,2,21,1793.1400962617554,1696.5961118237196,96.54398443803575,-4.597332592287417,True,118.25,-5.630952380952381,2
2420,2023,F,2,2,21,1874.9348752173378,1862.6705914259826,12.264283791355183,-0.5840135138740563,True,34.83999999999992,-1.659047619047615,2
2421,2023,F,3,3,21,1875.7045691199237,1997.2877883615513,-121.5832192416276,5.789677106744172,False,-99.18000000000006,4.722857142857146,3
2422,2023,F,2,2,13,1876.0795482006708,2089.525601050158,-213.44605284948716,16.41892714226824,False,-190.79999999999995,14.676923076923073,2
2423,2023,F,2,2,21,1892.0753663556955,1942.861696128699,-50.786329773003445,2.4183966558573067,False,-28.089999999999918,1.3376190476190437,2
2426,2023,F,2,2,21,1907.5975267245135,1924.886106033445,-17.288579308931503,0.8232656813776906,False,5.6400000000001,-0.26857142857143335,2
2427,2023,F,2,2,21,1910.1631730664667,1856.3791348926438,53.784038173822864,-2.5611446749439457,True,76.83999999999992,-3.659047619047615,2
2428,2023,F,2,2,21,1934.092759140455,1982.3081299488395,-48.21537080838448,2.2959700384944988,False,-25.00999999999999,1.1909523809523805,2
2430,2023,F,3,3,21,1961.9793613033787,2060.102489305522,-98.12312800214318,4.672529904863961,False,-74.65000000000009,3.554761904761909,3
2431,2023,F,2,2,21,2042.9255033920076,1989.9976879340315,52.92781545797607,-2.520372164665527,True,77.58000000000015,-3.6942857142857215,2
2437,2023,M,2,2,21,1537.2847201559348,1650.4332672011642,-113.1485470452294,5.3880260497728285,False,-90.90000000000009,4.328571428571433,2
2438,2023,M,3,3,21,1537.481517790212,1639.3518437400385,-101.87032594982657,4.850967902372694,False,-79.59999999999991,3.7904761904761863,3
2439,2023,M,2,2,21,1577.480636957042,1695.8571201274,-118.37648317035814,5.636975389064673,False,-95.54999999999995,4.549999999999998,2
2440,2023,M,2,2,21,1619.9889259609058,1726.6055744159287,-106.61664845502287,5.076983259762994,False,-83.15000000000009,3.9595238095238137,2
2441,2023,M,2,2,13,1649.3511329950563,1915.801416883067,-266.45028388801074,20.496175683693135,False,-241.80999999999995,18.600769230769227,2
2442,2023,M,2,2,21,1664.7013484686736,1729.1013905107768,-64.40004204210322,3.066668668671582,False,-40.210000000000036,1.9147619047619064,2
2443,2023,M,3,3,21,1668.8931380787767,1727.6039008538678,-58.7107627750911,2.7957506083376713,False,-34.450000000000045,1.6404761904761926,3
2445,2023,M,2,2,21,1687.844750259666,1804.8743671503657,-117.0296168906998,5.572838899557134,False,-92.59000000000015,4.409047619047626,2
2447,2023,M,3,3,21,1708.5183417404803,1836.1219846578642,-127.60364291738392,6.076363948446853,False,-102.88000000000011,4.899047619047624,3
2448,2023,M,2,2,21,1718.555021088615,1851.4962118021285,-132.9411907135136,6.330532891119695,False,-108.07999999999993,5.146666666666663,2
2449,2023,M,3,3,21,1719.0076556474526,1788.901144143338,-69.89348849588532,3.32826135694692,False,-44.92000000000007,2.1390476190476226,3
2450,2023,M,3,3,21,1723.5733607626821,2004.0404915192457,-280.4671307565636,13.355577655074459,False,-255.7800000000002,12.18000000000001,3
2453,2023,M,3,3,21,1742.8398491584148,1833.8258338506039,-90.98598469218905,4.332665937723288,False,-65.70000000000005,3.128571428571431,3
2454,2023,M,3,3,21,1746.0082910702772,1725.8069132655776,20.201377804699632,-0.9619703716523634,True,45.72000000000003,-2.1771428571428584,3
2455,2023,M,3,3,21,1746.5396446828254,1854.4911911159463,-107.95154643312094,5.1405498301486166,False,-82.63999999999987,3.935238095238089,3
2456,2023,M,3,3,21,1757.4028740949236,1776.621728956685,-19.21885486176143,0.9151835648457823,False,6.400000000000091,-0.3047619047619091,3
2459,2023,M,3,3,21,1793.8497959630515,1922.1777236082273,-128.3279276451758,6.110853697389324,False,-102.36000000000013,4.874285714285721,3
2460,2023,M,3,3,21,1794.0662733607562,1912.5937898040106,-118.5275164432544,5.644167449678781,False,-92.53999999999996,4.4066666666666645,3
2463,2023,M,3,3,21,1798.6713380028416,1925.1727029220451,-126.50136491920352,6.023874519962073,False,-100.46000000000004,4.783809523809525,3
2464,2023,M,3,3,21,1809.5739269417954,1943.741574667715,-134.16764772591955,6.388935605996169,False,-107.98000000000002,5.141904761904763,3
2465,2023,M,2,2,21,1828.1614634992723,2054.8553072103537,-226.6938437110814,10.794944938622924,False,-200.3900000000001,9.542380952380958,2
2466,2023,M,3,3,21,1828.722336756962,1917.485589349913,-88.76325259295095,4.226821552045283,False,-62.22000000000003,2.962857142857144,3
2467,2023,M,3,3,21,1832.6681293242186,1999.1486919733434,-166.48056264912475,7.927645840434512,False,-140.01,6.667142857142856,3
2468,2023,M,3,3,21,1847.7329882281342,1969.4983967665476,-121.76540853841334,5.798352787543492,False,-95.0,4.523809523809524,3
2469,2023,M,3,3,21,1871.9882966527925,2061.0449311255766,-189.05663447278403,9.002696879656382,False,-162.04999999999995,7.716666666666664,3
2470,2023,M,2,2,21,1880.2144377655775,2013.2250947482867,-133.01065698270918,6.333840808700437,False,-105.78999999999996,5.037619047619046,2
2471,2023,M,3,3,21,1880.9917884209722,1878.6506909140762,2.3410975068959488,-0.11148083366171184,True,29.799999999999955,-1.419047619047617,3
2473,2023,M,2,2,21,1913.3354796144213,2136.618242477578,-223.28276286315668,10.632512517293176,False,-195.7299999999998,9.32047619047618,2
2474,2023,M,3,3,21,1914.713063054361,2123.240668209192,-208.52760515483078,9.929885959753847,False,-180.9300000000003,8.615714285714299,3
2476,2023,M,3,3,21,2041.5589782276966,2149.8959841021697,-108.3370058744731,5.158905041641576,False,-78.7199999999998,3.748571428571419,3
2478,2023,M,3,3,21,2050.660868813015,2154.8876162918664,-104.2267474788514,4.963178451373876,False,-74.4699999999998,3.546190476190467,3
2481,2023,M,3,3,21,2106.689155291718,2277.881433445981,-171.19227815426302,8.152013245441097,False,-140.73000000000002,6.701428571428572,3
2482,2023,M,2,2,21,2175.2436111921625,2289.6616854136646,-114.41807422150214,5.448479724833435,False,-82.86000000000013,3.945714285714292,2
2484,2023,M,3,3,21,2201.368497142454,2289.2623548384886,-87.8938576960345,4.185421795049262,False,-55.909999999999854,2.6623809523809454,3
2487,2023,M,3,3,21,2329.9560713791416,2518.5779376331343,-188.62186625399272,8.98199363114251,False,-154.9300000000003,7.377619047619062,3
2489,2023,M,2,2,21,2475.497761808806,2748.3926836467485,-272.89492183794255,12.994996277997265,False,-237.2199999999998,11.296190476190466,2
2491,2023,M,2,2,13,2769.405188720011,3099.443063914576,-330.037875194565,25.387528861120384,False,-288.5300000000002,22.1946153846154,2
2492,2023,M,2,2,28,1731.9606454548507,1631.2185703926643,100.74207506218636,-3.5979312522209415,True,137.0,-4.892857142857143,2
2493,2023,M,2,2,28,1785.4668051112628,1736.7882446681524,48.67856044311043,-1.7385200158253724,True,85.09999999999991,-3.039285714285711,2
2495,2023,M,2,2,28,2012.507224789116,2061.459226169024,-48.9520013799081,1.7482857635681464,False,-39.59999999999991,1.414285714285711,2
2496,2023,M,3,3,28,2375.1810578722248,2560.9001153624636,-185.7190574902388,6.632823481794243,False,-176.9000000000001,6.317857142857146,3
2497,2023,M,3,3,28,1715.8541137478355,1716.637608516872,-0.7834947690364515,0.027981956037016125,False,7.899999999999864,-0.28214285714285225,3
2499,2023,F,3,3,21,1351.1066791341307,1362.5497292202504,-11.443050086119683,0.5449071469580802,False,13.349633033192731,-0.6356968111044158,3
2500,2023,F,3,3,21,1413.1990762308822,1399.1999601366845,13.999116094197689,-0.6666245759141757,True,39.9664522269411,-1.9031643917591001,3
1379,2023,M,2,2,14,2041.3686877016696,2067.1918700922947,-25.823182390625107,1.8445130279017934,False,-38.82999999999993,2.7735714285714232,2
2503,2023,F,3,3,28,1480.9036707575328,1551.2539944196303,-70.35032366209748,2.5125115593606244,False,-79.99386222910653,2.856923651039519,3
5264,2023,F,3,3,28,1495.5909108400338,1519.9381946454841,-24.347283805450388,0.8695458501946567,False,-32.91699922750854,1.1756071152681622,3
2506,2023,F,2,2,15,1509.561700186803,1632.6411413648284,-123.07944117802549,8.205296078535033,False,-98.37071490891526,6.558047660594351,2
1478,2023,F,3,3,28,1614.5522313561028,1563.8112313767335,50.740999979369235,-1.8121785706917584,True,71.89597928252374,-2.5677135458044194,3
2508,2023,F,3,3,28,1579.1768300087385,1603.3494370345654,-24.172607025826892,0.8633073937795318,False,-33.182819543616915,1.1851006979863183,3
2511,2023,F,3,3,21,1592.1923517078653,1644.7664937157374,-52.57414200787207,2.5035305718034317,False,-23.41064013569644,1.1147923874141161,3
2512,2023,F,2,2,21,1617.9845781942083,1600.8261623717833,17.158415822425013,-0.8170674201154768,True,46.89019245247573,-2.232866307260749,2
2513,2023,F,2,2,28,1633.9853112922176,1630.372728428455,3.6125828637625546,-0.12902081656294836,True,-4.993550293750559,0.17834108191966283,2
2515,2023,F,3,3,28,1665.747960576325,1745.3924416176094,-79.64448104128428,2.8444457514744386,False,-90.50456201387169,3.2323057862097033,3
2516,2023,F,2,2,14,1594.3851571951523,1668.3749466073416,-73.98978941218934,5.284984958013524,False,-64.77797655975769,4.626998325696978,2
2518,2023,F,2,2,28,1683.659228969619,1755.1481424818294,-71.48891351221027,2.5531754825789386,False,-82.24009493875201,2.9371462478125716,2
2522,2023,F,3,3,28,1708.3767793523646,1803.3413047510764,-94.96452539871188,3.391590192811139,False,-106.43513037508706,3.8012546562531093,3
2524,2023,F,3,3,28,1715.3024697977717,1934.9457094094053,-219.6432396116336,7.8444014147012,False,-234.2728697727075,8.366888206168126,3
2527,2023,F,3,3,28,1792.9179661687112,1929.482516925442,-136.5645507567308,4.877305384168957,False,-149.52684578052208,5.340244492161503,3
2530,2023,F,2,2,28,1819.6654603026968,1843.437235303021,-23.77177500032417,0.8489919642972917,False,-34.05190828167656,1.2161395814884486,2
2532,2023,F,2,2,15,1888.0865055650793,1977.771728859793,-89.68522329471375,5.97901488631425,False,-58.581644054719845,3.905442936981323,2
2533,2023,F,2,2,15,1931.6705919887606,2006.8815300003273,-75.21093801156667,5.014062534104444,False,-43.33810750526186,2.8892071670174575,2
2534,2023,F,3,3,21,1934.0587611078665,2005.077210736161,-71.01844962829455,3.3818309346806927,False,-35.602845228579326,1.6953735823133012,3
2535,2023,F,2,2,28,2034.3618641103121,2178.54555998898,-144.183695878668,5.149417709952429,False,-158.62182960790915,5.665065343139612,2
2541,2023,M,2,2,14,1583.4947626482217,1646.219235756871,-62.72447310864936,4.480319507760669,False,-59.81006899023123,4.272147785016516,2
2542,2023,M,3,3,28,1596.0955167276506,1606.1531449361937,-10.057628208543065,0.3592010074479666,False,-11.803252563097658,0.42154473439634493,3
2543,2023,M,3,3,28,1605.7884044810573,1613.8202162522905,-8.031811771233151,0.28685042040118397,False,-9.751855311456666,0.34828054683773807,3
2544,2023,M,3,3,28,1626.305016892435,1673.0925752728856,-46.78755838045049,1.6709842278732319,False,-49.19973112881598,1.757133254600571,3
2545,2023,M,3,3,28,1630.0206238645742,1631.6117535370795,-1.5911296725053035,0.05682605973233227,False,-3.223362182353867,0.11512007794120953,3
2546,2023,M,3,3,28,1630.989912639915,1667.1948281066573,-36.20491546674225,1.2930326952407947,False,-38.43822245718957,1.3727936591853418,3
2548,2023,M,2,2,28,1645.044599882355,1758.609909183197,-113.56530930084205,4.055903903601502,False,-117.15369644231009,4.1840605872253605,2
2549,2023,M,3,3,28,1650.214140017505,1680.2681676584634,-30.05402764095834,1.0733581300342263,False,-32.19961790810157,1.1499863538607704,3
2538,2023,M,2,2,28,1523.7219548355467,1607.9224690860622,-84.20051425051543,3.0071612232326936,False,-87.16035204201785,3.112869715786352,2
2551,2023,M,2,2,28,1675.2541000471394,1819.2584092092454,-144.00430916210598,5.143011041503785,False,-148.15017500802855,5.291077678858163,2
1546,2023,M,3,3,42,1709.026023721665,1724.4029756190725,-15.37695189740748,0.3661179023192257,False,3.7000000000000455,-0.08809523809523918,3
2555,2023,M,3,3,28,1703.5250226612425,1709.0688329868788,-5.5438103256362865,0.19799322591558166,False,-7.316933024075524,0.26131903657412586,3
2556,2023,M,3,3,28,1727.2725976570891,1784.5599967146018,-57.28739905751263,2.0459785377683084,False,-59.9810097575546,2.142178919912664,3
2557,2023,M,2,2,28,1730.5035602415583,1821.8140996479444,-91.31053940638617,3.26109069308522,False,-94.59721067367445,3.3784718097740876,2
2559,2023,M,2,2,15,1737.9347741858364,1868.3502468464476,-130.41547266061116,8.694364844040743,False,-106.84447278074958,7.122964852049972,2
1562,2023,M,2,2,14,1735.2738636764348,1740.6810923826351,-5.407228706200385,0.38623062187145607,False,15.85324355945113,-1.132374539960795,2
2563,2023,M,2,2,28,1761.682349181683,1802.9413087160137,-41.25895953433064,1.4735342690832371,False,-43.708549514228935,1.5610196255081763,2
2564,2023,M,2,2,14,1764.5902155077054,1899.3851103188103,-134.794894811105,9.628206772221786,False,-132.45313033873663,9.46093788133833,2
2565,2023,M,3,3,28,1768.4673706090678,1844.7170178101312,-76.24964720106345,2.723201685752266,False,-79.31257143807989,2.8325918370742817,3
2566,2023,M,3,3,28,1768.9520149967382,1811.1981547487333,-42.24613975199509,1.508790705428396,False,-44.72000157549792,1.5971429134106399,3
2569,2023,M,2,2,14,1792.376493734138,1901.7520682422564,-109.37557450811846,7.812541036294176,False,-106.6124582173652,7.615175586954657,2
2570,2023,M,2,2,14,1793.0226862510317,1883.5067675823582,-90.48408133132648,6.4631486665233195,False,-87.45569840058897,6.246835600042069,2
2571,2023,M,2,2,28,1793.9919750263725,1897.0103760173563,-103.01840099098376,3.679228606820849,False,-106.57055867542522,3.8060913812651864,2
2572,2023,M,3,3,21,1794.3150712848194,1824.1420674025933,-29.826996117773888,1.4203331484654231,False,-3.5421787670370577,0.16867517938271703,3
2576,2023,M,3,3,21,1806.1080847181308,1794.2921069082097,11.81597780992115,-0.5626656099962453,True,38.343687889126386,-1.8258898994822088,3
2579,2023,M,2,2,28,1821.455156994358,1827.0237763114465,-5.568619317088405,0.19887926132458592,False,-7.458266462441998,0.26636665937292847,2
2580,2023,M,3,3,28,1826.1400527418384,1854.546596420512,-28.406543678673643,1.0145194170954872,False,-30.696757790815354,1.0963127782434055,3
2079,2024,F,4,4,35,1573.0049065628007,1480.0765504423912,92.92835612040949,-2.655095889154557,True,97.56111265634809,-2.7874603616099454,4
2584,2023,M,3,3,21,1843.1026063103002,1578.8532616009202,264.24934470938,-12.583302129018096,True,291.74318739955675,-13.892532733312226,3
2586,2023,M,2,2,28,1867.9810182107108,1985.5748792968857,-117.59386108617491,4.199780753077675,False,-121.47155965456477,4.338269987663027,2
2587,2023,M,2,2,28,1889.466919397429,2061.950705099543,-172.48378570211412,6.160135203646933,False,-177.33429574676006,6.333367705241431,2
2589,2023,M,2,2,14,1894.4749114033561,1971.18283399668,-76.70792259332393,5.479137328094566,False,-73.24440716674553,5.231743369053253,2
2590,2023,M,3,3,28,1895.6057483079205,1857.2988784314186,38.30686987650188,-1.3681024955893528,True,37.104922512612575,-1.3251758040218777,3
2591,2023,M,2,2,28,1896.0903926955907,2277.4150682390864,-381.3246755434957,13.618738412267703,False,-389.80250762480546,13.921518129457338,2
2593,2023,M,3,3,28,1902.2292216060814,2277.7099555973978,-375.48073399131636,13.410026213975584,False,-383.8632893654326,13.709403191622593,3
2598,2023,M,2,2,28,1938.0929062936868,2168.994816166588,-230.90190987290111,8.24649678117504,False,-236.81311953436057,8.457611411941448,2
2599,2023,M,2,2,28,1952.632237923797,2159.3618291284156,-206.7295912046186,7.3831996858792355,False,-212.23602365689908,7.579857987746395,2
2560,2023,M,2,2,15,1741.4888330287527,1823.16752947396,-81.67869644520738,5.445246429680492,False,-57.932293788481275,3.862152919232085,2
2602,2023,M,2,2,15,1970.4025321383758,2139.3468099834217,-168.94427784504592,11.262951856336395,False,-142.275128695557,9.485008579703798,2
2605,2023,M,2,2,28,1997.0579734602447,2039.735857440083,-42.67788397983827,1.524210142137081,False,-45.3837862535438,1.6208495090551358,2
2606,2023,M,3,3,28,2002.7121579830655,2088.2939757753634,-85.5818177922979,3.0564934925820677,False,-89.03713785675313,3.1798977805983264,3
2607,2023,M,3,3,21,2006.4277649552046,2021.3115388955946,-14.883773940390029,0.7087511400185728,False,14.53923108970912,-0.6923443376051962,3
2608,2023,M,3,3,21,2014.3436232871536,1986.8692767866908,27.474346500462843,-1.3083022143077545,True,57.08453884521623,-2.718311373581725,3
2612,2023,M,2,2,15,2055.6999443683553,2228.315869357062,-172.61592498870687,11.507728332580458,False,-144.78283288111516,9.65218885874101,2
2615,2023,M,2,2,28,2173.9531749599187,2174.3027886161935,-0.34961365627486884,0.012486202009816745,False,-2.4957864110938317,0.08913522896763684,2
2616,2023,M,3,3,28,2181.222840774973,2484.3276979875986,-303.1048572126256,10.825173471879484,False,-310.50723847236304,11.089544231155823,3
2621,2023,M,2,2,14,2337.60142986327,2536.6885312067147,-199.08710134344483,14.220507238817488,False,-196.27136281255298,14.019383058039498,2
2622,2023,M,2,2,28,2362.964486151351,2426.8246631168718,-63.86017696552062,2.280720605911451,False,-67.29354000409194,2.403340714431855,2
2625,2023,M,3,3,28,2425.1605159023775,2246.7467829746984,178.41373292767912,-6.371919033131397,True,179.1195923606051,-6.3971282985930396,3
2627,2023,M,3,3,28,1556.622412400969,1646.552713024858,-89.9303006238888,3.2117964508531713,False,-76.38241601284221,2.7279434290300792,3
2629,2023,M,2,2,28,1592.9121615654979,1652.4504601910862,-59.53829862558837,2.1263678080567274,False,-45.11129641080015,1.6111177289571483,2
2630,2023,M,3,3,28,1596.1094962936502,1699.8290290931209,-103.7195327994707,3.704269028552525,False,-90.02749732691973,3.2152677616757046,3
2631,2023,M,2,2,28,1616.5724385538254,1669.6522227592525,-53.07978420542713,1.8957065787652547,False,-38.31118319008533,1.3682565425030475,2
2632,2023,M,2,2,28,1620.0895067547929,1678.7937308669066,-58.70422411211371,2.0965794325754894,False,-43.99900419781716,1.5713930070648985,2
2633,2023,M,3,3,28,1622.4875078009072,1716.2444253724566,-93.75691757154937,3.3484613418410487,False,-79.63615488490677,2.8441483887466705,3
2635,2023,M,3,3,28,1649.185252780979,1687.050576899626,-37.865324118647095,1.3523330042373962,False,-22.51643253450584,0.8041583048037799,3
2636,2023,M,3,3,28,1664.5324594761105,1757.626951322159,-93.09449184604841,3.3248032802160146,False,-78.55419693187969,2.8055070332814176,3
2637,2023,M,2,2,28,1673.8047301877523,1739.8354140373701,-66.03068384961784,2.358238708914923,False,-50.93117958862672,1.8189706995938113,2
2638,2023,M,2,2,28,1700.9820753770473,1809.6254221710724,-108.64334679402509,3.880119528358039,False,-94.01888737564377,3.357817406272992,2
2639,2023,M,2,2,28,1713.6115475532495,1725.3859334801105,-11.774385926860987,0.4205137831021781,False,4.652119005683971,-0.1661471073458561,2
2640,2023,M,3,3,28,1715.689815126548,1765.785501568775,-50.095686442227134,1.7891316586509691,False,-34.313411589793986,1.2254789853497852,3
2641,2023,M,2,2,28,1724.8022191017822,2014.9653193419238,-290.1631002401416,10.362967865719343,False,-278.45458420073487,9.944806578597674,2
2642,2023,M,2,2,28,1752.1394310274848,1824.8612690171626,-72.72183798967785,2.597208499631352,False,-56.97810203355789,2.0349322154842104,2
2643,2023,M,2,2,28,1766.0478370949477,1880.9881628824357,-114.94032578748806,4.105011635267431,False,-99.7935760186781,3.5640562863813607,2
2644,2023,M,2,2,28,1769.4050385595074,1857.3971742175222,-87.99213565801483,3.14257627350053,False,-72.34558698060368,2.583770963592989,2
2645,2023,M,2,2,28,1788.908780401237,1832.3317487610516,-43.422968359814604,1.5508202985648072,False,-26.81441256893345,0.9576575917476232,2
2647,2023,M,3,3,28,1812.5690573895638,1863.0983298115432,-50.529272421979385,1.8046168722135494,False,-33.81429934821904,1.2076535481506798,3
2648,2023,M,2,2,28,1817.205192745385,1748.0922600700899,69.11293267529504,-2.46831902411768,True,87.9472093234076,-3.1409717615502717,2
2649,2023,M,2,2,28,1820.7222609463524,1889.048417342948,-68.32615639659548,2.4402198713069816,False,-51.840611684323676,1.851450417297274,2
2651,2023,M,2,2,28,1843.2634707798268,1994.1266126879168,-150.86314190809003,5.387969353860358,False,-135.58982814296724,4.84249386224883,2
2652,2023,M,2,2,28,1878.4341527895026,1924.1400129820067,-45.70586019250413,1.6323521497322904,False,-28.268038220283188,1.0095727935815424,2
2653,2023,M,2,2,28,1891.0636249657043,1959.526495979377,-68.46287101367261,2.4451025362025933,False,-51.29703183895549,1.8320368513912675,2
2654,2023,M,3,3,28,1904.8121642967594,2013.9823614808856,-109.17019718412621,3.8989356137187934,False,-92.57669577827028,3.3063105635096526,3
2655,2023,M,2,2,28,1908.6489659705421,2010.345417395045,-101.69645142450281,3.6320161223036718,False,-84.93613687761354,3.033433459914769,2
2656,2023,M,2,2,28,2033.3450203684838,2136.1640236079165,-102.81900323943273,3.672107258551169,False,-84.86797260627918,3.030999021652828,2
2657,2023,M,2,2,28,2142.2142678620708,2300.1213948290656,-157.90712696699484,5.639540248821244,False,-139.85461380015295,4.994807635719748,2
2658,2023,M,2,2,28,2172.1093475702955,2215.193835635377,-43.08448806508159,1.5387317166100567,False,-22.751092365871045,0.8125390130668231,2
2659,2023,M,2,2,28,2417.504787955988,2484.229402201495,-66.72461424550693,2.383021937339533,False,-44.41951267805325,1.5864111670733305,2
2660,2023,F,3,3,28,1388.764329975681,1407.1622926551004,-18.39796267941938,0.6570700956935492,False,-22.508153268814567,0.8038626167433774,3
2661,2023,F,2,2,28,1396.0528685350375,1475.8424267392095,-79.78955820417195,2.849627078720427,False,-85.45625070216556,3.05200895364877,2
2662,2023,F,2,2,28,1480.1092495022563,1506.0850994182915,-25.97584991603526,0.9277089255726878,False,-30.515844958035814,1.0898516056441363,2
2664,2023,F,2,2,28,1537.3576234480515,1736.8074248570958,-199.4498014090443,7.123207193180154,False,-208.4843161379688,7.445868433498886,2
2665,2023,F,2,2,28,1545.991921578008,1580.3259829950064,-34.33406141699834,1.2262164791785122,False,-39.25649038499455,1.4020175137498054,2
2666,2023,F,2,2,28,1558.5205858989937,1515.060344213374,43.46024168561962,-1.5521514887721293,True,40.45298919035622,-1.4447496139412936,2
2667,2023,F,2,2,28,1562.6769583781038,1612.7149098642167,-50.03795148611289,1.7870696959326031,False,-55.39747813683266,1.978481362029738,2
2668,2023,F,2,2,28,1580.862576646302,1699.1504195212065,-118.28784287490453,4.224565816960876,False,-125.40425065436102,4.478723237655751,2
2669,2023,F,2,2,28,1621.128179373727,1649.298788105042,-28.170608731314815,1.006093168975529,False,-33.13614186704103,1.1834336381086084,2
2670,2023,F,2,2,28,1642.1720480573592,1749.2947219632974,-107.1226739059382,3.8258097823549355,False,-114.12059965255003,4.075735701876787,2
2671,2023,F,2,2,13,1645.1493922401028,1781.0723594078204,-135.92296716771762,10.4556128590552,False,-225.17652180669688,17.321270908207453,2
2672,2023,F,2,2,28,1656.6776689156861,1632.5189826185835,24.158686297102577,-0.8628102248965206,True,20.410147612446735,-0.7289338433016691,2
2673,2023,F,2,2,28,1684.6647042334764,1778.4642675473156,-93.79956331383914,3.3499844040656837,False,-100.57552063653247,3.5919828798761597,2
2674,2023,F,2,2,28,1719.4043561577296,1678.2732196717755,41.13113648595413,-1.4689691602126476,True,37.642779668883804,-1.3443849881744216,2
2675,2023,F,2,2,28,1748.272685353612,1981.9681875749457,-233.69550222133375,8.346267936476206,False,-244.14184153772294,8.719351483490104,2
5297,2023,M,3,3,28,1575.6465540334755,1612.3457794607334,-36.69922542725794,1.3106866224020695,False,-22.043811463754082,0.7872789808483601,3
2677,2023,F,2,2,14,1521.761718787377,1513.045364073293,8.716354714083991,-0.6225967652917136,True,13.900000000000091,-0.9928571428571493,2
2679,2023,F,2,2,14,1660.1036932225932,1657.9485931189238,2.1551001036693833,-0.15393572169067024,True,7.7999999999999545,-0.5571428571428539,2
2682,2023,F,2,2,14,1856.1710958394103,1843.2968998788756,12.874195960534735,-0.919585425752481,True,19.200000000000045,-1.3714285714285748,2
2684,2023,F,2,2,14,2075.1296165282415,2078.8769945161202,-3.7473779878787354,0.26766985627705253,False,3.300000000000182,-0.2357142857142987,2
2685,2023,F,2,2,14,2176.6467488476087,2049.1174064695338,127.52934237807494,-9.109238741291067,True,135.0999999999999,-9.649999999999993,2
2688,2023,M,2,2,14,1710.0587738838492,1715.9234815299787,-5.8647076461295455,0.41890768900925324,False,-0.7999999999999545,0.057142857142853894,2
1241,2023,M,3,3,35,1736.4503774145142,1814.5581335983763,-78.1077561838622,2.231650176681777,False,-63.59999999999991,1.8171428571428545,3
2692,2023,M,2,2,14,1982.7922453880255,2062.342755494898,-79.55051010687248,5.682179293348034,False,-73.80000000000018,5.271428571428585,2
2694,2023,M,2,2,14,2037.538015215506,1923.3757153337542,114.16229988175178,-8.1544499915537,True,120.40000000000009,-8.600000000000007,2
2697,2023,M,2,2,14,2581.0142029574044,2767.4607186113885,-186.44651565398408,13.317608260998863,False,-179.0999999999999,12.792857142857136,2
2698,2023,F,2,2,14,1376.347628624702,1408.7869415208202,-32.439312896118054,2.3170937782941468,False,-25.840000000000146,1.845714285714296,2
2699,2023,F,2,2,14,1402.1579978428063,1444.0390709854016,-41.88107314259537,2.991505224471098,False,-35.17000000000007,2.5121428571428623,2
2700,2023,F,2,2,14,1422.353096129748,1450.8298494658306,-28.47675333608254,2.0340538097201812,False,-21.649999999999864,1.5464285714285617,2
2705,2023,F,2,2,14,1644.847025927859,1664.3399140416805,-19.492888113821436,1.3923491509872454,False,-11.579999999999927,0.827142857142852,2
2709,2023,F,2,2,14,1725.806312662813,1842.9973067106214,-117.19099404780832,8.370785289129165,False,-109.01999999999998,7.787142857142856,2
2712,2023,F,2,2,14,1745.2162668726537,1813.9367693899608,-68.72050251730707,4.908607322664791,False,-60.3900000000001,4.313571428571436,2
2727,2023,M,2,2,14,1693.020846146108,1766.8381298648803,-73.81728371877239,5.2726631227694565,False,-67.55999999999995,4.825714285714282,2
2728,2023,M,2,2,14,1702.35004504688,1782.3121896529387,-79.9621446060587,5.711581757575622,False,-73.68000000000006,5.262857142857148,2
2730,2023,M,2,2,14,1770.1707351368223,1794.2921069082097,-24.12137177138743,1.7229551265276737,False,-17.49000000000001,1.249285714285715,2
2735,2023,M,2,2,14,1806.4631091122144,1815.4566273925218,-8.993518280307399,0.6423941628790999,False,-2.2000000000000455,0.1571428571428604,2
2738,2023,M,2,2,7,1827.7472089497971,1855.5963887350545,-27.84917978525732,3.97845425503676,False,-43.799999999999955,6.257142857142851,2
2742,2023,M,2,2,14,1912.5852330687596,1923.0762174023725,-10.490984333612914,0.7493560238294938,False,-3.2999999999999545,0.23571428571428246,2
2743,2023,M,2,2,14,1930.9850390031186,1904.0081824377332,26.976856565385333,-1.9269183260989524,True,34.299999999999955,-2.4499999999999966,2
2745,2023,M,3,3,14,1943.6162571310297,1863.3762964136056,80.23996071742408,-5.731425765530291,True,87.70000000000005,-6.264285714285718,3
2749,2023,M,3,3,14,1950.0810538106693,1982.4766404597578,-32.3955866490885,2.313970474934893,False,-25.09999999999991,1.7928571428571363,3
2750,2023,M,2,2,14,1966.3922331254523,1943.8414073115089,22.550825813943447,-1.610773272424532,True,30.0,-2.142857142857143,2
2752,2023,M,2,2,14,1967.4862756404682,2061.2445964131643,-93.75832077269615,6.69702291233544,False,-86.49999999999977,6.178571428571412,2
2753,2023,M,2,2,14,1970.867861595972,1987.268607361866,-16.400745765894044,1.1714818404210032,False,-9.0,0.6428571428571429,2
2770,2023,M,3,3,14,2811.9876388223115,2837.6430671985177,-25.655428376206146,1.832530598300439,False,-15.099999999999909,1.078571428571422,3
2772,2023,F,2,2,21,1544.3322959475631,1499.1023880274204,45.22990792014275,-2.1538051390544166,True,45.15000000000009,-2.1500000000000044,2
2773,2023,F,2,2,21,1639.6344306755818,1615.0124177509006,24.622012924681258,-1.1724768059372028,True,24.410000000000082,-1.1623809523809563,2
2779,2023,M,2,2,21,1698.3303176782595,1802.954810909492,-104.62449323123246,4.982118725296784,False,-105.76999999999998,5.036666666666666,2
2780,2023,M,2,2,21,1700.5192723322473,1773.1951701903251,-72.67589785807786,3.4607570408608503,False,-73.65000000000009,3.5071428571428616,2
2782,2023,M,2,2,21,1713.3545064397226,1759.548703924718,-46.19419748499536,2.199723689761684,False,-47.02999999999997,2.239523809523808,2
2796,2023,M,2,2,21,1760.8917761357325,1682.8105959864445,78.081180149288,-3.718151435680381,True,81.5,-3.880952380952381,2
1172,2023,M,2,2,21,1520.631573380099,1644.884703160052,-124.25312977995281,5.916815703807277,False,-120.0,5.714285714285714,2
2822,2023,M,2,2,14,2071.0192333979453,1874.657385162319,196.3618482356262,-14.02584630254473,True,204.89999999999986,-14.635714285714275,2
2823,2023,M,2,2,14,2191.6389256297457,2063.6405798642186,127.99834576552712,-9.142738983251936,True,136.9000000000001,-9.778571428571436,2
2824,2023,F,2,2,21,1416.09516616119,1437.484498226931,-21.389332065740973,1.0185396221781415,False,-20.75,0.9880952380952381,2
2825,2023,F,2,2,21,1524.1837817103228,1502.1822494973578,22.001532212965003,-1.0476920101411906,True,22.899999999999864,-1.090476190476184,2
2830,2023,F,2,2,21,1585.3461202649542,1650.0912624017494,-64.74514213679527,3.08310200651406,False,-64.22000000000003,3.0580952380952393,2
2832,2023,F,2,2,21,1612.7239269829674,1627.894956965895,-15.171029982927621,0.7224299991870295,False,-14.400000000000091,0.68571428571429,2
2833,2023,F,2,2,21,1632.4514672161872,1779.486764942603,-147.03529772641582,7.001680844115039,False,-146.8699999999999,6.993809523809519,2
2836,2023,F,2,2,21,1690.7486864631194,1824.5761208279928,-133.8274343648734,6.372734969755876,False,-133.56999999999994,6.360476190476187,2
2837,2023,F,2,2,21,1698.4884879262786,1789.6393351419624,-91.15084721568383,4.340516534080182,False,-90.69000000000005,4.318571428571431,2
2838,2023,F,2,2,21,1716.634243541706,1743.5546292370275,-26.920385695321556,1.2819231283486456,False,-26.15000000000009,1.2452380952380995,2
2841,2023,F,2,2,21,1745.2058499712605,1756.295109487204,-11.089259515943468,0.528059976949689,False,-10.230000000000018,0.487142857142858,2
2842,2023,F,2,2,21,1746.0614064311985,1792.7249202025519,-46.66351377135334,2.2220720843501587,False,-45.9699999999998,2.1890476190476096,2
2850,2023,F,2,2,21,2180.6343464250112,1768.8365197334713,411.79782669153997,-19.60942031864476,True,414.8600000000001,-19.755238095238102,2
2851,2023,M,2,2,21,1531.2754951326956,1519.2607292442283,12.01476588846731,-0.5721317089746337,True,13.75,-0.6547619047619048,2
2852,2023,M,2,2,21,1573.4613117037143,1529.1215311976266,44.33978050608766,-2.111418119337508,True,46.25,-2.2023809523809526,2
2853,2023,M,2,2,21,1584.246553487437,1561.6920588618802,22.5544946255568,-1.0740235535979428,True,24.389999999999873,-1.1614285714285653,2
2854,2023,M,2,2,21,1585.4106432371561,1585.1986170538185,0.21202618333768442,-0.010096484920842115,True,1.9600000000000364,-0.09333333333333507,2
2855,2023,M,2,2,21,1589.7685176848227,1577.4295003632626,12.33901732156005,-0.5875722534076214,True,14.139999999999873,-0.6733333333333272,2
2857,2023,M,2,2,21,1603.9465338672994,1633.4069821593196,-29.460448292020146,1.4028784900961975,False,-27.810000000000173,1.3242857142857225,2
2859,2023,M,2,2,21,1647.346187613239,1610.6972564484636,36.64893116477538,-1.745187198322637,True,38.61000000000013,-1.8385714285714347,2
2860,2023,M,2,2,21,1651.6145166955425,1659.0052256141,-7.390708918557493,0.3519385199313092,False,-5.599999999999909,0.26666666666666233,2
2863,2023,M,2,2,21,1716.7040478294116,1699.2452659087746,17.458781920636966,-0.8313705676493793,True,19.420000000000073,-0.9247619047619082,2
2868,2023,M,2,2,21,1769.5756113337495,1685.9979259107754,83.57768542297413,-3.979889782046387,True,85.8599999999999,-4.088571428571424,2
2869,2023,M,2,2,21,1770.878993874033,1723.4490525216602,47.42994135237291,-2.2585686358272814,True,49.569999999999936,-2.3604761904761875,2
2871,2023,M,2,2,21,1799.742449976044,1634.9010430613496,164.84140691469452,-7.849590805461643,True,167.48000000000002,-7.975238095238096,2
2874,2023,M,2,2,21,1844.345991411864,1878.1341579118318,-33.78816649996793,1.6089603095222824,False,-31.889999999999873,1.5185714285714225,2
2875,2023,M,2,2,21,1955.0141135155056,1996.9618016532838,-41.94768813777819,1.9975089589418185,False,-39.960000000000036,1.9028571428571446,2
2876,2023,M,2,2,21,1998.1053332251947,1947.1597715856174,50.94556163957736,-2.4259791256941603,True,53.34999999999991,-2.5404761904761863,2
2880,2023,M,2,2,21,2141.4873621414567,2183.1217900462207,-41.634427904763925,1.9825918049887583,False,-39.440000000000055,1.8780952380952407,2
2882,2023,M,2,2,21,2169.863293476491,2183.320998166491,-13.4577046899999,0.6408430804761858,False,-11.11999999999989,0.5295238095238043,2
2885,2023,M,2,2,21,2224.1277848864756,2296.9692307809055,-72.84144589442985,3.468640280687136,False,-70.67999999999984,3.365714285714278,2
2891,2023,F,2,2,8,1644.6524161994214,1570.86684554636,73.78557065306131,-9.223196331632664,True,73.59999999999991,-9.199999999999989,2
2892,2023,F,2,2,8,1730.7504596078936,1654.7529326575452,75.9975269503484,-9.49969086879355,True,75.79999999999995,-9.474999999999994,2
2895,2023,M,2,2,8,1699.4497031724977,1630.366905798585,69.08279737391263,-8.635349671739078,True,68.30000000000018,-8.537500000000023,2
2896,2023,M,2,2,8,1813.4189115491179,1742.8782953543384,70.54061619477943,-8.817577024347429,True,69.70000000000005,-8.712500000000006,2
2899,2023,M,2,2,8,1917.9988950463323,1817.1537823370186,100.84511270931375,-12.60563908866422,True,100.0,-12.5,2
2900,2023,M,2,2,8,2001.1035237661818,1948.7332068574115,52.37031690877029,-6.5462896135962865,True,51.40000000000009,-6.425000000000011,2
2905,2023,M,4,4,43,1902.9135644945668,1823.7427952353803,79.1707692591865,-1.8411806804461976,True,110.38000000000011,-2.566976744186049,4
2906,2023,M,2,2,28,1976.3401168610048,1908.0455647882245,68.29455207278033,-2.4390911454564406,True,91.75999999999999,-3.2771428571428567,2
2921,2023,F,2,2,7,1397.0895244713258,1601.7671394395225,-204.67761496819662,29.239659281170947,False,-214.89789962438158,30.699699946340225,2
2922,2023,F,2,2,7,1431.4238504509462,1514.7771521556112,-83.353301704665,11.907614529237858,False,-92.16575783123744,13.16653683303392,2
2924,2023,F,2,2,7,1475.8798563436342,1565.735641528889,-89.85578518525472,12.836540740750674,False,-98.9933180969092,14.141902585272744,2
2925,2023,F,2,2,7,1482.5284107963353,1615.0716318301397,-132.54322103380446,18.934745861972065,False,-142.27707632581973,20.32529661797425,2
2927,2023,F,2,2,7,1502.275609842418,1556.361202446069,-54.085592603651094,7.726513229093014,False,-62.89579521784685,8.98511360254955,2
2928,2023,F,2,2,7,1508.3287713590562,1656.1989786781012,-147.870207319045,21.12431533129214,False,-157.94441387985944,22.563487697122778,2
2929,2023,F,2,2,7,1520.0381657682908,1574.1245626568484,-54.0863968885576,7.7266281269368005,False,-62.99238344253149,8.99891192036164,2
2930,2023,F,2,2,7,1531.0529350854524,1615.9249461569093,-84.87201107145688,12.124573010208126,False,-94.2415944340421,13.463084919148871,2
2931,2023,F,2,2,7,1536.510703666028,1629.9385307345608,-93.4278270685329,13.346832438361844,False,-102.93917350710194,14.705596215300277,2
2932,2023,F,2,2,7,1554.8686525279638,1666.522880180848,-111.65422765288417,15.950603950412026,False,-121.50386535821144,17.357695051173064,2
2933,2023,F,2,2,7,1566.3795826251776,1627.9674948248398,-61.58791219966224,8.79827317138032,False,-70.84225844022217,10.120322634317452,2
2935,2023,F,2,2,7,1601.6069980088923,1748.7174813185472,-147.1104833096549,21.0157833299507,False,-157.67765890937358,22.525379844196227,2
2936,2023,F,2,2,7,1637.8267349527118,1743.3091510784589,-105.48241612574702,15.068916589392432,False,-115.69831878683772,16.528331255262533,2
2938,2023,F,2,2,7,1658.566255558899,1757.635216958871,-99.06896139997207,14.152708771424582,False,-109.31248195586613,15.616068850838019,2
2939,2023,F,2,2,7,1667.0009888197883,1750.1597027159044,-83.15871389611607,11.879816270873723,False,-93.23881627538321,13.319830896483316,2
2940,2023,F,2,2,7,1689.1297596101217,1852.0766814624596,-162.94692185233794,23.278131693191135,False,-174.19393680672624,24.884848115246605,2
2942,2023,F,2,2,7,1947.7287581733915,2041.8129247964062,-94.08416662301465,13.440595231859236,False,-105.82136461666937,15.11733780238134,2
2943,2023,F,2,2,7,2046.0678247797616,2099.7421509235755,-53.674326143813914,7.667760877687702,False,-65.41118548472014,9.344455069245734,2
2944,2023,M,2,2,7,1491.0806653358163,1622.8562955045034,-131.77563016868703,18.82509002409815,False,-137.198579148627,19.59979702123243,2
2945,2023,M,2,2,7,1511.9794799737742,1657.6371359810569,-145.65765600728264,20.80823657246895,False,-151.25036736830725,21.607195338329607,2
2946,2023,M,2,2,7,1536.4609485496676,1648.4021801315237,-111.94123158185607,15.991604511693724,False,-117.34346988622451,16.763352840889215,2
2947,2023,M,2,2,7,1552.3838549404925,1673.4488779558665,-121.06502301537398,17.295003287910568,False,-126.5852850842507,18.083612154892958,2
2949,2023,M,2,2,7,1567.212061516948,1674.8091619931624,-107.59710047621434,15.371014353744906,False,-113.0561659295845,16.1508808470835,2
2951,2023,M,2,2,7,1575.372551042246,1732.3279613316756,-156.95541028942966,22.422201469918523,False,-162.82304497677,23.26043499668143,2
2952,2023,M,2,2,7,1579.8508684646656,1701.6529323071443,-121.80206384247867,17.400294834639812,False,-127.4090530700696,18.20129329572423,2
2953,2023,M,2,2,7,1586.4190673508808,1749.7994994253875,-163.38043207450664,23.34006172492952,False,-169.3306888617908,24.190098408827257,2
2954,2023,M,2,2,7,1594.2810023813508,1716.1043902446575,-121.8233878633066,17.403341123329515,False,-127.47308994067953,18.210441420097077,2
2955,2023,M,2,2,7,1605.3275186899855,1688.025132594049,-82.69761390406347,11.813944843437639,False,-88.07509083975356,12.582155834250509,2
2956,2023,M,2,2,7,1615.7769260089644,1743.6595017524548,-127.8825757434904,18.2689393919272,False,-133.64285972505513,19.091837103579305,2
2959,2023,M,2,2,7,1652.399610707862,1774.2222137463837,-121.82260303852172,17.403229005503103,False,-127.6436596353517,18.234808519335957,2
2961,2023,M,2,2,7,1671.4075802119091,1792.5673287447812,-121.15974853287207,17.30853550469601,False,-127.03168571462334,18.14738367351762,2
2962,2023,M,2,2,7,1673.796016170533,1736.9204799163088,-63.124463745775756,9.017780535110822,False,-68.55133994083258,9.793048562976082,2
2963,2023,M,2,2,7,1674.094570665361,1764.038802971763,-89.944232306402,12.849176043771715,False,-95.58091862808237,13.65441694686891,2
2964,2023,M,2,2,7,1675.786379469386,1812.459922831479,-136.67354336209291,19.524791908870416,False,-142.67924596656803,20.382749423795435,2
2965,2023,M,2,2,7,1679.2695152423792,1770.6280687671058,-91.35855352472663,13.051221932103804,False,-97.02151575043308,13.860216535776155,2
2967,2023,M,2,2,7,1692.1073585199815,1817.8261809602623,-125.71882244028075,17.959831777182963,False,-131.68730801696756,18.81247257385251,2
2968,2023,M,2,2,7,1696.7847122722865,1777.2422939025823,-80.45758163029586,11.493940232899408,False,-86.08726664976234,12.29818094996605,2
2969,2023,M,2,2,7,1698.8745937360823,1795.4750918703778,-96.60049813429555,13.80007116204222,False,-102.36210073263032,14.623157247518618,2
2970,2023,M,2,2,7,1709.9211100447174,1846.4420644237487,-136.5209543790313,19.502993482718757,False,-142.62611332293318,20.375159046133312,2
2971,2023,M,2,2,7,1723.853653136689,1859.6829943647692,-135.82934122808024,19.404191604011462,False,-141.97019201008106,20.28145600144015,2
2972,2023,M,2,2,7,1737.5871598987756,1842.9477568050063,-105.36059690623074,15.051513843747248,False,-111.30458454592917,15.900654935132739,2
2973,2023,M,2,2,7,1743.5582497953349,1901.0406209665987,-157.48237117126382,22.497481595894833,False,-163.85000046362256,23.407142923374654,2
2976,2023,M,2,2,7,1774.4088809275584,1897.5213540077225,-123.11247308016414,17.58749615430916,False,-129.30331790963987,18.471902558519982,2
2977,2023,M,2,2,7,1804.4633667402404,1933.4877631406353,-129.02439640039483,18.432056628627834,False,-135.34991053580347,19.33570150511478,2
2979,2023,M,2,2,7,1821.2819366155493,1983.0070939662419,-161.7251573506926,23.103593907241798,False,-168.35500406134793,24.050714865906848,2
2981,2023,M,2,2,7,1841.2850877690232,1995.062455250903,-153.77736748187976,21.96819535455425,False,-160.40427834201205,22.914896906001722,2
2982,2023,M,2,2,7,1848.3508774799516,1970.1655134673636,-121.81463598741198,17.402090855344568,False,-128.2133858058578,18.3161979722654,2
2985,2023,M,2,2,7,1871.0410190868774,2090.6317686235075,-219.59074953663003,31.370107076661434,False,-226.81809039307473,32.402584341867815,2
2986,2023,M,2,2,7,1882.5851262202257,1971.7878705760654,-89.20274435583974,12.743249193691392,False,-95.44838130946664,13.63548304420952,2
2987,2023,M,2,2,7,2003.3006602956673,2088.6225417427304,-85.3218814470631,12.1888402067233,False,-91.893211346297,13.12760162089957,2
2988,2023,M,2,2,7,2013.2524767899329,2079.4624639135986,-66.20998712366577,9.45856958909511,False,-72.66177519515077,10.380253599307252,2
2989,2023,M,2,2,7,2029.3744195106433,2185.052952349954,-155.67853283931072,22.239790405615818,False,-162.87482870312147,23.267832671874494,2
2990,2023,M,2,2,7,2148.4976629470025,2198.0068498794344,-49.50918693243193,7.072740990347419,False,-56.22963895501516,8.032805565002166,2
2991,2023,M,2,2,7,2253.8873996212756,2534.558592244595,-280.67119262331926,40.09588466047418,False,-289.5031677344691,41.357595390638444,2
2994,2023,M,2,2,14,1800.2353195971998,1831.1429197992375,-30.907600202037656,2.2076857287169753,False,-34.41000000000008,2.4578571428571485,2
2995,2023,M,2,2,14,1903.5699828553807,1989.609028067207,-86.0390452118263,6.1456460865590214,False,-90.02999999999997,6.430714285714283,2
2996,2023,F,2,2,7,1471.0854029850013,1445.4371724372547,25.648230547746607,-3.6640329353923726,True,43.899999999999864,-6.271428571428552,2
18825,2024,F,2,2,35,1612.0511276476927,1481.3649196519264,130.68620799576638,-3.7338916570218967,True,135.4788353109384,-3.8708238660268113,2
2999,2023,F,2,2,7,1748.473732173885,1678.3209285602113,70.15280361367377,-10.021829087667681,True,91.90000000000009,-13.128571428571442,2
3000,2023,F,2,2,7,1752.8140900986048,1688.207503112601,64.60658698600378,-9.229512426571969,True,86.40000000000009,-12.342857142857156,2
3002,2023,F,2,2,7,1784.5776185476873,1804.8491099529158,-20.271491405228517,2.895927343604074,False,1.7999999999999545,-0.2571428571428506,2
3003,2023,F,2,2,14,1818.7086149557078,2298.1504525843175,-479.4418376286096,34.24584554490069,False,-511.9999999999998,36.571428571428555,2
3006,2023,F,2,2,14,2006.0345172066643,2409.1703284191417,-403.1358112124774,28.795415086605527,False,-435.9000000000001,31.135714285714293,2
3008,2023,F,2,2,7,2175.7030542638763,2015.5629716250594,160.14008263881692,-22.87715466268813,True,187.29999999999995,-26.75714285714285,2
3011,2023,M,2,2,7,1822.9520940408584,1776.921226888067,46.030867152791416,-6.575838164684488,True,68.5,-9.785714285714286,2
1752,2024,F,3,3,35,1593.861894223054,1483.8218097724355,110.04008445061845,-3.144002412874813,True,114.75436823581867,-3.278696235309105,3
3014,2023,M,2,2,7,1978.5795775074496,1917.0862587747372,61.493318732712396,-8.784759818958914,True,85.90000000000009,-12.271428571428585,2
3015,2023,M,2,2,7,2012.505974410179,1646.4399614494073,366.0660129607718,-52.29514470868168,True,391.39999999999986,-55.9142857142857,2
3016,2023,M,2,2,14,2050.57454767894,2252.8411217131347,-202.26657403419495,14.447612431013924,False,-212.70000000000027,15.192857142857163,2
3017,2023,M,2,2,14,2061.8175978153095,2045.633604606311,16.183993208998345,-1.1559995149284532,True,9.5,-0.6785714285714286,2
3021,2023,M,2,2,14,2315.3779653644897,2238.096753797564,77.28121156692578,-5.520086540494698,True,70.79999999999973,-5.057142857142837,2
3024,2023,M,2,2,7,2573.869495254183,2545.6325841012876,28.236911152895573,-4.033844450413653,True,59.90000000000009,-8.55714285714287,2
3028,2023,F,2,2,7,1553.4379968749574,1523.1627543813659,30.275242493591577,-4.325034641941654,True,32.549999999999955,-4.649999999999993,2
3030,2023,F,2,2,7,1593.3721356121027,1855.8100221028035,-262.43788649070075,37.49112664152868,False,-260.1600000000001,37.165714285714294,2
3032,2023,F,2,2,7,1658.265111059964,1644.7498248860215,13.515286173942513,-1.9307551677060732,True,15.940000000000055,-2.277142857142865,2
3033,2023,F,2,2,7,1673.2404130863936,1674.3642400521094,-1.123826965715807,0.16054670938797244,False,1.3199999999999363,-0.18857142857141948,2
3035,2023,F,2,2,7,1689.2140685812517,1744.121084958859,-54.907016377607306,7.843859482515329,False,-52.450000000000045,7.492857142857149,2
3036,2023,F,2,2,7,1695.2041893918235,1877.7658815574719,-182.5616921656483,26.08024173794976,False,-180.1199999999999,25.731428571428555,2
3038,2023,F,2,2,7,1728.1498538499686,1883.6447728868643,-155.49491903689568,22.213559862413668,False,-153.0,21.857142857142858,2
3041,2023,F,2,2,7,1764.0905787133995,1785.263326150098,-21.1727474366985,3.024678205242643,False,-18.59999999999991,2.657142857142844,2
3052,2023,M,2,2,7,1746.075660996398,1723.7888962058353,22.286764790562756,-3.183823541508965,True,24.819999999999936,-3.5457142857142765,2
3053,2023,M,2,2,7,1752.0656289586498,1650.3355617487352,101.73006720991452,-14.532866744273504,True,104.28999999999996,-14.898571428571424,2
3054,2023,M,2,2,7,1765.043892876862,1755.2717531822077,9.772139694654243,-1.3960199563791775,True,12.329999999999927,-1.7614285714285611,2
3058,2023,M,2,2,7,1805.9753406189159,1812.368798654441,-6.3934580355251,0.9133511479321571,False,-3.7799999999999727,0.5399999999999961,2
3064,2023,M,2,2,7,1916.7897479205742,1873.7848642009178,43.00488371965639,-6.14355481709377,True,45.789999999999964,-6.5414285714285665,2
3066,2023,M,2,2,7,1921.7813878891172,1885.5421966252472,36.23919126387,-5.17702732341,True,39.02999999999997,-5.575714285714282,2
3079,2023,M,2,2,7,2062.5456350020345,1861.877565801788,200.66806920024646,-28.66686702860664,True,203.70000000000005,-29.100000000000005,2
3083,2023,M,2,2,7,2247.2363138381315,2058.562940617976,188.67337322015555,-26.953339031450792,True,191.9699999999998,-27.424285714285684,2
3085,2023,M,2,2,7,2390.9955449321747,2367.672807875988,23.322737056186725,-3.3318195794552463,True,26.789999999999964,-3.827142857142852,2
19603,2024,F,2,2,28,1556.2680253521737,1483.8417844888622,72.42624086331148,-2.5866514594039813,True,84.05999999999995,-3.002142857142855,2
829,2024,F,4,4,42,1503.8477891168757,1484.7706088027132,19.077180314162433,-0.4542185789086294,True,68.33999999999992,-1.6271428571428552,4
819,2024,F,3,3,42,1444.6799438328733,1485.7993066986987,-41.11936286582545,0.9790324491863203,False,6.129999999999882,-0.14595238095237814,3
18820,2024,F,3,3,35,1558.9385660477462,1489.0152360434301,69.92333000431609,-1.9978094286947452,True,74.48659145158854,-2.128188327188244,3
3089,2023,M,2,2,13,1694.0028076254573,1715.4580590836263,-21.45525145816896,1.650403958320689,False,-46.799999999999955,3.5999999999999965,2
1744,2024,F,3,3,35,1605.7455267271512,1489.85417413336,115.89135259379123,-3.3111815026797493,True,120.6471533915635,-3.447061525473243,3
3094,2023,M,2,2,13,2208.866355256322,2307.3952830007474,-98.52892774442535,7.579148288032719,False,-132.80000000000018,10.215384615384629,2
1108,2023,F,2,2,35,1760.2437307291343,1808.8436855296386,-48.59995480050429,1.3885701371572654,False,-36.299999999999955,1.0371428571428558,2
3028,2024,F,4,4,42,1508.1804459797775,1500.8502555263697,7.330190453407795,-0.174528344128757,True,56.72000000000003,-1.350476190476191,4
18726,2025,F,2,2,7,1371.855382190936,1402.9147857723754,-31.059403581439256,4.437057654491322,False,-6.088155691706561,0.8697365273866515,2
2074,2024,F,4,4,42,1512.986987187059,1511.2770575012128,1.7099296858461912,-0.040712611567766455,True,51.25,-1.2202380952380953,4
3359,2023,F,2,2,29,1405.2775408537632,1352.1908512979262,53.08668955583698,-1.8305755019254133,True,122.36000000000013,-4.219310344827591,2
3360,2023,F,3,3,43,1465.8822590723444,1393.1581940498581,72.72406502248623,-1.6912573261043309,True,97.49205786068228,-2.2672571595507507,3
3371,2023,F,2,2,43,1677.5609754599568,1591.132206547359,86.42876891259789,-2.009971370060416,True,114.79075852116603,-2.669552523748047,2
3373,2023,F,2,2,42,1530.7951365595586,1600.0537181881657,-69.25858162860709,1.6490138483001688,False,-46.529249508098474,1.1078392740023446,2
3379,2023,F,2,2,43,1777.3363722264048,1652.4091666577385,124.9272055686663,-2.9052838504341,True,155.1573663572508,-3.6083108455174604,2
3386,2023,M,3,3,43,1610.1079339939804,1651.2025253305055,-41.09459133652513,0.9556881706168634,False,-15.269999999999982,0.355116279069767,3
3388,2023,M,2,2,42,1710.5444813771826,1721.4042446473102,-10.859763270127587,0.2585657921458949,False,21.519999999999982,-0.5123809523809519,2
3390,2023,M,2,2,42,1660.7569179995794,1738.0545249159884,-77.297606916409,1.8404192122954524,False,-46.22000000000003,1.100476190476191,2
3393,2023,M,2,2,43,1796.713768917512,1854.8253076843764,-58.11153876686444,1.3514311341131267,False,-29.3599999999999,0.6827906976744162,2
3402,2023,M,2,2,42,1873.6719684438,1936.455445178428,-62.78347673462781,1.4948446841578051,False,-27.590000000000146,0.6569047619047653,2
3405,2023,M,3,3,43,2029.7679428596743,2002.8576381734672,26.910304686207155,-0.6258210392141199,True,59.88999999999987,-1.3927906976744155,3
3406,2023,M,2,2,42,1821.541460907251,2009.1338190871684,-187.59235817991748,4.466484718569464,False,-154.05999999999995,3.668095238095237,2
3407,2023,M,3,3,43,2125.248890970891,2011.7994553547942,113.44943561609671,-2.6383589678162025,True,148.43999999999983,-3.45209302325581,3
3409,2023,M,2,2,42,1792.840394960162,2034.3380067818102,-241.4976118216482,5.749943138610671,False,-208.79999999999995,4.971428571428571,2
3410,2023,M,2,2,42,1844.8732798234219,2056.21014914192,-211.33686931849797,5.031830221868999,False,-177.49,4.225952380952381,2
1742,2024,F,3,3,35,1544.6297024203634,1518.8374876687951,25.79221475156828,-0.7369204214733794,True,30.258544019161263,-0.8645298291188932,3
68,2025,F,4,4,36,1509.265717411632,1518.0682682992317,-8.802550887599637,0.24451530243332323,False,57.06813804686476,-1.5852260568573544,4
27188,2025,F,3,3,21,1545.275289673435,1566.0809251988976,-20.80563552546255,0.9907445488315499,False,40.91240624826787,-1.948209821346089,3
1759,2024,F,2,2,35,1573.0049065628007,1534.6275010042611,38.37740555853952,-1.0964973016725577,True,42.941112656348196,-1.22688893303852,2
3456,2023,M,2,2,15,2246.1237290569293,2101.8587942576887,144.26493479924056,-9.617662319949371,True,256.6999999999998,-17.113333333333323,2
3460,2023,F,2,2,14,1896.054202528215,2104.07571877072,-208.02151624250496,14.858679731607497,False,-280.9156907070376,20.065406479074113,2
3461,2023,F,2,2,14,1915.3302135094827,1898.4854826838748,16.84473082560794,-1.2031950589719957,True,-44.41441888867507,3.1724584920482193,2
18829,2024,F,2,2,35,1631.210453521646,1541.418904589408,89.79154893223813,-2.565472826635375,True,94.58740729673104,-2.7024973513351727,2
245,2025,F,4,4,36,1593.5978124505646,1635.631456814733,-42.03364436416837,1.1676012323380103,False,27.368158690444034,-0.7602266302901121,4
18823,2024,F,2,2,35,1604.896695834001,1545.2340754269464,59.662620407054646,-1.7046462973444185,True,64.34481159472443,-1.838423188420698,2
1763,2024,F,2,2,14,1695.8532011994796,1548.7995623091485,147.05363889033106,-10.503831349309362,True,152.0999999999999,-10.864285714285709,2
18818,2024,F,2,2,35,1545.1147486450204,1548.879461174856,-3.764712529835606,0.10756321513816017,False,0.6655964744979883,-0.01901704212851395,2
72,2025,F,3,3,21,1536.0986567422017,1570.3080272565796,-34.20937051437795,1.6290176435418071,False,27.03141127117715,-1.2872100605322452,3
18600,2024,F,2,2,42,1525.4627178860392,1549.3089175780344,-23.846199691995253,0.5677666593332203,False,26.069999999999936,-0.6207142857142842,2
27189,2025,F,3,3,21,1563.2800758043368,1632.2652659877458,-68.98519018340903,3.285009056352811,False,-6.940497488545589,0.3304998804069328,3
3975,2025,F,2,2,13,1895.278086513182,1858.7171619349915,36.56092457819045,-2.8123788137069576,True,80.15567809272306,-6.165821391747928,2
1,2025,M,2,2,13,2374.0078484473643,2069.1550275346312,304.852820912733,-23.450216993287157,True,372.1500000000001,-28.626923076923084,2
1791,2024,F,3,3,42,1623.0248661738806,1549.7283866229996,73.29647955088103,-1.745154275020977,True,126.52999999999997,-3.012619047619047,3
1764,2024,F,2,2,35,1594.8319866723677,1551.6958961910493,43.13609048131843,-1.2324597280376695,True,47.76847314649149,-1.3648135184711854,2
3349,2025,M,3,3,28,2061.362832489268,2080.6408268337364,-19.277994344468425,0.6884997980167294,False,46.0,-1.6428571428571428,3
1746,2024,F,2,2,35,1636.667223549038,1558.3574641194211,78.30975942961686,-2.237421697989053,True,83.10674741926687,-2.374478497693339,2
27960,2025,M,2,2,13,2084.9306401438344,2107.9077034826146,-22.977063338780226,1.767466410675402,False,33.51999999999998,-2.578461538461537,2
18828,2024,F,3,3,35,1621.5095290285053,1559.4860355975413,62.02349343096398,-1.7720998123132565,True,66.75635819000058,-1.9073245197143023,3
18831,2024,F,4,4,35,1666.0125201407893,1561.7331911955678,104.27932894522155,-2.9794093984349015,True,109.19342096712671,-3.1198120276321917,4
18863,2024,F,2,2,35,2240.1859885785675,1568.1750372432437,672.0109513353239,-19.200312895294967,True,679.2917649717372,-19.408336142049635,2
3035,2024,F,2,2,14,1671.0556578254696,1570.3722560502029,100.6834017752667,-7.191671555376193,True,105.60000000000014,-7.5428571428571525,2
3033,2024,F,2,2,35,1691.3561853791198,1572.9989312603407,118.35725411877911,-3.3816358319651174,True,123.36191175845988,-3.524626050241711,2
18826,2024,F,4,4,35,1613.0212200970068,1575.6955179779725,37.325702119034304,-1.0664486319724087,True,42.0029402216112,-1.2000840063317486,4
18832,2024,F,3,3,35,1668.6802743764028,1581.3283880103588,87.35188636604403,-2.495768181886972,True,92.2522094714775,-2.6357774134707856,3
1741,2024,F,3,3,28,1630.2159874940144,1582.307149115277,47.9088383787373,-1.7110299420977608,True,60.059999999999945,-2.1449999999999982,3
1762,2024,F,3,3,35,1705.1800027818458,1582.4469721302653,122.73303065158052,-3.5066580186165863,True,127.7829067355508,-3.6509401924443083,3
18601,2024,F,3,3,42,1531.971374289461,1588.2096778194266,-56.238303529965606,1.339007226903943,False,-6.150000000000091,0.1464285714285736,3
1756,2024,F,3,3,35,1658.615565214769,1598.2969096150123,60.31865559975677,-1.7233901599930506,True,65.15587102324457,-1.861596314949845,3
841,2024,F,3,3,42,1756.6795935071448,1599.065936197448,157.6136573096967,-3.7527061264213497,True,215.33000000000015,-5.126904761904766,3
18603,2024,F,2,2,42,1596.361618470711,1599.4953926006265,-3.133774129915537,0.07461366975989374,False,49.13000000000011,-1.1697619047619074,2
18609,2024,F,3,3,42,1700.1809743261804,1601.6826240493724,98.49835027680797,-2.3451988161144754,True,154.28999999999996,-3.6735714285714276,3
3193,2024,F,4,4,35,1713.5470501571795,1607.9247229327793,105.62232722440012,-3.0177807778400036,True,110.67456159010567,-3.1621303311458764,4
3040,2024,F,2,2,35,1657.7667343216192,1608.9034840376976,48.863250283921616,-1.3960928652549034,True,53.683529226405426,-1.5338151207544408,2
1765,2024,F,4,4,35,1699.359448085961,1610.2517773965133,89.10767068944779,-2.545933448269937,True,94.09827727151264,-2.688522207757504,4
22577,2024,F,2,2,14,1774.24929013129,1623.9444455071548,150.30484462413528,-10.736060330295377,True,155.57999999999993,-11.112857142857138,2
2086,2024,F,2,2,35,1644.670486255879,1625.5024733884532,19.168012867425887,-0.5476575104978825,True,23.913112932319564,-0.6832317980662732,2
18836,2024,F,3,3,35,1720.701481970871,1629.0080361213745,91.69344584949658,-2.6198127385570453,True,96.74858530631968,-2.7642452944662765,3
18835,2024,F,4,4,35,1704.4524334448602,1637.896784931346,66.55564851351414,-1.9015899575289754,True,71.53232805254606,-2.043780801501316,4
27422,2025,F,3,3,34,1536.5069111437624,1552.5055503439182,-15.998639200155822,0.47054821176928885,False,-8.5,0.25,3
28526,2025,F,2,2,14,1709.428292392473,1632.458639111389,76.96965328108399,-5.497832377220285,True,88.51999999999998,-6.322857142857141,2
27427,2025,F,3,3,34,1707.4095748722852,1620.3958913048255,87.0136835674598,-2.559225987278229,True,95.66999999999985,-2.81382352941176,3
28527,2025,F,2,2,14,1757.8879431188632,1693.7692994505344,64.11864366832879,-4.5799031191663415,True,75.95000000000005,-5.425000000000003,2
2820,2025,F,2,2,9,1752.4283149442915,1764.2759412219739,-11.847626277682366,1.3164029197424851,False,-22.100000000000136,2.455555555555571,2
27439,2025,F,2,2,20,2015.3260360556537,2080.6155496118417,-65.28951355618801,3.2644756778094006,False,-69.3599999999999,3.467999999999995,2
27446,2025,M,4,4,34,1576.4175326636357,1635.0156598042568,-58.598127140621045,1.7234743276653248,False,-46.289999999999964,1.361470588235293,4
27445,2025,M,4,4,34,1575.0819293543202,1622.5513701491045,-47.469440794784305,1.396160023376009,False,-35.1400000000001,1.033529411764709,4
2345,2025,M,2,2,14,1743.8268025266368,1657.6508098180134,86.17599270862343,-6.155428050615959,True,101.08999999999992,-7.22071428571428,2
3140,2025,M,2,2,14,1800.9427692255908,1719.3739721903273,81.56879703526351,-5.8263426453759655,True,96.95000000000005,-6.925000000000003,2
27460,2025,M,3,3,34,1822.0003544942344,1759.1599847695736,62.84036972466083,-1.8482461683723774,True,77.44000000000005,-2.277647058823531,3
27476,2025,M,3,3,34,2044.3634654584423,1763.8465576799108,280.5169077785315,-8.250497287603867,True,297.5,-8.75,3
1234,2025,M,3,3,20,1735.7995275752476,1888.7328579294197,-152.93333035417209,7.646666517708605,False,-155.51999999999998,7.775999999999999,3
1290,2025,M,3,3,34,1859.5654342384546,1764.843700852323,94.72173338613152,-2.785933334886221,True,109.70999999999981,-3.2267647058823474,3
27459,2025,M,3,3,20,1811.2957413040192,1948.9439246243523,-137.64818332033315,6.882409166016657,False,-140.10000000000014,7.005000000000007,3
27468,2025,M,3,3,34,1908.1715013396806,1848.7034416521876,59.468059687492996,-1.7490605790439115,True,74.74000000000001,-2.1982352941176475,3
1286,2025,M,4,4,34,1954.8879370921718,1916.908034645181,37.979902446990764,-1.1170559543232577,True,53.559999999999945,-1.5752941176470572,4
27467,2025,M,2,2,20,1868.380416079935,1944.1282259085644,-75.74780982862944,3.787390491431472,False,-77.52999999999997,3.8764999999999987,2
1750,2024,F,3,3,35,1738.1631460585247,1643.4497560980249,94.71338996049985,-2.7060968560142817,True,99.82247369843458,-2.852070677098131,3
1268,2025,M,3,3,34,1979.9280258023696,1914.8140339831152,65.11399181925435,-1.9151174064486574,True,80.97000000000003,-2.381470588235295,3
27482,2025,M,3,3,34,2321.753432766436,2391.049613127174,-69.29618036073771,2.038122951786403,False,-51.11999999999989,1.5035294117647027,3
18851,2024,F,3,3,35,1849.9663008419739,1644.7481126657735,205.21818817620033,-5.863376805034295,True,210.7880646535034,-6.02251613295724,3
18839,2024,F,3,3,35,1752.8357943544004,1647.8941305030107,104.94166385138965,-2.998333252896847,True,110.10581047236428,-3.145880299210408,3
1800,2024,F,3,3,42,1774.4744341940627,1647.9240925776512,126.55034161641152,-3.0131033718193216,True,184.80999999999995,-4.400238095238094,3
18610,2024,F,3,3,42,1781.582699359761,1651.3497564448649,130.23294291489606,-3.1007843551165726,True,188.73000000000002,-4.493571428571429,3
18607,2024,F,3,3,42,1657.628094422681,1654.385913341754,3.242181080926912,-0.07719478764111695,True,57.51999999999998,-1.3695238095238091,3
835,2024,F,2,2,28,1757.302584450209,1656.4333217755116,100.86926267469744,-3.60247366695348,True,114.02999999999997,-4.072499999999999,2
22581,2024,F,2,2,14,1898.077665357171,1657.9014634328887,240.1762019242824,-17.1554429945916,True,245.92000000000007,-17.56571428571429,2
1769,2024,F,4,4,35,1791.2757076584712,1660.0687201652077,131.20698749326357,-3.748771071236102,True,136.5147175577838,-3.9004205016509657,4
2415,2024,F,2,2,35,1974.0444197529448,1720.3993701906024,253.64504956234236,-7.247001416066925,True,293.00348627198287,-8.37152817919951,2
2418,2024,F,2,2,35,1990.8933671682373,1745.088858287777,245.8045088804604,-7.022985968013154,True,285.4540942219912,-8.155831263485464,2
16169,2024,F,3,3,35,2041.114100754463,1806.5139153682467,234.60018538621625,-6.702862439606179,True,275.17203533750126,-7.862058152500036,3
16171,2024,F,2,2,35,2073.9423724926455,1805.3192627183837,268.6231097742618,-7.674945993550338,True,309.9828972788082,-8.85665420796595,2
2412,2024,F,2,2,35,2098.183116193356,1996.8619042464618,101.32121194689421,-2.894891769911263,True,142.40151387785295,-4.06861468222437,2
2423,2024,F,2,2,35,2122.7499685537173,1891.3342535085392,231.4157150451781,-6.611877572719375,True,273.5540132114136,-7.815828948897531,2
662,2024,F,2,2,35,2140.577241947962,1821.6461822665149,318.9310596814473,-9.112315990898495,True,361.80626936497197,-10.337321981856341,2
16175,2024,F,2,2,7,2172.861999253393,2254.444665048149,-81.58266579475594,11.654666542107991,False,-90.03933991791519,12.862762845416455,2
4251,2024,F,2,2,35,2218.6259144910578,1885.5600990342,333.06581545685776,-9.516166155910222,True,377.515537159205,-10.786158204548714,2
16176,2024,F,2,2,35,2230.148420465386,1896.710190432924,333.4382300324621,-9.52680657235606,True,378.11272711211427,-10.803220774631836,2
16177,2024,F,2,2,35,2262.650583543918,1915.5259696682704,347.1246138756476,-9.917846110732787,True,392.4897063189055,-11.213991609111586,2
17562,2024,F,3,3,35,1798.672662584491,1686.665055087628,112.0076074968631,-3.2002173570532313,True,117.31226750166593,-3.3517790714761695,3
855,2024,F,4,4,42,1740.1806814354698,1702.874537468059,37.30614396741066,-0.8882415230335872,True,94.32999999999993,-2.2459523809523794,4
1804,2024,F,4,4,42,1863.0714643749623,1707.828267141931,155.2431972330312,-3.696266600786457,True,216.44000000000005,-5.153333333333334,4
1796,2024,F,4,4,35,1794.307246562578,1714.25013847318,80.05710808939807,-2.2873459454113734,True,85.30879540363708,-2.4373941543896307,4
6870,2024,F,2,2,42,1675.0360907468398,1718.1352208182127,-43.09913007137288,1.0261697636041163,False,11.690000000000055,-0.27833333333333465,2
18837,2024,F,2,2,35,1721.3077897516923,1720.3024775505314,1.0053122011609048,-0.028723205747454423,True,5.9474008754903025,-0.16992573929972293,2
861,2024,F,3,3,42,1992.6836681173936,1725.8854107918507,266.79825732554286,-6.352339460131973,True,332.3799999999999,-7.913809523809521,3
19610,2024,F,2,2,28,1886.3620523631305,1730.9090519732165,155.453000389914,-5.551892871068357,True,169.6400000000001,-6.058571428571432,2
3046,2024,F,2,2,14,1905.7858173939114,1736.8015933191527,168.98422407475869,-12.07030171962562,True,174.66000000000008,-12.475714285714291,2
3198,2024,F,2,2,35,1757.9287797132993,1739.1286477828867,18.80013193041259,-0.5371466265832169,True,23.869861253398085,-0.6819960358113738,2
1783,2024,F,3,3,28,1919.62326874413,1740.506903216343,179.1163655277869,-6.397013054563819,True,193.57999999999993,-6.913571428571426,3
1781,2024,F,4,4,35,1817.5894653461162,1741.6154999780363,75.97396536807992,-2.170684724802283,True,81.28731325979061,-2.322494664565446,4
18271,2024,F,3,3,42,1879.0481365569124,1741.985032231934,137.06310432497844,-3.26340724583282,True,198.76,-4.732380952380952,3
1760,2024,F,3,3,42,1844.8124104527333,1757.6352225524117,87.17718790032154,-2.0756473309600367,True,147.69000000000005,-3.516428571428573,3
18844,2024,F,3,3,35,1810.0712488639317,1759.5727700458212,50.49847881811047,-1.442813680517442,True,55.7580002020743,-1.5930857200592656,3
18849,2024,F,2,2,35,1831.898328973499,1759.5927447622482,72.30558421125079,-2.0658738346071654,True,77.65536069221798,-2.218724591206228,2
6867,2024,F,4,4,42,1957.432475560972,1792.0816210306048,165.35085453036731,-3.9369251078658882,True,229.6500000000001,-5.467857142857145,4
18854,2024,F,3,3,35,1893.4991995049438,1829.54420168926,63.95499781568378,-1.8272856518766796,True,69.47102251995648,-1.9848863577130422,3
18860,2024,F,3,3,35,2065.3268245897025,1829.5741637639003,235.7526608258022,-6.735790309308634,True,241.9793548229202,-6.913695852083434,3
2085,2024,F,4,4,35,1581.978261718956,1842.138260396422,-260.1599986774661,7.433142819356174,False,-255.94841691992633,7.312811911997895,4
3036,2024,F,3,3,35,1775.1479206886247,1846.1332036818023,-70.98528299317763,2.028150942662218,False,-65.97977658215541,1.885136473775869,3
1797,2024,F,2,2,35,1869.6106729405842,1846.302988771431,23.307684169153163,-0.6659338334043761,True,28.70368909463241,-0.8201054027037831,2
18856,2024,F,3,3,35,1962.7395480747368,1872.399955783179,90.33959229155789,-2.5811312083302256,True,96.0877605192452,-2.7453645862641483,3
18612,2024,F,2,2,42,1976.2427827001327,1875.106529859024,101.13625284110867,-2.408006020026397,True,165.97000000000003,-3.951666666666667,2
3537,2024,F,3,3,35,1905.1403088967127,1878.362408636609,26.777900260103706,-0.7650828645743916,True,32.28028144803284,-0.9222937556580811,3
839,2024,F,4,4,42,1568.4991532429876,1886.3522952073702,-317.85314196438253,7.567931951532917,False,-266.9000000000001,6.354761904761907,4
18613,2024,F,3,3,42,2182.885370176967,1899.6055195566198,283.27985062034736,-6.744758348103509,True,355.1099999999999,-8.454999999999998,3
867,2024,M,4,4,42,1518.94297218547,1518.376657670447,0.5663145150228956,-0.013483678929116564,True,58.289999999999964,-1.387857142857142,4
18841,2024,F,3,3,35,1801.7042014885978,1715.4586088170079,86.24559267158997,-2.4641597906168564,True,91.52634534751905,-2.6150384385005445,3
845,2024,F,2,2,28,1670.2385003196762,1716.037875593388,-45.7993752737118,1.6356919740611358,False,-33.47000000000003,1.195357142857144,2
591,2024,F,2,2,7,1687.6123136929775,1569.0630990593024,118.54921463367509,-16.935602090525013,True,116.84315112183549,-16.691878731690785,2
3100,2024,F,2,2,35,1700.1131456462592,1614.7721650651915,85.3409805810677,-2.4383137308876486,True,118.64198927829352,-3.389771122236958,2
2390,2024,F,3,3,35,1715.8750641960485,1571.665115282625,144.20994891342343,-4.120284254669241,True,178.07965477991434,-5.087990136568981,3
589,2024,F,2,2,7,1721.2015056370117,1703.1785483085055,18.02295732850621,-2.5747081897866013,True,13.533072777013786,-1.9332961110019693,2
604,2024,F,2,2,35,1743.1594887201668,1537.5179603740332,205.64152834613355,-5.875472238460959,True,240.31451023444447,-6.86612886384127,2
588,2024,F,2,2,7,1747.0727926359766,1654.9671123038902,92.10568033208642,-13.157954333155203,True,89.52110304864004,-12.788729006948577,2
5685,2024,F,2,2,35,1783.8143682899686,1647.9237760988974,135.89059219107116,-3.882588348316319,True,171.038557804143,-4.886815937261229,2
2409,2024,F,3,3,35,1908.17047050348,1717.9105105033873,190.25996000009263,-5.435998857145504,True,228.0591738996909,-6.515976397134025,3
16165,2024,F,3,3,35,1911.2141513268878,1639.5612075498545,271.6529437770332,-7.761512679343806,True,309.87541275517606,-8.853583221576459,3
16166,2024,F,3,3,35,1936.6506267796515,1713.6296718413773,223.02095493827414,-6.37202728395069,True,261.51826604744724,-7.471950458498493,3
1809,2024,M,4,4,35,1545.0278392710318,1524.8584897605622,20.1693495104696,-0.5762671288705601,True,24.420000000000073,-0.6977142857142878,4
1815,2024,M,2,2,35,1547.717096082553,1566.0965247375816,-18.379428655028505,0.5251265330008145,False,-14.169999999999845,0.4048571428571384,2
868,2024,M,4,4,42,1586.3946707691346,1574.2162928258151,12.178377943319447,-0.28996137960284396,True,72.48000000000002,-1.7257142857142862,4
885,2024,M,2,2,35,1624.5103183671047,1575.2449965319506,49.265321835154054,-1.4075806238615445,True,53.76999999999998,-1.5362857142857138,2
18865,2024,M,2,2,35,1594.2312787114577,1577.6819256998829,16.549353011574794,-0.47283865747356557,True,20.929999999999836,-0.5979999999999953,2
866,2024,M,3,3,42,1574.6074623861118,1578.4010195527155,-3.793557166603705,0.0903227896810406,False,56.039999999999964,-1.3342857142857134,3
1813,2024,M,2,2,35,1627.7971878034084,1582.5258217918797,45.2713660115287,-1.2934676003293915,True,49.77999999999997,-1.4222857142857135,2
1817,2024,M,5,5+,42,1601.1358979061067,1591.8041299763436,9.331767929763146,-0.22218495070864633,True,70.19000000000005,-1.6711904761904774,5
22565,2024,M,2,2,14,1653.67738377439,1593.991373778709,59.686009995680934,-4.263286428262924,True,63.8599999999999,-4.561428571428564,2
2113,2024,M,2,2,14,1653.5179797394692,1598.6554964074978,54.86248333197136,-3.9187488094265257,True,59.02999999999997,-4.21642857142857,2
18869,2024,M,4,4,35,1708.4748921490464,1599.1448797240087,109.3300124250377,-3.1237146407153626,True,114.13999999999987,-3.2611428571428536,4
1814,2024,M,4,4,42,1632.677505317983,1600.722891234391,31.954614083592105,-0.7608241448474311,True,94.03999999999996,-2.2390476190476183,4
882,2024,M,3,3,35,1654.689755918621,1606.2159692768616,48.47378664175926,-1.384965332621693,True,53.059999999999945,-1.5159999999999985,3
891,2024,M,3,3,42,1677.2860751658961,1614.0560897556602,63.22998541023594,-1.5054758431008557,True,127.05000000000018,-3.0250000000000044,3
4482,2024,M,2,2,42,1632.215639193587,1614.9050199985877,17.31061919499939,-0.41215759988093786,True,79.3599999999999,-1.8895238095238072,2
5025,2024,M,3,3,42,1619.100565702926,1615.1247431202864,3.9758225826394664,-0.09466244244379682,True,65.50999999999999,-1.5597619047619045,3
1847,2024,M,3,3,35,1683.375161908181,1616.6528175575554,66.72234435062569,-1.9063526957321626,True,71.40999999999985,-2.04028571428571,3
3205,2024,M,2,2,35,1650.0084570244915,1619.1696460424694,30.838810982022096,-0.8811088852006314,True,35.38999999999987,-1.0111428571428536,2
2110,2024,M,2,2,35,1652.8969180442734,1620.7776197967196,32.11929824755384,-0.9176942356443956,True,36.680000000000064,-1.0480000000000018,2
5013,2024,M,4,4,42,1634.1208369567203,1622.815052379745,11.305784576975157,-0.2691853470708371,True,73.42000000000007,-1.74809523809524,4
18555,2024,M,2,2,42,1578.6199243418018,1622.8649894528585,-44.24506511105665,1.0534539312156344,False,15.689999999999827,-0.37357142857142445,2
2111,2024,M,3,3,35,1626.6019625538434,1626.2407355953221,0.3612269585212289,-0.010320770243463681,True,4.809999999999945,-0.13742857142856987,3
18867,2024,M,2,2,35,1654.9885622310123,1635.04963529252,19.938926938492386,-0.5696836268140681,True,24.49000000000001,-0.699714285714286,2
3543,2024,M,4,4,42,1682.8092242367982,1638.7449787029095,44.06424553388865,-1.049148703187825,True,108.07000000000016,-2.573095238095242,4
2114,2024,M,3,3,42,1687.6203296992562,1639.3342361656473,48.28609353360889,-1.1496688936573545,True,112.48000000000002,-2.6780952380952385,3
1835,2024,M,4,4,35,1681.0843135131818,1641.2518197732004,39.83249373998137,-1.1380712497137535,True,44.48000000000002,-1.2708571428571434,4
1863,2024,M,4,4,42,1726.9463057493901,1648.3328967406762,78.61340900871392,-1.8717478335408075,True,144.33999999999992,-3.4366666666666648,4
2112,2024,M,3,3,35,1657.8770232507943,1652.5076360529536,5.3693871978407515,-0.15341106279545005,True,9.910000000000082,-0.28314285714285947,3
22566,2024,M,2,2,14,1692.0240169250633,1655.9133444392853,36.11067248577797,-2.5793337489841406,True,40.34999999999991,-2.8821428571428505,2
2122,2024,M,2,2,28,1697.620064853014,1657.7510287298574,39.86903612315655,-1.423894147255591,True,58.940000000000055,-2.1050000000000018,2
3051,2024,M,2,2,14,1751.7108652507798,1667.8982419864938,83.812623264286,-5.986615947449001,True,88.25999999999999,-6.304285714285713,2
2116,2024,M,3,3,35,1721.7219719983918,1674.190313198778,47.53165879961375,-1.3580473942746787,True,52.299999999999955,-1.4942857142857129,3
18870,2024,M,3,3,35,1719.0327151868707,1675.328878465763,43.70383672110779,-1.2486810491745084,True,48.460000000000036,-1.3845714285714297,3
18566,2024,M,3,3,42,1870.451959483595,1675.3788155388763,195.0731439447186,-4.6445986653504425,True,266.4000000000001,-6.342857142857145,3
18559,2024,M,3,3,42,1668.8570183956692,1676.2077709525581,-7.350752556888892,0.1750179180211641,False,56.06000000000017,-1.3347619047619088,3
1827,2024,M,4,4,35,1688.9528797394846,1678.1253545601114,10.827525179373197,-0.30935786226780565,True,15.460000000000036,-0.4417142857142868,4
18561,2024,M,4,4,42,1686.7062196613892,1681.2114656785177,5.4947539828715435,-0.1308274757826558,True,69.60000000000014,-1.6571428571428604,4
1856,2024,M,3,3,35,1743.8336391153443,1686.2251478190997,57.608491296244665,-1.645956894178419,True,62.450000000000045,-1.7842857142857156,3
18873,2024,M,2,2,35,1730.1881508494773,1696.502197465831,33.68595338364639,-0.9624558109613255,True,38.45999999999981,-1.0988571428571374,2
19635,2024,M,2,2,28,1953.5895408809565,1697.0315304408327,256.5580104401238,-9.162786087147278,True,278.77,-9.956071428571429,2
18568,2024,M,2,2,42,1907.516715966373,1698.6994286828192,208.81728728355392,-4.9718401734179505,True,281.57000000000016,-6.704047619047623,2
18562,2024,M,4,4,42,1771.0545206292072,1700.3373646809378,70.71715594826946,-1.68374180829213,True,138.1099999999999,-3.288333333333331,4
18872,2024,M,2,2,35,1728.2957108709995,1703.263677165381,25.03203370561846,-0.7152009630176703,True,29.789999999999964,-0.8511428571428561,2
1844,2024,M,4,4,35,1742.240005449258,1713.1612050564506,29.078800392807352,-0.8308228683659243,True,33.88000000000011,-0.9680000000000031,4
890,2024,M,4,4,42,1704.2378879665873,1715.717983199855,-11.480095233267775,0.2733356007920899,False,53.26999999999998,-1.2683333333333329,4
872,2024,M,4,4,42,1738.0407149458188,1652.218001028896,85.8227139169228,-2.0433979504029236,True,151.98000000000002,-3.618571428571429,4
930,2024,M,4,4,42,1709.7033037719395,1676.727116512937,32.97618725900247,-0.7851473156905351,True,97.99000000000001,-2.3330952380952383,4
1857,2024,M,4,4,35,1720.4271446446965,1682.2501567992756,38.176987845420854,-1.0907710812977387,True,42.930000000000064,-1.2265714285714304,4
918,2024,M,3,3,35,1713.7538036679584,1647.294205619918,66.45959804804033,-1.898845658515438,True,71.23000000000002,-2.0351428571428576,3
909,2024,M,4,4,42,1892.4868225016537,1653.3365914666356,239.15023103501812,-5.694053119881384,True,311.3699999999999,-7.413571428571426,4
878,2024,M,2,2,42,1598.9805226589253,1616.1834090702898,-17.20288641136449,0.4095925336039164,False,43.539999999999964,-1.0366666666666657,2
886,2024,M,3,3,42,1730.97801212693,1706.629435893222,24.348576233707945,-0.5797280055644749,True,90.16000000000008,-2.1466666666666687,3
880,2024,M,4,4,42,1624.806536781401,1611.649122831596,13.157413949805004,-0.31327176070964297,True,74.91999999999985,-1.7838095238095202,4
876,2024,M,3,3,42,1607.9772898737222,1605.6267118141238,2.3505780595983197,-0.055966144276150466,True,63.45999999999981,-1.5109523809523764,3
18586,2024,M,4,4,42,2189.4956071210513,1920.010549306644,269.48505781440736,-6.416310900343032,True,353.03,-8.40547619047619,4
18877,2024,M,4,4,35,1764.25207046208,1721.3209228031749,42.93114765890505,-1.2266042188258586,True,47.809999999999945,-1.3659999999999985,4
874,2024,M,3,3,42,1759.228823402485,1726.1648188951715,33.064004507313484,-0.7872382025550829,True,99.96000000000004,-2.380000000000001,3
19624,2024,M,2,2,28,1802.2459584926187,1733.6254176183088,68.62054087430988,-2.450733602653924,True,88.90000000000009,-3.1750000000000034,2
1837,2024,M,4,4,42,1769.0434785458997,1734.604184251331,34.439294294568754,-0.8199831974897323,True,101.71000000000004,-2.4216666666666677,4
18876,2024,M,3,3,35,1757.6783315894727,1737.4705722480383,20.20775934143444,-0.5773645526124126,True,25.039999999999964,-0.7154285714285704,3
18878,2024,M,3,3,35,1781.2840302683815,1743.652781899473,37.63124836890847,-1.0751785248259564,True,42.55000000000018,-1.2157142857142909,3
18882,2024,M,2,2,35,1823.6149245238087,1743.7826182895678,79.83230623424083,-2.2809230352640237,True,84.92000000000007,-2.4262857142857164,2
1858,2024,M,3,3,35,1733.475020285781,1747.517911358448,-14.042891072666862,0.40122545921905317,False,-9.319999999999936,0.26628571428571246,3
18874,2024,M,4,4,35,1739.1523402212147,1750.1945384773244,-11.042198256109714,0.3154913787459918,False,-6.300000000000182,0.18000000000000518,4
2359,2024,M,3,3,42,1884.8660314491194,1753.2107376933718,131.6552937557476,-3.1346498513273238,True,203.44999999999982,-4.844047619047615,3
1870,2024,M,2,2,35,1773.4154640420784,1755.0484219839436,18.367042058134757,-0.5247726302324216,True,23.24000000000001,-0.6640000000000003,2
18571,2024,M,3,3,42,1929.76326762478,1756.6863579820622,173.07690964271774,-4.120878801017089,True,246.62999999999988,-5.872142857142855,3
1823,2024,M,2,2,28,1904.9853661806362,1759.572720808015,145.41264537262123,-5.193308763307901,True,166.94000000000005,-5.962142857142859,2
936,2024,M,4,4,42,1777.0972690900546,1761.6001659764174,15.497103113637195,-0.36897864556279036,True,83.04999999999995,-1.9773809523809514,4
1852,2024,M,3,3,35,1831.3838886459812,1768.1618973835143,63.22199126246687,-1.8063426074990534,True,68.30999999999995,-1.9517142857142842,3
1239,2024,M,3,3,42,1707.1038748079325,1769.669996991538,-62.56612218360556,1.4896695758001324,False,-22.230000000000018,0.5292857142857147,3
1876,2024,M,4,4,42,1834.012646710936,1773.405290060418,60.607356650517886,-1.4430323012028068,True,130.37999999999988,-3.1042857142857114,4
1853,2024,M,2,2,35,1866.3442271957576,1776.5313508373147,89.81287635844296,-2.566082181669799,True,95.02999999999997,-2.7151428571428564,2
19627,2024,M,2,2,28,1841.8621634759522,1776.9608096660895,64.90135380986271,-2.3179054932093828,True,85.61999999999989,-3.057857142857139,2
3052,2024,M,2,2,35,1727.1004856214345,1777.5300922995818,-50.429606678147366,1.4408459050899247,False,-45.76999999999998,1.3077142857142852,2
18889,2024,M,2,2,35,1899.412125767056,1778.0094882014703,121.40263756558579,-3.4686467875881655,True,126.75,-3.6214285714285714,2
1874,2024,M,2,2,42,2468.0586133973843,1778.5488085910947,689.5098048062896,-16.416900114435467,True,784.1700000000001,-18.670714285714286,2
2119,2024,M,4,4,35,1758.773954734907,1781.4851084901607,-22.71115375525369,0.6488901072929626,False,-17.930000000000064,0.5122857142857161,4
19626,2024,M,3,3,28,1834.3853578981953,1782.4439002939375,51.94145760425772,-1.8550520572949185,True,72.55999999999995,-2.5914285714285694,3
1836,2024,M,2,2,28,1898.6740335991474,1785.2503638029089,113.42366979623853,-4.050845349865662,True,134.83999999999992,-4.815714285714283,2
4997,2024,M,2,2,28,1800.4286107696234,1786.7484759963097,13.680134773313739,-0.4885762419040621,True,33.86999999999989,-1.2096428571428532,2
2124,2024,M,4,4,35,1901.5037699537947,1788.4463364821645,113.05743347163025,-3.230212384903721,True,118.39999999999986,-3.382857142857139,4
18887,2024,M,2,2,35,1877.2008565459732,1788.5961477015044,88.60470884446886,-2.5315631098419673,True,93.85000000000014,-2.6814285714285755,2
18563,2024,M,3,3,42,1806.7721675824973,1789.7247255538664,17.04744202863094,-0.4058914768721652,True,85.73000000000002,-2.0411904761904767,3
18581,2024,M,3,3,42,2094.5340075030504,1790.07428506566,304.4597224373904,-7.249041010414056,True,384.44000000000005,-9.153333333333334,3
18883,2024,M,2,2,35,1824.7105476692432,1790.7734040892472,33.93714357999602,-0.9696326737141719,True,38.97000000000003,-1.113428571428572,2
18573,2024,M,2,2,42,1931.6973320206882,1793.1104591109527,138.58687290973558,-3.2996874502317994,True,212.17000000000007,-5.0516666666666685,2
1811,2024,M,2,2,35,1602.2990491460218,1800.970554418997,-198.67150527297508,5.676328722085002,False,-194.53999999999996,5.558285714285713,2
2120,2024,M,3,3,42,1854.4790893482334,1804.8756335364626,49.6034558117708,-1.181034662185019,True,120.13999999999987,-2.8604761904761875,3
5735,2024,M,4,4,42,1915.5512620886784,1805.0054699265572,110.54579216212119,-2.632042670526695,True,183.48000000000002,-4.368571428571429,4
19628,2024,M,2,2,28,1852.3119128831745,1805.9942239742018,46.31768890897274,-1.6542031753204551,True,67.13000000000011,-2.397500000000004,2
18884,2024,M,2,2,35,1825.7065687105473,1807.572235484584,18.134333225963246,-0.5181238064560928,True,23.15000000000009,-0.661428571428574,2
19634,2024,M,2,2,28,1893.488666454732,1839.7716602280839,53.71700622664821,-1.9184645080945788,True,75.0,-2.6785714285714284,2
11399,2024,M,3,3,42,1818.828065486321,1840.8403135927101,-22.012248106389052,0.5241011453902156,False,21.019999999999982,-0.5004761904761901,3
18583,2024,M,3,3,42,2161.110084892548,1843.8764876380028,317.2335972545452,-7.553180887012981,True,399.76,-9.518095238095238,3
19637,2024,M,3,3,28,1967.644355064772,1844.3259212960231,123.31843376874895,-4.40422977745532,True,145.51999999999998,-5.197142857142857,3
924,2024,M,4,4,42,1912.9243985061762,1852.5156012866153,60.40879721956094,-1.438304695703832,True,133.18000000000006,-3.1709523809523823,4
1877,2024,M,4,4,42,1826.3341223928526,1854.9325556253027,-28.598433232450134,0.6809150769630984,False,40.76999999999998,-0.9707142857142853,4
19638,2024,M,2,2,28,1973.649504062495,1856.9899630375733,116.65954102492174,-4.16641217946149,True,138.92000000000007,-4.961428571428574,2
5732,2024,M,3,3,35,1997.520198335517,1858.4281507432383,139.09204759227873,-3.9740585026365354,True,144.73000000000002,-4.135142857142857,3
19640,2024,M,2,2,28,1996.8503182000795,1863.3719209814617,133.47839721861783,-4.767085614950637,True,156.01999999999998,-5.572142857142857,2
1894,2024,M,3,3,35,1882.9777785855374,1864.6403226385414,18.337455946995988,-0.5239273127713139,True,23.50999999999999,-0.6717142857142855,3
18569,2024,M,3,3,42,1916.4749943374704,1865.689001173922,50.78599316354848,-1.209190313417821,True,123.68000000000006,-2.9447619047619065,3
18899,2024,M,3,3,35,2034.6717831761628,1871.2120414602603,163.4597417159025,-4.670278334740072,True,169.23000000000002,-4.835142857142857,3
3216,2024,M,4,4,35,1938.3565484820492,1881.9285373503892,56.428011131660014,-1.6122288894760004,True,61.799999999999955,-1.7657142857142845,4
18885,2024,M,2,2,35,1859.0732735942372,1887.0021439787076,-27.92887038447043,0.7979677252705837,False,-22.88000000000011,0.6537142857142888,2
2373,2024,M,4,4,42,1888.1568275854413,1890.6675251452289,-2.510697559787559,0.05977851332827521,False,69.24000000000001,-1.6485714285714288,4
18888,2024,M,3,3,35,1879.3921028368422,1892.0258135339125,-12.633710697070228,0.3609631627734351,False,-7.509999999999991,0.2145714285714283,3
18115,2024,M,3,3,28,2063.865015485524,1898.098161624498,165.766853861026,-5.920244780750928,True,189.10000000000014,-6.753571428571433,3
19636,2024,M,2,2,28,1963.7528604840106,1902.10311488819,61.649745595820605,-2.2017766284221643,True,83.73000000000002,-2.9903571428571434,2
1883,2024,M,4,4,35,1889.2527111457534,1918.2028272599396,-28.95011611418613,0.8271461746910322,False,-23.819999999999936,0.6805714285714267,4
2141,2024,M,4,4,35,2033.6757621348586,1922.477440718444,111.1983214164145,-3.177094897611843,True,116.89999999999986,-3.3399999999999963,4
18577,2024,M,3,3,42,2005.3072455962995,1925.913111348644,79.39413424765553,-1.8903365297060841,True,155.70000000000005,-3.707142857142858,3
18585,2024,M,3,3,42,2182.1346157634903,1927.8606572000651,254.27395856342514,-6.054141870557741,True,337.52,-8.036190476190475,3
19641,2024,M,3,3,28,2001.324549278975,1929.8781149538454,71.44643432512953,-2.551658368754626,True,93.96000000000004,-3.355714285714287,3
1901,2024,M,4,4,42,2037.3492079762718,1931.5759754397,105.77323253657187,-2.5184102984898065,True,183.33000000000015,-4.365000000000004,4
19648,2024,M,2,2,28,2178.792505185367,1948.4447187373958,230.34778644797143,-8.226706658856122,True,255.04999999999973,-9.108928571428562,2
18894,2024,M,3,3,35,1966.7431481592182,1948.524618054377,18.218530104841193,-0.5205294315668912,True,23.61999999999989,-0.6748571428571397,3
1895,2024,M,2,2,35,2140.6484219709264,1959.5507237978088,181.09769817311758,-5.174219947803359,True,187.17999999999984,-5.347999999999995,2
18578,2024,M,3,3,42,2005.9904225719688,1968.050013641704,37.940408930264766,-0.9033430697682088,True,114.22000000000003,-2.7195238095238103,3
926,2024,M,3,3,35,2001.4046803966035,1968.4894598851015,32.91522051150196,-0.9404348717571988,True,38.430000000000064,-1.0980000000000019,3
3073,2024,M,3,3,35,1892.738784790318,1969.2285285671794,-76.48974377686136,2.1854212507674675,False,-71.41000000000008,2.0402857142857167,3
899,2024,M,3,3,42,1790.2412092134907,1757.635162371216,32.606046842274736,-0.776334448625589,True,100.68000000000006,-2.3971428571428586,3
1859,2024,M,3,3,35,1763.7540599414278,1738.818873222099,24.93518671932884,-0.7124339062665382,True,29.789999999999964,-0.8511428571428561,3
18892,2024,M,3,3,35,1934.0736580044413,1863.581656688538,70.49200131590328,-2.0140571804543796,True,75.86999999999989,-2.1677142857142826,3
2121,2024,M,3,3,35,1763.1564473166454,1718.3546606602408,44.8017866564046,-1.2800510473258457,True,49.680000000000064,-1.4194285714285733,3
18895,2024,M,4,4,35,1983.675505861389,1981.2733506021239,2.4021552592651005,-0.0686330074075743,True,7.829999999999927,-0.22371428571428364,4
946,2024,M,3,3,28,2277.620664513026,1982.9012991856196,294.7193653274064,-10.525691618835944,True,320.6100000000001,-11.450357142857147,3
19649,2024,M,3,3,28,2190.3089586908695,1988.8737731299786,201.4351855608909,-7.194113770031818,True,226.23000000000002,-8.079642857142858,3
19644,2024,M,2,2,28,2085.01143654494,1996.4841830724558,88.52725347248406,-3.1616876240172878,True,112.0,-4.0,2
18570,2024,M,3,3,42,1917.9953036636073,1998.1121316559515,-80.11682799234427,1.9075435236272444,False,-7.330000000000155,0.17452380952381322,3
3082,2024,M,2,2,35,2067.44087543507,1998.7812884356706,68.65958699939961,-1.9617024856971317,True,74.39999999999986,-2.125714285714282,2
3231,2024,M,3,3,35,2142.7400661576658,2008.7587156437214,133.98135051394434,-3.828038586112695,True,140.01000000000022,-4.00028571428572,3
1908,2024,M,3,3,28,2109.308585450201,2029.182978547089,80.12560690311193,-2.8616288179682834,True,103.8599999999999,-3.7092857142857105,3
895,2024,M,4,4,42,2192.4688702968506,2069.731881915144,122.7369883817064,-2.9223092471834855,True,206.21000000000004,-4.909761904761906,4
18579,2024,M,3,3,42,2044.9699990288057,2084.0837967279263,-39.113797699120596,0.9312808975981094,False,38.55000000000018,-0.9178571428571471,3
19656,2024,M,2,2,28,2257.876761805052,2092.063741011442,165.81302079361012,-5.92189359977179,True,191.32000000000016,-6.832857142857149,2
3084,2024,M,3,3,28,2250.923431386636,2113.4168334747183,137.50659791191765,-4.910949925425631,True,162.9000000000001,-5.817857142857146,3
18910,2024,M,3,3,35,2299.8125843713333,2124.902360290793,174.9102240805405,-4.997434973729729,True,181.42000000000007,-5.183428571428574,3
5006,2024,M,3,3,28,2171.1774231504255,2156.123018401271,15.0544047491544,-0.5376573124698,True,39.399999999999636,-1.4071428571428442,3
5001,2024,M,2,2,28,2280.7022541302786,2156.162968059761,124.53928607051739,-4.447831645375621,True,150.25,-5.366071428571429,2
4999,2024,M,2,2,28,2428.6185557584026,2159.159192446564,269.45936331183884,-9.62354868970853,True,297.00999999999976,-10.607499999999991,2
964,2024,M,4,4,42,2517.0452892161343,2190.859246458929,326.1860427572051,-7.766334351362026,True,422.25,-10.053571428571429,4
1881,2024,M,2,2,14,2328.0660417640534,2213.4208160915496,114.64522567250378,-8.188944690893127,True,120.55999999999995,-8.611428571428567,2
1906,2024,M,4,4,42,1782.8032401685302,2216.237267015143,-433.4340268466128,10.31985778206221,False,-366.23000000000025,8.71976190476191,4
19657,2024,M,2,2,28,2290.9840964109194,2221.560559009028,69.42353740189128,-2.4794120500675456,True,95.17999999999984,-3.3992857142857082,2
18590,2024,M,3,3,42,2601.3647235511776,2302.3787181357034,298.9860054154742,-7.118714414654148,True,398.2199999999998,-9.481428571428566,3
3559,2024,M,3,3,28,2425.211028777787,2304.695798328163,120.51523044962369,-4.304115373200846,True,147.84000000000015,-5.280000000000006,3
19662,2024,M,2,2,28,2668.3800556263723,2572.7580068007233,95.62204882564902,-3.415073172344608,True,125.63999999999987,-4.487142857142852,2
19666,2024,M,2,2,28,3212.221361732661,3244.9110109066573,-32.68964917399626,1.1674874704998663,False,3.2600000000002183,-0.11642857142857922,2
4082,2025,M,4,4,29,1774.4332916137876,1782.288155593468,-7.854863979680431,0.27085737860967,False,-5.990000000000009,0.20655172413793135,4
21472,2025,M,3,3,21,1690.064926604797,1788.5550397109641,-98.4901131061672,4.690005386007962,False,-89.70000000000005,4.271428571428574,3
950,2024,M,2,2,42,2229.754937630902,1990.7813693229089,238.97356830799322,-5.689846864476029,True,324.0100000000002,-7.714523809523815,2
7624,2024,M,2,2,14,2065.7268512928854,1979.7552635794775,85.97158771340787,-6.140827693814848,True,91.19999999999982,-6.514285714285701,2
2238,2025,F,5,5+,43,1327.1574367087924,1305.9373346430405,21.220102065751917,-0.49349074571516083,True,-1.5852250614943841,0.03686569910452056,5
2245,2025,F,4,4,22,1475.2848502308393,1408.584779933078,66.70007029776139,-3.031821377170972,True,103.89999999999986,-4.7227272727272664,4
28018,2025,F,3,3,21,1448.8570119593817,1458.935364267073,-10.078352307691375,0.47992153846149405,False,-7.279999999999973,0.34666666666666535,3
2243,2025,F,3,3,14,1491.9126684468538,1425.8765643064626,66.03610414039122,-4.716864581456515,True,93.29999999999995,-6.664285714285711,3
28021,2025,F,4,4,21,1557.9118153528204,1550.094366763188,7.817448589632477,-0.37225945664916554,True,11.240000000000009,-0.5352380952380956,4
20763,2025,F,2,2,7,1576.0427156305332,1548.3103479157157,27.73236771481743,-3.96176681640249,True,80.20000000000005,-11.457142857142864,2
28531,2025,F,2,2,7,1565.800888431323,1609.5854479156746,-43.784559484351576,6.254937069193082,False,-69.67000000000007,9.952857142857154,2
28414,2025,F,3,3,14,1858.406613223966,1841.650558262352,16.756054961613927,-1.1968610686867092,True,49.22000000000003,-3.515714285714288,3
19504,2025,F,2,2,7,1498.840420281416,1460.9570234087892,37.88339687262692,-5.4119138389467025,True,89.20000000000005,-12.742857142857149,2
28376,2025,F,3,3,14,1515.0851474684594,1540.4384389392271,-25.353291470767772,1.8109493907691265,False,1.6100000000001273,-0.1150000000000091,3
7115,2025,F,2,2,7,1458.5650315750795,1462.8452067599058,-4.280175184826248,0.6114535978323212,False,45.40000000000009,-6.485714285714299,2
28377,2025,F,3,3,14,1557.5713570345713,1585.108111121805,-27.536754087233703,1.9669110062309787,False,0.15000000000009095,-0.010714285714292211,3
19506,2025,F,3,3,21,1422.7893015690074,1411.6242528621356,11.165048706871858,-0.531668986041517,True,14.379999999999882,-0.6847619047618991,3
19360,2025,F,3,3,21,1457.1557212596883,1462.692077827763,-5.536356568074552,0.2636360270511692,False,-2.619999999999891,0.12476190476189956,3
19524,2025,F,3,3,22,1633.6069120608022,1477.9506735688396,155.65623849196254,-7.075283567816479,True,188.0,-8.545454545454545,3
2061,2025,F,5,5+,29,1635.7522888555332,1682.6946157256625,-46.942326870129364,1.618700926556185,False,-42.59999999999991,1.4689655172413763,5
1671,2025,F,4,4,22,1645.0164159236908,1578.223147320249,66.7932686034419,-3.0360576637928136,True,98.80000000000018,-4.490909090909099,4
2064,2025,F,4,4,29,1956.6811539219193,1858.9666598311564,97.71449409076286,-3.3694653134745813,True,106.31999999999994,-3.666206896551722,4
28029,2025,F,2,2,14,1835.5768653536613,1795.463610769784,40.11325458387728,-2.8652324702769483,True,73.39999999999986,-5.242857142857133,2
27226,2025,F,4,4,29,1935.5199373557066,1759.0909079012538,176.4290294544528,-6.083759636360441,True,186.71000000000004,-6.438275862068966,4
8146,2025,M,5,5+,29,1557.1236772645118,1540.6953733353637,16.428303929148115,-0.5664932389361419,True,31.61999999999989,-1.090344827586203,5
27989,2025,M,4,4,21,1601.369790777345,1690.9832713917588,-89.61348061441367,4.267308600686365,False,-81.19999999999982,3.866666666666658,4
2259,2025,M,4,4,29,1625.9955238918876,1658.592963932688,-32.59744004080039,1.1240496565793239,False,-17.87000000000012,0.6162068965517282,4
1657,2025,M,3,3,21,1627.113723958369,1613.111614611952,14.002109346417,-0.6667671117341429,True,24.950000000000045,-1.1880952380952403,3
8147,2025,M,5,5+,43,1623.4899794255077,1676.3963897953406,-52.906410369832884,1.2303816365077416,False,-86.72435950761405,2.016845569944513,5
2261,2025,M,3,3,14,1605.9268420572344,1626.9554647061398,-21.02862264890541,1.5020444749218151,False,-6.809999999999945,0.48642857142856755,3
1656,2025,M,5,5+,43,1586.3407246125596,1569.2043188683097,17.13640574424994,-0.3985210638197661,True,-14.335799109494928,0.33339067696499836,5
27212,2025,M,2,2,22,1629.8701706782379,1599.6493429262334,30.220827752004425,-1.3736739887274738,True,72.89999999999986,-3.3136363636363573,2
2275,2025,M,4,4,21,1729.1179875058217,1724.0286197804276,5.0893677253941405,-0.24235084406638766,True,16.5,-0.7857142857142857,4
1663,2025,M,5,5+,43,1737.7745960500697,1812.3124943217526,-74.53789827168293,1.733439494690301,False,-111.14538531419089,2.584776402655602,5
27996,2025,M,2,2,14,1786.6289627630522,1679.149838319225,107.47912444382723,-7.677080317416231,True,149.39999999999986,-10.671428571428562,2
28536,2025,M,2,2,7,1680.1435945116375,1771.807500719902,-91.6639062082645,13.094843744037787,False,-121.56999999999994,17.36714285714285,2
28411,2025,M,3,3,14,1790.6186034137236,1755.715002658438,34.90360075528565,-2.493114339663261,True,52.090000000000146,-3.7207142857142963,3
26865,2025,M,3,3,36,1751.0132395834116,1708.6643972338734,42.348842349538245,-1.176356731931618,True,36.429673162115705,-1.011935365614325,3
2268,2025,M,3,3,14,1581.2720562660968,1600.0303494805794,-18.758293214482592,1.3398780867487565,False,1.3300000000001546,-0.09500000000001105,3
2260,2025,M,3,3,14,1673.952999792286,1663.9994957844435,9.953504007842412,-0.7109645719887437,True,31.90000000000009,-2.278571428571435,3
2263,2025,M,3,3,14,1600.966756765412,1622.761247410655,-21.79449064524306,1.5567493318030756,False,-1.5199999999999818,0.10857142857142728,3
19502,2025,M,3,3,14,1665.0710760376928,1665.0260524651565,0.045023572536365464,-0.0032159694668832473,True,21.65000000000009,-1.546428571428578,3
11367,2025,M,2,2,14,1846.0828763735674,1579.575467839503,266.5074085340643,-19.03624346671888,True,310.79999999999995,-22.199999999999996,2
2783,2025,M,5,5+,29,1726.8741824769734,1659.8052784889587,67.06890398801465,-2.312720827172919,True,70.58999999999992,-2.43413793103448,5
27215,2025,M,4,4,29,1679.5103879567375,1744.5304232038116,-65.02003524707402,2.242070180933587,False,-64.56999999999994,2.226551724137929,4
1631,2025,M,4,4,29,1818.086108419036,1730.2563969767534,87.82971144228259,-3.028610739389055,True,91.93000000000006,-3.170000000000002,4
1632,2025,M,5,5+,29,1772.8707746811613,1804.0707106851703,-31.199936004009032,1.075859862207208,False,-29.86999999999989,1.0299999999999963,5
1625,2025,M,4,4,29,1707.928664668879,1691.4818846366766,16.44678003220247,-0.5671303459380161,True,18.79000000000019,-0.6479310344827652,4
26867,2025,F,5,5+,43,1526.1714815511255,1478.5407131619233,47.6307683892021,-1.1076922881209792,True,26.048898958355267,-0.6057883478687272,5
7971,2025,F,3,3,22,1638.7451135514332,1585.6363989662768,53.10871458515635,-2.4140324811434706,True,38.809999999999945,-1.7640909090909067,3
3379,2025,F,5,5+,43,1650.3355685349693,1662.7664242591904,-12.430855724221146,0.28908966800514296,False,-37.186030511225454,0.8647914072378012,5
28244,2025,F,3,3,22,1686.141935346124,1761.6442991495353,-75.5023638034113,3.4319256274277863,False,-93.10000000000014,4.231818181818188,3
3371,2025,F,3,3,28,1650.978323755532,1712.3961323148665,-61.41780855933439,2.193493162833371,False,-63.51470249886552,2.26838223210234,3
3407,2025,M,4,4,43,1698.0912405975491,1732.1530826534997,-34.06184205595059,0.7921358617662928,False,-60.99788000968147,1.4185553490623597,4
7965,2025,M,3,3,22,1849.8897430285683,1807.4241291754997,42.46561385306859,-1.9302551751394814,True,28.799999999999955,-1.309090909090907,3
1954,2024,F,3,3,28,1594.906186443,1584.5383780891805,10.367808353819555,-0.3702788697792698,True,25.660000000000082,-0.9164285714285744,3
19456,2024,F,2,2,7,1600.6513411375631,1513.6259705662922,87.02537057127097,-12.432195795895852,True,100.08999999999992,-14.298571428571417,2
19458,2024,F,2,2,7,1605.9924626546358,1527.528846558897,78.46361609573887,-11.20908801367698,True,91.50999999999999,-13.072857142857142,2
19459,2024,F,3,3,28,1611.0083867361668,1645.0230173331672,-34.014630597000405,1.2148082356071572,False,-18.799999999999955,0.6714285714285698,3
19366,2024,F,3,3,35,1371.0305839475725,1416.3226157910344,-45.29203184346193,1.2940580526703407,False,-24.54787952407969,0.7013679864022768,3
18922,2024,F,3,3,28,1495.1388971855588,1394.756968715372,100.38192847018672,-3.58506887393524,True,134.0999999999999,-4.789285714285711,3
19367,2024,F,2,2,21,1594.0031589165949,1473.7035979938366,120.29956092275825,-5.728550520131345,True,141.10000000000014,-6.719047619047625,2
18763,2024,F,3,3,35,1515.225179845507,1542.4807889443066,-27.255609098799596,0.7787316885371313,False,-3.9968806464398767,0.11419658989828219,3
18954,2024,F,2,2,7,2076.3058439321053,2086.734368518789,-10.42852458668358,1.4897892266690829,False,9.200000000000273,-1.3142857142857534,2
18768,2024,F,2,2,7,2353.2085281376008,2117.505491544624,235.7030365929768,-33.67186237042525,True,270.40359643754937,-38.6290852053642,2
652,2024,F,2,2,21,2348.3380693869926,2035.5885609795296,312.74950840746305,-14.892833733688716,True,343.9999999999998,-16.38095238095237,2
2733,2024,M,3,3,14,1857.2041614183647,1729.2352796053258,127.96888181303893,-9.140634415217066,True,143.79999999999995,-10.271428571428569,3
19376,2024,M,2,2,21,1725.2574106511715,1642.7846945487854,82.47271610238613,-3.9272721953517205,True,111.70000000000005,-5.3190476190476215,2
712,2024,M,2,2,7,1791.9408660438876,1753.9496811314073,37.99118491248032,-5.4273121303543315,True,65.0,-9.285714285714286,2
19380,2024,M,2,2,21,1776.1788463157536,1655.6275056267077,120.5513406890459,-5.74054003281171,True,150.79999999999995,-7.1809523809523785,2
18970,2024,M,2,2,7,1734.9802975957493,1827.9816145206846,-93.00131692493528,13.285902417847897,False,-69.60000000000014,9.942857142857163,2
18745,2024,M,3,3,35,1784.772264120097,1805.7973277873784,-21.02506366728153,0.6007161047794722,False,20.749095283210636,-0.5928312938060182,3
18986,2024,M,2,2,7,1852.4735379370786,1848.2522629487012,4.221274988377445,-0.6030392840539207,True,31.399999999999864,-4.485714285714266,2
19010,2024,M,2,2,7,2083.501741829273,1902.1114737477783,181.39026808149492,-25.91289544021356,True,215.69999999999982,-30.81428571428569,2
19388,2024,M,2,2,28,1913.7646484479421,1884.7165899563495,29.048058491592656,-1.0374306604140233,True,50.53613760935059,-1.8048620574768068,2
734,2024,M,3,3,28,1930.577097046475,1777.584432529457,152.99266451701806,-5.464023732750645,True,214.20000000000005,-7.650000000000001,3
4681,2024,F,3,3,14,2345.3159171538177,2035.9921764971905,309.32374065662725,-22.094552904044804,True,330.1399999999999,-23.581428571428564,3
1597,2024,M,2,2,28,2027.3586203150871,1976.0967882572634,51.26183205782377,-1.8307797163508488,True,74.23243519041034,-2.651158399657512,2
1558,2024,M,4,4,42,1581.004124844042,1647.958803449436,-66.95467860539384,1.594159014414139,False,-34.61336066884883,0.8241276349725911,4
11458,2024,F,4,4,42,1580.0396803464464,1646.9555260868603,-66.91584574041394,1.5932344223908081,False,-41.799999999999955,0.9952380952380941,4
11470,2024,F,4,4,42,1779.9207128282796,1678.4950693751784,101.4256434531012,-2.4148962726928858,True,132.29999999999995,-3.149999999999999,4
1514,2024,F,2,2,14,2586.2336211514043,3026.0892583330274,-439.855637181623,31.41825979868736,False,-411.4000000000001,29.385714285714293,2
19394,2024,M,2,2,21,2124.011422239977,1999.1975911298805,124.81383111009654,-5.9435157671474546,True,160.9000000000001,-7.661904761904767,2
771,2024,M,2,2,7,2429.6096026539776,2143.106960614195,286.5026420397826,-40.92894886282608,True,328.0999999999999,-46.87142857142856,2
19397,2024,M,2,2,28,2179.7312239575676,2080.976334034449,98.75488992311875,-3.526960354397098,True,123.89295855048977,-4.424748519660349,2
19012,2024,M,3,3,28,2264.810127499788,2131.0106288598727,133.79949863991533,-4.778553522854119,True,205.4000000000001,-7.335714285714289,3
19018,2024,M,2,2,7,2482.2257209662407,2415.9283447709763,66.2973761952644,-9.47105374218063,True,104.0,-14.857142857142858,2
2007,2024,M,3,3,28,1509.2296696696346,1535.6140680423766,-26.384398372741998,0.9422999418836427,False,-13.590000000000146,0.48535714285714804,3
1991,2024,M,2,2,28,1519.579619399916,1542.7717176118108,-23.192098211894745,0.8282892218533837,False,-10.290000000000191,0.3675000000000068,2
19403,2024,M,2,2,28,1577.194339565149,1572.8934928831802,4.300846681968778,-0.15360166721317065,True,17.8599999999999,-0.6378571428571392,2
2871,2024,M,2,2,28,1581.8567454912666,1584.4252616339352,-2.5685161426686136,0.09173271938102191,False,10.990000000000009,-0.39250000000000035,2
2003,2024,M,2,2,7,1589.3875660569188,1579.1417658284995,10.245800228419284,-1.4636857469170406,True,20.330000000000155,-2.9042857142857366,2
19404,2024,M,4,4,28,1602.9607858460593,1621.4064510760124,-18.445665229953192,0.658773758212614,False,-4.7999999999999545,0.1714285714285698,4
4910,2024,M,4,4,36,1577.5846649032044,1624.6870404620029,-47.102375558798485,1.3083993210777356,False,1.7999999999999545,-0.04999999999999874,4
19405,2024,M,2,2,7,1631.0042210676313,1671.5832032854532,-40.57898221782193,5.796997459688847,False,-30.649999999999864,4.3785714285714095,2
1609,2024,M,4,4,42,1953.5585324223223,2047.7471710159346,-94.18863859361227,2.2425866331812445,False,-54.34205875171392,1.2938585417074744,4
11512,2024,M,3,3,42,2008.6511914966425,2077.861100001463,-69.20990850482053,1.647854964400489,False,-27.960324321591543,0.6657220076569415,3
2855,2024,M,4,4,43,1511.5974952249176,1671.1123508637504,-159.51485563883284,3.709647805554252,False,-133.79999999999995,3.111627906976743,4
11516,2024,M,2,2,14,2126.8870214466356,2399.6726556934364,-272.7856342468008,19.48468816048577,False,-257.6999999999998,18.407142857142844,2
1612,2024,M,4,4,42,2161.222939249996,2257.5062625703054,-96.28332332030914,2.2924600790549796,False,-52.12101203155498,1.2409764769417853,4
11520,2024,M,3,3,14,2180.8157511038926,2504.6491538327286,-323.83340272883606,23.130957337774003,False,-309.2999999999997,22.092857142857124,3
11524,2024,M,2,2,14,2340.8560459500686,2707.0618605994437,-366.20581464937504,26.157558189241076,False,-351.0,25.071428571428573,2
11525,2024,M,3,3,42,2400.7014168107294,2523.3395667184186,-122.63814990768924,2.919955950183077,False,-73.7408736139273,1.7557350860458882,3
19407,2024,M,3,3,28,1643.2171617493632,1654.112933136344,-10.895771386980869,0.38913469239217385,False,3.1399999999998727,-0.11214285714285259,3
415,2024,M,2,2,28,1656.267955504499,1653.715285938042,2.552669566457098,-0.09116677023061064,True,16.779999999999973,-0.5992857142857133,2
2020,2024,M,3,3,28,1678.5745614470009,1664.2529366930423,14.321624753958531,-0.5114865983556618,True,28.810000000000173,-1.0289285714285776,3
18786,2024,M,3,3,14,1789.5234885360658,1692.195125621683,97.32836291438275,-6.952025922455911,True,133.5,-9.535714285714286,3
19409,2024,M,2,2,7,1683.2172531831554,1912.803778280423,-229.58652509726767,32.79807501389538,False,-220.8800000000001,31.55428571428573,2
2032,2024,M,2,2,7,1703.2074418050709,1695.6854235666121,7.522018238458713,-1.0745740340655305,True,18.300000000000182,-2.61428571428574,2
18784,2024,M,3,3,14,1726.6553752473374,1743.9709518642876,-17.31557661695024,1.2368269012107314,False,15.600000000000136,-1.114285714285724,3
2006,2024,M,2,2,7,1760.427878171055,1808.955940278888,-48.528062107832966,6.932580301118995,False,-37.84999999999991,5.407142857142844,2
19417,2024,M,3,3,28,1778.9099312608432,1769.629444243047,9.280487017796304,-0.3314459649212966,True,24.600000000000136,-0.8785714285714334,3
19418,2024,M,2,2,7,1779.392928914923,1748.2540521633775,31.138876751545467,-4.448410964506495,True,42.590000000000146,-6.084285714285735,2
2876,2024,M,3,3,28,1797.204699545988,1816.1541664443698,-18.949466898381843,0.6767666749422087,False,-3.6400000000001,0.13000000000000358,3
4841,2024,M,3,3,28,1812.4240541969925,1858.6030048630978,-46.178950666105266,1.649248238075188,False,-30.899999999999864,1.1035714285714238,3
19422,2024,M,3,3,28,1836.4852230461513,1774.5006224222452,61.98460062390609,-2.2137357365680748,True,78.1099999999999,-2.7896428571428538,3
38,2024,M,2,2,28,1853.252141609207,1802.037690904652,51.21445070455502,-1.8290875251626793,True,67.41999999999985,-2.407857142857137,2
19425,2024,M,3,3,28,1869.3290635235778,1946.781271086545,-77.45220756296726,2.7661502701059737,False,-61.86999999999989,2.2096428571428532,3
433,2024,M,3,3,28,1872.5720477723994,1771.4188566354055,101.15319113699388,-3.6126139691783528,True,117.81999999999994,-4.207857142857141,3
2036,2024,M,2,2,7,1906.7465960722907,1919.5484325154796,-12.801836443188904,1.828833777598415,False,-0.9099999999998545,0.12999999999997922,2
52,2024,M,2,2,7,1937.0275918545995,2133.1683829541703,-196.14079109957083,28.020113014224403,False,-200.84804133048442,28.692577332926344,2
19429,2024,M,2,2,7,1939.955149064022,1812.1623225936125,127.79282647040941,-18.256118067201346,True,128.06231260954814,-18.294616087078307,2
19430,2024,M,2,2,7,1942.4785653792142,2027.066155909619,-84.5875905304049,12.083941504343557,False,-73.05999999999995,10.437142857142849,2
35,2024,M,4,4,28,1946.9931148806133,1888.6253683348916,58.36774654572173,-2.084562376632919,True,75.42000000000007,-2.693571428571431,4
19431,2024,M,2,2,7,1950.206527844491,1927.2849476674564,22.921580177034457,-3.274511453862065,True,35.38000000000011,-5.05428571428573,2
2029,2024,M,3,3,28,1972.1484212726875,1834.2471139671063,137.9013073055812,-4.925046689485043,True,155.6400000000001,-5.558571428571432,3
19432,2024,M,2,2,7,1987.150919834105,1783.6668283316128,203.48409150249222,-29.06915592892746,True,204.8758208274935,-29.267974403927642,2
2034,2024,M,2,2,7,1991.23175715633,1972.6129915707054,18.618765585624715,-2.659823655089245,True,31.299999999999955,-4.471428571428565,2
2037,2024,M,2,2,28,2007.3481074506255,2000.463642857302,6.884464593323628,-0.24587373547584385,True,24.15000000000009,-0.8625000000000033,2
18789,2024,M,2,2,8,1968.5819032249753,2020.1919022111558,-51.60999898618047,6.451249873272559,False,-7.880000000000109,0.9850000000000136,2
50,2024,M,2,2,7,2087.387718698135,1874.2263725960738,213.1613461020611,-30.451620871723012,True,214.61425493788784,-30.65917927684112,2
2040,2024,M,2,2,7,2091.557269875191,2051.4659344658535,40.09133540933772,-5.727333629905388,True,53.57999999999993,-7.654285714285704,2
19436,2024,M,2,2,28,2095.5691075325476,2044.4036582696624,51.165449262885204,-1.8273374736744716,True,69.44999999999982,-2.4803571428571365,2
2883,2024,M,3,3,28,2129.0339449937915,2208.631951168348,-79.59800617455676,2.8427859348055984,False,-61.79999999999973,2.2071428571428475,3
19437,2024,M,3,3,28,2130.0787970618007,2227.1225458893873,-97.04374882758657,3.465848172413806,False,-79.34000000000015,2.833571428571434,3
19438,2024,M,2,2,7,2185.436242476334,2145.097605023112,40.33863745322196,-5.762662493317423,True,54.42000000000007,-7.774285714285725,2
2877,2024,M,3,3,28,2297.3339847031484,2380.6143644339218,-83.28037973077335,2.9742992760990483,False,-64.05999999999995,2.287857142857141,3
19440,2024,M,2,2,28,2392.9280918310233,3182.2711162105597,-789.3430243795365,28.19082229926916,False,-773.48,27.624285714285715,2
19442,2024,M,3,3,28,2473.677413917181,2596.238557713129,-122.56114379594783,4.377183706998137,False,-102.05999999999995,3.6449999999999982,3
19446,2024,F,2,2,28,1416.964062395441,1517.5874533997016,-100.62339100426061,3.59369253586645,False,-87.6099999999999,3.1289285714285677,2
19447,2024,F,3,3,28,1424.443603412891,1485.2560261722417,-60.81242275935074,2.1718722414053837,False,-47.51999999999998,1.6971428571428564,3
64,2024,F,3,3,28,1463.8713288553392,1444.0707619501848,19.800566905154483,-0.7071631037555173,True,33.8900000000001,-1.2103571428571465,3
19448,2024,F,2,2,7,1474.228374453943,1503.6953448572885,-29.466970403345613,4.209567200477944,False,-18.200000000000045,2.6000000000000063,2
297,2024,F,2,2,28,1482.525836294118,1569.3177369636378,-86.79190066951969,3.099710738197132,False,-73.07999999999993,2.609999999999997,2
1935,2024,F,2,2,28,1483.6295366814097,1545.2432588434983,-61.61372216208861,2.20049007721745,False,-47.75999999999999,1.7057142857142853,2
19449,2024,F,3,3,28,1498.9335250873387,1531.8132813797843,-32.87975629244556,1.1742770104444844,False,-18.730000000000018,0.6689285714285721,3
19450,2024,F,2,2,28,1508.9555187826575,1491.6228303031878,17.332688479469653,-0.6190245885524875,True,31.839999999999918,-1.1371428571428541,2
1937,2024,F,3,3,28,1539.1988802879994,1482.8684746231368,56.33040566486261,-2.011800202316522,True,71.33000000000015,-2.5475000000000056,3
19454,2024,F,3,3,28,1572.2113472293142,1622.0428336730342,-49.831486443719996,1.7796959444185714,False,-35.069999999999936,1.2524999999999977,3
1962,2024,F,2,2,7,1641.517818870588,1711.7419534609091,-70.22413459032123,10.032019227188746,False,-57.940000000000055,8.277142857142865,2
19462,2024,F,2,2,28,1648.3765284201868,1652.0861906659356,-3.7096622457488593,0.13248793734817355,False,12.019999999999982,-0.42928571428571366,2
19463,2024,F,2,2,28,1656.6444268571308,1699.3398150753003,-42.695388218169455,1.524835293506052,False,-27.090000000000146,0.9675000000000052,2
19465,2024,F,3,3,28,1675.6142772637072,1670.092308598767,5.521968664940232,-0.1972131666050083,True,21.559999999999945,-0.769999999999998,3
3867,2024,F,4,4,43,1863.8405031549485,1748.4835844610395,115.35691869390894,-2.682719039393231,True,135.60000000000014,-3.1534883720930265,4
18037,2024,F,2,2,7,1723.3493190140744,1715.0190599448802,8.330259069194199,-1.1900370098848856,True,21.799999999999955,-3.1142857142857077,2
18740,2024,F,2,2,7,1955.8982703890824,1750.5377955188767,205.36047487020573,-29.337210695743675,True,248.7099999999998,-35.52999999999997,2
11384,2024,M,2,2,35,1679.9314120501544,1709.089440113872,-29.15802806371744,0.8330865161062125,False,5.119999999999891,-0.14628571428571116,2
1961,2024,F,3,3,28,1779.1945877174867,1876.6155175963274,-97.42092987884075,3.4793189242443128,False,-80.93000000000006,2.890357142857145,3
19468,2024,F,3,3,28,1782.2100548470514,1754.2535007047095,27.95655414234193,-0.9984483622264975,True,45.12999999999988,-1.6117857142857102,3
19469,2024,F,3,3,28,1782.2987450567446,1629.4044509494406,152.89429410730395,-5.460510503832284,True,170.7199999999998,-6.09714285714285,3
1983,2024,F,3,3,28,1870.4371045561836,1889.8465324309495,-19.409427874765925,0.6931938526702116,False,-1.6400000000001,0.058571428571432146,3
19473,2024,F,2,2,7,1871.1860441047027,1715.023581842054,156.16246226264866,-22.30892318037838,True,158.81999999999994,-22.688571428571418,2
18741,2024,F,3,3,35,2160.6538050898307,1946.451400407641,214.2024046821898,-6.120068705205423,True,280.5,-8.014285714285714,3
2316,2024,M,3,3,15,2000.505080107582,1842.622948602432,157.88213150515003,-10.525475433676668,True,184.20491485923276,-12.280327657282184,3
2299,2024,F,3,3,29,1436.465434222358,1465.3866094165692,-28.921175194211173,0.9972819032486612,False,-16.800000000000182,0.5793103448275925,3
19477,2024,F,2,2,8,1478.7144175818394,1449.5693045919932,29.14511298984621,-3.6431391237307764,True,41.682028242602655,-5.210253530325332,2
11417,2024,M,2,2,14,2126.554986628263,2108.2760535580155,18.278933070247604,-1.3056380764462574,True,29.579999999999927,-2.1128571428571377,2
19485,2024,M,2,2,21,1525.5093286140486,1521.524664371195,3.984664242853569,-0.18974591632636043,True,27.40000000000009,-1.304761904761909,2
1702,2024,M,2,2,21,1679.0702727941348,1683.1051479329597,-4.034875138824873,0.192136911372613,False,21.700000000000045,-1.0333333333333354,2
19488,2024,M,2,2,21,1758.9886441266829,1811.632815387204,-52.644171260521034,2.5068652981200494,False,-25.90000000000009,1.2333333333333376,2
19489,2024,M,2,2,21,1838.907015459231,1875.149974051656,-36.24295859242511,1.7258551710678625,False,-8.200000000000045,0.39047619047619264,2
2323,2024,F,2,2,21,1465.4051280350172,1506.7556546400538,-41.35052660503652,1.9690726954779296,False,-15.200000000000045,0.723809523809526,2
2263,2024,M,2,2,21,1700.1126963456234,1659.8277738627519,40.28492248287148,-1.918329642041499,True,59.09999999999991,-2.81428571428571,2
1056,2024,F,2,2,21,1641.2576555800322,1671.020393996254,-29.762738416221737,1.4172732579153209,False,-0.40000000000009095,0.01904761904762338,2
26627,2024,M,3,3,35,1547.727867932421,1574.3892588082235,-26.661390875802454,0.7617540250229272,False,4.919999999999845,-0.14057142857142416,3
23523,2024,F,3,3,29,1309.4230367078344,1288.098070863731,21.324965844103417,-0.7353436497966696,True,32.69999999999982,-1.1275862068965454,3
19479,2024,M,2,2,21,1687.6014363596953,1735.8701856949654,-48.26874933527006,2.2985118731080982,False,-22.59999999999991,1.076190476190472,2
1703,2024,M,3,3,21,1709.3706123545733,1717.750870840843,-8.380258486269668,0.3990599279176032,False,17.799999999999955,-0.8476190476190455,3
19482,2024,M,2,2,7,1864.5985655072402,1965.84816575336,-101.24960024611983,14.464228606588547,False,-112.02999999999997,16.00428571428571,2
1701,2024,M,2,2,21,1551.6911754186997,1591.9112336122103,-40.22005819351057,1.9152408663576461,False,-16.59999999999991,0.7904761904761861,2
19487,2024,M,2,2,21,1668.283744148024,1668.8685434047204,-0.5847992566964422,0.027847583652211533,False,25.0,-1.1904761904761905,2
3097,2024,F,2,2,21,1272.5346139533876,1819.8542032917203,-547.3195893383327,26.06283758753965,False,-526.9000000000001,25.090476190476195,2
19490,2024,F,2,2,21,1341.4868007827736,1390.0779125034073,-48.59111172063376,2.313862462887322,False,-24.700000000000045,1.1761904761904785,2
19491,2024,F,2,2,21,1357.7223511567852,1414.5682918256048,-56.845940668819594,2.706949555658076,False,-32.700000000000045,1.5571428571428594,2
1381,2024,M,3,3,35,2330.9387388185423,2028.8654802866313,302.07325853191105,-8.630664529483173,True,351.15999999999985,-10.033142857142852,3
3789,2024,M,3,3,21,1565.3214252533303,1604.5549313400873,-39.23350608675696,1.8682621946074742,False,-15.400000000000091,0.7333333333333376,3
3787,2024,M,3,3,21,1637.5911671822726,1669.96366682997,-32.372499647697396,1.5415476022713046,False,-7.400000000000091,0.35238095238095674,3
4397,2024,M,2,2,21,1677.4032638215542,1676.9326340815553,0.47062973999891256,-0.022410939999948216,True,26.199999999999818,-1.247619047619039,2
19496,2024,M,2,2,21,1741.0437828336076,1743.5360496717096,-2.4922668381020685,0.11867937324295565,False,24.200000000000045,-1.1523809523809545,2
19497,2024,M,2,2,7,1974.6211576975702,1893.5616764921729,81.05948120539733,-11.579925886485332,True,104.60000000000014,-14.942857142857163,2
19498,2024,M,2,2,21,2809.7926529605297,2754.036301151631,55.75635180889867,-2.6550643718523177,True,99.09999999999991,-4.719047619047615,2
1049,2024,F,2,2,21,1475.1855800675542,1439.456888697756,35.72869136979807,-1.70136625570467,True,62.399999999999864,-2.971428571428565,2
1078,2024,F,2,2,21,1712.7527599378777,1699.9907207554381,12.762039182439594,-0.6077161515447426,True,43.600000000000136,-2.0761904761904826,2
1108,2024,F,2,2,21,1751.2877409460732,1733.44099495161,17.846745994463163,-0.8498450473553887,True,49.399999999999864,-2.352380952380946,2
3115,2024,F,2,2,21,1592.2575908970218,1658.4765411726896,-66.2189502756678,3.153283346460371,False,-37.90000000000009,1.804761904761909,2
1116,2024,F,2,2,21,1742.48533411679,1775.2538376968248,-32.7685035800348,1.5604049323826097,False,-1.6000000000001364,0.07619047619048269,2
2051,2024,M,2,2,21,2213.238450015523,2255.951967766275,-42.71351775075209,2.0339770357500995,False,-37.90000000000009,1.804761904761909,2
406,2024,F,2,2,21,1484.429930981822,1539.8712678580127,-55.44133687619069,2.640063660770985,False,-53.100000000000136,2.528571428571435,2
21215,2024,F,2,2,21,1496.346681832626,1517.5874533997016,-21.240771567075626,1.011465312717887,False,-18.700000000000045,0.8904761904761926,2
21217,2024,F,2,2,21,1501.709219715488,1493.4134939650162,8.295725750471775,-0.395034559546275,True,11.0,-0.5238095238095238,2
1957,2024,F,2,2,21,1608.6620586014544,1564.1447086072442,44.517349994210235,-2.1198738092481064,True,47.600000000000136,-2.2666666666666733,2
21224,2024,F,2,2,21,1761.2957757488357,1701.6278853098588,59.66789043897688,-2.8413281161417565,True,63.09999999999991,-3.0047619047619003,2
3755,2024,F,2,2,21,1779.1709020250416,1853.23740867801,-74.06650665296843,3.526976507284211,False,-71.30000000000018,3.395238095238104,2
2210,2024,M,2,2,21,1605.8968987682028,1617.0640864594575,-11.16718769125464,0.5317708424406972,False,7.580664698931059,-0.3609840332824314,2
2214,2024,M,3,3,21,1640.7492588215844,1640.932191056645,-0.1829322350606617,0.008711058812412461,False,19.03383827813218,-0.9063732513396277,3
19536,2024,M,3,3,21,1680.3062074221161,1689.6629046092362,-9.356697187120062,0.44555700891047917,False,10.272701954800596,-0.4891762835619331,3
3399,2024,M,3,3,21,1687.8911563042573,1727.45407022145,-39.562913917192645,1.8839482817710784,False,-20.011593602342828,0.9529330286829918,3
19538,2024,M,2,2,21,1696.052177253396,1727.45407022145,-31.40189296805397,1.4953282365739986,False,-11.709886290409031,0.5576136328766206,2
19539,2024,M,3,3,21,1704.5012342360342,1600.1575123697828,104.34372186625137,-4.968748660297685,True,124.88482245606383,-5.946896307431611,3
4138,2024,M,2,2,21,1706.9015345151927,1692.6464176838847,14.255116831307987,-0.6788150872051423,True,34.32650107722111,-1.6345952893914815,2
19542,2024,M,2,2,21,1722.3594683129736,1714.52551356464,7.833954748333554,-0.3730454642063597,True,28.050911397472873,-1.3357576855939464,2
19543,2024,M,3,3,21,1753.6593839532004,1725.4650615050175,28.194322448182902,-1.3425867832468048,True,48.89040061736091,-2.3281143151124244,3
19363,2024,M,2,2,8,1891.3480913780431,1755.1955761318618,136.15251524618134,-17.019064405772667,True,142.54692506509878,-17.818365633137347,2
1987,2024,F,2,2,21,1953.0561581896907,2063.2424636846813,-110.18630549499062,5.246966928332887,False,-107.29999999999995,5.109523809523807,2
25549,2024,M,3,3,21,1683.282579768273,1633.970660549132,49.311919219141146,-2.3481866294829117,True,69.30038344503555,-3.300018259287407,3
1428,2024,M,2,2,14,2767.8870747572455,2716.702548018136,51.184526739109515,-3.656037624222108,True,61.79999999999973,-4.414285714285695,2
19548,2024,M,2,2,21,1781.6948912137718,1752.3166791768535,29.378212036918285,-1.3989624779484897,True,50.40920691247584,-2.400438424403611,2
19551,2024,M,3,3,21,1791.2000803192393,1775.190279415825,16.009800903414316,-0.7623714715911579,True,37.07825425225769,-1.765631154869414,3
3914,2024,M,2,2,8,1865.940458822705,1800.2252093688753,65.71524945382976,-8.21440618172872,True,70.84103413219168,-8.85512926652396,2
19402,2024,M,2,2,7,1504.9221191628412,1515.6626671456127,-10.740547982771432,1.534363997538776,False,-1.3599999999999,0.1942857142857,2
1698,2024,M,2,2,14,2699.250299306375,2676.581207984007,22.669091322367876,-1.6192208087405626,True,32.90000000000009,-2.3500000000000063,2
1617,2024,F,2,2,21,1391.7526867009324,1345.5447187112554,46.207967989676945,-2.2003794280798545,True,62.42257731999348,-2.9725036819044512,2
19360,2024,F,3,3,29,1535.572600064098,1445.98818995282,89.58441011127798,-3.089117590044068,True,112.0,-3.8620689655172415,3
19510,2024,F,2,2,14,1570.1098381534407,1432.6746976361949,137.43514051724583,-9.816795751231846,True,156.91309404375284,-11.208078145982345,2
19511,2024,F,2,2,21,1612.8457815332597,1479.8008436380992,133.0449378951605,-6.335473233102881,True,152.27585844211103,-7.251231354386239,2
1621,2024,F,3,3,21,1641.5181108926788,1799.032074019705,-157.51396312702627,7.500664910810775,False,-139.56417462735817,6.645913077493246,3
4520,2024,F,2,2,21,1695.9192224909682,1590.1892130223928,105.73000946857542,-5.034762355646448,True,125.76215046136781,-5.988673831493705,2
19514,2024,F,2,2,21,1703.1145598967541,1548.4206408229302,154.69391907382396,-7.366377098753522,True,175.0798607937445,-8.337136228273547,2
2243,2024,F,2,2,21,1709.5467554564716,1489.7457417808282,219.8010136756434,-10.4667149369354,True,240.62145033329307,-11.458164301585384,2
19516,2024,F,2,2,21,1743.0159764197483,1620.0239074505803,122.99206896916803,-5.8567651890080015,True,143.65989081874181,-6.840947181844848,2
19518,2024,F,3,3,21,1763.5117859998652,1608.0900296793052,155.42175632056,-7.401036015264762,True,176.5042778261177,-8.404965610767508,3
2244,2024,F,2,2,21,1763.9478670547614,1628.9743157790365,134.97355127572496,-6.427311965510713,True,155.94777542201928,-7.42608454390568,2
19522,2024,F,2,2,21,1799.488473028794,1672.7318676070447,126.75660542174933,-6.036028829607111,True,148.09282948800046,-7.052039499428593,2
19361,2024,F,3,3,29,2059.491144262213,1709.5279907351428,349.96315352707006,-12.067694949209313,True,381.3000000000002,-13.148275862068973,3
2207,2024,F,3,3,21,1989.510792699774,1760.2469712630614,229.26382143671253,-10.917324830319645,True,253.346906902128,-12.064138423910858,3
19525,2024,F,2,2,21,1995.7249477320431,1798.0375842054323,197.68736352661085,-9.41368397745766,True,221.66674764372578,-10.555559411605989,2
19528,2024,M,3,3,21,1556.3547010063714,1541.48175523503,14.872945771341392,-0.7082355129210187,True,33.18441795824924,-1.5802103789642497,3
19529,2024,M,2,2,21,1574.5969831279763,1568.333372906866,6.263610221110184,-0.29826715338619925,True,24.741175479042795,-1.178151213287752,2
2217,2024,M,3,3,21,1597.6398658078979,1601.1520167279991,-3.5121509201012486,0.16724528190958327,False,15.181290242150908,-0.722918582959567,3
4468,2024,M,2,2,21,1860.2327163478376,1852.7616193566846,7.47109699115299,-0.3557665233882376,True,29.300931396735223,-1.395282447463582,2
19554,2024,M,2,2,21,1860.328728359004,1791.1023491472833,69.22637921172054,-3.2964942481771686,True,91.39859854158135,-4.352314216265778,2
1641,2024,M,3,3,29,1903.7085612698288,1756.2946966097181,147.41386466011068,-5.08323671241761,True,174.5999999999999,-6.0206896551724105,3
19556,2024,M,2,2,21,1873.6743979111252,1891.5472893271144,-17.872891415989216,0.8510900674280579,False,3.9743316752148985,-0.18925388929594755,2
19558,2024,M,2,2,21,1901.61389316053,1788.1188360726348,113.49505708789525,-5.404526527995012,True,136.39547082548302,-6.495022420261096,2
19559,2024,M,2,2,7,1913.2313465116574,2024.9602885359757,-111.72894202431826,15.961277432045465,False,-111.58680464811664,15.940972092588092,2
162,2024,M,2,2,21,1935.98619315808,1860.7176542224138,75.26853893566613,-3.584216139793625,True,98.36030868045259,-4.683824222878695,2
19561,2024,M,2,2,21,1954.3244872908508,1864.6956716552784,89.62881563557244,-4.268038839789163,True,113.01473334609273,-5.381653968861558,2
2219,2024,M,2,2,21,1967.0940847759741,1856.7396367895492,110.35444798642493,-5.2549737136392825,True,134.00446361064837,-6.381164933840399,2
2277,2024,M,2,2,21,1967.2861087983065,2000.9427687308907,-33.65665993258426,1.602698092027822,False,-10.800202099659145,0.514295338079007,2
1646,2024,M,3,3,29,2311.800265633556,1872.6517065210076,439.1485591125486,-15.143053762501676,True,473.5999999999999,-16.331034482758618,3
4044,2024,M,2,2,21,2092.7738073927126,2113.3217612093154,-20.547953816602785,0.9784739912667992,False,3.8507562144327494,-0.18336934354441664,2
4136,2024,M,2,2,21,2108.9038252686582,2031.7724038355914,77.13142143306686,-3.672924830146041,True,102.25883654860854,-4.869468407076598,2
19569,2024,M,2,2,21,2261.4669110119726,2096.415187119641,165.05172389233167,-7.8596058996348415,True,192.45192970935204,-9.16437760520724,2
2227,2024,M,2,2,21,2563.9047461859436,2915.8867782897473,-351.9820321038037,16.761049147800176,False,-323.8965640248557,15.42364590594551,2
2285,2024,M,2,2,21,2011.4516339348233,1959.1735856858124,52.27804824901091,-2.4894308690005196,True,76.12668452963112,-3.62508021569672,2
21233,2024,M,2,2,21,1766.2067347596314,1717.9353084637994,48.27142629583204,-2.2986393474205733,True,52.600000000000136,-2.5047619047619114,2
2038,2024,M,2,2,21,1772.8522029029962,1872.62006860324,-99.76786570024387,4.75085074763066,False,-96.29999999999995,4.585714285714284,2
21234,2024,M,2,2,14,1786.7382557398776,1895.758205781345,-109.01995004146738,7.787139288676242,False,-102.79999999999995,7.34285714285714,2
18769,2024,M,3,3,29,1522.821176465776,1583.2509382801084,-60.42976181433232,2.0837848901493903,False,29.950000000000045,-1.0327586206896568,3
19581,2024,M,2,2,21,1841.9228244955582,1893.5362980435466,-51.613473547988406,2.4577844546661147,False,-21.40000000000009,1.0190476190476234,2
18778,2024,F,2,2,8,1661.9090232076571,1644.74714542039,17.16187778726703,-2.145234723408379,True,83.91913805448326,-10.489892256810407,2
21237,2024,M,2,2,21,1842.1832809957116,1748.752966332197,93.43031466351454,-4.449062603024502,True,98.20000000000005,-4.676190476190478,2
21239,2024,M,2,2,21,1980.6470649977582,1979.6865767460276,0.9604882517305668,-0.04573753579669366,True,5.5,-0.2619047619047619,2
18779,2024,F,3,3,29,2257.065864061231,2196.8279997288714,60.23786433235955,-2.0771677355986053,True,195.82149822408837,-6.752465456003048,3
19595,2024,F,3,3,21,1529.5773524078975,1507.6465584377406,21.930793970156856,-1.0443235223884217,True,53.90000000000009,-2.566666666666671,3
246,2024,F,3,3,21,1575.4675959255812,1448.9716593956387,126.49593652994258,-6.023616025235361,True,160.0,-7.619047619047619,3
2188,2024,F,3,3,21,1612.3941400725075,1546.4316611943846,65.96247887812297,-3.1410704227677604,True,99.90000000000009,-4.757142857142862,3
3364,2024,F,2,2,21,1690.8265095666382,1542.4537019372929,148.3728076293453,-7.065371791873585,True,184.4000000000001,-8.780952380952385,2
19597,2024,F,3,3,21,2195.034599171764,2082.461671087486,112.57292808427792,-5.360615623060854,True,158.9000000000001,-7.566666666666671,3
2198,2024,M,3,3,21,1594.8049635679663,1574.300399056163,20.50456451180321,-0.976407833895391,True,57.299999999999955,-2.7285714285714264,3
19598,2024,M,2,2,7,1636.417871231631,1633.4178585865232,3.000012645107745,-0.42857323501539213,True,24.574318703930885,-3.510616957704412,2
19600,2024,M,3,3,21,1705.0597235927223,1749.333166102205,-44.27344250948272,2.108259167118225,False,-5.2999999999999545,0.2523809523809502,3
147,2024,M,2,2,21,1750.9505937264835,1702.5914612660463,48.359132460437195,-2.30281583144939,True,88.90000000000009,-4.233333333333338,2
4332,2024,M,3,3,29,1965.706595676699,1885.9020949541025,79.80450072259646,-2.751879335261947,True,116.5,-4.017241379310345,3
19365,2024,M,2,2,22,1941.2233753025266,1912.4318808496535,28.791494452873167,-1.3087042933124167,True,37.09999999999991,-1.6863636363636323,2
1810,2024,M,4,4,42,1527.1218514716488,1521.652529666684,5.46932180496492,-0.13022194773726,True,63.50999999999999,-1.512142857142857,4
5583,2024,M,2,2,14,1748.0189476749574,1744.357507381345,3.661440293612486,-0.261531449543749,True,50.55000000000018,-3.6107142857142986,2
1530,2024,M,5,5+,56,1567.978912460196,1617.8448744639077,-49.86596200371173,0.890463607209138,False,10.988245925094361,-0.19621867723382788,5
27641,2025,F,4,4,35,1523.0291881208257,1488.5796273374674,34.449560783358265,-0.9842731652388076,True,36.177078618344694,-1.0336308176669913,4
228,2024,M,2,2,35,3179.780471176083,2362.8196523099123,816.9608188661709,-23.3417376818906,True,932.5,-26.642857142857142,2
91,2024,M,4,4,35,1567.8319647816809,1802.7504397573953,-234.9184749757144,6.711956427877554,False,-228.79999999999995,6.537142857142856,4
2946,2024,M,4,4,35,1503.2036255872915,1541.075313787639,-37.871688200347535,1.082048234295644,False,-31.200000000000045,0.8914285714285727,4
2945,2024,M,3,3,21,1520.1754693352382,1588.5711414465331,-68.39567211129497,3.2569367672045226,False,-40.5,1.9285714285714286,3
20488,2024,M,3,3,21,1559.379943140848,1584.9865506798242,-25.606607538976277,1.219362263760775,False,3.2000000000000455,-0.15238095238095456,3
5175,2024,M,3,3,21,1568.7655528299715,1618.6418751005917,-49.87632227062022,2.3750629652676296,False,-21.0,1.0,3
20489,2024,M,3,3,21,1573.9471915125087,1610.277829978271,-36.33063846576238,1.7300304031315417,False,-7.2999999999999545,0.34761904761904544,3
2952,2024,M,3,3,21,1579.4221304978307,1625.6119127025258,-46.18978220469512,2.199513438318815,False,-17.09999999999991,0.81428571428571,3
18780,2024,M,4,4,35,1659.124450054737,1624.4170491136233,34.70740094111375,-0.9916400268889642,True,42.399999999999864,-1.2114285714285675,4
18781,2024,M,4,4,35,1713.7413440671735,1614.7585684366572,98.98277563051624,-2.8280793037290355,True,107.20000000000005,-3.062857142857144,4
20491,2024,M,2,2,14,1611.4896302690029,1716.663290789918,-105.17366052091506,7.512404322922505,False,-70.79999999999995,5.057142857142854,2
20492,2024,M,3,3,21,1614.5204000644492,1677.887194717032,-63.36679465258271,3.017466412027748,False,-33.69999999999982,1.6047619047618962,3
2968,2024,M,2,2,14,1729.6896522914033,1723.453652244965,6.236000046438221,-0.4454285747455872,True,43.299999999999955,-3.0928571428571394,2
20493,2024,M,2,2,14,1731.351687340519,1794.8523057796513,-63.50061843913227,4.535758459938019,False,-26.5,1.8928571428571428,2
20494,2024,M,3,3,21,1746.2122360149644,1843.6745176773227,-97.46228166235824,4.641061031540868,False,-65.5,3.119047619047619,3
4637,2024,M,3,3,21,1802.8191944524915,1782.73647464327,20.082719809221544,-0.9563199909153116,True,53.59999999999991,-2.552380952380948,3
2991,2024,M,2,2,14,2381.793992150303,2357.853157008408,23.94083514189515,-1.7100596529925107,True,75.0,-5.357142857142857,2
20495,2024,F,3,3,21,1329.6199082954067,1332.9913030350938,-3.371394739687048,0.1605426066517642,False,11.900000000000091,-0.566666666666671,3
20496,2024,F,3,3,21,1373.1222435520438,1373.216433631116,-0.09419007907217747,0.004485241860579879,False,15.700000000000045,-0.7476190476190497,3
2928,2024,F,3,3,21,1444.4150096836884,1428.439082054297,15.975927629391435,-0.7607584585424493,True,32.700000000000045,-1.5571428571428594,3
2925,2024,F,4,4,35,1467.554341287863,1426.3533345419107,41.20100674595233,-1.1771716213129235,True,46.852963385882276,-1.3386560967394936,4
2929,2024,F,2,2,14,1505.993444241375,1517.6717638630362,-11.678319621661103,0.8341656872615074,False,-23.704603301030147,1.693185950073582,2
4631,2024,F,3,3,21,1547.1315845785919,1544.4463722670225,2.6852123115693303,-0.12786725293187287,True,20.5,-0.9761904761904762,3
2934,2024,F,4,4,35,1510.8133944549818,1565.5024900111132,-54.689095556131406,1.5625455873180403,False,-49.534078747665035,1.4152593927904296,4
2932,2024,F,2,2,21,1649.8481594734953,1615.6597516184988,34.18840785499651,-1.6280194216665005,True,53.399999999999864,-2.5428571428571365,2
4252,2024,F,2,2,29,2467.831365324823,2100.3984672346123,367.43289809021053,-12.67009993414519,True,395.23254090957835,-13.62870830722684,2
18746,2024,M,3,3,43,1832.700015502382,1850.4490155935068,-17.7490000911248,0.4127674439796465,False,-1.149973983546488,0.02674358101270902,3
18747,2024,M,4,4,43,1892.5472858158969,1795.4132143440927,97.13407147180419,-2.2589318946931205,True,115.44202860967903,-2.6846983397599775,4
18766,2024,F,2,2,8,2316.784031860633,2123.915482201541,192.86854965909197,-24.108568707386496,True,174.12125278280746,-21.765156597850932,2
2492,2024,M,5,5+,43,1785.6070814851903,1634.459455973165,151.14762551202534,-3.515061058419194,True,169.02241355213118,-3.9307538035379346,5
18748,2024,M,4,4,43,1885.679566271723,1823.450320640964,62.229245630758896,-1.447191758854858,True,80.12157445841308,-1.8632924292654205,4
19019,2024,F,2,2,43,1745.9475539073428,1869.703550560607,-123.75599665326422,2.8780464337968423,False,-116.82327574500391,2.7168203661628816,2
18767,2024,F,2,2,8,2325.1435618725013,2206.650086405274,118.4934754672272,-14.8116844334034,True,97.41049106730497,-12.176311383413122,2
27047,2025,F,4,4,42,1450.7176619534764,1406.855347489461,43.8623144640153,-1.0443408205717928,True,70.20000000000005,-1.6714285714285726,4
16156,2025,F,3,3,36,1538.9642289240317,1800.738955619482,-261.77472669545045,7.271520185984735,False,-246.75803801244956,6.854389944790266,3
27858,2025,F,3,3,34,1519.3798775878643,1531.8692793029377,-12.489401715073427,0.36733534456098316,False,9.400000000000091,-0.2764705882352968,3
2400,2025,F,3,3,36,1569.0033495698003,1553.6021637808785,15.401185788921794,-0.4278107163589387,True,31.582740446083108,-0.8772983457245308,3
27193,2025,F,3,3,36,1576.453051489951,1525.688367203707,50.76468428624389,-1.4101301190623303,True,67.1320535037994,-1.8647792639944276,3
22363,2025,F,3,3,34,1574.4830762771453,1567.75844633073,6.724629946415234,-0.19778323371809514,True,14.480000000000018,-0.425882352941177,3
592,2025,F,4,4,42,1711.3062739730663,1580.3196547904574,130.98661918260882,-3.118729028157353,True,162.29999999999995,-3.864285714285713,4
2406,2025,F,3,3,36,1803.3084906067977,1598.3639304349863,204.94456017181142,-5.692904449216984,True,224.1208124226389,-6.22557812285108,3
16159,2025,F,2,2,7,1670.190612416268,1679.504293214372,-9.31368079810386,1.3305258283005514,False,21.62999999999988,-3.089999999999983,2
27937,2025,F,2,2,28,1671.2391355841544,1678.8154798556209,-7.576344271466496,0.27058372398094627,False,37.41000000000008,-1.3360714285714315,2
27196,2025,F,3,3,36,1824.8165009891682,1736.0387628388232,88.77773815034493,-2.4660482819540257,True,107.81640979894837,-2.9949002721930102,3
27861,2025,F,3,3,34,1697.2632914581125,1813.4995483404748,-116.23625688236234,3.4187134377165393,False,-92.09999999999991,2.708823529411762,3
27198,2025,F,3,3,36,1959.3917614822128,1801.4368005339113,157.9549609483015,-4.387637804119486,True,178.59109729317515,-4.9608638136993095,3
27942,2025,F,2,2,28,1852.6142265327558,1821.0761502685646,31.538076264191204,-1.1263598665782573,True,81.52999999999997,-2.9117857142857133,2
27199,2025,F,2,2,8,2056.5983558919206,1917.564411654592,139.03394423732857,-17.37924302966607,True,108.96745638498669,-13.620932048123336,2
648,2025,F,3,3,42,1770.1614997617821,1861.0526946523,-90.89119489051791,2.164076068821855,False,-59.200000000000045,1.4095238095238105,3
660,2025,F,3,3,34,3626.4629678520178,1962.0408229832824,1664.4221448687354,-48.95359249613927,True,1721.9,-50.64411764705883,3
27201,2025,F,2,2,8,2579.0387421631335,2181.1029430644935,397.93579909864,-49.74197488733,True,366.9434753357891,-45.86793441697364,2
11469,2025,F,2,2,7,1941.072367736275,1741.0435946313892,200.0287731048859,-28.575539014983697,True,197.59000000000015,-28.227142857142876,2
27349,2025,F,4,4,21,1669.9517134541215,1652.0184397079497,17.933273746171835,-0.8539654164843731,True,37.51254898041634,-1.786311856210302,4
27351,2025,F,3,3,14,1698.2191252704024,1777.470066167582,-79.25094089717959,5.660781492655685,False,-93.4990094352795,6.678500673948536,3
5924,2025,F,4,4,35,1391.6264278784347,1484.5081346372338,-92.88170675879906,2.6537630502514014,False,-74.33287584965274,2.123796452847221,4
27347,2025,F,3,3,14,1616.6785142619,1622.7837732608234,-6.105258998923318,0.4360899284945227,False,-17.587590928464124,1.2562564948902946,3
27346,2025,F,4,4,35,1580.8006454181598,1734.92058885415,-154.1199434359903,4.403426955314009,False,-133.49176678546496,3.814050479584713,4
27331,2025,F,4,4,28,1394.990378098881,1417.9732809583238,-22.982902859442902,0.8208179592658179,False,-0.06999999999993634,0.0024999999999977263,4
16168,2025,F,2,2,8,2107.304391541979,1912.807223207701,194.49716833427783,-24.31214604178473,True,165.25149042299017,-20.65643630287377,2
27943,2025,F,2,2,28,1966.2236534827896,1914.5873688020902,51.63628468069942,-1.8441530243106936,True,104.75,-3.7410714285714284,2
27873,2025,F,3,3,34,2121.824809645666,2056.7483470844013,65.07646256126463,-1.9140136047430776,True,95.90000000000009,-2.8205882352941205,3
2438,2025,M,3,3,36,2647.2961244015596,1555.643063280247,1091.6530611213127,-30.323696142258687,True,1135.4064780032008,-31.539068833422245,3
27905,2025,M,3,3,28,1541.7866880994786,1582.1670716664112,-40.38038356693255,1.4421565559618768,False,-1.3900000000001,0.049642857142860715,3
2437,2025,M,3,3,36,2873.6958173210814,1574.5887835560784,1299.107033765003,-36.08630649347231,True,1346.929173691603,-37.41469926921119,3
2553,2025,M,5,5+,35,1684.8151281747876,1646.1371440133641,38.67798416142341,-1.1050852617549545,True,66.82246851618129,-1.9092133861766083,5
27175,2025,M,4,4,42,1631.4292961841663,1655.4570948387066,-24.02779865454022,0.5720904441557195,False,12.099999999999909,-0.2880952380952359,4
694,2025,M,4,4,42,1649.5648943279136,1609.4887945905045,40.076099737409095,-0.9541928508906927,True,62.90000000000009,-1.4976190476190498,4
3092,2025,M,4,4,21,1651.9491246477644,1635.738571647033,16.210553000731352,-0.7719310952729215,True,23.11494602972607,-1.1007117157012414,4
27906,2025,M,2,2,28,1608.4838836447427,1658.5482386731842,-50.06435502844147,1.7880126795871953,False,-9.409999999999854,0.33607142857142336,2
677,2025,M,4,4,42,1731.0103166596675,1626.0413712525472,104.96894540712037,-2.4992606049314374,True,129.0999999999999,-3.0738095238095218,4
5709,2025,M,2,2,28,1615.5542920963915,1734.231405459269,-118.67711336287744,4.23846833438848,False,-78.03999999999996,2.787142857142856,2
2896,2025,M,3,3,36,2773.396238264143,1606.9959366594744,1166.4003016046686,-32.40000837790746,True,1212.3030221829235,-33.67508394952566,3
676,2025,M,3,3,42,1671.4017104603406,1592.8365036112214,78.56520684911925,-1.870600163074268,True,101.79999999999995,-2.4238095238095227,3
706,2025,M,3,3,28,1632.593295682758,1595.6285044939755,36.964791188782556,-1.3201711138850913,True,78.48000000000002,-2.8028571428571434,3
16114,2025,M,3,3,36,2888.208618149256,1623.0499417353105,1265.1586764139454,-35.14329656705404,True,1313.1062695690641,-36.47517415469623,3
16124,2025,M,3,3,36,2791.6178659706284,1594.431932687081,1197.1859332835475,-33.255164813431875,True,1243.4564870068475,-34.54045797241243,3
18991,2025,M,2,2,14,1700.0256451204132,1655.8468673579878,44.1787777624254,-3.1556269830303854,True,25.710000000000036,-1.836428571428574,2
529,2025,M,4,4,35,1731.5194489763476,1727.1419954366131,4.377453539734461,-0.1250701011352703,True,33.11210573377571,-0.9460601638221631,4
674,2025,M,4,4,42,1686.5497721017534,1595.030218590528,91.51955351122547,-2.179036988362511,True,115.0,-2.738095238095238,4
16118,2025,M,3,3,28,1663.889821676438,1738.2199781489178,-74.33015647247976,2.6546484454457056,False,-32.340000000000146,1.1550000000000051,3
1213,2025,M,3,3,35,1675.645921646456,1705.3142534593158,-29.668331812859833,0.8476666232245667,False,-16.100000000000136,0.4600000000000039,3
27908,2025,M,2,2,28,1699.3099421453578,1690.1576772386504,9.152264906707387,-0.3268666038109781,True,52.27999999999997,-1.867142857142856,2
27021,2025,M,2,2,14,1951.1490306433213,1721.678497081798,229.47053356152333,-16.390752397251667,True,213.31999999999994,-15.237142857142853,2
714,2025,M,3,3,21,1783.6350762580832,1731.3228386707892,52.31223758729402,-2.491058932728287,True,50.899999999999864,-2.4238095238095174,3
27203,2025,M,3,3,36,2978.1879832839377,1684.7731041076245,1293.4148791763132,-35.928191088230925,True,1342.8242640093272,-37.300674000259086,3
4365,2025,M,3,3,28,1734.6619844036013,1759.1599847695736,-24.498000365972302,0.8749285844990108,False,19.430000000000064,-0.6939285714285737,3
26995,2025,M,2,2,14,1668.9426095445267,1741.2266690045133,-72.28405945998657,5.1631471042847545,False,-93.68000000000006,6.691428571428576,2
705,2025,M,4,4,42,1791.1107430421575,1607.5942225629217,183.51652047923585,-4.369440963791329,True,208.70000000000005,-4.96904761904762,4
3142,2025,M,3,3,34,1731.8137837527802,1729.1459752799667,2.6678084728134763,-0.07846495508274931,True,35.90000000000009,-1.0558823529411792,3
3141,2025,M,3,3,36,3127.5085784716,1813.4045733487962,1314.1040051228035,-36.502889031188985,True,1365.8641615929878,-37.940671155360775,3
16123,2025,M,3,3,36,3067.038575020873,1876.1248788935225,1190.9136961273505,-33.080936003537516,True,1241.3929287702308,-34.48313691028419,3
27009,2025,M,3,3,42,1787.9630938699158,1764.5445579005993,23.41853596931651,-0.5575841897456312,True,48.100000000000136,-1.1452380952380985,3
24594,2025,M,3,3,36,3140.8926059020273,1748.6899814592457,1392.2026244427816,-38.6722951234106,True,1444.3919277910911,-40.121997994196974,3
27909,2025,M,2,2,28,1748.5791157575345,1731.2399759420325,17.339139815501994,-0.6192549934107855,True,61.74000000000001,-2.2050000000000005,2
16117,2025,M,3,3,28,1762.6226780741515,1665.6279551973107,96.9947228768408,-3.464097245601457,True,141.98000000000002,-5.070714285714287,3
2456,2025,M,3,3,36,3049.7844673695986,1746.2968378454564,1303.4876295241422,-36.207989709003954,True,1354.024603671471,-37.61179454642975,3
2899,2025,M,3,3,36,3098.644230157786,1777.5074191419576,1321.1368110158282,-36.69824475043967,True,1372.4741597922584,-38.124282216451626,3
25480,2025,M,2,2,28,1784.6119401225392,1717.778543114468,66.83339700807119,-2.3869070360025426,True,112.28999999999996,-4.010357142857141,2
20431,2025,M,4,4,42,1751.6667643525036,1640.4999472525237,111.16681709997988,-2.6468289785709493,True,135.5999999999999,-3.2285714285714264,4
2460,2025,M,3,3,35,1756.1592195757528,1725.556259859283,30.60295971646974,-0.8743702776134211,True,45.0,-1.2857142857142858,3
27910,2025,M,2,2,28,1804.101759293246,1712.0948270317185,92.00693226152748,-3.2859618664831243,True,138.02999999999997,-4.9296428571428565,2
2453,2025,M,3,3,13,1692.6767490917005,1699.9853451655702,-7.308596073869694,0.5621996979899765,False,-0.5,0.038461538461538464,3
16127,2025,M,3,3,14,2033.676457378033,1820.9268027889163,212.74965458911674,-15.196403899222625,True,195.17000000000007,-13.940714285714291,3
27911,2025,M,2,2,7,1827.5887419765086,1786.4336031110022,41.15513886550639,-5.8793055522151985,True,60.680000000000064,-8.668571428571438,2
2463,2025,M,3,3,36,3264.735172969116,1837.43572380393,1427.299449165186,-39.64720692125516,True,1481.4898126120972,-41.15249479478048,3
27020,2025,M,3,3,21,1935.6075128553775,1859.6199123943509,75.98760046102666,-3.6184571648107933,True,74.79999999999995,-3.56190476190476,3
27843,2025,M,3,3,13,1862.9228498673974,1777.297594032678,85.62525583471938,-6.58655814113226,True,94.79999999999995,-7.292307692307689,3
27842,2025,M,3,3,34,1840.4190549372765,2019.9129243553596,-179.49386941808302,5.27923145347303,False,-144.70000000000005,4.255882352941178,3
2467,2025,M,3,3,36,3377.4512594012717,1961.6797630864878,1415.771496314784,-39.326986008744,True,1471.6585905937166,-40.8794052942699,3
11422,2025,M,2,2,7,1899.1840706884836,1859.7119319569701,39.472138731513496,-5.638876961644785,True,7.889999999999873,-1.127142857142839,2
2474,2025,M,2,2,28,1862.0752184132987,1925.2840372934431,-63.20881888014446,2.2574578171480164,False,-16.159999999999854,0.577142857142852,2
16119,2025,M,2,2,7,1869.8458598890443,2016.9950365177394,-147.14917662869516,21.02131094695645,False,-130.5699999999997,18.6528571428571,2
2469,2025,M,3,3,36,3279.409227139826,1896.865456879696,1382.5437702601298,-38.40399361833694,True,1436.8310984437533,-39.911974956770926,3
2900,2025,M,3,3,36,3168.628180818094,1778.6042766316111,1390.0239041864827,-38.611775116291184,True,1442.6325999124626,-40.07312777534619,3
24908,2025,M,4,4,42,2180.377011882803,1946.3237582313404,234.05325365146246,-5.57269651551101,True,283.0999999999999,-6.740476190476189,4
2470,2025,M,3,3,36,3254.092452361788,1852.5923000245953,1401.500152337193,-38.93055978714425,True,1455.4532756352924,-40.429257656535896,3
19000,2025,M,2,2,28,1898.4873356663556,1866.4525901211243,32.03474554523132,-1.1440980551868327,True,80.27999999999997,-2.867142857142856,2
27457,2025,M,3,3,34,1768.8136627099498,1751.2825537075173,17.53110900243246,-0.5156208530127193,True,31.580000000000155,-0.9288235294117693,3
21482,2025,M,2,2,8,3529.835668097103,1904.0891998591337,1625.746468237969,-203.21830852974614,True,1636.2780973070642,-204.53476216338302,2
16132,2025,M,3,3,36,3812.190270876364,1915.8111771555275,1896.3790937208366,-52.677197047801016,True,1960.31470710079,-54.45318630835528,3
761,2025,M,3,3,42,2031.709176645382,1972.8477666175045,58.86141002787758,-1.4014621435208947,True,87.0,-2.0714285714285716,3
16126,2025,M,4,4,42,1989.6093689666493,2330.622736878996,-341.01336791234667,8.11936590267492,False,-314.60000000000014,7.490476190476194,4
5828,2025,M,3,3,28,1887.4869615608043,1890.5342712629524,-3.047309702148141,0.1088324893624336,False,63.50999999999999,-2.2682142857142855,3
2478,2025,M,3,3,13,1902.0598845284774,1894.6903988563045,7.369485672172914,-0.5668835132440703,True,15.299999999999955,-1.1769230769230734,3
27471,2025,M,3,3,34,1972.3596070495837,1991.0954866726474,-18.735879623063738,0.5510552830312864,False,-3.1800000000000637,0.09352941176470775,3
16135,2025,M,3,3,36,3439.211289592281,1938.0474699003191,1501.1638196919619,-41.698994991443385,True,1558.243343050026,-43.28453730694517,3
2173,2025,M,2,2,28,1958.9116103707483,1672.3088144524722,286.6027959182761,-10.235814139938432,True,337.1100000000001,-12.039642857142862,2
16133,2025,M,4,4,42,2047.0539663600603,2021.2092104794951,25.844755880565117,-0.6153513304896456,True,54.09999999999991,-1.288095238095236,4
25471,2025,M,4,4,42,1978.690960900436,1917.905177817593,60.785783082842954,-1.4472805495914989,True,88.19999999999982,-2.0999999999999956,4
16147,2025,M,3,3,42,1980.3631495231893,1858.3757304245858,121.9874190986036,-2.904462359490562,True,149.5999999999999,-3.56190476190476,3
27204,2025,M,2,2,8,3343.9105641539345,1900.6366620319875,1443.273902121947,-180.40923776524338,True,1450.5170801213603,-181.31463501517004,2
18974,2025,M,4,4,28,1714.9974444036084,1718.3293360111466,-3.331891607538182,0.11899612884064936,False,57.1400000000001,-2.0407142857142895,4
27330,2025,M,4,4,35,1724.6002903390795,1726.1672317529835,-1.5669414139040327,0.04476975468297236,False,27.02104836820604,-0.7720299533773154,4
507,2025,M,5,5+,35,1664.0576522629835,1640.7858903216022,23.271761941381328,-0.6649074840394665,True,50.989296419472794,-1.4568370405563655,5
11490,2025,M,4,4,28,1708.655211460781,1960.6575770750724,-252.00236561429142,9.000084486224694,False,-193.09000000000015,6.8960714285714335,4
539,2025,M,5,5+,35,1669.2470212409346,1644.8540367155254,24.392984525409247,-0.6969424150116927,True,52.20258944364991,-1.4915025555328547,5
24596,2025,M,2,2,7,1708.7513058993086,1649.7101029384687,59.04120296083988,-8.434457565834268,True,81.92000000000007,-11.702857142857154,2
11485,2025,M,5,5+,35,1875.091990699661,1682.2034003076544,192.88859039200656,-5.511102582628759,True,225.01654606934358,-6.4290441734098165,5
27227,2025,M,4,4,29,1526.6403842107127,1608.5092765116267,-81.86889230091401,2.8230652517556556,False,-20.756488333935067,0.7157409770322437,4
27396,2025,M,3,3,14,1862.9834630844418,1903.7196324297493,-40.73616934530742,2.9097263818076726,False,-53.5778043204034,3.8269860228859574,3
27382,2025,M,4,4,35,1710.7619730645433,1754.405538873637,-43.643565809093616,1.2469590231169605,False,-15.51106636293298,0.44317332465522796,4
27384,2025,M,3,3,14,1783.4131387558589,1804.8797959866874,-21.46665723082856,1.533332659344897,False,-33.264964024452865,2.3760688588894903,3
11483,2025,M,5,5+,35,1629.461859076643,1619.0526388039452,10.409220272697667,-0.2974062935056476,True,37.48400959162518,-1.0709717026178622,5
504,2025,M,5,5+,35,1658.8682832850322,1604.9981379369203,53.87014534811192,-1.539147009946055,True,81.66600339529577,-2.3333143827227363,5
11484,2025,M,3,3,21,1544.62652203054,1639.980218297378,-95.35369626683814,4.540652203182769,False,-60.559999999999945,2.8838095238095214,3
26109,2025,M,3,3,28,1573.7386197679102,1673.0426109951773,-99.30399122726703,3.5465711152595367,False,-44.32999999999993,1.583214285714283,3
11493,2025,M,3,3,28,1798.9839836768056,1856.0395727443097,-57.055589067504116,2.0376996095537185,False,6.089999999999918,-0.21749999999999708,3
16141,2025,M,3,3,36,3443.2426231556624,1971.0529089071626,1472.1897142484997,-40.894158729124996,True,1529.2480919048764,-42.47911366402435,3
24911,2025,M,2,2,28,1975.4643410237143,1993.78777323816,-18.323432214445802,0.6544082933730644,False,31.730000000000018,-1.1332142857142864,2
16146,2025,M,2,2,28,1980.0353065976822,2106.2655230862547,-126.23021648857252,4.508222017449019,False,-76.37000000000012,2.727500000000004,2
16120,2025,M,2,2,28,1981.6400072779052,1872.734592107321,108.90541517058409,-3.8894791132351463,True,159.48000000000002,-5.695714285714287,2
2455,2025,M,3,3,28,1985.0439178117115,1937.6486126313544,47.39530518035713,-1.6926894707270403,True,97.87999999999988,-3.4957142857142816,3
551,2025,M,4,4,21,2042.8815876534131,1929.7608853182583,113.12070233515487,-5.386700111197851,True,123.32968718440452,-5.872842246876406,4
27917,2025,M,2,2,28,1995.7516478051987,1948.9163304796118,46.83531732558686,-1.6726899044852448,True,97.59000000000015,-3.485357142857148,2
11408,2025,M,3,3,35,1940.8254692489677,1866.0537328521598,74.77173639680791,-2.136335325623083,True,90.79999999999995,-2.594285714285713,3
27918,2025,M,2,2,28,1998.270541600215,1993.4886302864365,4.781911313778437,-0.17078254692065847,True,55.47999999999979,-1.981428571428564,2
27920,2025,M,2,2,28,2004.1349931770296,2235.7944211825966,-231.65942800556695,8.27355100019882,False,-181.48999999999978,6.4817857142857065,2
27206,2025,M,3,3,36,3387.287713295923,2043.8443604932518,1343.4433528026711,-37.31787091118531,True,1399.2741777995516,-38.868727161098654,3
2596,2025,M,2,2,7,1941.8764137674743,2044.6415285293224,-102.76511476184805,14.680730680264007,False,-81.56000000000017,11.651428571428596,2
27030,2025,M,3,3,14,2061.611843781678,2076.910600389804,-15.298756608126041,1.0927683291518602,False,-39.63999999999987,2.8314285714285625,3
27209,2025,M,3,3,36,3739.626266735492,1974.9417672795698,1764.6844994559224,-49.01901387377562,True,1827.1292277134817,-50.753589658707824,3
753,2025,M,3,3,21,2147.1885556519996,2130.7530850413877,16.4354706106119,-0.7826414576481857,True,13.900000000000091,-0.6619047619047662,3
2184,2025,M,3,3,42,1909.1475870012212,1853.5894431970073,55.55814380421384,-1.322812947719377,True,82.0,-1.9523809523809523,3
4589,2025,M,2,2,21,2127.307927207471,2201.613191727357,-74.3052645198859,3.538345929518376,False,-26.079999999999927,1.2419047619047585,2
26522,2025,M,3,3,28,2208.4668797920767,2183.344690313716,25.122189478360724,-0.8972210527985973,True,81.21000000000004,-2.900357142857144,3
27208,2025,M,3,3,36,3642.2292478441877,2051.522362920826,1590.706884923362,-44.186302358982275,True,1651.1584953802944,-45.865513760563736,3
27043,2025,M,2,2,14,2472.7735169057496,2307.7151854991953,165.05833140655432,-11.78988081475388,True,141.03999999999996,-10.074285714285711,2
802,2025,M,3,3,14,2298.8659001393958,2333.011103494709,-34.14520335531324,2.4389430968080887,False,-61.76999999999998,4.412142857142856,3
27514,2025,M,2,2,7,2406.101333449719,2406.691178363609,-0.5898449138903743,0.08426355912719632,False,-42.0300000000002,6.004285714285743,2
27929,2025,M,2,2,28,2418.857727157299,2241.5778515825878,177.27987557471124,-6.331424127668258,True,239.13999999999987,-8.540714285714282,2
3682,2025,M,3,3,36,4608.620529658072,2428.043624823666,2180.576904834406,-60.57158068984461,True,2257.5488908650477,-62.70969141291799,3
25491,2025,M,2,2,28,2641.6388088655754,2448.185916906392,193.4528919591835,-6.909031855685124,True,261.0100000000002,-9.321785714285722,2
17920,2025,F,4,4,42,1384.3219163881693,1377.0474004302666,7.274515957902622,-0.17320276090244338,True,32.299999999999955,-0.769047619047618,4
27190,2025,F,3,3,36,1475.4014496375846,1405.2602733993367,70.14117623824791,-1.9483660066179975,True,85.5292747692954,-2.375813188035983,3
27191,2025,F,3,3,36,1550.3790947694238,1544.829256285196,5.549838484227848,-0.15416218011744023,True,21.509457801793133,-0.5974849389386981,3
576,2025,F,3,3,42,1514.9589732969002,1440.2522112514346,74.70676204546567,-1.7787324296539444,True,102.29999999999995,-2.4357142857142846,3
583,2025,F,3,3,42,1662.831503980696,1534.2618904381238,128.56961354257214,-3.0611812748231464,True,159.0,-3.7857142857142856,3
2509,2025,F,3,3,14,1478.3505104216754,1550.7755836267395,-72.42507320506411,5.173219514647436,False,-52.200000000000045,3.7285714285714318,3
27192,2025,F,3,3,36,1560.4722393064021,1483.5185959460507,76.9536433603514,-2.1376012044542057,True,93.2375593638601,-2.5899322045516695,3
604,2025,F,2,2,14,1637.6637951159703,1550.7366396600542,86.92715545591614,-6.209082532565438,True,75.00999999999999,-5.357857142857142,2
2410,2025,F,3,3,36,1648.5469410397964,1586.6002590203211,61.94668201947525,-1.7207411672076458,True,79.08992180427799,-2.1969422723410554,3
27933,2025,F,2,2,28,1588.3087198426413,1643.7238498728905,-55.4151300302492,1.9791117867946144,False,-12.809999999999945,0.4574999999999981,2
2385,2025,F,4,4,34,1696.2805101660117,1584.0082636238694,112.27224654214228,-3.3021248982983025,True,137.0999999999999,-4.032352941176468,4
16157,2025,F,2,2,7,1637.4533890633786,1691.3686904113886,-53.91530134800996,7.702185906858566,False,-24.090000000000146,3.441428571428592,2
27195,2025,F,3,3,36,1798.8627007512237,1700.84744072546,98.01526002576361,-2.722646111826767,True,116.81557721077593,-3.244877144743776,3
27935,2025,F,2,2,28,1656.287971893926,1647.5121508369352,8.775821056990708,-0.313422180606811,True,53.41000000000008,-1.9075000000000029,2
27936,2025,F,2,2,28,1664.384900801491,1666.6530399184246,-2.2681391169335257,0.08100496846191163,False,42.549999999999955,-1.5196428571428555,2
20420,2025,F,3,3,35,1674.8452135214766,1666.0548871346282,8.790326386848392,-0.2511521824813826,True,19.200000000000045,-0.5485714285714298,3
2393,2025,F,2,2,8,2056.2378864441716,1693.374624683973,362.8632617601986,-45.357907720024826,True,339.52216704348484,-42.440270880435605,2
27938,2025,F,2,2,28,1702.34532289811,1801.237416272646,-98.89209337453599,3.5318604776619997,False,-53.34999999999991,1.9053571428571396,2
27866,2025,F,3,3,34,1758.1957315683633,1727.066471081875,31.129260486488192,-0.9155664848967116,True,56.59999999999991,-1.6647058823529386,3
27338,2025,F,4,4,35,1382.9287627041947,1508.6485730587149,-125.71981035452018,3.5919945815577194,False,-107.59085787559252,3.0740245107312147,4
27348,2025,F,4,4,35,1580.8006454181598,1715.7350844272257,-134.93443900906595,3.855269685973313,False,-114.13176678546483,3.2609076224418523,4
20419,2025,F,2,2,14,1919.6988205261239,1728.9273269135938,190.7714936125301,-13.626535258037864,True,179.47000000000003,-12.819285714285716,2
646,2025,F,3,3,21,1837.1448182966935,1675.351754195416,161.79306410127742,-7.704431623870353,True,181.5,-8.642857142857142,3
18959,2025,F,3,3,34,1780.799701286682,1865.0403798776101,-84.24067859092816,2.4776670173802398,False,-58.799999999999955,1.729411764705881,3
21481,2025,F,2,2,28,1783.081606825343,1875.408361463417,-92.32675463807391,3.2973840942169255,False,-44.590000000000146,1.5925000000000051,2
18611,2024,F,2,2,14,1920.1503501000652,1907.0226708245323,13.127679275532955,-0.9376913768237826,True,61.87000000000012,-4.4192857142857225,2
18572,2024,M,2,2,14,1929.994200686978,1754.3627967476168,175.63140393936123,-12.545100281382945,True,229.53999999999996,-16.395714285714284,2
18574,2024,M,2,2,14,1945.1588051046465,1823.0466884090738,122.1121166955727,-8.722294049683764,True,175.76,-12.554285714285713,2
18575,2024,M,2,2,14,1991.8265280904918,1968.9184738488284,22.90805424166342,-1.6362895886902444,True,76.57000000000016,-5.469285714285726,2
18576,2024,M,2,2,14,2002.0838049364527,1963.802244933005,38.28156000344757,-2.7343971431033975,True,92.41000000000008,-6.600714285714291,2
3077,2024,M,2,2,7,2085.1812184840314,1992.739297337257,92.44192114677435,-13.205988735253479,True,166.35000000000014,-23.764285714285734,2
5038,2024,M,3,3,14,2167.18169998617,2210.7442436847655,-43.56254369859562,3.1116102641854013,False,13.9699999999998,-0.9978571428571286,3
2371,2024,M,2,2,14,2341.921050382654,2177.8640775442723,164.05697283838163,-11.718355202741545,True,228.85999999999967,-16.347142857142835,2
18592,2024,M,2,2,14,2705.342334805825,2275.289718520489,430.05261628533617,-30.718044020381154,True,507.90999999999985,-36.279285714285706,2
18593,2024,F,2,2,14,1323.6653560527625,1349.4437344012313,-25.778378348468777,1.8413127391763413,False,7.519999999999982,-0.5371428571428558,2
833,2024,F,3,3,28,1533.1028940505314,1655.4999298133391,-122.39703576280772,4.371322705814562,False,-77.09999999999991,2.7535714285714255,3
1761,2024,F,2,2,7,1593.2185080232932,1601.8651569298947,-8.646648906601513,1.2352355580859304,False,38.909266251128884,-5.558466607304126,2
901,2024,M,3,3,42,2237.4623285817597,1866.3781327828865,371.0841957988732,-8.835337995211267,True,456.5799999999999,-10.87095238095238,3
825,2024,F,3,3,42,1490.2695519840318,1438.159608020537,52.10994396349474,-1.2407129515117796,True,100.97000000000003,-2.4040476190476197,3
7625,2024,M,2,2,7,2181.210883514698,2390.450499130013,-209.23961561531542,29.891373659330775,False,-133.1500000000001,19.021428571428583,2
1768,2024,F,4,4,42,1537.2614709501916,1563.62080189791,-26.35933094771849,0.6276031178028212,False,23.940000000000055,-0.5700000000000013,4
1755,2024,F,2,2,7,1500.0953987981122,1601.8651569298947,-101.76975813178251,14.53853687596893,False,-57.38073374887131,8.197247678410188,2
18817,2024,F,2,2,7,1529.229484787502,1586.4856669406347,-57.25618215313261,8.179454593304659,False,-64.70537143777347,9.243624491110495,2
4957,2024,F,2,2,7,1654.8564569736773,1717.0123956655946,-62.1559386919173,8.879419813131042,False,-70.2187855056136,10.031255072230513,2
19606,2024,F,2,2,14,1766.6613290891548,1818.476555241322,-51.81522615216727,3.7010875822976623,False,-43.99000000000001,3.142142857142858,2
18834,2024,F,2,2,7,1673.8945212914662,1778.0920839288844,-104.19756263741829,14.885366091059755,False,-112.71197663365479,16.10171094766497,2
823,2024,F,3,3,35,1589.2539550888114,1500.1611278096414,89.09282727917002,-2.5455093508334294,True,93.76736991012149,-2.6790677117177566,3
851,2024,F,2,2,7,1864.2751644693567,1869.627347966371,-5.352183497014266,0.7645976424306095,False,-13.873887914068973,1.981983987724139,2
18812,2024,F,2,2,7,1409.7868519657043,1515.5317099693043,-105.74485800360003,15.106408286228575,False,-113.07203856439264,16.153148366341807,2
1792,2024,F,2,2,7,1677.2898448640656,1653.444312376483,23.84553248758266,-3.406504641083237,True,16.42739055370089,-2.346770079100127,2
5065,2024,F,2,2,14,1716.6455804625848,1863.0922156090191,-146.44663514643435,10.460473939031024,False,-139.24,9.945714285714287,2
1773,2024,F,2,2,7,1755.7460717023425,1748.7766094613387,6.969462241003839,-0.9956374630005485,True,-0.9518747956165043,0.1359821136595006,2
18852,2024,F,3,3,21,1854.69550153238,1951.7757994425779,-97.08029791019794,4.622871329057045,False,-97.47317390696549,4.641579709855499,3
18847,2024,F,2,2,7,1822.197404480358,1897.4160780754448,-75.21867359508678,10.745524799298112,False,-84.15568841451272,12.022241202073246,2
18875,2024,M,2,2,7,1744.431251740127,1625.8743373539023,118.55691438622466,-16.93670205517495,True,105.25999999999999,-15.037142857142856,2
5007,2024,M,2,2,14,1653.8654430439467,1748.6323748263685,-94.7669317824218,6.769066555887272,False,-80.69000000000005,5.763571428571432,2
831,2024,F,3,3,35,1745.196316316052,1599.195771854223,146.0005444618289,-4.171444127480825,True,151.19473430081416,-4.319849551451833,3
20497,2024,M,2,2,7,1662.183920061436,1695.0819651734114,-32.89804511197531,4.699720730282187,False,-23.124126366150904,3.3034466237358435,2
2309,2024,M,3,3,21,1685.2119070108124,1610.3774019440127,74.8345050667997,-3.563547860323795,True,80.5,-3.8333333333333335,3
20498,2024,M,2,2,7,1790.2274681851225,1827.8688502595296,-37.64138207440715,5.377340296343879,False,-27.117989263305844,3.873998466186549,2
23924,2024,F,2,2,7,1475.564583638392,1522.396926098862,-46.832342460470045,6.6903346372100065,False,-38.47714397158529,5.4967348530836135,2
18893,2024,M,2,2,7,1959.3725924535672,1978.2027502597816,-18.8301578062144,2.6900225437449143,False,-35.659999999999854,5.094285714285694,2
19639,2024,M,2,2,14,1978.973147664095,1999.9228731270775,-20.949725462982542,1.49640896164161,False,-3.759999999999991,0.2685714285714279,2
18904,2024,M,2,2,7,2126.604525288538,1980.25714333795,146.34738195058776,-20.906768850083967,True,130.15999999999985,-18.594285714285693,2
11413,2024,M,2,2,14,2004.3520796116863,2003.9122944062833,0.4397852054030409,-0.03141322895736006,True,25.439999999999827,-1.8171428571428447,2
18900,2024,M,2,2,7,2055.7874292518113,2007.4383440644858,48.3490851873255,-6.9070121696179285,True,31.539999999999964,-4.505714285714281,2
19642,2024,M,2,2,14,2047.3212250723893,2046.209819767251,1.1114053051383053,-0.07938609322416466,True,18.980000000000018,-1.355714285714287,2
18898,2024,M,2,2,7,2014.7513623500793,2051.7855792614864,-37.03421691140716,5.290602415915308,False,-54.56000000000017,7.794285714285739,2
1562,2024,M,4,4,56,1782.363254782598,1803.720505098721,-21.3572503161231,0.38137946993076965,False,48.17436120510001,-0.8602564500910717,4
3012,2024,M,3,3,42,1880.6189556197016,1797.49003703275,83.12891858695161,-1.9792599663559909,True,123.24421719106681,-2.9343861235968287,3
11481,2024,M,3,3,20,1584.2049307409657,1464.2434245423733,119.96150619859236,-5.998075309929618,True,132.43624678724223,-6.621812339362111,3
2574,2024,M,2,2,7,1545.407283505529,1614.7460450466494,-69.33876154112045,9.905537363017206,False,-75.75173542580706,10.821676489401009,2
18871,2024,M,3,3,21,1724.112422497522,2016.6901850503257,-292.57776255280373,13.932274407276369,False,-293.23,13.963333333333335,3
11488,2024,M,3,3,42,1687.5036665053158,1713.378718142136,-25.875051636820217,0.6160726580195289,False,9.105579644864292,-0.21679951535391173,3
18742,2024,M,3,3,35,1601.6671051179223,1608.4991723649507,-6.8320672470283625,0.1952019213436675,False,30.777992607454507,-0.8793712173558431,3
18744,2024,M,3,3,35,1674.1043108770245,1642.7667467277934,31.337564149231184,-0.8953589756923196,True,71.03745307926624,-2.029641516550464,3
2071,2024,M,2,2,35,1743.5232997294972,1705.0714273875074,38.45187234198988,-1.0986249240568537,True,79.8567365298577,-2.28162104371022,2
4575,2024,M,2,2,35,1754.5900950538048,1799.566859721407,-44.97676466760208,1.2850504190743453,False,-4.154699160500286,0.11870569030000817,2
2493,2024,M,3,3,35,1789.8026256311462,1734.1469450287073,55.655680602438906,-1.590162302926826,True,98.32312734192556,-2.8092322097693017,3
1534,2024,M,5,5+,56,1575.8031585303568,1626.152165218536,-50.349006688179315,0.8990894051460592,False,10.806497960346178,-0.1929731778633246,5
1542,2024,M,3,3,56,1733.852929147602,1860.8331290367926,-126.98019988919054,2.2675035694498313,False,-60.414338606883575,1.078827475122921,3
1572,2024,M,2,2,35,1848.1548191593117,1843.180136183207,4.974682976104759,-0.14213379931727885,True,48.50267001723978,-1.3857905719211365,2
1280,2024,M,2,2,14,1845.210233995129,1911.95845037865,-66.74821638352091,4.767729741680065,False,-44.569999999999936,3.183571428571424,2
1478,2024,F,3,3,42,1557.53972909182,1607.5310969764628,-49.99136788464284,1.1902706639200678,False,-25.0,0.5952380952380952,3
5005,2024,M,2,2,14,1810.7203299400633,1792.4684844296323,18.25184551043094,-1.3037032507450672,True,34.11999999999989,-2.4371428571428493,2
1842,2024,M,2,2,7,1840.8460885383709,1857.833094280752,-16.987005742381143,2.426715106054449,False,-32.789999999999964,4.684285714285709,2
1868,2024,M,2,2,7,1864.750593529671,1862.3172022494464,2.4333912802246687,-0.3476273257463812,True,-13.329999999999927,1.904285714285704,2
11401,2024,M,2,2,14,1859.718475331149,1887.7897010407746,-28.07122570962565,2.0050875506875463,False,-5.230000000000018,0.3735714285714299,2
1880,2024,M,2,2,7,1836.2643917483715,1904.728567045865,-68.46417529749351,9.780596471070501,False,-84.87000000000012,12.124285714285731,2
476,2024,F,2,2,42,1420.891318239368,1529.6678494834275,-108.77653124405947,2.5899174105728444,False,-86.90000000000009,2.069047619047621,2
11455,2024,F,2,2,42,1452.7985766995928,1867.732329105087,-414.93375240549426,9.879375057273673,False,-397.0,9.452380952380953,2
11456,2024,F,2,2,42,1522.3350639822104,1522.768574389108,-0.4335104068975397,0.010321676354703328,False,24.700000000000045,-0.5880952380952392,2
11457,2024,F,2,2,7,1541.5376085874518,1662.6614626965456,-121.12385410909383,17.303407729870546,False,-117.59999999999991,16.799999999999986,2
4545,2024,F,2,2,42,1579.263819958356,1622.315257892862,-43.05143793450611,1.0250342365358598,False,-17.59999999999991,0.4190476190476169,2
3076,2024,M,3,3,21,1954.492089351177,1931.498691137256,22.993398213920955,-1.0949237244724264,True,23.579999999999927,-1.1228571428571394,3
1855,2024,M,3,3,21,1879.9897154616249,1935.52364301901,-55.53392755738514,2.644472740827864,False,-55.25999999999999,2.631428571428571,3
1887,2024,M,2,2,7,2219.832094754608,2162.1795765436405,57.65251821096763,-8.236074030138232,True,39.56999999999971,-5.652857142857101,2
19661,2024,M,2,2,14,2521.708242112908,3013.91186476366,-492.2036226507521,35.157401617910864,False,-472.03999999999996,33.71714285714285,2
1512,2024,F,4,4,42,2355.124208048926,2067.811306840355,287.312901208571,-6.840783362108834,True,330.4000000000001,-7.866666666666669,4
2523,2024,F,2,2,35,1781.1578362146481,1815.4949605338102,-34.33712431916206,0.9810606948332017,False,-7.029874519645091,0.20085355770414545,2
1490,2024,F,2,2,35,1751.6097632847436,1849.0057252776483,-97.39596199290463,2.7827417712258464,False,-71.4706529781779,2.0420186565193683,2
4550,2024,F,2,2,7,1793.692234716887,1758.7013007879207,34.99093392896634,-4.998704846995191,True,37.66486614812993,-5.380695164018562,2
18750,2024,M,2,2,35,1913.5495188029452,1843.180136183207,70.36938261973819,-2.010553789135377,True,116.09666553292686,-3.317047586655053,2
18751,2024,M,3,3,35,1939.7073986603991,2037.3630575726488,-97.65565891224969,2.790161683207134,False,-53.011103901047136,1.5146029686013467,3
2586,2024,M,2,2,35,1974.9199292377402,1835.9112567729069,139.00867246483335,-3.971676356138096,True,186.8733705204836,-5.339239157728103,2
18758,2024,F,3,3,35,1290.6598255782321,1321.7039859260801,-31.044160347847992,0.8869760099385141,False,-11.346796931288964,0.32419419803682753,3
18760,2024,F,3,3,35,1436.0363443933627,1490.24342037303,-54.20707597966725,1.5487735994190643,False,-32.57816691530775,0.9308047690087928,3
18761,2024,F,2,2,35,1482.1313381640139,1575.9915536881447,-93.86021552413081,2.6817204435465944,False,-72.09055251999666,2.0597300719999048,2
1486,2024,F,2,2,35,1594.4140152976513,1683.423123013978,-89.00910771632675,2.5431173633236215,False,-65.415594377572,1.869016982216343,2
2563,2024,M,3,3,42,1920.3865440360241,1879.524533234707,40.86201080131718,-0.9729050190789805,True,81.3806661558815,-1.937634908473369,3
11511,2024,M,3,3,14,1999.4367502782263,2026.477287774739,-27.04053749651257,1.9314669640366122,False,-8.0,0.5714285714285714,3
1536,2024,M,2,2,7,1766.3598845113406,1866.2641205990872,-99.90423608774654,14.272033726820935,False,-107.92864125537199,15.418377322195997,2
1578,2024,M,3,3,42,1909.5232028101018,1916.907341630535,-7.384138820433236,0.1758128290579342,False,32.42006062086034,-0.7719062052585796,3
11518,2024,M,2,2,7,2170.243392232236,2203.2983418393533,-33.05494960711712,4.722135658159589,False,-39.897695066988945,5.699670723855563,2
1488,2024,F,4,4,43,1613.389292290575,1544.4520103998266,68.93728189074841,-1.6031926021104281,True,78.01966789911057,-1.8144108813746644,4
3371,2024,F,2,2,29,1726.501105555374,1711.5169703636884,14.984135191685482,-0.5166943169546718,True,118.5240659377514,-4.087036756474186,2
95,2024,M,3,3,35,1572.0942632254828,1558.7991236897,13.29513953578271,-0.3798611295937917,True,20.5,-0.5857142857142857,3
2959,2024,M,3,3,35,1608.6707312664792,1608.2863906634327,0.38434060304643936,-0.010981160087041125,True,7.7000000000000455,-0.2200000000000013,3
2971,2024,M,2,2,28,1823.966364288279,1764.8948287720907,59.071535516188305,-2.1096976970067254,True,72.69999999999982,-2.596428571428565,2
504,2024,M,3,3,42,1530.17920696562,1621.998519841222,-91.81931287560201,2.186174116085762,False,-60.79071793619505,1.447398046099882,3
11480,2024,M,3,3,42,1546.8621952768578,1576.308420690765,-29.446225413907086,0.7011006050930259,False,2.561133273275118,-0.06097936364940757,3
2553,2024,M,2,2,42,1647.2511074985503,1672.8806757133218,-25.629568214771552,0.6102278146374179,False,8.512902307803643,-0.20268815018580102,2
11484,2024,M,4,4,70,1658.6964134330037,1662.0700349703325,-3.373621537328745,0.04819459339041064,False,42.586825205548394,-0.6083832172221199,4
531,2024,M,2,2,42,1666.4559428800912,1818.2582639193213,-151.80232103923004,3.6143409771245247,False,-118.53389699505624,2.822235642739434,2
532,2024,M,2,2,42,1698.3670077312381,1788.1443349337928,-89.77732720255472,2.1375554095846363,False,-55.21563142517789,1.314657891075664,2
3444,2024,M,2,2,42,1701.66480774625,1749.723115193636,-48.058307447385914,1.1442454154139503,False,-13.00612018085053,0.3096695281154888,2
11490,2024,M,3,3,42,1712.9161254445266,1805.7973277873784,-92.8812023428518,2.2114571986393283,False,-58.04702848338229,1.3820721067471975,3
521,2024,M,3,3,42,1740.0744785093323,1710.2634841091503,29.810994400181926,-0.7097855809567125,True,66.45229677278257,-1.582197542209109,3
513,2024,M,3,3,42,1757.2424374110128,1827.6039660182785,-70.36152860726565,1.6752744906491823,False,-34.374048378811494,0.8184297233050356,3
2566,2024,M,2,2,42,1783.5278434130212,1814.1046185420068,-30.576775128985673,0.7280184554520398,False,6.3617258421684255,-0.15146966290877203,2
11498,2024,M,2,2,42,1819.900637696243,1871.2172424800783,-51.31660478383537,1.2218239234246517,False,-13.8280881696694,0.3292401945159381,2
11500,2024,M,2,2,42,1829.3090671508364,1867.063597102764,-37.75452995192768,0.8989173798078018,False,0.0675346675552646,-0.0016079682751253478,2
11501,2024,M,2,2,42,1851.3267319569468,2010.3643626201062,-159.03763066315946,3.7866102538847493,False,-121.98145321669244,2.9043203146831535,2
11503,2024,M,3,3,42,1869.755614393779,1945.9828592717352,-76.22724487795608,1.8149344018560971,False,-37.94929923971176,0.903554743802661,3
548,2024,M,2,2,7,1927.1761323022254,2103.293125781592,-176.11699347936678,25.159570497052396,False,-191.69999999999982,27.38571428571426,2
5215,2024,M,2,2,42,2032.026773955993,2071.6306319354917,-39.6038579794988,0.9429489995118762,False,2.4331099342448397,-0.05793118891059142,2
21,2024,M,2,2,42,1686.2427429701638,1733.1085336843787,-46.86579071421488,1.115852159862259,False,-12.123628831952374,0.28865782933219936,2
11494,2024,M,2,2,21,1745.7971314765591,1709.6815122987969,36.115619177762255,-1.7197913894172503,True,48.75,-2.3214285714285716,2
11463,2024,F,2,2,42,1649.2852199835297,1643.9986939035805,5.286526079949226,-0.12586966857021967,True,32.59999999999991,-0.776190476190474,2
11464,2024,F,2,2,42,1651.0309058567336,1740.5885452240548,-89.55763936732114,2.13232474684098,False,-63.59999999999991,1.514285714285712,2
11465,2024,F,2,2,42,1660.8261432563768,1616.4015935263021,44.42454973007466,-1.057727374525587,True,72.5,-1.7261904761904763,2
497,2024,F,2,2,42,1717.0760213929434,1803.667631800691,-86.59161040774757,2.0617050097082754,False,-59.5,1.4166666666666667,2
11468,2024,F,2,2,42,1720.7613582363736,1792.8259137953314,-72.06455555895786,1.7158227514037587,False,-44.700000000000045,1.0642857142857154,2
4549,2024,F,2,2,7,1736.1815834496736,1709.0605382656809,27.121045183992692,-3.87443502628467,True,29.505373958465043,-4.2150534226378635,2
11475,2024,F,2,2,42,1989.8879303552903,2203.825587271227,-213.9376569159367,5.093753736093731,False,-184.19999999999982,4.385714285714282,2
11476,2024,F,3,3,21,2071.935166395868,2003.2651695308855,68.6699968649823,-3.2699998507134427,True,91.94000000000005,-4.3780952380952405,3
11478,2024,F,2,2,42,2259.3054501197407,1697.2216732026175,562.0837769171233,-13.382947069455316,True,607.5999999999999,-14.466666666666665,2
507,2024,M,4,4,70,1570.9167365628286,1597.2630505425802,-26.346313979751585,0.3763759139964512,False,17.106047066379915,-0.24437210094828452,4
11485,2024,M,4,4,70,1661.4122487394845,1636.8673188039845,24.544929935500022,-0.3506418562214289,True,70.67207815142751,-1.0096011164489644,4
11486,2024,M,2,2,42,1679.162172349697,1696.764136632879,-17.601964283182042,0.4190943876948105,False,17.288070993762858,-0.4116207379467347,2
530,2024,M,2,2,7,1711.5582077912861,1778.4247989544988,-66.86659116321266,9.552370166173237,False,-77.5,11.071428571428571,2
11491,2024,M,2,2,42,1713.6920783892353,1728.9548883070643,-15.262809917828918,0.36340023613878375,False,20.371994005271972,-0.4850474763159993,2
11493,2024,M,2,2,42,1744.5362079414074,1760.1072286369215,-15.571020695514108,0.3707385879884311,False,20.70482272608774,-0.4929719696687557,2
3092,2024,M,3,3,42,1790.8024022696657,1846.2953702161929,-55.49296794652719,1.3212611415839806,False,-18.654351146322142,0.44415121776957484,3
552,2024,M,2,2,42,1792.839278749526,1884.7165899563495,-91.87731120682338,2.18755502873389,False,-55.363862390649274,1.3181871997773638,2
11502,2024,M,2,2,42,1858.892273167857,1835.9112567729069,22.981016394950075,-0.5471670570226208,True,62.03470594673945,-1.4770168082557011,2
11506,2024,M,2,2,42,1903.024596898166,1889.9086466779922,13.115950220173772,-0.31228452905175647,True,52.99160906281986,-1.2617049776861873,2
11507,2024,M,2,2,42,1931.3468793800348,1913.7921075975494,17.55477178248543,-0.4179707567258436,True,58.066777748778804,-1.3825423273518762,2
11508,2024,M,2,2,42,1959.4751736257265,2093.4372701663915,-133.96209654066502,3.189573727158691,False,-94.39390996118368,2.2474740466948497,2
551,2024,M,2,2,42,1995.5569855546826,2101.7445609210204,-106.1875753663378,2.5282756039604237,False,-65.58515563563287,1.5615513246579256,2
11528,2024,M,2,2,42,2560.3537351845507,2347.8480495268905,212.50568565766025,-5.059659182325244,True,268.1241912588107,-6.383909315685969,2
2527,2024,F,2,2,14,1877.55184598535,1926.899090738004,-49.34724475265398,3.5248031966181412,False,-45.77585722467188,3.269704087476563,2
2535,2024,F,2,2,14,2034.8819842893136,2242.6596473581317,-207.77766306881813,14.841261647772724,False,-208.0309158252776,14.85935113037697,2
7959,2024,M,2,2,14,1900.7683460330634,1965.7188714788854,-64.950525445822,4.639323246130142,False,-87.69999999999982,6.264285714285701,2
7961,2024,M,2,2,14,2124.852973975885,2264.810127499788,-139.9571535239029,9.996939537421635,False,-167.80000000000018,11.985714285714298,2
4340,2024,M,2,2,14,2236.748954929484,2272.726681080715,-35.977726151230854,2.5698375822307753,False,-61.29999999999973,4.3785714285714095,2
7964,2024,M,2,2,14,2400.4468241885415,3122.597670994209,-722.1508468056672,51.582203343261945,False,-773.8000000000002,55.27142857142859,2
677,2024,M,4,4,35,1655.9969265017385,1608.1389716409026,47.85795486083589,-1.3673701388810253,True,90.10000000000014,-2.5742857142857183,4
3859,2024,M,4,4,50,1617.5021122172586,1860.8331290367926,-243.33101681953394,4.866620336390679,False,-195.21429100017258,3.9042858200034516,4
537,2024,M,2,2,15,1730.706763408602,1884.5259256062004,-153.81916219759842,10.254610813173228,False,-149.68687281225948,9.979124854150632,2
7952,2024,M,2,2,15,1735.4367627620009,1935.3077205277607,-199.87095776575984,13.324730517717322,False,-197.3611741864388,13.157411612429254,2
2688,2024,M,3,3,35,1582.7642463034013,1597.4864074134784,-14.722161110077195,0.42063317457363414,False,17.63000000000011,-0.5037142857142888,3
2944,2025,M,2,2,28,1595.305254884099,1574.401801542692,20.90345334140693,-0.7465519050502475,True,43.02999999999997,-1.5367857142857133,2
2928,2025,F,3,3,28,1378.9117959809837,1302.0126217788513,76.89917420213237,-2.7463990786475847,True,95.21341316602889,-3.4004790416438886,3
27946,2025,F,2,2,21,1390.3957495173916,1373.8154574483863,16.58029206900528,-0.7895377175716801,True,24.252672094105264,-1.154889147338346,2
2925,2025,F,2,2,8,1444.180639919188,1427.3597249627048,16.820914956483193,-2.102614369560399,True,28.32252573114829,-3.540315716393536,2
27947,2025,F,2,2,21,1576.0529983559866,1678.0103969840463,-101.95739862805976,4.855114220383799,False,-94.77097523532348,4.5129035826344515,2
27948,2025,F,2,2,21,1708.477337572691,1674.356107125988,34.121230446703066,-1.6248204974620508,True,43.72079177905971,-2.08194246566951,2
7717,2025,M,4,4,57,1603.7764978178632,1537.414361799274,66.36213601858913,-1.164248000326125,True,94.75999999999999,-1.662456140350877,4
7720,2025,M,5,5+,57,1637.7494203954104,1650.0502306866508,-12.300810291240396,0.21580368932000693,False,16.389999999999873,-0.28754385964912055,5
90,2025,M,4,4,36,1643.4213889461964,1548.0135096277138,95.40787931848263,-2.650218869957851,True,139.31999999999994,-3.8699999999999983,4
27949,2025,M,2,2,28,1565.433200835145,1607.813025054522,-42.37982421937704,1.5135651506920371,False,-20.910000000000082,0.7467857142857172,2
20489,2025,M,3,3,28,1577.4213277890017,1607.364752824936,-29.943425035934297,1.0694080369976535,False,-8.259999999999991,0.29499999999999965,3
20490,2025,M,2,2,28,1586.265028000863,1709.0229328899998,-122.75790488913685,4.384210888897745,False,-101.30999999999995,3.618214285714284,2
26543,2025,M,4,4,36,1653.7091505494736,1616.0014644482978,37.707686101175796,-1.047435725032661,True,81.67000000000007,-2.268611111111113,4
2971,2025,M,2,2,21,1723.5389079560887,1705.2954574813289,18.24345047475981,-0.8687357368933244,True,34.09999999999991,-1.6238095238095194,2
102,2025,M,3,3,50,1693.6529904005383,1668.4113415337122,25.241648866826154,-0.5048329773365231,True,47.200000000000045,-0.944000000000001,3
18780,2025,M,3,3,28,1568.774154248515,1602.9517617647866,-34.177607516271564,1.2206288398668417,False,-12.63000000000011,0.45107142857143245,3
27747,2025,F,3,3,28,1358.8038479391582,1350.7843759921323,8.019471947025977,-0.2864097123937849,True,28.682391124118112,-1.0243711115756469,3
4655,2025,F,4,4,36,1394.9757979931296,1463.6478625201494,-68.67206452701976,1.907557347972771,False,-32.849469927205746,0.9124852757557151,4
357,2025,F,3,3,36,1509.0674104765474,1517.9242094965255,-8.856799019978098,0.2460221949993916,False,30.490750491901508,-0.8469652914417085,3
26935,2025,F,4,4,36,1512.5960170481994,1526.6448933269455,-14.048876278746093,0.3902465632985026,False,25.34364390692531,-0.703990108525703,4
3431,2025,F,5,5+,36,1604.339787911154,1627.9039244397104,-23.564136528556446,0.6545593480154568,False,18.13887269754764,-0.5038575749318789,5
26941,2025,F,4,4,36,1698.4359631552102,1690.6432986787897,7.792664476420441,-0.21646290212279004,True,52.23936376485244,-1.4510934379125677,4
26940,2025,F,4,4,36,1645.5068645804286,1634.9498405799702,10.557024000458341,-0.29325066667939836,True,53.64596253949344,-1.49016562609704,4
360,2025,F,3,3,20,1804.6056353207719,1706.2577680201243,98.34786730064752,-4.9173933650323765,True,108.36406800210943,-5.4182034001054715,3
26942,2025,F,4,4,36,1720.7838047756734,1666.7109674850797,54.072837290593725,-1.5020232580720478,True,99.52435539333737,-2.764565427592705,4
18766,2025,F,3,3,28,1873.556311769128,1838.9642928718556,34.59201889727228,-1.235429246331153,True,63.296674025905304,-2.2605955009251892,3
364,2025,M,5,5+,36,1609.852204824326,1610.1504602646762,-0.29825544035020357,0.00828487334306121,False,44.200000000000045,-1.227777777777779,5
18131,2024,M,2,2,36,1889.4182206942296,1895.981841503477,-6.563620809247368,0.18232280025687134,False,52.299999999999955,-1.4527777777777766,2
1718,2024,M,3,3,36,1844.3819667846885,1897.075371298807,-52.69340451411858,1.4637056809477385,False,21.600000000000136,-0.6000000000000038,3
323,2024,M,2,2,36,1834.9389507431076,1902.9406674737602,-68.00171673065256,1.88893657585146,False,-11.200000000000045,0.3111111111111124,2
4918,2024,M,3,3,36,1831.0820112775414,1983.9612841277733,-152.87927285023193,4.246646468061998,False,-96.70000000000005,2.6861111111111122,3
18790,2024,M,2,2,36,2009.2726145866986,1994.598346682349,14.674267904349563,-0.40761855289859894,True,77.40000000000009,-2.1500000000000026,2
27744,2025,M,4,4,28,1685.069378383669,1689.1162652068633,-4.046886823194427,0.14453167225694383,False,21.809999999999945,-0.7789285714285695,4
26020,2025,M,5,5+,36,1733.7614545041297,1669.5812052614726,64.18024924265706,-1.7827847011849183,True,112.45000000000005,-3.1236111111111122,5
1552,2025,M,4,4,28,1716.4195063535979,1781.0822347868436,-64.66272843324577,2.3093831583302062,False,-38.65000000000009,1.3803571428571462,4
26931,2025,M,4,4,28,1795.7160793440316,1709.761441372346,85.95463797168554,-3.0698084989887695,True,114.0,-4.071428571428571,4
367,2025,M,5,5+,36,1767.6428899634511,1741.4849467814465,26.1579431820046,-0.7266095328334612,True,75.16000000000008,-2.08777777777778,5
368,2025,M,5,5+,36,1781.1954641471796,1765.9037717131848,15.29169243399474,-0.4247692342776317,True,64.6099999999999,-1.7947222222222194,5
370,2025,M,5,5+,36,1856.7026631708102,1765.6053746671757,91.09728850363445,-2.530480236212068,True,142.91000000000008,-3.9697222222222246,5
371,2025,M,5,5+,36,1871.223278367662,1831.5809615397704,39.64231682789159,-1.1011754674414331,True,91.57999999999993,-2.543888888888887,5
18752,2025,M,5,5+,36,1976.73974879812,1897.1188994115514,79.62084938656858,-2.211690260738016,True,134.69000000000005,-3.74138888888889,5
26932,2025,M,3,3,28,1830.5655558164765,1792.25423923293,38.311316583546386,-1.368261306555228,True,66.0,-2.357142857142857,3
8001,2025,M,5,5+,36,1913.8170829450946,1800.5576153230322,113.2594676220624,-3.1460963228350667,True,166.76999999999998,-4.632499999999999,5
4535,2024,M,2,2,36,1656.7483474339501,1579.8523188534634,76.8960285804867,-2.1360007939024084,True,129.0,-3.5833333333333335,2
4144,2024,M,2,2,14,1732.8264783922427,1672.84059474921,59.98588364303282,-4.284705974502344,True,94.39999999999986,-6.742857142857133,2
18791,2024,M,2,2,36,2016.0222586514396,2018.0595313821614,-2.0372727307217247,0.056590909186714576,False,60.80000000000018,-1.688888888888894,2
287,2024,F,2,2,36,1516.8248646427226,1499.0839288941402,17.740935748582388,-0.4928037707939552,True,74.69999999999982,-2.074999999999995,2
18795,2024,F,2,2,36,1696.8375271954787,1680.0404400533703,16.797087142108467,-0.4665857539474574,True,80.5,-2.236111111111111,2
18796,2024,F,2,2,14,1717.3610806245092,1616.945808790335,100.41527183417429,-7.172519416726735,True,155.9000000000001,-11.135714285714291,2
305,2024,F,2,2,36,2073.646131974263,2321.0980309879938,-247.45189901373078,6.873663861492521,False,-171.0,4.75,2
18974,2024,M,3,3,63,1766.1637952376964,1721.9673993656795,44.196395872016865,-0.7015300932066169,True,101.79330197053787,-1.6157666979450456,3
256,2025,F,4,4,42,1588.3982858684958,1491.7882668021168,96.61001906637898,-2.3002385491994994,True,137.10000000000014,-3.2642857142857173,4
7993,2025,F,4,4,50,1528.8121243694432,1539.5700877059617,-10.757963336518515,0.21515926673037028,False,9.167305458692681,-0.18334610917385363,4
18727,2025,F,3,3,36,1510.1949966958077,1603.3787277046376,-93.18373100882991,2.5884369724674974,False,-27.657757042462435,0.7682710289572898,3
26876,2025,F,3,3,22,1616.877063207661,1604.3362324474226,12.54083076023835,-0.5700377618290159,True,-8.735042759386943,0.39704739815395196,3
26875,2025,F,5,5+,50,1589.8353836187516,1563.3614526976678,26.47393092108382,-0.5294786184216764,True,47.366493514099375,-0.9473298702819875,5
399,2024,M,2,2,14,1658.88202076312,1569.909208432204,88.97281233091599,-6.355200880779713,True,102.80127659390791,-7.34294832813628,2
27952,2025,M,2,2,28,1498.765871221749,1513.6639614900296,-14.898090268280612,0.5320746524385933,False,32.559999999999945,-1.1628571428571408,2
2363,2024,M,3,3,21,1993.117264830426,1905.9129866336557,87.20427819677025,-4.152584676036678,True,107.5,-5.119047619047619,3
20397,2025,M,4,4,50,1526.7359806007423,1560.1570600177752,-33.42107941703284,0.6684215883406569,False,-18.29616208782386,0.36592324175647717,4
21207,2024,M,2,2,14,2120.42580879802,1986.255223376936,134.17058542108407,-9.583613244363148,True,151.9375188720519,-10.852679919432278,2
21208,2024,F,2,2,14,1575.154249578862,1451.901187133832,123.25306244502985,-8.80379017464499,True,136.5999999999999,-9.757142857142851,2
21210,2024,M,3,3,21,2183.5669683594024,2011.144392132599,172.42257622680336,-8.210598867943016,True,195.0,-9.285714285714286,3
385,2024,F,2,2,14,1635.3952584969252,1532.241577837137,103.15368065978828,-7.368120047127734,True,116.90000000000009,-8.350000000000007,2
17703,2024,M,2,2,7,2389.591751162488,2438.8241321380383,-49.23238097555031,7.033197282221473,False,-45.331796153785945,6.475970879112277,2
7976,2025,M,4,4,28,1503.267654809678,1527.1534637957604,-23.88580898608234,0.8530646066457978,False,-48.20370544595676,1.72156090878417,4
27183,2025,M,3,3,14,1497.1101653634103,1485.9769558352396,11.13320952817071,-0.7952292520121935,True,41.0,-2.9285714285714284,3
8,2025,M,3,3,28,1535.3722161987225,1616.7054111179027,-81.33319491918019,2.9047569613992925,False,-33.00999999999999,1.178928571428571,3
2334,2024,F,2,2,21,1856.8826678990094,1848.0280949509956,8.85457294801381,-0.4216463308578005,True,22.383083346808235,-1.065861111752773,2
2350,2024,M,2,2,21,1818.9326757332715,1752.7948204488162,66.13785528445533,-3.1494216802121584,True,84.60000000000014,-4.028571428571435,2
3151,2024,M,3,3,21,2018.9442950191378,1880.6255911779017,138.31870384123613,-6.586604944820768,True,159.0999999999999,-7.5761904761904715,3
26506,2025,M,4,4,28,1567.1986112749905,1556.5666025912165,10.632008683774075,-0.3797145958490741,True,-13.648673539319361,0.4874526264042629,4
7975,2025,M,4,4,50,1525.2793258964693,1608.740854624927,-83.46152872845755,1.6692305745691511,False,-68.57387167557022,1.3714774335114044,4
27,2025,M,4,4,36,1588.5943891200532,1633.3314227969893,-44.73703367693611,1.2426953799148919,False,21.200000000000045,-0.5888888888888901,4
7,2025,M,5,5+,57,1605.9198949467827,1589.526362085623,16.393532861159656,-0.2876058396694676,True,25.80178949719675,-0.4526629736350307,5
4910,2025,M,2,2,8,1524.4830127526902,1605.9501758129088,-81.46716306021858,10.183395382527323,False,-85.72000000000003,10.715000000000003,2
2059,2025,M,5,5+,50,1652.6556872590033,1711.7823042528,-59.12661699379669,1.1825323398759338,False,-42.856377724877575,0.8571275544975515,5
312,2025,M,3,3,22,1594.3894990880856,1622.18320303444,-27.793703946354526,1.2633501793797512,False,-63.40476123472422,2.8820346015783738,3
27186,2025,M,2,2,8,1621.5745951765232,1647.816330442519,-26.241735265995885,3.2802169082494856,False,-11.100000000000136,1.387500000000017,2
8004,2025,M,5,5+,42,1573.695616223233,1606.5506015893584,-32.85498536612545,0.7822615563363202,False,-6.400000000000091,0.15238095238095456,5
27185,2025,M,2,2,8,1612.8754683616285,1666.288395901503,-53.412927539874545,6.676615942484318,False,-39.33999999999992,4.91749999999999,2
26507,2025,M,4,4,28,1676.2858635727646,1658.1050289280054,18.180834644759216,-0.6493155230271148,True,-7.584644412550688,0.270880157591096,4
18736,2025,M,3,3,36,1783.1298074531444,1758.2754027805452,24.85440467259923,-0.6904001297944231,True,99.20000000000005,-2.755555555555557,3
20475,2025,M,2,2,7,1884.6023396066073,1813.1287699654772,71.4735696411301,-10.210509948732872,True,54.909999999999854,-7.844285714285694,2
26,2025,M,2,2,7,1876.6101286091034,1814.4702627025715,62.139865906531895,-8.877123700933128,True,45.320000000000164,-6.474285714285737,2
24644,2025,M,2,2,8,1668.981941161613,1824.352914233397,-155.3709730717842,19.421371633973024,False,-162.41999999999985,20.30249999999998,2
8014,2025,M,5,5+,42,1785.375447136854,1634.9243340955845,150.45111304126954,-3.582169358125465,True,181.29999999999995,-4.3166666666666655,5
26891,2025,M,4,4,28,1834.0901232023334,1736.8312849118831,97.25883829045029,-3.4735299389446532,True,71.40056092661712,-2.5500200330934684,4
7977,2025,M,3,3,22,1546.9672959378663,1622.1349479000123,-75.16765196214601,3.416711452824819,False,-111.46241781357162,5.066473536980528,3
21205,2024,M,2,2,14,1986.6450006719622,2047.781248540935,-61.13624786897276,4.366874847783769,False,-45.32226149842472,3.237304392744623,2
2803,2024,M,3,3,36,1783.7913575851708,1816.1541664443698,-32.36280885919905,0.8989669127555291,False,39.59999999999991,-1.0999999999999974,3
27573,2025,M,2,2,7,1962.2827318628374,1860.341593489694,101.9411383731433,-14.5630197675919,True,85.69000000000005,-12.24142857142858,2
26890,2025,M,4,4,28,1773.5580277136576,1812.742422001146,-39.18439428748843,1.3994426531245867,False,-68.2064819419461,2.435945783640932,4
27763,2025,M,3,3,14,1816.3785753541367,1782.5526986830375,33.825876671099195,-2.416134047935657,True,44.200000000000045,-3.1571428571428606,3
27091,2025,M,5,5+,42,1955.9333867536568,1831.8479933844083,124.08539336924855,-2.954414127839251,True,157.70000000000005,-3.7547619047619056,5
27958,2025,M,3,3,28,1996.1701458772307,1923.7390639221153,72.43108195511536,-2.5868243555398345,True,136.04999999999995,-4.85892857142857,3
20468,2025,M,2,2,7,2052.828634505294,2005.406178606723,47.42245589857089,-6.774636556938698,True,28.279999999999745,-4.039999999999964,2
26888,2025,M,4,4,28,1575.9385395006286,1563.0704979684294,12.868041532199186,-0.45957291186425664,True,-11.48241601284235,0.4100862861729411,4
27584,2025,M,2,2,7,2073.5888899012502,2032.1202210259853,41.46866887526494,-5.924095553609277,True,21.90000000000009,-3.1285714285714414,2
4918,2025,M,2,2,8,1744.8052424991827,2064.875806275616,-320.07056377643335,40.00882047205417,False,-333.1399999999999,41.642499999999984,2
2,2025,M,3,3,28,2090.325564172869,1528.0001631773857,562.325400995483,-20.083050035552965,True,631.1099999999999,-22.539642857142855,3
8022,2025,M,5,5+,42,2190.817713470482,2018.6168431446881,172.20087032579386,-4.100020722042711,True,210.0,-5.0,5
18739,2025,M,5,5+,42,2309.190014846323,2018.6168431446881,290.5731717016347,-6.918408850038921,True,330.9000000000001,-7.878571428571431,5
3400,2025,M,2,2,7,2086.356934299702,2242.27133145931,-155.91439715960814,22.27348530851545,False,-182.75,26.107142857142858,2
5670,2025,M,2,2,7,2466.7666845833487,2365.8237776483998,100.94290693494895,-14.420415276421279,True,79.5300000000002,-11.3614285714286,2
27602,2025,F,2,2,7,1470.5500923281531,1357.980827131215,112.5692651969382,-16.0813235995626,True,99.7800000000002,-14.254285714285743,2
282,2025,F,2,2,22,1381.3990745750348,1388.988631493259,-7.589556918224162,0.3449798599192801,False,-26.33485078495687,1.197038672043494,2
448,2025,F,2,2,8,1444.399072188786,1425.9128451955742,18.486226993211858,-2.3107783741514822,True,26.639999999999873,-3.329999999999984,2
27605,2025,F,2,2,7,1563.9852705392825,1461.867155727353,102.11811481192944,-14.58830211598992,True,87.97000000000003,-12.56714285714286,2
26874,2025,F,5,5+,50,1540.059548623237,1481.9332662406991,58.126282382537966,-1.1625256476507593,True,78.51303815910069,-1.5702607631820138,5
20462,2025,F,2,2,7,1839.5847311389518,1683.9749817801544,155.60974935879744,-22.229964194113922,True,140.06999999999994,-20.00999999999999,2
26878,2025,F,3,3,50,1709.9674469252334,1715.5664613684564,-5.599014443223041,0.11198028886446082,False,16.7166598035667,-0.334333196071334,3
26622,2025,F,2,2,28,1697.8445971188228,1690.5805508541541,7.26404626466865,-0.2594302237381661,True,52.23000000000002,-1.8653571428571436,2
27620,2025,F,2,2,7,1795.3672438638002,1700.5700250280295,94.79721883577076,-13.542459833681537,True,77.86000000000013,-11.12285714285716,2
27106,2025,F,3,3,14,1848.7452813085786,1707.7667065534085,140.97857475517003,-10.06989819679786,True,143.03999999999996,-10.217142857142855,3
20463,2025,F,2,2,7,1719.579843279117,1737.6009280791036,-18.02108479998651,2.5744406857123585,False,-37.61999999999989,5.374285714285699,2
27622,2025,F,2,2,7,1848.212533534103,1737.6882193644517,110.52431416965123,-15.789187738521605,True,93.49000000000001,-13.355714285714287,2
26633,2025,F,2,2,28,1780.8198133581989,1797.7910115071556,-16.971198148956773,0.6061142196055991,False,30.079999999999927,-1.0742857142857116,2
27969,2025,F,2,2,28,1799.0054978057535,1722.9328254244656,76.07267238128793,-2.7168811564745687,True,124.02999999999997,-4.4296428571428565,2
18741,2025,F,5,5+,42,2039.3686129195012,1931.1819281970554,108.18668472244576,-2.575873445772518,True,160.0999999999999,-3.81190476190476,5
27107,2025,F,4,4,28,2054.517486954806,2076.453028391141,-21.935541436334915,0.7834121941548184,False,23.6899999999996,-0.8460714285714143,4
49,2025,M,2,2,7,2245.5188923353653,2124.461246267136,121.05764606822913,-17.293949438318446,True,102.61999999999989,-14.659999999999984,2
635,2024,F,2,2,14,1669.7714320467217,1567.0259248761379,102.74550717058378,-7.338964797898841,True,115.15000000000009,-8.225000000000007,2
18897,2024,M,2,2,21,1991.5440720876923,2105.5280462622127,-113.98397417452043,5.427808294024782,False,-113.90000000000009,5.4238095238095285,2
18911,2024,F,2,2,36,1511.779932488147,1456.804370212077,54.97556227607015,-1.5270989521130598,True,127.79999999999995,-3.549999999999999,2
1706,2024,F,2,2,15,1531.3394517754575,1460.7747114064587,70.56474036899886,-4.704316024599923,True,103.5462040259456,-6.903080268396374,2
18912,2024,F,2,2,36,1545.4868710657938,1516.1947149960572,29.29215606973662,-0.8136710019371284,True,103.60000000000014,-2.8777777777777818,2
18913,2024,F,2,2,36,1764.1547007681054,1739.6297474664427,24.524953301662663,-0.6812487028239629,True,109.29999999999995,-3.0361111111111097,2
18914,2024,F,2,2,36,1775.073849884808,1678.0508137624497,97.02303612235823,-2.6950843367321733,True,182.70000000000005,-5.075000000000001,2
1712,2024,M,3,3,36,1602.6885114762022,1588.8987926148318,13.789718861370375,-0.3830477461491771,True,78.70000000000005,-2.1861111111111122,3
1715,2024,M,3,3,36,1609.8561702931797,1573.291140081482,36.56503021169783,-1.015695283658273,True,101.90000000000009,-2.830555555555558,3
18915,2024,M,2,2,36,1681.2460521102773,1645.6629301724286,35.58312193784877,-0.9884200538291326,True,103.79999999999995,-2.883333333333332,2
2796,2024,M,3,3,36,1695.2946633915533,1665.6447018870992,29.64996150445404,-0.82361004179039,True,98.40000000000009,-2.733333333333336,3
1717,2024,M,2,2,15,1831.6713184825812,1839.935603129118,-8.26428464653668,0.550952309769112,False,24.59999999999991,-1.639999999999994,2
4117,2024,F,2,2,28,1519.6829009697267,1477.0884471684494,42.59445380127727,-1.5212304929027596,True,76.59999999999991,-2.7357142857142827,2
570,2024,F,2,2,28,1555.5249382418447,1443.8372817472548,111.68765649458987,-3.988844874806781,True,146.79999999999995,-5.242857142857141,2
18928,2024,F,2,2,28,1571.4980200696368,1497.7957597660793,73.70226030355752,-2.6322235822699116,True,109.0,-3.892857142857143,2
2700,2024,F,2,2,28,1573.0563695162505,1478.2830998183126,94.77326969793785,-3.384759632069209,True,130.19999999999982,-4.649999999999993,2
18932,2024,F,2,2,28,1649.8050797619817,1587.7929260557792,62.012153706202525,-2.2147197752215186,True,99.0,-3.5357142857142856,2
623,2024,F,2,2,28,1657.1098427929842,1591.2773296178807,65.83251317510349,-2.3511611848251244,True,103.0,-3.6785714285714284,2
3098,2024,F,2,2,28,1667.239114195974,1594.8612875674703,72.37782662850373,-2.5849223795894187,True,109.79999999999995,-3.92142857142857,2
18824,2024,F,2,2,14,1609.2621118559148,1505.6889724547382,103.5731394011766,-7.398081385798329,True,94.11828369275304,-6.72273454948236,2
1751,2024,F,2,2,21,1664.7999045791466,1765.405828879836,-100.60592430068937,4.790758300032827,False,-101.0142101712147,4.810200484343557,2
18842,2024,F,2,2,21,1805.9483559543469,1893.9049060504599,-87.956550096113,4.188407147433953,False,-88.3119456682864,4.205330746108876,2
2096,2024,F,2,2,21,1824.986420272136,1846.8792033146865,-21.89278304255049,1.04251347821669,False,-21.97513679632766,1.0464350855394124,2
18850,2024,F,2,2,21,1837.112575888562,1875.500946148785,-38.38837026022293,1.828017631439187,False,-38.53882541291455,1.8351821625197404,2
5736,2024,M,2,2,21,2247.720683911125,2347.055047424012,-99.3343635128872,4.730207786327962,False,-99.13000000000011,4.720476190476195,2
1821,2024,M,2,2,14,1659.2714527086205,1672.1642839947683,-12.892831286147839,0.9209165204391313,False,-21.799999999999955,1.5571428571428538,2
1452,2024,F,2,2,56,1463.9947673053382,1491.2290311007898,-27.234263795451625,0.4863261392044933,False,6.6036606499556,-0.11792251160635,2
3440,2024,M,2,2,35,1629.3125790387846,1625.113753874208,4.198825164576647,-0.11996643327361849,True,50.86256493588644,-1.4532161410253268,2
25996,2024,M,2,2,22,1479.8440345587364,1556.5786051485222,-76.73457058978579,3.487935026808445,False,-55.455128019398444,2.5206876372453837,2
22586,2024,M,2,2,35,1727.414063205679,1714.4171294864645,12.99693371921444,-0.3713409634061268,True,62.55667393555814,-1.7873335410159468,2
17931,2024,F,2,2,14,1670.8427972912687,1613.8627791572567,56.98001813401197,-4.070001295286569,True,68.45000000000005,-4.889285714285718,2
18938,2024,F,2,2,28,1729.767885741354,1590.0826769680173,139.68520877333663,-4.988757456190593,True,178.79999999999995,-6.385714285714284,2
18941,2024,F,2,2,14,1756.746810535856,1604.5444008264315,152.2024097094245,-10.871600693530322,True,166.16000000000008,-11.868571428571434,2
3116,2024,F,2,2,28,1758.5973505037098,1625.1258213640067,133.47152913970308,-4.7668403264179675,True,173.19999999999982,-6.185714285714279,2
2713,2024,F,2,2,14,1761.2270651948706,1590.6893146436905,170.53775055118012,-12.181267896512866,True,184.89999999999986,-13.207142857142847,2
18943,2024,F,2,2,28,1769.2136061087667,1710.145268279276,59.0683378294907,-2.109583493910382,True,98.70000000000005,-3.5250000000000017,2
612,2024,F,3,3,28,1819.8599631237162,1691.727706593884,128.13225652983215,-4.576152018922577,True,169.20000000000005,-6.0428571428571445,3
2405,2024,F,2,2,28,1983.7788455394086,1816.2702453421302,167.50860019727838,-5.9824500070456565,True,212.39999999999986,-7.585714285714281,2
650,2024,F,2,2,28,2022.0558038218608,1754.7456338741715,267.31016994768925,-9.546791783846045,True,313.5,-11.196428571428571,2
18958,2024,F,2,2,14,2125.2964546600274,1765.5044437711888,359.7920108888386,-25.699429349202756,True,380.28999999999996,-27.163571428571426,2
18965,2024,M,3,3,28,1645.8707981421367,1567.918074931751,77.95272321038556,-2.784025828942341,True,129.89999999999986,-4.63928571428571,3
699,2024,M,3,3,28,1683.4261559833667,1623.172029569323,60.25412641404364,-2.1519330862158443,True,113.29999999999995,-4.04642857142857,3
747,2024,M,2,2,28,1692.4046862641749,1656.4239590268887,35.980727237286146,-1.2850259727602196,True,89.20000000000005,-3.1857142857142873,2
5409,2024,M,2,2,14,1705.6311233445053,1649.5402444704519,56.09087887405349,-4.006491348146677,True,77.15000000000009,-5.510714285714292,2
709,2024,M,2,2,28,1706.4034700353275,1750.2063468982274,-43.80287686289989,1.5643884593892818,False,9.5,-0.3392857142857143,2
18968,2024,M,3,3,28,1726.9672006784688,1740.9475761211208,-13.980375442652075,0.49929912295185985,False,40.09999999999991,-1.4321428571428538,3
4368,2024,M,2,2,28,1731.215107477991,1621.3800094189153,109.83509805907579,-3.922682073538421,True,164.60000000000014,-5.878571428571433,2
18969,2024,M,3,3,28,1733.7252342231634,1723.1269312920658,10.598302931097578,-0.37851081896777067,True,65.0,-2.3214285714285716,3
678,2024,M,3,3,28,1743.8622845402047,1754.9850672993146,-11.122782759109896,0.397242241396782,False,43.5,-1.5535714285714286,3
2728,2024,M,2,2,14,1747.3378446489048,1654.861184562408,92.47666008649685,-6.605475720464061,True,114.90000000000009,-8.207142857142864,2
1529,2024,M,2,2,14,1757.0887216205354,1624.6929187199428,132.39580290059257,-9.45684306432804,True,155.9000000000001,-11.135714285714291,2
711,2024,M,2,2,28,1784.9897458264877,1890.5812586801671,-105.59151285367943,3.77112545905998,False,-50.09999999999991,1.789285714285711,2
3142,2024,M,2,2,28,1794.45099278906,1710.1845635391212,84.26642924993871,-3.009515330354954,True,140.9000000000001,-5.03214285714286,2
18976,2024,M,2,2,28,1798.312726243171,1765.2394048266476,33.07332141652341,-1.1811900505901218,True,89.60000000000014,-3.200000000000005,2
18980,2024,M,2,2,28,1832.1028939666428,1763.8456113763307,68.25728259031212,-2.437760092511147,True,126.0,-4.5,2
18990,2024,M,3,3,28,1862.0313282360034,1664.2889363536783,197.74239188232514,-7.062228281511612,True,257.0,-9.178571428571429,3
693,2024,M,2,2,14,1881.243452170206,1668.4710753664199,212.77237680378607,-15.198026914556149,True,239.65999999999985,-17.118571428571418,2
3137,2024,M,2,2,14,1883.367405569967,1679.171534707307,204.19587086266006,-14.585419347332861,True,230.89999999999986,-16.492857142857133,2
18994,2024,M,3,3,28,1889.1600057511337,1837.4179942180706,51.74201153306308,-1.8479289833236814,True,111.20000000000005,-3.971428571428573,3
3153,2024,M,3,3,28,1900.7452061134668,1789.6307902071974,111.11441590626941,-3.968371996652479,True,171.20000000000005,-6.114285714285716,3
760,2024,M,2,2,28,1935.2111771914083,1817.1084325134498,118.10274467795853,-4.217955167069947,True,179.29999999999995,-6.403571428571427,2
3437,2024,M,2,2,8,1714.7823661422203,1735.1853563730358,-20.402990230815476,2.5503737788519345,False,-28.021440250564638,3.5026800313205797,2
18997,2024,M,2,2,28,1943.3208174450417,1977.992019350056,-34.671201905014186,1.2382572108933638,False,26.100000000000136,-0.932142857142862,2
19000,2024,M,2,2,28,1976.724811823102,1923.0367347375516,53.6880770855505,-1.9174313244839465,True,115.90000000000009,-4.139285714285718,2
19005,2024,M,2,2,28,2038.8987204342905,2117.072694356701,-78.1739739224106,2.791927640086093,False,-14.599999999999909,0.5214285714285681,2
529,2024,M,3,3,63,1842.819204301801,1774.1730257102572,68.64617859154373,-1.089621882405456,True,128.81670658264602,-2.0447096282959687,3
786,2024,M,2,2,28,2120.381296316034,2010.04926870735,110.33202760868403,-3.940429557453001,True,177.30000000000018,-6.3321428571428635,2
2626,2024,M,2,2,28,2131.9664966783675,1920.9460445620762,211.02045211629138,-7.536444718438978,True,278.8000000000002,-9.957142857142864,2
19014,2024,M,2,2,28,2303.6205487136035,2090.491062125653,213.1294865879504,-7.611767378141086,True,286.2999999999997,-10.22499999999999,2
4589,2024,M,2,2,35,2389.5441180675753,2290.735425588819,98.80869247875626,-2.823105499393036,True,161.21400527064907,-4.606114436304259,2
371,2024,M,3,3,14,1646.7274523861659,1780.875455523493,-134.14800313732712,9.582000224094795,False,-135.95743538301622,9.711245384501158,3
2641,2024,M,2,2,35,1803.180371389532,1917.9457529748638,-114.76538158533185,3.2790109024380527,False,-64.32884508844586,1.8379670025270245,2
20764,2024,F,2,2,14,1455.3131176649615,1371.1625788805723,84.15053878438925,-6.010752770313518,True,97.0,-6.928571428571429,2
20766,2024,M,2,2,14,1760.918277659514,1650.4505585255297,110.46771913398425,-7.890551366713161,True,122.70000000000005,-8.764285714285718,2
20394,2024,F,2,2,22,1366.5535750669578,1399.105207775379,-32.551632708421266,1.479619668564603,False,-15.320000000000164,0.6963636363636438,2
1719,2024,M,2,2,21,1811.3446376259487,1792.2953345462554,19.049303079693345,-0.9071096704615879,True,59.69999999999982,-2.842857142857134,2
20482,2024,M,2,2,21,2214.341103765857,2119.6583905482976,94.68271321755947,-4.508700629407594,True,144.80000000000018,-6.895238095238104,2
27475,2025,M,3,3,34,2038.8033983485527,1999.172346369186,39.6310519793667,-1.1656191758637267,True,55.88000000000011,-1.643529411764709,3
27177,2025,M,4,4,42,1886.2456163200895,1661.8388111421443,224.40680517794522,-5.343019170903458,True,266.9000000000001,-6.354761904761907,4
27176,2025,M,4,4,42,1817.468623327813,1707.6076827558636,109.86094057194941,-2.6157366802845097,True,150.5,-3.5833333333333335,4
27988,2025,M,2,2,28,1724.4537339011629,1809.9145722453536,-85.46083834419073,3.052172798006812,False,-52.399999999999864,1.8714285714285666,2
1676,2025,F,4,4,42,1514.179652300783,1434.9685283278984,79.21112397288448,-1.8859791422115353,True,105.59999999999991,-2.514285714285712,4
27986,2025,M,3,3,28,1779.8256527409003,1848.2048700659814,-68.37921732508107,2.4421149044671813,False,-34.200000000000045,1.221428571428573,3
11358,2025,M,4,4,35,1765.2590026341009,1797.0514253212366,-31.79242268713574,0.908354933918164,False,-17.5,0.5,4
27501,2025,M,3,3,28,1836.6725175050497,1875.5969411133265,-38.92442360827681,1.390157986009886,False,-60.399999999999864,2.157142857142852,3
19498,2025,M,2,2,7,2914.106613750539,2836.392301979714,77.71431177082513,-11.102044538689304,True,46.899999999999636,-6.699999999999948,2
19488,2025,M,3,3,14,1860.6859394917542,1769.651307229712,91.03463226204212,-6.502473733003009,True,98.39999999999986,-7.028571428571419,3
20492,2025,M,2,2,7,1592.2634892547624,1634.8886677215328,-42.62517846677042,6.089311209538631,False,-35.289999999999964,5.0414285714285665,2
20488,2025,M,2,2,7,1628.850152654414,1552.2870382164363,76.56311443797767,-10.937587776853954,True,84.52999999999997,-12.075714285714282,2
28685,2025,M,2,2,7,1648.184568272116,1672.7626903190217,-24.57812204690572,3.5111602924151026,False,-16.910000000000082,2.4157142857142975,2
22531,2025,M,3,3,36,1739.7963632108613,1658.6869423100127,81.10942090084859,-2.2530394694680163,True,127.51999999999998,-3.5422222222222217,3
5137,2025,M,3,3,57,1522.711426076627,1500.6261541578942,22.085271918732815,-0.38746091085496165,True,48.88999999999987,-0.8577192982456118,3
28690,2025,M,2,2,7,1517.0079946197063,1503.754098159896,13.253896459810221,-1.8934137799728887,True,20.450000000000045,-2.921428571428578,2
3268,2025,M,2,2,7,1599.0057470086276,1592.5916924587927,6.414054549834873,-0.9162935071192676,True,13.970000000000027,-1.9957142857142895,2
28691,2025,M,2,2,7,1632.320432380668,1542.8633597900225,89.45707259064557,-12.779581798663653,True,97.49000000000001,-13.927142857142858,2
22524,2025,M,2,2,7,1694.3888640559583,1620.3945322982436,73.99433175771469,-10.57061882253067,True,82.25999999999999,-11.751428571428571,2
22525,2025,M,2,2,7,1756.258994032605,1735.9690746906858,20.28991934191913,-2.898559905988447,True,28.639999999999873,-4.091428571428553,2
3298,2025,M,2,2,7,2047.1675859420307,1939.0862027187752,108.08138322325544,-15.440197603322206,True,118.13999999999987,-16.87714285714284,2
28694,2025,M,2,2,7,2168.726527210251,2088.3210087505954,80.40551845965547,-11.486502637093638,True,90.93000000000029,-12.990000000000041,2
28695,2025,M,2,2,7,1555.577675005789,1531.6764772605695,23.901197745219406,-3.4144568207456296,True,31.320000000000164,-4.474285714285737,2
2950,2025,M,2,2,7,1686.3576452609127,1648.9743773356433,37.383267925269365,-5.340466846467052,True,45.47000000000003,-6.49571428571429,2
28699,2025,M,2,2,7,1840.8346685038866,1806.4673539969529,34.36731450693378,-4.909616358133397,True,43.169999999999845,-6.167142857142835,2
22519,2025,M,2,2,7,1871.8688843415318,1764.5788045433917,107.29007979814014,-15.327154256877163,True,116.51999999999998,-16.645714285714284,2
1686,2025,F,2,2,28,1368.348806782915,1377.2467846915322,-8.897977908617122,0.3177849253077544,False,21.799999999999955,-0.7785714285714269,2
1060,2025,F,3,3,35,1610.542412789375,1622.2900417868477,-11.747628997472702,0.33564654278493433,False,-1.7999999999999545,0.05142857142857013,3
11448,2025,F,3,3,35,1683.0688382684168,1570.8489023803454,112.2199358880714,-3.206283882516326,True,123.0,-3.5142857142857142,3
11437,2025,F,3,3,35,1644.0313906745064,1639.935548908846,4.095841765660452,-0.1170240504474415,True,14.299999999999955,-0.40857142857142725,3
24603,2025,F,2,2,7,1760.1529352939556,1664.3872146353297,95.76572065862592,-13.680817236946561,True,69.59999999999991,-9.94285714285713,2
20451,2025,M,2,2,28,1584.2629923864204,1593.9333611008747,-9.670368714454298,0.34537031123051065,False,20.90000000000009,-0.7464285714285747,2
1273,2025,M,3,3,35,1722.331765163198,1782.8919922729835,-60.5602271097855,1.7302922031367285,False,-46.700000000000045,1.3342857142857156,3
11402,2025,M,3,3,35,1701.263789169414,1697.0379651282947,4.225824041119267,-0.12073782974626478,True,18.09999999999991,-0.5171428571428546,3
1703,2025,M,2,2,7,1710.0668401715118,1678.1800278743149,31.88681229719691,-4.555258899599559,True,13.5,-1.9285714285714286,2
27977,2025,M,2,2,28,1695.887302273595,1756.667126838543,-60.77982456494806,2.170708020176716,False,-28.200000000000045,1.0071428571428587,2
1254,2025,M,3,3,35,1691.2738099423148,1753.875125955789,-62.60131601347416,1.7886090289564045,False,-49.0,1.4,3
11390,2025,M,3,3,35,1897.304767665564,1691.7531063145098,205.55166135105424,-5.872904610030121,True,221.60000000000014,-6.331428571428575,3
27979,2025,M,2,2,28,1726.4103388071605,1756.4676982040605,-30.057359396899983,1.0734771213178564,False,3.2000000000000455,-0.1142857142857159,2
19479,2025,M,2,2,28,1754.2919587176293,1710.1005406868942,44.19141803073512,-1.5782649296691116,True,78.20000000000005,-2.7928571428571445,2
19482,2025,M,2,2,7,1988.4015089344612,1804.9680257829723,183.43348315148887,-26.20478330735555,True,165.29999999999995,-23.614285714285707,2
1278,2025,M,2,2,7,1872.280364255107,1834.512759863539,37.76760439156806,-5.395372055938294,True,17.700000000000045,-2.528571428571435,2
27981,2025,M,2,2,28,1856.2310743201147,1860.7688740383749,-4.537799718260203,0.16206427565215012,False,31.300000000000182,-1.1178571428571493,2
27982,2025,M,2,2,28,1868.8511759638004,1792.5642810453817,76.28689491841874,-2.7245319613720977,True,112.59999999999991,-4.021428571428568,2
11419,2025,M,2,2,28,1907.9832740837564,1918.3040350865579,-10.320761002801419,0.3685986072429078,False,26.5,-0.9464285714285714,2
1299,2025,M,3,3,35,1957.9370178260785,1948.1186159416823,9.81840188439628,-0.28052576812560803,True,25.799999999999955,-0.7371428571428559,3
1395,2025,M,3,3,35,1966.4433367719255,1901.5520297900332,64.89130698189228,-1.8540373423397796,True,81.09999999999991,-2.3171428571428545,3
26490,2025,M,2,2,28,1987.519263512567,1990.4972007692002,-2.9779372566331404,0.10635490202261215,False,35.399999999999864,-1.2642857142857093,2
27983,2025,M,2,2,28,2003.3677632511494,2087.9180887138705,-84.55032546272105,3.019654480811466,False,-46.100000000000136,1.6464285714285762,2
27508,2025,M,3,3,35,2020.5474816949297,2284.3552936790707,-263.8078119841409,7.5373660566897405,False,-248.10000000000014,7.0885714285714325,3
1341,2025,M,3,3,35,2029.1527113261936,2134.085817596554,-104.93310627036044,2.998088750581727,False,-88.69999999999982,2.534285714285709,3
1008,2025,F,4,4,35,1427.5419922158917,1505.2514804239918,-77.70948820810008,2.2202710916600026,False,-69.10000000000014,1.9742857142857182,4
1049,2025,F,4,4,35,1423.8760390154482,1427.8903870529725,-4.014348037524314,0.11469565821498041,False,4.7999999999999545,-0.13714285714285585,4
27520,2025,F,3,3,28,1462.5171673444456,1459.8788244266395,2.638342917806085,-0.09422653277878876,True,-8.900000000000091,0.3178571428571461,3
27528,2025,F,4,4,35,1593.8970036630378,1636.645708597965,-42.74870493492722,1.2213915695693491,False,-33.0,0.9428571428571428,4
27535,2025,F,3,3,28,1697.9308107026466,1808.7751172138546,-110.84430651120806,3.958725232543145,False,-126.20000000000005,4.507142857142859,3
11365,2025,F,3,3,28,1867.596714623614,1871.5203683687394,-3.9236537451254208,0.14013049089733645,False,38.0,-1.3571428571428572,3
27485,2025,M,4,4,35,1586.3295727150617,1612.5799384249826,-26.25036570992097,0.7500104488548849,False,-13.400000000000091,0.38285714285714545,4
27486,2025,M,3,3,35,1588.8023398504824,1622.5513701491045,-33.749030298622074,0.9642580085320592,False,-20.90000000000009,0.5971428571428598,3
3169,2025,M,4,4,35,1638.8511466713967,1646.6822349214792,-7.83108825008253,0.22374537857378657,False,5.5,-0.15714285714285714,4
1305,2025,M,2,2,28,1921.6795084257412,1858.5751590590683,63.10434936667298,-2.2537267630954636,True,100.39999999999986,-3.585714285714281,2
1251,2025,M,3,3,35,1761.2036645320106,1855.9825868107964,-94.77892227878579,2.707969207965308,False,-80.70000000000005,2.305714285714287,3
27541,2025,F,3,3,35,1762.8280903321172,1652.4967573685728,110.33133296354436,-3.15232379895841,True,121.60000000000014,-3.474285714285718,3
1207,2025,M,3,3,35,1688.4054000652266,1732.7356907006506,-44.330290635424035,1.2665797324406867,False,-30.700000000000045,0.8771428571428584,3
1074,2025,F,2,2,28,1544.4507055251618,1580.818115443621,-36.367409918459316,1.2988360685164042,False,-1.7999999999999545,0.06428571428571266,2
1096,2025,F,3,3,35,1700.8041253732645,1683.8000863872587,17.004038986005753,-0.4858296853144501,True,27.59999999999991,-0.7885714285714259,3
1056,2025,F,2,2,7,1782.644053577757,1679.0136181853502,103.63043539240675,-14.804347913200965,True,77.29999999999995,-11.042857142857136,2
1381,2025,M,3,3,35,1970.9932283010996,1930.76832474171,40.22490355938953,-1.1492829588397009,True,56.40000000000009,-1.611428571428574,3
1704,2025,M,4,4,35,1626.4873109942932,1678.0922448524632,-51.60493385816994,1.4744266816619984,False,-38.5,1.1,4
27491,2025,M,2,2,7,1669.1178164089456,1680.4301235162122,-11.312307107266633,1.616043872466662,False,-30.200000000000045,4.314285714285721,2
27495,2025,M,2,2,7,1717.4851415777737,1690.6044690274007,26.880672550372992,-3.8400960786247134,True,8.300000000000182,-1.1857142857143117,2
27985,2025,M,2,2,21,1734.041097940552,1717.5118914685586,16.529206471993348,-0.7871050700949214,True,16.799999999999955,-0.7999999999999978,2
1266,2025,M,4,4,35,1731.6293695923796,1727.6502605213484,3.979109071031189,-0.11368883060089112,True,18.100000000000136,-0.517142857142861,4
27499,2025,M,3,3,28,1799.185367732072,1977.6283190709332,-178.44295133886112,6.372962547816469,False,-202.5999999999999,7.235714285714282,3
19496,2025,M,3,3,35,1813.0328636904278,1891.0820264797053,-78.04916278927749,2.2299760796936425,False,-63.5,1.8142857142857143,3
27987,2025,M,2,2,21,1886.8519410989802,1904.2596388521363,-17.40769775315607,0.8289379882455272,False,-17.899999999999864,0.8523809523809459,2
27511,2025,M,4,4,35,2094.3348530158823,2107.6615235276313,-13.326670511748944,0.3807620146213984,False,3.700000000000273,-0.1057142857142935,4
19486,2025,M,3,3,34,1692.367686627887,1690.9553917765802,1.4122948513067968,-0.041538083861964614,True,14.809999999999945,-0.43558823529411606,3
3097,2025,F,3,3,34,1465.4851331422246,1450.9192692291394,14.565863913085195,-0.42840776214956455,True,21.809999999999945,-0.6414705882352925,3
3102,2025,F,4,4,42,1540.8370545937157,1562.474763407194,-21.637708813478184,0.515183543178052,False,4.900000000000091,-0.11666666666666883,4
2946,2025,M,3,3,36,1556.7518501563213,1527.193754964707,29.558095191614257,-0.8210581997670627,True,70.92000000000007,-1.970000000000002,3
2945,2025,M,3,3,36,1548.5992843574977,1531.3278210820026,17.27146327549508,-0.47976286876375224,True,58.36999999999989,-1.6213888888888859,3
2965,2025,M,2,2,7,1593.254997747978,1618.6014433798985,-25.34644563192046,3.6209208045600656,False,-17.939999999999827,2.5628571428571183,2
18781,2025,M,2,2,50,1770.703970425119,1707.2784744677597,63.42549595735932,-1.2685099191471862,True,86.69999999999982,-1.7339999999999964,2
26005,2025,M,2,2,7,1536.3424102374083,1525.9087079065596,10.433702330848746,-1.4905289044069636,True,17.710000000000036,-2.530000000000005,2
26006,2025,M,2,2,7,1661.9665363278116,1636.532332563349,25.43420376446261,-3.6334576806375156,True,33.36000000000013,-4.765714285714304,2
3279,2025,M,2,2,7,1720.2672357288825,1706.5424932196224,13.724742509260068,-1.9606775013228668,True,21.88000000000011,-3.1257142857143014,2
3276,2025,M,2,2,7,1762.5054975398625,1759.9865045914078,2.518992948454752,-0.359856135493536,True,10.829999999999927,-1.5471428571428467,2
28696,2025,M,2,2,7,1577.589163555173,1535.3423479380754,42.24681561709758,-6.035259373871083,True,49.83999999999992,-7.119999999999989,2
28698,2025,M,2,2,7,1636.1873155042088,1602.4636431147928,33.723672389415924,-4.817667484202275,True,41.559999999999945,-5.93714285714285,2
2987,2025,M,2,2,7,1914.8012020977626,1854.7512539259453,60.04994817181728,-8.578564024545326,True,69.29999999999995,-9.899999999999993,2
28701,2025,M,2,2,7,2113.896107535434,2133.686158384726,-19.790050849291674,2.827150121327382,False,-9.909999999999854,1.4157142857142648,2
28702,2025,F,2,2,7,1539.4436761501079,1370.3300953028458,169.11358084726203,-24.15908297818029,True,181.70000000000005,-25.957142857142863,2
2940,2025,F,2,2,7,1687.491797696846,1694.96995273908,-7.478155042233993,1.0683078631762848,False,5.379999999999882,-0.7685714285714117,2
22552,2025,F,2,2,7,1388.8276752436527,1387.357217983043,1.4704572606096917,-0.21006532294424168,True,12.090000000000146,-1.727142857142878,2
28708,2025,F,2,2,7,1393.3708464185358,1360.0700348216749,33.30081159686097,-4.7572587995515665,True,44.1099999999999,-6.301428571428557,2
3238,2025,F,2,2,7,1406.0127140356024,1344.2370995883648,61.77561444723756,-8.825087778176794,True,72.81999999999994,-10.402857142857133,2
3237,2025,F,2,2,7,1434.6544453555182,1447.4646528096896,-12.810207454171405,1.8300296363102007,False,-1.9100000000000819,0.27285714285715457,2
3240,2025,F,2,2,7,1438.70379357661,1409.6984748018876,29.005318774722355,-4.143616967817479,True,40.1400000000001,-5.734285714285728,2
28709,2025,F,2,2,7,1512.974765826875,1488.863150968439,24.11161485843604,-3.4445164083480058,True,35.79000000000019,-5.1128571428571705,2
22557,2025,F,2,2,7,1637.6156793638888,1592.0907041897638,45.524975174125075,-6.503567882017868,True,58.25999999999999,-8.322857142857142,2
1288,2025,M,3,3,35,1671.3927621735324,1659.6450961628377,11.74766601069473,-0.3356476003055637,True,25.399999999999864,-0.7257142857142819,3
28711,2025,F,2,2,7,1300.630895696463,1285.5726412600402,15.058254436422885,-2.1511792052032694,True,25.070000000000164,-3.581428571428595,2
2924,2025,F,2,2,7,1353.173657979895,1333.7182984937017,19.4553594861934,-2.7793370694562003,True,29.889999999999873,-4.269999999999982,2
20451,2024,M,2,2,14,1580.0263115260016,1621.8777927940284,-41.85148126802687,2.989391519144777,False,-10.75,0.7678571428571429,2
758,2024,M,2,2,14,1880.2152014477736,1977.992019350056,-97.77681790228235,6.984058421591596,False,-60.98000000000002,4.355714285714287,2
2699,2024,F,2,2,14,1480.1621773443137,1412.3780953008552,67.78408204345851,-4.841720145961323,True,91.89999999999986,-6.564285714285704,2
587,2024,F,2,2,14,1559.1577252971128,1606.7082596786147,-47.55053438150185,3.3964667415358463,False,-22.680000000000064,1.6200000000000045,2
2705,2024,F,2,2,14,1658.8771114935455,1597.5492560296627,61.32785546388277,-4.380561104563055,True,88.28999999999996,-6.306428571428569,2
28712,2025,F,2,2,7,1394.6547860983942,1367.3943844959153,27.26040160247885,-3.894343086068407,True,38.049999999999955,-5.435714285714279,2
20478,2024,M,2,2,14,2191.886371130412,2088.4591522539117,103.42721887650032,-7.387658491178594,True,125.57860371897686,-8.969900265641204,2
5670,2024,M,2,2,14,2221.4612401750633,2140.1733788811516,81.28786129391165,-5.8062758067079745,True,103.60807815729868,-7.40057701123562,2
20479,2024,M,2,2,14,2257.080608002563,2099.3987001942896,157.68190780827354,-11.26299341487668,True,180.77496342972972,-12.912497387837837,2
3366,2024,F,2,2,14,1543.7183528051867,1531.5143139802908,12.20403882489586,-0.8717170589211329,True,26.200000000000045,-1.8714285714285748,2
20462,2024,F,2,2,14,1662.5872286501012,1667.7594185356802,-5.172189885578973,0.3694421346842124,False,9.799999999999955,-0.6999999999999967,2
20463,2024,F,2,2,14,1684.6656931519763,1625.9908463362178,58.67484681575843,-4.191060486839888,True,74.20000000000005,-5.300000000000003,2
20464,2024,F,2,2,14,1709.4054011429162,1711.5169703636884,-2.111569220772253,0.1508263729123038,False,13.299999999999955,-0.9499999999999967,2
20466,2024,F,2,2,14,2253.383283222588,1861.6849323188987,391.6983509036893,-27.978453635977807,True,414.1999999999998,-29.58571428571427,2
2193,2024,M,2,2,14,1614.2049874553263,1554.4103118918401,59.79467556348618,-4.271048254534727,True,76.01748257336362,-5.429820183811687,2
20468,2024,M,2,2,14,1751.717334765128,1874.64071523744,-122.92338047231192,8.780241462307995,False,-106.35642095064372,7.596887210760266,2
42,2024,M,2,2,14,1772.6572055485674,2008.89880359662,-236.24159804805254,16.87439986057518,False,-220.09467627533581,15.72104830538113,2
26,2024,M,2,2,14,1807.3051360716809,1811.9869406698226,-4.681804598141753,0.33441461415298235,False,13.085839398756661,-0.9347028141969044,2
20472,2024,M,2,2,14,1807.4130735499457,1713.5310092064237,93.88206434352196,-6.705861738822997,True,112.1954360207942,-8.013959715771014,2
20476,2024,M,2,2,14,1862.3532499869075,1926.3549418646796,-64.00169187777215,4.571549419840868,False,-46.01988336203135,3.2871345258593823,2
27341,2025,F,2,2,28,1530.7065233542376,1526.7737216108044,3.932801743433174,-0.14045720512261337,True,29.339999999999918,-1.04785714285714,2
27746,2025,F,3,3,28,1211.392056911638,1184.050847075293,27.341209836345115,-0.9764717798694684,True,45.94612996979549,-1.6409332132069818,3
23384,2025,F,2,2,15,1359.015335599257,1348.584385298549,10.430950300707991,-0.6953966867138661,True,29.562996871942687,-1.9708664581295126,2
1466,2025,F,2,2,36,1302.5544430004077,1407.8553057414388,-105.3008627410311,2.9250239650286414,False,-79.43930111704663,2.2066472532512953,2
19366,2025,F,4,4,35,1350.3125183007937,1421.1741683188075,-70.86165001801373,2.0246185719432495,False,-52.68829047286613,1.5053797277961751,4
26990,2025,F,4,4,36,1306.1020265945986,1423.6119958441295,-117.50996924953097,3.2641658124869712,False,-91.6864077020225,2.546844658389514,4
27334,2025,F,3,3,28,1424.7270334888838,1450.8344032102252,-26.107369721341456,0.9324060614764805,False,-2.730000000000018,0.09750000000000066,3
7945,2025,F,2,2,28,1452.5137442631485,1468.9793714982925,-16.465627235143984,0.5880581155408565,False,7.460000000000036,-0.26642857142857274,2
27333,2025,F,2,2,28,1423.3620722578673,1482.9621952309321,-59.6001229730648,2.1285758204666,False,-36.549999999999955,1.3053571428571413,2
27337,2025,F,2,2,28,1495.0225368862343,1483.8144438779957,11.20809300823862,-0.40028903600852217,True,36.090000000000146,-1.2889285714285765,2
27335,2025,F,2,2,28,1474.6456156517736,1500.978335235141,-26.332719583367407,0.9404542708345502,False,-2.130000000000109,0.07607142857143247,2
18760,2025,F,4,4,36,1536.1200608592133,1508.4107362269765,27.709324632236758,-0.7697034620065766,True,68.09626667375142,-1.8915629631597615,4
27339,2025,F,2,2,28,1498.5324371945626,1509.6395598576264,-11.10712266306382,0.3966829522522793,False,13.63000000000011,-0.4867857142857182,2
27336,2025,F,3,3,28,1486.9302667309223,1510.571087448603,-23.640820717680754,0.8443150256314554,False,0.7899999999999636,-0.028214285714284415,3
25098,2025,F,4,4,36,1419.6760439946943,1522.8890533590716,-103.21300936437729,2.867028037899369,False,-67.0592160220383,1.862756000612175,4
1478,2025,F,5,5+,43,1585.1934958703798,1524.3755335574388,60.81796231294106,-1.4143712165800246,True,144.28270696002278,-3.3554117897679716,5
26937,2025,F,4,4,36,1523.534697420321,1533.0367581799242,-9.502060759603182,0.2639461322111995,False,30.217613493499357,-0.8393781525972044,4
26936,2025,F,3,3,36,1518.477028000953,1538.1403401943178,-19.663312193364845,0.5462031164823569,False,19.831799598631733,-0.5508833221842148,3
26938,2025,F,4,4,36,1563.1727112418798,1542.5700511854513,20.602660056428476,-0.5722961126785688,True,61.63178285560184,-1.7119939682111622,4
358,2025,F,4,4,36,1537.0610226116537,1548.3772338270721,-11.316211215418434,0.31433920042828983,False,28.740371584424565,-0.7983436551229046,4
7998,2025,F,3,3,36,1578.4633397190385,1568.1771500693217,10.286189649716789,-0.2857274902699108,True,51.6209876540388,-1.4339163237233,3
18934,2025,F,2,2,28,1467.1383288811826,1574.370817562518,-107.23248868133533,3.829731738619119,False,-83.8900000000001,2.9960714285714323,2
4656,2025,F,4,4,36,1600.8111813395021,1585.3311315584776,15.48004978102449,-0.43000138280623584,True,57.445979282523695,-1.5957216467367692,4
7749,2025,F,2,2,28,1546.01358858778,1598.7292730797592,-52.71568449197912,1.8827030175706827,False,-27.569999999999936,0.9846428571428548,2
2636,2025,M,2,2,35,1943.2098419169113,1967.6798542244846,-24.47001230757337,0.6991432087878106,False,42.65000000000009,-1.218571428571431,2
27402,2025,M,2,2,28,2011.5448817000467,2083.1495644617753,-71.60468276172855,2.5573100986331627,False,-1.0399999999999636,0.03714285714285585,2
1592,2025,M,2,2,14,2147.8483106000476,2110.5424132854037,37.30589731464397,-2.6647069510459978,True,39.11999999999989,-2.7942857142857065,2
28328,2025,M,2,2,14,2186.551506078894,2118.0421257084304,68.50938037046353,-4.893527169318824,True,96.38000000000011,-6.884285714285722,2
28393,2025,M,2,2,14,2205.495326803103,2123.00546324038,82.48986356272326,-5.89213311162309,True,84.59000000000015,-6.042142857142868,2
27400,2025,M,3,3,35,2091.31569811429,2125.2633342218487,-33.94763610755854,0.9699324602159582,False,0.5470887433916687,-0.015631106954047676,3
2606,2025,M,3,3,28,2094.1860988338562,2155.888817710574,-61.70271887671788,2.203668531311353,False,11.830000000000382,-0.42250000000001364,3
2559,2025,M,2,2,28,2127.819152318547,2261.5412651341685,-133.72211281562159,4.775789743415056,False,-59.38999999999987,2.121071428571424,2
4585,2025,M,2,2,28,2396.0187302493177,2307.484463651357,88.5342665979606,-3.161938092784307,True,173.51999999999998,-6.197142857142857,2
27412,2025,M,2,2,28,2544.100260020481,2374.852570071994,169.24768994848728,-6.044560355303117,True,259.8899999999999,-9.281785714285709,2
25677,2025,M,2,2,35,1674.4363902188857,2394.3378971763827,-719.9015069574971,20.568614484499918,False,-696.0041175321726,19.885831929490646,2
23458,2025,M,2,2,28,2754.643174834641,2607.681838504632,146.96133633000863,-5.2486191546431655,True,244.90999999999985,-8.746785714285709,2
28395,2025,F,2,2,14,1611.3206926435278,1604.2193399457283,7.101352697799484,-0.5072394784142489,True,13.190000000000055,-0.9421428571428611,2
27889,2025,F,2,2,35,1407.9345500801353,1609.6103081318063,-201.67575805167098,5.762164515762028,False,-183.88915955101584,5.253975987171881,2
27342,2025,F,2,2,28,1558.4932341285023,1619.6390945367893,-61.145860408287035,2.183780728867394,False,-35.86999999999989,1.2810714285714246,2
7748,2025,F,2,2,35,1623.2017631425804,1626.1102383336806,-2.9084751911002513,0.08309929117429289,False,19.68589559099064,-0.5624541597425897,2
4545,2025,F,2,2,28,1578.4801664398155,1632.1948972789967,-53.71473083918113,1.918383244256469,False,-28.039999999999964,1.0014285714285702,2
1494,2025,F,2,2,28,1579.5526359784715,1640.231800218168,-60.67916423969655,2.167113008560591,False,-35.05000000000018,1.2517857142857207,2
7753,2025,F,3,3,28,1615.4316169080487,1649.0912222004354,-33.659605292386686,1.2021287604423816,False,-7.189999999999827,0.2567857142857081,3
2507,2025,F,2,2,28,1622.548914755492,1654.680387746296,-32.13147299080401,1.147552606814429,False,-5.529999999999973,0.19749999999999904,2
4555,2025,F,2,2,28,1643.9008082978216,1654.710117350263,-10.80930905244145,0.3860467518729089,False,16.339999999999918,-0.5835714285714256,2
7751,2025,F,2,2,28,1592.6172649039154,1664.451517583562,-71.83425267964662,2.565509024273094,False,-46.08999999999992,1.6460714285714257,2
11458,2025,F,4,4,35,1544.9227765744183,1666.9388944488294,-122.01611787441107,3.4861747964117447,False,-101.59594264246607,2.9027412183561734,4
28545,2025,F,2,2,21,1652.9358709943886,1672.0226567272448,-19.086785732856242,0.9088945587074401,False,20.473318900921186,-0.9749199476629136,2
18942,2025,F,2,2,28,1636.5885159888046,1693.0216669961771,-56.433151007372544,2.0154696788347337,False,-29.820000000000164,1.065000000000006,2
11470,2025,F,5,5+,43,1633.375668997139,1752.7880808385223,-119.41241184138335,2.777032833520543,False,-35.066785229642164,0.8155066332474922,5
27893,2025,F,2,2,35,1746.0562837287237,1771.844756981588,-25.788473252864378,0.7368135215104108,False,-1.690108292611285,0.04828880836032243,2
1512,2025,F,4,4,35,2165.718628385814,2063.9083863567494,101.81024202906474,-2.908864057973278,True,132.91752445897782,-3.797643555970795,4
2508,2025,F,2,2,28,1743.5429781620273,1856.3561111927504,-112.81313303072307,4.029040465382967,False,-84.94000000000005,3.0335714285714306,2
18955,2025,F,2,2,28,1775.0345837061943,1859.3290715894843,-84.29448788329,3.0105174244032145,False,-55.6400000000001,1.9871428571428607,2
7755,2025,F,2,2,14,1843.3429737533495,1875.1551307680993,-31.8121570147498,2.2722969296249858,False,-25.210000000000036,1.8007142857142884,2
7947,2025,F,2,2,28,1810.3285812510499,1930.174717843659,-119.84613659260913,4.280219164021754,False,-90.93000000000006,3.2475000000000023,2
27364,2025,F,2,2,28,1895.5411609587954,1949.4395012144962,-53.89834025570076,1.9249407234178844,False,-22.970000000000027,0.8203571428571438,2
27900,2025,F,2,2,35,2072.2187277627318,1950.044003161832,122.17472460089971,-3.490706417168563,True,152.16421768012628,-4.347549076575037,2
28086,2025,F,2,2,35,1977.164886732568,1950.9259814128634,26.2389053197046,-0.7496830091344171,True,89.49191313831716,-2.5569118039519187,2
23398,2025,F,2,2,35,1974.942433153445,1954.8899286085086,20.052504544936482,-0.5729287012838995,True,83.17841397546863,-2.376526113584818,2
27366,2025,F,3,3,35,1751.4923244626239,1959.3196395996429,-207.827315137019,5.937923289629115,False,-185.30886952639912,5.294539129325689,3
4551,2025,F,2,2,35,1889.5677591036872,1975.1556086462463,-85.58784954255907,2.445367129787402,False,-60.03340486460661,1.7152401389887604,2
27359,2025,F,2,2,28,1858.4922132597758,2013.3977892162366,-154.90557595646078,5.532341998445028,False,-125.50999999999999,4.4825,2
27360,2025,F,2,2,28,1882.2815375717778,2021.5238809673099,-139.2423433955321,4.972940835554717,False,-109.31000000000017,3.9039285714285774,2
27370,2025,F,3,3,28,2109.352588074454,2058.041744507194,51.310843567260235,-1.8325301274021513,True,86.73999999999978,-3.097857142857135,3
28399,2025,F,2,2,14,2132.6303284987866,2068.407466423807,64.22286207497973,-4.587347291069981,True,72.7800000000002,-5.198571428571443,2
28546,2025,F,2,2,21,2141.1393575624725,2120.5928312544806,20.546526307991826,-0.9784060146662774,True,72.20266533604217,-3.4382221588591513,2
23403,2025,F,2,2,28,1828.9505523313467,2029.1544793189273,-200.20392698758064,7.150140249556451,False,-171.7099999999998,6.132499999999993,2
27354,2025,F,3,3,35,1676.4749623348016,1801.9608458005048,-125.48588346570318,3.585310956162948,False,-103.26396450012862,2.9503989857179604,3
2203,2024,F,3,3,21,1556.9183862428335,1470.8504353096428,86.06795093319079,-4.098473853961466,True,104.39729176772903,-4.971299607987096,3
2204,2024,F,2,2,14,1483.8697711666944,1487.7567621522824,-3.8869909855879996,0.2776422132562857,False,13.299999999999955,-0.9499999999999967,2
20485,2024,M,2,2,14,1571.0504384859025,2117.29977864218,-546.2493401562776,39.01781001116269,False,-522.7,37.33571428571429,2
2211,2024,M,3,3,21,1797.056813000386,1811.9869406698226,-14.930127669436615,0.7109584604493626,False,6.0359500878810195,-0.28742619466100094,3
27904,2025,F,2,2,35,2716.933158803288,3010.6278049607567,-293.6946461574689,8.391275604499112,False,-258.502864647096,7.38579613277417,2
25852,2025,M,2,2,42,1506.316534554446,1540.4250171805684,-34.108482626122395,0.8121067291933903,False,40.33037668971042,-0.9602470640407242,2
1522,2025,M,2,2,15,1537.7120857910706,1547.3378820797775,-9.625796288706852,0.6417197525804568,False,-2.4500000000000455,0.16333333333333636,2
26919,2025,M,2,2,42,1480.0128050297817,1569.4689963254466,-89.4561912956649,2.1299093165634497,False,-16.61772556907863,0.39566013259711025,2
28257,2025,M,2,2,15,1564.8716055959283,1588.377422474218,-23.505816878289806,1.5670544585526538,False,0.9900000000000091,-0.0660000000000006,2
18742,2025,M,2,2,15,1551.572483164928,1594.633813872207,-43.06133070727901,2.8707553804852677,False,-36.0,2.4,2
3440,2025,M,2,2,15,1573.7835097269272,1603.2972747746692,-29.513765047742027,1.9675843365161352,False,-4.910000000000082,0.3273333333333388,2
27386,2025,M,2,2,28,1754.0117864458487,1615.4818208200375,138.5299656258112,-4.9474987723504,True,201.13999999999987,-7.183571428571424,2
7725,2025,M,3,3,28,1604.969312289408,1619.0924250767464,-14.123112787338414,0.5043968852620863,False,42.41000000000008,-1.51464285714286,3
20429,2025,M,3,3,28,1618.5186281218118,1623.17051803887,-4.651889917058043,0.1661389256092158,False,52.409999999999854,-1.871785714285709,3
23446,2025,M,4,4,43,1622.3152706965327,1628.4421991850293,-6.12692848849656,0.14248670903480373,False,85.16261949525347,-1.9805260347733364,4
7721,2025,M,2,2,28,1644.5602209628146,1632.967887716166,11.59233324664865,-0.4140119016660232,True,69.66000000000008,-2.4878571428571457,2
506,2025,M,4,4,42,1611.2201659131665,1633.9923842407968,-22.7722183276303,0.542195674467388,False,56.924405816479066,-1.355342995630454,4
28310,2025,M,2,2,14,1672.0861346468168,1638.2893017033268,33.79683294349002,-2.414059495963573,True,55.00999999999999,-3.929285714285714,2
27374,2025,M,4,4,35,2112.073174026094,1638.498179635533,473.57499439056096,-13.530714125444598,True,511.14026084010015,-14.60400745257429,4
26920,2025,M,3,3,42,1587.406730307997,1643.2128529624756,-55.80612265447871,1.3287172060590169,False,22.53334282479409,-0.5365081624950974,3
27879,2025,M,2,2,35,1769.5748214813225,1645.7691209899529,123.80570049136963,-3.5373057283248466,True,153.81292124440847,-4.3946548926973845,2
1558,2025,M,5,5+,43,1653.447021315333,1647.8081674710147,5.6388538443181915,-0.13113613591437653,True,98.74405727450949,-2.2963734249885928,5
27375,2025,M,3,3,28,1625.821805449916,1651.170107522716,-25.348302072800152,0.9052965026000054,False,31.860000000000127,-1.1378571428571473,3
27377,2025,M,3,3,28,1640.3320656675962,1654.0745054372042,-13.742439769607927,0.4908014203431402,False,44.039999999999964,-1.5728571428571416,3
2627,2025,M,2,2,35,1715.7055375982704,1655.9643533952612,59.7411842030092,-1.7068909772288343,True,119.44000000000005,-3.41257142857143,2
11482,2025,M,2,2,28,1663.5869197912964,1660.1717517439884,3.4151680473080432,-0.1219702874038587,True,62.11000000000013,-2.21821428571429,2
23416,2025,M,2,2,35,1648.2042604927396,1662.379889884455,-14.175629391715347,0.4050179826204385,False,42.789999999999964,-1.2225714285714275,2
27373,2025,M,2,2,28,1613.6178117568998,1663.5237452274896,-49.905933470589844,1.78235476680678,False,6.740000000000009,-0.24071428571428605,2
27749,2025,M,2,2,35,1690.4165976000445,1665.552845140351,24.863752459693387,-0.7103929274198111,True,83.5,-2.3857142857142857,2
2579,2025,M,2,2,14,1852.8415830781748,1674.1765197700117,178.6650633081631,-12.761790236297363,True,202.92999999999984,-14.494999999999989,2
7950,2025,M,2,2,28,1668.872113910319,1683.546187014695,-14.67407310437602,0.5240740394420007,False,44.11000000000013,-1.5753571428571473,2
7724,2025,M,3,3,28,1623.035066732613,1687.2562569534073,-64.22119022079437,2.293613936456942,False,-7.319999999999936,0.2614285714285692,3
26917,2025,M,4,4,43,1754.8842554478263,1687.5646005676165,67.31965488020978,-1.5655733693072043,True,166.4662482303661,-3.8713080983806067,4
27387,2025,M,3,3,28,1778.9963404630469,1691.712319507142,87.28402095590491,-3.1172864627108896,True,150.5,-5.375,3
27385,2025,M,2,2,28,1713.0755556330546,1695.28313749105,17.792418142004635,-0.6354435050715941,True,78.30999999999995,-2.796785714285712,2
27372,2025,M,2,2,28,1578.8316250098776,1700.8930019560194,-122.06137694614176,4.359334890933634,False,-67.02999999999997,2.3939285714285705,2
26923,2025,M,3,3,42,1657.290603423821,1701.24113184303,-43.95052841920892,1.0464411528383077,False,37.91463225790835,-0.9027293394740084,3
2582,2025,M,2,2,28,1719.0334108217712,1703.0414606872844,15.991950134486842,-0.571141076231673,True,76.71000000000004,-2.7396428571428584,2
23414,2025,M,2,2,28,1675.4065357302018,1704.0560106437151,-28.64947491351336,1.0231955326254771,False,30.289999999999964,-1.081785714285713,2
512,2025,M,2,2,42,1620.0918380013668,1706.0254311473745,-85.93359314600775,2.0460379320478035,False,-6.1367667944618915,0.1461134951062355,2
27376,2025,M,2,2,28,1629.5694885524956,1711.267272588933,-81.6977840364375,2.9177780013013392,False,-24.660000000000082,0.8807142857142887,2
27750,2025,M,2,2,35,1692.628177904072,1712.023211772156,-19.395033868084056,0.5541438248024017,False,39.07999999999993,-1.1165714285714265,2
515,2025,M,3,3,28,1693.2801012963512,1712.5205401821709,-19.240438885819685,0.6871585316364174,False,40.37999999999988,-1.442142857142853,3
3442,2025,M,2,2,15,1674.7524455407702,1726.8336518224035,-52.081206281633285,3.4720804187755525,False,-26.00999999999999,1.7339999999999993,2
27381,2025,M,3,3,28,1693.1840068578235,1728.5146218482544,-35.33061499043083,1.2618076782296725,False,24.200000000000045,-0.8642857142857159,3
7726,2025,M,3,3,28,1643.1188043848992,1728.8130188942635,-85.6942145093642,3.0605076610487214,False,-28.199999999999818,1.0071428571428507,3
2563,2025,M,3,3,28,1739.1171484740573,1730.5437217611156,8.573426712941682,-0.30619381117648864,True,69.96000000000004,-2.49857142857143,3
28081,2025,M,2,2,35,1790.5146452736305,1739.8039767555958,50.71066851803471,-1.4488762433724203,True,112.94999999999982,-3.227142857142852,2
26922,2025,M,3,3,42,1644.0609169765048,1739.913389005799,-95.85247202929418,2.2822017149831946,False,-14.921513848583118,0.355274139251979,3
11510,2025,M,3,3,35,1670.9768109002516,1740.7190610300233,-69.74225012977172,1.9926357179934777,False,-42.40964621495755,1.2117041775702155,3
23423,2025,M,3,3,35,1679.6257591968367,1744.7573677193457,-65.13160852250894,1.8609031006431127,False,-37.63082450799607,1.0751664145141733,3
27877,2025,M,2,2,35,1677.8959695375197,1753.768958508818,-75.87298897129835,2.1677996848942387,False,-48.45858884938821,1.3845311099825202,2
363,2025,M,2,2,8,1783.415725176439,1760.6320905670252,22.783634609413866,-2.8479543261767333,True,45.91000000000008,-5.73875000000001,2
28318,2025,M,2,2,14,1803.5267813865762,1761.8256787510613,41.70110263551487,-2.9786501882510623,True,64.61000000000013,-4.615000000000009,2
3859,2025,M,3,3,42,1774.6457043800156,1739.028144435972,35.61755994404348,-0.8480371415248447,True,123.72385772019857,-2.945806136195204,3
27383,2025,M,4,4,35,1752.276924888152,1736.7802200227043,15.496704865447782,-0.4427629961556509,True,44.63527783048448,-1.2752936522995566,4
11514,2025,M,2,2,35,1818.0089319421988,1763.4171296631096,54.59180227908928,-1.5597657794025508,True,85.03032280339494,-2.4294377943827126,2
531,2025,M,3,3,35,1767.8450318220052,1763.7752061183205,4.069825703684728,-0.11628073439099224,True,33.40515690301572,-0.9544330543718778,3
2497,2025,M,2,2,14,1758.2339941931903,1777.6805084623406,-19.446514269150384,1.3890367335107416,False,-18.230000000000018,1.3021428571428584,2
5932,2025,M,2,2,14,1740.8517943761378,1780.724158331633,-39.872363955495075,2.8480259968210766,False,-18.190000000000055,1.2992857142857182,2
3012,2025,M,4,4,43,1862.0591346273013,1786.9606565932213,75.09847803408002,-1.746476233350698,True,180.3198864868209,-4.193485732251649,4
28315,2025,M,2,2,14,1749.3001468571688,1787.7563820492453,-38.45623519207652,2.74687394229118,False,-16.659999999999854,1.1899999999999895,2
27752,2025,M,3,3,35,2025.903714154456,1789.168794733688,236.73491942076816,-6.7638548405933765,True,308.1200000000001,-8.803428571428574,3
1536,2025,M,5,5+,43,1732.877061642286,1797.7924693633488,-64.91540772106282,1.5096606446758796,False,32.28201774855734,-0.750744598803659,5
27745,2025,M,3,3,28,1866.3123057098194,1801.5522721430623,64.7600335667571,-2.3128583416698967,True,93.76999999999998,-3.3489285714285706,3
28316,2025,M,2,2,14,1755.2925829192952,1804.6854411261572,-49.392858206862,3.528061300490143,False,-27.580000000000155,1.970000000000011,2
8002,2025,M,2,2,36,1826.6933917639826,1813.2394897784156,13.453901985566972,-0.37371949959908257,True,64.01999999999998,-1.7783333333333329,2
27751,2025,M,2,2,35,1929.2672704349995,1814.2938260076476,114.97344442735198,-3.2849555550671994,True,182.36000000000013,-5.2102857142857175,2
7953,2025,M,3,3,42,1819.9379250408283,1817.7054989003507,2.232426140477628,-0.05315300334470543,True,92.40313439065767,-2.2000746283489923,3
26925,2025,M,3,3,42,1807.486455443354,1818.6902091521806,-11.203753708826525,0.26675604068634584,False,78.27793805513625,-1.8637604298841963,3
18975,2025,M,2,2,28,1970.1281786946138,1821.1569580658552,148.9712206287586,-5.320400736741378,True,219.25999999999976,-7.8307142857142775,2
27389,2025,M,2,2,28,1787.0682732993725,1825.792058847195,-38.723785547822445,1.3829923409936586,False,24.100000000000136,-0.8607142857142905,2
1562,2025,M,3,3,28,1799.2722669923887,1830.9045949021497,-31.63232790976099,1.1297259967771782,False,31.660000000000082,-1.1307142857142887,3
28082,2025,M,2,2,35,1822.2460148531538,1841.099827307458,-18.85381245430426,0.5386803558372646,False,44.1099999999999,-1.2602857142857113,2
26918,2025,M,4,4,43,1790.2689774626367,1842.7111713559066,-52.44219389326986,1.219585904494648,False,48.05290974995751,-1.1175095290687793,4
27881,2025,M,2,2,35,1818.0089319421988,1845.665302111396,-27.65637016919709,0.7901820048342025,False,2.340322803395111,-0.06686636581128888,2
27395,2025,M,3,3,28,1892.9643445568825,1847.018035386637,45.94630917024551,-1.640939613223054,True,112.96000000000004,-4.034285714285716,3
25853,2025,M,2,2,28,2021.3465144298707,1848.679112276087,172.66740215378377,-6.166692934063706,True,244.8900000000001,-8.746071428571431,2
27394,2025,M,3,3,28,1858.17815780986,1857.8498481567642,0.32830965309585736,-0.011725344753423477,True,65.87000000000012,-2.352500000000004,3
25172,2025,M,2,2,28,1922.0809594307711,1869.8653025427277,52.21565688804344,-1.8648448888586944,True,120.28999999999996,-4.296071428571428,2
28083,2025,M,2,2,35,1976.1912351465364,1873.4659602312365,102.7252749152999,-2.9350078547228544,True,171.66999999999985,-4.904857142857138,2
26088,2025,M,2,2,21,1785.7232365291568,1879.374221742215,-93.65098521305822,4.459570724431344,False,-40.116450935673356,1.9103071874130169,2
28390,2025,M,2,2,14,1844.7045184977733,1879.841710447629,-35.13719194985583,2.509799424989702,False,-33.940000000000055,2.4242857142857184,2
11499,2025,M,2,2,28,1868.1719794167393,1885.4217352079977,-17.249755791258394,0.6160627068306569,False,48.549999999999955,-1.7339285714285697,2
518,2025,M,2,2,28,1750.264103343269,1900.6598776908584,-150.3957743475894,5.37127765527105,False,-89.4699999999998,3.195357142857136,2
11507,2025,M,3,3,35,1918.336732182587,1901.3163511920782,17.020380990508784,-0.4862965997288224,True,48.92065460415324,-1.3977329886900927,3
26089,2025,M,2,2,28,1866.0579017691305,1906.8267499750448,-40.76884820591431,1.4560302930683682,False,24.830000000000155,-0.8867857142857198,2
7735,2025,M,3,3,28,1757.7594695484286,1910.5169267773565,-152.75745722892793,5.455623472461712,False,-91.57999999999993,3.2707142857142832,3
23429,2025,M,2,2,35,1814.549352623565,1912.8941565772284,-98.34480395366336,2.809851541533239,False,-68.78520587938988,1.9652915965539965,2
5358,2025,M,2,2,28,2169.1397608854513,1913.8291339880566,255.31062689739474,-9.118236674906955,True,333.1900000000003,-11.899642857142867,2
26924,2025,M,4,4,42,1762.661164892447,1918.8521509292086,-156.19098603676161,3.7188330008752764,False,-69.70876875274121,1.6597325893509811,4
552,2025,M,3,3,35,1901.038835589417,1920.7817851600666,-19.74294957064967,0.5640842734471334,False,11.673011190229545,-0.33351460543512984,3
11502,2025,M,2,2,35,1987.528318555268,1924.660946758184,62.86737179708393,-1.7962106227738266,True,96.16122825984849,-2.7474636645671,2
27399,2025,M,3,3,35,1824.9280905794674,1930.6089945419637,-105.68090396249636,3.0194543989284672,False,-75.98861983103552,2.171103423743872,3
25118,2025,M,2,2,43,1896.5932623629103,1932.0015140900061,-35.40825172709583,0.823447714583624,False,71.16350325834492,-1.654965192054533,2
28542,2025,M,2,2,21,1810.8202302116329,1939.6902113088383,-128.86998109720548,6.136665766533595,False,-74.76518118675995,3.560246723179045,2
28543,2025,M,2,2,21,1869.179063910428,1941.9779219949078,-72.79885808447966,3.4666122897371268,False,-16.626859047941934,0.7917551927591397,2
26934,2025,M,3,3,36,2022.237676414923,1953.8043915850649,68.43328482985817,-1.9009245786071713,True,124.70000000000005,-3.4638888888888903,3
1609,2025,M,3,3,43,1919.7912881593334,1966.3868003584455,-46.595512199112136,1.0836165627700496,False,61.221996387447916,-1.423767357847626,3
11501,2025,M,2,2,43,1870.2248397076423,2052.6334932232526,-182.40865351561024,4.242061709665355,False,-78.11088393173486,1.8165321844589501,2
7954,2025,M,4,4,42,1747.5637580055093,2095.9706908719627,-348.4069328664534,8.295403163486986,False,-263.70519430956097,6.278695102608594,4
28259,2025,M,2,2,15,2160.6960532112753,2113.506490609093,47.18956260218238,-3.145970840145492,True,81.44000000000005,-5.429333333333337,2
27410,2025,M,2,2,28,2303.5758803856834,2122.7269593307715,180.8489210549119,-6.458890037675425,True,263.0699999999997,-9.395357142857133,2
26544,2025,M,3,3,43,2265.457337876571,2124.447715629424,141.00962224714704,-3.2792935406313264,True,269.2929630064982,-6.262627046662749,3
2645,2025,M,2,2,35,2284.562454060265,2150.1198081544,134.442645905865,-3.8412184544532857,True,214.23000000000002,-6.120857142857143,2
2598,2025,M,2,2,35,2011.7453737857068,2171.7138077172526,-159.96843393154586,4.5705266837584535,False,-127.47007096065863,3.6420020274473894,2
1612,2025,M,5,5+,43,2265.998625145154,2188.9909966811747,77.00762846397947,-1.790875080557662,True,204.9776278461777,-4.766921577818087,5
11528,2025,M,2,2,28,2533.914249536547,2239.0819141378893,294.8323353986575,-10.529726264237768,True,385.78999999999996,-13.778214285714284,2
27887,2025,M,3,3,35,2321.3777228034546,2273.9545822481437,47.423140555310965,-1.3549468730088847,True,86.16974614857827,-2.4619927471022365,3
7743,2025,M,2,2,14,2347.6250391658086,2322.3645296790073,25.26050948680131,-1.8043221062000936,True,27.159999999999854,-1.9399999999999895,2
25849,2025,M,3,3,28,2469.530975722997,2400.5147160287697,69.0162596942273,-2.464866417650975,True,156.49000000000024,-5.58892857142858,3
27885,2025,M,2,2,35,2096.5050670922415,2417.3542559918787,-320.8491888996373,9.16711968284678,False,-287.8096182324316,8.223131949498045,2
19539,2025,M,2,2,21,1616.233269179974,1605.5737555564303,10.659513623543717,-0.5075958868354151,True,21.460000000000036,-1.0219047619047636,2
19569,2025,M,2,2,21,1644.4058753026038,2163.0429168350965,-518.6370415324927,24.69700197773775,False,-519.74,24.74952380952381,2
27216,2025,M,4,4,29,1680.1939891147613,1665.0847128469113,15.109276267849964,-0.5210095264775849,True,17.3900000000001,-0.5996551724137965,4
27217,2025,M,3,3,29,1703.1434565627108,1708.8649110967515,-5.721454534040731,0.19729153565657695,False,-3.8900000000001,0.1341379310344862,3
2210,2025,M,2,2,22,1605.4695639975578,1666.9439602007076,-61.47439620314981,2.7942907365068095,False,-100.81303864280926,4.582410847400421,2
28071,2025,M,3,3,28,1955.1099081725445,1872.8637736015396,82.24613457100486,-2.937361948964459,True,123.00999999999999,-4.3932142857142855,3
5374,2025,M,3,3,28,1972.6063922022856,1731.8993946243654,240.70699757792022,-8.596678484925722,True,282.1999999999998,-10.078571428571422,3
18892,2025,M,3,3,35,1917.3991476378903,1937.6341570908037,-20.235009452913346,0.5781431272260956,False,-19.1099999999999,0.5459999999999972,3
25921,2025,M,3,3,28,2000.0729397573546,1930.7001742619316,69.37276549542298,-2.477598767693678,True,111.03999999999996,-3.9657142857142844,3
24654,2025,M,4,4,42,2177.8383899293194,1934.910448727808,242.92794120151143,-5.783998600035987,True,278.21000000000004,-6.62404761904762,4
2128,2025,M,2,2,28,2039.5622109753178,1907.0148861529492,132.54732482236864,-4.733833029370309,True,175.17999999999984,-6.2564285714285655,2
18578,2025,M,3,3,35,2045.7493818414882,2098.4935672218253,-52.74418538033706,1.5069767251524873,False,-17.009999999999764,0.48599999999999327,3
18878,2025,M,5,5+,42,1832.8945743102129,1790.0450808497862,42.84949346042663,-1.0202260347720626,True,72.16999999999985,-1.7183333333333297,5
27134,2025,M,3,3,42,2172.8396311845822,2038.0821270492006,134.75750413538162,-3.208512003223372,True,169.71000000000004,-4.040714285714286,3
18570,2025,M,3,3,42,2062.385722339688,2039.0199606979977,23.36576164169037,-0.556327658135485,True,56.30000000000018,-1.3404761904761948,3
28075,2025,M,2,2,7,2102.9991837982348,1950.4941551922873,152.50502860594747,-21.786432657992496,True,176.79999999999995,-25.25714285714285,2
1894,2025,M,5,5+,35,2004.1457549413205,1933.972615079011,70.17313986230965,-2.0049468532088475,True,71.55999999999995,-2.044571428571427,5
18583,2025,M,4,4,42,2026.098072905893,1937.6341570908037,88.46391581508942,-2.1062837098830816,True,120.97000000000003,-2.880238095238096,4
26774,2025,M,3,3,42,2168.9800787549534,2123.115703524709,45.864375230244605,-1.092008934053443,True,80.55000000000018,-1.9178571428571471,3
19642,2025,M,5,5+,35,2130.7758598555233,2361.754459328731,-230.97859947320785,6.5993885563773675,False,-230.21000000000004,6.577428571428572,5
19650,2025,M,2,2,28,2291.452933571091,1980.5350580464162,310.9178755246746,-11.10420984016695,True,359.1900000000003,-12.828214285714296,2
1900,2025,M,4,4,28,2308.949417600832,1906.5559462822612,402.39347131857085,-14.371195404234673,True,451.2399999999998,-16.11571428571428,4
27742,2025,M,4,4,35,2164.67683282468,2361.7943671435733,-197.11753431889338,5.6319295519683825,False,-196.25,5.607142857142857,4
27735,2025,M,5,5+,35,2073.9418757601725,1926.5397845646082,147.40209119556425,-4.211488319873264,True,149.01,-4.257428571428571,5
27736,2025,M,4,4,35,2111.8311984904067,1980.086095129439,131.74510336096773,-3.7641458103133636,True,133.33999999999992,-3.8097142857142834,4
27213,2025,M,2,2,8,1633.9385498039057,1705.6084334310754,-71.66988362716961,8.958735453396201,False,-68.90000000000009,8.612500000000011,2
11370,2025,M,2,2,8,1766.6207069506559,1711.8258361615867,54.79487078906914,-6.849358848633642,True,46.90000000000009,-5.862500000000011,2
27992,2025,M,2,2,7,1718.9175611510766,1665.4554431025185,53.46211804855807,-7.637445435508296,True,59.600000000000136,-8.514285714285734,2
27994,2025,M,2,2,21,1732.3238357887417,1705.3843951126191,26.939440676122558,-1.2828305083867886,True,38.87000000000012,-1.8509523809523867,2
19574,2025,M,3,3,22,1638.8635463737546,1761.3707641703495,-122.50721779659489,5.568509899845222,False,-164.41901311093102,7.473591505042319,3
4084,2025,M,2,2,8,1850.3130201544543,1783.3259675624681,66.98705259198618,-8.373381573998273,True,59.0,-7.375,2
27995,2025,M,3,3,21,1785.1717589980885,1706.029659311925,79.14209968616365,-3.76867141362684,True,92.6099999999999,-4.409999999999995,3
19536,2025,M,2,2,7,1786.3375220100595,1752.0497751248686,34.28774688519093,-4.8982495550272755,True,40.09999999999991,-5.728571428571415,2
27997,2025,M,2,2,7,1791.8748963169212,1723.7044988385876,68.1703974783336,-9.738628211190514,True,74.90000000000009,-10.700000000000014,2
27998,2025,M,2,2,7,1801.2010004126882,1847.021061651068,-45.82006123837982,6.5457230340542605,False,-42.100000000000136,6.014285714285734,2
19553,2025,M,2,2,7,1806.8355216372145,1849.7277190629668,-42.89219742575233,6.1274567751074756,False,-49.0,7.0,2
27999,2025,M,2,2,7,1823.253350722471,1771.823284011862,51.430066710609026,-7.347152387229861,True,57.799999999999955,-8.257142857142851,2
28000,2025,M,2,2,7,1827.3335212643692,1791.596792898855,35.73672836551418,-5.105246909359169,True,41.700000000000045,-5.9571428571428635,2
28001,2025,M,2,2,7,1829.8593411236393,1826.2734882868829,3.5858528367564304,-0.5122646909652043,True,8.699999999999818,-1.242857142857117,2
1639,2025,M,2,2,8,1918.5754786485672,1832.1908671475812,86.38461150098601,-10.798076437623251,True,78.59999999999991,-9.824999999999989,2
11372,2025,M,2,2,8,2038.3033386110606,1843.9456441849543,194.35769442610626,-24.294711803263283,True,189.0999999999999,-23.63749999999999,2
28002,2025,M,3,3,21,1847.7343739738596,1768.4149753084025,79.31939866545713,-3.777114222164625,True,93.20000000000005,-4.43809523809524,3
27220,2025,M,3,3,14,1828.5354404059747,1674.9158815925452,153.61955881342942,-10.972825629530673,True,126.60000000000014,-9.042857142857153,3
2786,2025,M,2,2,7,1871.34107496627,1850.5998207692671,20.741254197002945,-2.9630363138575637,True,16.5,-2.357142857142857,2
134,2025,M,3,3,29,1960.81923936362,2009.8248774252154,-49.00563806159539,1.6898495883308755,False,-109.23467824512204,3.7667130429352427,3
28005,2025,M,2,2,7,1885.815965698242,1817.9444568777997,67.87150882044239,-9.69592983149177,True,65.10000000000014,-9.30000000000002,2
27221,2025,M,3,3,29,1832.2464181209623,1887.69108487697,-55.44466675600779,1.9118850605519928,False,-54.59999999999991,1.882758620689652,3
28006,2025,M,3,3,21,1899.6108280065644,1858.5662053355961,41.04462267096824,-1.954505841474678,True,54.3900000000001,-2.5900000000000047,3
28007,2025,M,2,2,7,1914.0857187385361,1837.4752297745883,76.61048896394777,-10.944355566278253,True,83.89999999999986,-11.985714285714266,2
28008,2025,M,3,3,21,1946.5327892383925,1977.4707991530488,-30.938009914656277,1.4732385673645847,False,-18.930000000000064,0.9014285714285745,3
2788,2025,M,4,4,29,2125.2183429884008,2086.432458263023,38.785884725377855,-1.3374443008750985,True,42.11999999999989,-1.4524137931034444,4
28010,2025,M,2,2,7,2075.543895896504,1973.6630615472004,101.88083434930377,-14.554404907043395,True,99.70000000000005,-14.242857142857149,2
1652,2025,M,4,4,29,2192.504228399622,2090.9493076581603,101.55492074146196,-3.501893818671102,True,106.40000000000009,-3.6689655172413826,4
28011,2025,M,2,2,7,2140.1465961432245,2037.9376991806582,102.20889696256631,-14.60127099465233,True,110.80000000000018,-15.828571428571454,2
21474,2025,M,2,2,21,2183.2798275861473,2227.1880442842253,-43.90821669807792,2.0908674618132346,False,-30.65000000000009,1.4595238095238139,2
28013,2025,M,3,3,21,2215.5326042506754,1946.4687873955136,269.0638168551618,-12.812562707388658,True,289.67999999999984,-13.794285714285706,3
28014,2025,M,3,3,21,2222.818623075493,1981.928988166431,240.88963490906212,-11.470934995669625,True,260.90999999999985,-12.424285714285707,3
4081,2025,M,3,3,29,2478.444827070243,2103.737270880758,374.7075561894849,-12.920950213430514,True,386.1199999999999,-13.314482758620686,3
11354,2025,M,2,2,22,2086.5852858933285,2264.7860915064452,-178.2008056131167,8.100036618778033,False,-232.21524337909705,10.555238335413502,2
28016,2025,M,2,2,7,4071.427319308331,3334.044823186102,737.382496122229,-105.34035658888986,True,750.3000000000002,-107.18571428571431,2
28020,2025,F,2,2,7,1554.1041722620914,1540.4004690507506,13.70370321134078,-1.9576718873343972,True,-5.5,0.7857142857142857,2
28022,2025,F,2,2,21,1567.3821071425818,1604.0971241981044,-36.715017055522594,1.748334145501076,False,-34.25999999999999,1.631428571428571,2
26868,2025,F,3,3,29,1662.5021869077905,1566.703008411903,95.79917849588742,-3.303419948134049,True,43.12518408096048,-1.4870753131365684,3
19361,2025,F,4,4,29,1719.617018104118,1681.2858481404037,38.331169963714274,-1.3217644815073888,True,44.840000000000146,-1.546206896551729,4
28025,2025,F,2,2,7,1732.5752381557404,1746.1986660678608,-13.623427912120405,1.9462039874457722,False,-36.100000000000136,5.157142857142877,2
2207,2025,F,3,3,21,1750.3442392458082,1744.357546905423,5.9866923403851615,-0.28508058763738864,True,9.769999999999982,-0.4652380952380944,3
19517,2025,F,2,2,7,1898.4517922877478,1770.2821395627784,128.1696527249694,-18.309950389281344,True,104.40000000000009,-14.914285714285727,2
1621,2025,F,2,2,7,2553.2687720189856,2079.295031920566,473.9737400984195,-67.71053429977421,True,453.89999999999964,-64.84285714285708,2
1726,2025,F,4,4,35,1376.1873301426426,1344.495855103945,31.691475038697718,-0.9054707153913634,True,33.25371087904614,-0.9501060251156039,4
839,2025,F,3,3,35,1447.7879055204346,1425.4824889395172,22.30541658091738,-0.6372976165976395,True,23.923948041183394,-0.6835413726052398,3
18596,2025,F,4,4,35,1424.7300931106372,1382.4399438653938,42.290149245243356,-1.2082899784355245,True,43.92895641269865,-1.2551130403628186,4
27148,2025,F,6,5+,42,1384.0939192048897,1427.6974738737908,-43.6035546689011,1.0381798730690737,False,-25.580000000000155,0.6090476190476227,6
18822,2025,F,4,4,35,1434.4386457042358,1379.8557947754084,54.58285092882738,-1.5595100265379251,True,56.260005519429114,-1.607428729126546,4
27147,2025,F,5,5+,42,1372.5117905608868,1438.6526696297915,-66.14087906890472,1.574782834973922,False,-48.320000000000164,1.1504761904761944,5
1767,2025,F,5,5+,35,1457.4964581140334,1389.2545146316495,68.24194348238393,-1.949769813782398,True,69.97499714791388,-1.9992856327975395,5
7986,2024,F,5,5+,50,1303.7905854990238,1357.72098092423,-53.93039542520614,1.078607908504123,False,-38.67792723247885,0.773558544649577,5
28034,2025,F,2,2,28,1467.0667593363341,1435.290282589926,31.776476746408207,-1.1348741695145788,True,59.66000000000008,-2.1307142857142884,2
27145,2025,F,5,5+,42,1333.3334676477543,1384.425448378549,-51.0919807307946,1.2164757316855859,False,-33.75,0.8035714285714286,5
823,2025,F,4,4,42,1498.073489610541,1519.7989420191855,-21.725452408644514,0.5172726763962979,False,-2.160000000000082,0.05142857142857338,4
27637,2025,F,3,3,28,1478.1271323754308,1429.17220279725,48.95492957818078,-1.748390342077885,True,52.574726499716235,-1.877668803561294,3
27150,2025,F,3,3,42,1412.8325683402645,1446.0259753344221,-33.19340699415761,0.7903192141466098,False,-14.769999999999982,0.35166666666666624,3
18595,2025,F,3,3,35,1470.8457179302318,1432.027669646199,38.818048284032784,-1.109087093829508,True,40.49893966966829,-1.1571125619905225,3
27634,2025,F,2,2,7,1433.225076630036,1521.4134454551208,-88.18836882508481,12.598338403583544,False,-115.67762561891232,16.525375088416045,2
27636,2025,F,3,3,35,1470.8457179302318,1475.21987586453,-4.374157934298182,0.12497594097994806,False,-2.7910603303316748,0.07974458086661929,3
2083,2025,F,5,5+,35,1514.5342046014268,1455.6641530213956,58.87005158003126,-1.6820014737151787,True,60.643660649955564,-1.732676018570159,5
1742,2025,F,4,4,35,1492.6899612658292,1501.1212312220691,-8.43126995623993,0.24089342732114086,False,-6.833699840188046,0.1952485668625156,4
28036,2025,F,2,2,28,1534.828753560119,1491.034070102473,43.79468345764599,-1.564095837773071,True,72.99000000000001,-2.6067857142857145,2
28037,2025,F,2,2,28,1546.0897786117594,1474.711027974224,71.3787506375354,-2.549241094197693,True,100.85000000000014,-3.601785714285719,2
2087,2025,F,4,4,42,1452.168471234948,1543.864454007777,-91.69598277282921,2.183237685067362,False,-72.88999999999987,1.7354761904761875,4
27646,2025,F,2,2,7,1577.6397964598195,1629.7151298648116,-52.07533340499208,7.439333343570297,False,-81.37952015629617,11.625645736613738,2
27642,2025,F,2,2,7,1524.242757195026,1556.861193878546,-32.61843668352003,4.65977666907429,False,-60.55529024331395,8.65075574904485,2
27648,2025,F,4,4,35,1583.7076418308188,1501.4804179681678,82.22722386265104,-2.3493492532186013,True,84.12863553541024,-2.403675301011721,4
27647,2025,F,3,3,35,1581.2805036824193,1531.67205945966,49.60844422275932,-1.4173841206502662,True,51.43337325872744,-1.4695249502493555,3
1752,2025,F,5,5+,42,1518.982383412597,1498.706698095519,20.275685317078114,-0.48275441231138366,True,40.210000000000036,-0.9573809523809532,5
5065,2025,F,4,4,35,1594.6297634986176,1609.206509568842,-14.576746070224317,0.4164784591492662,False,-12.882684219517841,0.36807669198622406,4
3036,2025,F,4,4,35,1632.2504047988134,1584.6121948707166,47.638209928096785,-1.3610917122313366,True,49.51388106906256,-1.4146823162589304,4
27653,2025,F,5,5+,35,1618.901144982615,1557.3539118056947,61.54723317692037,-1.7584923764834393,True,63.4399385473082,-1.8125696727802343,5
27638,2025,F,5,5+,35,1493.9035303400292,1468.2755987732944,25.627931566734787,-0.7322266161924225,True,27.30393129815343,-0.7801123228043837,5
1756,2025,F,4,4,35,1641.9589573924122,1567.4211181060632,74.53783928634903,-2.129652551038544,True,76.48493017579312,-2.185283719308375,4
1751,2025,F,2,2,7,1603.1247470180167,1652.2371799680925,-49.1124329500758,7.0160618500108285,False,-78.80926625112875,11.258466607304106,2
18598,2025,F,2,2,7,1655.3082172086106,1656.0561362899534,-0.7479190813428431,0.1068455830489776,False,-30.35112730245237,4.335875328921767,2
28042,2025,F,4,4,28,1662.6169074069962,1609.7652445072174,52.85166289977883,-1.8875593892778153,True,84.49000000000001,-3.0175000000000005,4
23548,2025,F,3,3,28,1665.0649563312659,1591.8957038888227,73.16925244244317,-2.613187587230113,True,104.90000000000009,-3.7464285714285745,3
18832,2025,F,2,2,7,1612.8332996116158,1675.150917899257,-62.31761828764115,8.90251689823445,False,-92.4682171443983,13.209745306342613,2
28043,2025,F,2,2,21,1682.5929866290364,1621.5934305209482,60.9995561080882,-2.904740767051819,True,95.20000000000005,-4.533333333333336,2
18606,2025,F,2,2,14,1499.058364495235,1685.236879467248,-186.17851497201286,13.298465355143776,False,-198.92000000000007,14.208571428571434,2
27659,2025,F,2,2,7,1680.7931677668078,1693.2664799388524,-12.473312172044643,1.7819017388635205,False,-42.78087339728495,6.1115533424692785,2
27654,2025,F,2,2,7,1656.5217862828104,1718.8241107082279,-62.30232442541751,8.90033206077393,False,-93.2334961641111,13.3190708805873,2
28046,2025,F,3,3,28,1722.1534572452347,1542.4376844329977,179.715772812237,-6.418420457579892,True,212.76999999999998,-7.598928571428571,3
2096,2025,F,4,4,28,1730.9664333726055,1627.1159598256922,103.85047354691324,-3.70894548381833,True,136.9000000000001,-4.889285714285718,4
27661,2025,F,2,2,7,1705.064549250805,1747.2214782297563,-42.15692897895133,6.022418425564475,False,-73.52825063045861,10.504035804351231,2
2085,2025,F,3,3,14,1792.441522593195,2044.5207395838067,-252.0792169906117,18.005658356472264,False,-277.55880866988423,19.825629190706017,3
851,2025,F,5,5+,42,1634.390022401055,1654.7633618656541,-20.373339464599212,0.485079511061886,False,0.9800000000000182,-0.023333333333333768,5
5368,2025,F,5,5+,42,1499.5311044398882,1500.2631739952787,-0.7320695553905807,0.01743022750929954,False,18.899999999999864,-0.44999999999999674,5
845,2025,F,5,5+,42,1675.3608176043306,1628.9318483754118,46.42896922891873,-1.105451648307589,True,68.47000000000003,-1.630238095238096,5
27669,2025,F,2,2,7,1734.1902070316019,1774.052094439752,-39.861887408150096,5.694555344021443,False,-71.7051033102673,10.243586187181043,2
3047,2025,F,5,5+,42,1676.5525162148106,1649.3156962164953,27.23681999831524,-0.6484957142456009,True,49.25,-1.1726190476190477,5
27670,2025,F,3,3,35,1746.3258977736004,1688.636667504655,57.689230268945494,-1.6482637219698713,True,59.711208073145826,-1.706034516375595,3
18854,2025,F,5,5+,42,1672.770596657585,1680.7146042712627,-7.944007613677741,0.18914303842089858,False,13.940000000000055,-0.3319047619047632,5
27676,2025,F,4,4,35,1809.431489631993,1713.1312081066421,96.30028152535078,-2.7514366150100225,True,98.47802726689406,-2.813657921911259,4
19610,2025,F,5,5+,42,1650.6700042450486,1652.927518496707,-2.257514251658449,0.05375033932520117,False,19.34999999999991,-0.4607142857142835,5
18841,2025,F,4,4,35,1758.4615885155988,1676.6238663295867,81.83772218601212,-2.3382206338860603,True,83.92751945655891,-2.3979291273302548,4
27671,2025,F,3,3,14,1749.9666049962,2070.815876263425,-320.8492712672248,22.917805090516058,False,-346.87589851183,24.776849893702142,3
28048,2025,F,2,2,28,1851.6062843606155,1733.5350107669533,118.07127359366223,-4.216831199773651,True,153.44000000000005,-5.480000000000002,2
27672,2025,F,4,4,35,1764.529433886598,1765.3130603870466,-0.783626500448463,0.0223893285842418,False,1.1256751482656,-0.03216214709330286,4
1776,2025,F,3,3,28,1906.8342680921394,1624.6116300126173,282.2226380795221,-10.079379931411504,True,319.01,-11.393214285714285,3
27681,2025,F,2,2,7,1849.4792690805884,1948.5490217616948,-99.06975268110637,14.152821811586623,False,-134.23014516784292,19.17573502397756,2
28050,2025,F,2,2,28,1969.4063985964726,2045.428835295719,-76.02243669924633,2.715087024973083,False,-38.8599999999999,1.3878571428571393,2
27170,2025,F,5,5+,42,1790.7093640997066,1804.0353870983754,-13.326022998668805,0.3172862618730668,False,10.090000000000146,-0.2402380952380987,5
27685,2025,F,2,2,7,2018.1653703943696,2034.8182658529583,-16.652895458588773,2.378985065512682,False,-53.07941693840053,7.582773848342932,2
1796,2025,F,5,5+,35,1796.0822298157946,1701.3678421719198,94.71438764387472,-2.706125361253563,True,96.8740847451395,-2.7678309927182716,5
18839,2025,F,2,2,7,2049.7181663235656,2054.500579204086,-4.782412880520496,0.6832018400743566,False,-41.521007341526456,5.931572477360922,2
18844,2025,F,4,4,35,1800.9365061125939,1799.8249202413333,1.1115858712605586,-0.03175959632173025,True,3.06460929850482,-0.08756026567156629,4
23567,2025,F,2,2,28,2197.270792467494,2020.225898611149,177.0448938563452,-6.3230319234409,True,219.10000000000014,-7.825000000000005,2
27683,2025,F,2,2,7,1957.4869166843762,2197.270792467494,-239.783875783118,34.254839397588285,False,-279.8609738554662,39.98013912220946,2
1809,2025,M,4,4,35,1553.4622319395908,1554.1499873161813,-0.6877553765905304,0.019650153616872296,False,0.2599999999999909,-0.007428571428571169,4
18572,2025,M,2,2,7,1718.978747024297,1579.766340160217,139.2124068640801,-19.887486694868585,True,107.79999999999995,-15.399999999999993,2
27690,2025,M,4,4,35,1572.4068933047079,1571.3303016058474,1.0765916988605113,-0.030759762824586038,True,2.0399999999999636,-0.05828571428571325,4
22565,2025,M,4,4,35,1589.3573797892861,1564.5260191752132,24.83136061407299,-0.7094674461163711,True,25.8599999999999,-0.73885714285714,4
27109,2025,M,3,3,42,1610.494003517869,1530.584422651726,79.90958086614296,-1.9026090682414991,True,105.77000000000021,-2.5183333333333384,3
27694,2025,M,3,3,35,1600.3253416322484,1599.465311069761,0.8600305624875091,-0.024572301785357402,True,1.8399999999999181,-0.052571428571426236,3
23572,2025,M,4,4,35,1646.191363884637,1643.0246909702732,3.166672914363744,-0.09047636898182125,True,4.180000000000064,-0.11942857142857324,4
1827,2025,M,5,5+,35,1626.2496150792506,1592.5313282408886,33.71828683836202,-0.9633796239532005,True,34.789999999999964,-0.993999999999999,5
27112,2025,M,3,3,42,1640.9383102146928,1597.0907960866361,43.84751412805667,-1.043988431620397,True,70.11000000000013,-1.6692857142857174,3
1847,2025,M,4,4,35,1650.1797136457144,1682.9724136275458,-32.79269998183145,0.9369342851951842,False,-31.8599999999999,0.9102857142857115,4
18566,2025,M,3,3,42,1641.1838288170864,1626.4928786717967,14.690950145289662,-0.3497845272688015,True,40.8900000000001,-0.973571428571431,3
27117,2025,M,5,5+,42,1744.9007072122972,1613.3532306349264,131.54747657737084,-3.132082775651687,True,159.67000000000007,-3.8016666666666685,5
2111,2025,M,5,5+,35,1686.0748614954096,1601.3210244599336,84.75383703547595,-2.4215382010135986,True,85.98000000000002,-2.4565714285714293,5
5013,2025,M,3,3,42,1657.1327172285837,1615.2089440250995,41.92377320348419,-0.998185076273433,True,68.44000000000005,-1.629523809523811,3
18869,2025,M,5,5+,35,1671.1185498913699,1602.9073600999202,68.21118979144967,-1.948891136898562,True,69.3900000000001,-1.9825714285714315,5
885,2025,M,4,4,42,1673.2780205219958,1617.0945882764042,56.183432245591575,-1.3377007677521804,True,82.99000000000001,-1.9759523809523811,4
3543,2025,M,4,4,42,1756.7052416153879,1624.6172113742023,132.0880302411856,-3.1449531009806098,True,160.4000000000001,-3.819047619047621,4
25000,2025,M,4,4,42,1663.5947668435867,1583.801493744107,79.79327309947985,-1.899839835701901,True,106.5,-2.5357142857142856,4
28052,2025,M,3,3,28,1683.2790585261168,1592.0025496942262,91.27650883189062,-3.259875315424665,True,126.41999999999985,-4.514999999999994,3
27696,2025,M,3,3,14,1665.136025249754,1773.2932378673788,-108.15721261762474,7.725515186973196,False,-125.29999999999995,8.949999999999998,3
874,2025,M,4,4,42,1685.0727341809907,1620.3370982323515,64.73563594863913,-1.5413246654437889,True,91.75,-2.1845238095238093,4
1835,2025,M,4,4,28,1694.519816422319,1641.1889314875216,53.330884934797496,-1.9046744619570535,True,88.61999999999989,-3.164999999999996,4
2116,2025,M,5,5+,35,1686.0748614954096,1660.624037315785,25.450824179624533,-0.7271664051321295,True,26.539999999999964,-0.7582857142857132,5
23583,2025,M,4,4,42,1744.2820003342647,1634.0354556770158,110.24654465724893,-2.6249177299344986,True,138.30999999999995,-3.293095238095237,4
19626,2025,M,4,4,35,1713.9933098229503,1705.959314976786,8.033994846164433,-0.22954270989041237,True,9.099999999999909,-0.2599999999999974,4
27698,2025,M,5,5+,35,1731.940883747798,1750.1272890536454,-18.18640530584753,0.5196115801670723,False,-17.170000000000073,0.49057142857143066,5
18875,2025,M,2,2,28,1729.903767365148,1671.888018055061,58.01574931008713,-2.0719910467888263,True,94.04999999999995,-3.35892857142857,2
27116,2025,M,4,4,42,1728.5688097810653,1735.2915588859719,-6.7227491049065975,0.1600654548787285,False,20.819999999999936,-0.4957142857142842,4
18876,2025,M,2,2,28,1740.3625594946582,1706.557932199422,33.80462729523606,-1.2073081176870022,True,70.0,-2.5,2
27701,2025,M,3,3,35,1743.90593303103,1732.0290950226033,11.876838008426603,-0.33933822881218867,True,12.970000000000027,-0.37057142857142933,3
3204,2025,M,3,3,28,1747.2047599532161,1588.7400858308577,158.46467412235847,-5.659452647227089,True,195.08999999999992,-6.967499999999997,3
28056,2025,M,3,3,28,1750.8213516241685,1700.9109763992183,49.91037522495026,-1.7825134008910806,True,86.36000000000013,-3.084285714285719,3
28057,2025,M,4,4,28,1751.7010631116973,1657.1720113319147,94.52905177978255,-3.3760375635636626,True,131.0999999999999,-4.682142857142854,4
2114,2025,M,2,2,7,2624.3341427888336,1754.4379432951205,869.8961994937131,-124.27088564195901,True,837.0999999999999,-119.58571428571427,2
28059,2025,M,2,2,28,1767.340378445544,1690.2555898362896,77.08478860925447,-2.7530281646162313,True,113.93999999999983,-4.069285714285708,2
27709,2025,M,3,3,14,1770.8272939183014,1875.0306653170194,-104.20337139871799,7.443097957051285,False,-122.29999999999995,8.735714285714282,3
18559,2025,M,5,5+,42,1748.1219112757028,1671.6785020271382,76.44340924856465,-1.8200811725848727,True,104.49000000000001,-2.487857142857143,5
924,2025,M,3,3,42,1831.902679156542,1747.3736498295177,84.52902932702432,-2.0125959363577217,True,113.92999999999984,-2.712619047619044,3
1855,2025,M,3,3,35,1712.996222382681,1766.2500462499872,-53.25382386730621,1.5215378247801774,False,-52.32999999999993,1.495142857142855,3
18571,2025,M,3,3,42,1929.304819098186,1735.012204182075,194.292614916111,-4.626014640859786,True,225.5,-5.369047619047619,3
3055,2025,M,2,2,7,1792.7632176042262,1793.731723071411,-0.9685054671847411,0.13835792388353443,False,-37.09999999999991,5.299999999999987,2
23585,2025,M,3,3,35,1761.8535069558775,1766.3797466482251,-4.5262396923476444,0.12932113406707554,False,-3.4600000000000364,0.09885714285714389,3
18564,2025,M,5,5+,42,1770.464104093533,1744.6299875591008,25.83411653443227,-0.6150980127245779,True,54.11999999999989,-1.288571428571426,5
18565,2025,M,5,5+,42,1808.8435720197222,1908.7009913300417,-99.85741931031953,2.3775576026266556,False,-71.25,1.6964285714285714,5
2124,2025,M,3,3,28,1815.9200017013063,2362.323145690236,-546.4031439889295,19.514397999604626,False,-509.98000000000025,18.213571428571438,3
28065,2025,M,2,2,28,1833.4164857310477,1729.315363613318,104.1011221177298,-3.71789721849035,True,142.3900000000001,-5.085357142857147,2
27718,2025,M,4,4,35,1853.5855514606542,1822.4202956407078,31.165255819946424,-0.8904358805698979,True,32.36999999999989,-0.9248571428571397,4
23582,2025,M,2,2,28,1858.9281188693853,1772.6951583470398,86.23296052234559,-3.079748590083771,True,125.00999999999999,-4.464642857142857,2
28067,2025,M,2,2,28,1862.1537276569916,1830.3519738406408,31.80175381635081,-1.1357769220125289,True,70.51999999999998,-2.518571428571428,2
27715,2025,M,3,3,35,1824.6700156928441,1777.5838656652375,47.086150027606664,-1.3453185722173333,True,48.309999999999945,-1.3802857142857128,3
18567,2025,M,5,5+,42,1892.1136612075825,1817.0626714981115,75.05098970947097,-1.7869283264159754,True,105.3900000000001,-2.5092857142857166,5
27720,2025,M,2,2,7,1891.4748741908884,1881.99610898681,9.4787652040784,-1.3541093148683427,True,-28.40000000000009,4.05714285714287,2
28068,2025,M,2,2,28,1890.8909695829352,1746.3160927361932,144.57487684674197,-5.163388458812213,True,184.1500000000001,-6.576785714285718,2
3855,2025,M,3,3,14,1919.935829230841,1891.7706810704642,28.165148160376702,-2.0117962971697643,True,19.579999999999927,-1.3985714285714235,3
3547,2025,M,3,3,14,1783.8694197842312,1900.37230450408,-116.50288471984868,8.321634622846334,False,-127.76999999999998,9.126428571428571,3
27706,2025,M,4,4,35,1762.8505943961468,1659.376918101959,103.47367629418773,-2.9563907512625063,True,104.78999999999996,-2.993999999999999,4
27713,2025,M,3,3,35,1790.7690427236873,1798.0865055405359,-7.317462816848547,0.20907036619567276,False,-6.240000000000009,0.17828571428571455,3
918,2025,M,4,4,42,1639.2098592538407,1647.40457364923,-8.194714395389383,0.19511224750927103,False,17.920000000000073,-0.4266666666666684,4
882,2025,M,5,5+,42,1648.9422166527283,1658.1796836566862,-9.237467003957818,0.21993969057042423,False,17.029999999999973,-0.4054761904761898,5
24451,2025,M,2,2,21,1833.7097228935572,1891.2522140282601,-57.542491134702914,2.7401186254620433,False,-16.700000000000045,0.7952380952380974,2
880,2025,M,3,3,14,1709.418358794354,1650.5342420458746,58.8841167484793,-4.206008339177093,True,52.01999999999998,-3.7157142857142844,3
27677,2025,F,3,3,35,1823.9943185223915,1751.594122168011,72.40019635438057,-2.0685770386965876,True,74.5396009269898,-2.1297028836282803,3
5733,2025,M,3,3,28,1858.3416445443663,1745.917014587769,112.4246299565973,-4.015165355592761,True,151.25,-5.401785714285714,3
28070,2025,M,2,2,28,1920.6056687172445,1809.5300714466027,111.07559727064177,-3.9669856168086346,True,151.19000000000005,-5.399642857142859,2
2123,2025,M,3,3,28,1925.4929547590718,1723.9677164244324,201.52523833463943,-7.197329940522836,True,241.95000000000005,-8.641071428571431,3
5002,2025,M,4,4,28,1834.6408900955373,1915.9333202186222,-81.29243012308484,2.9033010758244586,False,-77.40000000000009,2.7642857142857173,4
18577,2025,M,5,5+,42,1817.6626002177052,1767.167925991363,50.49467422634211,-1.2022541482462408,True,79.58999999999992,-1.894999999999998,5
18901,2025,M,5,5+,42,1953.7584718966023,1876.6550160115703,77.10345588503196,-1.8357965686912372,True,108.43000000000006,-2.5816666666666683,5
18895,2025,M,2,2,7,1964.262257330548,1965.9596831854008,-1.6974258548527814,0.24248940783611164,False,-41.299999999999955,5.899999999999993,2
28072,2025,M,2,2,28,1969.0875462521701,1904.2612469288215,64.82629932334862,-2.315224975833879,True,105.83999999999992,-3.779999999999997,2
27734,2025,M,2,2,7,2072.9447883199036,1984.8246073068535,88.12018101305011,-12.588597287578589,True,48.40000000000009,-6.914285714285727,2
5038,2025,M,3,3,14,2049.5696512947347,2001.9301084532487,47.63954284148599,-3.4028244886775707,True,38.88000000000011,-2.777142857142865,3
27733,2025,M,2,2,7,2048.0176023131708,2035.3591449793469,12.65845733382389,-1.8083510476891271,True,-28.300000000000182,4.0428571428571685,2
5006,2025,M,4,4,35,2093.883624565559,1899.5321708699937,194.35145369556517,-5.552898677016148,True,196.07999999999993,-5.6022857142857125,4
2141,2025,M,3,3,35,1986.1981810164732,2361.3653581340172,-375.16717711754404,10.719062203358401,False,-374.82000000000016,10.709142857142862,3
27724,2025,M,3,3,28,1939.3350713238153,2027.2481068423597,-87.91303551854435,3.139751268519441,False,-83.79999999999995,2.992857142857141,3
1849,2025,M,3,3,35,2017.1078916648216,1950.0255335993784,67.08235806544326,-1.9166388018698075,True,68.47000000000003,-1.956285714285715,3
19657,2025,M,4,4,35,2104.8515864085216,2361.40526594886,-256.5536795403382,7.330105129723948,False,-255.86000000000013,7.310285714285718,4
27738,2025,M,4,4,28,2121.8020728930996,2137.263887877131,-15.461814984031207,0.5522076780011146,False,-10.900000000000091,0.3892857142857175,4
27729,2025,M,5,5+,35,1991.1836182178197,2183.8454207611767,-192.661802543357,5.5046229298102,False,-191.88999999999987,5.482571428571425,5
27137,2025,M,3,3,42,2227.2465534750354,2189.183090996352,38.063462478683505,-0.9062729161591311,True,73.66000000000031,-1.7538095238095313,3
28077,2025,M,2,2,28,2192.632009805345,2484.3313126172557,-291.69930281191046,10.417832243282517,False,-246.87000000000035,8.816785714285727,2
964,2025,M,3,3,42,2290.9831826564496,2007.183501407449,283.7996812490005,-6.757135267833346,True,320.98000000000025,-7.642380952380958,3
2142,2025,M,5,5+,42,2289.0190338373,1914.6771866026957,374.3418472346043,-8.912901124633436,True,411.7000000000003,-9.80238095238096,5
27138,2025,M,3,3,42,2267.413396826651,2178.956713442979,88.45668338367204,-2.1061115091350486,True,124.8100000000004,-2.971666666666676,3
2119,2025,M,3,3,28,2255.4117898891877,2321.7226815103622,-66.3108916211745,2.368246129327661,False,-61.5,2.1964285714285716,3
7780,2025,M,4,4,28,2220.513729479762,2371.7843584389907,-151.27062895922882,5.402522462829601,False,-146.5999999999999,5.235714285714282,4
25780,2025,M,4,4,42,1958.973287011445,1858.8361766844255,100.13711032701963,-2.3842169125480863,True,131.5999999999999,-3.133333333333331,4
25778,2025,M,4,4,28,1866.5476881841553,2135.665111767634,-269.1174235834785,9.611336556552804,False,-265.3000000000002,9.475000000000007,4
2121,2025,M,3,3,42,1864.37005913709,1731.4703856148094,132.89967352228064,-3.1642779410066817,True,162.93000000000006,-3.879285714285716,3
25804,2025,M,2,2,28,2691.7216603967368,2096.676776191599,595.0448842051378,-21.25160300732635,True,652.2800000000002,-23.295714285714293,2
28080,2025,F,2,2,7,1624.3511391220452,1569.5608791886825,54.79025993336268,-7.827179990480382,True,71.7659522177039,-10.252278888243413,2
26832,2025,F,2,2,29,1776.5676900378414,2186.264345977649,-409.69665593980767,14.127470894476126,False,-427.51029267163403,14.741734230056347,2
22553,2024,F,2,2,7,1505.2718589951878,1454.9578718546375,50.31398714055035,-7.187712448650051,True,43.69999999999982,-6.242857142857117,2
3240,2024,F,2,2,7,1507.2674467706024,1492.4020057674777,14.865441003124715,-2.1236344290178164,True,8.0,-1.1428571428571428,2
22554,2024,F,2,2,7,1547.3787610564345,1482.9664813066825,64.41227974975209,-9.201754249964583,True,57.700000000000045,-8.242857142857149,2
3250,2024,F,2,2,7,1722.5913677378314,1597.086666627249,125.50470111058235,-17.92924301579748,True,118.40000000000009,-16.91428571428573,2
22557,2024,F,2,2,7,1770.8845919028633,1694.3222292284977,76.56236267436566,-10.937480382052238,True,68.89999999999986,-9.842857142857124,2
22558,2024,F,2,2,7,1873.2582447816292,1797.020463885996,76.23778089563325,-10.891111556519036,True,68.10000000000014,-9.728571428571447,2
2953,2024,M,2,2,7,1573.2668341803942,1586.1814142687272,-12.914580088332968,1.8449400126189954,False,-17.5,2.5,2
22515,2024,M,2,2,7,1626.691001510544,1567.063596846279,59.627404664264986,-8.518200666323569,True,55.200000000000045,-7.885714285714292,2
22516,2024,M,2,2,7,1647.8609519292204,1665.5402709650346,-17.67931903581416,2.5256170051163087,False,-22.5,3.2142857142857144,2
22517,2024,M,2,2,7,1649.558542292982,1608.883822457884,40.67471983509813,-5.810674262156875,True,36.100000000000136,-5.157142857142877,2
2962,2024,M,2,2,7,1661.3418165826226,1646.2233096111026,15.118506971519992,-2.1597867102171415,True,10.400000000000091,-1.4857142857142986,2
3265,2024,M,2,2,7,1666.7341624439832,1608.5851065606585,58.14905588332476,-8.30700798333211,True,53.59999999999991,-7.657142857142844,2
22518,2024,M,2,2,7,1674.822681236025,1674.3026039503231,0.5200772857017455,-0.07429675510024936,True,-4.2999999999999545,0.6142857142857078,2
2967,2024,M,2,2,7,1701.8842687995214,1699.8925991459957,1.991669653525605,-0.2845242362179436,True,-2.900000000000091,0.4142857142857273,2
22519,2024,M,2,2,7,1704.0811504467424,1666.137702759486,37.943447687256366,-5.42049252675091,True,33.200000000000045,-4.742857142857149,2
2972,2024,M,2,2,7,1726.0499669189535,1757.0469074818554,-30.996940562901955,4.428134366128851,False,-36.09999999999991,5.157142857142844,2
2949,2024,M,2,2,7,1798.4472030205586,1869.4636568044791,-71.0164537839205,10.145207683417214,False,-76.5,10.928571428571429,2
4057,2024,M,2,2,7,1813.2262250109552,1876.5332663721551,-63.307041361199936,9.04386305159999,False,-68.79999999999995,9.828571428571422,2
2973,2024,M,2,2,7,1850.4733547570222,1778.9527399450772,71.52061481194505,-10.217230687420722,True,66.5,-9.5,2
5137,2024,M,2,2,7,1554.7930566923983,1563.777721976796,-8.984665284397806,1.2835236120568294,False,-13.5,1.9285714285714286,2
6344,2024,M,2,2,7,1620.59964785234,1591.3591564873068,29.240491365033222,-4.177213052147603,True,24.700000000000045,-3.528571428571435,2
3268,2024,M,2,2,7,1650.956557886668,1637.1622607285885,13.794297158079416,-1.970613879725631,True,9.099999999999909,-1.299999999999987,2
5138,2024,M,2,2,7,1652.0549987102788,1606.494095280078,45.560903430200824,-6.508700490028689,True,41.0,-5.857142857142857,2
3276,2024,M,2,2,7,1656.6484785181049,1623.7200453534297,32.9284331646752,-4.7040618806678856,True,28.299999999999955,-4.0428571428571365,2
3277,2024,M,2,2,7,1712.868677035627,1696.4075803450285,16.461096690598424,-2.351585241514061,True,11.599999999999909,-1.6571428571428442,2
22523,2024,M,2,2,7,1750.4153815517695,1711.9408070007673,38.474574551002206,-5.496367793000315,True,33.600000000000136,-4.800000000000019,2
22524,2024,M,2,2,7,1767.3912851893874,1708.2566442683167,59.13464092107074,-8.447805845867249,True,54.30000000000018,-7.757142857142883,2
3285,2024,M,2,2,7,1840.1879543177597,1711.4429471720578,128.74500714570195,-18.39214387795742,True,124.0,-17.714285714285715,2
4065,2024,M,2,2,7,1921.1730004948654,1853.0342824570628,68.13871803780262,-9.734102576828946,True,62.90000000000009,-8.985714285714298,2
22525,2024,M,2,2,7,1926.4654880995345,1869.9615166331887,56.503971466345774,-8.071995923763682,True,51.200000000000045,-7.314285714285721,2
22527,2024,M,2,2,7,1522.6386980376165,1656.47922208252,-133.84052404490353,19.120074863557647,False,-138.79999999999995,19.828571428571422,2
89,2024,M,2,2,7,1550.2994351412644,1578.9126607695673,-28.61322562830287,4.087603661186124,False,-33.200000000000045,4.742857142857149,2
22528,2024,M,2,2,7,1588.645005710942,1673.5060282243878,-84.86102251344573,12.123003216206532,False,-89.79999999999995,12.828571428571422,2
2965,2024,M,2,2,7,1760.3013489642647,1697.9011598311574,62.40018913310723,-8.914312733301033,True,57.59999999999991,-8.228571428571415,2
4638,2024,M,2,2,7,1925.1673307625401,1890.5729135417653,34.59441722077486,-4.942059602967837,True,29.200000000000045,-4.171428571428578,2
22543,2024,F,2,2,7,1581.0044150721699,1605.1316927464534,-24.127277674283505,3.4467539534690723,False,-31.59999999999991,4.514285714285701,2
2940,2024,F,2,2,7,1761.7048881359563,1705.644858581452,56.060029554504354,-8.008575650643479,True,48.299999999999955,-6.899999999999993,2
2924,2024,F,2,2,7,1438.020550963718,1400.6291152224792,37.391435741238865,-5.341633677319838,True,31.0,-4.428571428571429,2
22546,2024,F,2,2,7,1444.2068730675032,1497.0701073428188,-52.86323427531556,7.551890610759366,False,-59.899999999999864,8.557142857142837,2
2926,2024,F,2,2,7,1518.8418558680069,1439.4637474769106,79.37810839109625,-11.339729770156607,True,72.90000000000009,-10.414285714285727,2
22549,2024,F,2,2,7,1567.9333151432045,1555.3717163795225,12.561598763682014,-1.7945141090974306,True,5.400000000000091,-0.7714285714285845,2
2931,2024,F,2,2,7,1692.6575511066135,1602.2513747531582,90.4061763534553,-12.915168050493614,True,83.20000000000005,-11.885714285714291,2
3256,2024,F,2,2,7,1808.3018626918858,1750.6374120629287,57.664450628957184,-8.237778661279597,True,49.700000000000045,-7.100000000000007,2
22552,2024,F,2,2,7,1447.200254730625,1421.5859116564561,25.6143430741688,-3.6591918677384,True,19.100000000000136,-2.728571428571448,2
3243,2024,F,2,2,7,1541.9906740628155,1551.5975065952043,-9.606832532388808,1.3724046474841154,False,-16.799999999999955,2.3999999999999937,2
26863,2025,M,2,2,49,1629.19356959569,1566.4615840121583,62.731985583531696,-1.2802446037455448,True,84.25971357198569,-1.719585991265014,2
23725,2025,M,2,2,49,1878.2482543045785,1958.395390049645,-80.14713574506641,1.6356558315319676,False,-60.878259259525066,1.2424134542760217,2
26864,2025,M,2,2,49,2014.993373644742,2035.3155353409013,-20.322161696159355,0.41473799379917053,False,2.7395707518535346,-0.05590960718068438,2
23714,2025,F,2,2,49,1355.6467844616525,1375.2423544754924,-19.59557001383996,0.39990959211918287,False,-1.2581231074577772,0.025675981784852597,2
26856,2025,F,2,2,49,1559.806982581037,1546.6363759350763,13.17060664596056,-0.268787890733889,True,35.752588378954215,-0.729644660794984,2
26861,2025,F,2,2,49,1767.1968335520273,1573.5298079057386,193.66702564628872,-3.9523882784956883,True,226.67266705272186,-4.625972796994324,2
23716,2025,F,2,2,49,1635.81916933848,1595.8433873058884,39.975782032591496,-0.8158322863794183,True,64.74448039564686,-1.3213159264417726,2
26857,2025,F,2,2,49,1652.313467830611,1692.2603254884632,-39.946857657852206,0.815241993017392,False,-18.263394326072557,0.37272233318515424,2
26860,2025,F,2,2,49,1722.0970383742424,1760.7276812124164,-38.630642838174026,0.7883804660851842,False,-15.906710456423298,0.3246267440086387,2
28775,2025,F,2,2,7,1467.884759586454,1356.8823537282497,111.00240585820438,-15.857486551172055,True,86.21604625464443,-12.316578036377775,2
28356,2025,F,4,4,20,1506.592228614069,1515.9644440695524,-9.372215455483456,0.4686107727741728,False,-8.880390131078002,0.4440195065539001,4
28358,2025,F,2,2,14,1658.8503433727026,1550.932489025846,107.91785434685653,-7.708418167632609,True,83.4458439584248,-5.960417425601771,2
28779,2025,F,3,3,13,1608.7239921026066,1632.6146026875067,-23.89061058490006,1.837739275761543,False,-27.228741697763553,2.0945185921356577,3
28359,2025,F,3,3,20,1670.3575199057736,1728.2175777636617,-57.86005785788802,2.893002892894401,False,-57.54666022733295,2.8773330113666473,3
5619,2025,M,3,3,14,1556.809109160479,1483.8407776633815,72.96833149709755,-5.212023678364111,True,48.13999999999987,-3.4385714285714193,3
22591,2025,M,3,3,20,1643.0971266798642,1675.733385663895,-32.636258984030746,1.6318129492015374,False,-32.289999999999964,1.6144999999999983,3
28362,2025,M,2,2,14,1660.3049390599563,1584.8069763019073,75.49796275804897,-5.392711625574926,True,48.97000000000003,-3.497857142857145,2
22595,2025,M,3,3,14,1993.4673065300713,1769.8953520796126,223.57195445045863,-15.969425317889902,True,194.52999999999997,-13.894999999999998,3
2291,2025,F,3,3,14,1362.8130860376978,1298.4323382021826,64.3807478355152,-4.5986248453939425,True,43.75679374780839,-3.1254852677005993,3
23925,2025,F,2,2,7,1738.6360427856096,1585.3954797547835,153.24056303082602,-21.89150900440372,True,124.34779010475677,-17.763970014965253,2
28784,2025,M,2,2,7,1630.3770448042687,1537.8983350333779,92.47870977089087,-13.211244252984411,True,64.93194377242366,-9.275991967489094,2
28349,2025,M,2,2,14,1648.623941419998,1585.1007673745703,63.523174045427595,-4.5373695746733995,True,36.940000000000055,-2.6385714285714323,2
28786,2025,M,2,2,7,1617.2816468540334,1588.9200513191897,28.361595534843673,-4.051656504977667,True,-0.3032525630976579,0.04332179472823684,2
28787,2025,M,2,2,7,1830.0818635453536,1716.2295161398338,113.85234740551982,-16.264621057931404,True,83.14368788912634,-11.87766969844662,2
27526,2025,F,2,2,28,1568.0371716274778,1564.1839714109267,3.8532002165511585,-0.13761429344825565,True,-8.5,0.30357142857142855,2
27539,2025,F,2,2,28,1727.9519950197912,1731.40645493616,-3.4544599163687053,0.12337356844173948,False,-17.200000000000045,0.6142857142857159,2
22375,2025,F,2,2,28,1941.3699191753317,2214.198704549576,-272.8287853742445,9.743885191937304,False,-292.9000000000001,10.460714285714289,2
3787,2025,M,3,3,35,1601.462907583836,1646.3830919697555,-44.920184385919356,1.2834338395976959,False,-32.0,0.9142857142857143,3
1284,2025,M,3,3,35,2003.5348438032354,1909.2300322176072,94.30481158562816,-2.6944231881608047,True,110.89999999999986,-3.1685714285714246,3
27518,2025,M,2,2,28,2577.0189978499952,1933.0201614979048,643.9988363520904,-22.999958441146084,True,629.4000000000001,-22.47857142857143,2
4397,2025,M,2,2,28,1784.2498542341316,1997.5846000904462,-213.3347458563146,7.61909806629695,False,-238.0999999999999,8.503571428571425,2
3869,2025,F,5,5+,49,1488.4502289570494,1534.4932692349282,-46.043040277878845,0.9396538832220173,False,-46.857777686041345,0.9562811772661499,5
1116,2025,F,2,2,21,1767.1620769134734,1830.9928016798763,-63.83072476640291,3.0395583222096625,False,-50.200000000000045,2.3904761904761926,2
28355,2025,F,4,4,20,1505.2598186997134,1492.9667886723428,12.293030027370605,-0.6146515013685303,True,12.890215616746673,-0.6445107808373336,4
22600,2025,F,3,3,20,1539.0545792547323,1572.5380792634674,-33.483500008735064,1.6741750004367533,False,-33.09787562353108,1.654893781176554,3
28778,2025,F,2,2,7,1601.43920421384,1526.8475580050547,74.59164620878528,-10.655949458397897,True,46.55547147218863,-6.65078163888409,2
28357,2025,F,4,4,20,1556.13365179329,1620.951577103115,-64.81792530982489,3.2408962654912443,False,-64.57927657291816,3.228963828645908,4
2302,2025,M,4,4,20,1556.590028215825,1666.2205496121735,-109.63052139634851,5.481526069817425,False,-109.61000000000013,5.480500000000006,4
22588,2025,M,4,4,20,1594.4113658429021,1635.3312254274733,-40.91985958457121,2.0459929792285605,False,-40.62000000000012,2.031000000000006,4
22592,2025,M,2,2,14,1611.8083844933772,1564.1436708579413,47.664713635435874,-3.404622402531134,True,21.36999999999989,-1.5264285714285637,2
28364,2025,M,3,3,20,1718.7198854845046,1771.768204904364,-53.048319419859354,2.6524159709929678,False,-52.75999999999999,2.6379999999999995,3
23922,2025,F,3,3,14,1329.987350874938,1280.7113117194049,49.276039155533226,-3.5197170825380875,True,28.85898989875909,-2.061356421339935,3
28348,2025,F,2,2,14,1556.860420837484,1433.0533957370942,123.80702510038986,-8.843358935742133,True,101.32130211008644,-7.237235865006174,2
28783,2025,F,2,2,7,1541.9467697889133,1509.5181564169243,32.42861337198906,-4.632659053141294,True,4.591545693464468,-0.6559350990663526,2
2303,2025,M,3,3,14,1580.6789739030025,1571.488447674517,9.190526228485624,-0.6564661591775446,True,-17.3900000000001,1.2421428571428643,3
25504,2025,M,2,2,14,1647.448870898672,1605.666142460982,41.78272843769014,-2.9844806026921527,True,14.759999999999991,-1.0542857142857136,2
2316,2025,M,3,3,14,1856.860379313577,1801.526857569665,55.33352174391189,-3.9523944102794206,True,25.050000000000182,-1.7892857142857272,3
27522,2025,F,3,3,35,1519.388981859432,1496.9770335814728,22.411948277959254,-0.6403413793702644,True,31.90000000000009,-0.911428571428574,3
27537,2025,F,2,2,28,1721.511806964958,1758.6378646577882,-37.12605769283027,1.3259306318867954,False,-51.40000000000009,1.835714285714289,2
27543,2025,F,2,2,28,1763.7198086781707,1825.4875347325435,-61.767726054372815,2.2059902162276006,False,-76.80000000000018,2.7428571428571495,2
11364,2025,F,3,3,35,1853.5852019971474,1818.6835391333782,34.90166286376916,-0.9971903675362618,True,46.5,-1.3285714285714285,3
27509,2025,M,2,2,28,2041.1209042616297,1647.1757833654717,393.94512089615796,-14.069468603434213,True,379.79999999999995,-13.564285714285713,2
27512,2025,M,2,2,28,2190.179307184787,2152.83272743342,37.34657975136679,-1.333806419691671,True,13.600000000000364,-0.4857142857142987,2
11303,2025,M,2,2,27,1639.2560610300834,1637.6,1.6560610300834924,-0.06133559370679601,True,32.40000000000009,-1.2000000000000033,2
27291,2025,F,3,3,41,1928.982993258553,1937.3,-8.317006741446903,0.2028538229621196,False,-0.29238512664323935,0.0071313445522741305,3
28354,2025,F,4,4,20,1504.7753060035839,1497.4946697652592,7.280636238324632,-0.36403181191623163,True,7.853163161410066,-0.3926581580705033,4
1198,2023,M,3,3,35,1634.4809424808227,1757.5536939920453,-123.07275151122258,3.516364328892074,False,-109.5,3.1285714285714286,3
9,2025,M,2,2,14,1577.4097975009024,1566.5554715047524,10.85432599615001,-0.7753089997250007,True,42.299999999999955,-3.0214285714285682,2
19,2025,M,4,4,57,1651.3742528316418,1662.103383127864,-10.729130296222138,0.1882303560740726,False,-1.1773449572119716,0.020655174687929326,4
2947,2024,M,2,2,7,1531.3263663698092,1545.0581924173157,-13.731826047506502,1.9616894353580716,False,-18.200000000000045,2.6000000000000063,2
23486,2024,M,2,2,7,1497.0749843244982,1517.6759018382886,-20.600917513790364,2.9429882162557663,False,-25.0,3.5714285714285716,2
2917,2025,M,2,2,14,1811.6554784545767,1826.951228742718,-15.295750288141335,1.0925535920100953,False,16.799999999999955,-1.1999999999999968,2
5726,2025,M,2,2,14,1976.8128636671383,1879.4989233928318,97.31394027430656,-6.95099573387904,True,133.10000000000014,-9.507142857142867,2
28379,2025,M,2,2,14,2058.3178380480417,1886.4523045374594,171.86553351058228,-12.276109536470162,True,209.5999999999999,-14.971428571428564,2
5559,2025,M,2,2,14,2233.1386872889984,2211.175203991567,21.963483297431594,-1.568820235530828,True,61.80000000000018,-4.414285714285727,2
28381,2025,M,2,2,14,2176.231621344008,2252.8954908593323,-76.66386951532422,5.475990679666016,False,-38.5,2.75,2
3504,2025,F,2,2,14,1569.054436627711,1488.9551141791178,80.09932244859328,-5.7213801748995206,True,107.00075229552476,-7.642910878251769,2
24364,2025,F,2,2,14,1721.2454791032576,1621.430463472543,99.8150156307147,-7.129643973622478,True,129.39190576098508,-9.242278982927505,2
28383,2025,F,2,2,14,1771.0303381135745,1710.1913693519582,60.83896876161634,-4.345640625829739,True,91.03954332056719,-6.502824522897656,2
24365,2025,F,2,2,14,1852.6031719340153,1771.5853383572294,81.01783357678596,-5.786988112627569,True,112.70564460666264,-8.05040318619019,2
25294,2025,F,2,2,14,1822.7713801891298,2147.214710851018,-324.44333066188824,23.174523618706303,False,-295.5035345068118,21.107395321915128,2
4878,2025,M,2,2,8,1872.453743052624,1703.7290386515667,168.72470440105735,-21.09058805013217,True,203.89999999999986,-25.487499999999983,2
5708,2023,M,3,3,35,1735.9960297378407,1689.7673288559704,46.22870088187028,-1.3208200251962938,True,64.80000000000018,-1.8514285714285765,3
1993,2025,M,3,3,43,1520.3607836654821,1514.0621893146783,6.298594350803796,-0.14647893839078596,True,16.40000000000009,-0.38139534883721143,3
26627,2025,M,3,3,35,1539.0502650858186,1541.583344549235,-2.5330794634164704,0.0723736989547563,False,10.0,-0.2857142857142857,3
26906,2025,M,2,2,42,1769.3235460510323,1839.4624743440404,-70.13892829300812,1.66997448316686,False,-100.66575681167615,2.396803733611337,2
2200,2025,M,4,4,42,1825.6038911909554,1842.796339373785,-17.192448182829594,0.40934400435308554,False,-47.430222614739705,1.1292910146366597,4
1647,2025,M,2,2,29,1935.7631649074572,1882.1867857222899,53.5763791851673,-1.8474613512126654,True,57.02999999999997,-1.96655172413793,2
28374,2025,M,2,2,14,1897.449233399711,1901.3296236350154,-3.880390235304503,0.2771707310931788,False,20.65000000000009,-1.4750000000000065,2
27757,2025,M,2,2,28,1995.8605531190926,1912.885718840757,82.97483427833572,-2.96338693851199,True,85.75999999999999,-3.0628571428571427,2
8095,2025,M,3,3,42,1805.2124617924328,1917.1092663271195,-111.89680453468668,2.664209631778254,False,-143.963966888992,3.4277134973569523,3
25546,2025,M,2,2,28,2041.6152504975944,1954.5345898868306,87.08066061076374,-3.110023593241562,True,89.98000000000002,-3.2135714285714294,2
26911,2025,M,3,3,42,2093.465707769952,2006.7129994579327,86.75270831201942,-2.0655406740957005,True,54.509682171838904,-1.297849575519974,3
27758,2025,M,2,2,28,2043.8726907142614,2135.648518555496,-91.77582784123479,3.2777081371869565,False,-92.96000000000004,3.320000000000001,2
28369,2025,M,2,2,14,2789.889485437308,2667.55153011926,122.33795531804799,-8.73842537986057,True,161.33000000000038,-11.523571428571456,2
28256,2025,F,2,2,15,1413.585331982105,1435.5146031621473,-21.929271180042406,1.461951412002827,False,11.360000000000127,-0.7573333333333419,2
8120,2025,F,2,2,14,1533.7329408074313,1546.0148106308761,-12.281869823444822,0.8772764159603444,False,15.309999999999945,-1.0935714285714246,2
26898,2025,F,4,4,42,1560.2284074595134,1553.26409383002,6.96431362949329,-0.16581699117841167,True,-17.68641022271413,0.4211050053027174,4
3364,2025,F,4,4,42,1591.3264918954594,1570.2280035025099,21.098488392949548,-0.502344961736894,True,-3.733289967342671,0.08888785636530169,4
2188,2025,F,3,3,28,1627.8113996215964,1613.2247641775932,14.58663544400315,-0.5209512658572554,True,11.309999999999945,-0.40392857142856947,3
28413,2025,F,2,2,14,1625.4924748683607,1652.2006673697501,-26.708192501389476,1.907728035813534,False,0.7699999999999818,-0.0549999999999987,2
26901,2025,F,4,4,42,1649.0455046423333,1691.5581117829151,-42.51260714058185,1.0122049319186155,False,-69.672284668462,1.6588639206776665,4
3460,2025,F,3,3,43,1704.3430783328488,1712.3374336654808,-7.99435533263204,0.18591524029376838,False,-33.45227125013548,0.7779597965147786,3
27617,2025,F,2,2,28,1745.8554233007148,1739.0159698113173,6.839453489397556,-0.2442661960499127,True,3.130000000000109,-0.11178571428571818,2
8135,2025,F,4,4,42,1763.152483720534,1762.5834775397075,0.5690061808265909,-0.013547766210156928,True,-27.449668322876505,0.6535635314970596,4
18805,2025,M,2,2,28,1924.9319769607912,1985.0673185903256,-60.13534162953442,2.1476907724833723,False,-60.65000000000009,2.1660714285714318,2
26899,2025,F,2,2,42,1630.7738674834698,1669.252625016319,-38.47875753284916,0.9161608936392657,False,-65.25851485741578,1.5537741632718043,2
24987,2025,M,4,4,42,1891.6721224421697,1945.5008910965557,-53.82876865438607,1.281637348913954,False,-85.98329116616219,2.047221218241957,4
27621,2025,F,2,2,28,1821.3486942582906,1816.7623309227815,4.586363335509077,-0.1637986905538956,True,0.6600000000000819,-0.023571428571431494,2
4763,2025,F,2,2,28,1763.0615600129456,1846.1116556156708,-83.05009560272515,2.9660748429544697,False,-85.67649393786496,3.0598747834951774,2
2258,2025,M,2,2,14,1510.120123579845,1535.0346464960028,-24.914522916157694,1.7796087797255495,False,-5.889999999999873,0.4207142857142766,2
3393,2025,M,2,2,22,1692.5382692806788,1544.4789679585633,148.05930132211552,-6.729968241914341,True,138.04999999999995,-6.274999999999998,2
382,2025,M,2,2,43,1551.6230573873675,1550.432996706699,1.1900606806684664,-0.02767582978298759,True,-29.94896266470755,0.6964875038304081,2
2193,2025,M,4,4,42,1557.4158117415827,1556.0350631643046,1.3807485772781547,-0.03287496612567035,True,-24.048507309705656,0.5725835073739441,4
127,2025,M,4,4,42,1590.531493084784,1587.8583202664101,2.673172818373814,-0.06364697186604319,True,-23.267946608320017,0.5539987287695242,4
19528,2025,M,2,2,14,1526.4564422072503,1600.3529815802324,-73.89653937298203,5.278324240927288,False,-69.80000000000018,4.985714285714299,2
8065,2025,M,3,3,42,1634.4138491504052,1614.2848222470527,20.129026903352496,-0.47926254531791657,True,-6.130848930129332,0.1459725935745079,3
8051,2025,M,4,4,42,1661.983061697208,1622.4386153110022,39.54444638620589,-0.9415344377668069,True,13.277253328659981,-0.31612507925380906,4
26902,2025,M,4,4,42,1598.524933409005,1629.917813984769,-31.39288057576414,0.7474495375181938,False,-58.24263885281334,1.3867294964955559,4
3390,2025,M,2,2,28,1636.5659773356663,1637.4752265008758,-0.9092491652095305,0.032473184471768946,False,-0.1999999999998181,0.007142857142850646,2
27325,2025,M,3,3,28,1603.3682811762687,1637.8956259034535,-34.527344727184754,1.2331194545423128,False,-37.77999999999997,1.3492857142857133,3
8041,2025,M,4,4,42,1626.9098031317487,1638.1302674304736,-11.220464298724892,0.2671539118744022,False,-38.07358682305403,0.9065139719774769,4
26903,2025,M,3,3,42,1613.2067625759414,1646.3622743367634,-33.15551176082204,0.789416946686239,False,-60.28554297535152,1.4353700708417028,3
203,2025,M,4,4,42,1631.3143518818297,1648.7477965281348,-17.433444646305134,0.4150820153882175,False,-44.50045805981563,1.059534715709896,4
2994,2025,M,2,2,14,1644.7005769918323,1659.3653256257958,-14.664748633963427,1.047482045283102,False,6.339999999999918,-0.452857142857137,2
28372,2025,M,2,2,14,1646.4383446829486,1659.482646389306,-13.044301706357373,0.9317358361683838,False,8.019999999999982,-0.5728571428571415,2
28243,2025,M,2,2,22,1622.6809149367505,1663.5888731121581,-40.90795817540766,1.8594526443367116,False,-54.679999999999836,2.485454545454538,2
130,2025,M,2,2,28,1656.824326177737,1679.1045440863645,-22.280217908627492,0.7957220681652676,False,-17.549999999999955,0.6267857142857126,2
26904,2025,M,3,3,42,1683.0270168364839,1685.3714282038604,-2.3444113673765514,0.05581931827087027,False,-29.912242580311386,0.7121962519121758,3
2066,2025,M,3,3,29,1715.9365639485889,1699.7529984641362,16.18356548445263,-0.5580539822225045,True,18.529999999999973,-0.6389655172413784,3
129,2025,M,4,4,42,1626.5835402613725,1700.8577689871895,-74.27422872581701,1.7684340172813573,False,-102.561966731442,2.441951588843857,4
128,2025,M,2,2,14,1700.5987710560653,1704.758684373899,-4.159913317833798,0.297136665559557,False,17.809999999999945,-1.2721428571428532,2
28400,2025,M,2,2,14,1618.4081288541554,1731.097195781909,-112.68906692775363,8.049219066268117,False,-109.13000000000011,7.795000000000008,2
24998,2025,M,3,3,29,1785.0779382173046,1737.34452643882,47.73341177848465,-1.6459797164994707,True,50.88000000000011,-1.7544827586206935,3
27565,2025,M,3,3,28,1873.9785469391934,1752.2247099440133,121.75383699518011,-4.348351321256432,True,130.46000000000004,-4.659285714285716,3
8059,2025,M,3,3,42,1803.9074103109274,1753.0948389400464,50.81257137088096,-1.2098231278781182,True,22.48251347745577,-0.5352979399394231,3
8056,2025,M,4,4,42,1706.1916806332063,1767.6132834244172,-61.421602791210944,1.462419114076451,False,-90.7172690847608,2.1599349782085904,4
28367,2025,M,2,2,14,1762.96532263723,1768.2976545448926,-5.332331907662592,0.380880850547328,False,17.419999999999845,-1.2442857142857033,2
27755,2025,M,2,2,28,1673.0856920096219,1780.6358881740346,-107.55019616441268,3.84107843444331,False,-109.25999999999999,3.9021428571428567,2
27560,2025,M,3,3,28,1810.0408589591593,1795.340090533963,14.70076842519643,-0.5250274437570154,True,20.75999999999999,-0.7414285714285711,3
28373,2025,M,2,2,14,1798.2999323565898,1837.3995842523216,-39.09965189573177,2.792832278266555,False,-16.659999999999854,1.1899999999999895,2
18804,2025,M,2,2,28,1845.501353233225,1840.3326033400733,5.168749893151698,-0.1845982104697035,True,6.110000000000127,-0.21821428571429027,2
19551,2025,M,2,2,14,1886.6654858727736,1847.6260441382826,39.03944173449099,-2.7885315524636423,True,47.080000000000155,-3.362857142857154,2
4901,2025,M,2,2,22,1867.8220963298306,1866.5831241754506,1.2389721543800079,-0.05631691610818217,True,-13.509999999999991,0.6140909090909087,2
28375,2025,M,2,2,14,1998.529387432961,1913.6483038035724,84.88108362938851,-6.062934544956322,True,112.75,-8.053571428571429,2
3409,2025,M,2,2,28,1839.54991993474,1922.7993233573577,-83.24940342261766,2.9731929793792022,False,-84.32999999999993,3.0117857142857116,2
3410,2025,M,2,2,28,1932.1733760973718,1984.1580826731224,-51.98470657575058,1.8565966634196636,False,-52.309999999999945,1.8682142857142838,2
18807,2025,M,2,2,28,1994.9712584882843,2001.3749047182246,-6.40364622994025,0.22870165106929466,False,-5.6599999999998545,0.20214285714285193,2
27588,2025,M,3,3,28,2167.741034091361,2040.1200868674243,127.62094722393681,-4.557890972283458,True,137.38999999999987,-4.90678571428571,3
8099,2025,M,2,2,14,1948.7133802876344,2111.6270922268095,-162.91371193917507,11.636693709941076,False,-141.3499999999999,10.096428571428564,2
27759,2025,M,2,2,28,2244.3548813849084,2380.94668159446,-136.59180020955182,4.878278578912565,False,-138.71000000000004,4.953928571428572,2
230,2025,F,2,2,42,1466.8131499320784,1475.8992739395633,-9.086124007484841,0.2163362858924962,False,-32.607534102663294,0.7763698595872213,2
4790,2025,F,3,3,42,1490.8929896315078,1505.8649344510034,-14.971944819495548,0.3564748766546559,False,-39.006674449671436,0.9287303440397962,3
22356,2025,F,4,4,42,1531.4294031958736,1561.3351581205645,-29.905754924690882,0.7120417839212114,False,-54.91603131523743,1.3075245551247008,4
253,2025,F,3,3,42,1692.0020025986016,1578.5632117152907,113.43879088331096,-2.7009235924597848,True,89.05362074265463,-2.1203243033965387,3
28832,2025,F,2,2,7,1699.2490741177453,1580.9405070154146,118.3085671023307,-16.901223871761527,True,95.99000000000001,-13.712857142857144,2
1673,2025,F,2,2,29,1893.002469969215,1609.497399941596,283.505070027619,-9.776036897504104,True,296.02,-10.20758620689655,2
27607,2025,F,2,2,28,1605.8497207975745,1612.960620255357,-7.11089945778258,0.2539606949208064,False,-10.819999999999936,0.3864285714285692,2
26900,2025,F,4,4,42,1646.7464244700259,1660.9467661282313,-14.200341658205389,0.338103372814414,False,-40.69578383131034,0.9689472340788176,4
3368,2025,F,4,4,42,1661.1459266018458,1684.0446846615355,-22.898758059689726,0.5452085252307077,False,-49.81597328504904,1.1860946020249772,4
3377,2025,F,2,2,7,1850.694431965901,1696.4887983313206,154.2056336345804,-22.02937623351149,True,130.46000000000004,-18.637142857142862,2
27450,2025,M,3,3,34,1685.6402032920773,1687.4653906731376,-1.825187381060232,0.05368198179588918,False,11.509999999999991,-0.33852941176470563,3
2822,2025,M,2,2,23,1767.2686310133329,1790.3705660660748,-23.101935052741965,1.004431958814868,False,-22.09999999999991,0.9608695652173873,2
27497,2025,M,2,2,12,1780.0956054466246,1770.955838600312,9.139766846312568,-0.761647237192714,True,22.600000000000136,-1.8833333333333446,2
1401,2025,M,2,2,12,1778.1173917382882,1790.3884191262848,-12.271027387996583,1.022585615666382,False,1.1000000000001364,-0.09166666666667804,2
27503,2025,M,2,2,12,1888.204984607216,1821.978819263379,66.22616534383701,-5.5188471119864175,True,80.70000000000005,-6.725000000000004,2
27473,2025,M,3,3,34,2010.9832760834097,1959.785191058905,51.198085024504735,-1.5058260301324922,True,67.25999999999999,-1.9782352941176469,3
1815,2025,M,3,3,34,1546.1438576524915,1539.1446489354275,6.999208717063993,-0.20585907991364685,True,20.1099999999999,-0.5914705882352912,3
27419,2025,F,3,3,34,1523.9374750873374,1508.9400892574038,14.997385829933592,-0.4410995832333409,True,22.5300000000002,-0.6626470588235353,3
27532,2025,F,2,2,12,1627.385981548169,1542.3520734722567,85.03390807591222,-7.086159006326018,True,94.09999999999991,-7.841666666666659,2
27437,2025,F,2,2,11,1996.6950961077716,1997.0690209923323,-0.3739248845606653,0.03399317132369684,False,7.769999999999982,-0.7063636363636348,2
7978,2025,M,3,3,28,1610.7364018804822,1601.802651035713,8.933750844769065,-0.31906253017032377,True,-16.081575861128158,0.5743419950402914,3
24642,2025,M,3,3,28,1608.9560461308151,1641.796753952307,-32.84070782149183,1.172882422196137,False,-59.087665357262495,2.1102737627593746,3
27762,2025,M,2,2,14,1651.9820672311514,1714.9898452122868,-63.007777981135405,4.5005555700811,False,-56.40000000000009,4.028571428571435,2
27760,2025,F,2,2,14,1463.1199046316392,1384.5816643959029,78.53824023573634,-5.609874302552596,True,89.60000000000014,-6.40000000000001,2
26873,2025,F,3,3,28,1406.4066455223006,1403.2161575659586,3.19048795634194,-0.11394599844078357,True,-14.596359993623537,0.5212985712008406,3
26871,2025,F,4,4,50,1383.552836666187,1478.3496296729106,-94.79679300672365,1.895935860134473,False,-77.15311473594261,1.5430622947188521,4
443,2025,F,2,2,28,1481.0703980155722,1537.054522573806,-55.984124558233816,1.999433019936922,False,-76.5161769611259,2.7327206057544964,2
7992,2025,F,3,3,28,1610.77473728273,1674.6780190068207,-63.903281724090675,2.282260061574667,False,-86.32496156492766,3.0830343416045594,3
26877,2025,F,2,2,28,1692.139082948475,1749.2159916870432,-57.076908738568136,2.0384610263774334,False,-80.32604415771857,2.868787291347092,2
7981,2025,M,3,3,28,1799.6159618678737,1847.7857985858313,-48.16983671795765,1.7203513113556304,False,-77.87189931670878,2.781139261311028,3
22404,2025,M,2,2,12,2113.9191687284138,2309.5871090766323,-195.6679403482185,16.305661695684876,False,-180.4000000000001,15.03333333333334,2
24997,2025,M,4,4,29,1754.1205714896453,1774.0365952265934,-19.91602373694809,0.6867594392051066,False,-18.34999999999991,0.632758620689652,4
27225,2025,F,2,2,14,1794.8027230467444,1693.7786509811954,101.02407206554903,-7.216005147539216,True,68.70000000000005,-4.90714285714286,2
27644,2025,F,3,3,35,1572.7855201630202,1500.113512851071,72.6720073119493,-2.0763430660556943,True,74.53995529033841,-2.1297130082953832,3
27645,2025,F,3,3,35,1576.4262273856198,1684.1368557688113,-107.71062838319153,3.077446525234044,False,-106.24715129463766,3.0356328941325046,3
1775,2025,F,2,2,7,1579.2327864114739,1552.4150940468417,26.817692364632194,-3.8310989092331704,True,24.769999999999982,-3.538571428571426,2
18826,2025,F,4,4,35,1870.109943341986,1587.5056436587313,282.6042996832548,-8.074408562378709,True,285.2695841839595,-8.15055954811313,4
18831,2025,F,3,3,21,1792.107124191066,1643.209521532823,148.89760265824316,-7.090362031344912,True,172.76999999999998,-8.227142857142857,3
1779,2025,F,2,2,28,1680.7931677668078,1670.3481341186457,10.445033648162052,-0.3730369160057876,True,14.519126602715005,-0.5185402358112502,2
27655,2025,F,3,3,35,1660.16249350541,1595.278045747916,64.88444775749417,-1.8538413644998335,True,66.82939725091273,-1.909411350026078,3
1769,2025,F,4,4,35,1702.6374111024054,1622.1073001995426,80.53011090286282,-2.300860311510366,True,82.55648709285879,-2.3587567740816797,4
27163,2025,F,3,3,42,1694.7727015816517,1727.7082035524681,-32.935501970816404,0.7841786183527715,False,-10.819999999999936,0.2576190476190461,3
27649,2025,F,3,3,35,1604.3383160922165,1771.349393203422,-167.01107711120562,4.7717450603201605,False,-165.6516351127873,4.732903860365351,3
18850,2025,F,4,4,35,1766.956572034998,1754.0485649330167,12.908007101981411,-0.3688002029137546,True,14.850937424948143,-0.4243124978556612,4
18851,2025,F,4,4,35,1709.9188255476045,1677.4420139179217,32.47681162968274,-0.9279089037052213,True,34.40227392290649,-0.9829221120830425,4
18555,2025,M,2,2,7,1630.7516316870717,1567.8882525756878,62.86337911138389,-8.980482730197698,True,60.49000000000001,-8.641428571428573,2
903,2025,M,4,4,42,1619.3326732040437,1648.5020385573969,-29.169365353353214,0.6945086988893623,False,-3.4199999999998454,0.08142857142856774,4
27692,2025,M,2,2,28,1586.3661174684783,1656.032278918495,-69.66616145001672,2.4880771946434543,False,-66.29999999999995,2.367857142857141,2
28846,2025,M,2,2,7,1755.356244721004,1638.5350618004998,116.82118292050427,-16.688740417214895,True,114.38000000000011,-16.340000000000014,2
18879,2025,M,4,4,42,1741.286673385061,1732.1288645597094,9.157808825351594,-0.21804306727027606,True,36.93999999999983,-0.8795238095238054,4
2122,2025,M,2,2,7,1782.3355915687682,1662.4398428911156,119.89574867765259,-17.127964096807514,True,117.42000000000007,-16.774285714285725,2
28847,2025,M,2,2,7,1785.633067294606,1680.478175199894,105.15489209471207,-15.022127442101723,True,102.6400000000001,-14.662857142857158,2
18884,2025,M,2,2,28,1749.8884576726457,1786.832149376729,-36.94369170408322,1.319417560860115,False,-33.200000000000045,1.1857142857142873,2
1874,2025,M,3,3,42,1793.0714570019484,1759.0267317635073,34.04472523844106,-0.8105886961533586,True,62.710000000000036,-1.493095238095239,3
18874,2025,M,4,4,35,1945.317595965431,1760.0543579956998,185.26323796973134,-5.293235370563752,True,186.8800000000001,-5.3394285714285745,4
27123,2025,M,2,2,35,1914.121948726157,1869.169119015831,44.95282971032589,-1.2843665631521681,True,78.46000000000004,-2.241714285714287,2
926,2025,M,4,4,42,2024.7820931970625,1756.77194022491,268.0101529721526,-6.3811941183845855,True,300.90999999999985,-7.164523809523806,4
841,2025,F,5,5+,42,1554.703795480453,1551.5071497719819,3.1966457084711237,-0.07611061210645532,True,23.559999999999945,-0.5609523809523796,5
831,2025,F,6,5+,42,1645.2433436303843,1678.2501840966431,-33.006840466258836,0.7858771539585437,False,-11.539999999999964,0.2747619047619039,6
930,2025,M,6,5+,42,1674.8886225536987,1611.0685082351972,63.82011431850151,-1.5195265313928932,True,90.67000000000007,-2.1588095238095257,6
25776,2025,M,3,3,35,1844.6117644982305,1727.6192814825147,116.99248301571583,-3.342642371877595,True,118.3900000000001,-3.3825714285714312,3
3887,2025,M,2,2,21,2033.8297520753724,1871.7703328054488,162.05941926992364,-7.717115203329697,True,200.80000000000018,-9.56190476190477,2
28299,2025,M,2,2,21,2079.5711295548895,2015.53057750366,64.0405520512295,-3.049550097677595,True,103.19999999999982,-4.914285714285706,2
26846,2025,M,4,4,36,1800.5633896950333,2087.096954482075,-286.53356478704177,7.959265688528938,False,-320.5920172980948,8.905333813835966,4
28301,2025,M,2,2,21,2110.7495471103725,2132.0122162134294,-21.26266910305685,1.0125080525265167,False,18.09999999999991,-0.8619047619047576,2
2877,2025,M,3,3,22,2337.411293284305,2210.6377688711987,126.77352441310632,-5.762432927868469,True,101.5,-4.613636363636363,3
26988,2025,M,2,2,22,2343.0488527865773,2320.1043132666246,22.94453951995274,-1.0429336145433064,True,-4.800000000000182,0.21818181818182644,2
2882,2025,M,3,3,35,2498.9329821379556,2275.075562218505,223.85741991945042,-6.395926283412869,True,260.60000000000036,-7.445714285714296,3
2880,2025,M,3,3,35,2419.8167914080004,2340.7831532855544,79.03363812244606,-2.2581039463556016,True,114.0,-3.257142857142857,3
19442,2025,M,3,3,35,2571.472516814676,2770.3714191254307,-198.8989023107547,5.682825780307277,False,-163.0,4.6571428571428575,3
18563,2025,M,4,4,42,1887.0952609746544,1822.589903853788,64.50535712086639,-1.5358418362111046,True,94.74000000000001,-2.255714285714286,4
18581,2025,M,2,2,7,1937.1171036694589,1819.6067946943162,117.5103089751426,-16.787186996448945,True,114.78999999999996,-16.398571428571422,2
23593,2025,M,4,4,42,2039.1105588327614,1958.885068494398,80.22549033836344,-1.9101307223419868,True,112.91999999999985,-2.688571428571425,4
18585,2025,M,3,3,42,2146.8048385867505,1964.372393035232,182.4324455515184,-4.343629655988534,True,217.0799999999997,-5.168571428571421,3
27739,2025,M,2,2,28,2124.7933352139075,2270.3619989927665,-145.568663778859,5.198880849244964,False,-141.0999999999999,5.039285714285711,2
1883,2025,M,2,2,7,2291.945476470978,2119.1548529015977,172.7906235693804,-24.684374795625768,True,169.64999999999964,-24.235714285714234,2
4999,2025,M,3,3,35,2061.976826476941,2250.381725057219,-188.40489858027786,5.382997102293653,False,-187.57999999999993,5.35942857142857,3
26989,2025,M,2,2,22,2350.9612170002933,2331.637395622571,19.323821377722197,-0.8783555171691908,True,-8.599999999999909,0.39090909090908676,2
135,2025,M,3,3,35,1549.3193416625274,1508.1883289011087,41.13101276141879,-1.175171793183394,True,74.69999999999982,-2.134285714285709,3
1991,2025,M,3,3,35,1522.9375920288467,1517.0488979995441,5.888694029302542,-0.16824840083721548,True,27.700000000000045,-0.7914285714285727,3
27294,2025,M,3,3,35,1542.471242097409,1513.1661767092187,29.305065388190314,-0.8372875825197232,True,51.5,-1.4714285714285715,3
2860,2025,M,3,3,22,1550.3288631249304,1524.0284167481032,26.300446376827267,-1.1954748353103304,True,8.200000000000045,-0.3727272727272748,3
23472,2025,M,2,2,14,1626.025074041013,1541.7189922262928,84.3060818147203,-6.021862986765735,True,90.89999999999986,-6.492857142857133,2
27295,2025,M,3,3,35,1588.50783447005,1565.6326926066959,22.8751418633542,-0.65357548181012,True,45.700000000000045,-1.305714285714287,3
19403,2025,M,3,3,35,1588.7041525611917,1573.4976921435095,15.206460417682138,-0.43447029764806105,True,38.0,-1.0857142857142856,3
2013,2025,M,3,3,43,1611.8474948865705,1549.4049087522578,62.442586134312705,-1.452153165914249,True,73.40000000000009,-1.7069767441860486,3
11301,2025,M,4,4,43,1640.4309106086184,1639.0061692982345,1.424741310383979,-0.03313351884613905,True,12.299999999999955,-0.2860465116279059,4
1996,2025,M,4,4,43,1664.1680032497657,1639.205283210559,24.962720039206715,-0.5805283730048073,True,36.09999999999991,-0.8395348837209281,4
2002,2025,M,3,3,35,1558.2748484342856,1574.3937047489694,-16.118856314683853,0.4605387518481101,False,6.099999999999909,-0.17428571428571168,3
27548,2025,M,3,3,35,1649.9042410457514,1591.5175012088669,58.386739836884544,-1.6681925667681299,True,94.20000000000005,-2.6914285714285726,3
26970,2025,M,4,4,43,1658.6293483001648,1595.0019946745438,63.627353625621026,-1.4797058982702564,True,74.90000000000009,-1.7418604651162812,4
417,2025,M,3,3,22,1654.87097529865,1592.640482967379,62.23049233127085,-2.8286587423304934,True,43.700000000000045,-1.9863636363636383,3
2005,2025,M,3,3,22,1690.1799006023566,1601.632377685575,88.54752291678165,-4.024887405308257,True,70.20000000000005,-3.190909090909093,3
435,2025,M,3,3,22,1671.9814629108103,1603.1961854626522,68.78527744815801,-3.1266035203708187,True,50.200000000000045,-2.281818181818184,3
26979,2025,M,4,4,43,1683.0587728100122,1684.901926089007,-1.843153278994805,0.04286402974406523,False,9.299999999999955,-0.2162790697674408,4
26966,2025,M,4,4,43,1555.966422627203,1556.3738956836116,-0.40747305640866216,0.00947611759089912,False,9.900000000000091,-0.230232558139537,4
11307,2025,M,4,4,43,1619.6609545476147,1609.0395254934135,10.621429054201144,-0.24700997800467778,True,21.399999999999864,-0.497674418604648,4
19421,2025,M,3,3,43,1638.9473423185468,1643.8844601501821,-4.937117831635305,0.11481669375896059,False,5.899999999999864,-0.13720930232557824,3
26978,2025,M,3,3,22,1613.2321586239707,1623.1347346203909,-9.902575996420182,0.4501170907463719,False,-29.600000000000136,1.3454545454545517,3
27296,2025,M,3,3,35,1648.090375131443,1579.4711095132411,68.61926561820178,-1.9605504462343366,True,92.5,-2.642857142857143,3
28291,2025,M,2,2,21,1633.690437115664,1613.1213606960634,20.569076419600606,-0.9794798295047907,True,51.200000000000045,-2.43809523809524,2
166,2025,M,3,3,35,1717.3507045856652,1636.716359306504,80.63434527916115,-2.3038384365474616,True,118.0,-3.3714285714285714,3
26969,2025,M,4,4,43,1647.6509429536343,1759.4700862544917,-111.81914330085738,2.600445193043195,False,-101.39999999999986,2.3581395348837177,4
142,2025,M,3,3,35,1797.2728145607077,1698.4416721270657,98.83114243364207,-2.8237469266754878,True,138.0,-3.942857142857143,3
8058,2025,M,3,3,35,1822.516505394288,1694.5589508367398,127.95755455754829,-3.6559301302156655,True,167.80000000000018,-4.79428571428572,3
11315,2025,M,3,3,22,1667.2340443825808,1656.6588638414898,10.575180541090958,-0.48069002459504356,True,-9.299999999999955,0.4227272727272707,3
5500,2025,M,4,4,43,1729.3461034602494,1643.7849031940198,85.56120026622966,-1.9897953550285967,True,97.40000000000009,-2.2651162790697694,4
2872,2025,M,2,2,14,1707.8692338839774,1663.3050468940692,44.564186989908194,-3.183156213564871,True,38.100000000000136,-2.7214285714285813,2
188,2025,M,2,2,21,1672.003727654063,1663.9949652949458,8.0087623591171,-0.38136963614843333,True,39.299999999999955,-1.8714285714285692,2
19424,2025,M,4,4,43,1742.1047907548661,1699.238127776363,42.8666629785032,-0.9968991390349582,True,54.600000000000136,-1.2697674418604683,4
433,2025,M,3,3,22,1789.9745942478464,1680.800146400124,109.17444784772238,-4.962474902169199,True,90.09999999999991,-4.095454545454541,3
8057,2025,M,2,2,21,1681.1910983443934,1656.2295227142943,24.961575630099105,-1.1886464585761478,True,56.5,-2.6904761904761907,2
27298,2025,M,2,2,14,1697.2680569623453,1682.6571681354035,14.610888826941846,-1.043634916210132,True,7.5,-0.5357142857142857,2
26981,2025,M,3,3,22,1754.6656689441395,1683.5368100100095,71.12885893413,-3.2331299515513634,True,51.59999999999991,-2.3454545454545412,3
26980,2025,M,2,2,22,1738.4453223060227,1690.0852550765217,48.360067229501055,-2.1981848740682297,True,28.5,-1.2954545454545454,2
15,2025,M,3,3,35,1750.0992764778775,1737.9657837234574,12.133492754420104,-0.34667122155486013,True,49.899999999999864,-1.4257142857142817,3
19405,2025,M,2,2,22,1619.067527231586,1695.2653683380909,-76.19784110650494,3.463538232113861,False,-97.5,4.431818181818182,2
8060,2025,M,3,3,35,1777.682151018045,1700.5323682064716,77.14978281157346,-2.204279508902099,True,115.80000000000018,-3.3085714285714336,3
421,2025,M,3,3,36,1574.7660193232566,1701.3251234742663,-126.5591041510097,3.5155306708613807,False,-153.47571280642364,4.263214244622879,3
153,2025,M,3,3,35,1766.5710284117583,1700.8310390749584,65.73998933679991,-1.8782854096228545,True,104.09999999999991,-2.9742857142857115,3
8068,2025,M,3,3,35,1746.7854328935466,1744.8352136986489,1.950219194897727,-0.055720548425649344,True,39.600000000000136,-1.1314285714285752,3
26982,2025,M,4,4,43,1754.6656689441395,1975.2100102579707,-220.54434131383118,5.128938170089097,False,-209.9000000000001,4.881395348837211,4
6,2025,M,2,2,14,1846.2982064112516,1710.2192802063946,136.078926204857,-9.71992330034693,True,144.5,-10.321428571428571,2
26977,2025,M,2,2,22,1600.5723758820254,1710.2192802063946,-109.64690432436919,4.983950196562236,False,-131.5,5.9772727272727275,2
27302,2025,M,2,2,14,1782.4701085176819,1716.4745113147048,65.99559720297702,-4.713971228784073,True,59.700000000000045,-4.264285714285718,2
8064,2025,M,2,2,14,1842.984362826921,1736.2175845003082,106.76677832661267,-7.626198451900905,True,114.5,-8.178571428571429,2
2045,2025,M,3,3,35,1819.3779096522512,1655.4330670649967,163.94484258725447,-4.684138359635842,True,190.70000000000005,-5.44857142857143,3
18738,2025,M,2,2,14,1805.5574235215352,1740.615793873339,64.94162964819611,-4.638687832014008,True,71.59999999999991,-5.114285714285708,2
2032,2025,M,3,3,35,1773.3413172796097,1694.0611660559287,79.28015122368106,-2.265147177819459,True,105.0,-3.0,3
26845,2025,M,4,4,36,1782.2532934322905,1761.8249368499526,20.428356582337983,-0.5674543495093884,True,-6.246968149502436,0.17352689304173433,4
420,2025,M,3,3,36,1709.0291985025497,1763.0955306688281,-54.06633216627847,1.5018425601744019,False,-81.35035255971388,2.2597320155476077,3
2876,2025,M,3,3,35,1782.2737904265402,1742.1471758822695,40.12661454427075,-1.1464747012648786,True,65.79999999999995,-1.8799999999999988,3
2022,2025,M,3,3,43,1773.3586293990431,1754.2931245340574,19.06550486498577,-0.4433838340694365,True,30.90000000000009,-0.7186046511627928,3
26847,2025,M,4,4,36,1851.6980802366254,1772.5761153173603,79.12196491926511,-2.1978323588684754,True,52.74720932340779,-1.4652002589835496,4
24735,2025,M,3,3,22,1767.3254516860852,1790.4621667676845,-23.136715081599277,1.0516688673454218,False,-45.0,2.0454545454545454,3
156,2025,M,2,2,14,1884.9922035577051,1792.5146644750987,92.47753908260643,-6.605538505900459,True,100.0,-7.142857142857143,2
11323,2025,M,3,3,28,1854.2255408905107,1796.2287079456576,57.99683294485317,-2.0713154623161847,True,17.291052171812225,-0.6175375775647224,3
3336,2025,M,2,2,22,1809.2609820187783,1797.2060878063314,12.054894212446925,-0.5479497369294056,True,-9.5,0.4318181818181818,2
437,2025,M,4,4,43,1800.3595722783482,1771.4169209939553,28.942651284392923,-0.6730849135905331,True,41.0,-0.9534883720930233,4
26983,2025,M,3,3,22,1899.461934055138,1814.1147593959818,85.34717465915628,-3.8794170299616493,True,64.40000000000009,-2.9272727272727312,3
26987,2025,M,3,3,22,2063.346777831726,1816.5582090476653,246.78856878406054,-11.217662217457297,True,227.5999999999999,-10.345454545454542,3
27305,2025,M,2,2,14,1839.500513994237,1817.9265408526082,21.573973141628812,-1.5409980815449151,True,14.0,-1.0,2
27569,2025,M,3,3,35,1896.4931901150894,1815.918880398457,80.57430971663234,-2.302123134760924,True,121.79999999999995,-3.4799999999999986,3
19422,2025,M,3,3,35,1844.4084662727705,1813.1312856259156,31.27718064685496,-0.8936337327672845,True,57.799999999999955,-1.6514285714285701,3
27301,2025,M,2,2,14,1779.132700968279,1822.2270122395716,-43.094311271292554,3.078165090806611,False,-51.90000000000009,3.7071428571428635,2
11319,2025,M,3,3,35,1714.3477308916408,1763.8505923256284,-49.50286143398762,1.4143674695425035,False,-25.200000000000045,0.7200000000000013,3
2020,2025,M,2,2,14,1762.5438222668367,1826.3320076543998,-63.78818538756309,4.556298956254507,False,-73.0,5.214285714285714,2
416,2025,M,4,4,43,1575.3517149508066,1558.962376543829,16.389338406977686,-0.38114740481343456,True,26.899999999999864,-0.6255813953488341,4
2038,2025,M,2,2,21,1839.5266357734913,1788.3416035415287,51.18503223196262,-2.4373824872363152,True,85.79999999999995,-4.085714285714284,2
28295,2025,M,2,2,21,1858.3900670844891,1967.345010721157,-108.95494363666785,5.1883306493651355,False,-74.69999999999982,3.5571428571428485,2
27572,2025,M,3,3,35,1956.3373066085967,1861.4164093645804,94.92089724401626,-2.7120256355433217,True,137.5,-3.9285714285714284,3
38,2025,M,3,3,35,1851.463903763297,1800.0893243686676,51.374579394629336,-1.4678451255608382,True,91.5,-2.6142857142857143,3
26975,2025,M,2,2,22,1988.6738405647832,1873.3439789527927,115.32986161199051,-5.242266436908659,True,94.0,-4.2727272727272725,2
19417,2025,M,4,4,43,1863.4606768827314,1855.542548951011,7.918127931720392,-0.18414251004000912,True,20.299999999999955,-0.47209302325581287,4
28297,2025,M,2,2,21,1876.1783805487455,1837.721853797978,38.45652675076758,-1.83126317860798,True,73.69999999999982,-3.509523809523801,2
26848,2025,M,4,4,36,1883.1217240896776,1883.2155155455944,-0.09379145591674387,0.002605318219909552,False,-28.780548512566156,0.7994596809046155,4
4848,2025,M,2,2,14,1891.230331009977,1888.2978908210962,2.932440188880719,-0.2094600134914799,True,-5.2999999999999545,0.37857142857142534,2
2037,2025,M,2,2,21,1890.7413404727802,1864.10444718096,26.636893291820115,-1.2684234900866722,True,62.09999999999991,-2.957142857142853,2
27308,2025,M,2,2,14,1882.7886530908995,1903.6427546336695,-20.854101542769968,1.4895786816264263,False,-29.600000000000136,2.114285714285724,2
27585,2025,M,3,3,35,2081.093770959882,1831.7484364282461,249.3453345316359,-7.124152415189597,True,295.2999999999997,-8.437142857142849,3
26849,2025,M,4,4,57,1913.1932878806235,1797.301729596126,115.89155828449748,-2.033185233061359,True,123.02891703164983,-2.158402053186839,4
27311,2025,M,2,2,14,1917.5369552229147,1927.4908232341015,-9.953868011186842,0.7109905722276315,False,-18.59999999999991,1.328571428571422,2
19437,2025,M,3,3,35,2055.352255204127,1914.978051779842,140.37420342428481,-4.010691526408138,True,170.4000000000001,-4.868571428571431,3
27313,2025,M,2,2,14,2030.0272214468955,1957.2031709985743,72.82405044832126,-5.2017178891658045,True,65.59999999999991,-4.685714285714279,2
52,2025,M,2,2,14,2005.0948238719468,1975.6756503653025,29.419173506644256,-2.1013695361888756,True,21.299999999999955,-1.5214285714285682,2
26985,2025,M,2,2,22,1992.7289272243127,1987.5996846655185,5.129242558794203,-0.23314738903610016,True,-18.799999999999955,0.8545454545454525,2
26986,2025,M,3,3,22,1999.3555322532993,1994.930033620569,4.425498632730296,-0.20115902876046798,True,-19.59999999999991,0.8909090909090868,3
27317,2025,M,2,2,14,2137.7076944379137,1996.787055355849,140.92063908206478,-10.0657599344332,True,134.80000000000018,-9.628571428571442,2
986,2025,M,2,2,14,1765.6938345217884,1695.1676303520237,70.5262041697647,-5.03758601212605,True,77.19999999999982,-5.514285714285701,2
18740,2025,F,2,2,21,1934.4905574856182,1932.7496668152066,1.7408906704115452,-0.0828995557338831,True,25.86999999999989,-1.2319047619047567,2
8034,2025,F,4,4,42,2017.7134917023664,1824.6682857655683,193.04520593679808,-4.596314427066621,True,244.80000000000018,-5.828571428571433,4
22598,2025,F,2,2,20,1428.5856845372512,1455.887920645513,-27.302236108261923,1.3651118054130962,False,-26.925835440258197,1.34629177201291,2
28859,2025,F,2,2,13,1541.9467697889133,1607.7759406920784,-65.82917090316505,5.063782377166542,False,-69.23845430653569,5.326034946656591,2
28860,2025,M,2,2,13,1573.08467877199,1602.9477385121363,-29.863059740146355,2.2971584415497195,False,-31.34454019548275,2.411118476575596,2
28360,2025,M,3,3,20,1612.3760033045264,1637.8115355603306,-25.43553225580422,1.271776612790211,False,-25.069999999999936,1.2534999999999967,3
28365,2025,M,3,3,20,1989.962011415608,1993.3624989426871,-3.4004875270791217,0.1700243763539561,False,-2.8400000000001455,0.1420000000000073,3
2311,2025,M,2,2,20,1998.6555416284673,2098.6910103677174,-100.03546873925006,5.0017734369625035,False,-99.84999999999991,4.992499999999995,2
28861,2025,M,2,2,13,2204.937629870833,2274.9524071585174,-70.01477728768441,5.385752099052647,False,-72.20131700657157,5.553947462043967,2
26944,2025,F,4,4,43,1377.9422307857901,1302.2537105502001,75.68852023558998,-1.7601981450137203,True,89.59999999999991,-2.083720930232556,4
404,2025,F,4,4,43,1357.2405661366975,1371.8359872414237,-14.595421104726256,0.33942839778433154,False,-1.2999999999999545,0.030232558139533825,4
63,2025,F,2,2,14,1419.0774075843515,1356.9859777800832,62.09142980426827,-4.435102128876305,True,48.80000000000018,-3.4857142857142986,2
26946,2025,F,4,4,43,1431.2736620960718,1404.7855345730334,26.48812752303843,-0.6160029656520565,True,40.700000000000045,-0.9465116279069778,4
409,2025,F,4,4,43,1431.3722414515435,1382.9850787856542,48.387162665889264,-1.125282852695099,True,62.700000000000045,-1.458139534883722,4
26953,2025,F,3,3,22,1449.0179460810082,1388.0338479995617,60.98409808144652,-2.772004458247569,True,39.30000000000018,-1.7863636363636446,3
27242,2025,F,3,3,35,1400.1313096983101,1410.9573531064466,-10.826043408136456,0.3093155259467559,False,3.199999999999818,-0.09142857142856624,3
27245,2025,F,2,2,14,1430.0932918289793,1400.3559714929174,29.737320336061885,-2.124094309718706,True,7.7000000000000455,-0.5500000000000033,2
11335,2025,F,2,2,22,1510.6300432509265,1415.8799066026565,94.75013664826997,-4.306824393103181,True,73.10000000000014,-3.322727272727279,2
26947,2025,F,4,4,43,1463.8048494017887,1422.0068991904607,41.79795021132804,-0.972045353751815,True,56.40000000000009,-1.3116279069767462,4
1930,2025,F,4,4,43,1455.129866120264,1435.3459908594507,19.783875260813375,-0.4600901223444971,True,34.19999999999982,-0.795348837209298,4
27244,2025,F,2,2,14,1429.107700311523,1438.4866371062144,-9.378936794691299,0.6699240567636642,False,-32.59999999999991,2.328571428571422,2
19448,2025,F,4,4,43,1433.6395666273966,1394.4328067105334,39.20675991686312,-0.911785114345654,True,53.5,-1.244186046511628,4
19449,2025,F,2,2,14,1487.5532772966772,1445.9575308777767,41.59574641890049,-2.9711247442071778,True,19.0,-1.3571428571428572,2
27601,2025,F,3,3,35,1464.0792405317893,1447.0923551649792,16.986885366810156,-0.4853395819088616,True,39.59999999999991,-1.1314285714285688,3
408,2025,F,4,4,43,1494.1672908871244,1487.9059938536798,6.2612970334446345,-0.14561155891731709,True,21.0,-0.4883720930232558,4
26531,2025,F,3,3,35,1515.6426355441793,1466.9019017480312,48.740733796148106,-1.3925923941756602,True,64.20000000000005,-1.8342857142857156,3
27604,2025,F,2,2,14,1547.0237953760868,1485.5435654076116,61.480229968475214,-4.39144499774823,True,46.80000000000018,-3.342857142857156,2
27243,2025,F,3,3,35,1417.182042950303,1470.0873564749543,-52.90531352465132,1.511580386418609,False,-38.899999999999864,1.1114285714285674,3
5290,2025,F,2,2,14,1571.9267704711833,1505.0455088892215,66.88126158196178,-4.777232970140127,True,52.09999999999991,-3.721428571428565,2
27248,2025,F,3,3,35,1523.2316902285922,1478.5487205933432,44.68296963524904,-1.2766562752928297,True,60.200000000000045,-1.7200000000000013,3
26852,2025,F,4,4,36,1472.5957330370475,1396.0868893377392,76.50884369930827,-2.125245658314119,True,44.41825272738447,-1.2338403535384574,4
27251,2025,F,4,4,49,1566.4195566327628,1528.7196325423804,37.69992409038241,-0.7693862059261717,True,37.23590450930487,-0.7599164185572423,4
27247,2025,F,3,3,35,1518.7965284000395,1526.5296324176209,-7.733104017581354,0.220945829073753,False,7.5,-0.21428571428571427,3
1954,2025,F,4,4,43,1549.1745712404274,1549.6241791878124,-0.4496079473849477,0.010455998776394132,False,14.799999999999955,-0.3441860465116269,4
11341,2025,F,2,2,14,1455.6201121310955,1516.4944110326542,-60.87429890155863,4.348164207254188,False,-86.09999999999991,6.149999999999993,2
11342,2025,F,2,2,14,1559.402898919236,1518.6289521102433,40.773946808992605,-2.9124247720709002,True,17.0,-1.2142857142857142,2
27249,2025,F,2,2,14,1541.1694558462957,1519.114075082423,22.05538076387279,-1.5753843402766279,True,-2.0,0.14285714285714285,2
19469,2025,F,2,2,14,1541.268014998041,1525.4206737207544,15.84734127728666,-1.1319529483776185,True,-8.400000000000091,0.6000000000000065,2
11340,2025,F,3,3,22,1593.4367018472967,1528.1373623649588,65.29933948233793,-2.968151794651724,True,41.40000000000009,-1.881818181818186,3
26958,2025,F,3,3,22,1588.7048927846467,1534.0558626255468,54.64903015909999,-2.484046825413636,True,30.5,-1.3863636363636365,3
26955,2025,F,2,2,22,1469.1281345972693,1536.4814774864433,-67.35334288917397,3.061515585871544,False,-93.29999999999995,4.2409090909090885,2
21215,2025,F,3,3,35,1565.1193297204818,1530.610996286491,34.508333433990856,-0.9859523838283102,True,50.40000000000009,-1.4400000000000026,3
27250,2025,F,3,3,35,1550.8282527173665,1604.3741823068012,-53.54592958943476,1.529883702555279,False,-38.200000000000045,1.0914285714285727,3
28334,2025,F,2,2,21,1555.2072242125666,1542.6559969726684,12.551227239898253,-0.5976774876142026,True,53.200000000000045,-2.5333333333333354,2
28335,2025,F,2,2,21,1564.4245606839745,1562.4655435557206,1.9590171282538904,-0.09328652991685192,True,42.80000000000018,-2.038095238095247,2
26957,2025,F,2,2,22,1580.5228062804817,1574.5151185053048,6.007687775176919,-0.2730767170534963,True,-19.5,0.8863636363636364,2
25587,2025,F,2,2,14,1671.1464980154255,1601.7790295417844,69.36746847364111,-4.954819176688651,True,53.59999999999991,-3.828571428571422,2
19453,2025,F,3,3,35,1631.9292144011006,1623.486910668339,8.442303732761502,-0.24120867807890006,True,33.59999999999991,-0.9599999999999974,3
85,2025,F,2,2,14,1750.114857547015,1602.749275486143,147.36558206087193,-10.526113004347994,True,123.79999999999995,-8.84285714285714,2
27259,2025,F,3,3,35,1617.6513576008986,1607.5596370337241,10.091720567174434,-0.28833487334784097,True,26.399999999999864,-0.7542857142857103,3
27265,2025,F,2,2,14,1658.257728120095,1606.2421608858344,52.015567234260516,-3.7153976595900366,True,27.0,-1.9285714285714286,2
27609,2025,F,3,3,35,1684.9705904894752,1641.1064571266315,43.86413336284363,-1.2532609532241037,True,70.0,-2.0,3
19454,2025,F,2,2,14,1606.3170551501519,1628.7518667949564,-22.43481164480454,1.602486546057467,False,-48.90000000000009,3.4928571428571495,2
19457,2025,F,3,3,22,1633.7556582352913,1647.4776135210793,-13.721955285787999,0.6237252402630908,False,-40.700000000000045,1.850000000000002,3
1947,2025,F,2,2,21,1655.6276794536925,1777.4837376230216,-121.85605816932912,5.80266943663472,False,-79.19999999999982,3.771428571428563,2
27275,2025,F,2,2,14,1717.8860149261961,1659.7027124199988,58.18330250619738,-4.1559501790140985,True,32.40000000000009,-2.3142857142857207,2
11346,2025,F,3,3,22,1667.96269458403,1661.6432043087163,6.319490275313683,-0.28724955796880375,True,-20.59999999999991,0.9363636363636322,3
28336,2025,F,2,2,21,1661.7402289031522,1727.71100751485,-65.97077861169782,3.1414656481760868,False,-22.899999999999864,1.090476190476184,2
26950,2025,F,4,4,43,1727.3074665780953,1707.5032790909324,19.804187487162835,-0.4605624997014613,True,36.90000000000009,-0.8581395348837231,4
27260,2025,F,2,2,14,1624.550498223092,1672.1218605077906,-47.57136228469858,3.3979544489070412,False,-75.10000000000014,5.364285714285724,2
81,2025,F,2,2,14,1789.6807377397233,1677.6522623906349,112.02847534908847,-8.002033953506318,True,96.30000000000018,-6.878571428571441,2
8125,2025,F,3,3,35,1728.3056888833041,1730.7969167815568,-2.491227898252646,0.0711779399500756,False,24.09999999999991,-0.688571428571426,3
27281,2025,F,2,2,14,1761.1534825425247,1732.9562812190811,28.19720132344355,-2.0140858088173963,True,0.8000000000001819,-0.05714285714287014,2
21224,2025,F,2,2,36,1730.0763529162882,1735.9640436465932,-5.887690730304939,0.16354696473069275,False,-46.5263148059164,1.2923976334976777,2
11347,2025,F,3,3,36,1802.7028113310523,1736.2551174299006,66.44769390115175,-1.8457692750319932,True,26.32896398562957,-0.7313601107119325,3
1971,2025,F,3,3,35,1721.4341443890387,1777.583283083238,-56.14913869419934,1.6042611055485525,False,-39.100000000000136,1.117142857142861,3
27273,2025,F,3,3,28,1712.9000353765603,1776.3262749319153,-63.426239555355096,2.265222841262682,False,-110.77425397906472,3.9562233563951685,3
264,2025,F,3,3,35,1883.900261623139,1715.168279527591,168.7319820955479,-4.8209137741585115,True,198.5,-5.671428571428572,3
27627,2025,F,3,3,35,1944.1968351801638,1713.476006703913,230.72082847625074,-6.592023670750021,True,261.70000000000005,-7.477142857142859,3
27286,2025,F,2,2,14,1863.556441206226,1783.0209719479903,80.53546925823571,-5.752533518445408,True,53.09999999999991,-3.7928571428571365,2
26948,2025,F,3,3,22,1550.7518409279774,1804.8515056960612,-254.0996647680838,11.549984762185629,False,-287.10000000000014,13.050000000000006,3
3820,2025,F,2,2,14,1755.4370517412785,1804.948530290497,-49.51147854921851,3.536534182087036,False,-79.20000000000005,5.65714285714286,2
11344,2025,F,4,4,43,1650.2184105990934,1674.6532772195392,-24.434866620445746,0.5682527121033895,False,-8.299999999999955,0.19302325581395244,4
26962,2025,F,3,3,22,1729.3776330430046,1814.74801432852,-85.37038128551535,3.880471876614334,False,-116.10000000000014,5.2772727272727336,3
27278,2025,F,2,2,14,1737.8935227305576,1841.3327532039484,-103.43923047339081,7.388516462385057,False,-134.5,9.607142857142858,2
1961,2025,F,2,2,14,1750.3119758505063,1932.1477735959231,-181.8357977454168,12.988271267529772,False,-215.5,15.392857142857142,2
2841,2025,F,2,2,14,1914.8072001139496,1939.9097411507928,-25.10254103684315,1.7930386454887963,False,-56.600000000000136,4.0428571428571525,2
1983,2025,F,2,2,14,2112.713976819159,2040.039122608611,72.67485421054812,-5.191061015039152,True,41.0,-2.9285714285714284,2
28342,2025,M,2,2,21,1468.5088570875362,1488.1773807125073,-19.668523624971158,0.9365963630938646,False,30.200000000000045,-1.4380952380952403,2
1715,2025,M,3,3,42,1567.1356954687406,1514.9582019201382,52.17749354860234,-1.2423212749667225,True,78.89999999999986,-1.8785714285714252,3
27079,2025,M,2,2,21,1601.6976660110663,1543.1379957264112,58.55967028465511,-2.78855572784072,True,33.40000000000009,-1.5904761904761948,2
1712,2025,M,3,3,42,1579.276444327801,1568.8185152038861,10.457929123914937,-0.24899831247416518,True,37.200000000000045,-0.8857142857142868,3
18915,2025,M,3,3,42,1587.30500405718,1612.7231328714147,-25.418128814234706,0.6051935431960644,False,1.2999999999999545,-0.03095238095237987,3
27078,2025,M,3,3,42,1588.7736430320663,1570.9092112832923,17.864431748773995,-0.4253436130660475,True,44.799999999999955,-1.0666666666666655,3
28343,2025,M,2,2,21,1579.9229389006696,1627.0593345587708,-47.136395658101264,2.2445902694333935,False,6.400000000000091,-0.3047619047619091,2
27081,2025,M,3,3,42,1648.7920224724223,1673.25376221803,-24.4617397456077,0.5824223748954215,False,3.2999999999999545,-0.07857142857142749,3
27083,2025,M,3,3,42,1688.5431840593465,1663.098952689486,25.444231369860518,-0.6058150326157266,True,54.09999999999991,-1.288095238095236,3
28344,2025,M,2,2,21,1650.2187727153516,1660.4109148731068,-10.192142157755143,0.4853401027502449,False,45.90000000000009,-2.18571428571429,2
27084,2025,M,2,2,21,1808.3841244100736,1704.240639523621,104.1434848864526,-4.959213566021552,True,77.20000000000005,-3.6761904761904782,2
2803,2025,M,3,3,42,1788.802271411589,1764.647047974926,24.155223436662936,-0.5751243675395937,True,54.5,-1.2976190476190477,3
24711,2025,M,2,2,21,1839.5192706776645,1790.2326663681565,49.28660430950799,-2.3469811575956188,True,19.700000000000045,-0.9380952380952403,2
1719,2025,M,2,2,21,1836.2882649329144,1830.6768447272887,5.611420205625791,-0.2672104859821805,True,-25.59999999999991,1.2190476190476147,2
27094,2025,M,3,3,42,2044.834999366778,1911.2944444018408,133.5405549649372,-3.1795370229746953,True,168.70000000000005,-4.0166666666666675,3
23485,2025,M,3,3,42,2314.477115155914,2236.2483493152486,78.22876584066535,-1.8625896628729843,True,117.70000000000027,-2.802380952380959,3
27101,2025,F,3,3,42,1469.2465650908077,1434.4500817175035,34.79648337330423,-0.8284876993643864,True,72.0,-1.7142857142857142,3
18911,2025,F,2,2,21,1428.4611349957556,1425.4871969937578,2.9739380019977943,-0.1416160953332283,True,-14.266462548730487,0.6793553594633566,2
28347,2025,F,2,2,21,1659.4456630030634,1524.040995912212,135.40466709085126,-6.447841290040536,True,198.03621644466102,-9.430296021174334,2
23464,2025,F,3,3,42,1730.2733176991414,1641.0069116664154,89.26640603272608,-2.1253906198268115,True,133.29999999999995,-3.1738095238095227,3
8075,2025,M,3,3,28,1708.6386521610286,1667.677727574367,40.96092458666158,-1.4628901638093421,True,-7.67441977185058,0.274086420423235,3
26905,2025,M,3,3,28,1724.6255328094705,1743.8498780349535,-19.22434522548292,0.6865837580529615,False,-70.4838042608369,2.517278723601318,3
19600,2025,M,2,2,28,1791.8356841070022,1769.7233081026811,22.11237600432105,-0.7897277144400375,True,-29.6375431329011,1.0584836833178966,2
24986,2025,M,3,3,28,1896.7291969330035,1812.395159184531,84.33403774847261,-3.0119299195883076,True,31.736597413852678,-1.1334499076375957,3
6820,2025,M,2,2,28,1839.1438003115748,1852.2672734306936,-13.123473119118898,0.46869546853996064,False,-67.5224564166358,2.411516300594136,2
26907,2025,M,3,3,28,1773.238700495549,1828.7108669511206,-55.472166455571596,1.9811488019847,False,-109.45519791101947,3.909114211107838,3
20497,2025,M,2,2,7,1657.944839792548,1643.4724427545036,14.472397038044392,-2.067485291149199,True,16.43285989205492,-2.347551413150703,2
28350,2025,M,2,2,7,1706.2621463135008,1697.4909592992233,8.77118701427753,-1.2530267163253614,True,10.770175008028673,-1.5385964297183818,2
28351,2025,M,2,2,7,1815.7229528424193,1821.8972398264566,-6.1742869840372805,0.8820409977196115,False,-4.094190179425368,0.5848843113464811,2
28352,2025,M,2,2,7,1876.8365781761142,1823.534164570236,53.3024136058782,-7.614630515125457,True,55.6339102786344,-7.947701468376343,2
25503,2025,M,2,2,7,1898.8243384395653,1825.1710893140157,73.65324912554956,-10.521892732221366,True,76.07201073669421,-10.86743010524203,2
28361,2025,M,2,2,7,1642.5792989925003,1618.918571597813,23.66072739468723,-3.3801039135267468,True,25.631353021157565,-3.6616218601653663,2
22593,2025,M,2,2,7,1658.0245055906037,1638.5616685231655,19.46283706743816,-2.7804052953483085,True,21.438558517875435,-3.062651216839348,2
27568,2025,M,2,2,14,1895.5185302373447,1864.5281899180125,30.99034031933229,-2.2135957370951638,True,13.5,-0.9642857142857143,2
3412,2025,M,3,3,28,2034.9015225373946,1951.3200318243084,83.58149071308617,-2.9850532397530776,True,26.905488616186403,-0.960910307720943,3
22351,2025,F,2,2,14,1369.7616734393375,1333.4133463825951,36.34832705674239,-2.5963090754815994,True,9.899999999999864,-0.7071428571428474,2
19595,2025,F,3,3,28,1560.1074032399179,1464.2362676936325,95.87113554628536,-3.4239691266530485,True,46.591826663451684,-1.6639938094089888,3
267,2025,F,2,2,14,1743.8945591199986,1633.0276342051552,110.86692491484337,-7.919066065345954,True,79.79999999999995,-5.699999999999997,2
27629,2025,F,2,2,14,2192.7363700859487,2324.0533368539786,-131.31696676802994,9.379783340573567,False,-181.30000000000018,12.950000000000014,2
162,2025,M,2,2,29,1920.0193334765731,1950.4511479787504,-30.431814502177303,1.0493729138681829,False,-88.77899169737611,3.0613445412888316,2
179,2025,M,2,2,29,1956.1063789476243,1991.0956034209648,-34.98922447334053,1.2065249818393284,False,-94.5757705580886,3.261233467520297,2
26869,2025,M,3,3,29,2006.466658821405,2390.6856297281493,-384.2189709067443,13.248930031267044,False,-457.8138126995307,15.78668319653554,3
28245,2025,F,2,2,21,1612.8192188609082,1634.661719188467,-21.84250032755881,1.0401190632170862,False,1.7000000000000455,-0.08095238095238312,2
28246,2025,F,2,2,21,1640.6738185404656,1689.7399953906893,-49.066176850223655,2.336484611915412,False,-26.200000000000045,1.2476190476190498,2
19514,2025,F,2,2,21,1624.188443219911,1647.6382764088858,-23.449833188974708,1.11665872328451,False,0.20000000000004547,-0.00952380952381169,2
19375,2025,M,5,5+,50,1418.3829688927058,1498.4070451837877,-80.02407629108188,1.6004815258216376,False,-19.415404943282738,0.38830809886565476,5
666,2025,M,4,4,50,1426.1549303660904,1506.4839048803262,-80.32897451423582,1.6065794902847166,False,-19.387818121054124,0.38775636242108247,4
18961,2025,M,3,3,42,1561.4307175051463,1524.9310535699517,36.499663935194576,-0.8690396175046328,True,58.100000000000136,-1.3833333333333366,3
673,2025,M,5,5+,50,1489.4964163741756,1531.6119128251132,-42.1154964509376,0.842309929018752,False,21.652014480108846,-0.43304028960217694,5
466,2025,M,5,5+,50,1497.0093124651141,1548.2642038043966,-51.254891339282494,1.0250978267856499,False,12.808681741596502,-0.25617363483193,5
22379,2025,M,2,2,21,1549.7814969853819,1538.6916293492397,11.089867636142117,-0.5280889350543865,True,34.5,-1.6428571428571428,2
467,2025,M,3,3,42,1565.8570991536112,1564.5176375147153,1.3394616388959548,-0.03189194378323702,True,22.90000000000009,-0.5452380952380974,3
18963,2025,M,4,4,42,1613.170200773869,1587.0530732112306,26.117127562638416,-0.6218363705390099,True,48.40000000000009,-1.1523809523809545,4
8108,2025,M,5,5+,50,1497.3979105387834,1567.4093527147106,-70.01144217592719,1.4002288435185437,False,-5.984938917292311,0.11969877834584622,5
19384,2025,M,5,5+,49,1566.4993729669786,1600.6142203560364,-34.114847389057786,0.6962213752868935,False,3.204791284604653,-0.0654039037674419,5
695,2025,M,4,4,42,1671.9918946801358,1598.719648328453,73.27224635168272,-1.744577294087684,True,96.5,-2.2976190476190474,4
26996,2025,M,3,3,42,1684.287399259205,1608.9902230042987,75.29717625490616,-1.7927899108310992,True,98.70000000000005,-2.350000000000001,3
18965,2025,M,2,2,21,1637.7612099320074,1625.521959344391,12.239250587616425,-0.5828214565531631,True,10.299999999999955,-0.4904761904761883,2
675,2025,M,4,4,42,1675.3362719256427,1596.3265047146642,79.00976721097845,-1.881184933594725,True,102.29999999999995,-2.4357142857142846,4
27005,2025,M,3,3,21,1745.9616502278157,1628.5672957038323,117.39435452398334,-5.590207358284921,True,117.20000000000005,-5.580952380952383,3
18964,2025,M,4,4,42,1562.9061780546344,1539.2899152526873,23.616262801947187,-0.562291971474933,True,45.200000000000045,-1.0761904761904773,4
18969,2025,M,3,3,42,1708.3865882341804,1631.027087114608,77.35950111957231,-1.841892883799341,True,101.09999999999991,-2.407142857142855,3
699,2025,M,2,2,21,1716.3540752014171,1647.723443771286,68.63063143013119,-3.2681253061967235,True,67.60000000000014,-3.2190476190476254,2
711,2025,M,4,4,42,1729.5348561101791,1675.2005296524676,54.33432645771154,-1.2936744394693225,True,78.29999999999995,-1.8642857142857132,4
3615,2025,M,2,2,15,1680.9236848127455,1646.9375505172368,33.98613429550869,-2.2657422863672463,True,81.22611008730246,-5.415074005820164,2
575,2025,F,2,2,21,1429.2643823339588,1379.8387800879837,49.42560224597514,-2.3536001069511974,True,61.5,-2.9285714285714284,2
18922,2025,F,5,5+,50,1295.5093711788884,1391.1039908494854,-95.59461967059701,1.9118923934119403,False,-36.684186933671526,0.7336837386734305,5
20764,2025,F,4,4,57,1413.6941609903083,1398.182132124411,15.512028865897264,-0.2721408572964432,True,22.006668745499383,-0.38608190781577867,4
570,2025,F,2,2,42,1411.546130646511,1405.958118313766,5.588012332745166,-0.13304791268440871,True,31.100000000000136,-0.7404761904761937,2
7704,2025,F,3,3,57,1540.0913164616645,1566.6618328937698,-26.57051643210525,0.4661494110895658,False,-6.113408548411371,0.10725278155107669,3
27058,2025,F,4,4,42,1700.3382452071157,1585.6033377139934,114.73490749312236,-2.7317835117410088,True,145.79999999999995,-3.47142857142857,4
18931,2025,F,3,3,42,1680.6545507253654,1587.098719673485,93.55583105188043,-2.227519786949534,True,124.20000000000005,-2.957142857142858,3
24666,2025,F,4,4,57,1647.034055414813,1587.6968724572812,59.33718295753192,-1.0410032097812618,True,67.03124155920636,-1.1759866940211643,4
2323,2025,F,2,2,34,1649.165566121478,1592.2827104663882,56.88285565508977,-1.6730251663261697,True,65.15999999999985,-1.91647058823529,2
28271,2025,F,2,2,21,1551.0721935566648,1596.868548475495,-45.79635491883005,2.1807788056585737,False,-33.0,1.5714285714285714,2
26228,2025,F,3,3,42,1735.2988368985827,1604.0463818810535,131.2524550175292,-3.1250584527983145,True,163.0,-3.880952380952381,3
18933,2025,F,2,2,34,1695.2977288739107,1622.589118178746,72.70861069516468,-2.138488549857785,True,97.40000000000009,-2.864705882352944,2
27525,2025,F,2,2,35,1559.4172276156246,1622.7885024400116,-63.371274824387,1.8106078521253428,False,-53.899999999999864,1.539999999999996,2
27059,2025,F,2,2,42,1717.182003669111,1624.1841922688702,92.99781140024083,-2.2142336047676388,True,124.29999999999995,-2.9595238095238083,2
18932,2025,F,2,2,42,1676.051895796797,1625.3804978364635,50.67139796033348,-1.2064618561984162,True,81.09999999999991,-1.9309523809523788,2
27051,2025,F,3,3,42,1532.6840912133023,1626.5768034040564,-93.89271219075408,2.2355407664465257,False,-66.5,1.5833333333333333,3
27049,2025,F,3,3,42,1492.0436274823253,1626.6764955346894,-134.63286805236407,3.2055444774372397,False,-108.10000000000014,2.573809523809527,3
18930,2025,F,3,3,42,1636.1948626919593,1627.174956187853,9.019906504106302,-0.21475967866919768,True,38.59999999999991,-0.9190476190476169,3
27060,2025,F,3,3,42,1736.0822675247218,1627.3743404491186,108.70792707560327,-2.588283977990554,True,140.39999999999986,-3.3428571428571394,3
3116,2025,F,3,3,42,1666.9445147679273,1651.3004518009802,15.644062966947104,-0.37247768968921674,True,45.799999999999955,-1.0904761904761895,3
18945,2025,F,2,2,21,1632.0467044263048,1662.5656625624817,-30.518958136176934,1.4532837207703302,False,-17.0,0.8095238095238095,2
612,2025,F,2,2,21,1717.9647141280348,1667.749653355385,50.21506077264985,-2.3911933701261834,True,64.69999999999982,-3.0809523809523722,2
26825,2025,F,4,4,57,1717.1206109643797,1672.235799233859,44.884811730520596,-0.7874528373775543,True,52.85384758300211,-0.9272604839123176,4
16160,2025,F,2,2,36,1791.0525293833239,1677.519482157395,113.53304722592884,-3.153695756275801,True,132.30097481155735,-3.6750270780988155,2
27425,2025,F,2,2,34,1685.8123670626262,1681.5071673827053,4.305199679920861,-0.12662351999767238,True,12.599999999999909,-0.370588235294115,2
11440,2025,F,2,2,35,1702.5875620653721,1684.9963919548518,17.591170110520352,-0.5026048603005815,True,28.200000000000045,-0.805714285714287,2
27066,2025,F,2,2,42,1834.6965975900082,1685.5945447386482,149.10205285135999,-3.550048877413333,True,182.70000000000005,-4.350000000000001,2
27068,2025,F,3,3,42,1891.1036026720387,1686.4917739143432,204.61182875769555,-4.871710208516561,True,239.39999999999986,-5.699999999999997,3
655,2025,F,4,4,42,1860.647737080873,1692.4733017523085,168.1744353285644,-4.004153222108677,True,202.29999999999995,-4.8166666666666655,4
28277,2025,F,2,2,21,1712.032515529526,1698.3551374596411,13.67737806988498,-0.6513037176135705,True,28.0,-1.3333333333333333,2
28280,2025,F,2,2,21,1771.651111444536,1705.1342023426687,66.51690910186721,-3.167471861993677,True,81.5,-3.880952380952381,2
28275,2025,F,2,2,21,1682.8658724201932,1708.9225033067135,-26.056630886520225,1.2407919469771536,False,-12.100000000000136,0.5761904761904827,2
2330,2025,F,2,2,34,1798.6991964912477,1713.109572793289,85.58962369795859,-2.51734187346937,True,94.68999999999983,-2.784999999999995,2
27232,2025,F,2,2,36,1642.225945593511,1718.4929478474578,-76.26700225394688,2.1185278403874133,False,-25.732140546874916,0.7147816818576366,2
27540,2025,F,2,2,35,1747.867038081659,1729.8578507395923,18.009187342066753,-0.5145482097733358,True,28.899999999999864,-0.8257142857142818,2
4115,2025,F,2,2,21,1844.3915515884826,1741.3968985921429,102.99465299633971,-4.904507285539986,True,122.10000000000014,-5.814285714285721,2
27065,2025,F,4,4,42,1820.6927751477679,1791.866355993167,28.8264191546009,-0.6863433132047833,True,61.799999999999955,-1.4714285714285704,4
2499,2025,F,3,3,42,1339.274655385159,1303.4746080232924,35.80004736186652,-0.8523820800444409,True,60.09999999999991,-1.4309523809523788,3
25052,2025,F,3,3,42,1495.6669941282196,1338.1674694834917,157.4995246447279,-3.7499886820173307,True,185.0,-4.404761904761905,3
567,2025,F,4,4,42,1395.9754469519917,1343.9496130601915,52.025833891800175,-1.238710330757147,True,77.40000000000009,-1.842857142857145,4
27228,2025,F,3,3,36,1411.4746604597333,1370.2683355472393,41.20632491249398,-1.1446201364581663,True,84.97015499927079,-2.3602820833130775,3
26994,2025,M,4,4,42,1668.450789361364,1650.670807611128,17.779981750235947,-0.4233328988151416,True,40.799999999999955,-0.9714285714285703,4
27002,2025,M,4,4,42,1730.7152245497698,1663.434240218004,67.2809843317657,-1.6019281983753737,True,91.29999999999995,-2.1738095238095227,4
18977,2025,M,4,4,42,1696.189447691744,1620.6567981215212,75.5326495702227,-1.7983964183386358,True,99.10000000000014,-2.3595238095238127,4
681,2025,M,3,3,42,1683.7955790760423,1663.1350972662806,20.660481809761677,-0.4919162335657542,True,43.899999999999864,-1.045238095238092,3
26921,2025,M,2,2,28,1641.726266426978,1687.8039997278045,-46.07773330082637,1.6456333321723702,False,13.77563683850667,-0.4919870299466668,2
28312,2025,M,2,2,21,1697.8241387169344,1650.271950342163,47.552188374771276,-2.264389922608156,True,73.29999999999995,-3.4904761904761883,2
704,2025,M,4,4,42,1808.3244494528542,1675.39995828695,132.9244911659041,-3.164868837283431,True,158.20000000000005,-3.766666666666668,4
523,2025,M,2,2,14,1753.339125376155,1705.584834600672,47.754290775483014,-3.411020769677358,True,88.39999999999986,-6.314285714285704,2
2176,2025,M,3,3,42,1792.7829316649108,1774.316560990239,18.466370674671907,-0.439675492254093,True,43.19999999999982,-1.0285714285714243,3
28314,2025,M,2,2,21,1714.7208436789958,1744.4022658178733,-29.68142213887745,1.4134010542322595,False,-3.900000000000091,0.18571428571429005,2
3137,2025,M,2,2,21,1715.1137903060207,1684.0751038869362,31.03868641908457,-1.4780326866230749,True,57.0,-2.7142857142857144,2
5708,2025,M,3,3,42,1757.0767863672938,1686.0693902317607,71.0073961355331,-1.6906522889412643,True,95.39999999999986,-2.2714285714285682,3
691,2025,M,4,4,42,1877.7694593154367,1752.8779827833769,124.89147653205987,-2.9736065840966637,True,151.0999999999999,-3.5976190476190455,4
717,2025,M,4,4,42,1680.9430220136983,1625.542799666341,55.400222347357385,-1.3190529130323188,True,78.70000000000005,-1.873809523809525,4
27236,2025,M,2,2,15,1774.6964167098488,1727.688082370811,47.0083343390379,-3.13388895593586,True,73.1311860202652,-4.875412401351014,2
26182,2025,M,2,2,15,1816.38849774623,1741.932397600456,74.45610014577414,-4.9637400097182764,True,101.66550644455288,-6.777700429636858,2
740,2025,M,4,4,42,1804.586616060817,1758.561698866126,46.02491719469094,-1.0958313617783557,True,71.0,-1.6904761904761905,4
19385,2025,M,4,4,42,1992.7570181388912,1739.4165499558123,253.34046818307888,-6.031915909120926,True,281.5,-6.7023809523809526,4
27022,2025,M,4,4,42,1959.8050658669858,1736.125977486852,223.67908838013386,-5.3256925804793775,True,251.30000000000018,-5.983333333333338,4
19002,2025,M,4,4,42,1855.8342791463774,1765.8408440247351,89.99343512164228,-2.142700836229578,True,115.79999999999995,-2.7571428571428562,4
18968,2025,M,3,3,42,1796.0289448737851,1761.7525570178452,34.2763878559399,-0.8161044727604738,True,59.100000000000136,-1.4071428571428604,3
27004,2025,M,4,4,42,1744.387825641695,1728.248546424796,16.139279216899013,-0.38426855278330985,True,40.200000000000045,-0.9571428571428582,4
20434,2025,M,2,2,13,1740.619616551523,1777.1993573759216,-36.57974082439864,2.813826217261434,False,-30.09999999999991,2.3153846153846085,2
28387,2025,M,2,2,21,1779.9499837650949,1741.2114076661542,38.73857609894071,-1.8446940999495578,True,65.70000000000005,-3.128571428571431,2
25030,2025,M,3,3,21,1817.669032932947,1786.2371297974896,31.431903135457333,-1.4967572921646348,True,29.600000000000136,-1.409523809523816,3
19007,2025,M,3,3,42,1970.6251098965668,1785.0857072522904,185.53940264427638,-4.417604824863723,True,213.20000000000005,-5.076190476190478,3
27018,2025,M,4,4,42,1886.523858575734,1771.225417155761,115.29844141997296,-2.7452009861898325,True,141.60000000000014,-3.3714285714285745,4
734,2025,M,4,4,42,1868.1297837254465,1763.3479860937048,104.78179763174171,-2.4948047055176596,True,130.79999999999995,-3.114285714285713,4
28319,2025,M,2,2,21,1811.876897210851,1733.4336909213393,78.44320628951164,-3.7353907756910303,True,106.0,-5.0476190476190474,2
743,2025,M,5,5+,49,1716.9767014645213,1905.7400311141644,-188.76332964964308,3.852312849992716,False,-148.29246181882377,3.02637677181273,5
760,2025,M,4,4,42,1951.5424867898514,1945.5260436934104,6.01644309644098,-0.14324864515335667,True,32.90000000000009,-0.7833333333333355,4
725,2025,M,2,2,21,1848.322696867391,1838.5325812935832,9.790115573807725,-0.46619597970512977,True,37.700000000000045,-1.7952380952380973,2
27017,2025,M,4,4,42,1885.146762062878,1838.6322956108245,46.51446645205351,-1.1074872964774645,True,72.59999999999991,-1.7285714285714264,4
27013,2025,M,2,2,21,1859.572112538414,1860.9952255889373,-1.4231130505231704,0.06776728812015097,False,-3.900000000000091,0.18571428571429005,2
27405,2025,M,2,2,14,2074.678927812736,1863.74585197811,210.93307583462615,-15.066648273901867,True,261.79999999999995,-18.699999999999996,2
3153,2025,M,2,2,21,1866.2017683970143,1892.9765985072886,-26.77483011027425,1.2749919100130596,False,1.2999999999999545,-0.06190476190475974,2
778,2025,M,4,4,42,2049.7097953491393,1900.5548866176212,149.15490873151816,-3.5513073507504322,True,177.80000000000018,-4.233333333333338,4
27024,2025,M,4,4,42,1992.2651979557286,1913.6174621762207,78.64773577950791,-1.8725651376073311,True,106.30000000000018,-2.5309523809523853,4
513,2025,M,3,3,21,1722.8705006797625,1898.0304451860143,-175.1599445062518,8.340949738392943,False,-171.406715973186,8.162224570151714,3
2754,2025,M,2,2,21,1902.2546214265299,1864.2588751418175,37.99574628471237,-1.80932125165297,True,66.80000000000018,-3.1809523809523896,2
24464,2025,M,2,2,21,1908.3606747081603,1908.4435308021687,-0.08285609400832072,0.0039455282861105105,False,-2.6000000000001364,0.12380952380953031,2
27023,2025,M,3,3,42,1986.2649917211425,1940.8394707830735,45.425520938068985,-1.0815600223349757,True,72.89999999999986,-1.7357142857142824,3
2608,2025,M,3,3,21,1931.181131206913,1922.0001894345205,9.180941772392543,-0.437187703447264,True,6.7999999999999545,-0.32380952380952166,3
27029,2025,M,3,3,42,2042.3324926016978,1956.8934758589094,85.43901674278845,-2.034262303399725,True,113.80000000000018,-2.7095238095238137,3
27237,2025,M,3,3,36,1788.873824618946,1717.778543114468,71.09528150447795,-1.9748689306799432,True,123.765022940363,-3.4379173038989723,3
26836,2025,M,4,4,36,1813.3796707993906,1834.8642748917953,-21.484604092404652,0.5967945581223515,False,-19.67787559212843,0.5466076553369008,4
24595,2025,M,5,5+,42,1550.399719013879,1571.5779509651381,-21.17823195125925,0.504243617887125,False,-10.109880440985535,0.24071143907108417,5
530,2025,M,4,4,21,1783.4131387558589,1664.718385390104,118.69475336575488,-5.6521311126549945,True,127.96503597554715,-6.093573141692722,4
737,2025,M,2,2,21,2032.2993608651775,1930.3503052587953,101.94905560638222,-4.854716933637248,True,101.09999999999991,-4.81428571428571,2
2730,2025,M,2,2,21,1937.3251078884834,1968.3606223416496,-31.035514453166115,1.477881640626958,False,-1.900000000000091,0.0904761904761948,2
759,2025,M,2,2,21,1990.6913733696074,1938.8968943965824,51.79447897302498,-2.466403760620237,True,50.09999999999991,-2.3857142857142812,2
28321,2025,M,2,2,21,1939.9774976209,1950.7111881899539,-10.733690569053806,0.5111281223358956,False,18.5,-0.8809523809523809,2
19013,2025,M,4,4,42,1967.0840045777948,1922.6914650451715,44.39253953262323,-1.0569652269672198,True,71.59999999999991,-1.7047619047619027,4
28322,2025,M,2,2,21,1988.702879371962,2010.3403499002025,-21.637470528240556,1.0303557394400265,False,8.300000000000182,-0.3952380952381039,2
19387,2025,M,3,3,21,1850.5226211682195,1992.1411623584281,-141.6185411902086,6.743740056676599,False,-146.60000000000014,6.980952380952387,3
28388,2025,M,2,2,21,2009.0378673204896,2040.1549307553269,-31.11706343483729,1.4817649254684424,False,-0.900000000000091,0.04285714285714719,2
27027,2025,M,4,4,42,2037.8077469166,2004.9557767691767,32.851970147423344,-0.7821897654148415,True,60.99999999999977,-1.452380952380947,4
27038,2025,M,4,4,42,2265.6188557575933,1991.893201210577,273.72565454701635,-6.517277489214675,True,305.7000000000003,-7.278571428571435,4
27015,2025,M,2,2,21,1873.3430776669718,2039.7859408851716,-166.44286321819982,7.925850629438086,False,-171.9000000000001,8.18571428571429,2
27031,2025,M,2,2,21,2069.8744228588125,2044.6977737229804,25.176649135832122,-1.198888054087244,True,22.90000000000009,-1.0904761904761948,2
19009,2025,M,2,2,15,2109.4932790372645,2048.823713306739,60.66956573052539,-4.044637715368359,True,91.80653491857902,-6.120435661238601,2
756,2025,M,2,2,21,2060.317402147212,2023.3032111415607,37.01419100565113,-1.7625805240786252,True,68.20000000000027,-3.2476190476190605,2
20441,2025,M,3,3,42,2163.221893623105,2140.567248217233,22.65464540587209,-0.5393963191874307,True,52.5,-1.25,3
28327,2025,M,2,2,21,2071.221671047147,2223.5295601619273,-152.3078891147802,7.252756624513343,False,-121.5,5.785714285714286,2
27044,2025,M,2,2,21,2586.088887106451,2153.936936035844,432.15195107060663,-20.578664336695553,True,436.5,-20.785714285714285,2
27042,2025,M,4,4,42,2462.838749205862,2303.0018710031777,159.83687820268415,-3.8056399572067656,True,194.20000000000027,-4.6238095238095305,4
27039,2025,M,3,3,42,2309.8826722422423,2282.061864382522,27.82080785972039,-0.6624001871361997,True,59.70000000000027,-1.421428571428578,3
4304,2025,M,2,2,21,2361.216281791369,2266.805573844616,94.41070794675306,-4.495747997464432,True,130.29999999999973,-6.204761904761892,2
26843,2025,M,3,3,36,2353.076001394447,2408.075167064064,-54.999165669617014,1.527754601933806,False,-53.141529042166894,1.4761535845046359,3
27048,2025,F,3,3,42,1478.3335915248872,1430.7814588413225,47.55213268356465,-1.1321936353229678,True,74.39999999999986,-1.7714285714285682,3
27229,2025,F,3,3,36,1457.6453469938047,1496.3788807976764,-38.73353380387175,1.075931494551993,False,6.210820078129927,-0.17252277994805354,3
25022,2025,F,3,3,42,1467.169705102402,1445.0374335218066,22.132271580595443,-0.5269588471570343,True,48.700000000000045,-1.1595238095238105,3
3000,2025,F,4,4,42,1486.8533995841522,1444.8380492605413,42.015350323610846,-1.0003654838954963,True,69.0,-1.6428571428571428,4
28265,2025,F,2,2,21,1457.9366755600827,1492.391195572366,-34.45452001228341,1.6406914291563528,False,-22.40000000000009,1.066666666666671,2
18937,2025,F,2,2,21,1591.0496728606813,1459.41972520971,131.62994765097142,-6.268092745284354,True,148.60000000000014,-7.076190476190483,2
27052,2025,F,4,4,42,1551.0947109275764,1469.9604661799958,81.13424474758062,-1.9317677320852529,True,109.40000000000009,-2.604761904761907,4
481,2025,F,3,3,21,1464.4693737126968,1473.0637819862795,-8.594408273582758,0.40925753683727417,False,8.297723617591828,-0.39512969607580134,3
28267,2025,F,2,2,21,1496.298226497104,1501.6625637212126,-5.364337224108567,0.2554446297194556,False,7.100000000000136,-0.3380952380952446,2
18938,2025,F,3,3,42,1602.4094169397013,1503.8557905951332,98.5536263445681,-2.3465149129659073,True,127.79999999999995,-3.042857142857142,3
7946,2025,F,3,3,28,1441.9995709557452,1507.9648837408372,-65.96531278509201,2.3559040280390002,False,-4.37870821170327,0.15638243613225963,3
26927,2025,F,2,2,28,1471.5553668055984,1508.6569735773298,-37.10160677173144,1.3250573847046943,False,26.09264892983424,-0.9318803189226514,2
27056,2025,F,2,2,21,1639.916158166121,1518.6428412181522,121.27331694796885,-5.774919854665184,True,138.5999999999999,-6.599999999999996,2
580,2025,F,3,3,36,1539.874113940547,1482.9204431622543,56.95367077829269,-1.5820464105081302,True,104.73567713229204,-2.90932436478589,3
20408,2025,F,2,2,14,1523.2967338144338,1521.80668047069,1.4900533437437389,-0.10643238169598135,True,23.200000000000045,-1.6571428571428604,2
18929,2025,F,3,3,36,1542.6320974282019,1524.5917537667465,18.04034366145538,-0.5011206572626494,True,65.78744252417073,-1.8274289590047426,3
3002,2025,F,2,2,21,1554.63151271577,1546.7234067672184,7.908105948551565,-0.3765764737405507,True,20.90000000000009,-0.9952380952380996,2
28272,2025,F,2,2,21,1559.8716214777858,1539.0471127084961,20.82450876928965,-0.9916432747280786,True,33.90000000000009,-1.6142857142857185,2
27231,2025,F,2,2,15,1609.232291278234,1563.826420543458,45.405870734776045,-3.0270580489850696,True,82.25229569102021,-5.483486379401347,2
27053,2025,F,2,2,21,1568.1343270461061,1572.9224583945042,-4.78813134839811,0.2280062546856243,False,10.399999999999864,-0.49523809523808876,2
27057,2025,F,2,2,21,1650.1007563059322,1594.970463185627,55.13029312030517,-2.6252520533478654,True,71.79999999999995,-3.4190476190476167,2
18928,2025,F,2,2,21,1678.9897606448194,1600.1117019710011,78.87805867381826,-3.7560980320865838,True,96.09999999999991,-4.5761904761904715,2
28273,2025,F,2,2,21,1601.0015317607772,1516.6163833161258,84.38514844465135,-4.018340402126254,True,98.0,-4.666666666666667,2
27064,2025,F,2,2,21,1807.3744545033996,1618.3037776730935,189.07067683030618,-9.003365563347913,True,208.79999999999995,-9.942857142857141,2
568,2025,F,3,3,42,1455.51617453858,1430.6817667106895,24.834407827890345,-0.5912954244735796,True,51.200000000000045,-1.21904761904762,3
3586,2025,F,2,2,21,1565.196462198084,1646.7783309459337,-81.58186874784974,3.8848508927547494,False,-67.29999999999995,3.2047619047619027,2
27234,2025,F,2,2,15,1794.2214800242596,1715.4929647119893,78.72851531227025,-5.248567687484683,True,120.13181882777508,-8.008787921851672,2
18950,2025,F,2,2,21,1838.5158218924375,1720.1398536141544,118.37596827828315,-5.636950870394436,True,137.60000000000014,-6.552380952380959,2
24817,2025,F,2,2,21,1873.868128896974,1745.7471775643826,128.1209513325914,-6.100997682504352,True,147.79999999999995,-7.038095238095236,2
28278,2025,F,2,2,21,1746.8347473074423,1857.5634700801534,-110.72872277271108,5.272796322510051,False,-96.5,4.595238095238095,2
4223,2025,F,2,2,21,1766.41100268252,1863.6446900487515,-97.2336873662316,4.6301755888681715,False,-82.80000000000018,3.9428571428571515,2
647,2025,F,2,2,21,1783.7132485948362,1939.8094778521775,-156.0962292573413,7.433153774159109,False,-141.70000000000005,6.747619047619049,2
18948,2025,F,3,3,21,2035.6465531947422,1791.3262367962554,244.32031639848674,-11.63430078088032,True,266.89999999999986,-12.709523809523803,3
26198,2025,F,3,3,21,2294.7662327903217,1805.5635134326756,489.2027193576462,-23.295367588459342,True,517.1000000000001,-24.62380952380953,3
28281,2025,F,2,2,21,1891.0860432278384,1884.5800374816306,6.5060057462078476,-0.3098097974384689,True,22.299999999999955,-1.0619047619047597,2
19368,2025,F,3,3,42,2262.449719462074,2094.531664594216,167.9180548678578,-3.9980489254251856,True,209.30000000000018,-4.983333333333338,3
28283,2025,F,2,2,21,2020.9023225585308,1981.0820199341388,39.82030262439207,-1.8962048868758128,True,56.799999999999955,-2.7047619047619027,2
652,2025,F,3,3,21,2385.7421142507487,2202.625339626172,183.11677462457692,-8.719846410694139,True,208.39999999999964,-9.923809523809506,3
27875,2025,F,2,2,13,2423.538666320617,2273.3173729250634,150.2212933955534,-11.555484107350262,True,166.69999999999982,-12.82307692307691,2
1053,2025,F,3,3,35,1717.944933580743,1511.9308531763863,206.01408040435672,-5.886116582981621,True,217.30000000000018,-6.2085714285714335,3
19367,2025,F,3,3,42,1512.7066102467497,1461.4866350762115,51.21997517053819,-1.2195232183461475,True,78.70000000000005,-1.873809523809525,3
16153,2025,F,2,2,42,1509.1811724291226,1467.866931436708,41.314240992414625,-0.9836724045813006,True,68.69999999999982,-1.6357142857142815,2
27178,2025,F,3,3,42,1518.2958688313092,1488.2041260857904,30.091742745518786,-0.7164700653694949,True,56.40000000000009,-1.342857142857145,3
26823,2025,F,3,3,57,1541.9042220904632,1518.9093023206792,22.99491976978402,-0.40341964508393013,True,30.09733252351225,-0.5280233776054781,3
27393,2025,M,3,3,21,1862.9834630844418,1818.8627526136452,44.120710470796666,-2.100986212895079,True,73.88219567959663,-3.5181997942665064,3
2586,2025,M,2,2,14,1917.852804135553,1971.925519773482,-54.07271563792892,3.862336831280637,False,11.799999999999955,-0.8428571428571396,2
1597,2025,M,2,2,14,2096.876743112631,1986.834230860479,110.04251225215216,-7.860179446582298,True,183.0999999999999,-13.078571428571422,2
19397,2025,M,3,3,21,2324.837302122089,2152.81788096238,172.01942115970905,-8.191401007605194,True,209.87527483136319,-9.99406070625539,3
4550,2025,F,3,3,21,1641.6843016378411,1662.6617931444243,-20.977491506583192,0.998928166980152,False,-4.505892603887332,0.21456631447082536,3
4549,2025,F,3,3,21,1723.224912646343,1752.5087190209938,-29.283806374650794,1.3944669702214665,False,-12.087311110703013,0.5755862433668101,3
19371,2025,F,2,2,14,2093.2655449946164,2273.8183548762527,-180.55280988163622,12.89662927725973,False,-156.0,11.142857142857142,2
27524,2025,F,2,2,35,1539.1058652888437,1531.5702029110394,7.535662377804329,-0.21530463936583796,True,17.100000000000136,-0.4885714285714325,2
1484,2025,F,2,2,42,1574.205914398686,1549.5147864249354,24.691127973750554,-0.5878839993750132,True,53.200000000000045,-1.2666666666666677,2
2700,2025,F,2,2,42,1554.0325757755988,1557.7892332674544,-3.756657491855549,0.08944422599656068,False,24.300000000000182,-0.578571428571433,2
1572,2025,M,2,2,21,1882.011149336929,1860.607143657237,21.40400567969209,-1.0192383656996233,True,51.32760343491327,-2.4441715921387273,2
4205,2025,M,2,2,21,1736.2369737859913,1630.0373660368991,106.19960774909214,-5.057124178528197,True,115.48000000000002,-5.49904761904762,2
4182,2025,M,2,2,21,1837.9254733352793,1770.4461899484206,67.4792833868587,-3.213299208898033,True,77.13000000000011,-3.672857142857148,2
4194,2025,M,2,2,21,1958.544288102807,1788.9648138328844,169.57947426992268,-8.075213060472509,True,180.24,-8.582857142857144,2
3296,2025,M,2,2,21,2103.742779174646,1984.2820050661733,119.4607741084726,-5.688608290879648,True,130.66999999999985,-6.222380952380945,2
1198,2025,M,4,4,57,1569.4605024080963,1565.8139236388513,3.646578769245025,-0.0639750661271057,True,11.670208659367745,-0.20474050279592534,4
2442,2025,M,4,4,57,1666.86967526124,1639.5028040801117,27.366871181128317,-0.4801205470373389,True,35.9558012673906,-0.6308035310068526,4
20766,2025,M,4,4,57,1618.8166552082678,1621.5542269766922,-2.737571768424459,0.048027574884639636,False,5.519764780155128,-0.09683797859921278,4
26817,2025,M,4,4,57,1628.1014760320625,1614.8733677215307,13.228108310531752,-0.23207207562336407,True,21.578592169214517,-0.37857179244235994,4
26818,2025,M,4,4,57,1669.9646155358382,1705.4139677765568,-35.449352240718554,0.6219184603634834,False,-27.024589602922788,0.47411560706882083,4
7641,2025,M,4,4,57,1727.9540227862046,1719.7728294592923,8.181193326912307,-0.1435297074896896,True,17.02703409014771,-0.29871989631838086,4
26821,2025,M,4,4,57,1852.891874923933,1928.375181127921,-75.48330620398792,1.324268529894525,False,-66.23927104304016,1.162092474439301,4
27092,2025,M,2,2,21,1969.7385931175886,2027.3288222716199,-57.59022915403125,2.7423918644776784,False,-53.899999999999864,2.56666666666666,2
26820,2025,M,4,4,57,1817.0557243759538,1883.5037383693727,-66.44801399341895,1.1657546314634903,False,-57.361060965724164,1.0063344029074415,4
7644,2025,M,3,3,36,1898.5015210759068,2144.7072059399584,-246.2056848640516,6.839046801779211,False,-271.6660838687151,7.546280107464308,3
2420,2025,F,4,4,57,1735.850638740557,1745.908283771466,-10.057645030908816,0.17644991282296169,False,-2.1728697727073722,0.03812052232819951,4
26824,2025,F,4,4,57,1655.3719387474343,1804.7266408447924,-149.35470209735809,2.620257931532598,False,-142.2671035862386,2.4959140980041856,4
4237,2025,F,2,2,36,1875.419555395297,1985.6801231683871,-110.26056777309009,3.0627935492525022,False,-140.13647329428613,3.8926798137301706,2
26829,2025,F,3,3,36,2007.375622050688,2174.0844739847976,-166.7088519341096,4.630801442614155,False,-199.77115298741478,5.549198694094855,3
26828,2025,F,4,4,57,1927.6219553908365,2215.258834790484,-287.63687939964734,5.0462610420990766,False,-279.7348081179414,4.907628212595463,4
1294,2025,M,3,3,35,1689.0977748631444,1667.2233842731703,21.874390589974155,-0.6249825882849759,True,35.700000000000045,-1.0200000000000014,3
27110,2025,M,3,3,42,1612.566180522072,1558.4600313191636,54.106149202908455,-1.2882416476882965,True,79.94000000000005,-1.9033333333333347,3
747,2025,M,3,3,42,1740.9450843595555,1773.7182750867912,-32.773190727235715,0.7803140649341836,False,-8.899999999999864,0.21190476190475865,3
27516,2025,M,2,2,35,2522.7170315561575,2879.9489105608673,-357.23187900470975,10.206625114420278,False,-337.6999999999998,9.648571428571424,2
27435,2025,F,2,2,34,1906.7646005659444,1736.8362998838854,169.928300682059,-4.997891196531147,True,179.81999999999994,-5.288823529411763,2
11362,2025,F,3,3,57,1694.1612220774525,1743.814749028178,-49.65352695072556,0.871114507907466,False,-42.08114404548269,0.7382656850084682,3
27536,2025,F,2,2,35,1718.3412528456558,1743.9144411588109,-25.573188313155015,0.7306625232330004,False,-15.0,0.42857142857142855,2
11438,2025,F,2,2,35,1720.6200886189042,1745.908283771466,-25.288195152561684,0.7225198615017624,False,-14.700000000000045,0.4200000000000013,2
4241,2025,F,2,2,57,1627.0956387498502,1752.2885801319626,-125.1929413821124,2.1963673926686385,False,-118.15967222342533,2.0729767056741286,2
27197,2025,F,2,2,36,1891.383192340192,1752.9864250463918,138.39676729380017,-3.8443546470500047,True,158.27317486305674,-4.396477079529354,2
18698,2025,F,2,2,34,1747.6575638864267,1775.417154438762,-27.75959055233534,0.8164585456569218,False,-19.25999999999999,0.5664705882352938,2
26826,2025,F,3,3,57,1773.5523720706688,1779.3051475334394,-5.7527754627706145,0.10092588531176516,False,2.317221743541495,-0.040653013044587634,3
27182,2025,F,3,3,42,1855.6296140234965,1783.4922170200155,72.13739700348106,-1.7175570715114536,True,104.40000000000009,-2.485714285714288,3
2333,2025,F,3,3,42,1786.4379742484573,1794.15927499772,-7.721300749262809,0.1838404940300669,False,23.09999999999991,-0.5499999999999978,3
3124,2025,F,2,2,34,1725.7639489290361,1823.8675299262818,-98.10358099724567,2.885399441095461,False,-73.5,2.161764705882353,2
22371,2025,F,2,2,42,1874.063986553509,1852.9776320710469,21.086354482462184,-0.5020560591062425,True,55.0,-1.3095238095238095,2
2426,2025,F,2,2,35,1828.2207690427285,1870.1246785398807,-41.9039094971522,1.1972545570614914,False,-30.700000000000045,0.8771428571428584,2
27531,2025,F,2,2,35,1621.6393522069336,1870.423754931779,-248.78440272484545,7.108125792138441,False,-239.5,6.8428571428571425,2
27867,2025,F,2,2,34,1771.9546696577745,1920.469204509423,-148.51453485164848,4.368074554460249,False,-123.40000000000009,3.629411764705885,2
27368,2025,F,2,2,35,2001.6181480549362,1959.2494433255652,42.368704729371075,-1.2105344208391735,True,87.70000000000005,-2.505714285714287,2
1687,2025,F,2,2,35,1719.3320510079377,1967.02542951492,-247.6933785069823,7.076953671628066,False,-237.79999999999995,6.794285714285713,2
1153,2025,F,3,3,57,2050.7567831580923,1973.306033744784,77.45074941330836,-1.3587850774264625,True,87.04180487903795,-1.5270492084041747,3
1154,2025,F,2,2,35,2068.7865628447958,2053.6578910347857,15.128671810010019,-0.43224776600028625,True,28.0,-0.8,2
27235,2025,M,2,2,36,1575.687616800673,1561.5262079974787,14.161408803194263,-0.39337246675539617,True,60.41547517888989,-1.6782076438580527,2
26993,2025,M,3,3,42,1634.0233765399703,1565.215637735404,68.80773880456627,-1.638279495346816,True,91.5,-2.1785714285714284,3
26992,2025,M,2,2,42,1602.3501567442881,1615.6710822594603,-13.32092551517212,0.3171648932183838,False,8.700000000000045,-0.20714285714285824,2
22385,2025,M,2,2,35,1624.3112759151231,1632.423087555985,-8.111811640861788,0.23176604688176536,False,5.100000000000136,-0.1457142857142896,2
700,2025,M,3,3,42,1565.9554631902436,1635.9130886594276,-69.957625469184,1.6656577492662856,False,-48.59999999999991,1.157142857142855,3
22384,2025,M,2,2,42,1665.6965963356527,1638.804803859423,26.89179247622974,-0.6402807732435652,True,49.90000000000009,-1.1880952380952403,2
4303,2025,M,3,3,42,1626.7444378291614,1644.8873772111372,-18.142939381975793,0.43197474718989987,False,4.2000000000000455,-0.10000000000000109,3
24860,2025,M,2,2,35,1834.694303796713,1737.422263610988,97.27204018572502,-2.779201148163572,True,112.5,-3.2142857142857144,2
19386,2025,M,3,3,42,1755.109505634643,1658.9470959421492,96.16240969249384,-2.289581183154615,True,120.59999999999991,-2.871428571428569,3
710,2025,M,3,3,42,1705.4356671352039,1667.3230985904113,38.112568544792566,-0.9074421082093468,True,61.700000000000045,-1.46904761904762,3
18990,2025,M,2,2,42,1835.0794674169085,1671.7105285490252,163.36893886788334,-3.8897366397115083,True,189.0999999999999,-4.502380952380951,2
27012,2025,M,2,2,42,1844.1289587871036,1673.904243528332,170.22471525877154,-4.052969410923132,True,196.0999999999999,-4.669047619047617,2
27487,2025,M,2,2,35,1620.2559378130331,1681.5822459559058,-61.326308142872676,1.752180232653505,False,-48.30000000000018,1.3800000000000052,2
1231,2025,M,2,2,35,1708.682090575676,1696.339964907606,12.342125668070139,-0.35263216194486113,True,26.299999999999955,-0.7514285714285701,2
1205,2025,M,2,2,35,1728.9587810861256,1698.4339655696715,30.524815516454055,-0.8721375861844015,True,44.700000000000045,-1.2771428571428585,2
22389,2025,M,3,3,42,1911.1224010194235,1701.824252355873,209.29814866355036,-4.983289253894056,True,252.29999999999995,-6.007142857142856,3
732,2025,M,2,2,42,1759.3391592098428,1702.1233953075966,57.21576390224618,-1.3622800929106234,True,81.59999999999991,-1.9428571428571406,2
27202,2025,M,2,2,36,2841.6064021565626,1704.6162532386272,1136.9901489179354,-31.58305969216487,True,1183.8553728069933,-32.88487146686092,2
27453,2025,M,2,2,34,1720.9495974472322,1712.792827252407,8.156770194825185,-0.2399050057301525,True,21.799999999999955,-0.6411764705882339,2
24859,2025,M,2,2,35,1769.6110727924408,1730.7414043558263,38.869668436614575,-1.110561955331845,True,53.399999999999864,-1.5257142857142818,2
5230,2025,M,3,3,49,1639.0994868223286,1735.8268345351285,-96.72734771279988,1.9740275043428548,False,-57.8529695113109,1.1806728471696102,3
742,2025,M,3,3,42,1792.3894755183806,1747.892266921316,44.49720859706463,-1.0594573475491578,True,69.29999999999995,-1.649999999999999,3
27496,2025,M,2,2,35,1720.254640769445,1823.6751480246417,-103.42050725519675,2.9548716358627645,False,-89.70000000000005,2.562857142857144,2
27010,2025,M,2,2,42,1819.5379496289652,1827.065434810843,-7.527485181877864,0.17922583766375869,False,17.5,-0.4166666666666667,2
18989,2025,M,2,2,42,2035.5453740740518,1841.623725128061,193.92164894599068,-4.617182117761683,True,222.5,-5.2976190476190474,2
4732,2025,M,3,3,57,1800.766565035963,1845.1137262315037,-44.34716119554082,0.7780203718515933,False,-35.280056385126045,0.6189483576337903,3
2344,2025,M,4,4,42,1698.2551688078674,1649.5739501214744,48.681218686393095,-1.1590766353903117,True,86.5,-2.0595238095238093,4
27494,2025,M,2,2,35,1685.8337222443893,1730.5419757213438,-44.708253476954496,1.2773786707701285,False,-31.09999999999991,0.888571428571426,2
2540,2025,M,2,2,49,1610.6351250023897,1883.104881100408,-272.46975609801825,5.560607267306495,False,-234.77878135784613,4.791403701180533,2
19381,2025,M,2,2,36,1800.6358222916779,1886.8940251555741,-86.25820286389626,2.3960611906637848,False,-33.694312355555894,0.9359531209876637,2
18994,2025,M,2,2,42,1872.3594373006463,1891.4808837486703,-19.121446448024017,0.4552725344767623,False,6.599999999999909,-0.15714285714285497,2
27466,2025,M,2,2,34,1866.9557725499988,1912.022033100361,-45.06626055036236,1.3254782514812458,False,-30.420000000000073,0.8947058823529433,2
27502,2025,M,2,2,35,1844.4864616529787,1932.6628967692934,-88.17643511631468,2.519326717608991,False,-73.40000000000009,2.0971428571428596,2
5271,2025,M,2,2,35,1972.6747099531856,1937.7483269485956,34.92638300458998,-0.9978966572739995,True,51.100000000000136,-1.460000000000004,2
27506,2025,M,2,2,35,1938.9461662260478,2018.0183523277763,-79.07218610172845,2.2592053171922415,False,-63.5,1.8142857142857143,2
27205,2025,M,2,2,36,3377.4512594012717,2034.1720717208536,1343.279187680418,-37.3133107689005,True,1398.9585905937165,-38.859960849825455,2
7642,2025,M,3,3,57,1709.2214895452155,1900.8540295693447,-191.63254002412918,3.361974386388231,False,-183.45481064216438,3.218505449862533,3
19006,2025,M,3,3,42,2065.448041210348,2038.5595016794673,26.888539530880735,-0.640203322163827,True,55.40000000000009,-1.3190476190476212,3
27507,2025,M,2,2,35,1960.8054277031667,2046.5366470587646,-85.73121935559789,2.4494634101599395,False,-70.0,2.0,2
19396,2025,M,3,3,42,2144.335998589655,2055.1120783415095,89.22392024814553,-2.1243790535272744,True,119.0,-2.8333333333333335,3
27028,2025,M,2,2,42,2041.8406724185352,2110.3538100931446,-68.51313767460942,1.6312651827287958,False,-40.59999999999991,0.9666666666666645,2
2367,2025,M,2,2,42,2109.161118429808,2119.527527279336,-10.366408849527943,0.2468192583220939,False,36.40000000000009,-0.8666666666666688,2
27040,2025,M,2,2,42,2363.2943441337184,2158.8149682723765,204.47937586134185,-4.868556568127187,True,237.5999999999999,-5.657142857142855,2
20448,2025,M,2,2,42,2230.7979867896693,2160.310683030995,70.48730375867444,-1.6782691371112963,True,101.40000000000009,-2.4142857142857164,2
26822,2025,M,3,3,57,2243.343024303508,2229.7118478308826,13.631176472625611,-0.23914344688816863,True,25.124049160022423,-0.4407727922810951,3
27211,2025,M,2,2,36,3980.055000455582,2236.592135720527,1743.462864735055,-48.4295240204182,True,1809.536449416763,-50.26490137268786,2
3175,2025,M,2,2,42,2657.107721555154,2317.2610183686725,339.8467031864816,-8.091588171106704,True,377.4000000000001,-8.985714285714288,2
27483,2025,M,2,2,34,2331.082869215949,2436.0207702029634,-104.93790098701447,3.086408852559249,False,-86.78999999999996,2.552647058823528,2
28501,2025,F,2,2,15,1595.3776101694473,1540.0141799434327,55.36343022601454,-3.6908953484009697,True,67.99000000000001,-4.5326666666666675,2
26819,2025,M,2,2,22,1710.1988391056154,1721.7383010506971,-11.539461945081712,0.5245209975037142,False,-16.86967091700012,0.7668032235000055,2
26838,2025,M,2,2,15,2027.3249624502073,2062.693848184636,-35.36888573442866,2.357925715628577,False,-30.83361642247155,2.05557442816477,2
26839,2025,M,2,2,15,2116.8984429907596,2276.340535750541,-159.44209275978164,10.62947285065211,False,-156.74400189059725,10.449600126039817,2
26840,2025,M,2,2,15,2202.6054423569003,2272.0125181387093,-69.407075781809,4.627138385453933,False,-64.99494625937996,4.332996417291997,2
26844,2025,M,2,2,14,1663.1887973607722,1692.751418971814,-29.562621611041777,2.111615829360127,False,-35.1534056699104,2.510957547850743,2
3884,2025,M,4,4,57,1720.4485734849186,1700.0345834256607,20.413990059257912,-0.358140176478209,True,26.45936322928742,-0.46419935489977926,4
5645,2025,M,3,3,22,1925.1339467423586,1882.494175954188,42.63977078817061,-1.9381713994623004,True,22.564040674071293,-1.025638212457786,3
25014,2025,M,4,4,57,1985.4562656577825,1887.002547098265,98.45371855951748,-1.727258220342412,True,105.76358071211598,-1.8555014160020347,4
26851,2025,M,3,3,22,2241.5206812752676,2167.351726200254,74.16895507501386,-3.371316139773357,True,51.2537697096941,-2.3297168049860955,3
11325,2025,M,3,3,57,2455.263361936698,2660.7592103908532,-205.4958484541553,3.6051903237571103,False,-197.91259139233443,3.472150726181306,3
3864,2025,F,3,3,57,1640.1999017988162,1625.8760017135312,14.323900085285004,-0.2512964927242983,True,18.842810058407167,-0.33057561505977484,3
3755,2025,F,3,3,22,1839.9589273154572,1821.570242562591,18.38868475286631,-0.8358493069484687,True,5.156355669308596,-0.23437980315039073,3
5787,2025,M,2,2,36,1658.4648139321207,1696.879736270763,-38.41492233864233,1.067081176073398,False,5.379999999999882,-0.14944444444444116,2
23500,2025,M,2,2,15,1980.8578469549427,1925.428842124047,55.42900483089579,-3.6952669887263863,True,76.05000000000018,-5.070000000000012,2
23506,2025,M,2,2,15,2014.974866968204,1930.1406813372537,84.83418563095029,-5.655612375396686,True,105.92000000000007,-7.061333333333338,2
24832,2025,F,3,3,14,1492.3178222693664,1585.4808094643076,-93.16298719494125,6.654499085352946,False,-124.37044426071748,8.88360316147982,3
26880,2025,F,3,3,14,1692.498043297,1796.331422287163,-103.83337899016283,7.4166699278687735,False,-139.16075481621624,9.940053915444016,3
26881,2025,F,2,2,14,1709.3691796776914,1732.7384914632444,-23.36931178555301,1.6692365561109292,False,-56.09215576560382,4.006582554685987,2
26882,2025,F,3,3,14,1719.5397228859092,1805.4023410996795,-85.86261821377025,6.133044158126446,False,-121.04229108970276,8.645877934978769,3
26883,2025,F,2,2,14,1723.3686332701798,1782.435546659478,-59.06691338929818,4.219065242092727,False,-93.3458714470105,6.667562246215035,2
26884,2025,F,3,3,50,1752.3247680512243,1720.145552538408,32.1792155128162,-0.643584310256324,True,55.22080210084937,-1.1044160420169873,3
26885,2025,F,3,3,50,1853.7908932343885,1818.197830851506,35.59306238288241,-0.7118612476576481,True,59.97592263219235,-1.199518452643847,3
26886,2025,F,2,2,8,1872.3371779081979,1903.2229629355413,-30.885785027343445,3.8607231284179306,False,-54.550794723517356,6.8188493404396695,2
26889,2025,M,2,2,14,1684.3783897076146,1773.202759178476,-88.82436947086148,6.344597819347249,False,-127.0751467028499,9.076796193060707,2
7691,2025,M,4,4,50,1698.7830862276464,1800.8857800179653,-102.10269379031888,2.0420538758063778,False,-85.56224077958268,1.7112448155916535,4
24835,2025,M,2,2,8,1809.9743953204813,1863.5070406008085,-53.53264528032719,6.6915806600408985,False,-67.16374224829178,8.395467781036473,2
26894,2025,M,4,4,50,1850.1133249493357,1892.2790657748612,-42.16574082552552,0.8433148165105103,False,-23.8446336081754,0.476892672163508,4
26895,2025,M,2,2,14,2031.3859103699688,2021.1497840619681,10.236126308000621,-0.7311518791429015,True,-31.75188491087465,2.2679917793481894,2
446,2025,F,2,2,14,1434.6448596062944,1459.4529374521112,-24.808077845816797,1.7720055604154854,False,-52.4602651287687,3.7471617949120497,2
7982,2025,M,3,3,50,1771.453970918597,1893.473749248808,-122.01977833021101,2.44039556660422,False,-104.84095134646805,2.096819026929361,3
7689,2025,M,2,2,14,1576.4240910687192,1548.0510197926483,28.37307127607096,-2.026647948290783,True,-3.4898461502602913,0.24927472501859224,2
345,2025,M,3,3,14,1864.0324699012774,1867.5713775310946,-3.5389076298172313,0.25277911641551654,False,-42.52429754748937,3.037449824820669,3
335,2025,M,2,2,8,1759.9625838071106,1926.854335050907,-166.8917512437963,20.86146890547454,False,-182.5984380942432,22.8248047617804,2
26910,2025,M,2,2,14,2045.341934389438,2102.633754258034,-57.29181986859612,4.092272847756866,False,-98.68635431539678,7.049025308242627,2
26915,2025,M,2,2,15,1597.0916552605113,1632.4880309699702,-35.39637570945888,2.359758380630592,False,-58.29813383542205,3.8865422556948035,2
26928,2025,F,2,2,14,1552.141091427465,1549.2309972037476,2.9100942237173513,-0.20786387312266794,True,47.983302386058085,-3.427378741861292,2
490,2025,F,2,2,14,1671.8651550848792,1889.4963326500078,-217.6311775651286,15.545084111794901,False,-174.74834856794837,12.482024897710598,2
26959,2025,F,2,2,8,1646.8667125130498,1587.1965797115013,59.67013280154856,-7.45876660019357,True,60.19999999999982,-7.524999999999977,2
26960,2025,F,2,2,8,1651.302783509284,1657.46925490613,-6.166471396845964,0.7708089246057455,False,-6.600000000000136,0.825000000000017,2
26964,2025,F,2,2,8,1960.743380335482,1822.7529523835385,137.9904279519435,-17.248803493992938,True,139.5999999999999,-17.44999999999999,2
1997,2025,M,2,2,8,1579.4068016103358,1731.7218819576485,-152.3150803473127,19.039385043414086,False,-167.29999999999995,20.912499999999994,2
11302,2025,M,3,3,43,1601.9570396194258,1602.1700955182218,-0.2130558987960285,0.004954788344093686,False,10.400000000000091,-0.24186046511628118,3
11308,2025,M,2,2,8,1736.8628494632792,1741.243309378003,-4.380459914723815,0.5475574893404769,False,-17.800000000000182,2.2250000000000227,2
24807,2025,M,2,2,8,2061.764304988982,1898.7885775189181,162.97572747006393,-20.37196593375799,True,150.19999999999982,-18.774999999999977,2
27447,2025,M,2,2,34,1615.733736746736,1604.4537879250645,11.279948821671496,-0.33176320063739695,True,24.99000000000001,-0.7350000000000003,2
26021,2025,M,2,2,8,1805.3964894752662,1736.0133363348032,69.38315314046304,-8.67289414255788,True,93.0,-11.625,2
26933,2025,M,3,3,28,1976.73974879812,1933.6704641367887,43.06928466133127,-1.5381887379046881,True,73.0,-2.607142857142857,3
26939,2025,F,2,2,28,1600.8111813395021,1779.8033614692677,-178.99218012976553,6.39257786177734,False,-157.8040207174763,5.635857882767011,2
3862,2025,F,3,3,43,1281.1373037124142,1270.0009814401046,11.136322272309599,-0.2589842388909209,True,23.799999999999955,-0.5534883720930222,3
26945,2025,F,2,2,8,1415.106647798685,1395.9918253249941,19.114822473690765,-2.3893528092113456,True,19.09999999999991,-2.3874999999999886,2
11338,2025,F,3,3,43,1461.044627448576,1474.7659931051226,-13.721365656546595,0.31910152689643245,False,0.599999999999909,-0.013953488372090908,3
1946,2025,F,3,3,43,1522.7553039739664,1465.8069016856516,56.94840228831481,-1.3243814485654608,True,72.20000000000005,-1.6790697674418615,3
1953,2025,F,3,3,43,1533.8947711422877,1460.8296286748343,73.06514246745337,-1.699189359708218,True,88.5,-2.058139534883721,3
26949,2025,F,2,2,8,1555.3850706351552,1604.6415495704764,-49.256478935321184,6.157059866915148,False,-50.299999999999955,6.287499999999994,2
1957,2025,F,2,2,8,1598.7599870427778,1777.7114200357892,-178.9514329930114,22.368929124126424,False,-181.9000000000001,22.73750000000001,2
1952,2025,F,2,2,8,1636.4173008330317,1585.5210741318258,50.89622670120593,-6.362028337650742,True,51.299999999999955,-6.412499999999994,2
2838,2025,F,2,2,8,1689.2558353659535,1631.8438754522683,57.41195991368522,-7.176494989210653,True,57.899999999999864,-7.237499999999983,2
26951,2025,F,2,2,43,1745.840385406807,1697.449187609082,48.391197797725,-1.1253766929703488,True,65.79999999999995,-1.5302325581395337,2
2834,2025,F,2,2,8,1773.1468668725147,1777.8099791875345,-4.663112315019816,0.582889039377477,False,-5.099999999999909,0.6374999999999886,2
26952,2025,F,2,2,8,1782.4133262868702,1757.3096756244454,25.103650662424798,-3.1379563328030997,True,25.09999999999991,-3.1374999999999886,2
26956,2025,F,2,2,8,1529.9515969234128,1498.6904614439325,31.261135479480345,-3.907641934935043,True,31.40000000000009,-3.9250000000000114,2
23462,2025,F,3,3,43,1316.5272923268158,1289.3128007220753,27.214491604740488,-0.632895153598616,True,40.299999999999955,-0.9372093023255803,3
19465,2025,F,2,2,8,1734.7994975939573,1717.196100863977,17.603396729980204,-2.2004245912475255,True,17.5,-2.1875,2
2871,2025,M,4,4,43,1583.165174611851,1830.2550820858132,-247.08990747396228,5.746276917999123,False,-237.70000000000005,5.5279069767441875,4
2001,2025,M,3,3,43,1606.7044581476553,1647.966295352832,-41.26183720517679,0.9595776094227161,False,-30.799999999999955,0.7162790697674408,3
19411,2025,M,3,3,43,1615.7047724407569,1636.716359306504,-21.011586865747176,0.4886415550173762,False,-10.400000000000091,0.24186046511628118,3
26967,2025,M,3,3,43,1617.9795771522004,1611.2297785289818,6.749798623218567,-0.15697206100508296,True,17.5,-0.4069767441860465,3
24421,2025,M,3,3,43,1657.6403027734505,1633.8292075778002,23.811095195650296,-0.5537463998988441,True,34.90000000000009,-0.8116279069767462,3
26971,2025,M,3,3,43,1745.1708318876808,1717.1583798855584,28.012452002122473,-0.651452372142383,True,39.700000000000045,-0.9232558139534894,3
19426,2025,M,2,2,8,1869.098236385004,1836.6539016726879,32.44433471231605,-4.055541839039506,True,18.700000000000045,-2.3375000000000057,2
11300,2025,M,2,2,8,1537.4712712776422,1548.7534210139313,-11.282149736289057,1.410268717036132,False,-23.299999999999955,2.9124999999999943,2
415,2025,M,2,2,8,1706.696960898488,1627.5751346071743,79.12182629131371,-9.890228286414214,True,67.5,-8.4375,2
26984,2025,M,2,2,8,1910.8359576123544,1868.3592733920125,42.476684220341895,-5.309585527542737,True,28.59999999999991,-3.5749999999999886,2
19425,2025,M,2,2,8,1983.135185615182,1903.205734569598,79.92945104558407,-9.99118138069801,True,66.19999999999982,-8.274999999999977,2
8038,2025,M,3,3,50,1537.9360153704774,1513.0666197530563,24.869395617421105,-0.4973879123484221,True,30.700000000000045,-0.6140000000000009,3
27122,2025,M,3,3,42,1900.873764940991,1806.0979993701537,94.77576557083717,-2.2565658469246945,True,125.29999999999995,-2.983333333333332,3
1725,2025,F,2,2,34,1406.3482678443943,1354.5830162235413,51.76525162085295,-1.5225074006133221,True,59.94999999999982,-1.7632352941176417,2
1754,2025,F,2,2,34,1466.4970372288508,1368.9504860674767,97.54655116137405,-2.8690162106286485,True,106.18000000000006,-3.12294117647059,2
28473,2025,F,2,2,21,1537.0344500329707,1382.8889272980168,154.14552273495383,-7.340262987378754,True,174.68000000000006,-8.31809523809524,2
3179,2025,F,2,2,34,1553.7688043862092,1383.3678429594815,170.4009614267277,-5.01179298313905,True,179.70000000000005,-5.2852941176470605,2
28471,2025,F,2,2,21,1508.8681238518063,1409.7281591592575,99.1399646925488,-4.720950699645181,True,119.17999999999984,-5.675238095238088,2
27633,2025,F,3,3,35,1423.5165240364372,1418.7876470886279,4.72887694780934,-0.13511076993740972,True,6.281325274357187,-0.17946643641020532,3
28472,2025,F,2,2,21,1520.489195492986,1436.8068488512304,83.68234664175566,-3.984873649607412,True,103.84000000000015,-4.944761904761911,2
1740,2025,F,4,4,42,1434.7361857758617,1441.5461184178062,-6.809932641944442,0.1621412533796296,False,11.960000000000036,-0.2847619047619056,4
1044,2025,F,3,3,35,1589.8347311976815,1524.4583923088505,65.37633888883101,-1.8678953968237433,True,76.68999999999983,-2.1911428571428524,3
2079,2025,F,4,4,42,1453.1631948684887,1448.4604632802002,4.702731588288543,-0.1119697997211558,True,23.74000000000001,-0.5652380952380954,4
23543,2025,F,2,2,42,1384.7833316241756,1449.6677298434754,-64.88439821929978,1.5448666242690425,False,-46.90000000000009,1.116666666666669,2
27149,2025,F,2,2,42,1390.4956059554015,1450.2264647818506,-59.730858826449094,1.4221633053916451,False,-41.66000000000008,0.9919047619047638,2
1744,2025,F,3,3,42,1444.5455396274153,1450.8949512259783,-6.349411598562938,0.1511764666324509,False,12.549999999999955,-0.29880952380952275,3
23542,2025,F,2,2,42,1477.3911170319643,1455.9534979001971,21.43761913176718,-0.5104195031373138,True,40.82999999999993,-0.9721428571428554,2
27420,2025,F,2,2,34,1527.6378694433329,1458.777104820915,68.86076462241795,-2.025316606541704,True,77.77999999999997,-2.2876470588235285,2
18264,2025,F,2,2,42,1443.9152197012108,1461.4809828262667,-17.56576312505581,0.41823245535847164,False,1.2999999999999545,-0.03095238095237987,2
18816,2025,F,2,2,34,1584.1457682415953,1462.4188593299682,121.7269089116271,-3.5802032032831503,True,131.08999999999992,-3.8555882352941153,2
1735,2025,F,4,4,42,1402.314104571731,1472.605794545703,-70.2916899739721,1.6736116660469547,False,-52.090000000000146,1.2402380952380987,4
25885,2025,F,2,2,21,1580.7611941743585,1473.2144165321474,107.54677764221105,-5.121275125819574,True,128.54999999999995,-6.121428571428569,2
27146,2025,F,3,3,42,1342.807964038512,1476.0779330913208,-133.26996905280885,3.1730945012573537,False,-115.99000000000001,2.7616666666666667,3
18600,2025,F,2,2,42,1457.4572493657552,1484.2893412035144,-26.832091837759208,0.6388593294704573,False,-7.810000000000173,0.18595238095238506,2
18817,2025,F,2,2,35,1441.7200601494353,1491.6726243177588,-49.95256416832353,1.4272161190949582,False,-48.504207650523085,1.3858345043006597,2
819,2025,F,2,2,34,1536.9533394172743,1492.311178533045,44.64216088422927,-1.3130047318890963,True,53.559999999999945,-1.5752941176470572,2
18828,2025,F,4,4,42,1427.310229145268,1496.142503824761,-68.83227467949291,1.6388636828450693,False,-50.299999999999955,1.1976190476190465,4
3032,2025,F,2,2,34,1557.2608655478998,1496.2123456920579,61.04851985584196,-1.7955447016424106,True,70.12000000000012,-2.0623529411764743,2
1764,2025,F,2,2,34,1489.3541648326423,1516.5063968466168,-27.152232013974526,0.7985950592345449,False,-18.670000000000073,0.5491176470588257,2
4977,2025,F,2,2,21,1674.0252182777238,1532.360500723015,141.66471755470866,-6.745938931176603,True,163.97000000000003,-7.808095238095239,2
27428,2025,F,2,2,34,1713.4809993920423,1533.5378350574485,179.9431643345938,-5.292446009840994,True,190.18000000000006,-5.593529411764708,2
1743,2025,F,2,2,34,1552.449360822275,1533.9868184900718,18.462542332203157,-0.5430159509471517,True,27.409999999999854,-0.806176470588231,2
3185,2025,F,2,2,42,1488.2345895124465,1544.5528952711325,-56.31830575868594,1.3409120418734748,False,-36.960000000000036,0.8800000000000009,2
1746,2025,F,2,2,34,1576.5068844503976,1566.9521798542125,9.554704596185047,-0.2810207234172073,True,18.61999999999989,-0.5476470588235262,2
27651,2025,F,3,3,35,1607.979023314816,1576.7998831430764,31.17914017173962,-0.8908325763354177,True,32.991258302236474,-0.9426073800638992,3
1741,2025,F,2,2,21,1739.4183671738533,1579.852970484913,159.56539668894038,-7.598352223282875,True,182.76999999999998,-8.703333333333333,2
27668,2025,F,3,3,35,1731.7630688832019,1593.2326767770778,138.53039210612405,-3.958011203032116,True,140.71963441305024,-4.020560983230007,3
27423,2025,F,2,2,34,1616.9632066588447,1601.3343333835192,15.628873275325532,-0.45967274339192743,True,24.940000000000055,-0.7335294117647075,2
1771,2025,F,2,2,35,1663.8032007280094,1621.4587685746428,42.3444321533666,-1.2098409186676171,True,44.24229066593671,-1.2640654475981916,2
28480,2025,F,2,2,21,1853.2654757942232,1630.3486405405777,222.91683525364556,-10.615087393030741,True,247.76,-11.798095238095238,2
17562,2025,F,2,2,35,1662.5896316538096,1641.7029326811323,20.886698972677323,-0.5967628277907806,True,22.73465952759534,-0.6495617007884383,2
18849,2025,F,2,2,35,1838.5571474127898,1650.1937082625136,188.36343915027624,-5.38181254715075,True,190.7811745870854,-5.450890702488154,2
27155,2025,F,2,2,42,1534.435070353448,1651.071720308532,-116.63664995508384,2.7770630941686627,False,-96.80999999999995,2.304999999999999,2
23554,2025,F,2,2,34,1899.2943674558508,1654.204626927279,245.08974052857184,-7.208521780252113,True,256.53999999999996,-7.545294117647058,2
28476,2025,F,2,2,21,1749.5621839453916,1682.7899054709421,66.77227847444942,-3.179632308307115,True,89.90000000000009,-4.280952380952385,2
11447,2025,F,4,4,42,1570.7966510963552,1687.608994314429,-116.81234321807392,2.781246267096998,False,-96.50999999999999,2.2978571428571426,4
27658,2025,F,2,2,35,1674.7253223958085,1695.6707412824148,-20.945418886606376,0.598440539617325,False,-19.179029088991456,0.5479722596854701,2
27416,2025,F,2,2,34,1492.0525757303121,1442.5937464272597,49.458829303052426,-1.4546714500897773,True,58.13000000000011,-1.7097058823529443,2
27165,2025,F,4,4,42,1714.4701992755342,1706.5161855326635,7.954013742870757,-0.18938127959216086,True,30.419999999999845,-0.7242857142857106,4
27662,2025,F,2,2,35,1706.2781183250047,1712.63233762595,-6.35421930094526,0.1815491228841503,False,-4.520619492117476,0.12916055691764217,2
27666,2025,F,3,3,35,1730.549499809002,1714.4781584045109,16.07134140449125,-0.4591811829854643,True,17.98200327470886,-0.5137715221345388,3
28482,2025,F,2,2,21,1966.3247151507842,1723.4578270569707,242.8668880938135,-11.565089909229213,True,269.24,-12.82095238095238,2
28481,2025,F,2,2,21,1964.2565583332862,1730.861064990443,233.3954933428431,-11.114071111563957,True,259.72,-12.36761904761905,2
1217,2025,M,2,2,42,1663.77154023731,1632.2495809628172,31.52195927449293,-0.7505228398688792,True,58.12000000000012,-1.3838095238095267,2
27686,2025,F,3,3,35,2146.8036922595547,1775.4401311450983,371.3635611144564,-10.61038746041304,True,374.5294837257784,-10.700842392165097,3
3198,2025,F,3,3,42,1658.3126333502753,1785.1980377474379,-126.88540439716257,3.0210810570752993,False,-105.46000000000004,2.5109523809523817,3
18852,2025,F,3,3,42,1747.9854916016752,1790.8652064081014,-42.879714806426136,1.0209455906291938,False,-20.090000000000146,0.4783333333333368,3
27169,2025,F,3,3,42,1788.8282530699407,1798.178647655049,-9.350394585108234,0.222628442502577,False,14.049999999999955,-0.33452380952380845,3
18856,2025,F,3,3,42,1844.2077678362914,1861.4454020164344,-17.237634180143004,0.4104198614319763,False,6.869999999999891,-0.16357142857142598,3
27680,2025,F,2,2,35,1847.0521309321887,1864.2989411659937,-17.246810233805036,0.49276600668014386,False,-15.28540744452539,0.4367259269864397,2
3048,2025,F,2,2,35,1827.6350257449908,1882.5476233497145,-54.912597604723715,1.5689313601349633,False,-53.05750565798621,1.5159287330853204,2
17971,2025,F,2,2,21,2174.5191681122565,1967.6649047654182,206.85426334683825,-9.850203016516108,True,235.8800000000001,-11.232380952380957,2
18837,2025,F,2,2,34,2099.1553451928226,2011.58546188556,87.56988330726244,-2.575584803154778,True,99.80999999999972,-2.935588235294109,2
28483,2025,F,2,2,21,2165.458671578456,2044.840168128502,120.61850344995378,-5.743738259521608,True,149.33000000000038,-7.1109523809524,2
27691,2025,M,3,3,35,1580.3835928268622,1533.7970017465418,46.58659108032043,-1.3310454594377266,True,47.66000000000008,-1.361714285714288,3
27689,2025,M,3,3,35,1570.4127184241693,1535.5030608310556,34.90965759311371,-0.9974187883746773,True,35.950000000000045,-1.0271428571428585,3
1817,2025,M,4,4,42,1644.375570648205,1535.6327612292937,108.74280941891129,-2.5891145099740784,True,135.21000000000004,-3.219285714285715,4
1814,2025,M,4,4,42,1583.359287581313,1544.851466457895,38.507821123418125,-0.9168528838909078,True,63.83999999999992,-1.519999999999998,4
27444,2025,M,2,2,34,1556.3636963082145,1552.4040204168248,3.9596758913896792,-0.11646105562910822,True,17.15000000000009,-0.504411764705885,2
18865,2025,M,2,2,34,1573.8254729077796,1559.3479801994079,14.477492708371756,-0.42580860906975754,True,27.839999999999918,-0.8188235294117623,2
27699,2025,M,3,3,35,1733.9350586283367,1637.3278504015163,96.60720822682038,-2.760205949337725,True,97.8900000000001,-2.796857142857146,3
22568,2025,M,3,3,42,1993.1494764646534,1646.3669704633269,346.7825060013265,-8.256726333364917,True,379.3599999999999,-9.03238095238095,3
28487,2025,M,2,2,21,1723.7085887608548,1647.1451728527543,76.56341590810052,-3.645876948004787,True,94.14999999999986,-4.483333333333327,2
866,2025,M,2,2,21,1700.101554624482,1652.7222899769838,47.3792646474983,-2.256155459404681,True,64.66000000000008,-3.079047619047623,2
27448,2025,M,2,2,34,1627.2792853539272,1653.9295013759674,-26.65021602204024,0.7838298830011835,False,-12.930000000000064,0.38029411764706067,2
27119,2025,M,3,3,42,1873.886360165871,1658.7483700181908,215.13799014768028,-5.122333098754292,True,245.51,-5.84547619047619,3
28486,2025,M,2,2,21,1703.9537484793711,1662.5495893819325,41.40415909743865,-1.9716266236875548,True,58.70999999999981,-2.7957142857142765,2
11389,2025,M,4,4,42,1692.8605842489203,1666.899541199757,25.96104304916321,-0.618120072599124,True,53.00999999999999,-1.262142857142857,4
18867,2025,M,2,2,34,1768.0221940822073,1668.0568678301877,99.96532625201962,-2.9401566544711653,True,115.16999999999985,-3.387352941176466,2
1818,2025,M,2,2,34,1690.1416811123618,1671.8680641476396,18.273616964722123,-0.5374593224918272,True,32.62999999999988,-0.9597058823529377,2
18870,2025,M,3,3,35,1740.9146707102218,1678.0737293556376,62.840941354584174,-1.7954554672738336,True,64.04999999999995,-1.8299999999999987,3
23576,2025,M,2,2,42,1726.0743407807452,1679.6301341344924,46.444206646252724,-1.1058144439583981,True,74.06999999999994,-1.763571428571427,2
28489,2025,M,2,2,21,1813.2967894373833,1693.54798456079,119.74880487659334,-5.70232404174254,True,138.33999999999992,-6.587619047619044,2
3207,2025,M,2,2,42,1718.5025470829223,1696.1320155718372,22.37053151108512,-0.5326317026448838,True,49.819999999999936,-1.1861904761904747,2
18877,2025,M,3,3,35,1734.932146068606,1696.9900335909497,37.94211247765634,-1.0840603565044669,True,39.08999999999992,-1.1168571428571406,3
27115,2025,M,3,3,42,1719.4846214924971,1701.1304693808515,18.35415211164559,-0.4370036217058474,True,45.809999999999945,-1.0907142857142844,3
28488,2025,M,2,2,21,1775.0711734927122,1702.2778190575716,72.7933544351406,-3.4663502111971716,True,90.88999999999987,-4.328095238095232,2
18561,2025,M,3,3,42,1756.9114772413986,1702.9163440950504,53.99513314634828,-1.2855984082463876,True,82.13000000000011,-1.955476190476193,3
3213,2025,M,2,2,42,1818.4286182571736,1704.9815735131463,113.44704474402738,-2.7011201129530327,True,142.69999999999982,-3.397619047619043,2
5025,2025,M,3,3,34,1934.1019922560888,1706.6776556439495,227.4243366121393,-6.688951076827627,True,244.33000000000015,-7.18617647058824,3
11401,2025,M,4,4,42,1812.54599254382,1709.4811796366303,103.06481290718966,-2.453924116837849,True,132.20000000000005,-3.147619047619049,4
27712,2025,M,3,3,35,1782.792343201533,1714.3100252325642,68.4823179689688,-1.9566376562562515,True,69.73000000000002,-1.9922857142857149,3
27708,2025,M,2,2,35,1770.8272939183014,1719.5678798380545,51.25941408024687,-1.4645546880070535,True,52.460000000000036,-1.498857142857144,2
1853,2025,M,2,2,34,1699.2534636892453,1719.6377185140286,-20.384254824783284,0.599536906611273,False,-6.039999999999964,0.17764705882352835,2
11382,2025,M,2,2,21,1796.900272003752,1724.9255039806508,71.9747680231012,-3.427369905861962,True,90.28999999999996,-4.299523809523808,2
27461,2025,M,2,2,34,1825.4333496670665,1728.2079217514406,97.22542791562591,-2.8595714092831153,True,112.90999999999985,-3.3208823529411724,2
897,2025,M,2,2,42,1695.8755526863154,1528.7287092615531,167.1468434247622,-3.979686748208624,True,194.56999999999994,-4.6326190476190465,2
3218,2025,M,2,2,42,1829.0939463451575,1736.6284706831934,92.46547566196409,-2.2015589443324783,True,121.83999999999992,-2.900952380952379,2
27449,2025,M,2,2,34,1650.8254770292615,1745.8272220043734,-95.00174497511193,2.7941689698562335,False,-81.24000000000001,2.3894117647058826,2
1870,2025,M,2,2,34,1807.645092258558,1747.7427971168102,59.9022951417478,-1.761832210051406,True,75.35000000000014,-2.2161764705882394,2
1811,2025,M,2,2,34,1590.159406712812,1747.90242837618,-157.74302166336815,4.639500637157887,False,-144.6400000000001,4.254117647058827,2
1852,2025,M,4,4,42,1836.8425134367042,1748.530976459948,88.31153697675609,-2.1026556423037164,True,117.79999999999995,-2.8047619047619037,4
27498,2025,M,3,3,35,1797.3060647091525,1755.6944292241644,41.61163548498803,-1.188903870999658,True,57.34999999999991,-1.638571428571426,3
27455,2025,M,2,2,34,1739.272096179467,1762.0198178766896,-22.74772169722246,0.6690506381536018,False,-8.069999999999936,0.2373529411764687,2
27454,2025,M,2,2,34,1735.0278456631988,1764.7934110082383,-29.765565345039477,0.875457804265867,False,-15.139999999999873,0.44529411764705507,2
27717,2025,M,3,3,35,1848.6001142593077,1769.332924946565,79.26718931274263,-2.264776837506932,True,80.57999999999993,-2.3022857142857123,3
18883,2025,M,4,4,42,1869.074195558954,1774.1817244499202,94.89247110903375,-2.259344550215089,True,124.91000000000008,-2.974047619047621,4
5583,2025,M,4,4,42,1864.8119926213985,1777.0451101648646,87.76688245653395,-2.0896876775365225,True,117.69999999999982,-2.802380952380948,4
23587,2025,M,2,2,35,1823.6729282525748,1786.4434005602568,37.229527692318015,-1.0637007912090861,True,38.430000000000064,-1.0980000000000019,2
27469,2025,M,2,2,34,1914.9979182539582,1802.9253280901805,112.0725901637777,-3.2962526518758146,True,128.55000000000018,-3.7808823529411817,2
19627,2025,M,2,2,35,1827.661278013652,1804.7012258506686,22.960052162983402,-0.6560014903709543,True,24.13000000000011,-0.6894285714285745,2
11393,2025,M,4,4,42,1926.5255485190887,1815.576105395231,110.94944312385769,-2.6416534077108973,True,141.92000000000007,-3.3790476190476206,4
28494,2025,M,2,2,21,1961.7544141527326,1823.9966543269838,137.75775982574874,-6.559893325035654,True,157.88999999999987,-7.5185714285714225,2
1833,2025,M,2,2,34,1783.8119932056668,1830.2522043035347,-46.44021109786786,1.3658885617019958,False,-31.440000000000055,0.9247058823529428,2
28493,2025,M,2,2,21,1958.1985429020658,1831.3796000728332,126.81894282923258,-6.038997277582504,True,146.8900000000001,-6.994761904761909,2
18885,2025,M,4,4,42,1826.89409966771,1838.094089920072,-11.199990252362113,0.2666664345800503,False,17.90000000000009,-0.42619047619047834,4
27711,2025,M,2,2,35,1780.7981683209944,1842.473972599029,-61.67580427803455,1.7621658365152728,False,-60.73000000000002,1.7351428571428578,2
1837,2025,M,4,4,42,1852.4771380371374,1847.5821728988599,4.894965138277485,-0.11654678900660678,True,34.440000000000055,-0.8200000000000013,4
27126,2025,M,4,4,42,1969.12793640645,1856.78092422004,112.34701218640998,-2.67492886158119,True,144.0,-3.4285714285714284,4
1239,2025,M,4,4,42,1918.7278777070635,1857.9981125727343,60.72976513432923,-1.4459467889126008,True,91.46000000000004,-2.1776190476190487,4
18569,2025,M,3,3,42,2046.073466396648,1863.2060824096714,182.86738398697662,-4.353985333023253,True,215.91000000000008,-5.140714285714288,3
11399,2025,M,3,3,42,1907.7090028316327,1865.9198138189568,41.789189012675934,-0.9949806907779984,True,72.29999999999995,-1.7214285714285704,3
27719,2025,M,2,2,35,1861.5622509828088,1869.6911023215664,-8.128851338757613,0.23225289539307467,False,-7.009999999999991,0.20028571428571404,2
28491,2025,M,2,2,21,1889.1553761182804,1882.481556978565,6.673819139715306,-0.31780091141501454,True,25.769999999999982,-1.2271428571428562,2
27113,2025,M,2,2,42,1701.0805470570629,1886.143098990358,-185.06255193329525,4.40625123650703,False,-158.3699999999999,3.7707142857142832,2
4315,2025,M,3,3,35,2027.174497617857,1899.901318157286,127.2731794605711,-3.6363765560163173,True,145.21000000000004,-4.1488571428571435,3
27722,2025,M,2,2,35,1934.3496341224688,1904.0417539471882,30.307880175280616,-0.8659394335794461,True,31.559999999999945,-0.9017142857142841,2
27129,2025,M,3,3,42,2009.7465339864702,1910.836059424112,98.91047456235833,-2.35501129910377,True,131.18000000000006,-3.123333333333335,3
18873,2025,M,2,2,35,2097.871974326636,1917.8797887438009,179.9921855828352,-5.142633873795291,True,181.69000000000005,-5.191142857142859,2
3212,2025,M,3,3,42,1920.0536781599899,1920.6334279679284,-0.5797498079384695,0.013803566855677846,False,30.029999999999973,-0.7149999999999993,3
23594,2025,M,2,2,34,1857.497722448478,1924.2351082574578,-66.73738580897975,1.9628642884994045,False,-51.16000000000008,1.5047058823529436,2
11413,2025,M,4,4,42,2077.588234199908,1942.792242159188,134.7959920407202,-3.209428381921909,True,168.23000000000025,-4.005476190476196,4
3079,2025,M,3,3,35,2062.97391391721,1949.7162480343495,113.25766588286069,-3.235933310938877,True,114.77999999999997,-3.2794285714285705,3
25915,2025,M,2,2,34,1985.6364932799613,1977.2426633219156,8.393829958045671,-0.24687735170722563,True,25.230000000000018,-0.7420588235294123,2
2354,2025,M,3,3,42,2022.9161518188705,1845.0979114249185,177.818240393952,-4.233767628427429,True,210.48000000000025,-5.011428571428577,3
5134,2025,M,2,2,42,2155.967592828085,1982.7599187238816,173.2076741042033,-4.1239922405762695,True,207.98000000000025,-4.951904761904768,2
2816,2025,M,2,2,21,2119.7931364046017,1998.5035516792204,121.28958472538125,-5.77569451073244,True,142.98000000000002,-6.80857142857143,2
3082,2025,M,2,2,34,2056.4630421050533,2078.0797344750263,-21.616692369972952,0.6357850697050869,False,-4.25,0.125,2
1887,2025,M,2,2,35,2276.3506261348434,2097.8041719608977,178.54645417394568,-5.101327262112734,True,180.3499999999999,-5.15285714285714,2
18872,2025,M,2,2,35,1833.643802655268,2123.005957033892,-289.36215437862415,8.267490125103548,False,-288.90999999999985,8.254571428571424,2
1917,2025,M,2,2,35,2059.9826515964023,2229.320375774126,-169.33772417772389,4.838220690792111,False,-168.4699999999998,4.813428571428566,2
5736,2025,M,2,2,35,2233.4758662032627,2280.7415951985977,-47.26572899533494,1.3504493998667126,False,-46.01000000000022,1.3145714285714347,2
27143,2025,M,3,3,42,2715.90713819134,2464.606875131384,251.3002630599558,-5.983339596665614,True,295.17999999999984,-7.028095238095235,3
27727,2025,M,2,2,35,1982.2098312553958,2361.2057268746476,-378.99589561925177,10.82845416055005,False,-378.65999999999985,10.818857142857139,2
27576,2025,M,2,2,35,1984.3100450998616,1856.8367893811196,127.47325571874194,-3.642093020535484,True,170.80000000000018,-4.880000000000005,2
27587,2025,M,2,2,35,2148.6377004875703,1858.5292576358768,290.10844285169355,-8.28881265290553,True,337.70000000000005,-9.64857142857143,2
27577,2025,M,2,2,35,1995.4211677061478,1881.1286866846954,114.29248102145243,-3.2654994577557837,True,157.79999999999995,-4.508571428571427,2
333,2025,M,3,3,42,2198.356726874899,1895.6640022843758,302.6927245905231,-7.2069696331076925,True,341.2000000000003,-8.12380952380953,3
27086,2025,M,3,3,42,1818.5666879692858,1908.6064065854616,-90.03971861617583,2.1438028241946627,False,-59.69999999999982,1.421428571428567,3
8084,2025,M,2,2,35,1974.8558442857404,1935.7854556177413,39.07038866799917,-1.1162968190856906,True,81.79999999999995,-2.337142857142856,2
340,2025,M,2,2,35,1949.0460088510974,1938.0752656094714,10.970743241625996,-0.3134498069035999,True,38.899999999999864,-1.1114285714285674,2
18791,2025,M,3,3,42,2042.9747233319217,1939.6681769080667,103.30654642385502,-2.459679676758453,True,138.29999999999995,-3.292857142857142,3
27314,2025,M,2,2,35,2034.4443784975751,1980.1878580660805,54.256520431494664,-1.5501862980427046,True,83.59999999999991,-2.388571428571426,2
27581,2025,M,2,2,35,2062.282835319415,1984.5683641372173,77.71447118219771,-2.220413462348506,True,122.5,-3.5,2
27574,2025,M,2,2,35,1969.3977489703718,1984.9665919618658,-15.568842991493966,0.4448240854712562,False,26.799999999999955,-0.7657142857142845,2
27582,2025,M,2,2,35,2063.8422911238063,2023.0969061719868,40.74538495181946,-1.1641538557662703,True,85.40000000000009,-2.4400000000000026,2
344,2025,M,3,3,42,1963.9619464830357,2029.0703235417188,-65.10837705868312,1.5501994537781694,False,-32.19999999999982,0.7666666666666624,3
27096,2025,M,2,2,42,2257.2001951353463,2046.1941200016167,211.0060751337296,-5.023954169850705,True,250.0999999999999,-5.954761904761902,2
27097,2025,M,2,2,42,2257.885559990293,2046.6919047824276,211.1936552078655,-5.028420362092036,True,250.29999999999973,-5.9595238095238035,2
8104,2025,M,2,2,35,2166.18157828697,2106.0278506550962,60.15372763187361,-1.718677932339246,True,107.09999999999991,-3.0599999999999974,2
984,2025,M,3,3,42,2014.189399424149,1896.0622301090248,118.12716931512432,-2.8125516503601027,True,152.69999999999982,-3.6357142857142812,3
27575,2025,M,2,2,35,1972.6141265669285,1889.591027958482,83.02309860844639,-2.3720885316698967,True,125.90000000000009,-3.5971428571428596,2
237,2025,F,2,2,35,1525.454289388208,1504.0323584087273,21.42193097948075,-0.6120551708423071,True,45.0,-1.2857142857142858,2
27256,2025,F,2,2,35,1605.5285819361868,1506.8196312947848,98.708950641402,-2.8202557326114857,True,115.29999999999995,-3.294285714285713,2
18912,2025,F,2,2,42,1549.652127278196,1507.416904056083,42.23522322211306,-1.0056005529074539,True,81.5,-1.9404761904761905,2
27252,2025,F,2,2,35,1568.3717817280872,1523.3441776906977,45.02760403738944,-1.286502972496841,True,61.0,-1.7428571428571429,2
21216,2025,F,2,2,35,1650.668673435682,1567.0446347256725,83.62403871000947,-2.3892582488574137,True,100.59999999999991,-2.874285714285712,2
27261,2025,F,2,2,35,1625.536089740548,1571.822816816057,53.71327292449109,-1.5346649406997455,True,70.29999999999995,-2.008571428571427,2
27606,2025,F,2,2,35,1598.3984369108528,1587.750090450672,10.648346460180846,-0.3042384702908813,True,35.299999999999955,-1.0085714285714273,2
27103,2025,F,3,3,42,1631.0287711345145,1604.0755459261522,26.953225208362255,-0.6417434573419585,True,68.19999999999982,-1.6238095238095194,3
27102,2025,F,3,3,42,1614.034841928243,1606.365091511128,7.669750417114983,-0.18261310516940435,True,48.399999999999864,-1.1523809523809492,3
27258,2025,F,2,2,35,1607.6968832745906,1616.2200920725459,-8.523208797955249,0.24352025137014996,False,7.600000000000136,-0.21714285714286105,2
27253,2025,F,2,2,35,1579.6075250270885,1637.3237296384104,-57.71620461132193,1.6490344174663407,False,-42.09999999999991,1.2028571428571402,2
27262,2025,F,2,2,35,1628.6899825964083,1646.1832755976652,-17.493293001256916,0.4998083714644833,False,-1.2000000000000455,0.034285714285715585,2
8117,2025,F,2,2,35,1747.5221578543237,1668.182822305477,79.33933554884675,-2.2668381585384787,True,106.60000000000014,-3.04571428571429,2
8119,2025,F,2,2,35,1696.9318619918445,1679.3319138497072,17.599948142137237,-0.502855661203921,True,43.799999999999955,-1.2514285714285702,2
2836,2025,F,2,2,35,1682.996075208246,1699.5396422736248,-16.54356706537874,0.4726733447251068,False,0.2999999999999545,-0.008571428571427273,2
19462,2025,F,2,2,35,1836.839521285949,1701.829187858601,135.0103334273481,-3.857438097924231,True,163.9000000000001,-4.682857142857145,2
27279,2025,F,2,2,35,1748.0451153603567,1721.4396435212204,26.60547183913627,-0.7601563382610363,True,44.299999999999955,-1.2657142857142845,2
8033,2025,F,3,3,42,1898.6588790915712,1728.0096438954993,170.6492351960719,-4.0630770284779025,True,219.29999999999995,-5.221428571428571,3
1929,2025,F,2,2,35,1633.4208218801982,1777.4837376230216,-144.0629157428234,4.116083306937812,False,-128.29999999999995,3.6657142857142846,2
27287,2025,F,2,2,35,1866.6117749103405,1832.1341952817938,34.477579628546664,-0.9850737036727618,True,53.40000000000009,-1.5257142857142882,2
275,2025,F,3,3,42,2024.5110633848751,2029.8314792714511,-5.320415886576029,0.1266765687280007,False,45.70000000000027,-1.0880952380952447,3
27076,2025,M,2,2,42,1517.104061057612,1517.546682780355,-0.44262172274306977,0.010538612446263565,False,25.200000000000045,-0.6000000000000011,2
2855,2025,M,2,2,35,1557.7840532064324,1541.2412383469577,16.542814859474674,-0.47265185312784785,True,38.90000000000009,-1.111428571428574,2
27547,2025,M,2,2,35,1614.913951434727,1591.4179442527047,23.496007182022367,-0.6713144909149248,True,58.40000000000009,-1.6685714285714313,2
27082,2025,M,3,3,42,1677.6752556451875,1616.1080693809292,61.567186264258225,-1.4658853872442434,True,90.20000000000005,-2.147619047619049,3
27546,2025,M,2,2,35,1612.8671656914635,1617.1036389425515,-4.236473251088,0.12104209288822858,False,30.5,-0.8714285714285714,2
158,2025,M,2,2,35,1637.233662635074,1632.2362962792051,4.997366355868962,-0.14278189588197035,True,40.299999999999955,-1.1514285714285701,2
27557,2025,M,2,2,35,1761.6002630352618,1651.0525609938602,110.54770204140164,-3.158505772611475,True,149.0,-4.257142857142857,2
154,2025,M,2,2,35,1746.7854328935466,1661.207370522404,85.57806237114255,-2.4450874963183584,True,123.60000000000014,-3.531428571428575,2
164,2025,M,2,2,35,1771.0544638493827,1669.271483971542,101.78297987784072,-2.9080851393668774,True,140.39999999999986,-4.011428571428567,2
27553,2025,M,2,2,35,1718.617762426733,1670.6652813578128,47.95248106892018,-1.3700708876834338,True,85.20000000000005,-2.4342857142857155,2
8006,2025,M,2,2,42,1603.5579420459223,1677.5347113330045,-73.9767692870821,1.761351649692431,False,-47.200000000000045,1.123809523809525,2
8005,2025,M,2,2,36,1651.4991162672177,1679.8245213247346,-28.325405057516946,0.7868168071532485,False,22.5,-0.625,2
27558,2025,M,2,2,35,1765.1090385951416,1682.1143313164653,82.99470727867629,-2.3712773508193226,True,121.40000000000009,-3.468571428571431,2
27554,2025,M,2,2,35,1730.8010108985382,1695.4549634421996,35.34604745633851,-1.0098870701811002,True,72.79999999999995,-2.0799999999999987,2
27304,2025,M,2,2,35,1809.9546412774675,1752.5010993231379,57.453541954329694,-1.6415297701237055,True,83.60000000000014,-2.3885714285714323,2
24720,2025,M,2,2,35,1714.8385261194944,1754.3926814902197,-39.55415537072531,1.1301187248778661,False,-15.200000000000045,0.4342857142857156,2
27088,2025,M,3,3,42,1842.3586393624448,1755.6869219203284,86.67171744211646,-2.063612320050392,True,118.20000000000005,-2.8142857142857154,3
18730,2025,M,2,2,36,1637.252142403367,1768.9279970899004,-131.67585468653328,3.65766263018148,False,-64.09999999999991,1.780555555555553,2
27566,2025,M,2,2,35,1880.508768120081,1791.7265400510435,88.7822280690375,-2.536635087686786,True,129.70000000000005,-3.705714285714287,2
8009,2025,M,3,3,42,1751.009295124513,1811.1401465026718,-60.130851378158695,1.431686937575207,False,-30.799999999999955,0.7333333333333323,3
31,2025,M,2,2,35,1825.63541700307,1824.3812216722436,1.2541953308264056,-0.03583415230932587,True,40.59999999999991,-1.1599999999999975,2
24808,2025,M,2,2,35,1859.3286411995114,1831.2506516474352,28.077989552076133,-0.8022282729164609,True,54.799999999999955,-1.5657142857142845,2
27089,2025,M,3,3,42,1842.7502764224146,1832.8435629460303,9.906713476384311,-0.23587413039010266,True,41.09999999999991,-0.9785714285714264,3
18787,2025,M,3,3,42,1904.4331133676417,1834.9342590254364,69.49885434220528,-1.6547346271953638,True,102.0,-2.4285714285714284,3
160,2025,M,2,2,35,1907.1169827825036,1848.9717898443062,58.1451929381974,-1.66129122680564,True,99.5,-2.842857142857143,2
27570,2025,M,2,2,35,1912.770010073421,1851.4607137483608,61.30929632506013,-1.7516941807160038,True,102.79999999999995,-2.937142857142856,2
27318,2025,M,2,2,35,2164.701431969846,2125.740127975211,38.96130399463482,-1.1131801141324233,True,70.10000000000036,-2.0028571428571533,2
27321,2025,M,2,2,35,2365.142203025141,2223.305945014163,141.83625801097787,-4.052464514599368,True,176.30000000000018,-5.037142857142863,2
27098,2025,M,2,2,42,2346.395535543444,2275.175119174668,71.22041636877611,-1.6957241992565741,True,111.19999999999982,-2.647619047619043,2
19440,2025,M,2,2,35,2309.5841832321457,2324.4558124749547,-14.871629242808922,0.4249036926516835,False,18.09999999999991,-0.5171428571428546,2
27322,2025,M,2,2,35,2745.4103455658924,2378.1170118463783,367.29333371951407,-10.494095249128973,True,408.2000000000003,-11.66285714285715,2
8023,2025,M,2,2,42,2904.2825274702773,3119.1194365616043,-214.83690909132702,5.115164502174453,False,-166.69999999999982,3.9690476190476147,2
1534,2025,M,3,3,28,1584.9816690756495,1639.3137982279577,-54.3321291523082,1.9404331840110072,False,1.2800000000002,-0.04571428571429286,3
19581,2025,M,2,2,13,1681.4060773618107,1735.4684118941293,-54.06233453231857,4.158641117870659,False,-85.57999999999993,6.583076923076917,2
18771,2025,M,2,2,13,1770.312374647221,1836.0655103204308,-65.75313567320973,5.0579335133238255,False,-99.27999999999997,7.6369230769230745,2
19583,2025,M,2,2,13,2159.86491181683,2174.822629327278,-14.957717510447765,1.150593654649828,False,-53.32999999999993,4.102307692307686,2
27632,2025,F,2,2,14,1398.03157347824,1465.1413797104187,-67.1098062321787,4.7935575880127645,False,-84.98892863081028,6.070637759343591,2
4316,2025,M,2,2,21,1861.6202507902801,1925.8006048404325,-64.18035405015235,3.0562073357215405,False,-54.100000000000136,2.5761904761904826,2
18897,2025,M,2,2,21,2197.4504158885306,2058.158034726373,139.29238116215765,-6.632970531531317,True,153.86000000000013,-7.326666666666672,2
27139,2025,M,3,3,21,2304.6634791818287,2123.7441044608986,180.91937472093014,-8.615208320044292,True,196.6300000000001,-9.363333333333339,3
27743,2025,M,2,2,14,2166.6710077052185,2179.9466250617197,-13.275617356501243,0.9482583826072316,False,-34.0,2.4285714285714284,2
18818,2025,F,3,3,21,1499.3045832164087,1697.8582635079397,-198.553680291531,9.454937156739572,False,-201.67000000000007,9.603333333333337,3
22577,2025,F,2,2,14,1707.491687399205,1860.060848194574,-152.56916079536904,10.897797199669217,False,-175.49298835377613,12.535213453841152,2
27159,2025,F,3,3,21,1612.3189762350594,1892.6589389846624,-280.33996274960305,13.349522035695383,False,-284.72,13.55809523809524,3
27166,2025,F,3,3,21,1744.026294565205,2040.2859422908343,-296.2596477256293,14.107602272649014,False,-300.8899999999999,14.328095238095232,3
18271,2025,F,2,2,14,1857.9742525999875,2085.096006669959,-227.12175406997153,16.222982433569396,False,-253.00672719945328,18.071909085675234,2
27675,2025,F,2,2,14,1803.3636442609939,2187.617494623078,-384.2538503620842,27.44670359729173,False,-411.9001284248127,29.42143774462948,2
22579,2025,F,2,2,14,1803.3636442609939,2187.617494623078,-384.2538503620842,27.44670359729173,False,-411.9001284248127,29.42143774462948,2
19612,2025,F,2,2,21,1866.3280577465216,2204.655167452943,-338.3271097064212,16.11081474792482,False,-343.6099999999999,16.36238095238095,2
11395,2025,M,3,3,21,1698.4780498716889,1761.1440110942663,-62.66596122257738,2.984093391551304,False,-53.51999999999998,2.5485714285714276,3
27114,2025,M,3,3,21,1703.2902144786062,1774.972399291305,-71.68218481269878,3.4134373720332754,False,-62.61999999999989,2.9819047619047567,3
27504,2025,M,2,2,14,1896.4145714968124,1859.1280188904254,37.28655260638698,-2.6633251861704985,True,35.09999999999991,-2.5071428571428505,2
27006,2025,M,2,2,8,1747.1420186674063,1651.5828626975665,95.55915596983982,-11.944894496229978,True,88.20000000000005,-11.025000000000006,2
16134,2025,M,2,2,8,2060.2347472688225,1914.7794207933282,145.4553264754943,-18.181915809436788,True,137.5,-17.1875,2
27070,2025,F,2,2,8,1903.93227917507,1753.281825107859,150.65045406721106,-18.831306758401382,True,160.20000000000005,-20.025000000000006,2
4283,2025,F,2,2,42,1867.013110918255,1625.6795742283616,241.33353668989344,-5.746036587854606,True,275.79999999999995,-6.5666666666666655,2
1227,2025,M,2,2,7,1822.887236076644,1786.7226213695521,36.164614707091914,-5.166373529584559,True,49.75999999999999,-7.108571428571428,2
27120,2025,M,2,2,42,1888.6272970535913,1828.8254999229177,59.80179713067355,-1.4238523126350846,True,90.04999999999995,-2.144047619047618,2
25092,2025,M,2,2,7,1966.2013546659166,1880.5069123479257,85.69444231799093,-12.242063188284419,True,116.08999999999992,-16.584285714285702,2
27142,2025,M,2,2,7,2459.3893024103622,2626.3283176693726,-166.93901525901038,23.848430751287196,False,-129.7199999999998,18.531428571428542,2
27156,2025,F,2,2,8,1537.655611226398,1633.1239101599629,-95.46829893356494,11.933537366695617,False,-84.92000000000007,10.615000000000009,2
1736,2025,F,2,2,7,1542.0875482075214,1617.6875759084148,-75.6000277008934,10.800003957270487,False,-57.332307408966926,8.190329629852418,2
25800,2025,M,2,2,7,1989.1818958499707,1974.2331317332412,14.948764116729535,-2.1355377309613623,True,45.49000000000001,-6.49857142857143,2
3134,2025,M,2,2,8,1711.6203433326077,1705.0608647453048,6.5594785873029195,-0.8199348234128649,True,31.059999999999945,-3.882499999999993,2
27179,2025,F,2,2,8,1561.0261166243927,1579.2648191178691,-18.238702493476467,2.2798378116845583,False,0.8999999999998636,-0.11249999999998295,2
27180,2025,F,2,2,8,1982.5462903813939,2019.1355573229523,-36.589266941558435,4.573658367694804,False,-12.389999999999873,1.548749999999984,2
27181,2025,F,2,2,8,1754.684303870111,1734.800429609294,19.883874260817038,-2.4854842826021297,True,41.72000000000003,-5.215000000000003,2
4603,2025,M,2,2,8,1699.579952110087,1820.6276178555663,-121.04766574547921,15.130958218184901,False,-108.55999999999995,13.569999999999993,2
3867,2025,F,4,4,49,1753.8854673429541,1730.000553099826,23.88491424312815,-0.4874472294515949,True,23.281678496871564,-0.4751362958545217,4
1183,2024,M,3,3,42,1625.4303790286299,1674.809532905384,-49.37915387675412,1.175694139922717,False,-10.960000000000036,0.2609523809523818,3
1183,2025,M,4,4,42,1703.7026857306278,1591.3340937956154,112.36859193501232,-2.675442665119341,True,139.78999999999996,-3.3283333333333323,4
27343,2025,F,2,2,7,1529.701862519498,1577.310199670373,-47.60833715087506,6.80119102155358,False,-52.867411187860625,7.552487312551518,2
3429,2025,F,2,2,7,1712.3528311785426,1748.0278507782248,-35.67501959968217,5.096431371383168,False,-41.10978864312756,5.872826949018223,2
11467,2025,F,2,2,7,1798.2422747741648,1877.6016704940068,-79.35939571984204,11.337056531406006,False,-86.14221613697327,12.306030876710468,2
27371,2025,F,2,2,7,1822.1608540033255,2116.859874845045,-294.6990208417194,42.09986012024563,False,-307.0727655656392,43.867537937948455,2
27378,2025,M,2,2,7,1745.357766250884,1644.9445987169254,100.41316753395859,-14.344738219136941,True,71.87422046491497,-10.267745780702139,2
18745,2025,M,2,2,7,1795.521666371078,1675.7909134843126,119.73075288676546,-17.104393269537923,True,91.03938636529392,-13.005626623613418,2
394,2025,M,2,2,15,1640.516526997934,1609.4811345875714,31.035392410362647,-2.0690261606908433,True,68.57000000000016,-4.571333333333344,2
2174,2025,M,2,2,15,1675.8349493380454,1662.3017721315255,13.533177206519895,-0.902211813767993,True,51.680000000000064,-3.4453333333333376,2
21205,2025,M,2,2,15,2232.317817496894,2052.3375118829463,179.98030561394762,-11.998687040929841,True,232.53999999999996,-15.502666666666665,2
2566,2025,M,2,2,7,1814.549352623565,1764.8704579994771,49.67889462408789,-7.09698494629827,True,17.784794120610286,-2.540684874372898,2
27406,2025,M,2,2,7,2106.883805048143,2078.426610915316,28.457194132827226,-4.065313447546747,True,-9.76303218407702,1.3947188834395743,2
27748,2025,F,2,2,20,1873.556311769128,1789.60944059582,83.94687117330795,-4.1973435586653975,True,93.98667402590536,-4.699333701295268,2
27880,2025,M,2,2,14,1773.0344007999565,1728.3112598933858,44.723140906570734,-3.1945100647550526,True,34.85844992719285,-2.489889280513775,2
27391,2025,M,3,3,14,1906.2282045673678,1801.184121692841,105.0440828745268,-7.503148776751914,True,96.04630421440629,-6.8604503010290205,3
27890,2025,F,2,2,35,1481.864704061177,1613.9607401790272,-132.0960361178502,3.7741724605100053,False,-112.64631233052887,3.218466066586539,2
1323,2025,M,3,3,35,2007.4912712199084,2011.0383501208908,-3.547078900982342,0.10134511145663834,False,12.799999999999955,-0.36571428571428444,3
962,2024,M,3,3,14,2518.3827765346978,2466.308767230954,52.07400930374388,-3.7195720931245626,True,120.21000000000004,-8.586428571428574,3
1434,2024,M,2,2,21,2670.335970234002,2634.80312281007,35.53284742393225,-1.6920403535205835,True,24.920000000000073,-1.18666666666667,2
