Year,Gender,Total_Teams,Teams_with_4plus_Athlete,Percentage
2023,Men,94,36,38.297872340425535
2023,Women,94,27,28.723404255319153
2024,Men,115,37,32.17391304347826
2024,Women,101,28,27.722772277227726
