athlete_id,time_diff_seconds
1046,260.5799999999999
2238,99.79999999999995
AVERAGE,180.18999999999994
