athlete_id,time_diff_seconds
256,312.1600000000001
268,509.1199999999999
275,291.4000000000001
284,51.09999999999991
285,59.100000000000136
294,132.0
1023,163.0999999999999
AVERAGE,216.8542857142857
