athlete_id,time_diff_seconds
133,114.2099999999998
145,100.60000000000014
221,290.0
382,131.70000000000005
863,108.20000000000005
867,117.89999999999986
882,133.60000000000014
885,151.20000000000005
1320,211.57999999999993
1439,506.4500000000003
AVERAGE,186.54400000000004
