athlete_id,time_diff_seconds
19,147.0
364,159.0
368,146.4000000000001
370,171.10000000000014
375,151.30000000000018
1306,156.5
1656,110.90000000000009
1817,99.69000000000005
11390,102.84999999999991
AVERAGE,138.3044444444445
