gender,year,treated_athlete,control_athlete,treated_first,control_first,first_time_diff_sec,treated_improve_sec,control_improve_sec,improve_diff_sec,treated_n_races,control_n_races
F,2023,6285,2247,1609.2393572568387,1610.1854527283497,-0.9460954715109438,127.75114023965807,154.4672718104041,-26.71613157074603,4,2
F,2023,362,2427,1909.667490805336,1910.1631730664667,-0.49568226113069613,-136.68832247346222,53.784038173822864,-190.4723606472851,4,2
F,2023,474,2698,1376.7403902164494,1376.347628624702,0.3927615917473304,29.965885910871293,-32.439312896118054,62.40519880698935,4,2
F,2023,63,2824,1413.693495235143,1416.09516616119,-2.401670926047018,30.3560380714614,-21.389332065740973,51.74537013720237,4,2
F,2023,64,2203,1467.6535172027445,1464.5584101918505,3.0951070108940257,80.5337299647922,51.93600401149206,28.59772595330014,4,2
F,2023,65,2506,1509.403607192276,1509.561700186803,-0.1580929945268963,99.29123450283328,-123.07944117802549,222.37067568085877,4,2
F,2023,66,385,1486.6576855234512,1486.1028579687097,0.5548275547414505,19.312686710169146,-85.56290269299484,104.87558940316399,4,2
F,2023,67,2664,1539.6330355573375,1537.3576234480515,2.2754121092859805,71.46376504920795,-199.4498014090443,270.91356645825226,4,2
F,2023,68,2662,1478.4500074285618,1480.1092495022563,-1.659242073694486,-4.621521693531804,-25.97584991603526,21.354328222503455,4,2
F,2023,69,72,1522.2043423305759,1522.1026730742035,0.1016692563723609,29.676988022804608,-18.857681043627736,48.53466906643234,4,2
F,2023,70,2931,1536.777486949563,1536.510703666028,0.26678328353500547,68.43713811673592,-93.4278270685329,161.86496518526883,4,2
F,2023,71,242,1573.7026844638892,1574.5888892042326,-0.8862047403433735,34.69248424336524,51.309211054429625,-16.61672681106438,4,2
F,2023,74,2328,1711.6552223774108,1711.6647306157115,-0.009508238300668381,174.73525719793156,106.94385705662307,67.79140014130849,4,2
F,2023,81,75,1701.4146342667711,1699.8391591728266,1.575475093944533,68.14478719533281,136.37431135350084,-68.22952415816803,4,2
F,2023,256,3379,1776.7420371959963,1777.3363722264048,-0.5943350304085016,123.76425973756636,124.9272055686663,-1.1629458310999325,4,2
F,2023,268,1981,1957.1339354526503,1962.2259124523516,-5.091976999701274,176.35321548463867,164.61225514442913,11.74096034020954,4,2
F,2023,275,1986,2085.436688415762,2076.5533392005186,8.88334921524347,21.777492893053022,115.80695131048083,-94.0294584174278,4,2
F,2023,282,1928,1409.5115298986623,1408.1624246192648,1.3491052793974632,8.75544739294287,-73.41607947351099,82.17152686645386,4,2
F,2023,283,443,1441.0084460906198,1442.3876060070854,-1.3791599164655963,-63.16450344582813,0.12542768633829837,-63.28993113216643,4,2
F,2023,284,998,1446.6013564424627,1448.8541355466284,-2.252779104165711,-19.549222347365003,3.0175055517015608,-22.566727899066564,5,2
F,2023,291,2074,1556.69338126295,1556.6581066195893,0.03527464336070807,93.18460394129352,-107.72801515576248,200.912619097056,4,2
F,2023,294,1745,1591.428298184922,1591.3743247830591,0.05397340186277688,44.15669280217412,-0.9452988101115807,45.1019916122857,5,2
F,2023,356,578,1526.5478637679923,1526.8856118289775,-0.3377480609851773,-7.048312087399836,6.450282938746568,-13.498595026146404,4,2
F,2023,357,1677,1534.8507659019283,1534.702241143192,0.1485247587363574,26.912083319434714,2.882371859300065,24.02971146013465,4,2
F,2023,404,230,1419.524221155859,1421.6693378982372,-2.14511674237815,51.71422429707991,81.58270027574235,-29.868475978662445,4,2
F,2023,408,2326,1607.253671389759,1605.9255904420709,1.3280809476880222,57.49369095814859,17.3827479687111,40.11094298943749,4,2
F,2023,480,2928,1507.4714821105356,1508.3287713590562,-0.8572892485206012,-65.83039626223217,-147.870207319045,82.03981105681282,4,2
F,2023,483,2932,1555.2593269377371,1554.8686525279638,0.3906744097732826,54.0520779515557,-111.65422765288417,165.70630560443988,4,2
F,2023,490,2400,1625.4722055055724,1625.4751078151025,-0.0029023095300999557,-118.06665294783534,-99.68197542286703,-18.38467752496831,4,2
F,2023,497,636,1807.320623218919,1807.3600622479707,-0.039439029051663965,80.07378520875886,101.59976988277663,-21.525984674017764,4,2
F,2023,577,236,1526.099418555203,1525.6506940985794,0.4487244566237223,56.59492826819178,39.59160306799845,17.00332520019333,4,2
F,2023,580,579,1533.1751580191722,1532.3889647453977,0.7861932737744155,40.801722555421065,43.7259789648258,-2.924256409404734,4,2
F,2023,581,2388,1548.8990234946586,1548.33796375722,0.5610597374386543,93.57527650501447,11.325146223588263,82.25013028142621,4,2
F,2023,586,293,1573.5658374593286,1572.7852636787788,0.7805737805497301,86.08575707706336,-3.6500972766382347,89.7358543537016,4,2
F,2023,590,589,1581.8208668339587,1581.7225926747371,0.09827415922154614,55.49353896806133,79.93137428287878,-24.43783531481745,4,2
F,2023,591,76,1590.763815323142,1590.2725892879457,0.4912260351961777,53.551269010674105,21.13182934036695,32.419439670307156,4,2
F,2023,616,449,1688.448329589603,1688.56695006763,-0.11862047802696907,56.06502016170725,26.376486568370183,29.68853359333707,4,2
F,2023,621,1084,1713.409966031938,1712.6427735037832,0.7671925281547374,117.47715874164078,-12.91401125117909,130.39116999281987,4,2
F,2023,627,2842,1746.6266318489036,1746.0614064311985,0.5652254177050509,135.4145729776401,-46.66351377135334,182.07808674899343,4,2
F,2023,632,3002,1785.051828104624,1784.5776185476873,0.4742095569367848,-20.396468184800142,-20.271491405228517,-0.12497677957162523,4,2
F,2023,643,1976,1884.5052772370773,1885.4152578667954,-0.9099806297181203,100.02850272544947,80.78802725356786,19.24047547188161,4,2
F,2023,646,2423,1890.8930975864937,1892.0753663556955,-1.1822687692017553,166.5346855045484,-50.786329773003445,217.32101527755185,4,2
F,2023,647,3460,1897.379192095132,1896.054202528215,1.324989566917111,227.9461941931295,-208.02151624250496,435.96771043563444,4,2
F,2023,652,2533,1930.9889545489848,1931.6705919887606,-0.6816374397758409,139.12221522041932,-75.21093801156667,214.333153231986,4,2
F,2023,809,2996,1470.021795923361,1471.0854029850013,-1.0636070616403686,16.47591284566397,25.648230547746607,-9.172317702082637,4,2
F,2023,810,2929,1520.5754787231529,1520.0381657682908,0.5373129548620454,-39.380337039442566,-54.0863968885576,14.706059849115036,4,2
F,2023,831,1104,1755.4022915715982,1755.285297684827,0.11699388677129718,108.80281550200925,20.5409891034019,88.26182639860735,4,2
F,2023,825,1955,1630.8023322003464,1630.9923055956149,-0.1899733952684528,32.333779361529196,49.00872118483517,-16.67494182330597,4,2
F,2023,819,387,1569.939663104126,1572.7198149408239,-2.780151836697769,39.63825496564118,-136.85866750724608,176.49692247288726,4,2
F,2023,817,2933,1568.551914948838,1566.3795826251776,2.1723323236603846,-23.93776541552961,-61.58791219966224,37.65014678413263,4,2
F,2023,829,3371,1677.0936456660381,1677.5609754599568,-0.46732979391867957,20.11612673946115,86.42876891259789,-66.31264217313674,5,2
F,2023,821,295,1599.1814992334175,1599.3761181585935,-0.19461892517597335,-46.10501673697422,44.14171261948536,-90.24672935645958,4,2
F,2023,807,1932,1452.0801947728467,1450.7143425194897,1.365852253356934,20.880097615543264,-57.63907709904743,78.51917471459069,4,2
F,2023,813,2772,1544.4645719677605,1544.3322959475631,0.13227602019742335,-59.173006070539486,45.22990792014275,-104.40291399068224,4,2
F,2023,823,1749,1610.878233685134,1610.5197708590294,0.35846282610464186,50.0825763040541,-75.69923731693643,125.78181362099053,4,2
F,2023,843,1967,1731.810572931695,1731.4977636522938,0.3128092794013355,53.817017313991755,181.54780483453828,-127.73078752054653,4,2
F,2023,835,1086,1714.66197072706,1714.6261467215063,0.03582400555364984,-76.48024675243028,-142.5402151210351,66.05996836860481,4,2
F,2023,841,388,1726.953454388186,1726.705516224582,0.24793816360397614,-50.72130285203366,-11.234452818221598,-39.48685003381206,4,2
F,2023,839,1772,1717.9330913788112,1717.3949824983092,0.5381088805020227,-49.99350421828353,-58.81005190956216,8.816547691278629,4,2
F,2023,845,1690,1808.3349712090273,1808.3012334196274,0.033737789399992835,14.2937884427688,11.141681451903878,3.1521069908649224,4,2
F,2023,990,2699,1401.2531783212771,1402.1579978428063,-0.9048195215291344,25.920807255512955,-41.88107314259537,67.80188039810832,4,2
F,2023,1034,1742,1579.7567679163444,1580.226343523633,-0.4695756072885615,-76.08096595657503,-55.58516699423126,-20.49579896234377,4,2
F,2023,1072,2403,1666.0335028872935,1666.9004283671036,-0.8669254798101065,-44.39393618712438,-5.228908049187112,-39.16502813793727,4,2
F,2023,1066,2671,1645.2080841012023,1645.1493922401028,0.058691861099532616,-118.53929963248083,-135.92296716771762,17.383667535236782,4,2
F,2023,1022,1737,1543.0643633884695,1543.268362174449,-0.20399878597959287,20.232289152204658,-10.090705284084834,30.32299443628949,5,2
F,2023,1024,1026,1563.8897821745604,1563.8897821745604,0.0,-25.052517856471695,-2.5572174709727733,-22.495300385498922,4,2
F,2023,1074,827,1671.9836225404624,1672.4347768589985,-0.45115431853605514,-40.890384758404025,-28.359407459513022,-12.530977298891003,4,2
F,2023,1060,2513,1634.299531403726,1633.9853112922176,0.31422011150834805,75.81587014520755,3.6125828637625546,72.203287281445,4,2
F,2023,1036,486,1583.7235143517903,1585.3225817778005,-1.5990674260101514,-50.7569472538853,-200.64347107381468,149.88652381992938,4,2
F,2023,1070,2938,1659.091696625263,1658.566255558899,0.5254410663640101,53.57190795083011,-99.06896139997207,152.64086935080218,4,2
F,2023,1096,2892,1730.4931324632898,1730.7504596078936,-0.2573271446037779,-13.738293112852489,75.9975269503484,-89.73582006320089,4,2
F,2023,1138,1510,1985.3565909406911,1985.8636556136048,-0.507064672913657,60.869942464918495,6.236836246071789,54.633106218846706,4,2
F,2023,1667,2922,1433.904278780036,1431.4238504509462,2.4804283290898184,53.57635230725805,-83.353301704665,136.92965401192305,4,2
F,2023,1671,2251,1704.5663956374003,1705.9779891264666,-1.411593489066263,93.6318148683622,72.76449411505723,20.867320753304966,4,2
F,2023,1674,1793,1852.1914074633526,1852.5036684141785,-0.3122609508259302,193.7052691082531,30.50858853191812,163.19668057633498,4,2
F,2023,1053,2832,1614.4657992264963,1612.7239269829674,1.74187224352886,-86.82393889987293,-15.171029982927621,-71.65290891694531,4,2
F,2023,1008,2927,1501.4135258162871,1502.275609842418,-0.8620840261307876,59.2718782298291,-54.085592603651094,113.35747083348019,4,2
F,2023,1732,1731,1523.7593949704537,1523.3958738424292,0.3635211280245585,-155.7038834795976,-68.91384046083454,-86.79004301876307,4,2
F,2023,1741,587,1578.529911592851,1577.988174624309,0.5417369685419544,-128.7281251832378,42.273594153112526,-171.00171933635033,4,2
F,2023,1751,2512,1618.6384093849158,1617.9845781942083,0.6538311907074785,-93.36873178141332,17.158415822425013,-110.52714760383833,4,2
F,2023,1759,1619,1652.8093954192436,1655.97600840057,-3.1666129813263524,25.746235093927226,40.565508232323054,-14.819273138395829,4,2
F,2023,1765,1766,1682.1334330799077,1683.1028227546403,-0.9693896747326107,-58.63828351951861,-8.278208186287657,-50.36007533323095,4,2
F,2023,1767,618,1697.7648415849721,1697.5878263972295,0.17701518774265423,17.201770539286144,-39.93636646656819,57.13813700585433,4,2
F,2023,1768,2165,1707.0952172042741,1706.7851341599405,0.31008304433362355,48.84793773546426,40.84738988757067,8.000547847893586,4,2
F,2023,1769,299,1710.6092547751805,1711.332446429695,-0.7231916545144941,-68.34526112177741,-57.13027103142258,-11.214990090354831,4,2
F,2023,1777,3000,1751.0812736952703,1752.8140900986048,-1.732816403334482,-39.37107388332174,64.60658698600378,-103.97766086932552,4,2
F,2023,1783,2333,1790.7050766499694,1789.9275651344758,0.777511515493643,-73.30339934756466,-9.528867789863853,-63.77453155770081,4,2
F,2023,1791,305,1839.2957340959458,1840.5581119275396,-1.262377831593767,41.214825149452054,55.29831687157548,-14.083491722123426,4,2
F,2023,1795,978,1864.499865638996,1864.2375105915453,0.26235504745068283,-55.8179912550288,91.41959077989395,-147.23758203492275,4,2
F,2023,1796,2422,1879.7677530160356,1876.0795482006708,3.68820481536477,-55.657254896205814,-213.44605284948716,157.78879795328135,4,2
F,2023,1512,278,2181.602904822831,2181.3437347596378,0.2591700631933236,80.61516670440096,375.84144233251004,-295.2262756281091,4,2
F,2023,2238,2187,1309.745224934255,1346.7040174304827,-36.958792496227716,54.587001916942654,-3.975050400996679,58.56205231793933,4,2
F,2024,5368,287,1516.1397687435456,1516.8248646427226,-0.6850958991769858,48.447542485833765,17.740935748582388,30.706606737251377,4,2
F,2024,4960,19446,1416.8078074960813,1416.964062395441,-0.15625489935973746,-12.38315284877649,-100.62339100426061,88.24023815548412,5,2
F,2024,1727,18812,1404.24503681548,1409.7868519657043,-5.541815150224238,15.432965727605279,-105.74485800360003,121.17782373120531,4,2
F,2024,18595,567,1440.5987358057648,1440.694063394488,-0.09532758872319391,45.244945088079476,79.3955133645427,-34.15056827646322,4,2
F,2024,1726,7746,1378.065344565759,1368.9758761581168,9.089468407642244,-48.58882679288217,13.761125488198786,-62.34995228108096,4,2
F,2024,1732,19450,1508.736281795742,1508.9555187826575,-0.21923698691557547,69.92749549133055,17.332688479469653,52.594807011860894,4,2
F,2024,1740,4545,1579.2147420914143,1579.263819958356,-0.049077866941615866,140.02643617489207,-43.05143793450611,183.07787410939818,4,2
F,2024,4971,22554,1546.3273642066629,1547.3787610564345,-1.0513968497716633,102.34512634768407,64.41227974975209,37.932846597931984,4,2
F,2024,4959,21215,1496.1205729707629,1496.346681832626,-0.22610886186316748,28.328473130916336,-21.240771567075626,49.56924469799196,4,2
F,2024,19506,3240,1507.5496020470914,1507.2674467706024,0.28215527648899297,108.30243336509852,14.865441003124715,93.43699236197381,5,2
F,2024,2238,3097,1249.2877301370222,1272.5346139533876,-23.246883816365425,-26.642701575129195,-547.3195893383327,520.6768877632035,6,2
F,2024,2241,19490,1342.8974504007658,1341.4868007827736,1.4106496179922487,-75.64850169307601,-48.59111172063376,-27.05738997244225,4,2
F,2024,2240,22549,1567.2431214464289,1567.9333151432045,-0.6901936967756228,134.18329907915677,12.561598763682014,121.62170031547475,4,2
F,2024,233,18818,1546.0674874819167,1545.1147486450204,0.9527388368962875,137.86991047146762,-3.764712529835606,141.63462300130323,4,2
F,2024,240,22543,1584.492704800056,1581.0044150721699,3.4882897278860128,31.099614905760973,-24.127277674283505,55.22689258004448,4,2
F,2024,3368,4549,1736.7003661457418,1736.1815834496736,0.5187826960682287,97.78115222397605,27.121045183992692,70.66010703998336,4,2
F,2024,8135,2405,1986.2651843233973,1983.7788455394086,2.4863387839886855,150.43698717559437,167.50860019727838,-17.071613021684016,4,2
F,2024,7704,2699,1480.1253531746,1480.1621773443137,-0.036824169713781885,52.814099750453806,67.78408204345851,-14.969982293004705,5,2
F,2024,7705,241,1490.981162152931,1491.951280821947,-0.9701186690160739,21.857065983570237,-151.50163354971983,173.35869953329006,5,2
F,2024,2703,5065,1716.151651606701,1716.6455804625848,-0.49392885588372337,127.5984110703921,-146.44663514643435,274.04504621682645,4,2
F,2024,7712,3046,1911.0892967014631,1905.7858173939114,5.303479307551697,129.94643882302194,168.98422407475869,-39.03778525173675,4,2
F,2024,1484,17931,1670.860749632589,1670.8427972912687,0.017952341320324194,142.3135542045586,56.98001813401197,85.33353607054664,5,2
F,2024,1497,18936,1707.1635086891583,1704.931691435946,2.2318172532122844,150.4162156416594,143.35036061114056,7.065855030518833,4,2
F,2024,1466,2924,1438.1871672406608,1438.020550963718,0.16661627694270464,45.519208915864965,37.391435741238865,8.1277731746261,4,2
F,2024,2516,22553,1505.0523128627794,1505.2718589951878,-0.21954613240836807,10.866449578709762,50.31398714055035,-39.44753756184059,4,2
F,2024,7751,18823,1603.5904222006386,1604.896695834001,-1.3062736333624798,-84.76075445213928,59.662620407054646,-144.42337485919393,4,2
F,2024,2239,1617,1397.338786407947,1391.7526867009324,5.586099707014682,41.84916955396238,46.207967989676945,-4.3587984357145615,4,2
F,2024,11377,4778,1894.6865044188748,1894.6817648086615,0.004739610213391643,207.0372895977364,81.19362934318201,125.84366025455438,5,2
F,2024,2064,18611,1916.6319098612332,1920.1503501000652,-3.5184402388319995,112.62738677016341,13.127679275532955,99.49970749463046,5,2
F,2024,1671,1056,1640.1198012875193,1641.2576555800322,-1.137854292512884,-0.7883922627922857,-29.762738416221737,28.97434615342945,4,2
F,2024,583,19511,1613.4769450656918,1612.8457815332597,0.6311635324320832,149.43012265824996,133.0449378951605,16.385184763089455,4,2
F,2024,577,18600,1526.7928703199022,1525.4627178860392,1.330152433863077,92.81147293401932,-23.846199691995253,116.65767262601457,4,2
F,2024,620,11339,1547.538397327949,1547.424732124946,0.11366520300293814,61.390500898036635,50.343846973418295,11.04665392461834,4,2
F,2024,3000,11430,1589.808626067349,1589.457586783008,0.3510392843409136,94.1035084385303,5.793800281485574,88.30970815704472,4,2
F,2024,578,18911,1586.6919271741215,1588.6280011797678,-1.9360740056463328,91.5841358702346,131.82363096769086,-40.239495097456256,4,2
F,2024,18929,7707,1619.3198687125987,1619.3832038321157,-0.06333511951697801,122.32054404642827,-303.1988378563176,425.51938190274586,4,2
F,2024,18931,8115,1633.9293947746035,1633.2708304111652,0.658564363438245,63.65804091681889,101.22740914141536,-37.569368224596474,4,2
F,2024,621,18849,1830.3788218883597,1831.898328973499,-1.5195070851393666,270.5606787168788,72.30558421125079,198.255094505628,4,2
F,2024,7970,11455,1453.810816046892,1452.7985766995928,1.0122393472991007,-54.69611023384596,-414.93375240549426,360.2376421716483,4,2
F,2024,3379,11464,1651.6638578632026,1651.0309058567336,0.6329520064689405,79.3754614977222,-89.55763936732114,168.93310086504334,6,2
F,2024,3460,19606,1766.3018207272537,1766.6613290891548,-0.3595083619011348,66.71872813484015,-51.81522615216727,118.53395428700742,5,2
F,2024,286,2323,1465.5223898337208,1465.4051280350172,0.11726179870356646,-46.89203520958722,-41.35052660503652,-5.5415086045507,4,2
F,2024,7991,833,1533.6388936578824,1533.1028940505314,0.5359996073509592,-115.96026414440234,-16.859875379640698,-99.10038876476165,5,2
F,2024,7993,3366,1543.6947571398325,1543.7183528051867,-0.023595665354150697,-12.889371561913322,12.20403882489586,-25.093410386809182,4,2
F,2024,18948,1797,1868.5583833303986,1869.6106729405842,-1.0522896101856531,138.5022375534013,23.307684169153163,115.19455338424814,4,2
F,2024,655,4550,1795.510753020375,1793.692234716887,1.8185183034879628,129.76674156101717,34.99093392896634,94.77580763205083,4,2
F,2024,643,19370,2080.2471399125616,2079.2627859310455,0.9843539815160511,261.2889261082389,250.28004148777381,11.008884620465096,4,2
F,2024,632,16175,2162.209857176693,2172.861999253393,-10.65214207670033,302.93211643948484,-81.58266579475594,384.5147822342408,4,2
F,2024,357,11457,1540.4371896559828,1541.5376085874518,-1.1004189314689938,27.524722544474344,-121.12385410909383,148.64857665356817,5,2
F,2024,4655,7747,1550.1526309362239,1550.8021493410713,-0.649518404847413,49.06749255783461,-180.91589933314413,229.98339189097874,5,2
F,2024,7998,18928,1571.8624441673794,1571.4980200696368,0.3644240977425852,-10.042773887324756,73.70226030355752,-83.74503419088228,4,2
F,2024,7162,236,1590.5736644108063,1591.6601028490354,-1.0864384382291519,-110.59045170285094,52.796274464321186,-163.38672616717213,5,2
F,2024,7999,2230,1618.0407761784015,1619.135128703456,-1.0943525250545463,31.2075044848973,125.60056396433356,-94.39305947943626,4,2
F,2024,4656,2086,1645.0281130679596,1644.670486255879,0.35762681208052527,115.36026358453205,19.168012867425887,96.19225071710616,4,2
F,2024,3431,18037,1724.0710242244882,1723.3493190140744,0.721705210413802,86.97160541522726,8.330259069194199,78.64134634603306,6,2
F,2024,18777,19491,1358.2812551954696,1357.7223511567852,0.5589040386844317,15.720005927032844,-56.845940668819594,72.56594659585244,4,2
F,2024,1046,19516,1742.7701549414785,1743.0159764197483,-0.24582147826981782,232.13187918936887,122.99206896916803,109.13981022020084,5,2
F,2024,1060,2083,1537.0170625423705,1536.262655045029,0.7544074973413899,-25.688157866280108,65.94375357717945,-91.63191144345956,5,2
F,2024,1080,16157,1681.4490484649496,1682.1771693654641,-0.7281209005145683,52.63971476386473,64.6961632384398,-12.056448474575063,4,2
F,2024,11448,2096,1827.6845963427204,1824.986420272136,2.6981760705843953,45.461951521693436,-21.89278304255049,67.35473456424393,5,2
F,2024,11446,2249,1785.967424161757,1787.7142845465994,-1.746860384842421,-45.73375124110726,143.50639660728984,-189.2401478483971,4,2
F,2024,1096,18817,1529.6263793129424,1529.229484787502,0.39689452544030246,-171.55899409235917,-57.25618215313261,-114.30281193922656,5,2
F,2024,268,19520,1778.30518038718,1778.447562130057,-0.14238174287697802,-155.31313044402305,216.2261976196121,-371.53932806363514,4,2
F,2024,8034,1987,1954.2859387418332,1953.0561581896907,1.229780552142529,20.56814659608426,-110.18630549499062,130.75445209107488,4,2
F,2024,275,2415,1974.907936254301,1974.0444197529448,0.8635165013561164,-331.9959104705997,253.64504956234236,-585.6409600329421,4,2
F,2024,408,19458,1607.0849552874172,1605.9924626546358,1.0924926327813864,60.15051409663624,78.46361609573887,-18.313101999102628,4,2
F,2024,409,635,1669.304857991512,1669.7714320467217,-0.46657405520954853,134.10921191716284,102.74550717058378,31.36370474657906,4,2
F,2024,11343,5203,1672.1598851725546,1672.0148952962043,0.144989876350337,89.41217074520273,78.64692354106296,10.765247204139769,4,2
F,2024,11345,1116,1742.7479709934978,1742.48533411679,0.262636876707802,92.55192530393697,-32.7685035800348,125.32042888397177,4,2
F,2024,11347,3256,1807.2322055997988,1808.3018626918858,-1.0696570920870272,-28.794935661747786,57.664450628957184,-86.45938629070497,4,2
F,2024,11348,851,1863.8405031549485,1864.2751644693567,-0.4346613144082312,115.35691869390894,-5.352183497014266,120.7091021909232,4,2
F,2024,1946,20403,1514.3457965101109,1512.2179177306996,2.127878779411276,42.420266487037225,21.191856313845392,21.228410173191833,4,2
F,2024,11340,22600,1562.3890125221337,1561.2463453983007,1.1426671238330073,6.501253022209994,-26.602016414321042,33.103269436531036,4,2
F,2024,2061,19462,1648.0001968781842,1648.3765284201868,-0.3763315420026174,20.020370913420493,-3.7096622457488593,23.730033159169352,4,2
F,2024,2062,2713,1760.4205238488103,1761.2270651948706,-0.806541346060385,-66.45726497053647,170.53775055118012,-236.9950155217166,4,2
F,2024,4665,1746,1636.1958483546987,1636.667223549038,-0.4713751943393163,200.42247199402118,78.30975942961686,122.11271256440432,4,2
F,2024,16156,11465,1661.4149180343618,1660.8261432563768,0.5887747779850088,167.40222499284937,44.42454973007466,122.97767526277471,4,2
F,2024,1122,2940,1762.8227164074572,1761.7048881359563,1.1178282715009118,31.970135530551033,56.060029554504354,-24.08989402395332,4,2
F,2024,16160,18778,1764.7913631436709,1765.419642427811,-0.6282792841400351,203.7785673223268,120.67249700742082,83.10607031490599,4,2
F,2024,2400,11296,1799.9023954994088,1799.6822680722182,0.22012742719061862,224.05599594226214,165.53968144623695,58.51631449602519,4,2
F,2024,16164,5521,1849.2535059932325,1848.2024436840052,1.0510623092272908,264.1485483996455,136.2870820726048,127.86146632704072,4,2
F,2024,2403,18913,1853.2755127955925,1853.8316958874566,-0.5561830918641135,160.15404477686798,114.20194842101387,45.95209635585411,4,2
F,2024,1004,11427,1542.868836929597,1543.3687372541337,-0.4999003245368385,-14.26133777969153,-73.19540678585258,58.93406900616105,4,2
F,2024,2894,1062,1936.5419238931013,1933.8104946517644,2.731429241336855,248.39817524880687,136.25146672868664,112.14670852012023,4,2
F,2024,16167,18740,1959.2608271821082,1955.8982703890824,3.3625567930257603,267.1349030382696,205.36047487020573,61.77442816806388,4,2
F,2024,1154,18958,2130.3203320305133,2125.2964546600274,5.023877370485934,-17.86424119862977,359.7920108888386,-377.6562520874684,4,2
F,2024,2079,1759,1573.0049065628007,1573.0049065628007,0.0,92.92835612040949,38.37740555853952,54.55095056186997,4,2
F,2024,829,3586,1503.8477891168757,1503.5576854860246,0.29010363085103563,19.077180314162433,91.23726777185539,-72.16008745769295,4,2
F,2024,3028,996,1508.1804459797775,1507.8562102777169,0.32423570206060504,7.330190453407795,79.22558188503876,-71.89539143163097,4,2
F,2024,18831,78,1666.0125201407893,1666.0218576071957,-0.009337466406350359,104.27932894522155,-58.984136620980735,163.26346556620229,4,2
F,2024,3193,1112,1713.5470501571795,1714.3052423443173,-0.7581921871378654,105.62232722440012,-81.17086665880333,186.79319388320346,4,2
F,2024,1765,304,1699.359448085961,1699.7693411366834,-0.4098930507223031,89.10767068944779,-113.67554172291443,202.78321241236222,4,2
F,2024,1769,2524,1791.2757076584712,1789.1867231935744,2.088984464896839,131.20698749326357,-241.4400025846628,372.6469900779264,4,2
F,2024,855,7754,1740.1806814354698,1738.493786175089,1.686895260380652,37.30614396741066,-37.576745248323505,74.88288921573417,4,2
F,2024,1781,7756,1817.5894653461162,1815.9165863691212,1.67287897699498,75.97396536807992,-10.420092170048292,86.39405753812821,4,2
F,2024,839,2385,1568.4991532429876,1568.1175930329184,0.38156021006921037,-317.85314196438253,145.28628704575954,-463.13942901014207,4,2
F,2024,11458,1743,1580.0396803464464,1579.5530305956704,0.4866497507759959,-66.91584574041394,115.11668311554354,-182.03252885595748,4,2
F,2024,11470,3755,1779.9207128282796,1779.1709020250416,0.749810803238006,101.4256434531012,-74.06650665296843,175.49215010606963,4,2
F,2024,2925,972,1467.554341287863,1466.6288257723957,0.9255155154673957,41.20100674595233,-40.256010265847635,81.45701701179996,4,2
F,2024,1512,18768,2355.124208048926,2353.2085281376008,1.9156799113252418,287.312901208571,235.7030365929768,51.60986461559423,4,2
F,2024,7986,18593,1303.7905854990238,1323.6653560527625,-19.8747705537387,-53.93039542520614,-25.778378348468777,-28.152017076737366,5,2
F,2025,7705,27889,1408.9152125782234,1407.9345500801353,0.9806624980881224,-43.69882287167252,-201.67575805167098,157.97693517999846,6,2
F,2025,27050,28267,1496.5483535826265,1496.298226497104,0.2501270855225357,34.164489330720016,-5.364337224108567,39.52882655482858,5,2
F,2025,1497,819,1536.976632716487,1536.9533394172743,0.02329329921280987,0.22243901254432785,44.64216088422927,-44.41972187168494,6,2
F,2025,26830,490,1672.4653756317127,1671.8651550848792,0.6002205468334978,106.06933452293765,-217.6311775651286,323.70051208806626,5,2
F,2025,26831,4977,1673.064353275016,1674.0252182777238,-0.9608650027078056,-125.0966871833541,141.66471755470866,-266.76140473806277,4,2
F,2025,68,16153,1509.265717411632,1509.1811724291226,0.08454498250944198,-8.802550887599637,41.314240992414625,-50.11679188001426,4,2
F,2025,245,7751,1593.5978124505646,1592.6172649039154,0.9805475466491771,-42.03364436416837,-71.83425267964662,29.800608315478257,4,2
F,2025,2238,1466,1327.1574367087924,1302.5544430004077,24.6029937083847,21.220102065751917,-105.3008627410311,126.52096480678301,5,2
F,2025,2245,27335,1475.2848502308393,1474.6456156517736,0.6392345790657146,66.70007029776139,-26.332719583367407,93.03278988112879,4,2
F,2025,28021,27342,1557.9118153528204,1558.4932341285023,-0.5814187756818683,7.817448589632477,-61.145860408287035,68.96330899791951,4,2
F,2025,2061,23716,1635.7522888555332,1635.81916933848,-0.06688048294677174,-46.942326870129364,39.975782032591496,-86.91810890272086,5,2
F,2025,1671,4555,1645.0164159236908,1643.9008082978216,1.1156076258691883,66.7932686034419,-10.80930905244145,77.60257765588335,4,2
F,2025,2064,27683,1956.6811539219193,1957.4869166843762,-0.8057627624568795,97.71449409076286,-239.783875783118,337.49836987388085,4,2
F,2025,27226,18740,1935.5199373557066,1934.4905574856182,1.0293798700884054,176.4290294544528,1.7408906704115452,174.68813878404126,4,2
F,2025,26867,237,1526.1714815511255,1525.454289388208,0.7171921629173994,47.6307683892021,21.42193097948075,26.208837409721355,5,2
F,2025,3379,27057,1650.3355685349693,1650.1007563059322,0.23481222903706112,-12.430855724221146,55.13029312030517,-67.56114884452631,5,2
F,2025,27641,20408,1523.0291881208257,1523.2967338144338,-0.2675456936080991,34.449560783358265,1.4900533437437389,32.959507439614526,4,2
F,2025,27047,7945,1450.7176619534764,1452.5137442631485,-1.7960823096721015,43.8623144640153,-16.465627235143984,60.32794169915928,4,2
F,2025,27331,28712,1394.990378098881,1394.6547860983942,0.335592000486713,-22.982902859442902,27.26040160247885,-50.24330446192175,4,2
F,2025,5924,27149,1391.6264278784347,1390.4956059554015,1.1308219230331815,-92.88170675879906,-59.730858826449094,-33.15084793234996,4,2
F,2025,592,28277,1711.3062739730663,1712.032515529526,-0.7262415564598541,130.98661918260882,13.67737806988498,117.30924111272384,4,2
F,2025,27346,25885,1580.8006454181598,1580.7611941743585,0.03945124380129528,-154.1199434359903,107.54677764221105,-261.66672107820136,4,2
F,2025,27349,16159,1669.9517134541215,1670.190612416268,-0.23889896214654982,17.933273746171835,-9.31368079810386,27.246954544275695,4,2
F,2025,17920,23543,1384.3219163881693,1384.7833316241756,-0.4614152360063599,7.274515957902622,-64.88439821929978,72.1589141772024,4,2
F,2025,27338,282,1382.9287627041947,1381.3990745750348,1.529688129159922,-125.71981035452018,-7.589556918224162,-118.13025343629602,4,2
F,2025,2385,8119,1696.2805101660117,1696.9318619918445,-0.6513518258327622,112.27224654214228,17.599948142137237,94.67229840000505,4,2
F,2025,26935,28709,1512.5960170481994,1512.974765826875,-0.3787487786755719,-14.048876278746093,24.11161485843604,-38.160491137182134,4,2
F,2025,3431,28778,1604.339787911154,1603.867049140894,0.4727387702598662,-23.564136528556446,77.01949113583942,-100.58362766439586,5,2
F,2025,26941,26622,1698.4359631552102,1697.8445971188228,0.5913660363873987,7.792664476420441,7.26404626466865,0.528618211751791,4,2
F,2025,26940,26959,1645.5068645804286,1646.8667125130498,-1.3598479326212782,10.557024000458341,59.67013280154856,-49.11310880109022,4,2
F,2025,26942,11438,1720.7838047756734,1720.6200886189042,0.16371615676916917,54.072837290593725,-25.288195152561684,79.36103244315541,4,2
F,2025,256,27933,1588.3982858684958,1588.3087198426413,0.08956602585453766,96.61001906637898,-55.4151300302492,152.02514909662818,4,2
F,2025,7993,27343,1528.8121243694432,1529.701862519498,-0.8897381500548818,-10.757963336518515,-47.60833715087506,36.850373814356544,4,2
F,2025,26875,18937,1589.8353836187516,1591.0496728606813,-1.2142892419296913,26.47393092108382,131.62994765097142,-105.1560167298876,5,2
F,2025,26874,28702,1540.059548623237,1539.4436761501079,0.6158724731292295,58.126282382537966,169.11358084726203,-110.98729846472406,5,2
F,2025,18741,18839,2039.3686129195012,2049.7181663235656,-10.349553404064409,108.18668472244576,-4.782412880520496,112.96909760296626,5,2
F,2025,27107,2393,2054.517486954806,2056.2378864441716,-1.7203994893657182,-21.935541436334915,362.8632617601986,-384.7988031965335,4,2
F,2025,1008,18911,1427.5419922158917,1428.4611349957556,-0.9191427798639324,-77.70948820810008,2.9739380019977943,-80.68342621009788,4,2
F,2025,1049,27333,1423.8760390154482,1423.3620722578673,0.5139667575808744,-4.014348037524314,-59.6001229730648,55.585774935540485,4,2
F,2025,3102,27249,1540.8370545937157,1541.1694558462957,-0.33240125257998443,-21.637708813478184,22.05538076387279,-43.693089577350975,4,2
F,2025,19366,2924,1350.3125183007937,1353.173657979895,-2.8611396791013703,-70.86165001801373,19.4553594861934,-90.31700950420714,4,2
F,2025,25098,63,1419.6760439946943,1419.0774075843515,0.5986364103428059,-103.21300936437729,62.09142980426827,-165.30443916864556,4,2
F,2025,1478,18816,1585.1934958703798,1584.1457682415953,1.0477276287845143,60.81796231294106,121.7269089116271,-60.90894659868604,5,2
F,2025,26938,27605,1563.1727112418798,1563.9852705392825,-0.8125592974026858,20.602660056428476,102.11811481192944,-81.51545475550097,4,2
F,2025,358,28473,1537.0610226116537,1537.0344500329707,0.026572578683044412,-11.316211215418434,154.14552273495383,-165.46173395037226,4,2
F,2025,4656,26939,1600.8111813395021,1600.8111813395021,0.0,15.48004978102449,-209.95971108250683,225.43976086353132,4,2
F,2025,11458,28783,1544.9227765744183,1544.2844218414975,0.6383547329207886,-122.01611787441107,34.76626542457325,-156.7823832989843,4,2
F,2025,11470,1929,1633.375668997139,1633.4208218801982,-0.04515288305924514,-119.41241184138335,-144.0629157428234,24.65050390144006,5,2
F,2025,1512,28483,2165.718628385814,2165.458671578456,0.2599568073583214,101.81024202906474,120.61850344995378,-18.80826142088904,4,2
F,2025,19361,20463,1719.617018104118,1719.579843279117,0.03717482500087499,38.331169963714274,-18.02108479998651,56.352254763700785,4,2
F,2025,1726,18726,1376.1873301426426,1371.855382190936,4.331947951706525,31.691475038697718,-31.059403581439256,62.75087862013697,4,2
F,2025,18822,446,1434.4386457042358,1434.6448596062944,-0.20621390205860735,54.58285092882738,-24.808077845816797,79.39092877464418,4,2
F,2025,1767,18600,1457.4964581140334,1457.4572493657552,0.03920874827826992,68.24194348238393,-26.832091837759208,95.07403532014314,5,2
F,2025,823,27339,1498.073489610541,1498.5324371945626,-0.4589475840216437,-21.725452408644514,-11.10712266306382,-10.618329745580695,4,2
F,2025,1742,27416,1492.6899612658292,1492.0525757303121,0.637385535517069,-8.43126995623993,49.458829303052426,-57.890099259292356,4,2
F,2025,1752,28472,1518.982383412597,1520.489195492986,-1.5068120803889542,20.275685317078114,83.68234664175566,-63.40666132467754,5,2
F,2025,5065,28501,1594.6297634986176,1595.3776101694473,-0.747846670829631,-14.576746070224317,55.36343022601454,-69.94017629623886,4,2
F,2025,3036,18945,1632.2504047988134,1632.0467044263048,0.2037003725085924,47.638209928096785,-30.518958136176934,78.15716806427372,4,2
F,2025,27653,27423,1618.901144982615,1616.9632066588447,1.9379383237703678,61.54723317692037,15.628873275325532,45.91835990159484,5,2
F,2025,27638,27337,1493.9035303400292,1495.0225368862343,-1.119006546205128,25.627931566734787,11.20809300823862,14.419838558496167,5,2
F,2025,1756,27232,1641.9589573924122,1642.225945593511,-0.26698820109868393,74.53783928634903,-76.26700225394688,150.8048415402959,4,2
F,2025,28042,17562,1662.6169074069962,1662.5896316538096,0.02727575318658637,52.85166289977883,20.886698972677323,31.964963927101508,4,2
F,2025,2096,21224,1730.9664333726055,1730.0763529162882,0.8900804563172642,103.85047354691324,-5.887690730304939,109.73816427721817,4,2
F,2025,5368,18606,1499.5311044398882,1499.058364495235,0.47273994465308533,-0.7320695553905807,-186.17851497201286,185.44644541662228,5,2
F,2025,845,27658,1675.3608176043306,1674.7253223958085,0.6354952085221157,46.42896922891873,-20.945418886606376,67.37438811552511,5,2
F,2025,3047,18932,1676.5525162148106,1676.051895796797,0.5006204180135683,27.23681999831524,50.67139796033348,-23.43457796201824,5,2
F,2025,27676,1116,1809.431489631993,1809.6233593474672,-0.19186971547424037,96.30028152535078,-21.369442332409108,117.66972385775989,4,2
F,2025,19610,21216,1650.6700042450486,1650.668673435682,0.0013308093666637433,-2.257514251658449,83.62403871000947,-85.88155296166792,5,2
F,2025,18841,28527,1758.4615885155988,1757.8879431188632,0.5736453967356283,81.83772218601212,64.11864366832879,17.71907851768333,4,2
F,2025,27672,27543,1764.529433886598,1763.7198086781707,0.8096252084274056,-0.783626500448463,-61.767726054372815,60.98409955392435,4,2
F,2025,27170,16160,1790.7093640997066,1791.0525293833239,-0.3431652836172816,-13.326022998668805,113.53304722592884,-126.85907022459764,5,2
F,2025,1796,27620,1796.0822298157946,1795.3672438638002,0.714985951994322,94.71438764387472,94.79721883577076,-0.08283119189604804,5,2
F,2025,18844,27969,1800.9365061125939,1799.0054978057535,1.93100830684034,1.1115858712605586,76.07267238128793,-74.96108651002737,4,2
F,2025,28356,28471,1506.592228614069,1508.8681238518063,-2.275895237737359,-9.372215455483456,99.1399646925488,-108.51218014803226,4,2
F,2025,3869,3185,1488.4502289570494,1488.2345895124465,0.2156394446028571,-46.043040277878845,-56.31830575868594,10.275265480807093,5,2
F,2025,28357,28348,1556.13365179329,1556.860420837484,-0.7267690441940431,-64.81792530982489,123.80702510038986,-188.62495041021475,4,2
F,2025,26898,28272,1560.2284074595134,1559.8716214777858,0.35678598172762577,6.96431362949329,20.82450876928965,-13.86019513979636,4,2
F,2025,26901,2323,1649.0455046423333,1649.165566121478,-0.12006147914462417,-42.51260714058185,56.88285565508977,-99.39546279567162,4,2
F,2025,8135,4763,1763.152483720534,1763.0615600129456,0.09092370758844481,0.5690061808265909,-83.05009560272515,83.61910178355174,4,2
F,2025,22356,27341,1531.4294031958736,1530.7065233542376,0.722879841636086,-29.905754924690882,3.932801743433174,-33.838556668124056,4,2
F,2025,3368,28336,1661.1459266018458,1661.7402289031522,-0.5943023013064703,-22.898758059689726,-65.97077861169782,43.0720205520081,4,2
F,2025,18826,26886,1870.109943341986,1872.3371779081979,-2.2272345662117914,282.6042996832548,-30.885785027343445,313.49008471059824,4,2
F,2025,1769,11440,1702.6374111024054,1702.5875620653721,0.04984903703325472,80.53011090286282,17.591170110520352,62.938940792342464,4,2
F,2025,18850,26861,1766.956572034998,1767.1968335520273,-0.24026151702923926,12.908007101981411,193.66702564628872,-180.7590185443073,4,2
F,2025,18851,28526,1709.9188255476045,1709.428292392473,0.49053315513151574,32.47681162968274,76.96965328108399,-44.49284165140125,4,2
F,2025,841,3002,1554.703795480453,1554.63151271577,0.07228276468299555,3.1966457084711237,7.908105948551565,-4.7114602400804415,5,2
F,2025,8034,27685,2017.7134917023664,2018.1653703943696,-0.45187869200321984,193.04520593679808,-16.652895458588773,209.69810139538686,4,2
F,2025,404,23714,1357.2405661366975,1355.6467844616525,1.5937816750449656,-14.595421104726256,-19.59557001383996,5.000148909113705,4,2
F,2025,26946,27245,1431.2736620960718,1430.0932918289793,1.180370267092485,26.48812752303843,29.737320336061885,-3.2491928130234555,4,2
F,2025,26947,27760,1463.8048494017887,1463.1199046316392,0.6849447701495137,41.79795021132804,78.53824023573634,-36.740290024408296,4,2
F,2025,1930,11341,1455.129866120264,1455.6201121310955,-0.4902460108314699,19.783875260813375,-60.87429890155863,80.658174162372,4,2
F,2025,19448,27634,1433.6395666273966,1433.225076630036,0.4144899973605334,39.20675991686312,-88.18836882508481,127.39512874194793,4,2
F,2025,26852,26927,1472.5957330370475,1471.5553668055984,1.0403662314490703,76.50884369930827,-37.10160677173144,113.61045047103971,4,2
F,2025,27251,28531,1566.4195566327628,1565.800888431323,0.618668201439732,37.69992409038241,-43.784559484351576,81.48448357473399,4,2
F,2025,1954,18912,1549.1745712404274,1549.652127278196,-0.4775560377686361,-0.4496079473849477,42.23522322211306,-42.68483116949801,4,2
F,2025,26950,27539,1727.3074665780953,1727.9519950197912,-0.6445284416959112,19.804187487162835,-3.4544599163687053,23.25864740353154,4,2
F,2025,11348,27181,1753.8854673429541,1754.684303870111,-0.7988365271569364,23.88491424312815,19.883874260817038,4.001039982311113,4,2
F,2025,18922,28711,1295.5093711788884,1300.630895696463,-5.121524517574699,-95.59461967059701,15.058254436422885,-110.6528741070199,5,2
F,2025,20764,28256,1413.6941609903083,1413.585331982105,0.10882900820342911,15.512028865897264,-21.929271180042406,37.44130004593967,4,2
F,2025,27058,28832,1700.3382452071157,1699.2490741177453,1.0891710893704385,114.73490749312236,118.3085671023307,-3.5736596092083346,4,2
F,2025,26825,27059,1717.1206109643797,1717.182003669111,-0.061392704731360936,44.884811730520596,92.99781140024083,-48.11299966972024,4,2
F,2025,655,27359,1860.647737080873,1858.4922132597758,2.1555238210971766,168.1744353285644,-154.90557595646078,323.0800112850252,4,2
F,2025,27065,27621,1820.6927751477679,1821.3486942582906,-0.6559191105227455,28.8264191546009,4.586363335509077,24.240055819091822,4,2
F,2025,3000,19449,1486.8533995841522,1487.5532772966772,-0.6998777125249944,42.015350323610846,41.59574641890049,0.4196039047103568,4,2
F,2025,27052,28271,1551.0947109275764,1551.0721935566648,0.022517370911600665,81.13424474758062,-45.79635491883005,126.93059966641067,4,2
F,2025,2420,19465,1735.850638740557,1734.7994975939573,1.0511411465997753,-10.057645030908816,17.603396729980204,-27.66104176088902,4,2
F,2025,26824,18598,1655.3719387474343,1655.3082172086106,0.06372153882375642,-149.35470209735809,-0.7479190813428431,-148.60678301601524,4,2
F,2025,1740,3237,1434.7361857758617,1434.6544453555182,0.08174042034352169,-6.809932641944442,-12.810207454171405,6.000274812226962,4,2
F,2025,1735,27975,1402.314104571731,1403.0247653363824,-0.7106607646514931,-70.2916899739721,-1.737047409790648,-68.55464256418145,4,2
F,2025,11447,5290,1570.7966510963552,1571.9267704711833,-1.1301193748281548,-116.81234321807392,66.88126158196178,-183.6936048000357,4,2
F,2025,27165,27428,1714.4701992755342,1713.4809993920423,0.9891998834918923,7.954013742870757,179.9431643345938,-171.98915059172305,4,2
M,2023,2,2945,1513.3563122716457,1511.9794799737742,1.3768322978714878,-211.98521739258604,-145.65765600728264,-66.3275613853034,5,2
M,2023,3,2949,1567.3599939462742,1567.212061516948,0.14793242932614703,-3.694846568326966,-107.59710047621434,103.90225390788737,4,2
M,2023,550,2599,1953.1574824580312,1952.632237923797,0.5252445342341616,50.445950846654114,-206.7295912046186,257.1755420512727,4,2
M,2023,551,1599,1958.250461551794,1958.86657440225,-0.6161128504561475,8.455248396693833,-11.802370372809946,20.25761876950378,4,2
M,2023,524,2851,1528.812308668183,1531.2754951326956,-2.463186464512546,-126.88191246432893,12.01476588846731,-138.89667835279624,4,2
M,2023,513,1540,1676.4715989988024,1676.9453304436133,-0.4737314448109373,-155.07378347341887,-884.2387102649063,729.1649267914875,4,2
M,2023,521,2112,1706.2459383161847,1706.329345735361,-0.08340741917618288,31.93396914687537,77.18897509170961,-45.25500594483424,5,2
M,2023,517,3089,1694.1011420156738,1694.0028076254573,0.09833439021645063,-46.91382145494208,-21.45525145816896,-25.45856999677312,4,2
M,2023,534,2730,1770.1040607995185,1770.1707351368223,-0.06667433730376615,-21.041753584038588,-24.12137177138743,3.079618187348842,4,2
M,2023,504,2946,1536.4146739203256,1536.4609485496676,-0.04627462934195137,-44.08327084277448,-111.94123158185607,67.85796073908159,4,2
M,2023,507,2632,1623.2891442312412,1620.0895067547929,3.199637476448288,-10.976595530640907,-58.70422411211371,47.7276285814728,4,2
M,2023,561,1665,2203.5949352032517,2207.8338693242194,-4.23893412096777,119.72426980255977,181.9001941271972,-62.175924324637435,4,2
M,2023,516,2727,1693.21966486483,1693.020846146108,0.19881871872212287,39.982838384913066,-73.81728371877239,113.80012210368545,4,2
M,2023,1,2612,2055.2652620944577,2055.6999443683553,-0.43468227389757885,58.203856381038804,-172.61592498870687,230.81978136974567,5,2
M,2023,6,311,1628.1882077279117,1632.8815400866383,-4.693332358726593,-23.844733676715123,24.176364840881206,-48.02109851759633,4,2
M,2023,8,3828,1598.753879138831,1594.594017929385,4.159861209446035,35.66736343505636,-4.449563483244901,40.11692691830126,4,2
M,2023,9,2859,1648.1689963972844,1647.346187613239,0.8228087840454918,-2.712398868468199,36.64893116477538,-39.361330033243576,4,2
M,2023,12,2971,1723.761339737572,1723.853653136689,-0.09231339911707437,-26.381600900357398,-135.82934122808024,109.44774032772284,4,2
M,2023,14,2114,1717.65883285333,1717.6039910547352,0.05484179859490723,-16.44785410281088,10.951206902727336,-27.399061005538215,4,2
M,2023,16,155,1768.2505834743035,1768.0537284135216,0.19685506078189974,94.80276914058027,20.600097399245897,74.20267174133437,4,2
M,2023,17,1229,1704.3711162505451,1704.7705529690954,-0.39943671855030516,2.1377285377107,-87.12557048806025,89.26329902577095,4,2
M,2023,18,1871,1860.8474976354169,1861.9553311097407,-1.1078334743237974,61.26451767639196,-31.88602033511097,93.15053801150293,4,2
M,2023,19,3054,1765.1009025017918,1765.043892876862,0.05700962492983308,42.647890581484944,9.772139694654243,32.8757508868307,4,2
M,2023,28,1632,1779.4713219388777,1779.018305088073,0.45301685080471543,43.97017814084211,110.2388752386521,-66.26869709780999,4,2
M,2023,33,2977,1804.7474160569602,1804.4633667402404,0.28404931671980194,-72.75569271020368,-129.02439640039483,56.26870369019116,4,2
M,2023,35,2985,1869.630939777033,1871.0410190868774,-1.4100793098443773,19.68473088350038,-219.59074953663003,239.2754804201304,4,2
M,2023,38,2180,1941.1877543712897,1940.7296885674243,0.45806580386533824,143.73288516907724,-166.93708720991503,310.66997237899227,4,2
M,2023,39,1879,1902.2407869945216,1900.9616633989142,1.279123595607416,-88.81046965031874,24.98429463515845,-113.79476428547719,4,2
M,2023,7,2437,1538.4468619515417,1537.2847201559348,1.1621417956068854,-40.078283073209604,-113.1485470452294,73.0702639720198,7,2
M,2023,133,2009,1657.0274741324743,1656.87690629194,0.15056784053422234,12.763649418403475,16.995660223823734,-4.232010805420259,4,2
M,2023,134,455,1658.4054595579485,1657.806611805315,0.5988477526334464,-80.32542082892974,-119.12982100901877,38.80440018008903,4,2
M,2023,145,2970,1709.8830579524413,1709.9211100447174,-0.0380520922760752,7.848878359877517,-136.5209543790313,144.36983273890883,4,2
M,2023,165,1861,1811.5586968463435,1811.1077908042103,0.45090604213328334,-184.27678011464627,-77.41025330152024,-106.86652681312603,4,2
M,2023,170,2220,1825.5354061618655,1826.480894920164,-0.9454887582985521,-84.8803533872915,-92.36941520715254,7.4890618198610355,4,2
M,2023,179,1296,1875.930301722057,1876.0396038771405,-0.10930215508346919,-143.60745593203933,114.15813859645164,-257.76559452849096,4,2
M,2023,202,3016,2050.147030514126,2050.57454767894,-0.4275171648137075,96.11457877917064,-202.26657403419495,298.3811528133656,4,2
M,2023,221,795,2302.810501027821,2307.9441924886146,-5.133691460793671,261.3256844940438,-67.27406865644298,328.5997531504868,4,2
M,2023,350,2882,2169.571136966855,2169.863293476491,-0.2921565096357881,206.07629951904346,-13.4577046899999,219.53400420904336,4,2
M,2023,363,2854,1585.8735200686024,1585.4106432371561,0.4628768314462377,-4.65059487708595,0.21202618333768442,-4.862621060423635,4,2
M,2023,365,872,1685.1731511594542,1685.070508088671,0.1026430707831878,49.33467881991078,11.340254271116692,37.994424548794086,4,2
M,2023,366,2780,1700.7495638795879,1700.5192723322473,0.23029154734058466,3.9677041556849417,-72.67589785807786,76.6436020137628,4,2
M,2023,370,106,1827.3079172306732,1827.6487882263912,-0.3408709957179781,66.83038811150391,71.05365882356841,-4.2232707120645046,4,2
M,2023,371,1888,1950.9456931967338,1950.5156263581196,0.4300668386142661,-61.26734413428335,66.04489082857481,-127.31223496285816,4,2
M,2023,372,1891,1984.0455702270176,1983.5516016642564,0.4939685627612107,98.33920961159902,9.857158102290214,88.4820515093088,4,2
M,2023,375,438,2086.2657787028947,2086.000654923922,0.26512377897279293,45.84185076008498,167.4116061410814,-121.56975538099641,4,2
M,2023,378,217,2233.2681737491553,2236.076635422724,-2.8084616735686723,121.18661773667145,132.538489424634,-11.351871687962557,4,2
M,2023,379,2057,1525.559745793132,1525.818194791195,-0.2584489980631588,-95.3659258110556,-34.47940722879048,-60.886518582265126,4,2
M,2023,415,5787,1650.8396107626043,1651.3049108934927,-0.4653001308884086,-1.1933306420226018,-123.41648965556828,122.22315901354568,4,2
M,2023,420,1848,1762.9220458002862,1762.4493813924605,0.47266440782573227,-35.13044776273841,38.106521870972756,-73.23696963371117,4,2
M,2023,423,2648,1816.9830082831256,1817.205192745385,-0.22218446225929256,85.66523501077404,69.11293267529504,16.552302335479,4,2
M,2023,433,339,1929.659519831608,1930.1355986005437,-0.47607876893584944,56.80437710694855,56.88203963534329,-0.07766252839473964,4,2
M,2023,435,545,1931.8378003712094,1932.0020308377857,-0.16423046657632767,189.96199672451257,57.882183716583995,132.07981300792858,4,2
M,2023,466,114,1504.7185004711862,1499.4801444134337,5.238356057752526,3.799906017958392,-116.42259317899607,120.22249919695446,5,2
M,2023,468,2069,1556.8468042620696,1556.164127482631,0.6826767794384523,-53.59614494973198,-98.35054421663517,44.75439926690319,5,2
M,2023,512,2442,1665.7959312830303,1664.7013484686736,1.0945828143567269,-60.67125584422229,-64.40004204210322,3.728786197880936,4,2
M,2023,515,1831,1686.657557186328,1686.8248596073279,-0.1673024209999312,-69.2000699859625,-74.2257212946995,5.025651308736997,4,2
M,2023,525,149,1731.319066162402,1731.044976986506,0.27408917589582416,17.33544387033271,40.76407648991153,-23.42863261957882,4,2
M,2023,526,1562,1736.0202776335673,1735.2738636764348,0.7464139571325177,-13.546419228079685,-5.407228706200385,-8.1391905218793,4,2
M,2023,531,2796,1760.5057540458886,1760.8917761357325,-0.3860220898438911,24.602171452670746,78.081180149288,-53.47900869661726,4,2
M,2023,538,2175,1795.6668981739817,1795.593243970177,0.07365420380483556,-217.13591387365818,-1.8935075394383603,-215.24240633421982,4,2
M,2023,549,1331,1948.260387175567,1948.309203393252,-0.048816217684816365,-251.40271425540845,30.26504355684051,-281.66775781224896,4,2
M,2023,552,2602,1969.8076064184097,1970.4025321383758,-0.5949257199661133,-9.279750995624681,-168.94427784504592,159.66452684942124,4,2
M,2023,529,530,1740.1338376708375,1740.8194310103825,-0.6855933395449938,-67.62396456426268,64.75759031712573,-132.3815548813884,4,2
M,2023,669,2193,1554.901718299723,1554.5087725904307,0.3929457092922348,-50.80652448176306,-110.55903989332296,59.7525154115599,5,2
M,2023,670,2955,1604.9122280158583,1605.3275186899855,-0.4152906741271636,44.42817287302046,-82.69761390406347,127.12578677708393,4,2
M,2023,673,126,1639.288387020568,1636.6529753415375,2.6354116790305397,45.06089827538335,-43.92128095277144,88.98217922815479,4,2
M,2023,674,2003,1642.0542848715218,1643.7404157681353,-1.6861308966135766,27.06160621720096,0.045689164699069806,27.01591705250189,4,2
M,2023,685,2728,1702.6076913941856,1702.35004504688,0.257646347305581,44.18781268950761,-79.9621446060587,124.14995729556631,4,2
M,2023,689,2236,1708.5346153605149,1708.202765250793,0.33185010972192686,94.73992843172118,4.276108515657825,90.46381991606336,4,2
M,2023,691,146,1713.8688469302115,1713.918586698472,-0.049739768260451456,17.213065652460273,60.004798569796094,-42.79173291733582,4,2
M,2023,695,694,1725.327566598448,1725.327566598448,0.0,38.95454763147086,-34.12294762568217,73.07749525715303,4,2
M,2023,701,15,1749.1340445298706,1749.450925169623,-0.3168806397522985,0.26579054789658585,41.54977517335806,-41.28398462546147,4,2
M,2023,704,2642,1752.5914168435627,1752.1394310274848,0.4519858160779222,34.17211921873559,-72.72183798967785,106.89395720841344,4,2
M,2023,706,1628,1756.2463532894658,1755.5857605942945,0.6605926951713172,51.10479728923087,118.81546744410684,-67.71067015487597,4,2
M,2023,707,1846,1759.3085973387356,1759.8622266998113,-0.5536293610757639,77.62771263007289,-67.07800178698585,144.70571441705874,4,2
M,2023,715,25,1783.115075270158,1783.4084231545175,-0.2933478843594912,69.68740983502744,-43.71585036918191,113.40326020420935,4,2
M,2023,717,2348,1816.0095032832858,1815.3859522300008,0.6235510532849275,99.08769531536768,76.69043812903351,22.397257186334173,4,2
M,2023,734,331,1866.7834852615063,1866.31889864172,0.46458661978635973,78.18183904955026,234.10716520402434,-155.92532615447408,4,2
M,2023,737,738,1886.8362446809203,1886.8362446809203,0.0,51.113590598231895,38.00385271445248,13.109737883779417,4,2
M,2023,740,741,1897.109579555891,1897.899836084735,-0.7902565288438836,50.904497874840445,-77.78818459703598,128.69268247187642,4,2
M,2023,743,3064,1916.2733003803557,1916.7897479205742,-0.5164475402184507,48.005204420847576,43.00488371965639,5.000320701191185,4,2
M,2023,752,2875,1956.3788192191837,1955.0141135155056,1.3647057036780552,108.6762478812243,-41.94768813777819,150.62393601900249,4,2
M,2023,754,2750,1965.367987234783,1966.3922331254523,-1.0242458906693628,99.79537265771091,22.550825813943447,77.24454684376747,4,2
M,2023,760,553,2008.6345321889867,2009.180252489422,-0.5457203004352777,97.33856675429706,71.89508684185239,25.443479912444673,4,2
M,2023,762,2363,2019.006649130063,2016.5881680520909,2.4184810779720465,101.02189656118026,66.25763889397672,34.76425766720354,4,2
M,2023,764,1379,2041.8253064004305,2041.3686877016696,0.45661869876084893,55.55502547650349,-25.823182390625107,81.3782078671286,4,2
M,2023,781,208,2117.3935869711286,2117.963598953525,-0.5700119823964087,93.08706876171618,163.49085846440948,-70.4037897026933,4,2
M,2023,790,45,2185.8495587822317,2188.3392831830893,-2.48972440085754,-44.212038286459574,224.84608575844504,-269.0581240449046,4,2
M,2023,801,566,2365.336572895903,2364.0237766567793,1.3127962391235997,20.567268107992277,414.9455975758983,-394.37832946790604,4,2
M,2023,802,224,2377.2892028946667,2377.2217140034168,0.06748889124992274,298.6737264613589,97.59614039876851,201.0775860625904,4,2
M,2023,866,3390,1660.8227532148474,1660.7569179995794,0.06583521526795266,17.775537841397863,-77.297606916409,95.07314475780686,4,2
M,2023,867,2637,1673.886849718295,1673.8047301877523,0.0821195305427409,87.88669115881248,-66.03068384961784,153.91737500843033,5,2
M,2023,890,539,1798.4906186413327,1799.3886905886545,-0.898071947321796,0.6485240791969318,80.03195126351466,-79.38342718431772,4,2
M,2023,922,1705,1921.1149790032416,1921.527712614901,-0.41273361165940514,11.578226409974604,-78.28533236174212,89.86355877171673,4,2
M,2023,934,2822,2067.195330814523,2071.0192333979453,-3.8239025834222957,148.23071727215483,196.3618482356262,-48.13113096347138,4,2
M,2023,870,2213,1683.0910995275426,1683.4541700315579,-0.36307050401524066,49.34177459170087,-125.72708977171692,175.0688643634178,4,2
M,2023,891,2735,1807.7938388786365,1806.4631091122144,1.3307297664221096,68.6484268532688,-8.993518280307399,77.6419451335762,4,2
M,2023,926,2987,2002.6666117217349,2003.3006602956673,-0.6340485739324322,11.498380178934667,-85.3218814470631,96.82026162599777,4,2
M,2023,918,40,1923.688210132709,1923.6192430676429,0.06896706506609007,137.8333958229298,-40.775650900938444,178.60904672386823,4,2
M,2023,882,2492,1732.6752839838111,1731.9606454548507,0.7146385289604495,36.67008404261196,100.74207506218636,-64.0719910195744,5,2
M,2023,880,2448,1720.2050100487015,1718.555021088615,1.6499889600866027,-44.3246426445005,-132.9411907135136,88.6165480690131,4,2
M,2023,876,2895,1699.3222497287961,1699.4497031724977,-0.12745344370159728,-42.09264738187994,69.08279737391263,-111.17544475579257,4,2
M,2023,962,804,2611.235773840685,2591.053593946942,20.18217989374307,177.29800056634986,308.92918757886036,-131.6311870125105,4,2
M,2023,948,1405,2164.087379881762,2167.097990969425,-3.0106110876631647,150.85415458003695,173.6397596923357,-22.785605112298754,4,2
M,2023,946,1399,2147.26240711217,2146.308106177119,0.9543009350509237,107.98509085349042,31.553212690410874,76.43187816307955,4,2
M,2023,940,1911,2088.078091134429,2089.2269202640077,-1.148829129578644,63.5974177226949,40.65787717389412,22.939540548800778,5,2
M,2023,944,1647,2095.5008732386605,2095.943469366427,-0.44259612776659196,68.85069205815125,151.25625517569642,-82.40556311754517,4,2
M,2023,952,2885,2221.9850802947703,2224.1277848864756,-2.1427045917052965,178.66868044814078,-72.84144589442985,251.51012634257063,4,2
M,2023,1183,1533,1614.681052202436,1614.728228328604,-0.047176126168096744,-93.05148696813285,3.9296501064661697,-96.98113707459902,4,2
M,2023,1205,678,1669.1307504679994,1668.4290965216871,0.7016539463122626,-41.7012662284892,-6.838423358026148,-34.862842870463055,4,2
M,2023,1173,2071,1549.3414142837598,1551.1850150885198,-1.8436008047599444,-55.468334703580695,-59.78462336676057,4.316288663179876,4,2
M,2023,1179,2001,1610.7210741467586,1610.1584099178067,0.5626642289519168,-41.010017423726595,8.724331061928751,-49.734348485655346,4,2
M,2023,1209,2343,1670.1207449819185,1670.8618149646018,-0.741069982683257,-40.81110435836399,26.11900845969126,-66.93011281805525,4,2
M,2023,1181,119,1613.6910576885166,1613.5225056996526,0.16855198886401013,-74.37911622295724,27.95797653693944,-102.33709275989668,4,2
M,2023,1311,2589,1893.8595051276884,1894.4749114033561,-0.6154062756677376,-10.908329466934674,-76.70792259332393,65.79959312638925,4,2
M,2023,1223,99,1694.870607829902,1694.983347415696,-0.11273958579408827,-40.95555728655654,22.082994729646998,-63.03855201620354,4,2
M,2023,1266,2994,1800.800020819271,1800.2353195971998,0.5647012220711076,-48.69953810697916,-30.907600202037656,-17.791937904941506,4,2
M,2023,1288,2874,1844.3597794317218,1844.345991411864,0.013788019857884137,24.710180999855083,-33.78816649996793,58.49834749982301,4,2
M,2023,1213,2264,1672.1007340097574,1672.3862860827878,-0.2855520730304306,-91.0435880347477,-101.87314933379093,10.829561299043235,4,2
M,2023,1286,2352,1842.3797904038831,1842.484227967263,-0.10443756337986088,-199.5971057570539,36.21220380378236,-235.80930956083625,4,2
M,2023,1247,472,1745.3603280397883,1745.479003251701,-0.1186752119126595,70.96722632808223,-93.70996714721582,164.67719347529805,4,2
M,2023,1290,327,1847.3297629734798,1847.3410510422545,-0.011288068774774729,-234.8796886364089,91.52067897661118,-326.4003676130201,4,2
M,2023,1292,1874,1864.1596697101086,1864.9405096012588,-0.7808398911502081,91.83074443656233,-507.2312775187329,599.0620219552952,4,2
M,2023,1278,2351,1835.4498288064476,1835.436691053909,0.013137752538568748,-94.81433894908764,51.926509675443185,-146.74084862453083,4,2
M,2023,1301,333,1880.9895764467371,1880.6751978620407,0.314378584696442,-58.1596966064576,-25.049284707278275,-33.110411899179326,4,2
M,2023,1309,2653,1890.8895215859307,1891.0636249657043,-0.17410337977366908,-22.902259943607078,-68.46287101367261,45.560611070065534,4,2
M,2023,1260,2976,1775.0601634573684,1774.4088809275584,0.6512825298100324,-139.9053574236632,-123.11247308016414,-16.792884343499054,4,2
M,2023,1319,2742,1912.669400892156,1912.5852330687596,0.08416782339645579,-22.786064340663188,-10.490984333612914,-12.295080007050274,5,2
M,2023,1329,2043,1947.3192088793328,1946.6698626591863,0.6493462201465263,-86.57124313429631,19.65360004718218,-106.22484318147849,4,2
M,2023,1341,2906,1975.039055269074,1976.3401168610048,-1.3010615919308748,-42.1793452309696,68.29455207278033,-110.47389730374994,4,2
M,2023,1438,806,2722.4849132781724,2748.215861120773,-25.73094784260047,60.74696444455094,341.7823284977876,-281.03536405323666,5,2
M,2023,1578,2896,1814.0173835407436,1813.4189115491179,0.5984719916257291,-72.57363914960911,70.54061619477943,-143.11425534438854,4,2
M,2023,1592,460,1891.7887611845053,1892.085482627499,-0.29672144299365755,26.233036720366954,-71.77046537861975,98.0035020989867,4,2
M,2023,1586,3410,1845.1259345982485,1844.8732798234219,0.2526547748266239,19.773186650566913,-211.33686931849797,231.1100559690649,4,2
M,2023,1566,2493,1785.82525914488,1785.4668051112628,0.3584540336171358,-60.07130809849696,48.67856044311043,-108.74986854160738,4,2
M,2023,1574,3393,1797.4909657914443,1796.713768917512,0.7771968739323256,-151.32128950261767,-58.11153876686444,-93.20975073575323,4,2
M,2023,1558,2115,1720.6917303682296,1722.2892990123887,-1.5975686441590824,46.12471830378695,-31.882703687951107,78.00742199173806,4,2
M,2023,1594,1317,1904.4266100516168,1903.759450266882,0.6671597847348494,-574.7897070585839,34.98267972625308,-609.772386784837,4,2
M,2023,1653,121,1615.1857648357386,1614.9004911251268,0.2852737106118184,-57.49104669552935,29.502665951037443,-86.99371264656679,4,2
M,2023,1655,690,1709.306485219082,1709.8187822198863,-0.5122970008042103,62.181985521884826,81.64819458476723,-19.4662090628824,4,2
M,2023,1656,1560,1727.4667072017603,1727.4967259120588,-0.030018710298463702,-19.2710283919796,76.79794150688349,-96.06896989886309,4,2
M,2023,863,2857,1599.560058247921,1603.9465338672994,-4.386475619378416,53.740783203217916,-29.460448292020146,83.20123149523806,5,2
M,2023,1809,393,1562.2434105612936,1561.8591438536837,0.3842667076098678,-56.809248844136164,-37.060479149815365,-19.7487696943208,4,2
M,2023,1822,1701,1662.9434316751808,1663.8443370860512,-0.9009054108703367,-16.225588161791165,-62.26207411090809,46.03648594911692,4,2
M,2023,1832,2969,1698.666067623684,1698.8745937360823,-0.20852611239820362,-70.19260287541465,-96.60049813429555,26.4078952588809,4,2
M,2023,1835,465,1715.9801028744907,1716.0064155042996,-0.026312629808899146,-99.89789959027303,38.67404282529833,-138.57194241557136,4,2
M,2023,1839,319,1739.6625189072033,1739.17715280696,0.48536610024325455,-9.100710968679095,26.58494284005087,-35.68565380872997,4,2
M,2023,1849,2347,1763.344934939916,1763.4724056710695,-0.12747073115360763,5.083859993359056,-74.99047259859299,80.07433259195204,4,2
M,2023,1855,2270,1777.176261950618,1777.2817511175072,-0.10548916688912868,-96.84854780997989,-339.3229630133101,242.47441520333018,4,2
M,2023,1856,536,1781.9525475370474,1780.9756123265893,0.976935210458123,60.64308878124098,-129.964083345581,190.60717212682198,4,2
M,2023,1863,1864,1828.4218260550172,1828.4218260550172,0.0,60.91284932911958,-285.0686522664166,345.9815015955362,4,2
M,2023,1877,739,1888.6229256339714,1888.7131039369247,-0.09017830295329077,-23.00335287484404,77.57544953327852,-100.57880240812256,4,2
M,2023,1883,913,1911.0117643203596,1910.3272023450918,0.6845619752677976,-9.942397821023405,143.25812581194123,-153.20052363296463,4,2
M,2023,1886,1887,1950.0180966095331,1950.0180966095331,0.0,-4.558437082037244,-3.709787078260433,-0.848650003776811,4,2
M,2023,1919,3456,2244.0581780240946,2246.1237290569293,-2.065551032834719,-68.59711256355467,144.26493479924056,-212.86204736279524,4,2
M,2023,1542,1216,1679.8617571052546,1680.020690121112,-0.15893301585742847,-113.3482687864821,0.8186228672973357,-114.16689165377943,4,2
M,2023,1239,2117,1729.5204158170786,1729.6063544185963,-0.0859386015176824,-70.70113887855246,-62.017151055160866,-8.68398782339159,4,2
M,2023,2905,2995,1902.9135644945668,1903.5699828553807,-0.6564183608138592,79.1707692591865,-86.0390452118263,165.2098144710128,4,2
M,2024,667,25996,1471.610516706938,1479.8440345587364,-8.233517851798524,-46.52922071348712,-76.73457058978579,30.20534987629867,5,2
M,2024,5158,18865,1594.9240383456124,1594.2312787114577,0.6927596341547542,-2.4094360862095527,16.549353011574794,-18.958789097784347,5,2
M,2024,2303,19529,1575.5074003803368,1574.5969831279763,0.910417252360503,11.132246609089407,6.263610221110184,4.8686363879792225,5,2
M,2024,2306,531,1666.3812085223872,1666.4559428800912,-0.07473435770407377,-19.87003131696588,-151.80232103923004,131.93228972226416,5,2
M,2024,666,2,1445.8940704449408,1416.733386043696,29.16068440124468,-44.175609390120144,-27.51338912148026,-16.662220268639885,5,2
M,2024,5171,26,1807.225754981161,1807.3051360716809,-0.07938109051997344,100.46269019897318,-4.681804598141753,105.14449479711493,5,2
M,2024,2259,1991,1520.470292421161,1519.579619399916,0.8906730212449929,-29.9620020378145,-23.192098211894745,-6.769903825919755,5,2
M,2024,8146,2947,1535.5592267971433,1531.3263663698092,4.232860427334117,-8.90604151253524,-13.731826047506502,4.8257845349712625,4,2
M,2024,1657,7977,1539.591614432104,1545.0203327949519,-5.428718362847803,-53.604367430165894,-74.70139576956308,21.097028339397184,5,2
M,2024,1656,5137,1555.5910879514645,1554.7930566923983,0.7980312590661924,-8.764267522537011,-8.984665284397806,0.22039776186079507,6,2
M,2024,8095,16146,2240.0203390057122,2239.3925834984802,0.6277555072319956,263.94017923022534,314.6633852855434,-50.72320605531809,4,2
M,2024,8108,19485,1524.4866791742077,1525.5093286140486,-1.0226494398409613,-60.55514386143955,3.984664242853569,-64.53980810429312,5,2
M,2024,127,2003,1590.0610937843257,1589.3875660569188,0.6735277274069631,70.45843443005083,10.245800228419284,60.212634201631545,4,2
M,2024,129,1219,1643.2124317549567,1643.9876588007282,-0.775227045771544,-14.626333391362778,-129.89540289054617,115.26906949918339,4,2
M,2024,128,22516,1647.9900801118677,1647.8609519292204,0.1291281826472641,66.7281505481917,-17.67931903581416,84.40746958400587,4,2
M,2024,8041,11384,1680.5378095433214,1679.9314120501544,0.6063974931669236,65.4627318002963,-29.15802806371744,94.62075986401373,4,2
M,2024,1198,20451,1580.9051357466678,1580.0263115260016,0.8788242206662744,24.734748467589952,-41.85148126802687,66.58622973561683,4,2
M,2024,1294,1702,1678.9493550258098,1679.0702727941348,-0.12091776832494361,-2.761999456832882,-4.034875138824873,1.2728756819919909,4,2
M,2024,7642,2460,1782.7063870818465,1782.5725552108836,0.13383187096292204,19.259002405606452,-1.0848344949547482,20.3438369005612,4,2
M,2024,4735,551,1993.9260594816358,1995.5569855546826,-1.630926073046794,59.5398637915016,-106.1875753663378,165.7274391578394,4,2
M,2024,8056,1870,1774.1996242069238,1773.4154640420784,0.7841601648453889,74.59167601552599,18.367042058134757,56.224633957391234,4,2
M,2024,6820,3285,1839.8922891144452,1840.1879543177597,-0.29566520331445645,-66.57256558591143,128.74500714570195,-195.31757273161338,4,2
M,2024,8065,1280,1845.7648152198146,1845.210233995129,0.5545812246855348,239.64027670073483,-66.74821638352091,306.38849308425574,4,2
M,2024,671,1815,1547.390394319728,1547.717096082553,-0.32670176282499597,-13.658270035459736,-18.379428655028505,4.721158619568769,4,2
M,2024,680,7723,1571.5432100479236,1571.10861088826,0.43459915966354856,25.029820246042846,-88.27271734879037,113.30253759483321,5,2
M,2024,743,2179,1759.9351727278488,1760.1563344318188,-0.22116170396998314,-12.472312700430166,-110.5135892438177,98.04127654338754,5,2
M,2024,5220,11387,1695.5276641193277,1695.3080013881286,0.21966273119915058,-123.47234521955238,-256.95562420659417,133.48327898704179,5,2
M,2024,134,4997,1800.1857420237152,1800.4286107696234,-0.2428687459082539,32.95149747361938,13.680134773313739,19.271362700305644,4,2
M,2024,7690,135,1625.1687101657087,1625.7939221203867,-0.6252119546779795,-66.52188321016524,4.983941841827118,-71.50582505199236,5,2
M,2024,7691,4482,1632.754275682771,1632.215639193587,0.5386364891840003,-82.99397319036802,17.31061919499939,-100.30459238536741,5,2
M,2024,310,2574,1546.526520723512,1545.407283505529,1.1192372179830272,-23.782265370705545,-69.33876154112045,45.5564961704149,6,2
M,2024,327,2110,1652.569630502852,1652.8969180442734,-0.32728754142135585,-40.41331626750298,32.11929824755384,-72.53261451505682,5,2
M,2024,346,18791,2016.0575454837133,2016.0222586514396,0.035286832273641267,-266.4905176014088,-2.0372727307217247,-264.45324487068706,4,2
M,2024,1615,21476,2259.5370275210144,2259.188584504272,0.3484430167422943,-69.49214828861068,78.24052693625845,-147.73267522486913,4,2
M,2024,93,20485,1570.8684226289236,1571.0504384859025,-0.18201585697897826,-2.4682080590962414,-546.2493401562776,543.7811320971814,4,2
M,2024,7718,19403,1577.241710655319,1577.194339565149,0.04737109016991781,-41.40016444527282,4.300846681968778,-45.7010111272416,4,2
M,2024,90,19405,1631.2675830021474,1631.0042210676313,0.2633619345160696,43.39344531580764,-40.57898221782193,83.97242753362957,4,2
M,2024,7719,19487,1668.9190076503905,1668.283744148024,0.6352635023665698,50.07798861831475,-0.5847992566964422,50.66278787501119,4,2
M,2024,106,3333,1756.1840283194963,1756.333258250927,-0.14922993143068197,53.5034141327269,63.62341743507545,-10.12000330234855,4,2
M,2024,108,19430,1942.5781904453052,1942.4785653792142,0.09962506609099364,51.10912921186264,-84.5875905304049,135.69671974226753,4,2
M,2024,1584,4704,1737.2122747526337,1739.1449373681069,-1.9326626154731912,-110.36050031774766,-315.70483509943665,205.34433478168899,5,2
M,2024,7697,2590,1871.5198711388557,1871.696853161073,-0.17698202221731663,-25.400153239810606,-29.04835295239377,3.648199712583164,5,2
M,2024,1589,5215,2030.3040855580814,2032.026773955993,-1.7226883979114973,82.90835425205432,-39.6038579794988,122.51221223155312,4,2
M,2024,7693,2953,1572.936511415747,1573.2668341803942,-0.3303227646472351,1.482283193850435,-12.914580088332968,14.396863282183403,4,2
M,2024,2751,1895,2137.467740151294,2140.6484219709264,-3.1806818196323547,4.005079904910872,181.09769817311758,-177.0926182682067,4,2
M,2024,7696,15,1868.381843185907,1867.7619045297574,0.619938656149543,56.06964786575327,69.13778330647324,-13.06813544071997,5,2
M,2024,2070,1231,1639.9619763056742,1638.855624541988,1.1063517636862343,-53.68692629421912,-77.80012287360569,24.113196579386567,4,2
M,2024,1625,2553,1646.9231309594766,1647.2511074985503,-0.3279765390736884,35.82607064931608,-25.629568214771552,61.45563886408763,5,2
M,2024,2066,18873,1730.4417411147676,1730.1881508494773,0.25359026529031325,98.84425680504614,33.68595338364639,65.15830342139975,4,2
M,2024,2783,5314,1820.128241049181,1820.1475474953643,-0.019306446183236403,157.3169541117809,100.72477214534138,56.59218196643951,4,2
M,2024,1631,1719,1812.2640354126636,1811.3446376259487,0.9193977867148533,87.79347826586218,19.049303079693345,68.74417518616883,5,2
M,2024,2269,21,1686.643000159095,1686.2427429701638,0.4002571889311639,33.77675680385619,-46.86579071421488,80.64254751807107,4,2
M,2024,1632,1260,1833.5178752729705,1833.1997127546178,0.31816251835266485,175.67911012665104,-224.9663373169492,400.64544744360023,5,2
M,2024,1663,20766,1777.6623867447852,1777.092680842689,0.5697059020960751,42.25228165760609,126.64212231715942,-84.38984065955333,4,2
M,2024,11370,11506,1903.6655251405568,1903.024596898166,0.640928242390828,171.23893312802625,13.115950220173772,158.12298290785247,4,2
M,2024,6903,19402,1505.4005471189992,1504.9221191628412,0.47842795615792966,-89.59927776968016,-10.740547982771432,-78.85872978690873,6,2
M,2024,7,2859,1628.888099112172,1629.4223775440262,-0.5342784318540907,43.965778480359404,-97.55940468114159,141.525183161501,8,2
M,2024,1,19391,2035.6890719279056,2036.1719457185727,-0.48287379066709946,-18.556354499729196,236.5975266989958,-255.153881198725,5,2
M,2024,7949,2540,1598.3244345261821,1598.9164012065453,-0.5919666803631571,-74.55624118713968,-56.579366222790895,-17.97687496434878,4,2
M,2024,3393,6342,1566.093538241997,1561.9924096874756,4.101128554521438,-0.2508259484368409,21.542108701313055,-21.792934649749895,5,2
M,2024,3407,19479,1686.9250529526985,1687.6014363596953,-0.6763834069968198,-7.7103734476183945,-48.26874933527006,40.558375887651664,4,2
M,2024,7981,158,1757.2924129435744,1757.3783206169676,-0.08590767339319427,-60.054695095700936,72.9289305611594,-132.98362565686034,5,2
M,2024,7982,711,1785.328348057543,1784.9897458264877,0.33860223105534715,-68.80112582465836,-105.59151285367943,36.790387029021076,5,2
M,2024,7983,429,1827.4623534002505,1826.7741704831637,0.6881829170868059,-27.462414878554682,88.83547185575503,-116.29788673430971,5,2
M,2024,5571,2210,1607.1001428109994,1605.8968987682028,1.2032440427965412,-36.705015261122526,-11.16718769125464,-25.537827569867886,5,2
M,2024,1552,22518,1674.6991503991883,1674.822681236025,-0.1235308368366077,-52.17891521921911,0.5200772857017455,-52.69899250492085,4,2
M,2024,367,2967,1702.5105372676041,1701.8842687995214,0.6262684680827988,-74.21127287857462,1.991669653525605,-76.20294253210022,4,2
M,2024,368,8057,1774.8990406768855,1775.1949676146135,-0.295926937727927,39.71368430384973,49.257064782848374,-9.543380478998643,6,2
M,2024,370,8058,1791.0730387138365,1790.8218591153422,0.2511795984942182,29.927398732586425,63.54184149144817,-33.61444275886174,6,2
M,2024,8001,31,1797.187598947318,1797.2915912653255,-0.10399231800738562,-0.3024380854319588,-43.38289714784446,43.0804590624125,5,2
M,2024,8002,1842,1841.0743619134355,1840.8460885383709,0.22827337506464573,-20.7971784676854,-16.987005742381143,-3.8101727253042554,4,2
M,2024,8003,18991,1875.8879064685802,1875.0646786436284,0.8232278249518004,-1.55980407746938,64.90052730892262,-66.460331386392,4,2
M,2024,5421,16142,2113.566780060362,2117.916557049925,-4.349776989562997,88.98795511292406,104.08413469171433,-15.09617957879027,4,2
M,2024,375,11518,2168.0060905261976,2170.243392232236,-2.237301706038579,-30.310725417379217,-33.05494960711712,2.7442241897379063,5,2
M,2024,673,1201,1578.2904626951927,1578.5200734848615,-0.22961078966886816,38.347813444807116,-58.52852453587002,96.87633798067714,4,2
M,2024,19553,2973,1850.2474671865384,1850.4733547570222,-0.22588757048379193,97.93078800968487,71.52061481194505,26.410173197739823,4,2
M,2024,689,3493,1673.5787356753835,1673.2902880972392,0.2884475781443143,71.61227788588553,-83.23907409156254,154.85135197744808,4,2
M,2024,674,19418,1780.48315024838,1779.392928914923,1.090221333457066,148.25146325199557,31.138876751545467,117.1125865004501,4,2
M,2024,704,2200,1804.394956433396,1804.756666822998,-0.3617103896021945,139.01089665446852,-53.97197868298326,192.9828753374518,4,2
M,2024,2176,19539,1704.6455989643496,1704.5012342360342,0.14436472831539504,-15.096405376946223,104.34372186625137,-119.4401272431976,4,2
M,2024,18977,4057,1812.9873133687931,1813.2262250109552,-0.23891164216206562,103.20097652976256,-63.307041361199936,166.5080178909625,4,2
M,2024,5230,323,1834.9026507208732,1834.9389507431076,-0.036300022234399876,139.45247508510465,-68.00171673065256,207.4541918157572,4,2
M,2024,2177,19624,1802.2342533055157,1802.2459584926187,-0.011705187102961645,93.64259656675722,68.62054087430988,25.02205569244734,4,2
M,2024,16118,712,1791.9413206088357,1791.9408660438876,0.00045456494808604475,24.611225606712196,37.99118491248032,-13.379959305768125,4,2
M,2024,19002,11413,2005.012009374466,2004.3520796116863,0.6599297627797114,173.1691889576639,0.4397852054030409,172.72940375226085,4,2
M,2024,742,4065,1921.1158500839028,1921.1730004948654,-0.05715041096254936,227.45769459854182,68.13871803780262,159.3189765607392,4,2
M,2024,5708,19496,1741.1563790959697,1741.0437828336076,0.11259626236210352,50.8831505613789,-2.4922668381020685,53.375417399480966,4,2
M,2024,676,20497,1663.9593838708684,1662.183920061436,1.7754638094322672,60.3004626059851,-32.89804511197531,93.19850771796041,4,2
M,2024,19006,7737,2040.443413815935,2038.9985258838676,1.4448879320673313,-3.2560110490715033,-93.8983753670093,90.64236431793779,4,2
M,2024,16133,19639,1978.4764499515022,1978.973147664095,-0.49669771259277695,69.87543309223497,-20.949725462982542,90.82515855521751,4,2
M,2024,19013,19657,2294.5454750964427,2290.9840964109194,3.561378685523323,168.01489661258984,69.42353740189128,98.59135921069856,4,2
M,2024,4585,7699,2160.5944826211053,2156.139006471341,4.4554761497643085,2.775709106342674,383.43608445956284,-380.66037535322016,4,2
M,2024,3175,1698,2692.7671378456494,2699.250299306375,-6.483161460725569,413.11839317695694,22.669091322367876,390.44930185458907,4,2
M,2024,1638,19429,1940.0864244316933,1939.955149064022,0.13127536767137826,163.90164065765225,127.79282647040941,36.10881418724284,5,2
M,2024,1639,7730,1801.287873982458,1801.1414453509838,0.14642863147423668,15.779247397867493,48.30309612436213,-32.523848726494634,4,2
M,2024,2279,18889,1899.597640926037,1899.412125767056,0.18551515898093385,75.67664795762062,121.40263756558579,-45.725989607965175,4,2
M,2024,11371,19000,1977.205806722934,1976.724811823102,0.4809948998320124,121.0135378258226,53.6880770855505,67.32546074027209,4,2
M,2024,2788,799,2275.458047767337,2275.223641659566,0.23440610777106485,253.63068751390733,139.43429239860598,114.19639511530136,5,2
M,2024,1187,471,1615.0589866007958,1615.8834251130677,-0.824438512271854,-23.04654422192516,-155.69440565284822,132.64786143092306,4,2
M,2024,1254,532,1698.6447993282218,1698.3670077312381,0.2777915969836613,-65.2008120481089,-89.77732720255472,24.576515154445815,5,2
M,2024,8004,11355,1680.6962315480635,1681.1470555811725,-0.4508240331090292,85.23626016125036,109.54538367358327,-24.309123512332917,4,2
M,2024,8014,913,1878.6692982678799,1878.1498565970614,0.5194416708184235,147.61163226011763,51.1021625982637,96.50946966185393,4,2
M,2024,335,1597,2026.3995763672474,2027.3586203150871,-0.9590439478397457,215.21599990165146,51.26183205782377,163.9541678438277,4,2
M,2024,8022,7742,2285.873151979314,2284.6798524869123,1.1932994924018203,190.9682995253097,-407.9207633570627,598.8890628823724,4,2
M,2024,11385,20765,1681.687621492309,1681.9750551845548,-0.28743369224571325,1.7682871600741237,127.89535808095252,-126.1270709208784,4,2
M,2024,11390,2071,1742.7744399219127,1743.5232997294972,-0.7488598075844948,-58.106254562844924,38.45187234198988,-96.55812690483481,5,2
M,2024,1995,675,1604.509156158145,1605.1295102012646,-0.6203540431195051,33.504487466899036,-3.7325736385125765,37.23706110541161,4,2
M,2024,417,20491,1611.7388753054204,1611.4896302690029,0.24924503641750562,22.939494490163952,-105.17366052091506,128.11315501107902,4,2
M,2024,11302,1821,1659.318243207084,1659.2714527086205,0.04679049846345151,8.187664058003975,-12.892831286147839,21.080495344151814,4,2
M,2024,5500,18967,1684.9153569447342,1684.8743060286583,0.041050916075846544,-20.096417574253337,109.62733577635481,-129.72375335060815,4,2
M,2024,1990,2263,1699.2770963318892,1700.1126963456234,-0.8356000137341653,1.224147783185117,40.28492248287148,-39.06077469968636,4,2
M,2024,2013,22592,1721.4547483106933,1721.075955606958,0.3787927037353711,-27.994100618532002,-56.499469634099114,28.505369015567112,4,2
M,2024,420,20429,1716.1790073113302,1716.313863110719,-0.134855799388788,-184.07754157389218,-23.025138639631223,-161.05240293426095,4,2
M,2024,11305,1636,1717.4490931074733,1718.5084980263844,-1.0594049189110137,82.0255782913191,-6.956563478633143,88.98214176995225,4,2
M,2024,2022,11397,1806.1597010226894,1805.5881976363014,0.5715033863880308,7.999070301480742,-67.76975626494686,75.7688265664276,4,2
M,2024,11315,2168,1838.2049426484502,1838.144361488441,0.06058116000917835,215.20790277923038,-19.38408108420549,234.59198386343587,4,2
M,2024,3887,11292,1887.8359876054215,1887.082096415332,0.7538911900894618,49.512989855720434,-6.250041447839749,55.76303130356018,4,2
M,2024,11383,19534,1673.628571496645,1673.8734026739714,-0.24483117732643223,-159.80715572051963,-20.762023726345433,-139.0451319941742,4,2
M,2024,1251,8059,1793.0410568440207,1792.9120802714906,0.128976572530064,5.998740187412068,92.03309272908973,-86.03435254167766,4,2
M,2024,1395,18575,1992.312288213806,1991.8265280904918,0.485760123314094,-6.5830337658935605,22.90805424166342,-29.491088007556982,4,2
M,2024,1309,7741,2277.8719435081102,2278.4204556307836,-0.5485121226734009,82.76116418951915,127.87056152632067,-45.10939733680152,4,2
M,2024,1266,8077,1954.5343253809012,1954.4563153395318,0.07801004136945267,182.3259533026678,187.44322076428512,-5.117267461617303,4,2
M,2024,11372,18576,2003.0496777267817,2002.0838049364527,0.9658727903290583,172.1671542508525,38.28156000344757,133.88559424740492,4,2
M,2024,1195,19598,1636.1237431875256,1636.417871231631,-0.29412804410526405,46.50231310083632,3.000012645107745,43.50230045572857,4,2
M,2024,1274,20476,1862.9674627991349,1862.3532499869075,0.6142128122273789,35.80380610839734,-64.00169187777215,99.80549798616948,4,2
M,2024,1273,19018,2491.6514162139156,2482.2257209662407,9.425695247674867,606.2552175835849,66.2973761952644,539.9578413883205,4,2
M,2024,1341,11500,1829.3458087010013,1829.3090671508364,0.036741550164833825,-140.78123332226528,-37.75452995192768,-103.0267033703376,4,2
M,2024,1697,21205,2010.0012199839498,2010.1503012982805,-0.14908131433071503,-5.523665849646022,-37.63094724265443,32.10728139300841,4,2
M,2024,11400,740,1854.605954510655,1853.3003086550475,1.3056458556075086,81.30245900717205,-74.3160331335464,155.61849214071844,4,2
M,2024,2437,2122,1697.2657604271071,1697.620064853014,-0.3543044259067756,116.30576106738886,39.86903612315655,76.43672494423231,4,2
M,2024,2438,22523,1750.284074128875,1750.4153815517695,-0.13130742289445152,109.49051308054254,38.474574551002206,71.01593852954034,4,2
M,2024,2456,19489,1839.03634285308,1838.907015459231,0.1293273938490529,69.31688765041304,-36.24295859242511,105.55984624283815,4,2
M,2024,2469,1325,1990.4201360051973,1991.1512386381594,-0.73110263296212,61.70867079135428,46.11247872060153,15.59619207075275,4,2
M,2024,2900,758,1880.2080736398007,1880.2152014477736,-0.007127807972892697,56.03111719974254,-97.77681790228235,153.80793510202489,4,2
M,2024,2467,752,1934.2945218666957,1934.2945218666957,0.0,30.970008783629055,-71.0071175168282,101.97712630045726,4,2
M,2024,2463,20482,2216.670449054866,2214.341103765857,2.32934528900887,233.1032559035416,94.68271321755947,138.42054268598213,4,2
M,2024,18731,4535,1657.6933995315894,1656.7483474339501,0.9450520976392909,51.68834209137549,76.8960285804867,-25.20768648911121,5,2
M,2024,2478,11422,2435.929336121884,2436.360088943421,-0.4307528215372258,240.9037652224456,197.3304676839707,43.57329753847489,4,2
M,2024,868,22528,1586.3946707691346,1588.645005710942,-2.250334941807523,12.178377943319447,-84.86102251344573,97.03940045676518,4,2
M,2024,1817,9,1601.1358979061067,1600.7933883689118,0.34250953719492827,9.331767929763146,-103.63415800003122,112.96592592979437,5,2
M,2024,18869,16113,1708.4748921490464,1708.6268276489143,-0.15193549986793187,109.3300124250377,-68.85804820551971,178.1880606305574,4,2
M,2024,3543,19409,1682.8092242367982,1683.2172531831554,-0.4080289463572626,44.06424553388865,-229.58652509726767,273.6507706311563,4,2
M,2024,1863,3052,1726.9463057493901,1727.1004856214345,-0.15417987204432393,78.61340900871392,-50.429606678147366,129.04301568686128,4,2
M,2024,18562,721,1771.0545206292072,1771.3771354007463,-0.32261477153906526,70.71715594826946,64.97293005280835,5.744225895461113,4,2
M,2024,890,1203,1704.2378879665873,1704.2841829813622,-0.04629501477484155,-11.480095233267775,-2.2427081846910824,-9.237387048576693,4,2
M,2024,930,3015,1709.7033037719395,1710.6789596769806,-0.9756559050410942,32.97618725900247,-39.72650057129226,72.70268783029474,4,2
M,2024,1857,22591,1720.4271446446965,1720.0809989902352,0.3461456544612247,38.176987845420854,25.51569897397826,12.661288871442594,4,2
M,2024,909,19557,1892.4868225016537,1892.3007280773954,0.18609442425827183,239.15023103501812,-24.61974055300834,263.76997158802646,4,2
M,2024,880,885,1624.806536781401,1624.5103183671047,0.2962184142963906,13.157413949805004,49.265321835154054,-36.10790788534905,4,2
M,2024,18877,5932,1764.25207046208,1765.1499134282446,-0.8978429661647169,42.93114765890505,13.349975545951565,29.58117211295348,4,2
M,2024,1837,11289,1769.0434785458997,1770.0219315689658,-0.9784530230660948,34.439294294568754,-19.16081470915583,53.60010900372458,4,2
M,2024,2119,19488,1758.773954734907,1758.9886441266829,-0.21468939177589164,-22.71115375525369,-52.644171260521034,29.933017505267344,4,2
M,2024,2124,19558,1901.5037699537947,1901.61389316053,-0.11012320673535214,113.05743347163025,113.49505708789525,-0.43762361626500024,4,2
M,2024,5735,8071,1915.5512620886784,1914.2444416688672,1.3068204198111744,110.54579216212119,2.914296430309605,107.63149573181158,4,2
M,2024,924,19559,1912.9243985061762,1913.2313465116574,-0.3069480054812175,60.40879721956094,-141.75405158164153,202.16284880120247,4,2
M,2024,3216,52,1938.3565484820492,1937.0275918545995,1.3289566274497702,56.428011131660014,-196.14079109957083,252.56880223123085,4,2
M,2024,2373,2265,1888.1568275854413,1889.132331708906,-0.9755041234645887,-2.510697559787559,247.1811871167872,-249.69188467657477,4,2
M,2024,1883,18737,1889.2527111457534,1889.1380395311294,0.11467161462405784,-28.95011611418613,137.84264129136318,-166.7927574055493,4,2
M,2024,2141,4726,2033.6757621348586,2033.8217256109767,-0.14596347611814053,111.1983214164145,149.62660157784626,-38.42828016143176,4,2
M,2024,18895,18773,1983.675505861389,1983.6689892979016,0.006516563487366511,2.4021552592651005,87.00835931244364,-84.60620405317854,4,2
M,2024,895,20478,2192.4688702968506,2191.886371130412,0.5824991664385379,122.7369883817064,103.42721887650032,19.309769505206077,4,2
M,2024,964,19661,2517.0452892161343,2521.708242112908,-4.6629528967737315,326.1860427572051,-492.2036226507521,818.3896654079572,4,2
M,2024,1558,2871,1581.004124844042,1581.8567454912666,-0.8526206472245121,-66.95467860539384,-2.5685161426686136,-64.38616246272522,4,2
M,2024,19404,426,1602.9607858460593,1603.043672547211,-0.08288670115166497,-18.445665229953192,-3.9693850467438097,-14.476280183209383,4,2
M,2024,1609,19635,1953.5585324223223,1953.5895408809565,-0.03100845863423274,-94.18863859361227,256.5580104401238,-350.74664903373605,4,2
M,2024,35,2312,1946.9931148806133,1947.6275772347208,-0.634462354107427,58.36774654572173,154.86859118238863,-96.5008446366669,4,2
M,2024,18781,11491,1713.7413440671735,1713.6920783892353,0.04926567793813774,98.98277563051624,-15.262809917828918,114.24558554834516,4,2
M,2024,11485,2962,1661.4122487394845,1661.3418165826226,0.07043215686189797,24.544929935500022,15.118506971519992,9.42642296398003,4,2
M,2024,677,415,1655.9969265017385,1656.267955504499,-0.2710290027605424,47.85795486083589,2.552669566457098,45.30528529437879,4,2
M,2025,18979,18555,1631.0724554409937,1630.7516316870717,0.32082375392201357,78.9193932641897,62.86337911138389,16.0560141528058,5,2
M,2025,27000,3207,1718.0262638241702,1718.5025470829223,-0.47628325875211885,115.21832848882696,22.37053151108512,92.84779697774184,4,2
M,2025,18982,27453,1720.977184923147,1720.9495974472322,0.027587475914742754,63.02723215341007,8.156770194825185,54.87046195858488,4,2
M,2025,26835,28350,1706.4070249739823,1706.2621463135008,0.14487866048148135,6.078487376727708,6.262148359121966,-0.1836609823942581,5,2
M,2025,689,27021,1953.3130394492375,1951.1490306433213,2.1640088059161826,303.34023205879794,229.47053356152333,73.86969849727461,4,2
M,2025,1584,27113,1702.379440417303,1701.0805470570629,1.298893360240072,-48.235698904223,-185.06255193329525,136.82685302907225,4,2
M,2025,26180,18804,1845.4076912633268,1845.501353233225,-0.09366196989822129,66.50427167999192,5.168749893151698,61.33552178684022,5,2
M,2025,1557,2582,1719.1341921730896,1719.0334108217712,0.10078135131834642,-20.382072099963807,15.991950134486842,-36.37402223445065,5,2
M,2025,27014,27015,1873.047985557074,1873.3430776669718,-0.2950921098977233,106.80828426337416,-166.44286321819982,273.251147481574,4,2
M,2025,19390,27503,1887.9009550885894,1888.204984607216,-0.30402951862652117,41.49094273294986,66.22616534383701,-24.73522261088715,4,2
M,2025,19010,1572,1882.0097116452098,1882.011149336929,-0.0014376917192748806,104.70172113773447,21.40400567969209,83.29771545804238,6,2
M,2025,1589,27566,1880.3986778225376,1880.508768120081,-0.11009029754336552,-103.8165209604656,88.7822280690375,-192.5987490295031,6,2
M,2025,7697,19426,1869.1214410638354,1869.098236385004,0.023204678831461933,-4.311151264174441,32.44433471231605,-36.75548597649049,5,2
M,2025,731,363,1812.1606468815237,1812.300563064091,-0.13991618256727634,19.99522310510679,51.66847249706575,-31.67324939195896,5,2
M,2025,27003,5932,1740.7483562862903,1740.8517943761378,-0.10343808984748648,-83.22593469007506,-39.872363955495075,-43.35357073457999,4,2
M,2025,27446,7689,1576.4175326636357,1576.4240910687192,-0.0065584050835241214,-58.598127140621045,28.37307127607096,-86.971198416692,4,2
M,2025,27445,28860,1575.0819293543202,1575.4098341698727,-0.3279048155525288,-47.469440794784305,-27.537904342263573,-19.93153645252073,4,2
M,2025,1286,179,1954.8879370921718,1956.1063789476243,-1.218441855452511,37.979902446990764,-34.98922447334053,72.96912692033129,4,2
M,2025,4082,27236,1774.4332916137876,1774.6964167098488,-0.2631250960612306,-7.854863979680431,47.0083343390379,-54.86319831871833,4,2
M,2025,8146,2855,1557.1236772645118,1557.7840532064324,-0.6603759419206199,16.428303929148115,16.542814859474674,-0.1145109303265599,5,2
M,2025,27989,27079,1601.369790777345,1601.6976660110663,-0.3278752337212154,-89.61348061441367,58.55967028465511,-148.1731508990688,4,2
M,2025,2259,23472,1625.9955238918876,1626.025074041013,-0.029550149125498137,-32.59744004080039,84.3060818147203,-116.9035218555207,4,2
M,2025,8147,28243,1623.4899794255077,1622.6809149367505,0.809064488757258,-52.906410369832884,-40.90795817540766,-11.998452194425226,5,2
M,2025,1656,27692,1586.3407246125596,1586.3661174684783,-0.025392855918653368,17.13640574424994,-69.66616145001672,86.80256719426666,5,2
M,2025,2275,1205,1729.1179875058217,1728.9587810861256,0.15920641969614735,5.0893677253941405,30.524815516454055,-25.435447791059914,4,2
M,2025,1663,26980,1737.7745960500697,1738.4453223060227,-0.6707262559530136,-74.53789827168293,48.360067229501055,-122.89796550118399,5,2
M,2025,2783,23576,1726.8741824769734,1726.0743407807452,0.7998416962282136,67.06890398801465,46.444206646252724,20.62469734176193,5,2
M,2025,27215,28536,1679.5103879567375,1680.1435945116375,-0.6332065548999708,-65.02003524707402,-91.6639062082645,26.643870961190487,4,2
M,2025,1631,27881,1818.086108419036,1818.0089319421988,0.07717647683716677,87.82971144228259,-27.65637016919709,115.48608161147968,4,2
M,2025,1632,27880,1772.8707746811613,1773.0344007999565,-0.16362611879526412,-31.199936004009032,44.723140906570734,-75.92307691057977,5,2
M,2025,1625,2872,1707.928664668879,1707.8692338839774,0.059430784901678635,16.44678003220247,44.564186989908194,-28.117406957705725,4,2
M,2025,3407,28312,1698.0912405975491,1697.8241387169344,0.2671018806147458,-34.06184205595059,47.552188374771276,-81.61403043072187,4,2
M,2025,504,5787,1658.8682832850322,1658.4648139321207,0.40346935291154296,53.87014534811192,-38.41492233864233,92.28506768675425,5,2
M,2025,11483,27376,1629.461859076643,1629.5694885524956,-0.10762947585271831,10.409220272697667,-81.6977840364375,92.10700430913516,5,2
M,2025,2553,26889,1684.8151281747876,1684.3783897076146,0.4367384671729724,38.67798416142341,-88.82436947086148,127.5023536322849,5,2
M,2025,539,27491,1669.2470212409346,1669.1178164089456,0.129204831989,24.392984525409247,-46.35082637161713,70.74381089702638,5,2
M,2025,694,28344,1649.5648943279136,1650.2187727153516,-0.6538783874379988,40.076099737409095,-10.192142157755143,50.26824189516424,4,2
M,2025,3092,27762,1651.9491246477644,1651.9820672311514,-0.03294258338701184,16.210553000731352,-63.007777981135405,79.21833098186676,4,2
M,2025,507,1217,1664.0576522629835,1663.77154023731,0.2861120256734466,23.271761941381328,31.52195927449293,-8.2501973331116,5,2
M,2025,677,27554,1731.0103166596675,1730.8010108985382,0.2093057611293716,104.96894540712037,35.34604745633851,69.62289795078186,4,2
M,2025,530,1833,1783.4131387558589,1783.8119932056668,-0.3988544498079136,118.69475336575488,-46.44021109786786,165.13496446362274,4,2
M,2025,27382,26819,1710.7619730645433,1710.1988391056154,0.5631339589278923,-43.643565809093616,-11.539461945081712,-32.104103864011904,4,2
M,2025,529,27977,1731.5194489763476,1731.2481179834112,0.2713309929363277,4.377453539734461,-25.41900885513178,29.79646239486624,4,2
M,2025,27330,28487,1724.6002903390795,1723.7085887608548,0.8917015782246835,-1.5669414139040327,76.56341590810052,-78.13035732200456,4,2
M,2025,674,28518,1686.5497721017534,1686.5214818651775,0.028290236575912786,91.51955351122547,29.542578513485523,61.976974997739944,4,2
M,2025,11485,28297,1875.091990699661,1876.1783805487455,-1.0863898490845258,192.88859039200656,38.45652675076758,154.43206364123898,5,2
M,2025,18974,3137,1714.9974444036084,1715.1137903060207,-0.11634590241237674,-3.331891607538182,31.03868641908457,-34.37057802662275,4,2
M,2025,705,19479,1791.1107430421575,1790.8705654270857,0.24017761507184332,183.51652047923585,80.7700247401915,102.74649573904435,4,2
M,2025,20431,518,1751.6667643525036,1750.264103343269,1.4026610092346345,111.16681709997988,-150.3957743475894,261.5625914475693,4,2
M,2025,11490,1231,1708.655211460781,1708.682090575676,-0.026879114895109524,-252.00236561429142,12.342125668070139,-264.34449128236156,4,2
M,2025,24908,21474,2180.377011882803,2183.2798275861473,-2.9028157033444586,234.05325365146246,-43.90821669807792,277.9614703495404,4,2
M,2025,16126,25800,1989.6093689666493,1989.1818958499707,0.4274731166785841,-341.01336791234667,14.948764116729535,-355.9621320290762,4,2
M,2025,16133,3298,2047.0539663600603,2047.1675859420307,-0.11361958197039712,25.844755880565117,108.08138322325544,-82.23662734269033,4,2
M,2025,25471,16146,1978.690960900436,1980.0353065976822,-1.3443456972461263,60.785783082842954,-126.23021648857252,187.01599957141548,4,2
M,2025,551,27758,2042.8815876534131,2043.8726907142614,-0.9911030608482179,113.12070233515487,-91.77582784123479,204.89653017638966,4,2
M,2025,7717,8006,1603.7764978178632,1603.5579420459223,0.21855577194082798,66.36213601858913,-73.9767692870821,140.33890530567123,4,2
M,2025,7720,18965,1637.7494203954104,1637.7612099320074,-0.0117895365970071,-12.300810291240396,12.239250587616425,-24.54006087885682,5,2
M,2025,90,28361,1643.4213889461964,1642.5792989925003,0.8420899536961315,95.40787931848263,21.267825533598852,74.14005378488378,4,2
M,2025,364,2540,1609.852204824326,1610.6351250023897,-0.782920178063705,-0.29825544035020357,-272.46975609801825,272.17150065766805,5,2
M,2025,26020,27454,1733.7614545041297,1735.0278456631988,-1.2663911590691441,64.18024924265706,-29.765565345039477,93.94581458769653,5,2
M,2025,1552,699,1716.4195063535979,1716.3540752014171,0.06543115218073581,-64.66272843324577,68.63063143013119,-133.29335986337696,4,2
M,2025,26931,18745,1795.7160793440316,1795.521666371078,0.19441297295361437,58.26273116419543,119.73075288676546,-61.46802172257003,4,2
M,2025,367,28059,1767.6428899634511,1767.340378445544,0.3025115179070781,26.1579431820046,77.08478860925447,-50.92684542724987,5,2
M,2025,368,27711,1781.1954641471796,1780.7981683209944,0.3972958261852,15.29169243399474,-61.67580427803455,76.96749671202929,5,2
M,2025,370,23594,1856.7026631708102,1857.497722448478,-0.7950592776678604,91.09728850363445,-66.73738580897975,157.8346743126142,5,2
M,2025,371,2786,1871.223278367662,1871.34107496627,-0.11779659860803804,39.64231682789159,20.741254197002945,18.901062630888646,5,2
M,2025,18752,5726,1976.73974879812,1976.8128636671383,-0.07311486901835451,79.62084938656858,97.31394027430656,-17.69309088773798,5,2
M,2025,8001,28007,1913.8170829450946,1914.0857187385361,-0.26863579344149,113.2594676220624,76.61048896394777,36.64897865811463,5,2
M,2025,20397,19528,1526.7359806007423,1526.4564422072503,0.2795383934919755,-33.42107941703284,-73.89653937298203,40.47545995594919,4,2
M,2025,7976,25852,1503.267654809678,1506.316534554446,-3.0488797447678735,-23.88580898608234,-34.108482626122395,10.222673640040057,4,2
M,2025,26506,27949,1567.1986112749905,1565.433200835145,1.765410439845482,10.632008683774075,-42.37982421937704,53.01183290315112,4,2
M,2025,7975,4910,1525.2793258964693,1524.4830127526902,0.7963131437791162,-83.46152872845755,-81.46716306021858,-1.99436566823897,4,2
M,2025,27,1811,1588.5943891200532,1590.159406712812,-1.5650175927587497,-44.73703367693611,-157.74302166336815,113.00598798643205,4,2
M,2025,7,2210,1605.9198949467827,1605.4695639975578,0.45033094922496275,16.393532861159656,-61.47439620314981,77.86792906430946,5,2
M,2025,8004,3440,1573.695616223233,1573.7835097269272,-0.0878935036942039,-32.85498536612545,-29.513765047742027,-3.341220318383421,5,2
M,2025,26507,2174,1676.2858635727646,1675.8349493380454,0.450914234719221,18.180834644759216,13.533177206519895,4.647657438239321,4,2
M,2025,8014,28847,1785.375447136854,1785.633067294606,-0.25762015775194413,150.45111304126954,105.15489209471207,45.29622094655747,5,2
M,2025,26888,27235,1575.9385395006286,1575.687616800673,0.2509226999557086,12.868041532199186,14.161408803194263,-1.293367270995077,4,2
M,2025,8022,27512,2190.817713470482,2190.179307184787,0.638406285695055,172.20087032579386,37.34657975136679,134.85429057442707,5,2
M,2025,18739,19440,2309.190014846323,2309.5841832321457,-0.3941683858229226,290.5731717016347,-14.871629242808922,305.4448009444436,5,2
M,2025,11358,27558,1765.2590026341009,1765.1090385951416,0.14996403895929689,-31.79242268713574,82.99470727867629,-114.78712996581203,4,2
M,2025,27177,19551,1886.2456163200895,1886.6654858727736,-0.41986955268407655,224.40680517794522,39.03944173449099,185.36736344345422,4,2
M,2025,3169,11303,1638.8511466713967,1639.2560610300834,-0.40491435868671033,-7.83108825008253,1.6560610300834924,-9.487149280166022,4,2
M,2025,27511,27885,2094.3348530158823,2096.5050670922415,-2.170214076359116,-13.326670511748944,-320.8491888996373,307.52251838788834,4,2
M,2025,27374,28301,2112.073174026094,2110.7495471103725,1.3236269157214338,473.57499439056096,-21.26266910305685,494.8376634936178,4,2
M,2025,26917,28316,1754.8842554478263,1755.2925829192952,-0.4083274714689651,67.31965488020978,-49.392858206862,116.71251308707178,4,2
M,2025,27383,523,1752.276924888152,1753.339125376155,-1.0622004880028726,15.496704865447782,47.754290775483014,-32.25758591003523,4,2
M,2025,3012,2474,1862.0591346273013,1862.0752184132987,-0.016083785997352607,75.09847803408002,-63.20881888014446,138.30729691422448,4,2
M,2025,1536,27994,1732.877061642286,1732.3238357887417,0.5532258535442907,-64.91540772106282,26.939440676122558,-91.85484839718538,5,2
M,2025,26918,28081,1790.2689774626367,1790.5146452736305,-0.2456678109938366,-52.44219389326986,50.71066851803471,-103.15286241130457,4,2
M,2025,26924,2020,1762.661164892447,1762.5438222668367,0.11734262561026298,-156.19098603676161,-63.78818538756309,-92.40280064919853,4,2
M,2025,7954,27006,1747.5637580055093,1747.1420186674063,0.4217393381029524,-348.4069328664534,95.55915596983982,-443.96608883629324,4,2
M,2025,1612,27097,2265.998625145154,2257.885559990293,8.113065154861033,77.00762846397947,211.1936552078655,-134.18602674388603,5,2
M,2025,24654,28381,2177.8383899293194,2176.231621344008,1.606768585311329,242.92794120151143,-76.66386951532422,319.59181071683565,4,2
M,2025,18878,28787,1832.8945743102129,1832.786883040497,0.107691269715815,42.84949346042663,116.55736690066328,-73.70787344023665,5,2
M,2025,1894,27920,2004.1457549413205,2004.1349931770296,0.010761764290919018,70.17313986230965,-231.65942800556695,301.8325678678766,5,2
M,2025,18583,26838,2026.098072905893,2027.3249624502073,-1.22688954431419,88.46391581508942,-35.36888573442866,123.83280154951808,4,2
M,2025,19642,2559,2130.7758598555233,2127.819152318547,2.9567075369764098,-230.97859947320785,-133.72211281562159,-97.25648665758627,5,2
M,2025,27742,27318,2164.67683282468,2164.701431969846,-0.02459914516612116,-197.11753431889338,38.96130399463482,-236.0788383135282,4,2
M,2025,27735,27584,2073.9418757601725,2073.5888899012502,0.35298585892223855,147.40209119556425,41.46866887526494,105.93342232029931,5,2
M,2025,2788,27739,2125.2183429884008,2124.7933352139075,0.42500777449322413,38.785884725377855,-145.568663778859,184.35454850423685,4,2
M,2025,1652,28077,2192.504228399622,2192.632009805345,-0.1277814057229989,101.55492074146196,-291.69930281191046,393.2542235533724,4,2
M,2025,1809,382,1553.4622319395908,1551.6230573873675,1.8391745522233123,-0.6877553765905304,1.1900606806684664,-1.8778160572589968,4,2
M,2025,23572,28372,1646.191363884637,1646.4383446829486,-0.24698079831159703,3.166672914363744,-13.044301706357373,16.210974620721117,4,2
M,2025,27117,4918,1744.9007072122972,1744.8052424991827,0.09546471311455207,131.54747657737084,-320.07056377643335,451.6180403538042,5,2
M,2025,2111,27494,1686.0748614954096,1685.8337222443893,0.24113925102028588,84.75383703547595,-44.708253476954496,129.46209051243045,5,2
M,2025,18869,188,1671.1185498913699,1672.003727654063,-0.885177762693047,68.21118979144967,8.0087623591171,60.20242743233257,5,2
M,2025,885,27755,1673.2780205219958,1673.0856920096219,0.19232851237393334,56.183432245591575,-107.55019616441268,163.73362841000426,4,2
M,2025,3543,22525,1756.7052416153879,1756.258994032605,0.44624758278291665,132.0880302411856,20.28991934191913,111.79811089926648,4,2
M,2025,25000,11482,1663.5947668435867,1663.5869197912964,0.007847052290344436,79.79327309947985,3.4151680473080432,76.3781050521718,4,2
M,2025,1835,22524,1694.519816422319,1694.3888640559583,0.13095236636081609,53.330884934797496,73.99433175771469,-20.663446822917194,4,2
M,2025,23583,2345,1744.2820003342647,1743.8268025266368,0.45519780762788287,110.24654465724893,86.17599270862343,24.070551948625507,4,2
M,2025,19626,28314,1713.9933098229503,1714.7208436789958,-0.7275338560455111,8.033994846164433,-29.68142213887745,37.715416985041884,4,2
M,2025,18559,27909,1748.1219112757028,1748.5791157575345,-0.4572044818316954,76.44340924856465,17.339139815501994,59.104269433062655,5,2
M,2025,18564,18771,1770.464104093533,1770.312374647221,0.15172944631194696,25.83411653443227,-65.75313567320973,91.587252207642,5,2
M,2025,18565,3336,1808.8435720197222,1809.2609820187783,-0.4174099990561899,-99.85741931031953,12.054894212446925,-111.91231352276645,5,2
M,2025,27718,2579,1853.5855514606542,1852.8415830781748,0.7439683824793519,31.165255819946424,178.6650633081631,-147.49980748821667,4,2
M,2025,18567,27720,1892.1136612075825,1891.4748741908884,0.6387870166940957,75.05098970947097,9.4787652040784,65.57222450539257,5,2
M,2025,27706,28367,1762.8505943961468,1762.96532263723,-0.11472824108318491,103.47367629418773,-5.332331907662592,108.80600820185032,4,2
M,2025,882,28349,1648.9422166527283,1648.623941419998,0.318275232730457,-9.237467003957818,63.523174045427595,-72.76064104938541,5,2
M,2025,5002,27500,1834.6408900955373,1834.694303796713,-0.05341370117571387,-81.29243012308484,97.27204018572502,-178.56447030880986,4,2
M,2025,19657,3296,2104.8515864085216,2103.742779174646,1.1088072338757229,-256.5536795403382,119.4607741084726,-376.0144536488108,4,2
M,2025,27738,2816,2121.8020728930996,2119.7931364046017,2.008936488497966,-15.461814984031207,121.28958472538125,-136.75139970941245,4,2
M,2025,27729,759,1991.1836182178197,1990.6913733696074,0.49224484821229453,-192.661802543357,51.79447897302498,-244.45628151638198,5,2
M,2025,2142,19650,2289.0190338373,2291.452933571091,-2.433899733790895,374.3418472346043,310.9178755246746,63.423971709929674,5,2
M,2025,7780,20448,2220.513729479762,2230.7979867896693,-10.284257309907389,-151.27062895922882,70.48730375867444,-221.75793271790326,4,2
M,2025,25780,2173,1958.973287011445,1958.9116103707483,0.06167664069675993,100.13711032701963,286.6027959182761,-186.4656855912565,4,2
M,2025,25778,3153,1866.5476881841553,1866.2017683970143,0.34591978714092875,-269.1174235834785,-26.77483011027425,-242.34259347320426,4,2
M,2025,2302,27444,1556.590028215825,1556.3636963082145,0.22633190761052902,-109.63052139634851,3.9596758913896792,-113.59019728773819,4,2
M,2025,22588,2944,1594.4113658429021,1595.305254884099,-0.8938890411968714,-40.91985958457121,20.90345334140693,-61.82331292597814,4,2
M,2025,19,8005,1651.3742528316418,1651.4991162672177,-0.12486343557588953,-10.729130296222138,-28.325405057516946,17.596274761294808,4,2
M,2025,2200,31,1825.6038911909554,1825.63541700307,-0.03152581211452343,-17.192448182829594,1.2541953308264056,-18.446643513656,4,2
M,2025,8051,26006,1661.983061697208,1661.9665363278116,0.016525369396504175,39.54444638620589,25.43420376446261,14.110242621743282,4,2
M,2025,26902,3268,1598.524933409005,1599.0057470086276,-0.48081359962270653,-31.39288057576414,6.414054549834873,-37.80693512559901,4,2
M,2025,8041,27448,1626.9098031317487,1627.2792853539272,-0.36948222217847615,-11.220464298724892,-26.65021602204024,15.429751723315348,4,2
M,2025,24997,27386,1754.1205714896453,1754.0117864458487,0.10878504379661535,-19.91602373694809,138.5299656258112,-158.4459893627593,4,2
M,2025,903,19405,1619.3326732040437,1619.067527231586,0.26514597245773075,-29.169365353353214,-76.19784110650494,47.028475753151724,4,2
M,2025,18874,2636,1945.317595965431,1943.2098419169113,2.107754048519837,185.26323796973134,-24.47001230757337,209.7332502773047,4,2
M,2025,930,3442,1674.8886225536987,1674.7524455407702,0.136177012928556,63.82011431850151,-52.081206281633285,115.9013206001348,6,2
M,2025,26846,19381,1800.5633896950333,1800.6358222916779,-0.07243259664460311,-286.53356478704177,-86.25820286389626,-200.2753619231455,4,2
M,2025,23593,2128,2039.1105588327614,2039.5622109753178,-0.4516521425564406,80.22549033836344,132.54732482236864,-52.321834484005194,4,2
M,2025,11301,394,1640.4309106086184,1640.516526997934,-0.0856163893156463,1.424741310383979,31.035392410362647,-29.610651099978668,4,2
M,2025,26966,28695,1555.966422627203,1555.577675005789,0.3887476214140406,-0.40747305640866216,23.901197745219406,-24.308670801628068,4,2
M,2025,11307,28786,1619.6609545476147,1619.672129198579,-0.011174650964221655,10.621429054201144,30.752077879389162,-20.13064882518802,4,2
M,2025,26969,25504,1647.6509429536343,1647.448870898672,0.20207205496217284,-111.81914330085738,41.78272843769014,-153.60187173854752,4,2
M,2025,26845,2122,1782.2532934322905,1782.3355915687682,-0.08229813647767514,20.428356582337983,119.89574867765259,-99.46739209531461,4,2
M,2025,19417,23725,1863.4606768827314,1864.5660820846415,-1.1054052019101164,7.918127931720392,-93.82930796500341,101.7474358967238,4,2
M,2025,26848,27308,1883.1217240896776,1882.7886530908995,0.33307099877811197,-0.09379145591674387,-20.854101542769968,20.760310086853224,4,2
M,2025,26849,27570,1913.1932878806235,1912.770010073421,0.4232778072025667,115.89155828449748,61.30929632506013,54.582261959437346,4,2
M,2025,19375,28342,1418.3829688927058,1468.5088570875362,-50.125888194830395,-80.02407629108188,-19.668523624971158,-60.355552666110725,5,2
M,2025,673,27952,1489.4964163741756,1498.765871221749,-9.269454847573343,-42.1154964509376,-14.898090268280612,-27.217406182656987,5,2
M,2025,18963,27185,1613.170200773869,1612.8754683616285,0.29473241224059166,26.117127562638416,-53.412927539874545,79.53005510251296,4,2
M,2025,675,23414,1675.3362719256427,1675.4065357302018,-0.0702638045590902,79.00976721097845,-28.64947491351336,107.65924212449181,4,2
M,2025,18964,28257,1562.9061780546344,1564.8716055959283,-1.9654275412938205,23.616262801947187,-23.505816878289806,47.12207968023699,4,2
M,2025,711,18875,1729.5348561101791,1729.903767365148,-0.3689112549689071,54.33432645771154,58.01574931008713,-3.68142285237559,4,2
M,2025,26994,7950,1668.450789361364,1668.872113910319,-0.42132454895499905,17.779981750235947,-14.67407310437602,32.45405485461197,4,2
M,2025,18977,897,1696.189447691744,1695.8755526863154,0.31389500542854876,75.5326495702227,167.1468434247622,-91.61419385453951,4,2
M,2025,704,27084,1808.3244494528542,1808.3841244100736,-0.05967495721938576,132.9244911659041,104.1434848864526,28.781006279451503,4,2
M,2025,691,28352,1877.7694593154367,1876.8365781761142,0.9328811393224896,124.89147653205987,50.60707217690697,74.2844043551529,4,2
M,2025,717,8057,1680.9430220136983,1681.1910983443934,-0.24807633069508483,55.400222347357385,24.961575630099105,30.43864671725828,4,2
M,2025,24595,22379,1550.399719013879,1549.7814969853819,0.6182220284970299,-21.17823195125925,11.089867636142117,-32.268099587401366,5,2
M,2025,740,27910,1804.586616060817,1804.101759293246,0.48485676757104557,46.02491719469094,92.00693226152748,-45.98201506683654,4,2
M,2025,19385,26985,1992.7570181388912,1992.7289272243127,0.028090914578569937,253.34046818307888,5.129242558794203,248.21122562428468,4,2
M,2025,734,11499,1868.1297837254465,1868.1719794167393,-0.04219569129281808,104.78179763174171,-17.249755791258394,122.0315534230001,4,2
M,2025,743,27495,1716.9767014645213,1717.4851415777737,-0.5084401132523908,-188.76332964964308,-8.369991209727232,-180.39333843991585,5,2
M,2025,27017,156,1885.146762062878,1884.9922035577051,0.15455850517287217,46.51446645205351,92.47753908260643,-45.963072630552915,4,2
M,2025,778,27733,2049.7097953491393,2048.0176023131708,1.6921930359685575,149.15490873151816,12.65845733382389,136.49645139769427,4,2
M,2025,26836,28489,1813.3796707993906,1813.2967894373833,0.08288136200735607,-21.484604092404652,119.74880487659334,-141.233408968998,4,2
M,2025,19013,25092,1967.0840045777948,1966.2013546659166,0.8826499118781612,44.39253953262323,85.69444231799093,-41.3019027853677,4,2
M,2025,27027,11372,2037.8077469166,2038.3033386110606,-0.49559169446047235,32.851970147423344,194.35769442610626,-161.50572427868292,4,2
M,2025,27042,27142,2462.838749205862,2459.3893024103622,3.4494467954996253,159.83687820268415,-166.93901525901038,326.7758934616945,4,2
M,2025,2442,22384,1666.86967526124,1665.6965963356527,1.1730789255873333,27.366871181128317,26.89179247622974,0.4750787048985785,4,2
M,2025,26817,20488,1628.1014760320625,1628.850152654414,-0.7486766223514678,13.228108310531752,76.56311443797767,-63.33500612744592,4,2
M,2025,26820,26182,1817.0557243759538,1816.38849774623,0.6672266297237002,-66.44801399341895,74.45610014577414,-140.9041141391931,4,2
M,2025,3884,3279,1720.4485734849186,1720.2672357288825,0.18133775603610047,20.413990059257912,13.724742509260068,6.6892475499978445,4,2
M,2025,25014,25915,1985.4562656577825,1985.6364932799613,-0.18022762217879063,98.45371855951748,8.393829958045671,90.05988860147181,4,2
M,2025,7691,1853,1698.7830862276464,1699.2534636892453,-0.4703774615989005,-102.10269379031888,-20.384254824783284,-81.7184389655356,4,2
M,2025,26894,4084,1850.1133249493357,1850.3130201544543,-0.19969520511858718,-42.16574082552552,66.98705259198618,-109.1527934175117,4,2
M,2025,2871,20490,1583.165174611851,1586.265028000863,-3.099853389011969,-247.08990747396228,-122.75790488913685,-124.33200258482543,4,2
M,2025,1817,19569,1644.375570648205,1644.4058753026038,-0.03030465439883301,108.74280941891129,-518.6370415324927,627.379850951404,4,2
M,2025,11389,27750,1692.8605842489203,1692.628177904072,0.23240634484841394,25.96104304916321,-19.395033868084056,45.356076917247265,4,2
M,2025,1852,1719,1836.8425134367042,1836.2882649329144,0.5542485037897222,88.31153697675609,5.611420205625791,82.7001167711303,4,2
M,2025,11393,27987,1926.5255485190887,1926.194545805945,0.33100271314378915,110.94944312385769,21.93490695380865,89.01453617004904,4,2
M,2025,18885,8002,1826.89409966771,1826.6933917639826,0.20070790372733427,-11.199990252362113,13.453901985566972,-24.653892237929085,4,2
M,2025,27126,28072,1969.12793640645,1969.0875462521701,0.04039015427997583,112.34701218640998,64.82629932334862,47.52071286306136,4,2
M,2025,1239,1639,1918.7278777070635,1918.5754786485672,0.15239905849625757,60.72976513432923,86.38461150098601,-25.654846366656784,4,2
M,2025,11413,28299,2077.588234199908,2079.5711295548895,-1.9828953549813377,134.7959920407202,64.0405520512295,70.7554399894907,4,2
M,2025,1183,28486,1703.7026857306278,1703.9537484793711,-0.2510627487433794,112.36859193501232,41.40415909743865,70.96443283757367,4,2
