athlete_id,year,gender,num_races,delta_std,delta_conv,inflation,path_bias_a1_minus_aL,identity_residual,a_first,a_last
1387,2023,M,2,-93.44458202168289,-87.09999999999991,6.344582021682982,6.344582021682982,0.0,21.05154271371839,14.706960692035409
5368,2024,F,4,48.447542485833765,98.15000000000009,49.702457514166326,49.702457514166326,0.0,51.56023125645447,1.8577737422881455
4960,2024,F,5,-12.38315284877649,33.99000000000001,46.3731528487765,46.3731528487765,0.0,48.182192503918714,1.8090396551422145
667,2024,M,5,-46.52922071348712,-5.583103364736189,40.94611734875093,40.94611734875093,0.0,47.70637992832599,6.7602625795750555
11461,2024,F,3,-24.82314859386952,1.7000000000000455,26.523148593869564,26.523148593869564,0.0,50.653958140449504,24.13080954657994
11483,2024,M,3,-8.552797261911337,25.533356459069864,34.0861537209812,34.0861537209812,0.0,50.70922784546087,16.623074124479672
11495,2024,M,3,61.7220592513288,99.35229677278267,37.630237521453864,37.630237521453864,0.0,54.91445663952095,17.284219118067085
3179,2024,F,2,62.461221724277266,66.65061126725368,4.189389542976414,4.189389542976414,0.0,5.922894523489276,1.733504980512862
1724,2024,F,3,15.122439449314243,61.069999999999936,45.947560550685694,45.947560550685694,0.0,47.70398509021152,1.756424539525824
1727,2024,F,4,15.432965727605279,61.430000000000064,45.997034272394785,45.997034272394785,0.0,47.754963184519966,1.7579289121251804
18595,2024,F,4,45.244945088079476,92.47000000000003,47.22505491192055,47.22505491192055,0.0,48.9912641942351,1.7662092823145485
1726,2024,F,4,-48.58882679288217,-3.5299999999999727,45.0588267928822,45.0588267928822,0.0,46.86465543424106,1.8058286413588576
5158,2024,M,5,-2.4094360862095527,14.0,16.409436086209553,16.409436086209553,0.0,23.27596165438763,6.866525568178076
2303,2024,M,5,11.132246609089407,27.40000000000009,16.267753390910684,16.267753390910684,0.0,22.992599619663224,6.72484622875254
22588,2024,M,2,-47.317951703837025,-40.90000000000009,6.417951703836934,6.417951703836934,0.0,8.226262463574358,1.8083107597374237
2306,2024,M,5,-19.87003131696588,-2.7999999999999545,17.070031316965924,17.070031316965924,0.0,24.318791477612876,7.2487601606469525
22589,2024,M,2,-40.76182898262573,-34.100000000000136,6.661828982625593,6.661828982625593,0.0,8.527352445227962,1.8655234626023685
22591,2024,M,2,25.51569897397826,32.399999999999864,6.884301026021603,6.884301026021603,0.0,8.719001009764725,1.8346999837431213
22592,2024,M,2,-56.499469634099114,-49.700000000000045,6.799469634099069,6.799469634099069,0.0,8.72404439304205,1.9245747589429811
2308,2024,M,3,-11.238415770637857,5.0,16.238415770637857,16.238415770637857,0.0,24.967503546957232,8.729087776319375
5793,2024,M,2,9.163255992806853,16.200000000000045,7.036744007193192,7.036744007193192,0.0,8.935362152360085,1.8986181451668926
2302,2024,M,2,199.05686560964796,206.30000000000018,7.243134390352225,7.243134390352225,0.0,8.936370829015459,1.6932364386632344
22593,2024,M,2,27.523150447958187,34.59999999999991,7.076849552041722,7.076849552041722,0.0,8.961083407074284,1.8842338550325621
1732,2024,F,4,69.92749549133055,74.34666232425843,4.4191668329278855,4.4191668329278855,0.0,6.240380528516653,1.8212136955887672
1740,2024,F,4,140.02643617489207,191.91000000000008,51.88356382510801,51.88356382510801,0.0,53.705257908585736,1.8216940834777233
4971,2024,F,4,102.34512634768407,106.91322761283936,4.568101265155292,4.568101265155292,0.0,6.3958634061764315,1.8277621410211395
18816,2024,F,2,61.04034398164936,65.48063191083293,4.440287929183569,4.440287929183569,0.0,6.287025391814723,1.846737462631154
19602,2024,F,3,90.9060101308678,102.52999999999997,11.623989869132174,11.623989869132174,0.0,13.473154554780422,1.8491646856482475
1743,2024,F,2,115.11668311554354,119.79632080339093,4.679637687847389,4.679637687847389,0.0,6.5332902077204835,1.8536525198730942
18822,2024,F,3,117.28770684570372,121.98331912908816,4.695612283384435,4.695612283384435,0.0,6.552349399175455,1.8567371157910202
4959,2024,F,4,28.328473130916336,77.34999999999991,49.02152686908357,49.02152686908357,0.0,50.87942702923715,1.8579001601535765
23462,2024,F,3,22.128973960169333,36.600000000000136,14.471026039830804,14.471026039830804,0.0,21.458237790248177,6.987211750417373
18772,2025,M,3,119.67109437025897,158.69000000000005,39.018905629741084,39.018905629741084,0.0,40.601778719558524,1.58287308981744
27327,2025,M,3,154.30594136709942,202.07000000000016,47.76405863290074,47.76405863290074,0.0,49.69447155553644,1.9304129226356963
666,2024,M,5,-44.175609390120144,-2.182753253887313,41.99285613623283,41.99285613623283,0.0,46.87270923770984,4.879853101477011
18724,2024,M,3,-23.999727251265767,-5.570204760626666,18.4295224906391,18.4295224906391,0.0,25.598530699328876,7.169008208689775
19506,2024,F,5,108.30243336509852,104.29999999999995,-4.002433365098568,-4.002433365098568,0.0,3.7503979529085427,7.752831318007111
2560,2024,M,2,-81.14561457185982,-92.40000000000009,-11.254385428140267,-11.254385428140267,0.0,53.74817445789472,65.00255988603499
5171,2024,M,5,100.46269019897318,119.5,19.037309801026822,19.037309801026822,0.0,26.37424501883902,7.336935217812197
5794,2024,M,2,-11.390587367508942,-4.2000000000000455,7.190587367508897,7.190587367508897,0.0,9.15928836987132,1.9687010023624225
2311,2024,M,2,-102.43484845091234,-95.29999999999995,7.134848450912386,7.134848450912386,0.0,9.213756909266067,2.0789084583536805
22594,2024,M,2,-6.651640883880191,0.6000000000001364,7.251640883880327,7.251640883880327,0.0,9.23040007408099,1.9787591902006625
22595,2024,M,2,-20.02346599171733,-12.400000000000091,7.623465991717239,7.623465991717239,0.0,9.721625605288182,2.0981596135709424
2312,2024,M,2,154.86859118238863,162.79999999999995,7.931408817611327,7.931408817611327,0.0,9.872422765279225,1.9410139476678978
6285,2023,F,4,127.75114023965807,154.0,26.24885976034193,26.24885976034193,0.0,28.26064274316127,2.0117829828193408
22596,2024,M,2,16.960263755734104,25.299999999999727,8.339736244265623,8.339736244265623,0.0,10.581522454064725,2.241786209799102
1282,2025,M,3,140.96392433439541,172.65999999999985,31.69607566560444,31.69607566560444,0.0,35.915712975624956,4.2196373100205165
2252,2023,F,2,76.87759038221589,125.5,48.622409617784115,48.622409617784115,0.0,57.13497032242981,8.512560704645693
27326,2025,M,3,61.687611203971755,105.99000000000024,44.30238879602848,44.30238879602848,0.0,46.16818020109986,1.865791405071377
22598,2024,F,2,-33.1404413578673,-30.299999999999955,2.8404413578673484,2.8404413578673484,0.0,4.590384895486977,1.7499435376196288
27323,2025,F,3,4.597636378452535,33.265682699484614,28.66804632103208,28.66804632103208,0.0,30.33346358669155,1.665417265659471
22600,2024,F,2,-26.602016414321042,-23.399999999999864,3.2020164143211787,3.2020164143211787,0.0,5.1536546016993725,1.9516381873781938
230,2024,F,3,108.28278650599509,107.40000000000009,-0.882786505995,-0.882786505995,0.0,6.798412397560014,7.681198903555014
8113,2024,F,3,12.804018193141474,11.800000000000182,-1.0040181931412917,-1.0040181931412917,0.0,7.3214020285163315,8.325420221657623
81,2024,F,2,46.184935501764585,29.660000000000082,-16.524935501764503,-16.524935501764503,0.0,7.658741660605301,24.183677162369804
119,2024,M,2,-5.552728583625139,-7.599999999999909,-2.0472714163747696,-2.0472714163747696,0.0,7.609803153461371,9.65707456983614
124,2024,M,2,101.39962137767156,79.18000000000006,-22.2196213776715,-22.2196213776715,0.0,8.045194534472785,30.264815912144286
2238,2024,F,6,-26.642701575129195,-24.5,2.1427015751291947,2.1427015751291947,0.0,9.212269862977791,7.069568287848597
2241,2024,F,4,-75.64850169307601,-72.90000000000009,2.748501693075923,2.748501693075923,0.0,9.902549599234135,7.154047906158212
2240,2024,F,4,134.18329907915677,137.79999999999995,3.6167009208431864,3.6167009208431864,0.0,11.556878553571096,7.940177632727909
2259,2024,M,5,-29.9620020378145,-29.353252214577196,0.6087498232373036,0.6087498232373036,0.0,9.176455364261756,8.567705541024452
8146,2024,M,4,-8.90604151253524,-8.173251979902943,0.732789532632296,0.732789532632296,0.0,9.267521222953746,8.53473169032145
1657,2024,M,5,-53.604367430165894,-53.11652777925724,0.4878396509086542,0.4878396509086542,0.0,9.291857788638708,8.804018137730054
1656,2024,M,6,-8.764267522537011,-8.02049304766274,0.7437744748742716,0.7437744748742716,0.0,9.388419000872773,8.644644525998501
4006,2024,M,2,-97.0662002781678,-118.7800000000002,-21.7137997218324,-21.7137997218324,0.0,9.675001843071641,31.388801564904043
58,2024,M,3,-88.64610581182478,-91.80000000000018,-3.1538941881754,-3.1538941881754,0.0,9.932977057060725,13.086871245236125
217,2024,M,2,229.71247716656762,228.29999999999995,-1.412477166567669,-1.412477166567669,0.0,10.4703478096676,11.88282497623527
8095,2024,M,4,263.94017923022534,263.5,-0.4401792302253398,-0.4401792302253398,0.0,10.47966099428777,10.91984022451311
8097,2024,M,2,118.27671345362887,88.69000000000005,-29.586713453628818,-29.586713453628818,0.0,10.608182942051826,40.194896395680644
8099,2024,M,2,305.45103362772784,305.1999999999998,-0.2510336277280203,-0.2510336277280203,0.0,10.70178044748809,10.95281407521611
3355,2024,M,2,-72.88214284705782,-96.7199999999998,-23.83785715294198,-23.83785715294198,0.0,10.854051016034646,34.691908168976624
8108,2024,M,5,-60.55514386143955,-18.19281187543379,42.362331986005756,42.362331986005756,0.0,49.42050895035845,7.058176964352697
384,2024,F,3,-46.164013073394244,-22.45918253597779,23.704830537416456,23.704830537416456,0.0,29.941623246885,6.236792709468546
391,2024,F,3,-134.4179541170056,-101.41883183415507,32.99912228285052,32.99912228285052,0.0,42.07446668989792,9.075344407047396
394,2024,M,3,-121.25255494315275,-95.40000000000009,25.852554943152654,25.852554943152654,0.0,33.379769733539206,7.527214790386552
2174,2024,M,3,-79.1186800078749,-51.700000000000045,27.418680007874855,27.418680007874855,0.0,35.12322478920055,7.704544781325694
2179,2024,M,2,-110.5135892438177,-81.40000000000009,29.113589243817614,29.113589243817614,0.0,37.44366556818113,8.330076324363517
393,2024,M,3,288.2527294080819,321.4000000000001,33.147270591918186,33.147270591918186,0.0,40.29943245146865,7.152161859550461
2229,2024,F,3,-271.3378044732831,-273.70000000000005,-2.3621955267169596,-2.3621955267169596,0.0,6.478279350732009,8.840474877448969
231,2024,F,3,39.353540552347795,38.600000000000136,-0.7535405523476584,-0.7535405523476584,0.0,6.555256179530716,7.308796731878374
972,2024,F,2,-40.256010265847635,-86.90000000000009,-46.643989734152456,-46.643989734152456,0.0,6.671174227604297,53.31516396175675
63,2024,F,2,82.55535152711968,68.65000000000009,-13.905351527119592,-13.905351527119592,0.0,6.731850080892855,20.637201608012447
234,2024,F,3,40.19926266677817,39.40000000000009,-0.7992626667780769,-0.7992626667780769,0.0,6.898029470122992,7.697292136901069
233,2024,F,4,137.86991047146762,137.0999999999999,-0.7699104714677105,-0.7699104714677105,0.0,7.032512518083195,7.802422989550905
4092,2024,F,3,-25.424674077317377,-26.600000000000136,-1.1753259226827595,-1.1753259226827595,0.0,7.129865566270155,8.305191488952914
8112,2024,F,2,75.46280726222744,60.5300000000002,-14.932807262227243,-14.932807262227243,0.0,7.142544102778174,22.075351365005417
237,2024,F,3,3.8300792628708678,2.7999999999999545,-1.0300792628709132,-1.0300792628709132,0.0,7.179674102551644,8.209753365422557
240,2024,F,4,31.099614905760973,29.700000000000045,-1.3996149057609273,-1.3996149057609273,0.0,7.207295199944156,8.606910105705083
236,2024,F,2,52.796274464321186,37.31000000000017,-15.486274464321014,-15.486274464321014,0.0,7.23989715096468,22.726171615285693
2230,2024,F,2,125.60056396433356,106.16000000000008,-19.440563964333478,-19.440563964333478,0.0,7.3648712965439245,26.805435260877402
8115,2024,F,2,101.22740914141536,81.16000000000008,-20.067409141415283,-20.067409141415283,0.0,7.429169588834839,27.49657873025012
78,2024,F,2,-58.984136620980735,-60.40000000000009,-1.4158633790193562,-1.4158633790193562,0.0,7.578142392804239,8.994005771823595
8117,2024,F,3,28.863661614089096,27.90000000000009,-0.9636616140890055,-0.9636616140890055,0.0,7.617989221829475,8.58165083591848
8118,2024,F,3,63.68291227214377,62.899999999999864,-0.7829122721439035,-0.7829122721439035,0.0,7.62342288033301,8.406335152476913
8119,2024,F,3,7.883579256886833,6.7999999999999545,-1.0835792568868783,-1.0835792568868783,0.0,7.689985197000169,8.773564453887047
8120,2024,F,2,64.34957606463672,48.30000000000018,-16.04957606463654,-16.04957606463654,0.0,7.715342270016208,23.764918334652748
82,2024,F,2,11.053419765168428,-6.440000000000055,-17.493419765168483,-17.493419765168483,0.0,7.858881415482301,25.352301180650784
8122,2024,F,2,137.6344210880868,121.93000000000006,-15.704421088086747,-15.704421088086747,0.0,7.894653000629887,23.599074088716634
3368,2024,F,4,97.78115222397605,96.59999999999991,-1.1811522239761416,-1.1811522239761416,0.0,7.899633854258127,9.080786078234269
8123,2024,F,4,113.19623541369356,112.09999999999991,-1.0962354136936483,-1.0962354136936483,0.0,7.901897878634372,8.99813329232802
253,2024,F,3,160.2535767354309,159.4000000000001,-0.8535767354308064,-0.8535767354308064,0.0,7.9847611708119075,8.838337906242714
8124,2024,F,3,108.5132103374433,107.89999999999986,-0.6132103374434337,-0.6132103374434337,0.0,8.061285194735547,8.67449553217898
8125,2024,F,3,174.07310951832346,173.80000000000018,-0.273109518323281,-0.273109518323281,0.0,8.073058121492977,8.346167639816258
8128,2024,F,3,166.05115971663395,165.69999999999982,-0.3511597166341289,-0.3511597166341289,0.0,8.320742388274994,8.671902104909122
4778,2024,F,2,81.19362934318201,63.02999999999997,-18.163629343182038,-18.163629343182038,0.0,8.6182351913385,26.781864534520537
8134,2024,F,3,113.01654948564465,112.29999999999995,-0.7165494856446912,-0.7165494856446912,0.0,8.928406530910252,9.644956016554943
8135,2024,F,4,150.43698717559437,149.29999999999995,-1.1369871755944132,-1.1369871755944132,0.0,9.034815676602648,10.171802852197061
271,2024,F,2,76.06982780752128,56.3900000000001,-19.67982780752118,-19.67982780752118,0.0,9.259406894745098,28.939234702266276
6342,2024,M,2,21.542108701313055,0.03999999999996362,-21.50210870131309,-21.50210870131309,0.0,7.307590312524326,28.809699013837417
115,2024,M,3,30.86486199250635,29.100000000000136,-1.7648619925062121,-1.7648619925062121,0.0,7.356950191013084,9.121812183519296
127,2024,M,4,70.45843443005083,69.5,-0.9584344300508292,-0.9584344300508292,0.0,7.438906215674251,8.39734064572508
120,2024,M,3,31.29963917243731,29.5,-1.7996391724373098,-1.7996391724373098,0.0,7.4980449380148,9.29768411045211
10,2024,M,3,-37.88374340167775,-40.100000000000136,-2.2162565983223885,-2.2162565983223885,0.0,7.525518832645275,9.741775430967664
135,2024,M,2,4.983941841827118,3.0,-1.983941841827118,-1.983941841827118,0.0,7.6060778796133945,9.590019721440513
8037,2024,M,3,31.73821512936661,29.899999999999864,-1.8382151293667448,-1.8382151293667448,0.0,7.653575121178164,9.49179025054491
129,2024,M,4,-14.626333391362778,-16.09999999999991,-1.4736666086371315,-1.4736666086371315,0.0,7.687568245043394,9.161234853680526
128,2024,M,4,66.7281505481917,65.70000000000005,-1.028150548191661,-1.028150548191661,0.0,7.70991988813239,8.738070436324051
123,2024,M,4,6.561056400851385,5.2000000000000455,-1.3610564008513393,-1.3610564008513393,0.0,7.712248184287546,9.073304585138885
140,2024,M,2,47.84390031036946,32.32999999999993,-15.513900310369536,-15.513900310369536,0.0,7.722027028139337,23.235927338508873
8038,2024,M,3,8.994480276638114,7.0,-1.9944802766381144,-1.9944802766381144,0.0,7.735531145839104,9.730011422477219
8041,2024,M,4,65.4627318002963,64.40000000000009,-1.0627318002962056,-1.0627318002962056,0.0,7.862190456678718,8.924922256974924
8046,2024,M,3,53.40480981504356,51.59999999999991,-1.8048098150436545,-1.8048098150436545,0.0,8.011667069838722,9.816476884882377
142,2024,M,3,-27.89431310554278,-30.200000000000045,-2.305686894457267,-2.305686894457267,0.0,8.086638206034195,10.392325100491462
146,2024,M,2,54.723632107319645,52.899999999999864,-1.8236321073197814,-1.8236321073197814,0.0,8.112249463740909,9.93588157106069
8047,2024,M,2,-36.89195132308828,-79.29999999999995,-42.408048676911676,-42.408048676911676,0.0,8.112715122972077,50.52076379988375
16,2024,M,3,59.20010407686027,57.40000000000009,-1.8001040768601797,-1.8001040768601797,0.0,8.12342528528552,9.9235293621457
6,2024,M,3,-103.72272351964057,-106.5,-2.7772764803594328,-2.7772764803594328,0.0,8.173250823005446,10.95052730336488
8048,2024,M,2,66.84031214471429,43.49000000000001,-23.35031214471428,-23.35031214471428,0.0,8.206778287639509,31.55709043235379
158,2024,M,2,72.9289305611594,56.73000000000002,-16.198930561159386,-16.198930561159386,0.0,8.221679383032324,24.42060994419171
177,2024,M,3,63.04401438737841,61.90000000000009,-1.14401438737832,-1.14401438737832,0.0,8.237046137656307,9.381060525034627
8050,2024,M,2,1.7707726144924436,-22.8900000000001,-24.660772614492544,-24.660772614492544,0.0,8.237977456118415,32.89875007061096
8051,2024,M,2,0.2433957360342447,-18.58808178867116,-18.831477524705406,-18.831477524705406,0.0,8.240771411504511,27.072248936209917
8052,2024,M,2,-22.46067218089297,-47.65000000000009,-25.18932781910712,-25.18932781910712,0.0,8.263123054593962,33.45245087370108
8054,2024,M,2,-3.432995070906827,-22.390164260212032,-18.957169189305205,-18.957169189305205,0.0,8.271039261521537,27.22820845082674
4237,2024,F,2,-167.8859288361241,-56.337035234260384,111.54889360186371,111.54889360186371,0.0,115.70145001264405,4.152556410780335
1153,2024,F,3,-389.608301146402,-270.04001236443537,119.56828878196666,119.56828878196666,0.0,129.99784961114028,10.429560829173624
1198,2024,M,4,24.734748467589952,118.04094099255508,93.30619252496513,93.30619252496513,0.0,100.23580524588715,6.929612720922023
1294,2024,M,4,-2.761999456832882,96.20156190575676,98.96356136258964,98.96356136258964,0.0,106.45220687994697,7.488645517357327
7641,2024,M,3,-34.521221113417596,67.34100660655872,101.86222771997632,101.86222771997632,0.0,109.72193624337365,7.85970852339733
7642,2024,M,4,19.259002405606452,124.43721112413687,105.17820871853041,105.17820871853041,0.0,113.0308240422903,7.852615323759892
7643,2024,M,2,-158.82063861751453,-45.77194692341982,113.04869169409471,113.04869169409471,0.0,116.88792993806942,3.8392382439747053
4735,2024,M,4,59.5398637915016,177.34906846155445,117.80920467005285,117.80920467005285,0.0,126.42300897991868,8.613804309865827
7644,2024,M,3,-28.346251666222997,92.95817890240005,121.30443056862305,121.30443056862305,0.0,130.6031719684911,9.29874139986805
2261,2024,M,4,19.403255896704195,20.32209375198886,0.9188378552846643,0.9188378552846643,0.0,9.618438799121577,8.699600943836913
153,2024,M,3,29.122933799923658,27.100000000000136,-2.0229337999235213,-2.0229337999235213,0.0,8.29292524537982,10.315859045303341
8056,2024,M,4,74.59167601552599,73.5,-1.0916760155259908,-1.0916760155259908,0.0,8.300375793076228,9.392051808602218
8057,2024,M,2,49.257064782848374,32.539999999999964,-16.71706478284841,-16.71706478284841,0.0,8.30503238538654,25.02209716823495
166,2024,M,2,68.29645210398144,66.5,-1.7964521039814372,-1.7964521039814372,0.0,8.312948592313887,10.109400696295324
181,2024,M,3,-63.92062862543412,-66.5,-2.5793713745658806,-2.5793713745658806,0.0,8.315276888469043,10.894648263034924
8058,2024,M,2,63.54184149144817,61.700000000000045,-1.8418414914481218,-1.8418414914481218,0.0,8.378140884657796,10.219982376105918
8059,2024,M,2,92.03309272908973,51.899999999999864,-40.13309272908987,-40.13309272908987,0.0,8.38791972850936,48.52101245759923
31,2024,M,2,-43.38289714784446,-61.659999999999854,-18.277102852155394,-18.277102852155394,0.0,8.408408734674595,26.68551158682999
2200,2024,M,2,-53.97197868298326,-55.799999999999955,-1.8280213170166917,-1.8280213170166917,0.0,8.443333177001932,10.271354494018624
8060,2024,M,2,46.460657896329394,44.5,-1.9606578963293941,-1.9606578963293941,0.0,8.44519581392592,10.405853710255315
160,2024,M,3,28.373347268493717,26.299999999999955,-2.0733472684937624,-2.0733472684937624,0.0,8.466616138553263,10.539963407047026
156,2024,M,3,18.43339272288108,16.299999999999955,-2.1333927228811262,-2.1333927228811262,0.0,8.471272730863575,10.604665453744701
8061,2024,M,3,19.5336622838538,17.40000000000009,-2.1336622838537096,-2.1336622838537096,0.0,8.496883988570062,10.630546272423771
8062,2024,M,2,51.946455702310004,34.81000000000017,-17.13645570230983,-17.13645570230983,0.0,8.523426564738656,25.659882267048488
8064,2024,M,3,46.092543125660086,44.100000000000136,-1.9925431256599495,-1.9925431256599495,0.0,8.557419688603659,10.549962814263608
6820,2024,M,4,-66.57256558591143,-68.5,-1.927434414088566,-1.927434414088566,0.0,8.607710885554752,10.535145299643318
164,2024,M,2,65.2943380929139,63.40000000000009,-1.894338092913813,-1.894338092913813,0.0,8.615627092482327,10.50996518539614
8065,2024,M,4,239.64027670073483,239.4000000000001,-0.24027670073473928,-0.24027670073473928,0.0,8.635184780185455,8.875461480920194
188,2024,M,3,150.5202729215032,149.10000000000014,-1.4202729215030558,-1.4202729215030558,0.0,8.729713604084282,10.149986525587337
15,2024,M,2,69.13778330647324,51.799999999999955,-17.337783306473284,-17.337783306473284,0.0,8.73809547024257,26.075878776715854
8067,2024,M,3,66.9340659047134,65.0,-1.9340659047134068,-1.9340659047134068,0.0,8.802356444124598,10.736422348838005
8068,2024,M,2,157.15946904643306,140.83000000000015,-16.329469046432905,-16.329469046432905,0.0,8.865686099544519,25.195155145977424
8069,2024,M,3,-63.54038764179609,-65.5,-1.9596123582039127,-1.9596123582039127,0.0,8.877793239551238,10.83740559775515
8071,2024,M,2,2.914296430309605,-15.839999999999918,-18.754296430309523,-18.754296430309523,0.0,8.955558331132806,27.70985476144233
8073,2024,M,2,37.54263558335538,19.220000000000027,-18.32263558335535,-18.32263558335535,0.0,8.989085795766869,27.31172137912222
8074,2024,M,3,89.98588493683178,70.73517398994227,-19.250710946889512,-19.250710946889512,0.0,9.027735511942183,28.278446458831695
8075,2024,M,2,43.45251873950019,23.443954876312546,-20.008563863187646,-20.008563863187646,0.0,9.04636188118343,29.054925744371076
8077,2024,M,2,187.44322076428512,163.53999999999996,-23.90322076428515,-23.90322076428515,0.0,9.143684660468125,33.04690542475328
8079,2024,M,2,34.18755919880982,15.440000000000055,-18.747559198809768,-18.747559198809768,0.0,9.168364599712504,27.91592379852227
3415,2024,M,3,169.06945043957307,150.5788322386752,-18.49061820089787,-18.49061820089787,0.0,9.227037662822113,27.717655863719983
8081,2024,M,2,267.75898206322836,266.89999999999986,-0.8589820632284955,-0.8589820632284955,0.0,9.229831618208436,10.088813681436932
3412,2024,M,3,95.2476181686502,94.09999999999991,-1.1476181686502969,-1.1476181686502969,0.0,9.23914480282906,10.386762971479357
8084,2024,M,3,58.950179774613844,56.799999999999955,-2.150179774613889,-2.150179774613889,0.0,9.440309590632978,11.590489365246867
8085,2024,M,3,102.79727807065365,100.89999999999986,-1.8972780706537833,-1.8972780706537833,0.0,9.464989529877585,11.362267600531368
192,2024,M,3,191.78872970495559,190.4000000000001,-1.3887297049554945,-1.3887297049554945,0.0,9.53297577760759,10.921705482563084
182,2024,M,2,105.58472198868708,87.01999999999998,-18.564721988687097,-18.564721988687097,0.0,9.574419449169,28.139141437856097
8087,2024,M,2,126.59701422185276,124.79999999999995,-1.7970142218528053,-1.7970142218528053,0.0,9.61819141688602,11.415205638738826
671,2024,M,4,-13.658270035459736,9.865459804517286,23.523729839977022,23.523729839977022,0.0,30.475065484789184,6.951335644812161
680,2024,M,5,25.029820246042846,49.0939529336199,24.064132687577057,24.064132687577057,0.0,30.9507428856964,6.886610198119342
2540,2024,M,2,-56.579366222790895,-73.59375485339683,-17.014388630605936,-17.014388630605936,0.0,31.48984394005788,48.50423257066382
5236,2024,M,3,-21.805184534149248,-38.31106996937069,-16.505885435221444,-16.505885435221444,0.0,32.53633422205371,49.042219657275155
743,2024,M,5,-12.472312700430166,14.296199340621797,26.768512041051963,26.768512041051963,0.0,34.66102661277296,7.892514571720994
5220,2024,M,5,-123.47234521955238,-98.17978233698568,25.2925628825667,25.2925628825667,0.0,33.39255354368652,8.099990661119818
732,2024,M,3,-23.630152272602118,2.229715372715191,25.85986764531731,25.85986764531731,0.0,33.551112677322635,7.691245032005327
708,2024,M,3,-85.5007295536393,-58.00212035595041,27.498609197688893,27.498609197688893,0.0,36.024635162039885,8.526025964350993
2663,2023,F,3,-53.107386946053566,-58.37881543880326,-5.271428492749692,-5.271428492749692,0.0,33.618550932060316,38.88997942481001
1488,2023,F,3,49.85898836962656,53.383593677834824,3.5246053082082653,3.5246053082082653,0.0,43.86572159955108,40.341116291342814
1468,2023,F,2,-160.94157268409413,-186.42689738947024,-25.485324705376115,-25.485324705376115,0.0,41.359108936719394,66.84443364209551
1480,2023,F,2,-45.007230485538,-34.946013670395814,10.061216815142188,10.061216815142188,0.0,43.20773577555792,33.14651896041573
1486,2023,F,3,-45.456530832572525,-25.157455428895673,20.299075403676852,20.299075403676852,0.0,43.61506033326805,23.315984929591195
1466,2023,F,3,9.415276664941075,11.779160088775598,2.3638834238345225,2.3638834238345225,0.0,41.0144496955802,38.650566271745674
1472,2023,F,2,-60.48776860533417,-41.19190576098504,19.29586284434913,19.29586284434913,0.0,41.954429444142306,22.658566599793176
362,2023,F,4,-136.68832247346222,-137.21386727049003,-0.5255447970278055,-0.5255447970278055,0.0,50.71864192417388,51.244186721201686
1458,2023,F,2,60.94916236619633,91.46470975668603,30.5155473904897,30.5155473904897,0.0,39.353818806454456,8.838271415964755
1498,2023,F,2,54.74641621972137,90.43066677675029,35.68425055702892,35.68425055702892,0.0,46.15300565438497,10.468755097356052
1462,2023,F,2,45.25712011846781,75.7476031717099,30.490483053242087,30.490483053242087,0.0,39.447816781310394,8.957333728068306
1484,2023,F,2,49.6091760276463,83.22202001773917,33.61284399009287,33.61284399009287,0.0,43.48972970012642,9.876885710033548
263,2024,F,3,9.168396101507824,40.24613525020163,31.07773914869381,31.07773914869381,0.0,40.4175039561012,9.339764807407391
170,2024,M,4,-83.56226502759819,-64.3806224886996,19.181642538898586,19.181642538898586,0.0,28.842980794909636,9.66133825601105
134,2024,M,4,32.95149747361938,54.37474908008198,21.4232516064626,21.4232516064626,0.0,31.18900705636679,9.76575544990419
179,2024,M,3,47.721196435394404,71.10185396119005,23.38065752579564,23.38065752579564,0.0,33.94328103435828,10.562623508562638
165,2024,M,2,-226.05765083121605,-229.77431999531245,-3.716669164096402,-3.716669164096402,0.0,36.062813699655635,39.77948286375204
7689,2024,M,3,-160.0310130395144,-84.82531653392198,75.20569650559241,75.20569650559241,0.0,95.56070813384872,20.355011628256307
7690,2024,M,5,-66.52188321016524,21.96613912880548,88.48802233897072,88.48802233897072,0.0,98.49742896309681,10.009406624126086
7691,2024,M,5,-82.99397319036802,5.811446884312545,88.80542007468057,88.80542007468057,0.0,98.95717120154154,10.151751126860972
2,2023,M,5,-211.98521739258604,-179.83091695433995,32.15430043824608,32.15430043824608,0.0,39.01277077401437,6.858470335768288
3,2023,M,4,-3.694846568326966,15.100000000000136,18.794846568327102,18.794846568327102,0.0,25.040006053725847,6.245159485398744
5,2023,M,3,-115.19394409841425,-82.03999999999996,33.153944098414286,33.153944098414286,0.0,42.29978270754145,9.145838609127168
312,2024,M,3,-34.81591368119621,-0.11811283793349503,34.69780084326271,34.69780084326271,0.0,92.75534222987017,58.057541386607454
310,2024,M,6,-23.782265370705545,60.657642398244434,84.43990776894998,84.43990776894998,0.0,93.73112167473232,9.291213905782342
327,2024,M,5,-40.41331626750298,49.72776102114699,90.14107728864997,90.14107728864997,0.0,100.15813051829491,10.017053229644944
346,2024,M,4,-266.4905176014088,-171.0542265312979,95.43629107011088,95.43629107011088,0.0,122.188227984989,26.751936914878115
7694,2024,M,3,-47.04887635225464,21.493792106194405,68.54266845844904,68.54266845844904,0.0,76.04151045028539,7.498841991836343
2731,2024,M,2,55.679021333059154,98.55263390108803,42.873612568028875,42.873612568028875,0.0,86.89417114811658,44.02055858008771
7698,2024,M,3,-108.52161386541047,-68.71121819169161,39.81039567371886,39.81039567371886,0.0,88.81835007640916,49.0079544026903
7699,2024,M,2,383.43608445956284,440.5983505342017,57.162266074638865,57.162266074638865,0.0,100.15934406286078,42.99707798822192
4354,2024,M,2,59.93031981721015,110.07136967818406,50.14104986097391,50.14104986097391,0.0,101.8867319643955,51.745682103421586
7700,2024,M,2,-221.82556795319988,-206.22773536047407,15.597832592725808,15.597832592725808,0.0,102.68847318451753,87.09064059179173
1615,2024,M,4,-69.49214828861068,-21.020469651940402,48.471678636670276,48.471678636670276,0.0,104.96250282704523,56.49082419037495
7701,2024,M,3,156.8381850311207,211.48914127847547,54.65095624735477,54.65095624735477,0.0,106.40563702326426,51.75468077590949
7702,2024,M,2,-51.263778875860226,-1.2145445846899747,50.04923429117025,50.04923429117025,0.0,107.33857226122382,57.289337970053566
7703,2024,M,3,195.92053526387826,253.0971905283659,57.176655264487636,57.176655264487636,0.0,109.70735313885734,52.53069787436971
7704,2024,F,5,52.814099750453806,110.2562834167818,57.44218366632799,57.44218366632799,0.0,63.83093024218192,6.388746575853929
7705,2024,F,5,21.857065983570237,79.58025300335589,57.723187019785655,57.723187019785655,0.0,64.29909085042505,6.57590383063939
7706,2024,F,3,33.90872662657512,70.16732610227155,36.25859947569643,36.25859947569643,0.0,67.97389992588182,31.715300450185396
2703,2024,F,4,127.5984110703921,168.9412995893947,41.3428885190026,41.3428885190026,0.0,74.00964798269365,32.66675946369105
7711,2024,F,3,82.42846458369968,125.7130936685976,43.284629084897915,43.284629084897915,0.0,79.49669167070465,36.212062585806734
7712,2024,F,4,129.94643882302194,175.7356996923936,45.789260869371674,45.789260869371674,0.0,82.41640299093046,36.62714212155879
7715,2024,F,2,-46.63740041313349,9.015223988261823,55.652624401395315,55.652624401395315,0.0,58.504294442738455,2.851670041343141
3493,2024,M,2,-83.23907409156254,-13.832407009195776,69.40666708236677,69.40666708236677,0.0,72.377304893565,2.9706378111982303
7716,2024,M,2,-65.43719690914145,14.760067639964518,80.19726454910597,80.19726454910597,0.0,83.57563696184116,3.378372412735189
93,2024,M,4,-2.4682080590962414,22.0,24.46820805909624,24.46820805909624,0.0,31.231577371076355,6.763369311980114
7718,2024,M,4,-41.40016444527282,-17.0,24.40016444527282,24.40016444527282,0.0,31.358289344680998,6.958124899408176
90,2024,M,4,43.39344531580764,69.0,25.60655468419236,25.60655468419236,0.0,32.43241699785267,6.825862313660309
7719,2024,M,4,50.07798861831475,76.29999999999995,26.222011381685206,26.222011381685206,0.0,33.18099234960937,6.9589809679241625
99,2024,M,3,1.8036848592357728,28.0,26.196315140764227,26.196315140764227,0.0,33.41297273205487,7.216657591290641
2970,2024,M,3,45.57327640152448,72.30000000000018,26.7267235984757,26.7267235984757,0.0,33.84964168724605,7.122918088770348
106,2024,M,4,53.5034141327269,81.09999999999991,27.596585867273006,27.596585867273006,0.0,34.91597168050362,7.31938581323061
7720,2024,M,4,62.656114191591314,90.70000000000005,28.04388580840873,28.04388580840873,0.0,35.43646547977187,7.392579671363137
108,2024,M,4,51.10912921186264,81.60000000000014,30.4908707881375,30.4908707881375,0.0,38.62180955469489,8.130938766557392
1483,2024,F,2,69.07471608765081,107.29951583198158,38.22479974433077,38.22479974433077,0.0,70.34994086234155,32.12514111801079
1484,2024,F,5,142.3135542045586,182.93721142175195,40.62365721719334,40.62365721719334,0.0,72.056461789163,31.432804571969655
7713,2024,F,3,29.37269295516512,73.64419048372702,44.271497528561895,44.271497528561895,0.0,83.46850586321898,39.197008334657085
1584,2024,M,5,-110.36050031774766,-37.8888271638275,72.47167315392016,72.47167315392016,0.0,80.69889808353878,8.227224929618615
5298,2024,F,3,87.14071812967131,127.92290031431025,40.78218218463894,40.78218218463894,0.0,74.52814844128557,33.745966256646625
7717,2024,M,4,-5.8271092031611715,18.700000000000045,24.527109203161217,24.527109203161217,0.0,31.325149290046056,6.798040086884839
7697,2024,M,5,-25.400153239810606,15.527773626251928,40.927926866062535,40.927926866062535,0.0,86.93790248739629,46.00997562133375
1589,2024,M,4,82.90835425205432,129.9880072705987,47.07965301854438,47.07965301854438,0.0,94.31392171251741,47.234268693973036
7693,2024,M,4,1.482283193850435,36.43429079503494,34.952007601184505,34.952007601184505,0.0,73.06777937928791,38.11577177810341
1520,2024,M,2,69.52742026884675,96.74641677840441,27.218996509557655,27.218996509557655,0.0,75.2980776825359,48.07908117297825
1557,2024,M,4,5.243118512061756,78.2888824239185,73.04576391185674,73.04576391185674,0.0,80.76449509245754,7.718731180600798
2751,2024,M,4,4.005079904910872,51.54974598511308,47.544666080202205,47.544666080202205,0.0,99.29200583381908,51.74733975361687
1608,2024,M,3,9.098298639936274,59.70606732486476,50.60776868492849,50.60776868492849,0.0,105.44354755911809,54.8357788741896
1458,2024,F,3,-33.04627425694093,0.9031838049893395,33.94945806193027,33.94945806193027,0.0,66.19186922353697,32.2424111616067
7707,2024,F,2,-303.1988378563176,-293.18032177910004,10.018516077217555,10.018516077217555,0.0,69.83647438878438,59.81795831156683
1497,2024,F,4,150.4162156416594,192.02553982416657,41.60932418250718,41.60932418250718,0.0,73.62203113500823,32.01270695250105
7696,2024,M,5,56.06964786575327,98.90397454237154,42.834326676618275,42.834326676618275,0.0,86.79213135646455,43.95780467984628
7722,2024,M,3,50.09846277412612,89.26528754668334,39.16682477255722,39.16682477255722,0.0,77.05032790805285,37.88350313549563
7723,2024,M,2,-88.27271734879037,-27.684183363270904,60.58853398551946,60.58853398551946,0.0,77.35852921968512,16.769995234165663
1525,2024,M,3,-74.58533273649778,-12.26634371478599,62.318989021711786,62.318989021711786,0.0,79.36183774529445,17.042848723582665
1546,2024,M,3,-79.71953187782628,-16.962544437468978,62.75698744035731,62.75698744035731,0.0,79.978240368559,17.221252928201693
2070,2024,M,4,-53.68692629421912,9.94550807499445,63.63243436921357,63.63243436921357,0.0,80.74874364763923,17.11630927842566
530,2023,M,2,64.75759031712573,73.92922523705874,9.171634919933012,9.171634919933012,0.0,36.58056898961763,27.40893406968462
7726,2024,M,3,-134.96355430521544,-70.13173783216575,64.83181647304968,64.83181647304968,0.0,83.29140446860515,18.459587995555466
1554,2024,M,3,-249.7007756559833,-185.9672777325136,63.73349792346971,63.73349792346971,0.0,83.36845479651333,19.63495687304362
2497,2024,M,3,-43.49656963383018,22.99445632254651,66.49102595637669,66.49102595637669,0.0,84.21600840350197,17.724982447125285
7727,2024,M,2,-50.707591463816016,16.200444181251214,66.90803564506723,66.90803564506723,0.0,84.8324110267663,17.924375381699065
7729,2024,M,3,-41.3329605747017,25.914759476930385,67.24772005163209,67.24772005163209,0.0,85.14061233839834,17.892892286766255
5932,2024,M,2,13.349975545951565,82.55875170906529,69.20877616311373,69.20877616311373,0.0,86.91276988028358,17.70399371716985
7730,2024,M,2,48.30309612436213,119.27353546438303,70.9704393400209,70.9704393400209,0.0,88.68492742216858,17.714488082147682
7731,2024,M,2,-60.145799580119956,10.279757643720131,70.42555722384009,70.42555722384009,0.0,89.37838037334154,18.952823149501455
7732,2024,M,3,-5.974836934091627,66.46783799918262,72.44267493327425,72.44267493327425,0.0,91.22758824313428,18.78491330986003
7733,2024,M,2,-87.36718010571644,-14.706063555672927,72.66111655004352,72.66111655004352,0.0,92.53744381757156,19.87632726752804
7734,2024,M,3,-40.624205215852044,32.63177531906558,73.25598053491763,73.25598053491763,0.0,92.6915444733877,19.435563938470068
1592,2024,M,3,-70.65134783090912,3.036001484958888,73.687349315868,73.687349315868,0.0,93.61614840828429,19.928799092416284
2600,2024,M,2,-293.6349633550585,-219.87416885258472,73.7607945024738,73.7607945024738,0.0,96.54406086879044,22.78326636631664
7736,2024,M,3,77.93700552675045,158.33104818946708,80.39404266271663,80.39404266271663,0.0,100.16542628046909,19.771383617752463
7737,2024,M,2,-93.8983753670093,-15.057223766757033,78.84115160025226,78.84115160025226,0.0,100.39657726419296,21.555425663940696
7740,2024,M,2,-151.82369997502792,-67.26067561051377,84.56302436451415,84.56302436451415,0.0,108.33276103872231,23.76973667420816
7741,2024,M,2,127.87056152632067,218.32200909188668,90.45144756556601,90.45144756556601,0.0,112.18527743412506,21.73382986855904
7742,2024,M,2,-407.9207633570627,-322.6391729981592,85.28159035890349,85.28159035890349,0.0,112.49347874575687,27.21188838685339
7744,2024,M,3,-26.447725716436253,65.8733531722055,92.32107888864175,92.32107888864175,0.0,116.50009579697598,24.179016908334233
7745,2024,F,2,-7.8682689474899234,23.317128847435242,31.185397794925166,31.185397794925166,0.0,50.841143674846535,19.65574587992137
1494,2024,F,2,12.31210402330089,48.62020919550605,36.30810517220516,36.30810517220516,0.0,58.683423505497785,22.375318333292626
7747,2024,F,2,-180.91589933314413,-147.2916351127874,33.624264220356736,33.624264220356736,0.0,58.90621554614131,25.281951325784576
7748,2024,F,2,-91.23106396652292,-55.72138120761997,35.509682758902954,35.509682758902954,0.0,59.84194211684371,24.332259357940757
1466,2024,F,4,45.519208915864965,79.81577560644678,34.29656669058181,34.29656669058181,0.0,54.62860836578602,20.33204167520421
7753,2024,F,3,-76.29388620487339,-37.082226638273596,39.21165956659979,39.21165956659979,0.0,65.50085994918868,26.289200382588888
7754,2024,F,2,-37.576745248323505,2.5293470218221046,40.10609227014561,40.10609227014561,0.0,66.035560846733,25.929468576587396
7755,2024,F,3,-12.192369904048064,28.97012548035491,41.16249538440297,41.16249538440297,0.0,67.14952104995064,25.987025665547662
7756,2024,F,2,-10.420092170048292,31.8930021523488,42.31309432239709,42.31309432239709,0.0,68.9764157832276,26.663321460830502
1492,2024,F,2,-155.1771895828706,-113.6607032072684,41.5164863756022,41.5164863756022,0.0,71.1152193734049,29.5987329978027
7757,2024,F,2,113.63551874314635,137.5923186325681,23.956799889421745,23.956799889421745,0.0,100.30097669770385,76.3441768082821
2516,2024,F,4,10.866449578709762,46.220750491901526,35.354300913191764,35.354300913191764,0.0,57.16843762912208,21.814136715930317
7751,2024,F,4,-84.76075445213928,-48.49823388742857,36.26252056471071,36.26252056471071,0.0,60.91134391193282,24.648823347222105
4555,2024,F,3,54.147208707142,98.77455906941418,44.62735036227218,44.62735036227218,0.0,71.2043361896624,26.576985827390217
7725,2024,M,3,-32.80318700948328,-7.945039832170096,24.858147177313185,24.858147177313185,0.0,81.90449856626014,57.04635138894696
492,2023,F,2,56.807710680024,60.35967222342538,3.551961543401376,3.551961543401376,0.0,35.25742988196748,31.705468338566106
556,2023,M,3,235.63721293995945,274.6999999999998,39.062787060040364,39.062787060040364,0.0,43.87033917985218,4.807552119811817
2568,2023,M,2,-165.993568626762,-170.63072670576798,-4.637158079005985,-4.637158079005985,0.0,29.223867824468016,33.861025903474
2585,2023,M,3,-15.536498954846593,-17.622343195921076,-2.085844241074483,-2.085844241074483,0.0,30.17492481387376,32.26076905494824
550,2023,M,4,50.445950846654114,58.5,8.054049153345886,8.054049153345886,0.0,41.04251754196889,32.988468388623005
551,2023,M,4,8.455248396693833,15.800000000000182,7.344751603306349,7.344751603306349,0.0,41.14953844820616,33.80478684489981
548,2023,M,3,-127.6176853775712,-92.20000000000005,35.41768537757116,35.41768537757116,0.0,40.787313842480216,5.369628464909056
2596,2023,M,2,-88.6013034096884,-92.03613687761367,-3.434833467925273,-3.434833467925273,0.0,31.540748323659727,34.975581791585
2617,2023,M,2,-122.892767112623,-127.17276906784036,-4.280001955217358,-4.280001955217358,0.0,35.70426447728096,39.984266432498316
524,2023,M,4,-126.88191246432893,-119.43315737988564,7.448755084443292,7.448755084443292,0.0,36.1545339519314,28.705778867488107
474,2023,F,4,29.965885910871293,25.40000000000009,-4.565885910871202,-4.565885910871202,0.0,29.15960978355065,33.72549569442185
513,2023,M,4,-155.07378347341887,-151.5999999999999,3.473783473418962,3.473783473418962,0.0,35.22840100119765,31.75461752777869
521,2023,M,5,31.93396914687537,61.61581882422115,29.68184967734578,29.68184967734578,0.0,35.85406168381519,6.172212006469408
2604,2023,M,2,-184.05030279843913,-157.33591043618412,26.714392362255012,26.714392362255012,0.0,32.322728514948494,5.608336152693482
517,2023,M,4,-46.91382145494208,-41.5,5.413821454942081,5.413821454942081,0.0,35.59885798432629,30.185036529384206
2554,2023,M,3,-56.78760670081715,-59.43995036732849,-2.6523436665113422,-2.6523436665113422,0.0,27.704818466388588,30.35716213289993
534,2023,M,4,-21.041753584038588,-14.900000000000091,6.141753584038497,6.141753584038497,0.0,37.19593920048146,31.054185616442965
504,2023,M,4,-44.08327084277448,-39.200000000000045,4.8832708427744365,4.8832708427744365,0.0,32.285326079674405,27.40205523689997
507,2023,M,4,-10.976595530640907,-5.199999999999818,5.776595530641089,5.776595530641089,0.0,34.11085576875894,28.33426023811785
1483,2023,F,2,82.32141079629423,115.96860204935001,33.64719125305578,33.64719125305578,0.0,43.27040109212862,9.623209839072842
7694,2023,M,2,-13.221569255689928,25.809999999999945,39.031569255689874,39.031569255689874,0.0,48.27753179201022,9.245962536320349
3461,2024,F,2,119.49413413977709,95.30398919797426,-24.190144941802828,-24.190144941802828,0.0,3.067654516795301,27.25779945859813
1520,2023,M,2,-121.68239525030071,-81.59999999999991,40.082395250300806,40.082395250300806,0.0,42.789549239773805,2.7071539894729995
1584,2023,M,2,94.98663326054589,138.1500000000001,43.163366739454204,43.163366739454204,0.0,52.65120316612774,9.487836426673539
19505,2024,F,3,119.68712198726803,137.618947446216,17.93182545894797,17.93182545894797,0.0,25.613024362502983,7.681198903555014
2239,2024,F,4,41.84916955396238,61.799999999999955,19.95083044603757,19.95083044603757,0.0,27.4612135920529,7.510383146015329
539,2023,M,2,80.03195126351466,89.72631751306176,9.694366249547102,9.694366249547102,0.0,37.81130941134552,28.116943161798417
561,2023,M,4,119.72426980255977,129.9000000000001,10.175730197440316,10.175730197440316,0.0,46.30506479674841,36.129334599308095
7115,2024,F,2,-3.2676191673278936,-4.0,-0.7323808326721064,-0.7323808326721064,0.0,7.240857914418257,7.973238747090363
11376,2024,F,3,84.87324963786659,80.59999999999991,-4.273249637866684,-4.273249637866684,0.0,3.865294681036403,8.138544318903087
21466,2024,F,2,-2.249992842854681,-3.0,-0.7500071571453191,-0.7500071571453191,0.0,7.4767001333909775,8.226707290536297
2245,2024,F,3,164.55998007681956,184.13302790481475,19.573047827995197,19.573047827995197,0.0,27.678531032535602,8.105483204540405
19512,2024,F,3,112.06409000869303,132.38189808350194,20.31780807480891,20.31780807480891,0.0,28.079024246832887,7.761216172023978
19520,2024,F,2,216.2261976196121,238.5940704857478,22.367872866135713,22.367872866135713,0.0,30.24650835569082,7.8786354895551085
4791,2024,F,3,195.8795246176635,217.07995391320833,21.200429295544836,21.200429295544836,0.0,29.83489032988541,8.634461034340575
20763,2024,F,3,2.860956992234833,-3.400000000000091,-6.260956992234924,-6.260956992234924,0.0,2.456156828011899,8.717113820246823
19513,2024,F,2,84.94359056252483,105.38940107550866,20.445810512983826,20.445810512983826,0.0,28.45541370286196,8.009603189878135
2249,2024,F,2,143.50639660728984,165.61839439865685,22.111997791367003,22.111997791367003,0.0,30.404109852057445,8.292112060690442
8183,2024,F,3,69.15091936311887,89.91794969291982,20.767030329800946,20.767030329800946,0.0,30.23352940893119,9.466499079130244
11377,2024,F,5,207.0372895977364,202.4000000000001,-4.637289597736299,-4.637289597736299,0.0,4.713495581125244,9.350785178861543
2775,2024,F,3,241.01445952746803,264.9438870814324,23.929427553964388,23.929427553964388,0.0,33.511640533363334,9.582212979398946
19526,2024,F,2,459.36988378419414,488.4251789957598,29.055295211565635,29.055295211565635,0.0,38.0097726532008,8.954477441635163
2064,2024,F,5,112.62738677016341,107.40000000000009,-5.227386770163321,-5.227386770163321,0.0,4.7680901387668655,9.995476908930186
19524,2024,F,2,154.80757962048347,179.28782938307108,24.48024976258762,24.48024976258762,0.0,33.689637517495385,9.209387754907766
1671,2024,F,4,-0.7883922627922857,-5.7999999999999545,-5.011607737207669,-5.011607737207669,0.0,4.080198712480751,9.09180644968842
1625,2024,M,5,35.82607064931608,30.5,-5.32607064931608,-5.32607064931608,0.0,3.576869040523434,8.902939689839513
5,2024,M,2,-4.994868100623535,-6.7000000000000455,-1.7051318993765108,-1.7051318993765108,0.0,7.148347014408273,8.853478913784784
2260,2024,M,3,34.0848711601343,52.700000000000045,18.615128839865747,18.615128839865747,0.0,27.737894201059362,9.122765361193615
2066,2024,M,4,98.84425680504614,95.29999999999995,-3.5442568050461887,-3.5442568050461887,0.0,3.758258885232408,7.302515690278597
2994,2024,M,3,53.84210860823487,73.0,19.157891391765133,19.157891391765133,0.0,28.3905695886358,9.232678196870665
2265,2024,M,2,247.1811871167872,272.3987419954665,25.217554878679266,25.217554878679266,0.0,32.56641028656054,7.348855407881274
19502,2024,M,3,60.1253882227345,79.79999999999995,19.674611777265454,19.674611777265454,0.0,29.116124361922402,9.441512584656948
2783,2024,M,4,157.3169541117809,183.4000000000001,26.083045888219203,26.083045888219203,0.0,35.27175895081905,9.188713062599845
19362,2024,M,3,190.5739581659111,219.20000000000005,28.626041834088937,28.626041834088937,0.0,36.11391639477779,7.4878745606888515
1631,2024,M,5,87.79347826586218,82.20000000000005,-5.593478265862132,-5.593478265862132,0.0,3.935964587336457,9.529442853198589
2269,2024,M,4,33.77675680385619,53.71873351465547,19.94197671079928,19.94197671079928,0.0,29.075733355560487,9.133756644761206
1632,2024,M,5,175.67911012665104,170.5,-5.1791101266510395,-5.1791101266510395,0.0,3.982124727029486,9.161234853680526
2784,2024,M,2,83.57751806939723,78.39999999999986,-5.177518069397365,-5.177518069397365,0.0,2.4480389214761544,7.62555699087352
1636,2024,M,2,-6.956563478633143,-8.799999999999955,-1.8434365213668116,-1.8434365213668116,0.0,7.691501973615686,9.534938494982498
1663,2024,M,4,42.25228165760609,63.30718682893166,21.054905171325572,21.054905171325572,0.0,30.644800084146482,9.58989491282091
18,2024,M,3,192.77434506704526,214.5999999999999,21.82565493295465,21.82565493295465,0.0,31.250680592260096,9.425025659305447
11370,2024,M,4,171.23893312802625,165.79999999999995,-5.438933128026292,-5.438933128026292,0.0,4.134474859443117,9.573407987469409
2275,2024,M,3,72.28844029978018,94.0941021489989,21.805661849218723,21.805661849218723,0.0,31.505469597716683,9.69980774849796
505,2023,M,3,-17.924996664416312,-12.5,5.424996664416312,5.424996664416312,0.0,32.78955919559985,27.364562531183537
7289,2023,F,2,-3.8046551745353554,22.600000000000136,26.404655174535492,26.404655174535492,0.0,30.943325866760915,4.538670692225423
516,2023,M,4,39.982838384913066,46.899999999999864,6.917161615086798,6.917161615086798,0.0,35.58033513516989,28.66317352008309
2380,2024,F,3,144.34346170176013,174.2820054211004,29.93854371934026,29.93854371934026,0.0,36.06393330096034,6.125389581620084
567,2024,F,2,79.3955133645427,83.79999999999995,4.4044866354572605,4.4044866354572605,0.0,38.505936605512034,34.10144997005477
1,2023,M,5,58.203856381038804,83.09999999999991,24.896143618961105,24.896143618961105,0.0,32.83473790554217,7.938594286581065
6,2023,M,4,-23.844733676715123,-4.399999999999864,19.44473367671526,19.44473367671526,0.0,26.011792272088314,6.567058595373055
8,2023,M,4,35.66736343505636,48.63425415055849,12.966890715502132,12.966890715502132,0.0,19.180375011727392,6.2134842962252606
9,2023,M,4,-2.712398868468199,18.40000000000009,21.11239886846829,21.11239886846829,0.0,26.331003602715555,5.218604734247265
12,2023,M,4,-26.381600900357398,-5.7999999999999545,20.581600900357444,20.581600900357444,0.0,27.53866026242804,6.957059362070595
13,2023,M,2,-74.00217814463122,-78.17000000000007,-4.167821855368857,-4.167821855368857,0.0,5.349061974750612,9.516883830119468
14,2023,M,4,-16.44785410281088,4.099999999999909,20.54785410281079,20.54785410281079,0.0,27.44116714666984,6.893313043859052
15,2023,M,2,41.54977517335806,64.10000000000014,22.55022482664208,22.55022482664208,0.0,27.949074830377185,5.398850003735106
16,2023,M,4,94.80276914058027,116.40000000000009,21.597230859419824,21.597230859419824,0.0,28.24941652569646,6.652185666276637
17,2023,M,4,2.1377285377107,22.59999999999991,20.46227146228921,20.46227146228921,0.0,27.22888374945478,6.766612287165572
18,2023,M,4,61.26451767639196,101.31999999999994,40.055482323607976,40.055482323607976,0.0,49.75250236458305,9.697020040975076
19,2023,M,4,42.647890581484944,64.0,21.352109418515056,21.352109418515056,0.0,28.199097498208175,6.846988079693119
20,2023,M,3,194.7491427119478,220.30000000000018,25.550857288052384,25.550857288052384,0.0,31.086151700333403,5.535294412281019
21,2023,M,2,68.86628259837698,67.69999999999982,-1.1662825983771654,-1.1662825983771654,0.0,5.59201495163029,6.758297550007455
22,2023,M,3,-155.4964789555463,-118.42000000000007,37.076478955546236,37.076478955546236,0.0,47.484396557006676,10.40791760146044
23,2023,M,2,89.50349079552461,106.56403155887324,17.060540763348627,17.060540763348627,0.0,22.779861814407468,5.7193210510588415
24,2023,M,3,135.86373949091217,180.5999999999999,44.73626050908774,44.73626050908774,0.0,50.99983035749801,6.26356984841027
25,2023,M,2,-43.71585036918191,-21.0,22.715850369181908,22.715850369181908,0.0,28.49157684548254,5.775726476300633
26,2023,M,2,-188.84957965946,-193.94000000000005,-5.090420340540049,-5.090420340540049,0.0,5.780138073805574,10.870558414345624
27,2023,M,2,-77.9487130923219,-62.71830439368455,15.230408698637348,15.230408698637348,0.0,21.013697913517944,5.783289214880597
28,2023,M,4,43.97017814084211,65.5,21.52982185915789,21.52982185915789,0.0,28.428678061122355,6.898856201964463
30,2023,M,2,30.37293715149349,29.0,-1.3729371514934883,-1.3729371514934883,0.0,5.800305376685401,7.173242528178889
31,2023,M,2,-48.34284785178647,-25.59999999999991,22.742847851786564,22.742847851786564,0.0,28.543468342579445,5.8006204907928804
32,2023,M,2,71.93729985592677,71.5,-0.4372998559267671,-0.4372998559267671,0.0,5.840009754229868,6.277309610156635
33,2023,M,4,-72.75569271020368,-34.61999999999989,38.135692710203784,38.135692710203784,0.0,48.25258394303978,10.116891232835997
34,2023,M,2,-14.098828752453983,-18.309999999999945,-4.211171247545963,-4.211171247545963,0.0,5.868685138012097,10.07985638555806
35,2023,M,4,19.68473088350038,42.200000000000045,22.515269116499667,22.515269116499667,0.0,29.869060222966937,7.35379110646727
37,2023,M,2,58.18426730444821,83.20000000000005,25.015732695551833,25.015732695551833,0.0,30.957209192395567,5.941476496843734
38,2023,M,4,143.73288516907724,167.60000000000014,23.8671148309229,23.8671148309229,0.0,31.01224562871039,7.145130797787488
39,2023,M,4,-88.81046965031874,-48.680000000000064,40.13046965031867,40.13046965031867,0.0,50.859213005478296,10.728743355159622
40,2023,M,2,-40.775650900938444,-45.27999999999997,-4.504349099061528,-4.504349099061528,0.0,6.08075693235719,10.585106031418718
42,2023,M,2,-108.59335843234612,-113.50000000000023,-4.9066415676541055,-4.9066415676541055,0.0,6.13306587420152,11.039707441855626
43,2023,M,3,72.44573860647779,96.59999999999991,24.15426139352212,24.15426139352212,0.0,31.771748449857796,7.617487056335676
44,2023,M,3,-27.06336335770925,-2.5,24.56336335770925,24.56336335770925,0.0,30.729201099090233,6.165837741380983
45,2023,M,2,224.84608575844504,253.60000000000014,28.753914241555094,28.753914241555094,0.0,34.96071681691092,6.206802575355823
49,2023,M,2,-75.59485685501454,-80.47999999999979,-4.88514314498525,-4.88514314498525,0.0,6.3549062058791606,11.24004935086441
50,2023,M,3,231.42567504165436,251.34024003746936,19.914564995815,19.914564995815,0.0,28.407079153065297,8.492514157250298
53,2023,M,2,-21.41403999786189,-26.15000000000009,-4.735960002138199,-4.735960002138199,0.0,6.5575245769987305,11.29348457913693
54,2023,M,3,89.48155484943345,117.79999999999973,28.318445150566276,28.318445150566276,0.0,34.951281999256935,6.632836848690658
55,2023,M,2,-89.04617019065654,-94.28999999999996,-5.243829809343424,-5.243829809343424,0.0,6.761088290441876,12.0049180997853
56,2023,M,2,-145.85906221880668,-120.70000000000005,25.15906221880664,25.15906221880664,0.0,31.940002698020862,6.780940479214223
57,2023,M,2,-4.89148783648443,-9.769999999999982,-4.878512163515552,-4.878512163515552,0.0,6.886188591117843,11.764700754633395
58,2023,M,3,-55.13248500419513,-27.800000000000182,27.33248500419495,27.33248500419495,0.0,36.677853629939364,9.345368625744413
61,2023,M,2,312.21899412988296,311.1999999999998,-1.01899412988314,-1.01899412988314,0.0,8.776558121988273,9.795552251871413
63,2023,F,4,30.3560380714614,45.90000000000009,15.543961928538693,15.543961928538693,0.0,22.006504764857027,6.462542836318335
64,2023,F,4,80.5337299647922,96.90000000000009,16.36627003520789,16.36627003520789,0.0,22.846482797255476,6.480212762047586
65,2023,F,4,99.29123450283328,116.20000000000005,16.90876549716677,16.90876549716677,0.0,23.496392807724078,6.587627310557309
66,2023,F,4,19.312686710169146,35.59999999999991,16.287313289830763,16.287313289830763,0.0,23.14231447654879,6.855001186718027
67,2023,F,4,71.46376504920795,89.19999999999982,17.736234950791868,17.736234950791868,0.0,23.966964442662402,6.230729491870534
68,2023,F,4,-4.621521693531804,15.235613217528226,19.85713491106003,19.85713491106003,0.0,26.78560578896645,6.92847087790642
69,2023,F,4,29.676988022804608,46.40000000000009,16.723011977195483,16.723011977195483,0.0,23.695657669424236,6.9726456922287525
70,2023,F,4,68.43713811673592,85.5,17.062861883264077,17.062861883264077,0.0,23.922513050437146,6.8596511671730696
71,2023,F,4,34.69248424336524,52.0,17.307515756634757,17.307515756634757,0.0,24.49731553611082,7.189799779476061
72,2023,F,2,-18.857681043627736,2.179149766986029,21.036830810613765,21.036830810613765,0.0,27.576476692782535,6.53964588216877
74,2023,F,4,174.73525719793156,194.20000000000005,19.464742802068486,19.464742802068486,0.0,26.644777622589118,7.180034820520632
75,2023,F,2,136.37431135350084,156.20000000000005,19.825688646499202,19.825688646499202,0.0,26.460840827173342,6.63515218067414
76,2023,F,2,21.13182934036695,43.28412465244082,22.152295312073875,22.152295312073875,0.0,28.811535364495057,6.6592400524211826
79,2023,F,3,-35.891996273565155,-22.40000000000009,13.491996273565064,13.491996273565064,0.0,21.433697892609644,7.941701619044579
81,2023,F,4,68.14478719533281,87.0,18.85521280466719,18.85521280466719,0.0,26.485365733228946,7.630152928561756
82,2023,F,3,103.88961620437613,124.0,20.110383795623875,20.110383795623875,0.0,27.041774539361086,6.931390743737211
7,2023,M,7,-40.078283073209604,-6.693558683949277,33.38472438926033,33.38472438926033,0.0,39.659579364509,6.274854975248672
89,2023,M,3,-109.17232127277725,-99.61421943653477,9.558101836242486,9.558101836242486,0.0,22.346601987600252,12.788500151357766
90,2023,M,3,-204.4945904958554,-195.6777239336402,8.816866562215182,8.816866562215182,0.0,22.349476518342044,13.532609956126862
91,2023,M,3,-96.42354688248179,-86.56663490428286,9.856911978198923,9.856911978198923,0.0,22.774907068144557,12.917995089945634
93,2023,M,3,-70.0800547335773,-59.83382510213005,10.24622963144725,10.24622963144725,0.0,23.170155045157344,12.923925413710094
94,2023,M,3,-91.8867703171295,-81.44088310628786,10.445887210841647,10.445887210841647,0.0,23.963525529924027,13.51763831908238
95,2023,M,3,-93.7376436838365,-83.27136377180682,10.466279912029677,10.466279912029677,0.0,24.038263329213578,13.571983417183901
96,2023,M,3,-84.39303669367655,-73.78701619986828,10.606020493808273,10.606020493808273,0.0,24.181989866309095,13.575969372500822
98,2023,M,3,-18.956844765592678,-7.660316109654332,11.296528655938346,11.296528655938346,0.0,24.57005151646672,13.273522860528374
99,2023,M,2,22.082994729646998,38.700000000000045,16.617005270353047,16.617005270353047,0.0,24.71665258430403,8.099647313950982
100,2023,M,3,-53.818453226904694,-42.488902890816235,11.32955033608846,11.32955033608846,0.0,25.224007260251256,13.894456924162796
102,2023,M,3,16.29269142989915,28.25343748730529,11.96074605740614,11.96074605740614,0.0,25.40653996236233,13.44579390495619
103,2023,M,3,-81.9962402994704,-70.76235118252475,11.233889116945647,11.233889116945647,0.0,25.489901353877713,14.256012236932065
105,2023,M,3,-178.22447694662878,-167.42691817997456,10.79755876665422,10.79755876665422,0.0,26.162541547484352,15.364982780830132
106,2023,M,2,71.05365882356841,89.20000000000005,18.146341176431633,18.146341176431633,0.0,26.651211773608793,8.50487059717716
112,2023,F,3,-142.15251541614498,-142.44624763819638,-0.29373222205140337,-0.29373222205140337,0.0,22.316129948700336,22.60986217075174
114,2023,M,2,-116.42259317899607,-109.89873589733202,6.52385728166405,6.52385728166405,0.0,15.23111968923422,8.70726240757017
115,2023,M,3,9.93443825379245,28.799999999999955,18.865561746207504,18.865561746207504,0.0,25.062020628251958,6.196458882044453
116,2023,M,3,19.314841478024164,38.5,19.185158521975836,19.185158521975836,0.0,25.437840864803093,6.252682342827256
117,2023,M,3,16.085932044509036,35.40000000000009,19.314067955491055,19.314067955491055,0.0,25.626537217883197,6.312469262392142
119,2023,M,2,27.95797653693944,34.0,6.042023463060559,6.042023463060559,0.0,25.77749430034737,19.73547083728681
120,2023,M,3,19.35834670391,38.80000000000018,19.44165329609018,19.44165329609018,0.0,25.779066769956216,6.337413473866036
121,2023,M,2,29.502665951037443,49.0,19.497334048962557,19.497334048962557,0.0,25.799508874873254,6.302174825910697
123,2023,M,3,-55.68929119842437,-38.75,16.93929119842437,16.93929119842437,0.0,26.013364741697387,9.074073543273016
124,2023,M,3,22.465271637492833,42.100000000000136,19.634728362507303,19.634728362507303,0.0,26.01965462013345,6.384926257626148
125,2023,M,3,49.394439327973714,69.19999999999982,19.805560672026104,19.805560672026104,0.0,26.10456797901952,6.299007306993417
126,2023,M,2,-43.92128095277144,-26.830000000000155,17.091280952771285,17.091280952771285,0.0,26.147024658462442,9.055743705691157
127,2023,M,3,-7.593924509518729,9.740000000000009,17.333924509518738,17.333924509518738,0.0,26.217785790867538,8.8838612813488
128,2023,M,3,-126.59023049436473,-109.8599999999999,16.730230494364832,16.730230494364832,0.0,26.27439469679166,9.544164202426828
129,2023,M,2,-5.159828284248533,-65.39999999999986,-60.24017171575133,-60.24017171575133,0.0,26.28697445366356,86.52714616941489
130,2023,M,3,-67.88489985427532,-50.82999999999993,17.05489985427539,17.05489985427539,0.0,26.28697445366356,9.23207459938817
131,2023,M,4,-14.78023203794578,2.589999999999918,17.370232037945698,17.370232037945698,0.0,26.331003602715555,8.960771564769857
132,2023,M,2,-41.69853030809463,-24.440000000000055,17.258530308094578,17.258530308094578,0.0,26.381322630203613,9.122792322109035
133,2023,M,4,12.763649418403475,32.700000000000045,19.93635058159657,19.93635058159657,0.0,26.472525867525746,6.5361752859291755
134,2023,M,4,-80.32542082892974,-63.19999999999982,17.12542082892992,17.12542082892992,0.0,26.49454044205163,9.369119613121711
135,2023,M,2,3.7913572398476845,9.700000000000045,5.908642760152361,5.908642760152361,0.0,26.535424651885705,20.626781891733344
138,2023,M,3,-66.3476341370033,-49.09999999999991,17.247634137003388,17.247634137003388,0.0,26.565301574456498,9.31766743745311
139,2023,M,2,-46.31412547555806,-26.40000000000009,19.914125475557967,19.914125475557967,0.0,26.755570397145675,6.8414449215877084
140,2023,M,3,41.34292912412343,61.700000000000045,20.357070875876616,20.357070875876616,0.0,26.88136796586582,6.524297089989204
141,2023,M,3,-86.75259832889151,-66.89999999999986,19.852598328891645,19.852598328891645,0.0,26.887657844301657,7.035059515410012
142,2023,M,3,-19.828082155902848,0.2999999999999545,20.128082155902803,20.128082155902803,0.0,26.900237601173785,6.7721554452709825
143,2023,M,2,-201.2559960822639,-184.48000000000002,16.775996082263873,16.775996082263873,0.0,26.950556628661616,10.174560546397743
145,2023,M,4,7.848878359877517,28.40000000000009,20.551121640122574,20.551121640122574,0.0,27.31694204755877,6.765820407436195
146,2023,M,2,60.004798569796094,66.79999999999995,6.795201430203861,6.795201430203861,0.0,27.381413301528028,20.586211871324167
148,2023,M,2,-95.07545763375015,-163.10000000000014,-68.02454236624999,-68.02454236624999,0.0,27.63300843896809,95.65755080521808
149,2023,M,2,40.76407648991153,61.700000000000045,20.935923510088514,20.935923510088514,0.0,27.655023013493974,6.7190995034054595
150,2023,M,3,-59.55956613151079,-39.0,20.559566131510792,20.559566131510792,0.0,27.684899936064994,7.125333804554202
151,2023,M,3,-69.28667103684256,-48.5,20.786671036842563,20.786671036842563,0.0,28.038705598090246,7.252034561247683
153,2023,M,3,12.345126673589903,33.5,21.154873326410097,21.154873326410097,0.0,28.09688697362344,6.942013647213344
155,2023,M,2,20.600097399245897,41.899999999999864,21.299902600753967,21.299902600753967,0.0,28.246271586478315,6.946368985724348
156,2023,M,2,13.782829804708399,20.199999999999818,6.417170195291419,6.417170195291419,0.0,28.274576039440262,21.857405844148843
157,2023,M,2,-45.52637452686372,-26.940000000000055,18.586374526863665,18.586374526863665,0.0,28.416098304250227,9.829723777386562
158,2023,M,3,25.182258758949956,46.700000000000045,21.51774124105009,21.51774124105009,0.0,28.51201895039935,6.994277709349262
159,2023,M,2,-19.482715252475145,1.8999999999998636,21.38271525247501,21.38271525247501,0.0,28.568627856323246,7.185912603848237
160,2023,M,3,43.35097527649896,65.0,21.649024723501043,21.649024723501043,0.0,28.590642430849584,6.941617707348541
161,2023,M,3,84.57176128585047,106.40000000000009,21.82823871414962,21.82823871414962,0.0,28.611084535766395,6.782845821616775
162,2023,M,3,-86.89584300976958,-68.29999999999995,18.595843009769624,18.595843009769624,0.0,28.76675902705756,10.170916017287936
164,2023,M,2,21.656997226701606,28.300000000000182,6.643002773298576,6.643002773298576,0.0,28.853244855552475,22.2102420822539
165,2023,M,4,-184.27678011464627,-166.08999999999992,18.186780114646353,18.186780114646353,0.0,28.941303153656463,10.75452303901011
166,2023,M,2,34.27874372131873,56.200000000000045,21.921256278681312,21.921256278681312,0.0,29.00105699879873,7.079800720117419
168,2023,M,2,-102.27743090221452,-83.52999999999997,18.747430902214546,18.747430902214546,0.0,29.120564689082585,10.373133786868038
170,2023,M,4,-84.8803533872915,-66.00999999999999,18.870353387291516,18.870353387291516,0.0,29.16459383813458,10.294240450843063
172,2023,M,2,-120.7295063804113,-99.20000000000005,21.52950638041125,21.52950638041125,0.0,29.299826224508706,7.7703198440974575
176,2023,M,2,31.781931258293298,54.200000000000045,22.418068741706747,22.418068741706747,0.0,29.67564646105984,7.257577719353094
177,2023,M,3,-52.42378719492467,-32.86999999999989,19.55378719492478,19.55378719492478,0.0,29.931959007326896,10.378171812402115
178,2023,M,3,56.53450371801864,76.69000000000005,20.155496281981414,20.155496281981414,0.0,29.95397358185278,9.798477299871365
179,2023,M,4,-143.60745593203933,-124.51999999999998,19.087455932039347,19.087455932039347,0.0,29.969698277943053,10.882242345903705
181,2023,M,3,154.88426112804473,178.4000000000001,23.515738871955364,23.515738871955364,0.0,30.485468309695307,6.969729437739943
183,2023,M,2,77.62287579799067,100.90000000000009,23.277124202009418,23.277124202009418,0.0,30.576671547017213,7.299547345007795
184,2023,M,2,241.57115878074796,265.5,23.928841219252035,23.928841219252035,0.0,30.576671547017213,6.647830327765178
187,2023,M,2,125.32771254757154,149.0,23.672287452428463,23.672287452428463,0.0,30.850281258983387,7.177993806554923
188,2023,M,3,172.07338208600663,196.0,23.92661791399337,23.92661791399337,0.0,30.941484496305293,7.0148665823119245
189,2023,M,2,126.03630529782959,149.80000000000018,23.763694702170596,23.763694702170596,0.0,30.968216479658395,7.204521777487798
190,2023,M,3,108.20800470177687,116.40000000000009,8.191995298223219,8.191995298223219,0.0,30.988658584575433,22.796663286352214
191,2023,M,3,37.015758223084276,60.5,23.484241776915724,23.484241776915724,0.0,31.067282065025438,7.583040288109714
192,2023,M,3,-15.068153957872937,8.300000000000182,23.36815395787312,23.36815395787312,0.0,31.188362224918592,7.820208267045473
194,2023,M,2,169.75608795075414,178.9000000000001,9.143912049245955,9.143912049245955,0.0,31.829929825390764,22.68601777614481
195,2023,M,2,147.13268688503535,171.79999999999995,24.6673131149646,24.6673131149646,0.0,32.059510388304716,7.392197273340116
197,2023,M,3,-51.88996902881286,-27.799999999999727,24.08996902881313,24.08996902881313,0.0,32.344127387533945,8.254158358720815
201,2023,M,2,21.4125177345652,28.90000000000009,7.487482265434892,7.487482265434892,0.0,32.69007070151406,25.202588436079168
202,2023,M,4,96.11457877917064,121.10000000000014,24.985421220829494,24.985421220829494,0.0,32.75296948587402,7.767548265044525
203,2023,M,2,338.91335154690296,362.5600000000002,23.646648453097214,23.646648453097214,0.0,32.9259411428643,9.27929268976709
205,2023,M,3,92.87935935414589,118.40000000000009,25.5206406458542,25.5206406458542,0.0,33.48259538445063,7.961954738596432
207,2023,M,2,-15.928322690961977,6.269999999999982,22.19832269096196,22.19832269096196,0.0,33.62569011886944,11.427367427907484
208,2023,M,2,163.49085846440948,173.00000000000023,9.509141535590743,9.509141535590743,0.0,33.8364010464752,24.32725951088446
209,2023,M,3,71.9161947229095,97.79999999999973,25.883805277090232,25.883805277090232,0.0,34.07698889665244,8.193183619562205
210,2023,M,3,163.0186138544086,189.29999999999995,26.28138614559134,26.28138614559134,0.0,34.124162984922805,7.842776839331464
211,2023,M,2,-249.27550964914008,-227.8499999999999,21.425509649140167,21.425509649140167,0.0,34.35688848705513,12.931378837914963
217,2023,M,2,132.538489424634,159.9000000000001,27.361510575366083,27.361510575366083,0.0,35.72336457727624,8.36185400191016
220,2023,M,2,102.34821288948933,111.69999999999982,9.351787110510486,9.351787110510486,0.0,36.56935322691834,27.217566116407852
221,2023,M,4,261.3256844940438,290.0,28.6743155059562,28.6743155059562,0.0,36.78949897217899,8.115183466222788
224,2023,M,2,97.59614039876851,107.19999999999982,9.603859601231306,9.603859601231306,0.0,37.978285996583054,28.374426395351747
225,2023,M,3,168.9761438335513,198.5,29.523856166448695,29.523856166448695,0.0,38.40914266944901,8.885286503000316
228,2023,M,3,255.0867318824271,287.9000000000001,32.81326811757299,32.81326811757299,0.0,42.33245434390619,9.519186226333204
230,2023,F,2,81.58270027574235,96.43000000000006,14.84729972425771,14.84729972425771,0.0,22.13066210176271,7.283362377505
231,2023,F,3,34.064918157246666,49.80000000000018,15.735081842753516,15.735081842753516,0.0,22.254819438668164,6.519737595914648
232,2023,F,3,90.29540601267536,106.59999999999991,16.30459398732455,16.30459398732455,0.0,22.69320213440892,6.388608147084369
233,2023,F,3,54.852671326773816,70.26999999999998,15.417328673226166,15.417328673226166,0.0,23.22968445437141,7.812355781145243
234,2023,F,3,72.48405591584424,89.19999999999982,16.71594408415558,16.71594408415558,0.0,23.399825990130694,6.683881905975113
235,2023,F,3,94.81421750296249,110.75999999999999,15.945782497037499,15.945782497037499,0.0,23.707920122451924,7.762137625414425
236,2023,F,2,39.59160306799845,44.200000000000045,4.608396932001597,4.608396932001597,0.0,23.749305901420712,19.140908969419115
237,2023,F,3,74.25288057341572,91.29999999999995,17.04711942658423,17.04711942658423,0.0,23.86120078529848,6.8140813587142475
238,2023,F,3,27.76599223006974,44.700000000000045,16.934007769930304,16.934007769930304,0.0,24.009883028259537,7.0758752583292335
240,2023,F,3,141.9131938142782,158.51999999999998,16.60680618572178,16.60680618572178,0.0,24.330239613608455,7.723433427886675
241,2023,F,3,61.3227880029483,78.69999999999982,17.377211997051518,17.377211997051518,0.0,24.41914239805942,7.041930401007903
242,2023,F,2,51.309211054429625,56.19999999999982,4.890788945570193,4.890788945570193,0.0,24.51111079576731,19.620321850197115
246,2023,F,3,198.0097915634326,215.97000000000003,17.960208436567427,17.960208436567427,0.0,25.94121938012404,7.981010943556612
247,2023,F,3,142.38047195863805,160.17999999999984,17.799528041361782,17.799528041361782,0.0,26.158877921365956,8.359349880004174
250,2023,F,2,100.34530085608799,71.5541560415752,-28.79114481451279,-28.79114481451279,0.0,26.657040075616806,55.448184890129596
253,2023,F,3,181.66651616383842,200.33999999999992,18.673483836161495,18.673483836161495,0.0,27.173595909409187,8.500112073247692
254,2023,F,3,97.09566746262453,116.59999999999991,19.504332537375376,19.504332537375376,0.0,27.219580108263017,7.715247570887641
255,2023,F,2,128.58543664417834,147.14999999999986,18.56456335582152,18.56456335582152,0.0,27.449501102532622,8.884937746711103
256,2023,F,4,123.76425973756636,143.70000000000005,19.935740262433683,19.935740262433683,0.0,27.657962804003773,7.7222225415700905
258,2023,F,3,128.48096340447023,147.45000000000005,18.969036595529815,18.969036595529815,0.0,28.071820593688926,9.102783998159111
262,2023,F,3,113.46707759862079,134.70000000000005,21.232922401379255,21.232922401379255,0.0,29.58010231609751,8.347179914718254
263,2023,F,2,136.70900159081862,159.9000000000001,23.190998409181475,23.190998409181475,0.0,29.624553708322992,6.433555299141517
264,2023,F,3,180.35269209861917,202.0,21.647307901380827,21.647307901380827,0.0,29.725718945801646,8.078411044420818
265,2023,F,2,-61.20039158970053,-42.1099999999999,19.09039158970063,19.09039158970063,0.0,29.84221224956491,10.75182065986428
267,2023,F,2,126.2961446011434,146.6500000000001,20.353855398856695,20.353855398856695,0.0,30.21774987353865,9.863894474681956
268,2023,F,4,176.35321548463867,198.5,22.146784515361333,22.146784515361333,0.0,30.46606454734956,8.319280031988228
271,2023,F,3,21.709000723522877,43.59999999999991,21.890999276477032,21.890999276477032,0.0,31.132835430731575,9.241836154254543
273,2023,F,2,148.5041988906287,169.72000000000003,21.21580110937134,21.21580110937134,0.0,31.35662519848711,10.140824089115767
274,2023,F,3,217.69265677720455,241.0999999999999,23.40734322279536,23.40734322279536,0.0,31.991207142671556,8.583863919876194
275,2023,F,4,21.777492893053022,44.59999999999991,22.822507106946887,22.822507106946887,0.0,32.463311584238,9.640804477291113
276,2023,F,2,181.58417437095727,204.56999999999994,22.985825629042665,22.985825629042665,0.0,33.79991896425872,10.814093335216057
278,2023,F,2,375.84144233251004,347.6973600120982,-28.144082320411826,-28.144082320411826,0.0,33.95626524036243,62.10034756077425
282,2023,F,4,8.75544739294287,29.200000000000045,20.444552607057176,20.444552607057176,0.0,26.988470101337725,6.543917494280549
283,2023,F,4,-63.16450344582813,-42.600000000000136,20.564503445827995,20.564503445827995,0.0,27.59155390938008,7.0270504635520865
284,2023,F,5,-19.549222347365003,1.2999999999999545,20.849222347364957,20.849222347364957,0.0,27.698643557537252,6.849421210172295
285,2023,F,5,-8.22909371107312,12.700000000000045,20.929093711073165,20.929093711073165,0.0,27.734340106923128,6.805246395849963
286,2023,F,2,71.4454229781943,63.59999999999991,-7.845422978194392,-7.845422978194392,0.0,28.925477596950714,36.770900575145106
287,2023,F,3,22.171552466946878,44.19999999999982,22.02844753305294,22.02844753305294,0.0,29.000628227236348,6.9721806941834075
289,2023,F,2,-145.74213355742836,-130.70000000000005,15.042133557428315,15.042133557428315,0.0,29.631893521635902,14.589759964207587
290,2023,F,2,81.18735318673703,73.30000000000018,-7.887353186736846,-7.887353186736846,0.0,29.795346142507242,37.68269932924409
291,2023,F,4,93.18460394129352,85.59999999999991,-7.584603941293608,-7.584603941293608,0.0,29.80661873705003,37.39122267834364
293,2023,F,2,-3.6500972766382347,19.100000000000136,22.75009727663837,22.75009727663837,0.0,30.114736321221244,7.364639044582873
294,2023,F,5,44.15669280217412,67.40000000000009,23.24330719782597,23.24330719782597,0.0,30.471701815078177,7.2283946172522064
295,2023,F,2,44.14171261948536,67.5,23.35828738051464,23.35828738051464,0.0,30.6238818414065,7.265594460891862
297,2023,F,3,51.27854363826464,74.69999999999982,23.42145636173518,23.42145636173518,0.0,30.663335922306715,7.241879560571533
298,2023,F,3,-31.34420428312751,-7.099999999999909,24.2442042831276,24.2442042831276,0.0,32.26216558163401,8.017961298506407
299,2023,F,2,-57.13027103142258,-39.600000000000136,17.530271031422444,17.530271031422444,0.0,32.767553570304926,15.237282538882482
300,2023,F,2,-60.361796588069865,-42.59999999999991,17.761796588069956,17.761796588069956,0.0,33.23912377534748,15.477327187277524
301,2023,F,2,32.74084308129136,58.299999999999955,25.559156918708595,25.559156918708595,0.0,33.605483097990145,8.04632617928155
302,2023,F,2,21.135975872819472,46.80000000000018,25.66402412718071,25.66402412718071,0.0,33.81590486279015,8.151880735609438
303,2023,F,3,92.98640962556055,119.29999999999995,26.3135903744394,26.3135903744394,0.0,34.231112095118306,7.917521720678906
304,2023,F,3,129.28759625442285,156.39999999999986,27.112403745577012,27.112403745577012,0.0,35.0634053255319,7.951001579954891
305,2023,F,2,55.29831687157548,82.20000000000005,26.901683128424565,26.901683128424565,0.0,35.24188807246037,8.340204944035804
306,2023,F,2,94.75857570675885,121.90000000000009,27.141424293241244,27.141424293241244,0.0,35.31515993698895,8.173735643747705
307,2023,F,2,-53.909387990626556,-27.40000000000009,26.509387990626465,26.509387990626465,0.0,35.39782563030326,8.888437639676795
309,2023,F,3,9.31967232028751,36.40000000000009,27.080327679712582,27.080327679712582,0.0,35.76230618718864,8.68197850747606
310,2023,M,4,20.873969864142055,41.700000000000045,20.82603013585799,20.82603013585799,0.0,27.085839396249185,6.259809260391194
311,2023,M,2,24.176364840881206,45.5,21.323635159118794,21.323635159118794,0.0,27.718459913361585,6.394824754242791
312,2023,M,2,15.582143609326977,21.100000000000136,5.51785639067316,5.51785639067316,0.0,27.907077640099487,22.389221249426328
313,2023,M,3,20.139199338248545,42.100000000000136,21.96080066175159,21.96080066175159,0.0,28.5714126422381,6.61061198048651
314,2023,M,2,35.22328482490343,57.40000000000009,22.17671517509666,22.17671517509666,0.0,28.775053019778397,6.598337844681737
315,2023,M,2,21.959392660653066,44.100000000000136,22.14060733934707,22.14060733934707,0.0,28.796752404270364,6.656145064923294
316,2023,M,2,4.202345353306555,12.0,7.797654646693445,7.797654646693445,0.0,29.035445633682002,21.237790986988557
317,2023,M,2,-118.63253506841966,-111.5,7.1325350684196565,7.1325350684196565,0.0,29.082182769510837,21.94964770109118
318,2023,M,2,-0.16573261847111098,7.7000000000000455,7.8657326184711565,7.8657326184711565,0.0,29.49447107485844,21.628738456387282
319,2023,M,2,26.58494284005087,49.299999999999955,22.715057159949083,22.715057159949083,0.0,29.52284719303998,6.807790033090896
320,2023,M,3,30.037289493981916,53.0,22.962710506018084,22.962710506018084,0.0,29.82830775935031,6.865597253332226
324,2023,M,2,7.953563641369783,31.799999999999955,23.84643635863017,23.84643635863017,0.0,31.096887160419328,7.250450801789157
325,2023,M,2,-12.297891655047351,11.5,23.79789165504735,23.79789165504735,0.0,31.1386167459807,7.340725090933347
327,2023,M,2,91.52067897661118,115.90000000000009,24.37932102338891,24.37932102338891,0.0,31.358948957745497,6.979627934356586
330,2023,M,3,77.47072240499551,102.0,24.529277595004487,24.529277595004487,0.0,31.627687488761467,7.09840989375698
331,2023,M,2,234.10716520402434,259.29999999999995,25.192834795975614,25.192834795975614,0.0,31.681101358280102,6.488266562304489
332,2023,M,2,32.1074154278615,41.0,8.892584572138503,8.892584572138503,0.0,31.838004599991336,22.945420027852833
333,2023,M,2,-25.049284707278275,-0.7000000000000455,24.34928470727823,24.34928470727823,0.0,31.924802137959205,7.575517430680975
334,2023,M,2,-195.00313913070977,-187.89999999999986,7.103139130709906,7.103139130709906,0.0,32.093389663627704,24.9902505329178
335,2023,M,2,112.35495284335434,137.39999999999986,25.045047156645524,25.045047156645524,0.0,32.12009659838691,7.075049441741385
339,2023,M,2,56.88203963534329,82.20000000000005,25.317960364656756,25.317960364656756,0.0,32.76440139945635,7.446441034799591
340,2023,M,2,35.678883744488985,44.90000000000009,9.221116255511106,9.221116255511106,0.0,32.902943623520514,23.681827368009408
342,2023,M,2,182.4029092610167,209.30000000000018,26.89709073898348,26.89709073898348,0.0,34.17486139143466,7.277770652451181
344,2023,M,2,89.5606480924464,116.60000000000014,27.039351907553737,27.039351907553737,0.0,34.8425347604184,7.803182852864666
346,2023,M,2,96.10424927861914,123.29999999999995,27.19575072138082,27.19575072138082,0.0,35.01279146950901,7.817040748128193
347,2023,M,3,91.41823861023454,119.20000000000005,27.781761389765506,27.781761389765506,0.0,35.802315228332645,8.020553838567139
350,2023,M,4,206.07629951904346,235.10000000000014,29.023700480956677,29.023700480956677,0.0,36.8288630331449,7.8051625521882215
351,2023,M,3,19.217409405926446,47.80000000000018,28.582590594073736,28.582590594073736,0.0,37.222790320845434,8.640199726771698
355,2023,F,4,4.291183475385878,6.592357638057592,2.301174162671714,2.301174162671714,0.0,38.401257456874646,36.10008329420293
356,2023,F,4,-7.048312087399836,-4.908724954733316,2.13958713266652,2.13958713266652,0.0,40.543411277274345,38.403824144607825
357,2023,F,4,26.912083319434714,29.91469301365578,3.0026096942210643,3.0026096942210643,0.0,40.763927111727526,37.76131741750646
358,2023,F,4,-2.845353730935585,-0.4745452708416451,2.37080846009394,2.37080846009394,0.0,42.748569621803654,40.377761161709714
359,2023,F,3,20.2519951040681,23.28938050788247,3.037385403814369,3.037385403814369,0.0,44.2921804629741,41.25479505915973
360,2023,F,3,-227.6753621212174,-230.8051033102672,-3.1297411890498097,-3.1297411890498097,0.0,45.016732490462346,48.146473679512155
361,2023,F,3,23.426930029874256,2.010633290690066,-21.41629673918419,-21.41629673918419,0.0,48.79700393822691,70.2133006774111
363,2023,M,4,-4.65059487708595,10.900000000000091,15.550594877086041,15.550594877086041,0.0,43.126479931397625,27.575885054311584
364,2023,M,4,35.727145450686294,52.40000000000009,16.672854549313797,16.672854549313797,0.0,44.29134495103017,27.61849040171637
365,2023,M,4,49.33467881991078,66.79999999999995,17.465321180089177,17.465321180089177,0.0,45.826848840545836,28.36152766045666
366,2023,M,4,3.9677041556849417,20.799999999999955,16.832295844315013,16.832295844315013,0.0,46.25043612041213,29.41814027609712
367,2023,M,3,-8.984500352151372,7.7000000000000455,16.684500352151417,16.684500352151417,0.0,46.46222976034551,29.77772940819409
368,2023,M,4,-11.722363674247617,5.5,17.222363674247617,17.222363674247617,0.0,48.07715626483605,30.85479259058843
369,2023,M,3,22.521809759150074,5.0,-17.521809759150074,-17.521809759150074,0.0,49.58618594936024,67.10799570851032
370,2023,M,4,66.83038811150391,86.0,19.169611888496092,19.169611888496092,0.0,49.69208276932682,30.522470880830724
371,2023,M,4,-61.26734413428335,-43.09999999999991,18.16734413428344,18.16734413428344,0.0,53.05430680326617,34.88696266898273
372,2023,M,4,98.33920961159902,119.59999999999991,21.260790388400892,21.260790388400892,0.0,53.954429772982394,32.6936393845815
374,2023,M,3,40.313435983431646,61.0,20.686564016568354,20.686564016568354,0.0,55.14576899760664,34.45920498103828
375,2023,M,4,45.84185076008498,67.19999999999982,21.358149239914837,21.358149239914837,0.0,56.73422129710525,35.37607205719041
376,2023,M,3,-232.58589217461258,-262.3000000000002,-29.7141078253876,-29.7141078253876,0.0,56.84011811707205,86.55422594245965
378,2023,M,4,121.18661773667145,145.30000000000018,24.11338226332873,24.11338226332873,0.0,60.73182625084473,36.618443987516
379,2023,M,4,-95.3659258110556,-82.75999999999999,12.605925811055613,12.605925811055613,0.0,21.340254206868167,8.734328395812554
380,2023,M,4,-86.41438766917827,-72.90000000000009,13.514387669178177,13.514387669178177,0.0,21.511318368847014,7.996930699668837
381,2023,M,3,-140.86957138895605,-128.04999999999995,12.819571388956092,12.819571388956092,0.0,22.08659059098568,9.267019202029587
382,2023,M,5,-23.048338925687858,-9.180000000000064,13.868338925687794,13.868338925687794,0.0,22.759810841354238,8.891471915666443
384,2023,F,3,-43.31463961760164,7.177474268851711,50.49211388645335,50.49211388645335,0.0,52.45263606930621,1.9605221828528556
385,2023,F,2,-85.56290269299484,-32.03545263223259,53.52745006076225,53.52745006076225,0.0,55.66168939905765,2.1342393382954015
386,2023,F,3,28.513509040688405,84.40312967534965,55.88962063466124,55.88962063466124,0.0,57.95198636453779,2.0623657298765465
387,2023,F,2,-136.85866750724608,-80.27427462264404,56.58439288460204,56.58439288460204,0.0,58.90591043653217,2.3215175519301283
388,2023,F,2,-11.234452818221598,51.07893072773618,62.31338354595778,62.31338354595778,0.0,64.67341450315416,2.3600309571963862
391,2023,F,2,-11.681556104037554,60.5787220102759,72.26027811431345,72.26027811431345,0.0,74.9951367199435,2.734858605630052
393,2023,M,2,-37.060479149815365,29.700000000000045,66.76047914981541,66.76047914981541,0.0,69.44085614631626,2.680376996500854
394,2023,M,3,-59.338755953572445,8.899999999999864,68.23875595357231,68.23875595357231,0.0,71.01586483718461,2.7771088836123
395,2023,M,3,-17.58463730767403,51.399999999999864,68.98463730767389,68.98463730767389,0.0,71.718233577707,2.733596270033104
396,2023,M,3,-59.387278101650736,11.600000000000136,70.98727810165087,70.98727810165087,0.0,73.87216438197584,2.884886280324963
397,2023,M,2,-7.892262653043872,68.39999999999986,76.29226265304374,76.29226265304374,0.0,79.29530241485782,3.0030397618140796
398,2023,M,3,-8.52275044547764,68.59999999999991,77.12275044547755,77.12275044547755,0.0,80.15942880471266,3.036678359235111
399,2023,M,3,247.5235322778983,328.5,80.97646772210169,80.97646772210169,0.0,83.71809709002628,2.7416293679245882
400,2023,M,3,98.27423677827824,180.0,81.72576322172176,81.72576322172176,0.0,84.75675146995036,3.0309882482285957
401,2023,M,3,34.74033202534224,119.09999999999991,84.35966797465767,84.35966797465767,0.0,87.60453745425048,3.2448694795928077
402,2023,M,3,3.469147950104343,88.10000000000014,84.6308520498958,84.6308520498958,0.0,87.94082309365194,3.30997104375615
403,2023,M,2,-64.05025877451362,27.299999999999727,91.35025877451335,91.35025877451335,0.0,95.04113254329695,3.6908737687836037
404,2023,F,4,51.71422429707991,57.200000000000045,5.485775702920137,5.485775702920137,0.0,11.875778844140996,6.390003141220859
406,2023,F,3,70.31113345810354,76.39999999999986,6.088866541896323,6.088866541896323,0.0,13.044772304487196,6.955905762590874
407,2023,F,3,-45.47242751701697,-40.61999999999989,4.852427517017077,4.852427517017077,0.0,13.419779433001167,8.56735191598409
408,2023,F,4,57.49369095814859,63.700000000000045,6.206309041851455,6.206309041851455,0.0,13.446328610241153,7.240019568389698
409,2023,F,3,-52.30264199096746,-46.0,6.302641990967459,6.302641990967459,0.0,14.826056164929241,8.523414173961783
411,2023,F,2,118.33334934368236,111.59999999999991,-6.733349343682448,-6.733349343682448,0.0,15.303111693459641,22.03646103714209
412,2023,F,3,140.7764702480788,147.3499999999999,6.573529751921114,6.573529751921114,0.0,15.407649078841814,8.8341193269207
413,2023,F,2,1.407717253222927,-7.0,-8.407717253222927,-8.407717253222927,0.0,15.615064526028846,24.022781779251773
414,2023,M,4,77.7010990420431,87.79999999999995,10.098900957956857,10.098900957956857,0.0,16.280710065008634,6.181809107051777
415,2023,M,4,-1.1933306420226018,8.700000000000045,9.893330642022647,9.893330642022647,0.0,16.460389237395702,6.567058595373055
416,2023,M,3,-17.354604798961645,-9.360000000000127,7.994604798961518,7.994604798961518,0.0,16.46828722299483,8.473682424033314
417,2023,M,3,9.747150647812305,19.700000000000045,9.95284935218774,9.95284935218774,0.0,16.487044938793588,6.534195586605847
418,2023,M,3,28.573888639443567,36.87000000000012,8.296111360556552,8.296111360556552,0.0,16.6074892191848,8.311377858628248
419,2023,M,2,81.55832873273107,90.30999999999995,8.751671267268875,8.751671267268875,0.0,16.987579776156963,8.235908508888087
420,2023,M,4,-35.13044776273841,-24.700000000000045,10.430447762738368,10.430447762738368,0.0,17.57795419971376,7.147506436975391
421,2023,M,3,58.56947320773111,67.5,8.930526792268893,8.930526792268893,0.0,17.589801178112793,8.6592743858439
422,2023,M,4,118.30967621693503,129.5999999999999,11.290323783064878,11.290323783064878,0.0,17.99358569188348,6.703261908818604
423,2023,M,4,85.66523501077404,96.89999999999986,11.234764989225823,11.234764989225823,0.0,18.11699171687428,6.882226727648458
424,2023,M,2,74.82590015486835,84.12000000000012,9.294099845131768,9.294099845131768,0.0,18.16240513407115,8.868305288939382
426,2023,M,2,131.6898914605904,141.41999999999985,9.730108539409457,9.730108539409457,0.0,18.462528586848975,8.732420047439518
427,2023,M,3,78.93513669809158,88.41000000000008,9.4748633019085,9.4748633019085,0.0,18.488197040047226,9.013333738138726
428,2023,M,2,-66.60167490105732,-57.809999999999945,8.791674901057377,8.791674901057377,0.0,18.601730583038943,9.810055681981567
429,2023,M,2,80.631112238789,90.18000000000006,9.548887761211063,9.548887761211063,0.0,18.621475547037335,9.072587785826272
430,2023,M,2,45.66271230073812,57.09999999999991,11.437287699261788,11.437287699261788,0.0,18.71822587063025,7.2809381713684616
433,2023,M,4,56.80437710694855,68.60000000000014,11.795622893051586,11.795622893051586,0.0,19.240480168392196,7.44485727534061
434,2023,M,2,100.33058931583469,96.79999999999995,-3.5305893158347317,-3.5305893158347317,0.0,19.2464036575916,22.77699297342633
435,2023,M,4,189.96199672451257,202.29999999999995,12.338003275487381,12.338003275487381,0.0,19.26219962879054,6.924196353303159
436,2023,M,3,35.00411902227984,44.74000000000001,9.735880977720171,9.735880977720171,0.0,19.474457991775125,9.738577014054954
437,2023,M,4,196.49809685366336,209.60000000000014,13.101903146336781,13.101903146336781,0.0,20.489349141300863,7.387445994964082
438,2023,M,2,167.4116061410814,178.47000000000025,11.058393858918862,11.058393858918862,0.0,20.799345076078225,9.740951217159363
440,2023,M,3,374.2282390956734,390.4000000000001,16.171760904326675,16.171760904326675,0.0,24.41958422521293,8.247823320886255
442,2023,F,2,-63.943056314055184,-54.0,9.943056314055184,9.943056314055184,0.0,16.894312096191015,6.951255782135831
443,2023,F,2,0.12542768633829837,10.5,10.374572313661702,10.374572313661702,0.0,17.112393992914576,6.737821679252875
445,2023,F,3,-65.0007930148663,-54.299999999999955,10.700793014866349,10.700793014866349,0.0,18.15238669395717,7.45159367909082
448,2023,F,3,52.30759726686233,63.700000000000045,11.392402733137715,11.392402733137715,0.0,18.389228323732368,6.9968255905946535
449,2023,F,2,26.376486568370183,25.0,-1.3764865683701828,-1.3764865683701828,0.0,20.033049932369977,21.40953650074016
451,2023,M,3,-32.77001501716745,-18.200000000000045,14.570015017167407,14.570015017167407,0.0,20.678971189120603,6.108956171953196
453,2023,M,2,-52.56499202940995,-37.5,15.06499202940995,15.06499202940995,0.0,21.485948814720814,6.420956785310864
454,2023,M,3,20.82798337422105,-0.8999999999998636,-21.727983374220912,-21.727983374220912,0.0,22.170862597793302,43.898845972014215
455,2023,M,2,-119.12982100901877,-103.40000000000009,15.729821009018679,15.729821009018679,0.0,22.793388194684894,7.063567185666216
457,2023,M,2,43.93000056587198,46.700000000000045,2.769999434128067,2.769999434128067,0.0,23.474233183006618,20.70423374887855
458,2023,M,3,-63.54149963715258,-89.39999999999986,-25.85850036284728,-25.85850036284728,0.0,23.96384481803443,49.82234518088171
459,2023,M,2,62.02303565187367,39.0,-23.02303565187367,-23.02303565187367,0.0,24.587726679843172,47.61076233171684
460,2023,M,2,-71.77046537861975,-70.20000000000005,1.5704653786197014,1.5704653786197014,0.0,26.014517372500904,24.444051993881203
461,2023,M,2,88.77706039401687,64.5,-24.27706039401687,-24.27706039401687,0.0,26.56787345862699,50.84493385264386
462,2023,M,3,108.30674797897564,78.79999999999973,-29.50674797897591,-29.50674797897591,0.0,32.302161527597946,61.808909506573855
463,2023,M,3,-40.69056088771163,-25.399999999999864,15.290560887711763,15.290560887711763,0.0,21.736857824361323,6.44629693664956
464,2023,M,2,-18.38198130341584,-2.7000000000000455,15.681981303415796,15.681981303415796,0.0,22.162725008291545,6.480743704875749
465,2023,M,2,38.67404282529833,55.59999999999991,16.92595717470158,16.92595717470158,0.0,23.59358449570027,6.66762732099869
466,2023,M,5,3.799906017958392,28.75142775885206,24.951521740893668,24.951521740893668,0.0,39.87209079602462,14.920569055130954
467,2023,M,4,-64.42954825051902,-26.647187142571056,37.78236110794796,37.78236110794796,0.0,40.44934960796286,2.666988500014895
468,2023,M,5,-53.59614494973198,-28.35210237331262,25.24404257641936,25.24404257641936,0.0,41.25338866744869,16.00934609102933
471,2023,M,2,44.99825035186359,59.08944001748955,14.091189665625961,14.091189665625961,0.0,20.806329770384764,6.715140104758802
472,2023,M,2,-93.70996714721582,-80.08034897611196,13.629618171103857,13.629618171103857,0.0,20.94064777218705,7.311029601083192
476,2023,F,4,-4.402182139773231,-10.0,-5.597817860226769,-5.597817860226769,0.0,30.09917185993936,35.69698972016613
477,2023,F,2,-45.87934263026659,-20.200000000000045,25.679342630266547,25.679342630266547,0.0,30.246432141227615,4.567089510961068
479,2023,F,2,46.033720230547715,41.5,-4.533720230547715,-4.533720230547715,0.0,31.190142394554186,35.7238626251019
480,2023,F,4,-65.83039626223217,-73.29999999999995,-7.469603737767784,-7.469603737767784,0.0,31.9285178894645,39.398121627232285
482,2023,F,2,-2.025328033080541,-8.0,-5.974671966919459,-5.974671966919459,0.0,32.492669952991264,38.46734191991072
483,2023,F,4,54.0520779515557,49.40000000000009,-4.652077951555611,-4.652077951555611,0.0,32.94067306226293,37.59275101381854
486,2023,F,2,-200.64347107381468,-172.5999999999999,28.04347107381477,28.04347107381477,0.0,33.57741822219964,5.533947148384868
489,2023,F,3,-63.14906623716638,-71.0,-7.85093376283362,-7.85093376283362,0.0,34.388386813519446,42.239320576353066
490,2023,F,4,-118.06665294783534,-127.29999999999995,-9.233347052164618,-9.233347052164618,0.0,34.427794494427644,43.66114154659226
493,2023,F,2,1.207981940877744,3.68472440279038,2.476742461912636,2.476742461912636,0.0,35.56439497535712,33.08765251344448
495,2023,F,2,113.54327163547964,118.36737423443628,4.824102598956642,4.824102598956642,0.0,37.480852720573694,32.65675012161705
497,2023,F,4,80.07378520875886,75.09999999999991,-4.9737852087589545,-4.9737852087589545,0.0,38.27937678108083,43.25316198983978
498,2023,F,3,29.66431281145333,23.299999999999955,-6.364312811453374,-6.364312811453374,0.0,38.98249277202058,45.34680558347395
500,2023,F,2,38.13883246683736,41.65768478993505,3.51885232309769,3.51885232309769,0.0,40.11494507601219,36.5960927529145
503,2023,F,2,6.117691504864979,9.557862542026669,3.44017103716169,3.44017103716169,0.0,48.1292229196456,44.68905188248391
506,2023,M,4,-60.02221713118729,-55.200000000000045,4.822217131187244,4.822217131187244,0.0,33.516066501402065,28.69384937021482
508,2023,M,3,-10.092724196869085,-4.199999999999818,5.892724196869267,5.892724196869267,0.0,34.687122186959414,28.794397990090147
509,2023,M,4,-199.63141755637002,-197.0,2.6314175563700246,2.6314175563700246,0.0,34.82913069715892,32.19771314078889
510,2023,M,3,-27.504076601124552,3.0,30.504076601124552,30.504076601124552,0.0,34.88469924462788,4.3806226435033295
511,2023,M,2,-47.032755163206275,-16.5,30.532755163206275,30.532755163206275,0.0,34.97525539605954,4.442500232853263
512,2023,M,4,-60.67125584422229,-55.600000000000136,5.071255844222151,5.071255844222151,0.0,35.00406871696964,29.93281287274749
515,2023,M,4,-69.2000699859625,-64.20000000000005,5.000069985962455,5.000069985962455,0.0,35.44244281367196,30.442372827709505
3325,2023,M,2,-47.122451838040206,-32.299999999999955,14.822451838040251,14.822451838040251,0.0,21.11433222746973,6.29188038942948
518,2023,M,2,-54.49710608357077,-49.200000000000045,5.297106083570725,5.297106083570725,0.0,35.68323985270581,30.386133769135085
520,2023,M,2,-44.00670576546145,-38.5,5.506705765461447,5.506705765461447,0.0,35.8417131177107,30.33500735224925
481,2023,F,4,2.824854682357909,-3.0,-5.824854682357909,-5.824854682357909,0.0,32.33711331782774,38.16196800018565
487,2023,F,2,71.48224856256729,75.22029861482906,3.7380500522617695,3.7380500522617695,0.0,33.75993800745823,30.021887955196462
523,2023,M,4,-111.40584877201877,-107.0,4.405848772018771,4.405848772018771,0.0,36.22863485564517,31.822786083626397
5050,2023,M,3,-71.13809017294307,-65.70000000000005,5.438090172943021,5.438090172943021,0.0,38.138546413109225,32.700456240166204
525,2023,M,4,17.33544387033271,24.0,6.6645561296672895,6.6645561296672895,0.0,36.38093383759815,29.71637770793086
526,2023,M,4,-13.546419228079685,-7.400000000000091,6.146419228079594,6.146419228079594,0.0,36.479722366432725,30.33330313835313
527,2023,M,3,-207.4875440154342,-204.70000000000005,2.7875440154341504,2.7875440154341504,0.0,36.50030330993968,33.71275929450553
528,2023,M,3,-176.92675542896836,-173.60000000000014,3.3267554289682266,3.3267554289682266,0.0,36.553813763058315,33.22705833409009
531,2023,M,4,24.602171452670746,31.5,6.897828547329254,6.897828547329254,0.0,36.99424595411142,30.096417406782166
532,2023,M,4,-51.38117896648055,-45.799999999999955,5.581178966480593,5.581178966480593,0.0,36.998362142812994,31.4171831763324
533,2023,M,2,-84.33220789943607,-79.29999999999995,5.032207899436116,5.032207899436116,0.0,37.12596399255722,32.0937560931211
535,2023,M,3,-9.962286310215632,-3.599999999999909,6.3622863102157226,6.3622863102157226,0.0,37.35852865418815,30.996242343972426
536,2023,M,2,-129.964083345581,-97.5,32.464083345581,32.464083345581,0.0,37.42438767341082,4.960304327829817
537,2023,M,3,-93.27015445287634,-60.700000000000045,32.570154452876295,32.570154452876295,0.0,37.43673623951531,4.866581786639017
538,2023,M,4,-217.13591387365818,-214.29999999999995,2.835913873658228,2.835913873658228,0.0,37.733101826018355,34.89718795236013
541,2023,M,2,79.58208380005999,89.60502807994726,10.02294427988727,10.02294427988727,0.0,39.326066853472184,29.303122573584915
542,2023,M,2,-30.50368539809483,4.100000000000136,34.60368539809497,34.60368539809497,0.0,39.57098008120715,4.967294683112186
543,2023,M,2,131.08832315200902,142.04301891875116,10.954695766742134,10.954695766742134,0.0,39.729453346212495,28.77475757947036
544,2023,M,2,109.34230043413709,120.12988655405388,10.787586119916796,10.787586119916796,0.0,40.579446313057815,29.79186019314102
545,2023,M,2,57.882183716583995,67.83234139519209,9.950157678608093,9.950157678608093,0.0,40.59796916221421,30.64781148360612
546,2023,M,2,-25.976858076201324,-19.299999999999955,6.67685807620137,6.67685807620137,0.0,40.74409386111506,34.06723578491369
549,2023,M,4,-251.40271425540845,-248.60000000000014,2.8027142554083184,2.8027142554083184,0.0,40.93961282443297,38.13689856902465
552,2023,M,4,-9.279750995624681,-2.2000000000000455,7.079750995624636,7.079750995624636,0.0,41.39239358159034,34.312642585965705
553,2023,M,2,71.89508684185239,82.4340693053307,10.538982463478305,10.538982463478305,0.0,42.219747510578145,31.68076504709984
554,2023,M,3,81.263512642038,90.20000000000005,8.93648735796205,8.93648735796205,0.0,43.0326947791109,34.09620742114885
575,2024,F,3,110.60305273132985,144.20000000000005,33.59694726867019,33.59694726867019,0.0,39.760659526270274,6.163712257600082
563,2023,M,3,250.53058665369508,263.3000000000002,12.7694133463051,12.7694133463051,0.0,48.16764018414597,35.398226837840866
565,2023,M,4,364.09327810333616,378.9000000000001,14.80672189666393,14.80672189666393,0.0,48.558678110781784,33.751956214117854
566,2023,M,2,414.9455975758983,432.7482026491673,17.80260507326898,17.80260507326898,0.0,49.6762233432205,31.87361826995152
567,2023,F,2,21.680856413937818,38.23000000000002,16.5491435860622,16.5491435860622,0.0,25.338794305654574,8.789650719592373
568,2023,F,3,32.168889623600535,55.600000000000136,23.4311103763996,23.4311103763996,0.0,25.34742350954548,1.9163131331458771
569,2023,F,3,-20.270096427963608,3.300000000000182,23.57009642796379,23.57009642796379,0.0,25.575234492269146,2.0051380643053562
570,2023,F,4,71.73075968763101,95.80000000000018,24.069240312369175,24.069240312369175,0.0,25.98080707514805,1.9115667627788753
571,2023,F,2,6.154352500808955,11.900000000000091,5.745647499191136,5.745647499191136,0.0,26.023953094603257,20.27830559541212
572,2023,F,3,68.35095263643097,92.5,24.149047363569025,24.149047363569025,0.0,26.0722766363931,1.9232292728240736
573,2023,F,3,18.460842747569814,24.40000000000009,5.939157252430277,5.939157252430277,0.0,26.136132745186842,20.196975492756565
574,2023,F,3,47.36797913431292,71.60000000000014,24.23202086568722,24.23202086568722,0.0,26.19308549086759,1.96106462518037
575,2023,F,3,35.2749824511784,41.5,6.225017548821597,6.225017548821597,0.0,26.38810549880509,20.163087949983492
576,2023,F,2,-14.48990874610513,-5.800000000000182,8.689908746104948,8.689908746104948,0.0,26.665965864096734,17.976057117991786
577,2023,F,4,56.59492826819178,81.40000000000009,24.80507173180831,24.80507173180831,0.0,26.80058144479699,1.995509712988678
578,2023,F,2,6.450282938746568,31.200000000000045,24.749717061253477,24.749717061253477,0.0,26.81438817102253,2.0646711097690513
579,2023,F,2,43.7259789648258,61.430000000000064,17.704021035174264,17.704021035174264,0.0,26.91103525460221,9.207014219427947
580,2023,F,4,40.801722555421065,65.69999999999982,24.898277444578753,24.898277444578753,0.0,26.92484198082775,2.0265645362489977
581,2023,F,4,93.57527650501447,118.79999999999995,25.224723494985483,25.224723494985483,0.0,27.20097650534126,1.9762530103557765
582,2023,F,3,61.68673167672182,86.89999999999986,25.213268323278044,25.213268323278044,0.0,27.23549332090556,2.022224997627518
583,2023,F,2,108.01712733297677,133.39999999999986,25.382872667023094,25.382872667023094,0.0,27.351124653045417,1.9682519860223238
584,2023,F,2,70.64844281531236,96.09999999999991,25.451557184687545,25.451557184687545,0.0,27.48056271141104,2.0290055267234948
586,2023,F,4,86.08575707706336,111.70000000000005,25.614242922936683,25.614242922936683,0.0,27.63416254067147,2.019919617734786
587,2023,F,2,42.273594153112526,67.90000000000009,25.626405846887565,25.626405846887565,0.0,27.711825375690978,2.0854195288034134
588,2023,F,2,20.882441482005788,27.75999999999999,6.877558517994203,6.877558517994203,0.0,27.775681484484494,20.89812296649029
589,2023,F,2,79.93137428287878,87.59999999999991,7.668625717121131,7.668625717121131,0.0,27.777407325262857,20.108781608141726
590,2023,F,4,55.49353896806133,81.19999999999982,25.70646103193849,25.70646103193849,0.0,27.77913316604122,2.0726721341027314
591,2023,F,4,53.551269010674105,79.40000000000009,25.848730989325986,25.848730989325986,0.0,27.936184676858147,2.087453687532161
594,2023,F,2,79.53286256563752,105.60000000000014,26.06713743436262,26.06713743436262,0.0,28.134656366352147,2.0675189319895253
598,2023,F,2,99.97701895923137,108.05999999999995,8.082981040768573,8.082981040768573,0.0,28.391806642305028,20.308825601536455
599,2023,F,2,48.3648196338811,55.75999999999999,7.395180366118893,7.395180366118893,0.0,28.405613368530567,21.010433002411673
600,2023,F,2,98.42058389857698,124.79999999999995,26.379416101422976,26.379416101422976,0.0,28.445307706429503,2.0658916050065272
601,2023,F,2,33.220454881175556,40.460000000000036,7.239545118824481,7.239545118824481,0.0,28.604085058024566,21.364539939200085
603,2023,F,2,-9.837825147103786,16.59999999999991,26.437825147103695,26.437825147103695,0.0,28.66794116681831,2.2301160197146146
604,2023,F,2,2.33393304770766,9.180000000000064,6.846066952292404,6.846066952292404,0.0,28.688651256156845,21.84258430386444
606,2023,F,2,104.99477095936345,131.69999999999982,26.705229040636368,26.705229040636368,0.0,28.7887500212928,2.0835209806564308
607,2023,F,2,237.593819445985,247.6400000000001,10.046180554015109,10.046180554015109,0.0,28.899203831098475,18.853023277083366
612,2023,F,2,106.4576483314479,126.22000000000003,19.762351668552128,19.762351668552128,0.0,29.489441377245385,9.727089708693256
613,2023,F,3,73.87141596480251,101.20000000000005,27.328584035197537,27.328584035197537,0.0,29.51015146658392,2.1815674313863838
615,2023,F,3,28.891094741564075,56.200000000000045,27.30890525843597,27.30890525843597,0.0,29.55502332681749,2.24611806838152
616,2023,F,4,56.06502016170725,83.5,27.434979838292747,27.434979838292747,0.0,29.651670410396946,2.2166905721041985
617,2023,F,3,116.36561883806667,143.9000000000001,27.534381161933425,27.534381161933425,0.0,29.670654658957574,2.136273497024149
618,2023,F,2,-39.93636646656819,-34.0,5.936366466568188,5.936366466568188,0.0,29.8121736027706,23.87580713620241
620,2023,F,3,113.90780451867818,141.69999999999982,27.79219548132164,27.79219548132164,0.0,29.953692546583625,2.161497065261983
621,2023,F,4,117.47715874164078,145.4000000000001,27.922841258359313,27.922841258359313,0.0,30.090033968062016,2.1671927097027037
622,2023,F,3,-34.18559447309508,-28.100000000000136,6.085594473094943,6.085594473094943,0.0,30.13490582829536,24.049311355200416
623,2023,F,2,108.66004413791211,117.29999999999995,8.639955862087845,8.639955862087845,0.0,30.247085478878944,21.6071296167911
624,2023,F,3,146.04727527049272,174.20000000000005,28.152724729507327,28.152724729507327,0.0,30.29713486144692,2.144410131939594
625,2023,F,2,142.17165730575812,162.80000000000018,20.628342694242065,20.628342694242065,0.0,30.48525150627188,9.856908812029815
626,2023,F,3,135.9492001019969,164.29999999999995,28.35079989800306,28.35079989800306,0.0,30.526671684948724,2.175871786945663
627,2023,F,4,135.4145729776401,163.89999999999986,28.485427022359772,28.485427022359772,0.0,30.673368151096383,2.187941128736611
529,2023,M,4,-67.62396456426268,-62.399999999999864,5.223964564262815,5.223964564262815,0.0,36.56616232916258,31.342197764899765
630,2023,F,2,152.54344289223718,162.01,9.46655710776281,9.46655710776281,0.0,31.25325065257448,21.78669354481167
632,2023,F,4,-20.396468184800142,8.5,28.896468184800142,28.896468184800142,0.0,31.348171895376026,2.4517037105758845
634,2023,F,2,100.03640140423863,108.86999999999989,8.83359859576126,8.83359859576126,0.0,31.548369425647934,22.714770829886675
635,2023,F,3,-66.06248840104217,-36.90000000000009,29.162488401042083,29.162488401042083,0.0,31.703695095686726,2.541206694644643
636,2023,F,2,101.59976988277663,122.78999999999996,21.190230117223336,21.190230117223336,0.0,31.739937752029164,10.549707634805827
638,2023,F,3,96.79977787744019,126.90000000000009,30.1002221225599,30.1002221225599,0.0,32.480323445880686,2.380101323320787
639,2023,F,2,61.1208368289017,91.29999999999995,30.179163171098253,30.179163171098253,0.0,32.61839070813721,2.43922753703896
642,2023,F,3,125.8936996976795,156.5,30.606300302320506,30.606300302320506,0.0,32.98599479389554,2.3796944915750373
643,2023,F,4,100.02850272544947,130.69999999999982,30.671497274550347,30.671497274550347,0.0,33.09472276292263,2.4232254883722817
644,2023,F,2,172.70417391543515,182.8900000000001,10.185826084564951,10.185826084564951,0.0,33.14477214549083,22.958946060925882
645,2023,F,2,71.92538897518466,80.76999999999998,8.844611024815322,8.844611024815322,0.0,33.17928896105491,24.334677936239586
646,2023,F,4,166.5346855045484,197.39999999999986,30.865314495451457,30.865314495451457,0.0,33.206902413506214,2.3415879180547563
647,2023,F,4,227.9461941931295,259.0,31.053805806870514,31.053805806870514,0.0,33.320807904867934,2.2670020979974197
648,2023,F,3,41.84794934096999,72.70000000000005,30.852050659030056,30.852050659030056,0.0,33.376034809770545,2.523984150740489
649,2023,F,2,131.16014536820626,153.80999999999995,22.649854631793687,22.649854631793687,0.0,33.71084792074316,11.060993288949476
650,2023,F,2,183.64979489950179,206.64999999999986,23.00020510049808,23.00020510049808,0.0,33.75054225864187,10.750337158143793
652,2023,F,4,139.12221522041932,170.60000000000014,31.477784779580816,31.477784779580816,0.0,33.9110454510153,2.433260671434482
655,2023,F,3,40.23610648237536,72.0,31.763893517624638,31.763893517624638,0.0,34.36666741646218,2.6027738988375404
658,2023,F,3,-30.104379405657028,2.3999999999998636,32.50437940565689,32.50437940565689,0.0,35.27273382502153,2.768354419364641
661,2023,F,3,5.371931178427985,39.70000000000027,34.32806882157229,34.32806882157229,0.0,37.197046292723826,2.8689774711515383
665,2023,F,2,-98.39610978076053,-88.5,9.896109780760526,9.896109780760526,0.0,51.70791555589949,41.811805775138964
666,2023,M,3,-6.9330740450379835,8.373942723239452,15.307016768277435,15.307016768277435,0.0,40.27754639012437,24.970529621846936
667,2023,M,4,36.14728856317447,53.200000000000045,17.052711436825575,17.052711436825575,0.0,19.665978594690387,2.6132671578648115
668,2023,M,4,3.076419025174573,20.100000000000136,17.023580974825563,17.023580974825563,0.0,19.696426942053222,2.6728459672276585
669,2023,M,5,-50.80652448176306,-12.296433998179964,38.5100904835831,38.5100904835831,0.0,41.20184770209721,2.6917572185141125
670,2023,M,4,44.42817287302046,61.600000000000136,17.17182712697968,17.17182712697968,0.0,19.787771984141727,2.6159448571620487
671,2023,M,3,9.958651271001827,27.299999999999955,17.341348728998128,17.341348728998128,0.0,20.050845705356323,2.7094969763581958
672,2023,M,3,5.612268125752735,23.0,17.387731874247265,17.387731874247265,0.0,20.11296033397639,2.7252284597291236
673,2023,M,4,45.06089827538335,62.59999999999991,17.539101724616557,17.539101724616557,0.0,20.211612979431948,2.67251125481539
674,2023,M,4,27.06160621720096,44.59999999999991,17.53839378279895,17.53839378279895,0.0,20.245715128478196,2.7073213456792473
675,2023,M,4,15.974929867633364,33.5,17.525070132366636,17.525070132366636,0.0,20.251804797950626,2.72673466558399
676,2023,M,4,38.285963770739045,55.90000000000009,17.614036229261046,17.614036229261046,0.0,20.3114835587819,2.6974473295208554
677,2023,M,4,43.251359281616715,61.0,17.748640718383285,17.748640718383285,0.0,20.457635626123192,2.708994907739907
678,2023,M,2,-6.838423358026148,4.6099999999999,11.448423358026048,11.448423358026048,0.0,20.570903478312857,9.12248012028681
680,2023,M,4,-5.953471649742369,11.900000000000091,17.85347164974246,17.85347164974246,0.0,20.67442785934668,2.820956209604219
681,2023,M,3,37.866811036444915,56.0,18.133188963555085,18.133188963555085,0.0,20.91314290267087,2.779953939115785
682,2023,M,2,88.45342762607493,100.61999999999989,12.166572373924964,12.166572373924964,0.0,20.927758109405204,8.76118573548024
683,2023,M,3,54.226757686387145,72.39999999999986,18.173242313612718,18.173242313612718,0.0,20.927758109405204,2.7545157957924857
684,2023,M,3,-4.510556505847262,13.600000000000136,18.1105565058474,18.1105565058474,0.0,20.969167861818505,2.8586113559711066
685,2023,M,4,44.18781268950761,62.399999999999864,18.212187310492254,18.212187310492254,0.0,20.992308605814287,2.780121295322033
686,2023,M,2,57.355215893421246,75.59999999999991,18.244784106578663,18.244784106578663,0.0,21.004487944759376,2.7597038381807124
687,2023,M,3,-17.42573777435905,0.7000000000000455,18.125737774359095,18.125737774359095,0.0,21.01179554812643,2.886057773767334
688,2023,M,3,15.305711880098897,33.5,18.194288119901103,18.194288119901103,0.0,21.02762868875493,2.833340568853828
689,2023,M,4,94.73992843172118,113.09999999999991,18.360071568278727,18.360071568278727,0.0,21.065384639485046,2.7053130712063194
690,2023,M,2,81.64819458476723,100.0,18.351805415232775,18.351805415232775,0.0,21.081217780113775,2.729412364881
691,2023,M,4,17.213065652460273,35.5,18.286934347539727,18.286934347539727,0.0,21.131153069788525,2.8442187222487973
692,2023,M,3,-47.188444793817325,-29.0,18.188444793817325,18.188444793817325,0.0,21.142114474839218,2.9536696810218928
693,2023,M,3,82.78105049361102,101.19999999999982,18.4189495063888,18.4189495063888,0.0,21.15672968157355,2.737780175184753
694,2023,M,2,-34.12294762568217,-15.800000000000182,18.32294762568199,18.32294762568199,0.0,21.272433401552007,2.9494857758700164
695,2023,M,4,38.95454763147086,57.399999999999864,18.445452368529004,18.445452368529004,0.0,21.272433401552007,2.826981033023003
696,2023,M,3,-20.56566904578858,-2.2000000000000455,18.365669045788536,18.365669045788536,0.0,21.29557414554779,2.929905099759253
697,2023,M,2,-17.548599837121174,0.900000000000091,18.448599837121264,18.448599837121264,0.0,21.385701253741672,2.9371014166204077
699,2023,M,3,76.60726853389156,95.29999999999995,18.6927314661084,18.6927314661084,0.0,21.485571833091853,2.792840366983455
701,2023,M,4,0.26579054789658585,18.90000000000009,18.634209452103505,18.634209452103505,0.0,21.56595547012944,2.931746018025933
702,2023,M,3,16.604725644070413,35.30000000000018,18.69527435592977,18.69527435592977,0.0,21.60492935475395,2.9096549988241804
704,2023,M,4,34.17211921873559,52.90000000000009,18.727880781264503,18.727880781264503,0.0,21.608583156437362,2.8807023751728593
705,2023,M,4,18.591923320752585,37.299999999999955,18.70807667924737,18.70807667924737,0.0,21.615890759804643,2.907814080557273
706,2023,M,4,51.10479728923087,69.90000000000009,18.795202710769217,18.795202710769217,0.0,21.653646710534304,2.858443999765086
707,2023,M,4,77.62771263007289,96.5,18.872287369927108,18.872287369927108,0.0,21.69140266126442,2.8191152913373116
708,2023,M,4,-65.35049310353065,-46.700000000000045,18.650493103530607,18.650493103530607,0.0,21.712107537470956,3.061614433940349
709,2023,M,3,80.07099984049955,99.0,18.929000159500447,18.929000159500447,0.0,21.752299355989862,2.8232991964894154
710,2023,M,2,-3.769497911285498,-6.7000000000000455,-2.9305020887145474,-2.9305020887145474,0.0,21.765696628829573,24.69619871754412
711,2023,M,3,28.43546086758306,47.299999999999955,18.864539132416894,18.864539132416894,0.0,21.777875967774662,2.913336835357768
712,2023,M,3,29.719627726954513,48.600000000000136,18.880372273045623,18.880372273045623,0.0,21.79370910840339,2.913336835357768
714,2023,M,3,82.97893729112661,95.6400000000001,12.661062708873487,12.661062708873487,0.0,21.86678514207415,9.205722433200663
715,2023,M,4,69.68740983502744,88.79999999999995,19.112590164972517,19.112590164972517,0.0,21.98492472984185,2.872334564869334
717,2023,M,4,99.08769531536768,118.60000000000014,19.512304684632454,19.512304684632454,0.0,22.390496716714324,2.87819203208187
718,2023,M,2,-28.237618141489747,-35.87999999999988,-7.642381858510134,-7.642381858510134,0.0,22.461136882596065,30.1035187411062
720,2023,M,4,-25.01370835628427,-5.600000000000136,19.413708356284133,19.413708356284133,0.0,22.517161841743473,3.1034534854593403
721,2023,M,3,58.86166720479332,56.69999999999982,-2.1616672047935026,-2.1616672047935026,0.0,22.563443329735037,24.72511053452854
722,2023,M,2,45.62262860921123,65.19999999999982,19.577371390788585,19.577371390788585,0.0,22.569532999207695,2.99216160841911
723,2023,M,3,61.047311245913306,80.70000000000005,19.65268875408674,19.65268875408674,0.0,22.626775892249725,2.974087138162986
724,2023,M,2,97.89394070057801,111.09999999999991,13.206059299421895,13.206059299421895,0.0,22.697416058131466,9.491356758709571
725,2023,M,2,-110.60267579965853,-98.5,12.102675799658527,12.102675799658527,0.0,22.754658951173496,10.651983151514969
726,2023,M,3,0.6380837370968493,20.299999999999955,19.661916262903105,19.661916262903105,0.0,22.754658951173496,3.0927426882703912
727,2023,M,3,82.69106173650721,102.5,19.80893826349279,19.80893826349279,0.0,22.76562035622419,2.9566820927313984
728,2023,M,3,28.973745331556756,48.700000000000045,19.72625466844329,19.72625466844329,0.0,22.77414589348564,3.047891225042349
730,2023,M,3,61.97317558674308,81.79999999999995,19.826824413256873,19.826824413256873,0.0,22.826517050949633,2.9996926376927604
731,2023,M,3,72.80870834198936,92.69999999999982,19.89129165801046,19.89129165801046,0.0,22.88010614230825,2.988814484297791
732,2023,M,3,98.66431250692744,118.60000000000014,19.93568749307269,19.93568749307269,0.0,22.881324076202873,2.945636583130181
733,2023,M,3,60.00079912791466,73.11000000000013,13.109200872085466,13.109200872085466,0.0,22.89350341514796,9.784302543062495
734,2023,M,4,78.18183904955026,98.20000000000005,20.018160950449783,20.018160950449783,0.0,23.016514738493697,2.9983537880439144
735,2023,M,2,141.79087256353796,136.71000000000004,-5.080872563537923,-5.080872563537923,0.0,23.102988045004167,28.18386060854209
736,2023,M,3,-28.74261288808566,-32.200000000000045,-3.457387111914386,-3.457387111914386,0.0,23.113949450054633,26.57133656196902
737,2023,M,4,51.113590598231895,71.29999999999995,20.18640940176806,20.18640940176806,0.0,23.263755319079564,3.0773459173115043
738,2023,M,2,38.00385271445248,51.19999999999982,13.19614728554734,13.19614728554734,0.0,23.263755319079564,10.067608033532224
739,2023,M,2,77.57544953327852,91.0,13.424550466721485,13.424550466721485,0.0,23.286896063075346,9.862345596353862
740,2023,M,4,50.904497874840445,71.20000000000005,20.2955021251596,20.2955021251596,0.0,23.39042044410894,3.0949183189493397
741,2023,M,2,-77.78818459703598,-57.700000000000045,20.088184597035934,20.088184597035934,0.0,23.40016391526501,3.3119793182290778
742,2023,M,3,-147.4403738256808,-152.5999999999999,-5.159626174319101,-5.159626174319101,0.0,23.456188874412646,28.615815048731747
743,2023,M,4,48.005204420847576,68.5,20.494795579152424,20.494795579152424,0.0,23.62669961964434,3.131904040491918
744,2023,M,2,104.70960453592625,110.09999999999991,5.390395464073663,5.390395464073663,0.0,23.799646232665054,18.40925076859139
745,2023,M,3,169.7189188306004,183.99,14.271081169399622,14.271081169399622,0.0,23.90438854759327,9.63330737819365
746,2023,M,3,-50.990874135765125,-30.40000000000009,20.590874135765034,20.590874135765034,0.0,23.92996515937807,3.3390910236130367
748,2023,M,3,112.22502045380998,133.20000000000005,20.97497954619007,20.97497954619007,0.0,24.057848218301842,3.082868672111772
750,2023,M,3,243.67204442206776,264.9000000000001,21.227955577932335,21.227955577932335,0.0,24.095604169031503,2.8676485910991687
751,2023,M,3,160.71111742931657,181.80000000000018,21.08888257068361,21.08888257068361,0.0,24.095604169031503,3.0067215983478945
752,2023,M,4,108.6762478812243,129.70000000000005,21.023752118775747,21.023752118775747,0.0,24.121180780816303,3.0974286620405564
753,2023,M,2,-42.80349124018949,-22.0,20.803491240189487,20.803491240189487,0.0,24.160154665440587,3.3566634252510994
754,2023,M,4,99.79537265771091,120.89999999999986,21.10462734228895,21.10462734228895,0.0,24.23201276521695,3.1273854229280005
755,2023,M,2,79.57772806799721,100.79999999999995,21.22227193200274,21.22227193200274,0.0,24.40739524602668,3.18512331402394
756,2023,M,3,29.973538798070194,51.200000000000045,21.22646120192985,21.22646120192985,0.0,24.508483759271257,3.2820225573414064
757,2023,M,3,88.92945643967687,110.29999999999995,21.370543560323085,21.370543560323085,0.0,24.560854916735252,3.190311356412167
758,2023,M,3,78.89681490892781,100.29999999999995,21.403185091072146,21.403185091072146,0.0,24.61809780977751,3.2149127187053637
760,2023,M,4,97.33856675429706,118.90000000000009,21.56143324570303,21.56143324570303,0.0,24.765467811013423,3.204034565310394
762,2023,M,4,101.02189656118026,122.70000000000005,21.67810343881979,21.67810343881979,0.0,24.893350869937194,3.2152474311174046
763,2023,M,2,38.32072055585718,60.0,21.67927944414282,21.67927944414282,0.0,25.01636219328293,3.3370827491401087
764,2023,M,4,55.55502547650349,77.40000000000009,21.844974523496603,21.844974523496603,0.0,25.174693599569537,3.3297190760729336
765,2023,M,2,166.30627224728255,181.29999999999973,14.993727752717177,14.993727752717177,0.0,25.231936492611567,10.23820873989439
767,2023,M,2,68.55643740564415,90.60000000000014,22.04356259435599,22.04356259435599,0.0,25.379306493847707,3.3357438994917175
769,2023,M,3,146.8052969273931,169.0999999999999,22.294703072606808,22.294703072606808,0.0,25.518150957821945,3.223447885215137
770,2023,M,2,265.26426930129605,261.4000000000001,-3.8642693012959626,-3.8642693012959626,0.0,25.581483520336405,29.445752821632368
771,2023,M,3,44.279300669801614,66.5,22.220699330198386,22.220699330198386,0.0,25.631418810011837,3.4107194798134515
772,2023,M,3,164.34855497861713,186.80000000000018,22.45144502138305,22.45144502138305,0.0,25.665520959058085,3.214075937675034
775,2023,M,2,-13.386091119518369,8.900000000000091,22.28609111951846,22.28609111951846,0.0,25.81898062976643,3.532889510247969
778,2023,M,3,143.9974870224719,166.70000000000005,22.70251297752816,22.70251297752816,0.0,25.995581044470782,3.2930680669426238
781,2023,M,4,93.08706876171618,115.79999999999995,22.712931238283772,22.712931238283772,0.0,26.10641302887143,3.393481790587657
782,2023,M,2,184.80886962454179,179.26647113757008,-5.542398486971706,-5.542398486971706,0.0,26.244039558951044,31.78643804592275
784,2023,M,2,289.30787270119026,285.57000000000016,-3.737872701190099,-3.737872701190099,0.0,26.40967856860516,30.147551269795258
786,2023,M,3,123.85976962725636,146.89999999999986,23.04023037274351,23.04023037274351,0.0,26.425511709233433,3.385281336489925
787,2023,M,2,281.8351488429796,277.8599999999999,-3.9751488429797064,-3.9751488429797064,0.0,26.771404935275314,30.74655377825502
790,2023,M,4,-44.212038286459574,-21.0,23.212038286459574,23.212038286459574,0.0,26.950441217768457,3.738402931308883
792,2023,M,3,88.8093340903165,112.79999999999973,23.99066590968323,23.99066590968323,0.0,27.593510314070954,3.6028444043877244
794,2023,M,3,267.93544478900594,292.5,24.564555210994058,24.564555210994058,0.0,27.910173126644167,3.3456179156501094
795,2023,M,2,-67.27406865644298,-42.79999999999973,24.47406865644325,24.47406865644325,0.0,28.4558075113855,3.9817388549422503
796,2023,M,3,82.87422760961908,107.59999999999991,24.725772390380826,24.725772390380826,0.0,28.4558075113855,3.7300351210046756
801,2023,M,4,20.567268107992277,45.80000000000018,25.232731892007905,25.232731892007905,0.0,29.16342710409708,3.9306952120891765
802,2023,M,4,298.6737264613589,324.5,25.82627353864109,25.82627353864109,0.0,29.310797105333222,3.4845235666921326
804,2023,M,2,308.92918757886036,303.7399999999998,-5.189187578860583,-5.189187578860583,0.0,31.946406053058126,37.13559363191871
806,2023,M,2,341.7823284977876,351.4000000000001,9.617671502212488,9.617671502212488,0.0,33.884138879227066,24.26646737701458
809,2023,F,4,16.47591284566397,29.180000000000064,12.704087154336094,12.704087154336094,0.0,12.978204076639031,0.2741169223029374
810,2023,F,4,-39.380337039442566,-26.25,13.130337039442566,13.130337039442566,0.0,13.424521276847145,0.2941842374045791
831,2023,F,4,108.80281550200925,123.99000000000001,15.187184497990756,15.187184497990756,0.0,15.497708428401893,0.31052393041113646
825,2023,F,4,32.333779361529196,46.430000000000064,14.096220638470868,14.096220638470868,0.0,14.397667799653618,0.3014471611827503
833,2023,F,3,0.9779271270688241,13.200000000000045,12.222072872931221,12.222072872931221,0.0,15.027762670535822,2.8056897976046002
819,2023,F,4,39.63825496564118,53.210000000000036,13.571745034358855,13.571745034358855,0.0,13.860336895873843,0.2885918615149876
817,2023,F,4,-23.93776541552961,-10.389999999999873,13.547765415529739,13.547765415529739,0.0,13.848085051162116,0.30031963563237696
829,2023,F,5,20.11612673946115,34.61000000000013,14.493873260538976,14.493873260538976,0.0,14.806354333961963,0.3124810734229868
821,2023,F,4,-46.10501673697422,-34.700000000000045,11.405016736974176,11.405016736974176,0.0,14.118500766582429,2.713484029608253
807,2023,F,4,20.880097615543264,33.430000000000064,12.5499023844568,12.5499023844568,0.0,12.819805227153438,0.2699028426966379
813,2023,F,4,-59.173006070539486,-45.840000000000146,13.33300607053934,13.33300607053934,0.0,13.63542803223936,0.3024219617000199
823,2023,F,4,50.0825763040541,64.00999999999999,13.92742369594589,13.92742369594589,0.0,14.221766314865818,0.2943426189199272
811,2023,F,4,-18.90676736209639,-5.769999999999982,13.136767362096407,13.136767362096407,0.0,13.427146672142499,0.29037931004609163
815,2023,F,2,-1.4360631492286302,12.049999999999955,13.486063149228585,13.486063149228585,0.0,13.780699905248412,0.29463675601982686
866,2023,M,4,17.775537841397863,34.679999999999836,16.904462158601973,16.904462158601973,0.0,17.277246785152556,0.3727846265505832
867,2023,M,5,87.88669115881248,104.94000000000005,17.053308841187572,17.053308841187572,0.0,17.41315028170493,0.3598414405173571
890,2023,M,4,0.6485240791969318,18.950000000000045,18.301475920803114,18.301475920803114,0.0,18.709381358667315,0.4079054378642013
913,2023,M,2,143.25812581194123,162.73000000000002,19.47187418805879,19.47187418805879,0.0,19.872797654908254,0.4009234668494628
885,2023,M,5,107.4099452594769,125.22000000000003,17.810054740523128,17.810054740523128,0.0,18.182240523556175,0.3721857830330464
906,2023,M,3,44.500948714088054,63.75,19.249051285911946,19.249051285911946,0.0,19.667912838136772,0.4188615522248256
843,2023,F,4,53.817017313991755,68.78999999999996,14.972982686008208,14.972982686008208,0.0,15.289427068304803,0.316444382296595
897,2023,M,2,-44.06539647260183,-30.99000000000001,13.075396472601824,13.075396472601824,0.0,18.915295747382515,5.8398992747806915
835,2023,F,4,-76.48024675243028,-61.680000000000064,14.800246752430212,14.800246752430212,0.0,15.138029272940003,0.33778252050979063
922,2023,M,4,11.578226409974604,31.12999999999988,19.551773590025277,19.551773590025277,0.0,19.985020996758294,0.43324740673301676
841,2023,F,4,-50.72130285203366,-35.809999999999945,14.911302852033714,14.911302852033714,0.0,15.2465456118141,0.3352427597803853
934,2023,M,4,148.23071727215483,169.29999999999973,21.069282727844893,21.069282727844893,0.0,21.504669185476814,0.4353864576319211
903,2023,M,3,184.14034584299816,198.3599999999999,14.219654157001742,14.219654157001742,0.0,19.528920625753926,5.309266468752185
847,2023,F,3,-35.114738570019654,-19.410000000000082,15.704738570019572,15.704738570019572,0.0,16.054292231014188,0.3495536609946157
911,2023,M,3,48.46696710676201,67.86999999999989,19.403032893237878,19.403032893237878,0.0,19.824407773560324,0.4213748803224462
872,2023,M,2,11.340254271116692,28.49000000000001,17.149745728883317,17.149745728883317,0.0,17.529491911328932,0.379746182445615
874,2023,M,3,-75.21233588816426,-58.049999999999955,17.162335888164307,17.162335888164307,0.0,17.562438213523365,0.40010232535905743
849,2023,F,3,94.65186776965038,110.65000000000009,15.99813223034971,15.99813223034971,0.0,16.329083605260166,0.33095137491045534
930,2023,M,3,191.36335561156943,206.54999999999995,15.186644388430523,15.186644388430523,0.0,20.880748587669586,5.694104199239064
870,2023,M,4,49.34177459170087,66.48000000000002,17.13822540829915,17.13822540829915,0.0,17.5089004724573,0.3706750641581493
932,2023,M,3,46.52384282613889,67.2800000000002,20.75615717386131,20.75615717386131,0.0,21.208152465726698,0.4519952918653871
839,2023,F,4,-49.99350421828353,-35.16000000000008,14.833504218283451,14.833504218283451,0.0,15.166908621188668,0.33340440290521656
907,2023,M,2,77.30892490249084,88.0,10.691075097509156,10.691075097509156,0.0,19.71836186337191,9.027286765862755
899,2023,M,3,66.7908840323912,85.48000000000002,18.689115967608814,18.689115967608814,0.0,19.090322977790493,0.4012070101816789
924,2023,M,4,29.77096728192737,49.76999999999998,19.999032718072613,19.999032718072613,0.0,20.438032651931735,0.4389999338591224
893,2023,M,3,26.990401647409726,45.460000000000036,18.46959835259031,18.46959835259031,0.0,18.875142441582966,0.4055440889926558
868,2023,M,3,23.80202469002097,40.87000000000012,17.067975309979147,17.067975309979147,0.0,17.443007868068435,0.3750325580892877
895,2023,M,4,23.020152986323183,41.50999999999999,18.48984701367681,18.48984701367681,0.0,18.89676345239809,0.40691643872128225
861,2023,F,3,73.48457921421732,92.09000000000015,18.605420785782826,18.605420785782826,0.0,18.99736035709202,0.39193957130919443
891,2023,M,4,68.6484268532688,87.05999999999995,18.411573146731143,18.411573146731143,0.0,18.806161121363402,0.3945879746322589
859,2023,F,3,-1.9366380258225036,16.639999999999873,18.576638025822376,18.576638025822376,0.0,18.982483117085394,0.4058450912630178
936,2023,M,2,23.766215859322983,35.19999999999982,11.433784140676835,11.433784140676835,0.0,21.647779685633395,10.21399554495656
916,2023,M,2,54.28436617290845,73.86999999999989,19.585633827091442,19.585633827091442,0.0,20.009730723404118,0.4240968963126761
926,2023,M,4,11.498380178934667,31.88000000000011,20.381619821065442,20.381619821065442,0.0,20.833388278265147,0.45176845719970515
918,2023,M,4,137.8333958229298,157.44000000000005,19.606604177070267,19.606604177070267,0.0,20.0117898672911,0.40518569022083284
909,2023,M,5,101.98122401189084,121.34000000000015,19.3587759881093,19.3587759881093,0.0,19.76675174471984,0.40797575661054
853,2023,F,3,178.77017586100828,195.33999999999992,16.569824138991635,16.569824138991635,0.0,16.89704412081892,0.32721998182728385
882,2023,M,5,36.67008404261196,54.309999999999945,17.639915957387984,17.639915957387984,0.0,18.024716016188904,0.38480005880091994
845,2023,F,4,14.2937884427688,27.299999999999955,13.006211557231154,13.006211557231154,0.0,15.96502879097261,2.958817233741456
878,2023,M,3,-54.70394611203983,-37.25999999999999,17.44394611203984,17.44394611203984,0.0,17.845570498006737,0.40162438596689753
888,2023,M,3,36.805215632434056,49.73000000000002,12.924784367565962,12.924784367565962,0.0,18.336676315092518,5.411891947526556
886,2023,M,4,38.88557440543582,56.81000000000017,17.924425594564354,17.924425594564354,0.0,18.31505530427762,0.3906297097132665
855,2023,F,4,176.22326879648722,193.19000000000005,16.966731203512836,16.966731203512836,0.0,17.30310525983191,0.33637405631907313
880,2023,M,4,-44.3246426445005,-26.830000000000155,17.494642644500345,17.494642644500345,0.0,17.894989951298385,0.4003473067980394
851,2023,F,3,16.306759770584904,32.77999999999997,16.47324022941507,16.47324022941507,0.0,16.829658974904987,0.35641874548991836
876,2023,M,4,-42.09264738187994,-24.809999999999945,17.282647381879997,17.282647381879997,0.0,17.677750271203877,0.39510288932387994
970,2023,F,2,-68.71714182203232,-62.299999999999955,6.417141822032363,6.417141822032363,0.0,14.718751928291795,8.301610106259432
962,2023,M,4,177.29800056634986,203.9100000000003,26.611999433650453,26.611999433650453,0.0,27.16422615931515,0.5522267256646956
964,2023,M,4,139.83863871557378,167.12999999999965,27.291361284425875,27.291361284425875,0.0,27.86742379677753,0.5760625123516547
958,2023,M,2,115.26291630018204,128.29999999999973,13.037083699817686,13.037083699817686,0.0,23.84591578516938,10.808832085351696
948,2023,M,4,150.85415458003695,172.90999999999985,22.055845419962907,22.055845419962907,0.0,22.51262011823792,0.45677469827501227
968,2023,M,3,393.94836510318737,427.4699999999998,33.52163489681243,33.52163489681243,0.0,34.177670238956125,0.6560353421436957
954,2023,M,3,139.14518431907572,159.0999999999999,19.954815680924185,19.954815680924185,0.0,23.506157043789244,3.5513413628650596
946,2023,M,4,107.98509085349042,129.8599999999999,21.87490914650948,21.87490914650948,0.0,22.337592887829942,0.4626837413204612
960,2023,M,2,72.08478384338468,79.70000000000027,7.615216156615588,7.615216156615588,0.0,24.8888721640119,17.273656007396312
992,2023,F,3,-27.757103354653054,-17.700000000000045,10.057103354653009,10.057103354653009,0.0,12.046103759709467,1.9890004050564585
990,2023,F,4,25.920807255512955,35.799999999999955,9.879192744487,9.879192744487,0.0,11.746821678722881,1.8676289342358814
994,2023,F,3,28.359726212987425,38.5,10.140273787012575,10.140273787012575,0.0,12.05441715084794,1.9141433638353647
996,2023,F,4,13.916638568910457,24.09999999999991,10.183361431089452,10.183361431089452,0.0,12.129237671094643,1.945876240005191
940,2023,M,5,63.5974177226949,84.86000000000013,21.262582277305228,21.262582277305228,0.0,21.721908865571095,0.45932658826586703
938,2023,M,3,27.044680574023005,42.289999999999964,15.245319425976959,15.245319425976959,0.0,21.702346998643407,6.457027572666448
950,2023,M,3,38.50910186577357,57.59999999999991,19.090898134226336,19.090898134226336,0.0,22.67735162921008,3.5864534949837434
944,2023,M,4,68.85069205815125,90.19000000000028,21.33930794184903,21.33930794184903,0.0,21.79912676133972,0.4598188194906925
952,2023,M,4,178.66868044814078,201.31999999999994,22.65131955185916,22.65131955185916,0.0,23.114919705229568,0.4636001533704075
966,2023,M,4,406.846044204412,434.2000000000003,27.353955795588263,27.353955795588263,0.0,27.869482940664966,0.5155271450767032
976,2023,F,2,240.5352706156532,248.5,7.9647293843468105,7.9647293843468105,0.0,14.943420051167095,6.978690666820285
984,2023,M,2,32.3520754333249,49.5,17.1479245666751,17.1479245666751,0.0,25.468600822659937,8.320676255984836
982,2023,M,2,11.947957087485747,27.09999999999991,15.152042912514162,15.152042912514162,0.0,22.60323522568956,7.451192313175397
978,2023,F,2,91.41959077989395,99.20000000000005,7.780409220106094,7.780409220106094,0.0,16.062489408454667,8.282080188348573
1034,2023,F,4,-76.08096595657503,-63.15000000000009,12.930965956574937,12.930965956574937,0.0,13.243232083655585,0.3122661270806475
1072,2023,F,4,-44.39393618712438,-30.75,13.643936187124382,13.643936187124382,0.0,13.96649711270652,0.3225609255821382
1010,2023,F,3,-84.17558226630968,-71.88000000000011,12.295582266309566,12.295582266309566,0.0,12.59478757485158,0.2992053085420139
1066,2023,F,4,-118.53929963248083,-105.07999999999993,13.459299632480906,13.459299632480906,0.0,13.791915898797697,0.33261626631679064
1044,2023,F,4,-47.01396404383195,-33.98000000000002,13.03396404383193,13.03396404383193,0.0,13.342992777317932,0.30902873348600224
1026,2023,F,2,-2.5572174709727733,-2.2000000000000455,0.3572174709727278,0.3572174709727278,0.0,13.110217825439577,12.753000354466849
1029,2023,F,3,39.13245539807508,50.200000000000045,11.067544601924965,11.067544601924965,0.0,13.143471389993692,2.0759267880687275
1049,2023,F,2,-23.105963560768487,-11.900000000000091,11.205963560768396,11.205963560768396,0.0,13.409499906426163,2.203536345657767
1078,2023,F,2,-4.10159704054081,2.0,6.10159704054081,6.10159704054081,0.0,14.149391717754042,8.047794677213233
1058,2023,F,2,-63.845709653447784,-52.5,11.345709653447784,11.345709653447784,0.0,13.642274858304518,2.2965652048567335
1014,2023,F,3,-86.68319059758846,-76.09999999999991,10.583190597588555,10.583190597588555,0.0,12.769368788760403,2.186178191171848
1100,2023,F,3,17.291702854892037,29.5,12.208297145107963,12.208297145107963,0.0,14.540121101264276,2.331823956156313
1084,2023,F,2,-12.91401125117909,-0.900000000000091,12.014011251179,12.014011251179,0.0,14.357226496216754,2.3432152450377544
1098,2023,F,2,76.35387647094399,83.0,6.646123529056013,6.646123529056013,0.0,14.523494318987105,7.877370789931092
1022,2023,F,5,20.232289152204658,31.09999999999991,10.867710847795252,10.867710847795252,0.0,12.935636611530526,2.067925763735275
1038,2023,F,2,-609.7266547579757,-615.3000000000002,-5.573345242024516,-5.573345242024516,0.0,13.301425821625344,18.87477106364986
1062,2023,F,3,25.449431451899727,37.0,11.550568548100273,11.550568548100273,0.0,13.742035551966865,2.1914670038665918
1024,2023,F,4,-25.052517856471695,-14.099999999999909,10.952517856471786,10.952517856471786,0.0,13.110217825439577,2.1576999689677905
1050,2023,F,3,6.2844584643714825,17.59999999999991,11.315541535628427,11.315541535628427,0.0,13.492633817811338,2.1770922821829117
1032,2023,F,4,50.9676167415912,62.09999999999991,11.132383258408709,11.132383258408709,0.0,13.201665127963224,2.0692818695545157
1094,2023,F,3,-3.431389146832771,8.700000000000045,12.131389146832817,12.131389146832817,0.0,14.481927363294517,2.3505382164617004
1020,2023,F,2,-17.06133420760193,-6.2999999999999545,10.761334207601976,10.761334207601976,0.0,12.869129482422522,2.107795274820546
1074,2023,F,4,-40.890384758404025,-29.200000000000045,11.69038475840398,11.69038475840398,0.0,14.01637745953758,2.3259927011336003
1082,2023,F,2,37.71810609195336,44.09999999999991,6.38189390804655,6.38189390804655,0.0,14.332286322801338,7.950392414754788
1016,2023,F,3,-158.8270234693564,-148.29999999999995,10.527023469356436,10.527023469356436,0.0,12.819249135591463,2.2922256662350264
1104,2023,F,2,20.5409891034019,32.90000000000009,12.359010896598193,12.359010896598193,0.0,14.7147023151731,2.3556914185749065
998,2023,F,2,3.0175055517015608,13.200000000000045,10.182494448298485,10.182494448298485,0.0,12.145864453371587,1.9633700050731022
1060,2023,F,4,75.81587014520755,87.40000000000009,11.584129854792536,11.584129854792536,0.0,13.70046859627405,2.1163387414815134
1042,2023,F,3,-66.07098526144773,-55.0,11.070985261447731,11.070985261447731,0.0,13.318052603902515,2.247067342454784
1090,2023,F,2,12.79703448258465,19.09999999999991,6.3029655174152595,6.3029655174152595,0.0,14.423733625324985,8.120768107909726
1080,2023,F,3,-2.481876149411846,9.400000000000091,11.881876149411937,11.881876149411937,0.0,14.182645282308158,2.300769132896221
1054,2023,F,3,-19.55012685868519,-8.200000000000045,11.350126858685144,11.350126858685144,0.0,13.575767729196286,2.2256408705111426
1046,2023,F,3,150.5140035304048,161.9000000000001,11.385996469595284,11.385996469595284,0.0,13.342992777317932,1.9569963077226475
1036,2023,F,4,-50.7569472538853,-39.700000000000045,11.056947253885255,11.056947253885255,0.0,13.2764856482097,2.219538394324445
1070,2023,F,4,53.57190795083011,65.29999999999995,11.728092049169845,11.728092049169845,0.0,13.908303374736988,2.180211325567143
1096,2023,F,4,-13.738293112852489,-1.599999999999909,12.13829311285258,12.13829311285258,0.0,14.50686753671016,2.3685744238575808
1012,2023,F,2,-75.19305115207158,-70.09999999999991,5.093051152071666,5.093051152071666,0.0,12.59478757485158,7.5017364227799135
1086,2023,F,2,-142.5402151210351,-137.0,5.540215121035089,5.540215121035089,0.0,14.373853278493698,8.833638157458608
1056,2023,F,3,-59.816347650128364,-48.5,11.316347650128364,11.316347650128364,0.0,13.60070790261193,2.284360252483566
1004,2023,F,3,-75.86797490373556,-65.5,10.367974903735558,10.367974903735558,0.0,12.495026881189233,2.127051977453675
1018,2023,F,3,21.214556080798957,32.0,10.785443919201043,10.785443919201043,0.0,12.835875917868407,2.0504319986673636
1000,2023,F,2,29.515330225010302,35.0,5.4846697749896975,5.4846697749896975,0.0,12.353699231834526,6.869029456844828
1148,2023,F,3,-98.43937602467531,-95.14761235266496,3.2917636720103474,3.2917636720103474,0.0,17.183779483312264,13.892015811301917
1158,2023,F,2,184.34375860025398,199.9000000000001,15.556241399746114,15.556241399746114,0.0,18.26452033131909,2.708278931572977
1183,2023,M,4,-93.05148696813285,-77.11999999999989,15.931486968132958,15.931486968132958,0.0,16.31894779756408,0.38746082943112015
1201,2023,M,3,-33.73934960814472,-19.90000000000009,13.83934960814463,13.83934960814463,0.0,16.65913432430648,2.8197847161618483
1205,2023,M,4,-41.7012662284892,-27.700000000000045,14.001266228489158,14.001266228489158,0.0,16.869249532000595,2.867983303511437
1195,2023,M,3,-79.53492744560776,-80.29999999999995,-0.7650725543921908,-0.7650725543921908,0.0,16.519057519177295,17.284130073569486
1153,2023,F,3,152.1771457283162,167.0,14.82285427168381,14.82285427168381,0.0,17.441494608606263,2.6186403369224536
1122,2023,F,2,150.07784405291295,163.4000000000001,13.32215594708714,13.32215594708714,0.0,15.654115513825445,2.3319595667383055
1110,2023,F,3,40.38112458744331,47.0,6.61887541255669,6.61887541255669,0.0,14.856029964527806,8.237154551971116
1189,2023,M,2,-65.62717126517123,-52.09999999999991,13.527171265171319,13.527171265171319,0.0,16.348964255806095,2.8217929906347763
1173,2023,M,4,-55.468334703580695,-42.5,12.968334703580695,12.968334703580695,0.0,15.658585716240168,2.6902510126594734
1156,2023,F,2,117.5344820795599,133.0,15.465517920440107,15.465517920440107,0.0,18.26452033131909,2.799002410878984
1179,2023,M,4,-41.010017423726595,-27.5,13.510017423726595,13.510017423726595,0.0,16.27892585324139,2.768908429514795
1142,2023,F,3,164.93109863350355,179.20000000000005,14.268901366496493,14.268901366496493,0.0,16.759796535247915,2.490895168751422
1116,2023,F,3,41.78020991732842,54.59999999999991,12.819790082671489,12.819790082671489,0.0,15.230132565761096,2.4103424830896074
1161,2023,F,2,369.21660717699547,379.0,9.783392823004533,9.783392823004533,0.0,18.555489021166977,8.772096198162444
1130,2023,F,3,104.51677812688831,118.0,13.483221873111688,13.483221873111688,0.0,15.920144030257916,2.4369221571462276
1191,2023,M,2,-59.64554456155565,-46.09999999999991,13.545544561555744,13.545544561555744,0.0,16.35896974188654,2.813425180330796
1209,2023,M,4,-40.81110435836399,-26.799999999999955,14.011104358364037,14.011104358364037,0.0,16.879255018081494,2.8681506597174575
1175,2023,M,2,-79.24173789678707,-71.0,8.241737896787072,8.241737896787072,0.0,15.928733840418317,7.686995943631246
1124,2023,F,3,-35.60271350039511,-29.0,6.602713500395112,6.602713500395112,0.0,15.654115513825445,9.051402013430334
1193,2023,M,3,-16.21016303162355,-2.5,13.710163031623551,13.710163031623551,0.0,16.469030088773934,2.7588670571503826
1181,2023,M,4,-74.37911622295724,-60.90000000000009,13.479116222957146,13.479116222957146,0.0,16.308942311483406,2.8298260885262607
1136,2023,F,3,0.26820515420763513,14.0,13.731794845792365,13.731794845792365,0.0,16.385693934014625,2.6538990882222606
1144,2023,F,3,-14.977862596060504,-0.7999999999999545,14.17786259606055,14.17786259606055,0.0,16.942691140295437,2.764828544234888
1207,2023,M,4,-50.58637152614847,-36.59999999999991,13.98637152614856,13.98637152614856,0.0,16.869249532000595,2.882878005852035
1203,2023,M,2,-77.97369317731841,-64.09999999999991,13.8736931773185,13.8736931773185,0.0,16.789205643355217,2.9155124660367164
1128,2023,F,3,82.11686336101388,95.5,13.383136638986116,13.383136638986116,0.0,15.83701011887274,2.4538734798866244
1154,2023,F,3,-0.8887367042184451,14.199999999999818,15.088736704218263,15.088736704218263,0.0,18.006805206025547,2.9180685018072836
1134,2023,F,2,-63.01595610015329,-49.59999999999991,13.41595610015338,13.41595610015338,0.0,16.11135202644391,2.69539592629053
1138,2023,F,4,60.869942464918495,74.90000000000009,14.030057535081596,14.030057535081596,0.0,16.64340905930885,2.613351524227255
1112,2023,F,3,63.234676676628624,76.0,12.765323323371376,12.765323323371376,0.0,15.130371872098749,2.3650485487273727
1163,2023,F,2,179.91536893878674,195.80000000000018,15.88463106121344,15.88463106121344,0.0,18.663563105968024,2.7789320447545833
1199,2023,M,3,-19.737783704935964,-5.900000000000091,13.837783704935873,13.837783704935873,0.0,16.62911786606469,2.791334161128816
1227,2023,M,4,-142.12107032504923,-125.33999999999992,16.781070325049313,16.781070325049313,0.0,17.19943057266255,0.4183602476132364
1297,2023,M,3,-53.226708161433635,-47.299999999999955,5.92670816143368,5.92670816143368,0.0,18.970401608940165,13.043693447506485
7705,2025,F,6,-43.69882287167252,-25.04401819678469,18.654804674887828,18.654804674887828,0.0,23.1407692249918,4.485964550103972
27050,2025,F,5,34.164489330720016,61.299999999999955,27.135510669279938,27.135510669279938,0.0,31.651646417373513,4.516135748093575
1313,2023,M,3,-173.78497979894928,-168.5999999999999,5.184979798949371,5.184979798949371,0.0,19.190522302714726,14.005542503765355
1280,2023,M,3,-133.15397600582696,-127.90000000000009,5.253976005826871,5.253976005826871,0.0,18.57018216571373,13.31620615988686
1311,2023,M,4,-10.908329466934674,7.7999999999999545,18.70832946693463,18.70832946693463,0.0,19.140494872311592,0.43216540537696346
1264,2023,M,4,-17.402275154315475,0.17000000000007276,17.572275154315548,17.572275154315548,0.0,17.9798584869543,0.407583332638751
1282,2023,M,2,-90.34656240794698,-84.79999999999995,5.546562407947022,5.546562407947022,0.0,18.580187651794176,13.033625243847155
1217,2023,M,4,-34.20927922293595,-17.569999999999936,16.63927922293601,16.63927922293601,0.0,17.02933730929135,0.3900580863553387
1231,2023,M,2,-47.09946462959215,-38.0,9.099464629592148,9.099464629592148,0.0,17.23945251698524,8.13998788739309
1223,2023,M,4,-40.95555728655654,-24.220000000000027,16.735557286556514,16.735557286556514,0.0,17.129392170098072,0.39383488354155816
1238,2023,M,2,7.719024088481547,17.0,9.280975911518453,9.280975911518453,0.0,17.349512863872633,8.06853695235418
1497,2025,F,6,0.22243901254432785,20.720750491901526,20.4983114793572,20.4983114793572,0.0,25.244117775414452,4.745806296057253
1294,2023,M,3,-104.4652290343538,-88.90000000000009,15.565229034353706,15.565229034353706,0.0,18.87034674813367,3.305117713779964
1257,2023,M,3,-96.06126910761895,-81.40000000000009,14.661269107618864,14.661269107618864,0.0,17.76974327926041,3.1084741716415465
1296,2023,M,2,114.15813859645164,124.79999999999995,10.641861403548319,10.641861403548319,0.0,18.960396122859493,8.318534719311174
1225,2023,M,2,-74.08900332671055,-59.90000000000009,14.189003326710463,14.189003326710463,0.0,17.15940862833986,2.9704053016293983
1273,2023,M,3,-62.49325724302571,-47.299999999999955,15.193257243025755,15.193257243025755,0.0,18.34005598585827,3.146798742832516
1254,2023,M,4,-9.83071019728277,4.900000000000091,14.73071019728286,14.73071019728286,0.0,17.679693904534588,2.9489837072517275
1216,2023,M,2,0.8186228672973357,10.0,9.181377132702664,9.181377132702664,0.0,16.97930987888799,7.7979327461853245
1266,2023,M,4,-48.69953810697916,-33.59999999999991,15.099538106979253,15.099538106979253,0.0,18.199979180729088,3.1004410737498347
1288,2023,M,4,24.710180999855083,40.299999999999955,15.589819000144871,15.589819000144871,0.0,18.64022056827821,3.0504015681333385
1213,2023,M,4,-91.0435880347477,-77.09999999999991,13.94358803474779,13.94358803474779,0.0,16.89926599024261,2.9556779554948207
1303,2023,M,3,-131.1456911438363,-115.5,15.645691143836302,15.645691143836302,0.0,19.020429039343526,3.3747378955072236
1286,2023,M,4,-199.5971057570539,-184.4000000000001,15.197105757053805,15.197105757053805,0.0,18.620209596116865,3.42310383906306
1234,2023,M,3,-152.5242840971007,-138.4000000000001,14.124284097100599,14.124284097100599,0.0,17.23945251698524,3.1151684198846397
1247,2023,M,4,70.96722632808223,85.79999999999995,14.832773671917721,14.832773671917721,0.0,17.639671960211672,2.806898288293951
1268,2023,M,3,-74.46469212983175,-59.40000000000009,15.064692129831656,15.064692129831656,0.0,18.209984666809532,3.145292536977877
1290,2023,M,4,-234.8796886364089,-219.69999999999982,15.179688636409082,15.179688636409082,0.0,18.670237026520226,3.490548390111144
1292,2023,M,4,91.83074443656233,107.70000000000005,15.869255563437719,15.869255563437719,0.0,18.840330289891426,2.9710747264537076
1305,2023,M,3,-15.772482614139108,0.09999999999990905,15.872482614139017,15.872482614139017,0.0,19.060450983666215,3.187968369527198
1251,2023,M,3,-202.30804743196995,-187.9000000000001,14.408047431969862,14.408047431969862,0.0,17.679693904534588,3.2716464725647256
1278,2023,M,4,-94.81433894908764,-79.5,15.314338949087642,15.314338949087642,0.0,18.550171193552387,3.2358322444647456
1299,2023,M,3,118.27791267348721,134.29999999999995,16.022087326512747,16.022087326512747,0.0,18.970401608940165,2.948314282427418
1301,2023,M,4,-58.1596966064576,-42.40000000000009,15.75969660645751,15.75969660645751,0.0,19.010423553262854,3.2507269468053437
1307,2023,M,2,-118.7332660617551,-103.0,15.733266061755103,15.733266061755103,0.0,19.100472927988903,3.3672068662338006
1309,2023,M,4,-22.902259943607078,-7.0,15.902259943607078,15.902259943607078,0.0,19.110478414069348,3.2082184704622705
1229,2023,M,2,-87.12557048806025,-72.90000000000009,14.225570488060157,14.225570488060157,0.0,17.229447030904566,3.0038765428444094
1317,2023,M,2,34.98267972625308,45.40000000000009,10.41732027374701,10.41732027374701,0.0,19.240549733118087,8.823229459371078
1258,2023,M,3,-55.41238845040061,-46.0,9.412388450400613,9.412388450400613,0.0,17.889809112228477,8.477420661827864
1243,2023,M,3,11.84145587446369,26.5,14.65854412553631,14.65854412553631,0.0,17.54962258548585,2.89107845994954
1262,2023,M,3,-109.28098815296153,-94.5,14.780988152961527,14.780988152961527,0.0,17.93983654263161,3.1588483896700836
1276,2023,M,3,-184.46390263158696,-169.4000000000001,15.06390263158687,15.06390263158687,0.0,18.430105360584093,3.366202728997223
1270,2023,M,2,-147.3758497954766,-132.4000000000001,14.975849795476506,14.975849795476506,0.0,18.25000661113245,3.2741568156559424
1255,2023,M,3,-85.570509585237,-70.90000000000009,14.670509585236914,14.670509585236914,0.0,17.759737793179738,3.089228207942824
1236,2023,M,3,-88.34022606162694,-74.09999999999991,14.240226061627027,14.240226061627027,0.0,17.24945800306591,3.009231941438884
1219,2023,M,3,-156.94161530720316,-143.0,13.941615307203165,13.941615307203165,0.0,17.02933730929135,3.087722002088185
1245,2023,M,3,-56.402563304925934,-41.799999999999955,14.60256330492598,14.60256330492598,0.0,17.619660988050555,3.0170976831245753
1260,2023,M,4,-139.9053574236632,-122.40000000000009,17.5053574236631,17.5053574236631,0.0,17.93983654263161,0.4344791189685111
1323,2023,M,3,-22.72804176141426,-6.5,16.22804176141426,16.22804176141426,0.0,19.500692371215564,3.2726506098013033
1385,2023,M,2,-162.6370406701426,-145.4000000000001,17.237040670142505,17.237040670142505,0.0,20.991509797234357,3.754469127091852
1347,2023,M,3,17.137758586216478,33.90000000000009,16.762241413783613,16.762241413783613,0.0,20.060999591732525,3.298758177948912
1411,2023,M,2,-194.07233302752002,-183.0,11.072333027520017,11.072333027520017,0.0,22.152146182591878,11.07981315507186
1365,2023,M,2,-27.121731199462147,-10.200000000000045,16.9217311994621,16.9217311994621,0.0,20.341153201991347,3.419422002529245
1377,2023,M,2,-4.121582341036856,7.0,11.121582341036856,11.121582341036856,0.0,20.61130132616927,9.489718985132413
1319,2023,M,5,-22.786064340663188,-6.7000000000000455,16.086064340663143,16.086064340663143,0.0,19.33059910784391,3.2445347671807667
1393,2023,M,4,43.026236580472414,60.80000000000018,17.773763419527768,17.773763419527768,0.0,21.22163597708959,3.4478725575618228
1357,2023,M,3,1.5720476339390643,18.40000000000009,16.827952366061027,16.827952366061027,0.0,20.17105993861992,3.3431075725588926
1329,2023,M,4,-86.57124313429631,-70.29999999999995,16.271243134296355,16.271243134296355,0.0,19.68079112066721,3.4095479863708533
1405,2023,M,2,173.6397596923357,192.20000000000005,18.560240307664344,18.560240307664344,0.0,21.902009030574845,3.3417687229105013
1403,2023,M,3,-111.7734369904756,-93.69999999999982,18.073436990475784,18.073436990475784,0.0,21.8920035444944,3.8185665540186164
1424,2023,M,3,144.1725367744989,158.0,13.827463225501106,13.827463225501106,0.0,24.343347634257043,10.515884408755937
1341,2023,M,4,-42.1793452309696,-25.59999999999991,16.579345230969693,16.579345230969693,0.0,19.96094473092603,3.3815994999563372
1325,2023,M,2,58.17859092355911,69.0,10.821409076440887,10.821409076440887,0.0,19.52070334337668,8.699294266935794
1413,2023,M,2,178.05317913347017,190.9000000000001,12.846820866529924,12.846820866529924,0.0,22.532354653656967,9.685533787127042
1321,2023,M,2,-85.04845681643769,-69.0,16.048456816437692,16.048456816437692,0.0,19.410642996489287,3.3621861800515944
1375,2023,M,3,-89.71329255993669,-79.0,10.71329255993669,10.71329255993669,0.0,20.591290354007924,9.877997794071234
1355,2023,M,3,1.5055426862247714,18.299999999999955,16.794457313775183,16.794457313775183,0.0,20.13103799429723,3.3365806805220473
1395,2023,M,4,39.54845700683518,57.5,17.95154299316482,17.95154299316482,0.0,21.441756670863924,3.490213677699103
1419,2023,M,3,-118.49720670964416,-99.30000000000018,19.19720670964398,19.19720670964398,0.0,23.25274965146491,4.0555429418209314
1373,2023,M,3,101.57057768603704,118.90000000000009,17.32942231396305,17.32942231396305,0.0,20.571279381846352,3.241857067883302
1339,2023,M,2,6.268226655146691,17.0,10.731773344853309,10.731773344853309,0.0,19.800856953635503,9.069083608782194
1333,2023,M,2,42.13950328646911,53.0,10.860496713530893,10.860496713530893,0.0,19.73081855107057,8.870321837539677
1409,2023,M,2,152.37828637016264,164.79999999999995,12.421713629837313,12.421713629837313,0.0,21.96204194705888,9.540328317221565
1331,2023,M,2,30.26504355684051,40.90000000000009,10.63495644315958,10.63495644315958,0.0,19.69079660674811,9.055840163588528
1399,2023,M,2,31.553212690410874,49.69999999999982,18.146787309588944,18.146787309588944,0.0,21.691893822880957,3.545106513292012
1363,2023,M,2,-148.70955941644206,-132.0,16.70955941644206,16.70955941644206,0.0,20.331147715910447,3.6215882994683852
1381,2023,M,2,37.58738210695719,49.0,11.412617893042807,11.412617893042807,0.0,20.791400075621368,9.378782182578561
1401,2023,M,3,12.992522424315666,31.199999999999818,18.207477575684152,18.207477575684152,0.0,21.801954169768123,3.5944765940839716
1367,2023,M,3,83.98366941915629,101.09999999999991,17.116330580843623,17.116330580843623,0.0,20.35115868807202,3.2348281072283953
1371,2023,M,2,83.49318186016262,95.0,11.506818139837378,11.506818139837378,0.0,20.571279381846352,9.064461242008974
1351,2023,M,2,32.981929173045955,44.0,11.018070826954045,11.018070826954045,0.0,20.10102153605544,9.082950709101397
1369,2023,M,2,17.80364118649345,29.0,11.19635881350655,11.19635881350655,0.0,20.561273895765908,9.364915082259358
1530,2023,M,3,-46.899051956663016,-29.700000000000045,17.19905195666297,17.19905195666297,0.0,45.603184964524644,28.404133007861674
617,2024,F,3,26.81494375908551,59.30000000000018,32.48505624091467,32.48505624091467,0.0,38.87558526681414,6.390529025899468
3586,2024,F,2,91.23726777185539,81.70000000000005,-9.53726777185534,-9.53726777185534,0.0,25.842314513975452,35.37958228583079
583,2024,F,4,149.43012265824996,181.34047614179735,31.910353483547397,31.910353483547397,0.0,38.46353107610548,6.553177592558086
6458,2023,F,2,25.560699728679765,57.393102610529695,31.83240288184993,31.83240288184993,0.0,41.359108936719394,9.526706054869464
573,2024,F,3,33.31740650012512,66.90000000000009,33.582593499874974,33.582593499874974,0.0,40.15894294302552,6.576349443150548
1497,2023,F,2,218.89664566971692,255.50014222338518,36.603496553668265,36.603496553668265,0.0,46.02767502124357,9.424178467575302
1533,2023,M,2,3.9296501064661697,41.430000000000064,37.500349893533894,37.500349893533894,0.0,46.27177167139598,8.771421777862088
1529,2023,M,2,-94.73972434058874,-58.950000000000045,35.78972434058869,35.78972434058869,0.0,44.82316713984096,9.03344279925227
1490,2023,F,3,-64.75074890972655,-64.02300509680617,0.7277438129203802,0.7277438129203802,0.0,45.275691222394016,44.547947409473636
1539,2023,M,4,-99.08551918262424,-81.90000000000009,17.185519182624148,17.185519182624148,0.0,47.85966510021581,30.67414591759166
1525,2023,M,2,-90.79973591320663,-75.0,15.799735913206632,15.799735913206632,0.0,43.987433756251676,28.187697843045044
1440,2023,M,2,53.083793533362496,76.80000000000018,23.716206466637686,23.716206466637686,0.0,28.32553109436185,4.609324627724163
1438,2023,M,5,60.74696444455094,83.80000000000018,23.05303555544924,23.05303555544924,0.0,27.51508672182763,4.462051166378387
1506,2023,F,2,151.27985868498968,167.18075529426187,15.900896609272195,15.900896609272195,0.0,50.978235030335554,35.07733842106336
1450,2023,F,4,-128.6206745593588,-129.89552740545128,-1.2748528460924717,-1.2748528460924717,0.0,37.50519196761638,38.780044813708855
5298,2023,F,2,50.314852049570845,82.87624993072154,32.5613978811507,32.5613978811507,0.0,42.11109273556917,9.549694854418476
1434,2023,M,3,126.25579839918964,148.0999999999999,21.844201600810266,21.844201600810266,0.0,25.934219921082786,4.09001832027252
1514,2023,F,3,-229.0769649841477,-231.62533771269,-2.54837272854229,-2.54837272854229,0.0,61.4433428976572,63.99171562619949
1534,2023,M,3,-56.39556615715219,-38.799999999999955,17.595566157152234,17.595566157152234,0.0,47.023931716626294,29.42836555947406
1536,2023,M,4,-124.1853016039363,-107.59999999999991,16.585301603936387,16.585301603936387,0.0,47.44179840842094,30.85649680448455
1522,2023,M,2,-85.6166574890583,-46.90000000000009,38.71665748905821,38.71665748905821,0.0,42.81740701922672,4.100749530168514
1492,2023,F,3,-95.99234755267094,-96.02906257505197,-0.036715022381031304,-0.036715022381031304,0.0,45.62035046353344,45.65706548591447
1452,2023,F,2,-42.74701970261344,-41.848691468672996,0.8983282339404468,0.8983282339404468,0.0,37.943849183611746,37.0455209496713
1540,2023,M,2,-884.2387102649063,-878.0675337919688,6.171176472937532,6.171176472937532,0.0,48.05466955638667,41.88349308344914
1428,2023,M,2,-19.756797184552852,1.199999999999818,20.95679718455267,20.95679718455267,0.0,25.16379749287171,4.207000308319039
1432,2023,M,2,44.78959564541583,58.5,13.71040435458417,13.71040435458417,0.0,25.33389075624291,11.623486401658738
1426,2023,M,3,91.37420098390567,112.09999999999991,20.725799016094243,20.725799016094243,0.0,24.663523188838553,3.9377241727443106
1526,2023,M,3,-50.327979680395856,-28.09999999999991,22.227979680395947,22.227979680395947,0.0,44.71173602202907,22.483756341633125
1510,2023,F,2,6.236836246071789,9.114525583353725,2.877689337281936,2.877689337281936,0.0,52.450869969748965,49.57318063246703
1494,2023,F,3,63.154362295457304,67.10619970163066,3.951837406173354,3.951837406173354,0.0,45.68301578010414,41.73117837393079
1448,2023,F,3,-0.8015081111811924,1.1163169028423,1.9178250140234923,1.9178250140234923,0.0,37.34852867618952,35.430703662166025
1456,2023,F,3,-96.42531753822277,-78.96107707336182,17.46424046486095,17.46424046486095,0.0,39.16582285674235,21.701582391881402
1436,2023,M,3,111.79537489710538,134.5,22.704625102894624,22.704625102894624,0.0,26.99480144563313,4.290176342738505
1581,2023,M,2,12.787317153871072,55.299999999999955,42.51268284612888,42.51268284612888,0.0,52.40048315105105,9.887800304922166
1589,2023,M,2,47.58169470201506,90.69000000000005,43.108305297985,43.108305297985,0.0,52.901923181204666,9.793617883219667
1551,2023,M,2,-62.41318859843295,-22.950000000000045,39.46318859843291,39.46318859843291,0.0,49.14112295505265,9.677934356619744
1578,2023,M,4,-72.57363914960911,-53.299999999999955,19.273639149609153,19.273639149609153,0.0,51.982616459256406,32.70897730964725
1617,2023,F,4,-28.064221853335994,-1.0,27.064221853335994,27.064221853335994,0.0,34.167917147606886,7.103695294270892
1618,2023,F,2,44.16749891466111,31.699999999999818,-12.467498914661292,-12.467498914661292,0.0,40.420012031941724,52.887510946603015
1619,2023,F,2,40.565508232323054,27.700000000000045,-12.865508232323009,-12.865508232323009,0.0,41.223991599430065,54.08949983175307
1620,2023,F,2,45.678093542590204,80.09999999999991,34.421906457409705,34.421906457409705,0.0,43.26187334300312,8.839966885593412
1621,2023,F,3,144.88576493897108,186.41999999999985,41.53423506102877,41.53423506102877,0.0,52.12750905699795,10.593273995969184
1623,2023,M,3,-87.9082649924544,-57.36999999999989,30.538264992454515,30.538264992454515,0.0,39.88739329148825,9.349128299033737
1625,2023,M,4,-55.564395113714,-24.59999999999991,30.96439511371409,30.96439511371409,0.0,40.2113158096231,9.246920695909012
1628,2023,M,2,118.81546744410684,152.51,33.69453255589315,33.69453255589315,0.0,42.51423940570544,8.819706849812292
1631,2023,M,3,-0.049188712720251715,33.309999999999945,33.3591887127202,33.3591887127202,0.0,42.906729464175214,9.547540751455017
1632,2023,M,2,110.2388752386521,144.89999999999986,34.661124761347764,34.661124761347764,0.0,43.08169491192689,8.420570150579124
1635,2023,M,3,87.25375474894167,122.60000000000014,35.34624525105846,35.34624525105846,0.0,44.09365723135534,8.747411980296874
1636,2023,M,2,-70.8157050493594,-36.289999999999964,34.52570504935943,34.52570504935943,0.0,44.8975525318358,10.371847482476369
1583,2023,M,2,97.97089550750798,140.97000000000003,42.99910449249205,42.99910449249205,0.0,52.42834093050419,9.42923643801214
1554,2023,M,3,-99.49555849959916,-81.79999999999995,17.6955584995992,17.6955584995992,0.0,49.168980734505794,31.473422234906593
1576,2023,M,3,-167.0418484123602,-142.9000000000001,24.141848412360105,24.141848412360105,0.0,51.620465326367594,27.47861691400749
1592,2023,M,4,26.233036720366954,48.09999999999991,21.866963279632955,21.866963279632955,0.0,54.21123881549465,32.3442755358617
1560,2023,M,2,76.79794150688349,99.30704804551965,22.50910653863616,22.50910653863616,0.0,49.503274087941236,26.994167549305075
1548,2023,M,4,-31.45324323478303,-12.599999999999909,18.853243234783122,18.853243234783122,0.0,49.113265175599736,30.260021940816614
1586,2023,M,4,19.773186650566913,41.0,21.226813349433087,21.226813349433087,0.0,52.87406540175152,31.647252052318436
1566,2023,M,4,-60.07130809849696,-40.90000000000009,19.171308098496866,19.171308098496866,0.0,51.174740855120035,32.00343275662317
1572,2023,M,2,-57.57476241700988,-36.43782483442146,21.136937582588416,21.136937582588416,0.0,51.42546087019696,30.28852328760854
1574,2023,M,4,-151.32128950261767,-133.5999999999999,17.721289502617765,17.721289502617765,0.0,51.509034208555704,33.78774470593794
1590,2023,M,2,-1.6494770060962765,21.203347776519422,22.8528247826157,22.8528247826157,0.0,53.29193209354639,30.439107310930694
1558,2023,M,4,46.12471830378695,66.40000000000009,20.275281696213142,20.275281696213142,0.0,49.30826963177037,29.03298793555723
1594,2023,M,4,-574.7897070585839,-563.1999999999998,11.589707058584054,11.589707058584054,0.0,54.57338994838324,42.983682889799184
1595,2023,M,2,88.2487094731323,133.0,44.751290526867706,44.751290526867706,0.0,54.65696328674221,9.905672759874506
1597,2023,M,3,-218.3545509189537,-200.19999999999982,18.154550918953873,18.154550918953873,0.0,55.548412229237556,37.39386131028368
1598,2023,M,3,-152.98117306881522,-126.5,26.481173068815224,26.481173068815224,0.0,55.79913224431448,29.317959175499254
1599,2023,M,2,-11.802370372809946,33.59999999999991,45.402370372809855,45.402370372809855,0.0,56.13342559774992,10.731055224940064
1602,2023,M,2,-51.13782800746594,-29.59999999999991,21.537828007466032,21.537828007466032,0.0,56.77415452516857,35.23632651770254
1604,2023,M,2,-76.85021000865117,-30.199999999999818,46.65021000865136,46.65021000865136,0.0,58.11132793891147,11.461117930260116
1605,2023,M,3,285.84939821083935,314.0,28.150601789160646,28.150601789160646,0.0,58.72419908687698,30.573597297716333
1606,2023,M,3,6.7374033464161585,30.5,23.76259665358384,23.76259665358384,0.0,59.866368044449246,36.103771390865404
1607,2023,M,2,-25.352710778900928,0.006851203507721948,25.35956198240865,25.35956198240865,0.0,60.03351472116674,34.67395273875809
1608,2023,M,2,-27.860055546705553,21.90000000000009,49.760055546705644,49.760055546705644,0.0,61.621408149986564,11.86135260328092
1609,2023,M,3,22.088925684588503,54.0,31.911074315411497,31.911074315411497,0.0,61.621408149986564,29.710333834575067
1611,2023,M,2,-9.215428085825806,42.0,51.215428085825806,51.215428085825806,0.0,63.292874917165136,12.07744683133933
1612,2023,M,3,-46.1896129433203,-21.09999999999991,25.08961294332039,25.08961294332039,0.0,65.54935505285675,40.459742109536364
1613,2023,M,2,92.62571647000095,123.5026504449379,30.876933974936946,30.876933974936946,0.0,68.39084855706005,37.51391458212311
1615,2023,M,2,54.075827004144685,110.59999999999991,56.524172995855224,56.524172995855224,0.0,69.4215863968202,12.897413400964979
1638,2023,M,3,-56.410322666654565,-21.5,34.910322666654565,34.910322666654565,0.0,45.29240698824833,10.382084321593766
1639,2023,M,3,27.141284357219547,63.0,35.85871564278045,35.85871564278045,0.0,45.93315883068999,10.074443187909537
1641,2023,M,3,-11.980577478665282,24.409999999999854,36.390577478665136,36.390577478665136,0.0,46.888375599496385,10.497798120831249
1643,2023,M,3,194.0056179100593,232.70000000000005,38.694382089940746,38.694382089940746,0.0,47.64261854318238,8.948236453241634
1646,2023,M,2,53.335425344877876,92.00999999999976,38.67457465512189,38.67457465512189,0.0,49.37335783715798,10.698783182036095
1647,2023,M,2,151.25625517569642,192.19999999999982,40.943744824303394,40.943744824303394,0.0,50.756530633572766,9.812785809269371
1649,2023,M,2,173.3351833771003,215.30000000000018,41.96481662289989,41.96481662289989,0.0,51.905628033671746,9.940811410771857
1650,2023,M,3,131.01326969819638,174.5899999999997,43.57673030180331,43.57673030180331,0.0,55.14012441913428,11.563394117330972
1651,2023,M,4,350.11147335890246,395.30999999999995,45.19852664109749,45.19852664109749,0.0,55.707579925356185,10.509053284258698
1652,2023,M,4,185.38307584131326,229.82999999999993,44.44692415868667,44.44692415868667,0.0,55.882545373107405,11.435621214420735
1653,2023,M,4,-57.49104669552935,-27.3900000000001,30.10104669552925,30.10104669552925,0.0,39.114235164261345,9.013188468732096
1654,2023,M,3,-62.640688498225245,-31.309999999999945,31.3306884982253,31.3306884982253,0.0,40.73148335699284,9.40079485876754
1655,2023,M,4,62.181985521884826,94.70000000000005,32.51801447811522,32.51801447811522,0.0,41.39351478091794,8.87550030280272
1656,2023,M,4,-19.2710283919796,13.149999999999864,32.42102839197946,32.42102839197946,0.0,41.833292798239654,9.412264406260192
1657,2023,M,3,42.55756395460753,75.65000000000009,33.09243604539256,33.09243604539256,0.0,42.26834201967608,9.175905974283523
1658,2023,M,3,81.93546944943773,117.05999999999995,35.12453055056221,35.12453055056221,0.0,44.60909598283979,9.484565432277577
1660,2023,M,3,113.6643079950245,149.89999999999986,36.23569200497536,36.23569200497536,0.0,45.04887400016173,8.813181995186369
1661,2023,M,2,21.852867651876068,17.700000000000045,-4.152867651876022,-4.152867651876022,0.0,45.52411798662229,49.67698563849831
1663,2023,M,3,-3.2156936235326157,33.8599999999999,37.075693623532516,37.075693623532516,0.0,47.708821685575,10.633128062042488
1664,2023,M,3,181.06789852756856,221.20000000000027,40.132101472431714,40.132101472431714,0.0,49.54123009108184,9.40912861865013
1665,2023,M,2,181.9001941271972,181.20000000000027,-0.7001941271969372,-0.7001941271969372,0.0,53.46613067578073,54.16632480297767
1666,2023,M,2,-14.20138778567366,-4.7000000000000455,9.501387785673614,9.501387785673614,0.0,11.21229911404339,1.7109113283697752
1667,2023,F,4,53.57635230725805,81.76999999999998,28.193647692741933,28.193647692741933,0.0,35.69572121996384,7.50207352722191
1671,2023,F,4,93.6318148683622,127.30999999999995,33.67818513163775,33.67818513163775,0.0,42.43360436259968,8.755419230961934
1673,2023,F,2,-13.28078855764943,22.0,35.28078855764943,35.28078855764943,0.0,44.73866964823833,9.457881090588899
1674,2023,F,4,193.7052691082531,230.79999999999995,37.09473089174685,37.09473089174685,0.0,46.10859253664739,9.013861644900544
1675,2023,F,3,-75.39089842953217,-70.90000000000009,4.490898429532081,4.490898429532081,0.0,6.429316087531561,1.93841765799948
1676,2023,F,3,-21.56044144437533,-16.800000000000182,4.760441444375147,4.760441444375147,0.0,6.704283525651363,1.943842081276216
1677,2023,F,2,2.882371859300065,8.099999999999909,5.217628140699844,5.217628140699844,0.0,7.297758856808059,2.080130716108215
1678,2023,F,3,-128.83039796170578,-123.70000000000005,5.130397961705739,5.130397961705739,0.0,7.426013892488754,2.295615930783015
1679,2023,F,3,-34.86619280424384,-29.5,5.366192804243838,5.366192804243838,0.0,7.577458953071073,2.211266148827235
1680,2023,F,3,28.370507038598817,33.90000000000009,5.529492961401274,5.529492961401274,0.0,7.6858368245500515,2.156343863148777
1681,2023,F,2,-119.29152849855018,-125.89999999999986,-6.608471501449685,-6.608471501449685,0.0,7.916317276123891,14.524788777573576
1682,2023,F,2,-9.850860140796613,-9.900000000000091,-0.04913985920347841,-0.04913985920347841,0.0,8.03652679296124,8.085666652164718
1683,2023,F,2,41.46951522485051,36.0,-5.469515224850511,-5.469515224850511,0.0,8.15484324654085,13.62435847139136
1684,2023,F,2,-188.9083934644973,-183.30000000000018,5.608393464497112,5.608393464497112,0.0,8.20926881518767,2.6008753506905578
1685,2023,F,2,-143.1861983704507,-137.29999999999995,5.886198370450757,5.886198370450757,0.0,8.511212404723437,2.625014034272681
1686,2023,F,2,-0.24610662857776333,4.5,4.746106628577763,4.746106628577763,0.0,6.643705501418481,1.8975988728407174
1687,2023,F,3,37.41046411075763,42.700000000000045,5.289535889242416,5.289535889242416,0.0,7.3327805270678255,2.04324463782541
1053,2023,F,4,-86.82393889987293,-75.59999999999991,11.22393889987302,11.22393889987302,0.0,13.534200773503699,2.3102618736306795
1690,2023,F,2,11.141681451903878,17.300000000000182,6.158318548096304,6.158318548096304,0.0,8.59876658037274,2.4404480322764357
1692,2023,M,3,-98.70558200586993,-93.39999999999986,5.305582005870065,5.305582005870065,0.0,8.483006934414561,3.1774249285444967
1693,2023,M,3,-223.6573646246136,-218.29999999999973,5.357364624613865,5.357364624613865,0.0,8.888078504183113,3.530713879569248
1694,2023,M,2,-22.345736034125366,-22.299999999999955,0.045736034125411607,0.045736034125411607,0.0,9.100952542588402,9.05521650846299
1695,2023,M,2,-42.38037227460859,-36.5,5.88037227460859,5.88037227460859,0.0,9.227831108525379,3.3474588339167894
1696,2023,M,3,-126.94347620961207,-121.10000000000014,5.843476209611936,5.843476209611936,0.0,9.390423641170173,3.5469474315582374
1697,2023,M,3,-6.523234203330276,-0.40000000000009095,6.123234203330185,6.123234203330185,0.0,9.511193239117347,3.387959035787162
1699,2023,M,3,-54.29330029648304,-49.40000000000009,4.893300296482948,4.893300296482948,0.0,7.728314427397436,2.8350141309144874
1008,2023,F,4,59.2718782298291,69.90000000000009,10.628121770170992,10.628121770170992,0.0,12.58647418371288,1.9583524135418884
1700,2023,M,2,-102.95052606841296,-98.09999999999991,4.850526068413046,4.850526068413046,0.0,7.788464266063784,2.9379381976507375
1701,2023,M,2,-62.26207411090809,-57.299999999999955,4.962074110908134,4.962074110908134,0.0,7.8556629139488905,2.893588803040757
1458,2025,F,3,8.319607082146376,22.392281772269143,14.072674690122767,14.072674690122767,0.0,25.452681803800715,11.380007113677948
1702,2023,M,3,30.604358208250005,35.80000000000018,5.195641791750177,5.195641791750177,0.0,7.9764325118962915,2.780790720146115
1703,2023,M,3,-18.790424314526263,-13.599999999999909,5.1904243145263536,5.1904243145263536,0.0,8.096732189228987,2.906307874702634
1704,2023,M,2,-33.15423605552428,-27.90000000000009,5.2542360555241885,5.2542360555241885,0.0,8.23300916745734,2.978773111933151
1705,2023,M,2,-78.28533236174212,-84.10000000000014,-5.814667638258015,-5.814667638258015,0.0,9.072287385098889,14.886955023356904
1707,2023,F,2,40.09066368655135,52.735604601562045,12.644940915010693,12.644940915010693,0.0,22.470837784356036,9.825896869345343
1712,2023,M,2,33.826710834103096,31.059999999999945,-2.7667108341031508,-2.7667108341031508,0.0,3.6388042964856595,6.40551513058881
1714,2023,M,3,11.303630416978422,8.259999999999991,-3.0436304169784307,-3.0436304169784307,0.0,3.873834958625366,6.917465375603797
1715,2023,M,3,119.60234744940726,116.95000000000005,-2.652347449407216,-2.652347449407216,0.0,3.9230258831239553,6.575373332531171
1716,2023,M,2,-45.39515390027918,-51.98000000000002,-6.584846099720835,-6.584846099720835,0.0,3.964007285902653,10.548853385623488
1718,2023,M,3,9.223673395179048,6.019999999999982,-3.2036733951790666,-3.2036733951790666,0.0,4.064198760655245,7.267872155834311
1719,2023,M,2,76.87566235884128,73.94000000000005,-2.9356623588412276,-2.9356623588412276,0.0,4.065346328207397,7.001008687048625
1720,2023,M,2,50.40345653233726,46.99999999999977,-3.4034565323374864,-3.4034565323374864,0.0,4.5200920393861,7.923548571723586
1722,2023,M,2,146.11465434248066,138.1500000000001,-7.964654342480571,-7.964654342480571,0.0,5.517924094658156,13.482578437138727
1724,2023,F,4,-98.31528418629546,-91.77314180076246,6.542142385532998,6.542142385532998,0.0,6.825304023662511,0.28316163812951345
1725,2023,F,2,-280.99648403180163,-274.21684716037953,6.779636871422099,6.779636871422099,0.0,7.108218180084123,0.32858130866202373
1726,2023,F,3,-51.047116748673716,-44.14706367893791,6.9000530697358045,6.9000530697358045,0.0,7.188377191070003,0.28832412133419894
1727,2023,F,2,-25.006302784414174,-18.056014572207232,6.950288212206942,6.950288212206942,0.0,7.2355295504735295,0.28524133826658726
1728,2023,F,3,10.364117896201606,17.40492627524418,7.0408083790425735,7.0408083790425735,0.0,7.322761415370223,0.2819530363276499
1729,2023,F,3,-14.006330380571399,-6.9298926425324225,7.076437738038976,7.076437738038976,0.0,7.364609134340753,0.28817139630177735
1730,2023,F,2,-78.79035382493544,-71.68647467414348,7.103879150791954,7.103879150791954,0.0,7.405867448818981,0.30198829802702676
1731,2023,F,2,-68.91384046083454,-61.804132877304255,7.10970758353028,7.10970758353028,0.0,7.4099932802664625,0.3002856967361822
1732,2023,F,4,-155.7038834795976,-148.60884353580195,7.095039943795655,7.095039943795655,0.0,7.4117614937442795,0.31672154994862467
1733,2023,F,3,-21.006123284388877,-13.879449283626855,7.126674000762023,7.126674000762023,0.0,7.418244943162335,0.29157094240031256
1734,2023,F,3,-23.971632816166675,-16.83418700694392,7.137445809222754,7.137445809222754,0.0,7.4300330330133875,0.2925872237906333
1735,2023,F,3,-10.894185004328847,-3.740109161090686,7.154075843238161,7.154075843238161,0.0,7.4447681453268615,0.29069230208870067
1736,2023,F,3,10.8388098666328,18.014547367767364,7.175737501134563,7.175737501134563,0.0,7.463039684595742,0.2873021834611791
1737,2023,F,2,-10.090705284084834,-7.744982208507054,2.34572307557778,2.34572307557778,0.0,7.506655617043862,5.160932541466082
1738,2023,F,3,-89.19104584281922,-81.98148304565825,7.20956279716097,7.20956279716097,0.0,7.517854302402384,0.3082915052414137
1739,2023,F,3,24.701063121996867,32.00009061443734,7.299027492440473,7.299027492440473,0.0,7.588582841507787,0.2895553490673137
1740,2023,F,3,45.83382965199371,53.14477420811522,7.3109445561215125,7.3109445561215125,0.0,7.596834504403432,0.2858899482819197
1741,2023,F,4,-128.7281251832378,-121.37191608277453,7.356209100463275,7.356209100463275,0.0,7.678172324374373,0.3219632239110979
1742,2023,F,2,-55.58516699423126,-48.207232489096896,7.3779345051343626,7.3779345051343626,0.0,7.686423987270018,0.30848948213565563
1743,2023,F,2,-84.70172763495634,-77.32078578158507,7.380941853371269,7.380941853371269,0.0,7.695265054657966,0.31432320128669744
1744,2023,F,3,-40.41469616828772,-32.98970961003465,7.424986558253067,7.424986558253067,0.0,7.732397537688485,0.3074109794354172
1745,2023,F,2,-0.9452988101115807,1.50497398364314,2.4502727937547206,2.4502727937547206,0.0,7.740649200583903,5.290376406829182
1746,2023,F,3,-96.82884592713981,-89.35047774677787,7.47836818036194,7.47836818036194,0.0,7.799000245345951,0.32063206498401087
1747,2023,F,2,-52.44215107156015,-47.36932038076816,5.072830690791989,5.072830690791989,0.0,7.806073099256537,2.733242408464548
1749,2023,F,2,-75.69923731693643,-70.6464540305642,5.052783286372232,5.052783286372232,0.0,7.83377511040635,2.7809918240341176
1750,2023,F,3,-16.651147978722292,-9.094772111189286,7.556375867533006,7.556375867533006,0.0,7.864424144018585,0.30804827648557875
1751,2023,F,4,-93.36873178141332,-85.81832540367736,7.550406377735953,7.550406377735953,0.0,7.8732652114067605,0.32285883367080714
1752,2023,F,3,-74.48126906815992,-66.89840659813649,7.582862470023429,7.582862470023429,0.0,7.903324840526466,0.32046237050303716
1754,2023,F,3,-106.46515378662116,-98.83620012539677,7.6289536612243865,7.6289536612243865,0.0,7.95755005384035,0.32859639261596385
1755,2023,F,2,-182.5784928102039,-174.94859605187526,7.629896758328641,7.629896758328641,0.0,7.973463975139339,0.3435672168106976
1756,2023,F,3,-16.64183755788258,-8.972149344363288,7.669688213519294,7.669688213519294,0.0,7.982305042526832,0.3126168290075384
1757,2023,F,3,-17.302140547590852,-9.62804443369032,7.674096113900532,7.674096113900532,0.0,7.987020278467526,0.31292416456699357
1759,2023,F,4,25.746235093927226,33.478872697547786,7.73263760362056,7.73263760362056,0.0,8.039477278304048,0.30683967468348783
1760,2023,F,3,-28.9923314515936,-21.255286342765203,7.737045108828397,7.737045108828397,0.0,8.054801795110052,0.31775668628165477
1761,2023,F,2,87.3253052761952,95.08881856790799,7.763513291712798,7.763513291712798,0.0,8.05951703105029,0.29600373933749324
1762,2023,F,3,86.23815897452141,94.02639557660973,7.788236602088318,7.788236602088318,0.0,8.085450828722287,0.2972142266339688
1763,2023,F,3,11.916789156307914,19.721603723652834,7.80481456734492,7.80481456734492,0.0,8.11727867131981,0.31246410397488944
1764,2023,F,2,-9.013280942410574,-1.2095807071764284,7.803700235234146,7.803700235234146,0.0,8.120225693782686,0.31652545854854
1765,2023,F,4,-58.63828351951861,-50.784453754592505,7.853829764926104,7.853829764926104,0.0,8.182113165499686,0.3282834005735822
1766,2023,F,2,-8.278208186287657,-0.41034884391979176,7.867859342367865,7.867859342367865,0.0,8.186828401439925,0.3189690590720602
1767,2023,F,4,17.201770539286144,25.142987930009895,7.94121739072375,7.94121739072375,0.0,8.258146345037858,0.3169289543141076
1768,2023,F,4,48.84793773546426,56.838747695238226,7.990809959773969,7.990809959773969,0.0,8.303530490964022,0.3127205311900525
1769,2023,F,4,-68.34526112177741,-60.36012200357186,7.985139118205552,7.985139118205552,0.0,8.320623221247615,0.335484103042063
1771,2023,F,3,1.1439414021533594,9.157482069949765,8.013540667796406,8.013540667796406,0.0,8.336537142546149,0.32299647474974336
1772,2023,F,2,-58.81005190956216,-50.79138762886055,8.018664280701614,8.018664280701614,0.0,8.353629872830197,0.334965592128583
1773,2023,F,2,-5.712630363384733,2.3432418351776505,8.055872198562383,8.055872198562383,0.0,8.381921288472086,0.32604908990970216
1776,2023,F,3,18.006567459395,26.18702196801337,8.180454508618368,8.180454508618368,0.0,8.506875040891828,0.3264205322734597
1777,2023,F,4,-39.37107388332174,-31.191241982972315,8.179831900349427,8.179831900349427,0.0,8.517484321757365,0.33765242140793816
1778,2023,F,2,-45.53290444516347,-37.32250760826082,8.210396836902646,8.210396836902646,0.0,8.55049097333972,0.34009413643707376
1779,2023,F,2,-73.48523993274875,-65.27898138059254,8.206258552156214,8.206258552156214,0.0,8.551669782325007,0.3454112301687928
1780,2023,F,2,-25.08412767582513,-19.432091314174613,5.6520363616505165,5.6520363616505165,0.0,8.614146658534764,2.962110296884248
827,2023,F,2,-28.359407459513022,-21.86706577586324,6.492341683649784,6.492341683649784,0.0,14.76522314100157,8.272881457351787
1781,2023,F,3,-25.731968206251622,-20.038148792420316,5.6938194138313065,5.6938194138313065,0.0,8.678981152714641,2.9851617388833347
1782,2023,F,3,61.159065875293436,67.00592905343296,5.846863178139529,5.846863178139529,0.0,8.693716265028115,2.8468530868885864
1783,2023,F,4,-73.30339934756466,-64.94470375921128,8.358695588353385,8.358695588353385,0.0,8.710219590819179,0.3515240024657942
1784,2023,F,2,2.2879005600827895,10.668216720632472,8.380316160549683,8.380316160549683,0.0,8.71788184922275,0.3375656886730667
1785,2023,F,2,12.895852400925605,18.71337073803602,5.817518337110414,5.817518337110414,0.0,8.769749444566287,2.952231107455873
1786,2023,F,2,150.50835627366473,153.79565840523514,3.2873021315704136,3.2873021315704136,0.0,8.793915028760694,5.50661289719028
1788,2023,F,2,30.034675886444347,32.94020667481436,2.905530788370015,2.905530788370015,0.0,8.852266073522287,5.946735285152272
1791,2023,F,4,41.214825149452054,49.82230488827531,8.607479738823258,8.607479738823258,0.0,8.946570792329567,0.3390910535063085
1792,2023,F,2,67.28253801086157,70.34638273412861,3.0638447232670387,3.0638447232670387,0.0,8.961305904643268,5.897461181376229
1793,2023,F,2,30.50858853191812,36.514484296195405,6.005895764277284,6.005895764277284,0.0,9.010815882016914,3.00492011773963
1795,2023,F,4,-55.8179912550288,-47.110967434225586,8.707023820803215,8.707023820803215,0.0,9.069166926778507,0.3621431059752922
1796,2023,F,4,-55.657254896205814,-46.878815091125034,8.77843980508078,8.77843980508078,0.0,9.143431892839317,0.3649920877585373
1797,2023,F,3,50.34976118217401,59.179919283586514,8.830158101412508,8.830158101412508,0.0,9.176438544421899,0.3462804430093911
1798,2023,F,3,53.409950747669654,62.31207162668693,8.902120879017275,8.902120879017275,0.0,9.250703510482708,0.3485826314654332
1799,2023,F,3,-11.453718518336018,-2.448253151150084,9.005465367185934,9.005465367185934,0.0,9.370942026961757,0.36547665977582255
1800,2023,F,3,86.4297017696515,95.47345583304423,9.043754063392726,9.043754063392726,0.0,9.391571184200302,0.34781712080757643
1804,2023,F,4,66.86671805012429,76.08354734929299,9.216829299168694,9.216829299168694,0.0,9.575465385874395,0.358636086705701
863,2023,M,5,53.740783203217916,70.02999999999997,16.289216796782057,16.289216796782057,0.0,16.63994175207904,0.35072495529698244
1809,2023,M,4,-56.809248844136164,-49.42000000000007,7.389248844136091,7.389248844136091,0.0,7.756589438706442,0.36734059457035073
1810,2023,M,2,-67.8988682489869,-60.440000000000055,7.458868248986846,7.458868248986846,0.0,7.832179131962448,0.373310882975602
1811,2023,M,3,-30.648635180570636,-23.169999999999845,7.478635180570791,7.478635180570791,0.0,7.844036338748083,0.365401158177292
1812,2023,M,2,-26.814493203636175,-19.309999999999945,7.50449320363623,7.50449320363623,0.0,7.87022100373224,0.36572780009601047
1813,2023,M,2,-11.320068889493768,-3.7799999999999727,7.540068889493796,7.540068889493796,0.0,7.903816422957107,0.3637475334633109
1814,2023,M,3,-23.334018993340806,-15.75,7.5840189933408055,7.5840189933408055,0.0,7.952727400946287,0.3687084076054816
1815,2023,M,3,-39.24294116916053,-31.63000000000011,7.612941169160422,7.612941169160422,0.0,7.986816870454049,0.37387570129362757
1816,2023,M,2,-55.58432069718333,-47.960000000000036,7.624320697183293,7.624320697183293,0.0,8.002626479501032,0.3783057823177387
1817,2023,M,3,-41.663212158630586,-33.99000000000001,7.673212158630577,7.673212158630577,0.0,8.050549356924876,0.377337198294299
1818,2023,M,3,-34.6493201491171,-26.950000000000045,7.699320149117057,7.699320149117057,0.0,8.076239971626364,0.3769198225093078
1819,2023,M,4,-2.0933587666113453,5.710000000000036,7.803358766611382,7.803358766611382,0.0,8.17752027958386,0.3741615129724778
26830,2025,F,5,106.06933452293765,121.97390567250909,15.904571149571439,15.904571149571439,0.0,27.46945660659071,11.564885457019273
1822,2023,M,4,-16.225588161791165,-8.349999999999909,7.875588161791256,7.875588161791256,0.0,8.256568324819227,0.3809801630279708
1823,2023,M,3,-84.7256050921128,-76.84999999999991,7.875605092112892,7.875605092112892,0.0,8.272871984148878,0.39726689203598653
1824,2023,M,2,-13.321508538404714,-5.400000000000091,7.921508538404623,7.921508538404623,0.0,8.303997151960402,0.382488613555779
1825,2023,M,2,-13.886938884270876,-5.9500000000000455,7.93693888427083,7.93693888427083,0.0,8.32030081129028,0.3833619270194504
1826,2023,M,3,-53.79589914863118,-45.86000000000013,7.9358991486310515,7.9358991486310515,0.0,8.328699666096554,0.3928005174655027
1827,2023,M,4,-70.61084397037553,-62.649999999999864,7.960843970375663,7.960843970375663,0.0,8.358836733342287,0.39799276296662356
1828,2023,M,3,-31.822001989491355,-23.84999999999991,7.972001989491446,7.972001989491446,0.0,8.361306984756084,0.3893049952646379
1829,2023,M,2,3.8526796036157975,9.400000000000091,5.547320396384293,5.547320396384293,0.0,8.361306984756084,2.8139865883717903
1831,2023,M,2,-74.2257212946995,-68.79999999999995,5.425721294699542,5.425721294699542,0.0,8.375140392672165,2.9494190979726227
1832,2023,M,4,-70.19260287541465,-62.16000000000008,8.032602875414568,8.032602875414568,0.0,8.433932376315852,0.4013295009012836
1834,2023,M,3,-65.8404405440142,-57.73000000000002,8.110440544014182,8.110440544014182,0.0,8.514462572399225,0.4040220283850431
1835,2023,M,4,-99.89789959027303,-91.78999999999996,8.107899590273064,8.107899590273064,0.0,8.51989712550926,0.4119975352361962
1836,2023,M,3,-64.4156528670203,-56.26999999999998,8.145652867020317,8.145652867020317,0.0,8.55102229332033,0.4053694263000125
1837,2023,M,2,-14.568551225180954,-6.380000000000109,8.188551225180845,8.188551225180845,0.0,8.584123662262755,0.3955724370819098
1838,2023,M,3,77.1249870974741,85.34000000000015,8.215012902526041,8.215012902526041,0.0,8.590052265655459,0.3750393631294173
1839,2023,M,4,-9.100710968679095,-0.8600000000001273,8.240710968678968,8.240710968678968,0.0,8.637481092796634,0.39677012411766555
1841,2023,M,4,-18.555439826299562,-10.289999999999964,8.265439826299598,8.265439826299598,0.0,8.665641958911692,0.4002021326120939
1843,2023,M,2,-27.427773221121015,-24.310000000000173,3.117773221120842,3.117773221120842,0.0,8.695779026157425,5.578005805036582
1844,2023,M,2,20.229678401051387,23.50999999999999,3.2803215989486034,3.2803215989486034,0.0,8.731350646513192,5.451029047564589
1846,2023,M,2,-67.07800178698585,-61.40000000000009,5.67800178698576,5.67800178698576,0.0,8.737773300188564,3.0597715132028043
1847,2023,M,4,28.98362367982304,37.33999999999992,8.356376320176878,8.356376320176878,0.0,8.749630506973972,0.393254186797094
1848,2023,M,2,38.106521870972756,41.450000000000045,3.3434781290272895,3.3434781290272895,0.0,8.750618607539536,5.407140478512247
1849,2023,M,4,5.083859993359056,13.439999999999827,8.356140006640771,8.356140006640771,0.0,8.755065060084007,0.3989250534432358
1850,2023,M,2,-12.9658165754513,-4.6099999999999,8.3558165754514,8.3558165754514,0.0,8.75901746234581,0.40320088689441036
1851,2023,M,3,-45.22085572321157,-36.86999999999989,8.35085572321168,8.35085572321168,0.0,8.76148771375938,0.4106319905476994
1852,2023,M,2,-10.090142678555594,-4.2999999999999545,5.79014267855564,5.79014267855564,0.0,8.762969864607385,2.9728271860517452
1853,2023,M,2,-24.89762604901989,-16.519999999999982,8.37762604901991,8.37762604901991,0.0,8.784708077047071,0.40708202802716187
1855,2023,M,4,-96.84854780997989,-88.45000000000005,8.398547809979846,8.398547809979846,0.0,8.823738049381973,0.4251902394021272
1856,2023,M,4,60.64308878124098,69.09999999999991,8.456911218758933,8.456911218758933,0.0,8.84745246295256,0.3905412441936278
1857,2023,M,4,26.896252615837057,35.419999999999845,8.523747384162789,8.523747384162789,0.0,8.925512407622364,0.4017650234595749
1858,2023,M,3,-25.65586919844168,-17.11999999999989,8.535869198441787,8.535869198441787,0.0,8.950708972040957,0.41483977359916935
1859,2023,M,3,-46.551599720741706,-38.01999999999998,8.531599720741724,8.531599720741724,0.0,8.951203022323853,0.41960330158212855
1861,2023,M,2,-77.41025330152024,-74.34000000000015,3.070253301520097,3.070253301520097,0.0,8.992209195789655,5.9219558942695585
1863,2023,M,4,60.91284932911958,69.58999999999992,8.677150670880337,8.677150670880337,0.0,9.078173944982836,0.40102327410249927
1864,2023,M,2,-285.0686522664166,-276.4699999999998,8.59865226641682,8.59865226641682,0.0,9.078173944982836,0.4795216785660159
1865,2023,M,3,82.82817419878756,91.53999999999996,8.711825801212399,8.711825801212399,0.0,9.109299112794133,0.3974733115817344
1866,2023,M,2,47.937357442249095,51.450000000000045,3.512642557750951,3.512642557750951,0.0,9.12609682240668,5.613454264655729
1867,2023,M,3,-55.55626029817836,-46.83999999999992,8.71626029817844,8.71626029817844,0.0,9.14684693428103,0.4305866361025892
1868,2023,M,3,-28.939371407571798,-20.20999999999981,8.729371407571989,8.729371407571989,0.0,9.154257688521739,0.42488628094974956
1869,2023,M,3,-13.86740671397979,-5.119999999999891,8.747406713979899,8.747406713979899,0.0,9.169573247286053,0.4221665333061537
1870,2023,M,3,-106.7384948189208,-97.99000000000001,8.74849481892079,8.74849481892079,0.0,9.192793610573972,0.444298791653182
1871,2023,M,2,-31.88602033511097,-28.579999999999927,3.306020335111043,3.306020335111043,0.0,9.24466889025939,5.938648555148347
1873,2023,M,3,-30.200551173343456,-21.38000000000011,8.820551173343347,8.820551173343347,0.0,9.250103443369653,0.42955227002630636
1874,2023,M,2,-507.2312775187329,-498.51,8.721277518732904,8.721277518732904,0.0,9.259490398741264,0.5382128800083592
1875,2023,M,3,24.68766502734684,33.54000000000019,8.852334972653352,8.852334972653352,0.0,9.270359504961107,0.41802453230775427
1876,2023,M,3,-110.9350149234599,-102.0300000000002,8.905014923459703,8.905014923459703,0.0,9.35780640500252,0.45279148154281756
1877,2023,M,4,-23.00335287484404,-14.059999999999945,8.943352874844095,8.943352874844095,0.0,9.377074366028637,0.4337214911845422
1878,2023,M,3,-38.03096153620663,-29.049999999999955,8.980961536206678,8.980961536206678,0.0,9.420056740625341,0.43909520441866334
1879,2023,M,2,24.98429463515845,28.54000000000019,3.5557053648417423,3.5557053648417423,0.0,9.438336601085894,5.882631236244151
1880,2023,M,4,-46.49837082274189,-37.5,8.99837082274189,8.99837082274189,0.0,9.440312802216795,0.44194197947490466
1881,2023,M,3,-14.163250793239968,-5.149999999999864,9.013250793240104,9.013250793240104,0.0,9.448217606740172,0.4349668135000684
1882,2023,M,3,-90.43763298681824,-81.42000000000007,9.017632986818171,9.017632986818171,0.0,9.470943919745423,0.453310932927252
1883,2023,M,4,-9.942397821023405,-0.8900000000001,9.052397821023305,9.052397821023305,0.0,9.488235679640411,0.43583785861710567
1884,2023,M,2,-26.450299320236127,-23.0,3.4502993202361267,3.4502993202361267,0.0,9.590010037880802,6.139710717644675
1886,2023,M,4,-4.558437082037244,4.680000000000064,9.238437082037308,9.238437082037308,0.0,9.681903390466914,0.4434663084296062
1887,2023,M,2,-3.709787078260433,2.7000000000000455,6.409787078260479,6.409787078260479,0.0,9.681903390466914,3.2721163122064354
1888,2023,M,2,66.04489082857481,69.81999999999994,3.775109171425129,3.775109171425129,0.0,9.684373641880484,5.909264470455355
1889,2023,M,3,-12.391647944552233,-3.130000000000109,9.261647944552124,9.261647944552124,0.0,9.708088055451071,0.44644011089894775
1890,2023,M,2,46.21013743408457,49.960000000000036,3.749862565915464,3.749862565915464,0.0,9.784665849272642,6.034803283357178
1891,2023,M,2,9.857158102290214,16.40000000000009,6.542841897709877,6.542841897709877,0.0,9.848398335743695,3.3055564380338183
1892,2023,M,3,-54.345457230931515,-44.94999999999982,9.395457230931697,9.395457230931697,0.0,9.858279341397974,0.4628221104662771
1894,2023,M,3,43.90351532138743,53.399999999999864,9.496484678612433,9.496484678612433,0.0,9.940785738612249,0.44430105999981606
1895,2023,M,3,44.40161546530453,53.909999999999854,9.508384534695324,9.508384534695324,0.0,9.953136995680325,0.44475246098500065
1896,2023,M,2,-12.189589936924449,-2.6699999999998454,9.519589936924604,9.519589936924604,0.0,9.978333560099145,0.4587436231745414
1899,2023,M,3,31.860934646026863,41.49000000000001,9.629065353973147,9.629065353973147,0.0,10.082578169753106,0.45351281577995906
1900,2023,M,3,13.151506816610436,22.789999999999964,9.638493183389528,9.638493183389528,0.0,10.096905627951855,0.45841244456232744
1901,2023,M,3,5.170587784861709,14.820000000000164,9.649412215138454,9.649412215138454,0.0,10.110244985585268,0.4608327704468138
1905,2023,M,4,4.355709290234017,14.069999999999709,9.714290709765692,9.714290709765692,0.0,10.178423924600793,0.46413321483510117
1906,2023,M,3,-177.47869269088096,-167.79999999999973,9.678692690881235,9.678692690881235,0.0,10.18435252799327,0.5056598371120344
1907,2023,M,2,109.5942132831442,119.38000000000011,9.78578671685591,9.78578671685591,0.0,10.22832300315531,0.44253628629940067
1908,2023,M,3,-114.92851836196041,-105.18000000000029,9.748518361960123,9.748518361960123,0.0,10.24265046135406,0.4941320993939371
1910,2023,M,2,21.73867274146778,28.59999999999991,6.861327258532128,6.861327258532128,0.0,10.298972193584177,3.437644935052049
1911,2023,M,2,40.65787717389412,47.59999999999991,6.942122826105788,6.942122826105788,0.0,10.373079735992178,3.4309569098863903
1912,2023,M,2,-125.60138995054604,-115.48000000000002,10.121389950546018,10.121389950546018,0.0,10.635914486399543,0.5145245358535249
1914,2023,M,3,119.78571247296327,130.05000000000018,10.264287527036913,10.264287527036913,0.0,10.727313788702759,0.4630262616658456
1917,2023,M,3,-14.943374650410533,-4.579999999999927,10.363374650410606,10.363374650410606,0.0,10.863177616450685,0.4998029660400789
1919,2023,M,4,-68.59711256355467,-57.98000000000002,10.617112563554656,10.617112563554656,0.0,11.141821975905259,0.5247094123506031
1920,2023,M,3,36.25855039711678,46.940000000000055,10.681449602883276,10.681449602883276,0.0,11.18431030021884,0.5028606973355636
1922,2023,M,2,82.63022435741186,93.9699999999998,11.339775642587938,11.339775642587938,0.0,11.863135388676255,0.5233597460883175
1926,2023,F,3,-37.89818625310545,-27.0,10.89818625310545,10.89818625310545,0.0,17.378399015153036,6.480212762047586
1928,2023,F,2,-73.41607947351099,-62.200000000000045,11.216079473510945,11.216079473510945,0.0,18.137575380735143,6.921495907224198
1929,2023,F,3,-42.286630140654324,-30.899999999999864,11.38663014065446,11.38663014065446,0.0,18.17699659904838,6.790366458393919
1930,2023,F,3,-9.368950962405734,2.3999999999998636,11.768950962405597,11.768950962405597,0.0,18.535602520479188,6.76665155807359
1931,2023,F,3,13.46279377111,25.40000000000009,11.93720622889009,11.93720622889009,0.0,18.632248087957123,6.695041859067032
1932,2023,F,2,-57.63907709904743,-46.0,11.639077099047427,11.639077099047427,0.0,18.685657480510372,7.046580381462945
1933,2023,F,3,10.499963109905366,22.59999999999991,12.100036890094543,12.100036890094543,0.0,18.909468268353976,6.809431378259433
1934,2023,F,3,-62.00265767503879,-50.200000000000045,11.802657675038745,11.802657675038745,0.0,18.974322530740437,7.171664855701692
1935,2023,F,3,-36.75966015134259,-24.600000000000136,12.15966015134245,12.15966015134245,0.0,19.34945993081851,7.189799779476061
1936,2023,F,3,33.75096382669631,46.299999999999955,12.549036173303648,12.549036173303648,0.0,19.443562193888965,6.894526020585317
1937,2023,F,3,-48.570619482442,-36.30000000000018,12.270619482441816,12.270619482441816,0.0,19.61014863256787,7.3395291501260544
1939,2023,F,3,-140.24333650985318,-128.19999999999982,12.043336509853361,12.043336509853361,0.0,19.925518379074447,7.882181869221085
1942,2023,F,3,-36.39332680200505,-23.799999999999955,12.593326802005095,12.593326802005095,0.0,20.02725055536689,7.433923753361796
1943,2023,F,3,-42.785346589363144,-30.200000000000045,12.585346589363098,12.585346589363098,0.0,20.06158516486539,7.476238575502293
1946,2023,F,3,31.967686267786576,45.09999999999991,13.132313732213333,13.132313732213333,0.0,20.37186830255746,7.239554570344126
1947,2023,F,3,-63.1132468776666,-50.40000000000009,12.713246877666506,12.713246877666506,0.0,20.411289520870696,7.6980426432041895
1948,2023,F,3,17.96018711992201,31.09999999999991,13.139812880077898,13.139812880077898,0.0,20.4863170008864,7.346504120808504
1949,2023,F,3,-25.55677508814938,-12.599999999999909,12.95677508814947,12.95677508814947,0.0,20.51810830597765,7.561333217828178
1951,2023,F,2,28.82376711449524,41.299999999999955,12.476232885504714,12.476232885504714,0.0,20.65544674397256,8.179213858467847
1952,2023,F,3,2.0828124835347808,15.299999999999955,13.217187516465174,13.217187516465174,0.0,20.724115962970018,7.506928446504844
1953,2023,F,3,30.545789771732416,43.90000000000009,13.354210228267675,13.354210228267675,0.0,20.73047422398804,7.376263995720365
1954,2023,F,3,-33.38391437859423,-20.299999999999955,13.083914378594272,13.083914378594272,0.0,20.774982051116012,7.69106767252174
1955,2023,F,2,49.00872118483517,61.799999999999955,12.791278815164787,12.791278815164787,0.0,21.00769440438512,8.216415589220333
1956,2023,F,2,34.39763507094972,48.0,13.602364929050282,13.602364929050282,0.0,21.09162344982633,7.489258520776048
1960,2023,F,2,-106.55153473036171,-93.19999999999982,13.351534730361891,13.351534730361891,0.0,21.731264508264985,8.379729777903094
1961,2023,F,3,-321.67813346621074,-309.29999999999995,12.378133466210784,12.378133466210784,0.0,21.780858944207466,9.402725477996682
1962,2023,F,3,-6.355280545136338,7.5,13.855280545136338,13.855280545136338,0.0,21.787217205225716,7.931936660089377
1963,2023,F,2,10.43628296116026,23.670000000000073,13.233717038839814,13.233717038839814,0.0,22.084783820881057,8.851066782041244
1965,2023,F,3,-58.33741487694465,-44.399999999999864,13.937414876944786,13.937414876944786,0.0,22.29714973889145,8.359734861946663
1967,2023,F,2,181.54780483453828,195.79999999999995,14.252195165461671,14.252195165461671,0.0,22.302236347706184,8.050041182244513
1968,2023,F,2,-7.51470986452432,5.880000000000109,13.39470986452443,13.39470986452443,0.0,22.51078730910558,9.116077444581151
1971,2023,F,3,-41.18757894272926,-26.699999999999818,14.487578942729442,14.487578942729442,0.0,23.034708017011553,8.547129074282111
1972,2023,F,2,-123.04003667813163,-108.89999999999986,14.140036678131764,14.140036678131764,0.0,23.08938906176877,8.949352383637006
1973,2023,F,2,-3.2873454035689065,10.700000000000045,13.987345403568952,13.987345403568952,0.0,23.467069766254326,9.479724362685374
1975,2023,F,3,71.15012799366195,86.90000000000009,15.749872006338137,15.749872006338137,0.0,24.191911522337932,8.442039515999795
1976,2023,F,2,80.78802725356786,95.70000000000005,14.911972746432184,14.911972746432184,0.0,24.284742133204645,9.372769386772461
1979,2023,F,2,100.29162183462563,115.72000000000003,15.428378165374397,15.428378165374397,0.0,24.98033588860403,9.551957723229634
1981,2023,F,2,164.61225514442913,180.54999999999995,15.937744855570827,15.937744855570827,0.0,25.274087547648378,9.336342692077551
1983,2023,F,3,159.0628664784524,176.20000000000005,17.13713352154764,17.13713352154764,0.0,25.724252427742385,8.587118906194746
1985,2023,F,2,61.2499487283726,78.19999999999982,16.950051271627217,16.950051271627217,0.0,26.147712611559655,9.197661339932438
1986,2023,F,2,115.80695131048083,132.37000000000012,16.56304868951929,16.56304868951929,0.0,26.74666079948156,10.183612109962269
1987,2023,F,3,29.177663651973944,47.19999999999982,18.022336348025874,18.022336348025874,0.0,28.065364134671654,10.04302778664578
1989,2023,M,3,18.514650075060217,31.399999999999864,12.885349924939646,12.885349924939646,0.0,18.82326007535653,5.937910150416883
1990,2023,M,3,7.596965327705902,20.5,12.903034672294098,12.903034672294098,0.0,18.913005878080185,6.009971205786087
1991,2023,M,3,0.3446278927226558,13.299999999999955,12.955372107277299,12.955372107277299,0.0,19.03225715019221,6.07688504291491
1992,2023,M,2,4.8646220810412615,16.25,11.385377918958739,11.385377918958739,0.0,19.187160864482394,7.801782945523655
1993,2023,M,3,8.172098860399956,21.299999999999955,13.127901139599999,13.127901139599999,0.0,19.240024830470247,6.1121236908702485
1994,2023,M,2,-17.57033225630221,-4.400000000000091,13.170332256302117,13.170332256302117,0.0,19.45271008897953,6.282377832677412
1995,2023,M,2,-70.51426274322125,-57.5,13.014262743221252,13.014262743221252,0.0,19.53262073524047,6.518357992019219
1996,2023,M,3,33.83995445495907,47.299999999999955,13.460045545040884,13.460045545040884,0.0,19.57810833388112,6.118062788840234
1997,2023,M,3,1.0814765330919727,14.5,13.418523466908027,13.418523466908027,0.0,19.70842415701395,6.289900690105924
1998,2023,M,3,22.486348005870013,36.0,13.513651994129987,13.513651994129987,0.0,19.723176891708363,6.209524897578376
1999,2023,M,3,10.505946281707566,24.09999999999991,13.594053718292344,13.594053718292344,0.0,19.91127425906052,6.317220540768176
2000,2023,M,3,-314.84342030964126,-302.5,12.34342030964126,12.34342030964126,0.0,19.973973381511087,7.6305530718698265
2001,2023,M,2,8.724331061928751,22.40000000000009,13.67566893807134,13.67566893807134,0.0,20.041590082193352,6.365921144122012
2002,2023,M,3,-15.302738258804311,-1.5,13.802738258804311,13.802738258804311,0.0,20.368609034583415,6.5658707757791035
2003,2023,M,2,0.045689164699069806,12.160000000000082,12.114310835301012,12.114310835301012,0.0,20.45958423186471,8.345273396563698
2004,2023,M,3,-28.235007485581036,-14.400000000000091,13.835007485580945,13.835007485580945,0.0,20.49154849036904,6.656541004788096
2005,2023,M,3,-32.167906203064376,-18.300000000000182,13.867906203064194,13.867906203064194,0.0,20.56285337472491,6.694947171660715
2006,2023,M,3,-5.880768874268142,8.099999999999909,13.980768874268051,13.980768874268051,0.0,20.57514732030336,6.594378446035307
2007,2023,M,2,102.38217685529298,116.80000000000018,14.4178231447072,14.4178231447072,0.0,20.5849824767663,6.1671593320591
2008,2023,M,3,-25.33106460553313,-11.399999999999864,13.931064605533265,13.931064605533265,0.0,20.615717340712763,6.6846527351794975
2009,2023,M,2,16.995660223823734,31.09999999999991,14.104339776176175,14.104339776176175,0.0,20.62309370805997,6.5187539318837935
2011,2023,M,3,14.384297286880383,28.700000000000045,14.315702713119663,14.315702713119663,0.0,20.948883265892164,6.633180552772501
2013,2023,M,2,35.53911255745811,48.25,12.710887442541889,12.710887442541889,0.0,21.162797918959313,8.451910476417424
2014,2023,M,2,8.177186728746847,22.700000000000045,14.522813271253199,14.522813271253199,0.0,21.28942555841877,6.766612287165572
2019,2023,M,2,1.8104633725679378,16.59999999999991,14.789536627431971,14.789536627431971,0.0,21.718484259111165,6.928947631679193
2020,2023,M,3,53.27242427480769,68.29999999999995,15.027575725192264,15.027575725192264,0.0,21.767660041425188,6.740084316232924
2021,2023,M,2,20.724698250312485,33.75999999999999,13.035301749687505,13.035301749687505,0.0,21.83773553122319,8.802433781535683
2022,2023,M,3,9.439149171620784,24.5,15.060850828379216,15.060850828379216,0.0,22.07254989177386,7.011699063394644
2023,2023,M,3,16.932379910132568,32.09999999999991,15.167620089867341,15.167620089867341,0.0,22.185654191096774,7.018034101229432
2029,2023,M,3,-158.97587893250534,-144.29999999999995,14.675878932505384,14.675878932505384,0.0,22.490544041445673,7.814665108940289
2031,2023,M,2,-20.667089187541933,-5.2999999999999545,15.367089187541978,15.367089187541978,0.0,22.698311721723258,7.331222534181279
2032,2023,M,3,81.49417177827445,97.29999999999995,15.805828221725506,15.805828221725506,0.0,22.746258109479868,6.940429887754362
2033,2023,M,2,0.10738376624431112,13.6400000000001,13.532616233755789,13.532616233755789,0.0,22.85444483057131,9.321828596815521
2034,2023,M,3,-16.535380404237458,-0.8999999999998636,15.635380404237594,15.635380404237594,0.0,23.06835948363846,7.432979079400866
2035,2023,M,2,40.29470801685579,54.340000000000146,14.045291983144352,14.045291983144352,0.0,23.375708123102868,9.330416139958515
2037,2023,M,2,-0.7891689556793153,15.200000000000045,15.98916895567936,15.98916895567936,0.0,23.496188789772987,7.507019834093626
2038,2023,M,2,-106.41114543379149,-90.79999999999995,15.611145433791535,15.611145433791535,0.0,23.557658517665914,7.946513083874379
2040,2023,M,2,-43.84593748618295,-30.0,13.845937486182947,13.845937486182947,0.0,23.760508619712255,9.914571133529307
2041,2023,M,2,-5.316756269651023,11.0,16.316756269651023,16.316756269651023,0.0,24.003928742168227,7.687172472517204
2042,2023,M,2,-0.2188817933458722,14.039999999999964,14.258881793345836,14.258881793345836,0.0,24.083839388428714,9.824957595082878
2043,2023,M,2,19.65360004718218,34.100000000000136,14.446399952817956,14.446399952817956,0.0,24.230137340813826,9.78373738799587
2044,2023,M,3,76.143554179077,93.20000000000005,17.056445820923045,17.056445820923045,0.0,24.61493783742344,7.558492016500395
2045,2023,M,2,157.9389290281556,173.52999999999997,15.591070971844374,15.591070971844374,0.0,24.97760923199121,9.386538260146835
2051,2023,M,3,157.81068587769823,177.4000000000001,19.589314122301857,19.589314122301857,0.0,27.8593100756093,8.269995953307443
2053,2023,M,2,34.327550648366014,54.40000000000009,20.072449351634077,20.072449351634077,0.0,29.290325340955405,9.217875989321328
2054,2023,M,3,-938.0392790339529,-920.3000000000002,17.7392790339527,17.7392790339527,0.0,31.541346776392857,13.802067742440158
2057,2023,M,2,-34.47940722879048,1.400000000000091,35.87940722879057,35.87940722879057,0.0,42.08180520880501,6.202397980014439
2059,2023,M,2,-0.4525440819254527,40.200000000000045,40.6525440819255,40.6525440819255,0.0,47.50071998121257,6.848175899287071
2061,2023,F,3,109.81513541000663,145.83999999999992,36.024864589993285,36.024864589993285,0.0,43.634131446401625,7.60926685640834
2062,2023,F,3,18.664765812070755,59.069999999999936,40.40523418792918,40.40523418792918,0.0,49.63926649837504,9.234032310445855
2064,2023,F,2,66.39669378479152,111.79999999999995,45.40330621520843,45.40330621520843,0.0,54.998386086384926,9.595079871176495
2065,2023,M,2,10.91855289917521,46.409999999999854,35.491447100824644,35.491447100824644,0.0,44.87176828135739,9.380321180532746
2067,2023,M,2,50.205664123031056,90.20000000000005,39.99433587696899,39.99433587696899,0.0,49.4898190189856,9.49548314201661
2069,2023,M,2,-98.35054421663517,-98.63000000000011,-0.2794557833649378,-0.2794557833649378,0.0,28.405872517368834,28.685328300733772
2071,2023,M,2,-59.78462336676057,-59.40000000000009,0.38462336676047926,0.38462336676047926,0.0,28.314984911480224,27.930361544719744
2073,2023,F,2,-21.66412471239414,-16.99000000000001,4.674124712394132,4.674124712394132,0.0,4.959729951047166,0.28560523865303367
2074,2023,F,2,-107.72801515576248,-102.87000000000012,4.858015155762359,4.858015155762359,0.0,5.1718933804106655,0.31387822464830606
2075,2023,F,3,-1.8650598145513868,3.0399999999999636,4.90505981455135,4.90505981455135,0.0,5.200603493296285,0.29554367874493437
2079,2023,F,2,-14.559440767329988,-9.580000000000155,4.979440767329834,4.979440767329834,0.0,5.281998484614633,0.30255771728479885
2082,2023,F,2,59.358052536454124,64.47000000000003,5.111947463545903,5.111947463545903,0.0,5.407700432150705,0.29575296860480194
2083,2023,F,2,-31.012276368871426,-25.909999999999854,5.102276368871571,5.102276368871571,0.0,5.415515410975331,0.31323904210375986
7706,2025,F,2,82.26667987150086,107.5371520122003,25.27047214069944,25.27047214069944,0.0,37.89001567592163,12.619543535222192
16154,2024,F,3,114.98477252963403,146.16844154565297,31.18366901601894,31.18366901601894,0.0,37.75868162163533,6.575012605616394
577,2024,F,4,92.81147293401932,127.19999999999982,34.3885270659805,34.3885270659805,0.0,40.80712968009766,6.418602614117162
18921,2024,F,3,51.424356533141236,55.200000000000045,3.77564346685881,3.77564346685881,0.0,39.65132682363128,35.87568335677247
4231,2024,F,2,131.69476045646456,133.09054367532372,1.395783218859151,1.395783218859151,0.0,37.44253591043912,36.04675269157997
2386,2024,F,3,198.34796865050453,230.87508841632393,32.52711976581941,32.52711976581941,0.0,38.95329779263034,6.4261780268109305
16155,2024,F,2,151.7990877320051,153.66727970211105,1.8681919701059542,1.8681919701059542,0.0,38.056687824812116,36.18849585470616
574,2024,F,3,67.48798720451714,101.09999999999991,33.61201279548277,33.61201279548277,0.0,40.01056284658716,6.398550051104394
16153,2024,F,3,112.12185574397813,142.84017890531823,30.718323161340095,30.718323161340095,0.0,37.20153958960941,6.483216428269316
7945,2024,F,3,-59.83014266689156,-82.00571685918953,-22.175574192297972,-22.175574192297972,0.0,0.1853548687545299,22.360929061052502
620,2024,F,4,61.390500898036635,96.10000000000014,34.7094991019635,34.7094991019635,0.0,41.36160267205105,6.652103570087547
18927,2024,F,2,84.45851111679508,89.20000000000005,4.7414888832049655,4.7414888832049655,0.0,41.856202993511715,37.11471411030675
3002,2024,F,3,87.17815248497755,123.70000000000005,36.5218475150225,36.5218475150225,0.0,43.399876628386664,6.878029113364164
3000,2024,F,4,94.1035084385303,129.89999999999986,35.796491561469566,35.796491561469566,0.0,42.49137393265096,6.694882371181393
7944,2024,F,3,36.49971550510941,0.8843643352695381,-35.61535116983987,-35.61535116983987,0.0,0.1845729100891731,35.79992407992904
578,2024,F,4,91.5841358702346,127.29999999999995,35.71586412976535,35.71586412976535,0.0,42.408072825878435,6.692208696113084
606,2024,F,3,118.07145414649176,154.4000000000001,36.32854585350833,36.32854585350833,0.0,43.001593211631416,6.673047358123085
18929,2024,F,4,122.32054404642827,158.89999999999986,36.579455953571596,36.579455953571596,0.0,43.28013128740122,6.700675333829622
20403,2024,F,2,21.191856313845392,52.399999999999864,31.20814368615447,31.20814368615447,0.0,37.88208226930033,6.673938583145855
28511,2025,F,3,44.160000503484525,87.16017960999443,43.000179106509904,43.000179106509904,0.0,58.71622744870683,15.716048342196927
4025,2024,F,2,-95.14620525135183,-113.39999999999986,-18.253794748648033,-18.253794748648033,0.0,9.839597258493995,28.09339200714203
2509,2023,F,2,-109.31656619321325,-83.36050481159737,25.956061381615882,25.956061381615882,0.0,31.19686223673716,5.240800855121279
2537,2023,F,3,-188.57125979674402,-206.32558771730874,-17.75432792056472,-17.75432792056472,0.0,48.284614463470916,66.03894238403564
2514,2023,F,3,-38.29958931973647,-48.0131069348447,-9.71351761510823,-9.71351761510823,0.0,32.435412281006165,42.148929896114396
2540,2023,M,3,-23.162381925023737,-13.419168555959232,9.743213369064506,9.743213369064506,0.0,25.435490816667652,15.692277447603146
245,2024,F,5,78.06996186962715,142.43868324380924,64.36872137418209,64.36872137418209,0.0,72.31965069807393,7.950929323891842
6903,2024,M,6,-89.59927776968016,-58.220492624008784,31.378785145671372,31.378785145671372,0.0,47.49812975122745,16.11934460555608
363,2024,M,4,-114.05698058371672,-82.80406778235601,31.252912801360708,31.252912801360708,0.0,47.67659399126637,16.423681189905665
364,2024,M,7,-59.23647351611908,-27.100111224400507,32.13636229171857,32.13636229171857,0.0,48.16125761247645,16.024895320757878
3360,2024,F,6,68.85641714453232,130.5083545654229,61.65193742089059,61.65193742089059,0.0,69.55905393925605,7.907116518365456
7,2024,M,8,43.965778480359404,108.83581859800051,64.87004011764111,64.87004011764111,0.0,74.24771948582838,9.377679368187273
1,2024,M,5,-18.556354499729196,62.079528961296546,80.63588346102574,80.63588346102574,0.0,92.79045703339102,12.15457357236528
28512,2025,F,2,-34.047890203405814,-26.554971436690494,7.49291876671532,7.49291876671532,0.0,13.061352012046882,5.568433245331562
3859,2023,M,3,-15.953191775260848,-17.986145881259972,-2.0329541059991243,-2.0329541059991243,0.0,29.176314974997695,31.20926908099682
18934,2024,F,2,175.17724444855207,182.4000000000001,7.222755551448017,7.222755551448017,0.0,45.183040945231824,37.960285393783806
26831,2025,F,4,-125.0966871833541,-110.89342624675214,14.203260936601964,14.203260936601964,0.0,27.479294532458198,13.276033595856234
594,2024,F,3,138.08650834787954,174.5999999999999,36.513491652120365,36.513491652120365,0.0,43.116132233443295,6.60264058132293
1512,2023,F,4,80.61516670440096,85.62366340967037,5.008496705269408,5.008496705269408,0.0,57.6207585868392,52.61226188156979
1542,2023,M,4,-113.3482687864821,-96.29999999999995,17.04826878648214,17.04826878648214,0.0,48.13824289474542,31.089974108263277
1552,2023,M,3,-91.92678296960594,-74.09999999999991,17.82678296960603,17.82678296960603,0.0,49.168980734505794,31.342197764899765
20405,2024,F,2,-34.513144619313834,-2.8999999999998636,31.61314461931397,31.61314461931397,0.0,38.67877659997521,7.065631980661237
18950,2024,F,2,376.1421914025898,388.79999999999995,12.657808597410167,12.657808597410167,0.0,51.57119457083559,38.91338597342542
7746,2024,F,2,13.761125488198786,45.97553844430945,32.214412956110664,32.214412956110664,0.0,51.99966228619269,19.785249330082024
5202,2024,F,3,152.02568913357732,158.70000000000005,6.674310866422729,6.674310866422729,0.0,45.6854507454525,39.01113987902977
18936,2024,F,2,143.35036061114056,149.79999999999995,6.449639388859396,6.449639388859396,0.0,45.56830856405395,39.118669175194555
20408,2024,F,2,19.64568197801418,36.299999999999955,16.654318021985773,16.654318021985773,0.0,39.23108616663944,22.57676814465367
2385,2024,F,2,145.28628704575954,178.20000000000005,32.91371295424051,32.91371295424051,0.0,39.28240696708167,6.368694012841161
18937,2024,F,2,153.27304924926057,160.0,6.726950750739434,6.726950750739434,0.0,46.02646465130192,39.29951390056249
2387,2024,F,3,219.55179257555756,255.0594980902713,35.507705514713734,35.507705514713734,0.0,42.50605000615451,6.9983444914407755
18931,2024,F,4,63.65804091681889,100.29999999999995,36.641959083181064,36.641959083181064,0.0,43.67060522539646,7.028646142215393
7946,2024,F,2,-35.054025134435506,-74.27953047808592,-39.22550534365041,-39.22550534365041,0.0,0.19375709127734808,39.41926243492776
7947,2024,F,3,-173.39030863046946,-199.87399365265674,-26.483685022187274,-26.483685022187274,0.0,0.2084149831234754,26.69210000531075
7948,2024,F,2,34.940325463614954,-10.06348194177258,-45.00380740538753,-45.00380740538753,0.0,0.2318124129953958,45.23561981838293
16161,2024,F,3,248.0658212229505,284.0084578367314,35.942636613780905,35.942636613780905,0.0,42.88438831627468,6.941751702493775
506,2024,M,3,-23.798968976301012,-40.27259383974615,-16.47362486344514,-16.47362486344514,0.0,0.23340418085513193,16.70702904430027
512,2024,M,3,-47.207988805062314,-64.21259325943606,-17.004604454373748,-17.004604454373748,0.0,0.23763720378269682,17.242241658156445
7950,2024,M,2,-102.28148966394906,-119.97679382973206,-17.695304165783,-17.695304165783,0.0,0.23956558089366808,17.934869746676668
7953,2024,M,3,-80.95474469002534,-99.82639367152274,-18.8716489814974,-18.8716489814974,0.0,0.25957837262285466,19.131227354120256
7955,2024,M,3,9.542590204449652,-9.212638931780475,-18.755229136230128,-18.755229136230128,0.0,0.2710545681145504,19.026283704344678
7949,2024,M,4,-74.55624118713968,-91.23370365923256,-16.677462472092884,-16.677462472092884,0.0,0.2289595067816208,16.906421978874505
7749,2024,F,4,-22.661537743729014,13.931512207404012,36.593049951133025,36.593049951133025,0.0,59.97561734122996,23.382567390096938
16159,2024,F,3,165.07396057549522,199.8747642257431,34.80080365024787,34.80080365024787,0.0,41.935951182686495,7.135147532438623
18942,2024,F,3,101.80161771427947,124.70000000000005,22.898382285720572,22.898382285720572,0.0,47.187473826941186,24.289091541220614
621,2024,F,4,270.5606787168788,312.5,41.93932128312122,41.93932128312122,0.0,48.9211781116403,6.981856828519085
18945,2024,F,2,173.86191537278546,181.20000000000005,7.3380846272145845,7.3380846272145845,0.0,47.54670984989684,40.20862522268226
16157,2024,F,2,64.6961632384398,64.2784388798973,-0.41772435854250034,-0.41772435854250034,0.0,40.10126951443317,40.51899387297567
18933,2024,F,3,120.07855240610752,158.0999999999999,38.02144759389239,38.02144759389239,0.0,45.02424821044701,7.002800616554623
626,2024,F,3,188.8792433703868,229.29999999999995,40.42075662961315,40.42075662961315,0.0,47.53629721155039,7.115540581937239
27069,2025,F,2,28.448095627128396,54.777222716131746,26.32912708900335,26.32912708900335,0.0,40.12688114711409,13.79775405811074
2524,2024,F,2,-241.4400025846628,-243.23290325876792,-1.7929006741051126,-1.7929006741051126,0.0,52.48037354765779,54.273274221762904
7957,2024,M,2,89.77923423871403,66.50648833393507,-23.272745904778958,-23.272745904778958,0.0,40.65216453583412,63.924910440613075
7958,2024,M,2,-36.40894580324971,-56.799999999999955,-20.391054196750247,-20.391054196750247,0.0,44.514719107162364,64.90577330391261
2590,2024,M,2,-29.04835295239377,-50.200000000000045,-21.151647047606275,-21.151647047606275,0.0,46.90314683892689,68.05479388653316
3393,2024,M,5,-0.2508259484368409,32.91746269159103,33.16828864002787,33.16828864002787,0.0,41.82392444959396,8.655635809566093
3407,2024,M,4,-7.7103734476183945,27.975890750050212,35.686264197668606,35.686264197668606,0.0,45.05083779735173,9.364573599683126
7965,2024,M,4,33.15498211033946,72.31276575119864,39.15778364085918,39.15778364085918,0.0,49.14336476211747,9.985581121258292
7966,2024,M,3,-180.8292641158332,-131.9598363162636,48.86942779956962,48.86942779956962,0.0,52.29143726267239,3.4220094631027678
4900,2024,M,2,82.06070622415223,131.70229691336976,49.64159068921754,49.64159068921754,0.0,52.924126882964856,3.282536193747319
7967,2024,M,2,31.347463984778642,82.9918366331749,51.644372648396256,51.644372648396256,0.0,55.159150402012074,3.5147777536158173
7970,2024,F,4,-54.69611023384596,-32.65686713031391,22.039243103532044,22.039243103532044,0.0,43.57107632833481,21.531833224802767
7971,2024,F,6,-26.724433339994903,8.649771225661652,35.374204565656555,35.374204565656555,0.0,43.57887111328455,8.204666547627994
3379,2024,F,6,79.3754614977222,120.16463968802827,40.789178190306075,40.789178190306075,0.0,49.50078182482571,8.711603634519633
3460,2024,F,5,66.71872813484015,110.23833117298523,43.51960303814508,43.51960303814508,0.0,52.93651044573153,9.41690740758645
3463,2024,F,3,19.03058661041723,48.376485126300395,29.345898515883164,29.345898515883164,0.0,55.512686871698634,26.16678835581547
7974,2024,F,2,97.13008569046815,165.12295867046487,67.99287297999672,67.99287297999672,0.0,71.45018762714608,3.45731464714936
3325,2024,M,3,45.838606263487236,58.071275252511214,12.232668989023978,12.232668989023978,0.0,40.42786001634545,28.19519102732147
7975,2024,M,5,-53.015442368094455,-24.598843370391478,28.416598997702977,28.416598997702977,0.0,37.69840169669283,9.28180269898985
7976,2024,M,5,-80.3090370320092,-51.61967992064683,28.68935711136237,28.68935711136237,0.0,38.26820102473698,9.578843913374612
454,2024,M,5,-43.60888602584441,-14.656830607736538,28.952055418107875,28.952055418107875,0.0,38.32797018502151,9.375914766913638
7977,2024,M,2,-74.70139576956308,-96.35208175288608,-21.650685983323,-21.650685983323,0.0,38.42758545216202,60.07827143548502
2059,2024,M,5,-91.39443874504991,-61.641016960471916,29.753421784577995,29.753421784577995,0.0,39.75047619978932,9.997054415211323
7978,2024,M,3,-57.081309104718,-46.82408911335324,10.257219991364764,10.257219991364764,0.0,39.9377529020137,29.680532910648935
458,2024,M,4,-59.73391087168238,-48.9514024285977,10.78250844308468,10.78250844308468,0.0,41.965919740996696,31.183411297912016
7980,2024,M,2,-64.64852554272329,-53.73436136076407,10.914164181959222,10.914164181959222,0.0,42.74291882469356,31.82875464273434
7981,2024,M,5,-60.054695095700936,-27.100392445811394,32.95430264988954,32.95430264988954,0.0,43.707194610614124,10.752891960724583
7982,2024,M,5,-68.80112582465836,-35.367150461858046,33.43397536280031,33.43397536280031,0.0,44.40450148059881,10.9705261177985
7983,2024,M,5,-27.462414878554682,7.01480749116854,34.47722236972322,34.47722236972322,0.0,45.45245409091808,10.97523172119486
7984,2024,M,2,-167.75645457986093,-196.40407470751848,-28.647620127657547,-28.647620127657547,0.0,45.64371540382808,74.29133553148563
7985,2024,M,3,-122.918620185897,-110.50087492808825,12.417745257808747,12.417745257808747,0.0,51.75212358489034,39.334378327081595
282,2024,F,5,28.604197347246554,45.07002226245913,16.46582491521258,16.46582491521258,0.0,23.457186149261815,6.991361234049236
7987,2024,F,2,-77.15929757933282,-115.943747548587,-38.78444996925418,-38.78444996925418,0.0,23.76680460280545,62.551254572059634
7988,2024,F,5,-43.94511941686005,-27.5509082632027,16.394211153657352,16.394211153657352,0.0,23.89803361622785,7.503822462570497
7989,2024,F,5,-34.40006582940623,-17.89333125450071,16.506734574905522,16.506734574905522,0.0,23.988253562955606,7.481518988050084
7990,2024,F,4,-7.680292958688824,0.7813252743571866,8.46161823304601,8.46161823304601,0.0,24.051817616332528,15.590199383286517
291,2024,F,3,-35.88540451068798,-27.70462394460901,8.180780566078965,8.180780566078965,0.0,24.137936656390593,15.957156090311628
286,2024,F,4,-46.89203520958722,-29.67596044256743,17.21607476701979,17.21607476701979,0.0,25.101649723711716,7.885574956691926
445,2024,F,3,-5.266235630366964,3.7014541772152825,8.967689807582246,8.967689807582246,0.0,25.401015910581464,16.433326102999217
446,2024,F,3,4.55668019225709,13.640848429391099,9.084168237134008,9.084168237134008,0.0,25.423570897263744,16.339402660129736
7995,2024,M,2,56.582617681560805,57.71307240701799,1.1304547254571844,1.1304547254571844,0.0,1.1953133516346952,0.06485862617751081
7997,2024,M,2,26.474243697216934,27.73803177534046,1.2637880781235253,1.2637880781235253,0.0,1.337693077669428,0.07390499954590268
294,2024,F,5,-37.61589990831408,-19.73958460772542,17.876315300588658,17.876315300588658,0.0,25.98129420430928,8.104978903720621
7991,2024,F,5,-115.96026414440234,-98.29274867094728,17.66751547345507,17.66751547345507,0.0,26.268357671170406,8.600842197715338
7992,2024,F,3,-14.644050680192777,-5.470985557112954,9.173065123079823,9.173065123079823,0.0,26.270408124505366,17.097343001425543
7993,2024,F,4,-12.889371561913322,5.435352891119919,18.32472445303324,18.32472445303324,0.0,26.440595751287447,8.115871298254206
7994,2024,F,3,-6.052702359882005,3.346374933030802,9.399077292912807,9.399077292912807,0.0,26.639489724756004,17.240412431843197
448,2024,F,5,48.20325165937879,67.31718045638308,19.11392879700429,19.11392879700429,0.0,27.117245351747215,8.003316554742923
466,2024,M,4,-87.92039210872827,-46.186261566560006,41.73413054216826,41.73413054216826,0.0,48.83353672941439,7.099406187246132
669,2024,M,5,-33.69146103661251,8.59235998456029,42.2838210211728,42.2838210211728,0.0,49.19082416824995,6.907003147077148
7721,2024,M,4,-88.33057492910461,-28.23251118711869,60.098063741985925,60.098063741985925,0.0,76.74212659642058,16.64406285443465
5571,2024,M,5,-36.705015261122526,25.81309174094531,62.518107002067836,62.518107002067836,0.0,79.13068676157013,16.612579759502296
7724,2024,M,4,-67.12841619017627,-3.1419383221377757,63.98647786803849,63.98647786803849,0.0,81.36514627090378,17.378668402865287
2561,2024,M,3,-60.421281082770065,-35.368515611429075,25.05276547134099,25.05276547134099,0.0,85.44881365003016,60.39604817868917
7739,2024,M,2,-17.049865330909597,21.199577954770575,38.24944328568017,38.24944328568017,0.0,104.63434529913548,66.3849020134553
7712,2025,F,3,3.4097578190057902,20.793025642623206,17.383267823617416,17.383267823617416,0.0,31.532519989773164,14.149252166155748
18940,2024,F,2,112.55596990332356,118.29999999999995,5.744030096676397,5.744030096676397,0.0,46.617381877468006,40.87335178079161
7711,2025,F,3,-33.21289974970932,-16.09243945158164,17.120460298127682,17.120460298127682,0.0,31.546293085987145,14.425832787859463
28282,2025,F,3,-83.73731146262435,-67.30000000000018,16.437311462624166,16.437311462624166,0.0,22.87732288662164,6.4400114239974755
3109,2024,F,2,153.7537917681202,155.42304848866797,1.6692567205477644,1.6692567205477644,0.0,42.933624123756545,41.26436740320878
18948,2024,F,4,138.5022375534013,180.70000000000005,42.197762446598745,42.197762446598745,0.0,49.941616669601444,7.7438542230027
18923,2024,F,3,43.26513672676742,77.20000000000005,33.93486327323262,33.93486327323262,0.0,40.52859160432763,6.593728331095008
28515,2025,F,2,118.51795819924428,115.77151759892104,-2.7464406003232398,-2.7464406003232398,0.0,16.492327255350574,19.238767855673814
18939,2024,F,3,73.63695965374768,78.39999999999986,4.763040346252183,4.763040346252183,0.0,46.52106497276236,41.75802462651018
5203,2024,F,2,78.64692354106296,113.40000000000009,34.75307645893713,34.75307645893713,0.0,41.88510470379583,7.132028244858702
655,2024,F,4,129.76674156101717,170.29999999999995,40.533258438982784,40.533258438982784,0.0,47.98924697962502,7.455988540642238
18935,2024,F,3,20.044575022742492,57.899999999999864,37.85542497725737,37.85542497725737,0.0,45.362658956709765,7.507233979452394
648,2024,F,3,27.43880227729028,62.66541542093205,35.22661314364177,35.22661314364177,0.0,43.21867353549078,7.992060391849009
5521,2024,F,2,136.2870820726048,142.79999999999995,6.512917927395165,6.512917927395165,0.0,49.397556315994734,42.88463838859957
663,2024,F,3,-91.42002382930673,-48.59999999999991,42.82002382930682,42.82002382930682,0.0,51.925224274617676,9.105200445310857
4669,2024,F,2,-10.005445661887052,25.799999999999955,35.805445661887006,35.805445661887006,0.0,43.649562699953094,7.844117038066088
643,2024,F,4,261.2889261082389,302.737963479457,41.44903737121808,41.44903737121808,0.0,49.590823566895324,8.141786195677241
631,2024,F,2,273.2046277949428,277.5924892636226,4.38786146867983,4.38786146867983,0.0,48.31846664724526,43.93060517856543
638,2024,F,3,243.34143347527743,269.6999999999998,26.35856652472239,26.35856652472239,0.0,34.16748017438863,7.808913649666238
647,2024,F,2,244.55047261382356,234.80000000000018,-9.750472613823376,-9.750472613823376,0.0,34.703115959724755,44.45358857354813
18951,2024,F,2,177.9672517805343,185.70000000000005,7.732748219465748,7.732748219465748,0.0,52.19855603121459,44.465807811748846
4115,2024,F,2,-19.707189116114932,17.5,37.20718911611493,37.20718911611493,0.0,45.40913300083025,8.20194388471532
4223,2024,F,3,193.18407332207266,238.5999999999999,45.415926677927246,45.415926677927246,0.0,53.51315162246533,8.097224944538084
4230,2024,F,2,262.8928398748153,266.94479947365585,4.05195959884054,4.05195959884054,0.0,49.84477667916781,45.79281708032727
19370,2024,F,2,250.28004148777381,240.20000000000005,-10.08004148777377,-10.08004148777377,0.0,35.73721406895447,45.81725555672824
5679,2024,F,2,44.61479039861479,82.70000000000005,38.08520960138526,38.08520960138526,0.0,46.127624207021654,8.042414605636395
5766,2024,F,3,241.48622002659022,245.0012706978498,3.515050671259587,3.515050671259587,0.0,49.85773347061058,46.342682799350996
632,2024,F,4,302.93211643948484,352.4000000000001,49.46788356051525,49.46788356051525,0.0,57.79014282330718,8.322259262791931
18925,2024,F,3,-496.8679676406166,-464.89999999999986,31.967967640616735,31.967967640616735,0.0,41.0700487983479,9.102081157731163
4249,2024,F,2,207.46141632136823,210.12385918752716,2.6624428661589263,2.6624428661589263,0.0,49.86291618718769,47.20047332102877
16172,2024,F,3,176.6226143542283,178.5172663733315,1.894652019103205,1.894652019103205,0.0,49.76962728880153,47.874975269698325
1502,2024,F,2,69.02973389433578,44.68706277712636,-24.34267111720942,-24.34267111720942,0.0,26.64866867803221,50.99133979524163
357,2024,F,5,27.524722544474344,28.803670971745078,1.278948427270734,1.278948427270734,0.0,23.366481315762258,22.087532888491523
4655,2024,F,5,49.06749255783461,50.6664831923099,1.5989906344752853,1.5989906344752853,0.0,23.51385225608601,21.914861621610726
358,2024,F,4,19.509848112711552,20.687424039761254,1.177575927049702,1.177575927049702,0.0,23.78312261618339,22.60554668913369
7998,2024,F,4,-10.042773887324756,-9.294393203712616,0.7483806836121403,0.7483806836121403,0.0,23.843162628907976,23.094781945295836
7162,2024,F,5,-110.59045170285094,-111.29934744558818,-0.7088957427372407,-0.7088957427372407,0.0,24.12698814360556,24.8358838863428
360,2024,F,5,0.6375558428269414,1.5529943512508453,0.9154385084239038,0.9154385084239038,0.0,24.13972390387994,23.224285395456036
7999,2024,F,4,31.2075044848973,32.584405622427994,1.3769011375306945,1.3769011375306945,0.0,24.543629444026465,23.16672830649577
8000,2024,F,4,21.560201229542372,22.804794851694396,1.2445936221520242,1.2445936221520242,0.0,24.771053734649513,23.52646011249749
4656,2024,F,4,115.36026358453205,117.98110623510729,2.6208426505752414,2.6208426505752414,0.0,24.952993167147724,22.332150516572483
3431,2024,F,6,86.97160541522726,89.22299825179994,2.251392836572677,2.251392836572677,0.0,26.15197402731178,23.900581190739103
3433,2024,F,2,-15.907268054029828,-47.974666850647736,-32.06739879661791,-32.06739879661791,0.0,31.850317053160325,63.91771584977823
5691,2024,F,2,180.6722575508354,182.79573161424537,2.123474063409958,2.123474063409958,0.0,47.26378382382859,45.14030976041863
1552,2024,M,4,-52.17891521921911,-46.23019457611554,5.94872064310357,5.94872064310357,0.0,23.400849600811625,17.452128957708055
367,2024,M,4,-74.21127287857462,-68.37766862281046,5.833604255764158,5.833604255764158,0.0,23.789462732395805,17.955858476631647
368,2024,M,6,39.71368430384973,46.97855974943536,7.264875445585631,7.264875445585631,0.0,24.800959323114512,17.53608387752888
370,2024,M,6,29.927398732586425,37.155917016781586,7.228518284195161,7.228518284195161,0.0,25.02696128616344,17.79844300196828
8001,2024,M,5,-0.3024380854319588,6.644217191066673,6.946655276498632,6.946655276498632,0.0,25.11240105268189,18.165745776183257
8002,2024,M,4,-20.7971784676854,-13.887936785914007,6.909241681771391,6.909241681771391,0.0,25.72563808656446,18.816396404793068
8003,2024,M,4,-1.55980407746938,5.678477574493627,7.238281651963007,7.238281651963007,0.0,26.21209353141967,18.97381187945666
5421,2024,M,4,88.98795511292406,115.39999999999986,26.412044887075808,26.412044887075808,0.0,29.533219939638002,3.1211750525621937
375,2024,M,5,-30.310725417379217,-22.233386601104485,8.077338816274732,8.077338816274732,0.0,30.293909473802614,22.216570657527882
19368,2024,F,2,-250.24335233326156,-270.3000000000002,-20.056647666738627,-20.056647666738627,0.0,30.137539013421474,50.1941866801601
3008,2024,F,2,188.4565602914313,175.39999999999964,-13.056560291431651,-13.056560291431651,0.0,38.85809512736341,51.914655418795064
18960,2024,F,3,259.38150565396927,312.1999999999998,52.81849434603055,52.81849434603055,0.0,62.04891190704302,9.230417561012473
2534,2024,F,3,307.2368573769745,339.0999999999999,31.863142623025396,31.863142623025396,0.0,41.223679037364946,9.360536414339549
2722,2024,F,2,16.127326595028535,66.09999999999991,49.972673404971374,49.972673404971374,0.0,60.756496180702925,10.78382277573155
2584,2024,M,4,39.8737278009321,89.0,49.1262721990679,49.1262721990679,0.0,55.901164502895654,6.774892303827755
673,2024,M,4,38.347813444807116,88.0,49.652186555192884,49.652186555192884,0.0,56.50953730480728,6.8573507496143975
19553,2024,M,4,97.93078800968487,120.1435483327216,22.21276032303672,22.21276032303672,0.0,31.896081146183178,9.68332082314646
770,2024,M,2,155.24024488312102,160.79999999999995,5.559755116878932,5.559755116878932,0.0,56.511971256250035,50.9522161393711
508,2024,M,3,69.62622777559272,113.02754763368307,43.401319858090346,43.401319858090346,0.0,59.489181368713616,16.08786151062327
2542,2024,M,3,48.31827962547118,90.76988759882624,42.45160797335507,42.45160797335507,0.0,58.46600892913534,16.014400955780275
683,2024,M,3,85.49469080491463,137.29999999999995,51.80530919508533,51.80530919508533,0.0,58.72871536632442,6.923406171239094
706,2024,M,3,24.60389760567523,75.0,50.39610239432477,50.39610239432477,0.0,57.42900983496861,7.032907440643839
18967,2024,M,2,109.62733577635481,123.79999999999995,14.172664223645143,14.172664223645143,0.0,60.32569397134171,46.153029747696564
700,2024,M,3,2.1336399426711523,51.90000000000009,49.76636005732894,49.76636005732894,0.0,56.824093696704495,7.057733639375556
18964,2024,M,3,31.19098633860449,82.70000000000005,51.50901366139556,51.50901366139556,0.0,58.66649542067421,7.157481759278653
2471,2024,M,3,66.40135460409351,108.09999999999991,41.6986453959064,41.6986453959064,0.0,48.66727071483501,6.968625318928616
685,2024,M,3,29.894770986402136,58.100000000000136,28.205229013598,28.205229013598,0.0,35.54491733856662,7.33968832496862
18963,2024,M,3,-27.10738798004195,23.800000000000182,50.90738798004213,50.90738798004213,0.0,58.27589242853833,7.368504448496196
515,2024,M,3,-0.13510892473368585,43.436976703068694,43.57208562780238,43.57208562780238,0.0,60.709383636183475,17.137298008381094
675,2024,M,2,-3.7325736385125765,6.599999999999909,10.332573638512486,10.332573638512486,0.0,57.47048979873534,47.13791616022286
18971,2024,M,4,112.28577352326761,167.9000000000001,55.61422647673248,55.61422647673248,0.0,62.942388352289754,7.328161875557271
717,2024,M,4,-25.295773311697303,26.90000000000009,52.195773311697394,52.195773311697394,0.0,59.73806115131379,7.542287839616392
689,2024,M,4,71.61227788588553,124.40000000000009,52.78772211411456,52.78772211411456,0.0,59.92126432461646,7.133542210501901
674,2024,M,4,148.25146325199557,194.0999999999999,45.848536748004335,45.848536748004335,0.0,53.11684975161984,7.2683130036155035
730,2024,M,2,39.253168930455104,41.299999999999955,2.046831069544851,2.046831069544851,0.0,50.107010806815424,48.06017973727057
705,2024,M,4,19.494109300132322,64.20000000000005,44.70589069986772,44.70589069986772,0.0,52.447674779290764,7.7417840794230415
695,2024,M,3,83.64508335619485,137.80000000000018,54.154916643805336,54.154916643805336,0.0,61.421456347511594,7.266539703706258
691,2024,M,3,85.6107277934534,141.20000000000005,55.58927220654664,55.58927220654664,0.0,63.04954492535376,7.4602727188071185
3596,2024,M,2,134.46899676907378,123.89999999999986,-10.56899676907392,-10.56899676907392,0.0,37.855534010981046,48.424530780054965
704,2024,M,4,139.01089665446852,196.20000000000005,57.18910334553152,57.18910334553152,0.0,64.60504356660408,7.41594022107256
696,2024,M,3,143.82993981426557,199.39999999999986,55.57006018573429,55.57006018573429,0.0,62.73153186980926,7.161471684074968
2176,2024,M,4,-15.096405376946223,28.09999999999991,43.19640537694613,43.19640537694613,0.0,50.854401035650426,7.657995658704294
523,2024,M,4,-23.77774442156624,-40.85141179029779,-17.07366736873155,-17.07366736873155,0.0,0.24203484426811883,17.315702212999668
18973,2024,M,2,96.70904145889176,111.0,14.290958541108239,14.290958541108239,0.0,63.059914916295156,48.76895637518692
710,2024,M,2,21.298333107066128,63.09999999999991,41.80166689293378,41.80166689293378,0.0,49.18169779084087,7.3800308979070905
19384,2024,M,3,183.0789591966045,215.0999999999999,32.02104080339541,32.02104080339541,0.0,39.51278959559431,7.491748792198905
18975,2024,M,3,18.86641923770776,65.06685992372013,46.20044068601237,46.20044068601237,0.0,64.10382733775668,17.903386651744313
18977,2024,M,4,103.20097652976256,160.5,57.299023470237444,57.299023470237444,0.0,64.91268663120695,7.613663160969509
690,2024,M,2,187.79563554013112,194.29999999999995,6.504364459868839,6.504364459868839,0.0,55.99632993558089,49.49196547571205
18979,2024,M,3,198.16634064344362,256.20000000000005,58.03365935655643,58.03365935655643,0.0,65.2687229868709,7.235063630314471
681,2024,M,2,55.025368763424694,97.59999999999991,42.574631236575215,42.574631236575215,0.0,49.91609286145331,7.341461624878093
721,2024,M,2,64.97293005280835,78.39999999999986,13.427069947191512,13.427069947191512,0.0,63.42286459925367,49.99579465206216
3015,2024,M,2,-39.72650057129226,2.599999999999909,42.32650057129217,42.32650057129217,0.0,50.121040323019315,7.794539751727143
19386,2024,M,3,138.49262434854995,170.79999999999995,32.30737565145,32.30737565145,0.0,40.12674160190886,7.8193659504588595
20429,2024,M,2,-23.025138639631223,9.682936912210835,32.70807555184206,32.70807555184206,0.0,50.2861368892809,17.57806133743884
5230,2024,M,4,139.45247508510465,197.5999999999999,58.14752491489526,58.14752491489526,0.0,65.69734927912668,7.549824364231426
18993,2024,M,2,166.4657400453748,183.5999999999999,17.134259954625122,17.134259954625122,0.0,67.46024773921067,50.32598778458555
5314,2024,M,2,100.72477214534138,88.90000000000009,-11.824772145341285,-11.824772145341285,0.0,38.55245250463577,50.37722464997705
2173,2024,M,4,140.8555806712077,187.0999999999999,46.24441932879222,46.24441932879222,0.0,53.62090362688082,7.376484298088599
2575,2024,M,2,-37.126372541817545,-4.392988692524568,32.73338384929298,32.73338384929298,0.0,50.54232121623886,17.808937366945884
2445,2024,M,3,35.7292462438877,71.03999999999996,35.31075375611226,35.31075375611226,0.0,42.794079373741624,7.483325617629362
18988,2024,M,3,127.96888181303893,143.79999999999995,15.831118186961021,15.831118186961021,0.0,66.49583858163533,50.664720394674305
19381,2024,M,3,113.1026804825101,143.5,30.397319517489905,30.397319517489905,0.0,37.851385686614094,7.454066169124189
535,2024,M,3,-15.879898727411728,-66.53995036732863,-50.6600516399169,-50.6600516399169,0.0,0.24662061910612465,50.906672259023026
4704,2024,M,2,-315.70483509943665,-273.9000000000001,41.80483509943656,41.80483509943656,0.0,50.95506263189304,9.150227532456483
19385,2024,M,2,131.87786608668603,120.5,-11.377866086686026,-11.377866086686026,0.0,39.767911544164235,51.14577763085026
20431,2024,M,2,-10.43317785804743,32.899999999999864,43.33317785804729,43.33317785804729,0.0,51.154317108415626,7.821139250368333
2177,2024,M,4,93.64259656675722,139.79999999999995,46.157403433242735,46.157403433242735,0.0,53.76574669448428,7.608343261241544
772,2024,M,2,90.71563000043307,105.40000000000009,14.684369999567025,14.684369999567025,0.0,66.19165218067974,51.507282181112714
16118,2024,M,4,24.611225606712196,70.20000000000005,45.58877439328785,45.58877439328785,0.0,53.458679391164424,7.869904997876574
19007,2024,M,3,277.2978990739475,298.6999999999998,21.4021009260523,21.4021009260523,0.0,73.07732616594876,51.67522523989646
2453,2024,M,3,467.0316228665856,525.2,58.168377133414424,58.168377133414424,0.0,65.92966751184076,7.761290378426338
16119,2024,M,4,57.771805200500694,104.60000000000014,46.82819479949944,46.82819479949944,0.0,54.74198897013321,7.913794170633764
731,2024,M,3,153.32667911370754,213.80000000000018,60.47332088629264,60.47332088629264,0.0,68.28293368724962,7.809612800956984
2559,2024,M,4,-17.530742022756613,-35.96913540733044,-18.43839338457383,-18.43839338457383,0.0,0.26256500546583084,18.70095839003966
714,2024,M,3,130.01993981253736,178.20000000000005,48.180060187462686,48.180060187462686,0.0,55.95287701529992,7.772816827837232
509,2024,M,3,37.93789725270176,85.75516009800549,47.81726284530373,47.81726284530373,0.0,66.08795227126302,18.27068942595929
2460,2024,M,2,-1.0848344949547482,43.200000000000045,44.284834494954794,44.284834494954794,0.0,52.22744478911636,7.942610294161568
19391,2024,M,2,236.5975266989958,227.00000000000023,-9.59752669899558,-9.59752669899558,0.0,43.12805428142747,52.72558098042305
19002,2024,M,4,173.1691889576639,236.80000000000018,63.63081104233629,63.63081104233629,0.0,71.78799062553412,8.15717958319783
742,2024,M,4,227.45769459854182,288.70000000000005,61.242305401458225,61.242305401458225,0.0,68.78414991609725,7.541844514639024
737,2024,M,3,24.169002106058542,36.80000000000018,12.63099789394164,12.63099789394164,0.0,65.62130267888779,52.99030478494615
2539,2024,M,3,191.9648730970846,225.20000000000005,33.235126902915454,33.235126902915454,0.0,40.99996388116051,7.764836978245057
18991,2024,M,2,64.90052730892262,79.0,14.09947269107738,14.09947269107738,0.0,67.1353213563716,53.035848665294225
3011,2024,M,3,85.13544146981735,117.60000000000014,32.464558530182785,32.464558530182785,0.0,40.62661468813144,8.162056157948655
5708,2024,M,4,50.8831505613789,95.29999999999995,44.41684943862106,44.41684943862106,0.0,51.94362090403024,7.526771465409183
2723,2024,M,3,21.330681550358577,69.20000000000005,47.86931844964147,47.86931844964147,0.0,54.55997900777311,6.69066055813164
18961,2024,M,3,18.435662947859328,67.29999999999995,48.86433705214063,48.86433705214063,0.0,55.71104800229864,6.846710950158013
467,2024,M,4,135.72735909505718,189.29999999999995,53.57264090494277,53.57264090494277,0.0,60.49161382640841,6.918972921465638
694,2024,M,3,67.53531632333193,70.40000000000009,2.8646836766681645,2.8646836766681645,0.0,49.50446364558411,46.639779968915946
676,2024,M,4,60.3004626059851,102.79999999999995,42.49953739401485,42.49953739401485,0.0,49.64061612913156,7.141078735116707
16120,2024,M,2,22.84958069366826,24.5,1.6504193063317416,1.6504193063317416,0.0,54.811513642582895,53.16109433625115
672,2024,M,2,-41.70697639990817,-31.300000000000182,10.40697639990799,10.40697639990799,0.0,64.00358409198725,53.59660769207926
18992,2024,M,3,86.08570158045791,145.4000000000001,59.31429841954218,59.31429841954218,0.0,67.30124121143831,7.986942791896126
11408,2024,M,3,165.061794980616,205.6099999999999,40.548205019383886,40.548205019383886,0.0,48.469092389655316,7.92088737027143
2168,2024,M,2,-19.38408108420549,26.200000000000045,45.584081084205536,45.584081084205536,0.0,53.855638511558936,8.2715574273534
2730,2024,M,3,92.78787967742551,153.5999999999999,60.8121203225744,60.8121203225744,0.0,68.97772308034178,8.165602757767374
16126,2024,M,2,52.256922530215206,54.799999999999955,2.5430774697847482,2.5430774697847482,0.0,56.546733592474766,54.00365612269002
18989,2024,M,2,7.096494745338987,19.40000000000009,12.303505254661104,12.303505254661104,0.0,66.57188518187422,54.26837992721312
740,2024,M,2,-74.3160331335464,-28.600000000000136,45.71603313354626,45.71603313354626,0.0,54.29969134495241,8.583658211406146
2464,2024,M,3,85.77614318987821,146.10000000000014,60.323856810121924,60.323856810121924,0.0,68.4557668696109,8.131910059488973
19387,2024,M,3,92.70485923505566,125.0,32.295140764944335,32.295140764944335,0.0,40.36941857737793,8.074277812433593
1319,2024,M,2,67.78085738387335,114.39999999999986,46.61914261612651,46.61914261612651,0.0,54.61849850738872,7.999355891262212
16130,2024,M,2,97.88411507674891,101.80000000000018,3.9158849232512694,3.9158849232512694,0.0,58.557155370813916,54.64127044756265
761,2024,M,3,293.5456298627321,303.29999999999995,9.75437013726787,9.75437013726787,0.0,64.46964939039617,54.7152792531283
19390,2024,M,2,129.97424127511658,117.49999999999977,-12.47424127511681,-12.47424127511681,0.0,42.48298984236021,54.95723111747702
4722,2024,M,2,81.14842177510081,74.9699999999998,-6.178421775101015,-6.178421775101015,0.0,48.88412956568095,55.062551340781965
2608,2024,M,4,179.104363680814,246.20000000000005,67.09563631918604,67.09563631918604,0.0,75.71476052878006,8.61912420959402
4726,2024,M,2,149.62660157784626,137.5,-12.126601577846259,-12.126601577846259,0.0,43.07827438902336,55.20487596686962
19001,2024,M,3,93.77070971263765,156.5999999999999,62.829290287362255,62.829290287362255,0.0,71.27640440574532,8.44711411838307
19378,2024,M,2,-135.88961429952042,-154.0999999999999,-18.210385700479492,-18.210385700479492,0.0,37.12542892239071,55.3358146228702
19006,2024,M,4,-3.2560110490715033,60.69999999999982,63.95601104907132,63.95601104907132,0.0,73.05658618406505,9.100575134993733
16122,2024,M,2,-32.05489434561241,-32.0,0.05489434561241069,0.05489434561241069,0.0,55.544419564657346,55.489525219044936
18710,2024,M,3,175.05730208192267,240.89999999999986,65.84269791807719,65.84269791807719,0.0,74.30444176071296,8.46174384263577
2750,2024,M,3,269.3439297839418,278.4000000000001,9.056070216058288,9.056070216058288,0.0,65.07219655162726,56.01612633556897
2184,2024,M,3,120.81306287824555,171.70000000000005,50.8869371217545,50.8869371217545,0.0,59.18287742286179,8.295940301107294
16134,2024,M,2,60.17878262210593,63.0,2.8212173778940723,2.8212173778940723,0.0,59.119146473116416,56.297929095222344
16133,2024,M,4,69.87543309223497,120.40000000000009,50.52456690776512,50.52456690776512,0.0,59.02355004849778,8.498983140732662
3613,2024,M,3,116.11970111345681,170.97915231832872,54.8594512048719,54.8594512048719,0.0,74.79874466226556,19.93929345739366
4433,2024,M,3,146.40121135791583,213.0999999999999,66.69878864208408,66.69878864208408,0.0,75.42785744606044,8.72906880397636
6849,2024,M,2,261.4596872420891,270.2999999999997,8.840312757910624,8.840312757910624,0.0,65.9238737891369,57.08356103122628
2450,2024,M,4,265.0217843985538,323.2000000000003,58.17821560144648,58.17821560144648,0.0,66.9986093507564,8.820393749309915
4361,2024,M,2,21.961461606612147,35.49999999999977,13.538538393387626,13.538538393387626,0.0,70.97221800478951,57.433679611401885
802,2024,M,2,227.94610925033157,235.79999999999995,7.8538907496683805,7.8538907496683805,0.0,65.67184685150687,57.81795610183849
11406,2024,M,2,-48.94476852110756,-58.77999999999997,-9.83523147889241,-9.83523147889241,0.0,47.99980357807658,57.83503505696899
781,2024,M,3,123.74195001118755,128.5,4.758049988812445,4.758049988812445,0.0,63.28193623604557,58.52388624723312
10999,2024,M,3,1152.7515243605806,1206.8,54.048475639419394,54.048475639419394,0.0,61.93655696136693,7.8880813219475385
778,2024,M,3,21.850683058833283,35.69999999999982,13.849316941166535,13.849316941166535,0.0,72.70054982840111,58.85123288723457
19396,2024,M,3,161.40229164038124,198.39999999999986,36.99770835961863,36.99770835961863,0.0,45.93646987788043,8.9387615182618
19398,2024,M,2,168.72621820964264,155.9000000000001,-12.826218209642548,-12.826218209642548,0.0,46.36374728768078,59.18996549732333
753,2024,M,3,165.67338470084837,235.4000000000001,69.72661529915172,69.72661529915172,0.0,78.78773451116149,9.061119212009771
19013,2024,M,4,168.01489661258984,240.69999999999982,72.68510338740998,72.68510338740998,0.0,82.1545249035571,9.469421516147122
20443,2024,M,2,-18.142910759357164,33.79999999999973,51.94291075935689,51.94291075935689,0.0,61.34760682881142,9.40469606945453
801,2024,M,2,-146.80893512547573,-95.20000000000027,51.608935125475455,51.608935125475455,0.0,61.62940958846502,10.020474462989569
11421,2024,M,3,155.01247872681142,202.19000000000005,47.17752127318863,47.17752127318863,0.0,56.59418711703074,9.416665843842111
4585,2024,M,4,2.775709106342674,-18.722076790688334,-21.497785897031008,-21.497785897031008,0.0,0.30950452637125636,21.807290423402264
3175,2024,M,4,413.11839317695694,483.2999999999997,70.18160682304278,70.18160682304278,0.0,80.33286215435055,10.151255331307766
19016,2024,M,2,203.409790429409,224.80000000000018,21.390209570591196,21.390209570591196,0.0,84.92676914863023,63.53655957803903
19400,2024,M,2,205.5624767867257,192.0999999999999,-13.462476786725802,-13.462476786725802,0.0,50.83978927966473,64.30226606639053
3595,2024,M,2,-51.32184224655839,-70.59999999999991,-19.27815775344152,-19.27815775344152,0.0,46.37619226078186,65.65435001422338
2468,2024,M,3,357.8012229363012,424.1999999999998,66.39877706369862,66.39877706369862,0.0,76.1758661141248,9.777089050426184
4723,2024,M,2,97.35016674999815,89.62999999999965,-7.720166749998498,-7.720166749998498,0.0,60.404938773106096,68.1251055231046
790,2024,M,3,177.47243266349278,219.79999999999973,42.327567336506945,42.327567336506945,0.0,52.59453048690193,10.266963150394986
19399,2024,M,2,-141.76517409969892,-165.4000000000001,-23.634825900301166,-23.634825900301166,0.0,50.82941846874655,74.46424436904772
4689,2024,M,2,280.3427164350928,307.6999999999998,27.357283564906993,27.357283564906993,0.0,105.36256463101472,78.00528106610773
1638,2024,M,5,163.90164065765225,158.29999999999995,-5.601640657652297,-5.601640657652297,0.0,4.213575568306624,9.81521622595892
1639,2024,M,4,15.779247397867493,11.700000000000045,-4.079247397867448,-4.079247397867448,0.0,3.9121260175420502,7.991373415409498
2279,2024,M,4,75.67664795762062,98.34446078371138,22.667812826090767,22.667812826090767,0.0,32.74681985767438,10.079007031583615
19555,2024,M,2,76.78358460578329,100.94929581174347,24.16571120596018,24.16571120596018,0.0,32.17579873809382,8.010087532133639
11371,2024,M,4,121.0135378258226,117.0,-4.0135378258225956,-4.0135378258225956,0.0,4.294193277065915,8.30773110288851
4627,2024,M,2,-28.766746167490965,-34.600000000000136,-5.833253832509172,-5.833253832509172,0.0,2.515470097489697,8.348723929998869
2284,2024,M,3,45.39188321413667,68.36466161915018,22.972778405013514,22.972778405013514,0.0,33.4419760032506,10.469197598237088
1647,2024,M,4,252.05531052766537,248.20000000000027,-3.8553105276650967,-3.8553105276650967,0.0,4.697931963675728,8.553242491340825
19566,2024,M,3,121.29772221653252,146.2429886518671,24.945266435334588,24.945266435334588,0.0,35.72771561525133,10.782449179916739
19557,2024,M,2,-24.61974055300834,-0.5782422246061287,24.041498328402213,24.041498328402213,0.0,32.62102969799844,8.579531369596225
2276,2024,M,3,13.39000118587137,36.11396434898802,22.72396316311665,22.72396316311665,0.0,33.33604744773402,10.612084284617367
1662,2024,M,3,74.80198468986941,98.75934450178329,23.957359811913875,23.957359811913875,0.0,34.651878723288974,10.694518911375098
2788,2024,M,5,253.63068751390733,247.4000000000001,-6.230687513907242,-6.230687513907242,0.0,4.94195223266297,11.172639746570212
11374,2024,M,2,200.7559441860774,196.49999999999977,-4.255944186077613,-4.255944186077613,0.0,4.859167381194766,9.115111567272379
21476,2024,M,2,78.24052693625845,76.30000000000018,-1.9405269362582658,-1.9405269362582658,0.0,10.111415495728124,12.05194243198639
4081,2024,M,3,788.4671365745762,784.9000000000001,-3.567136574576125,-3.567136574576125,0.0,6.6895361128677,10.256672687443825
19503,2024,M,2,36.57154503703714,65.0,28.42845496296286,28.42845496296286,0.0,38.81879991272217,10.39034494975931
19575,2024,M,3,50.54482761313557,78.70000000000005,28.15517238686448,28.15517238686448,0.0,37.179016195948634,9.023843809084156
18772,2024,M,4,174.21649927866292,168.53999999999996,-5.676499278662959,-5.676499278662959,0.0,4.287099275459923,9.963598554122882
18771,2024,M,3,39.50036045989282,-7.039999999999964,-46.54036045989278,-46.54036045989278,0.0,4.04158314872052,50.5819436086133
18774,2024,M,3,99.08789488153207,92.23000000000002,-6.857894881532047,-6.857894881532047,0.0,4.781874416665687,11.639769298197734
19583,2024,M,2,-163.3091675142232,-179.19999999999982,-15.890832485776627,-15.890832485776627,0.0,44.49943851662465,60.39027100240128
18777,2024,F,4,15.720005927032844,12.346599133175232,-3.3734067938576118,-3.3734067938576118,0.0,4.06534393770562,7.438750731563232
19588,2024,F,2,-92.18796775446663,-87.54767884674015,4.640288907726472,4.640288907726472,0.0,41.38484771558228,36.74455880785581
288,2024,F,3,-38.076750530038,16.606301963435044,54.68305249347304,54.68305249347304,0.0,67.96767731656837,13.284624823095328
18794,2024,F,3,-52.443911962002176,1.6000000000001364,54.04391196200231,54.04391196200231,0.0,61.871394147849514,7.827482185847202
4774,2024,F,2,-2.1915609855141156,57.72024700588122,59.911807991395335,59.911807991395335,0.0,74.99761498877479,15.08580699737945
307,2024,F,3,-29.521113824441045,38.487457949587224,68.00857177402827,68.00857177402827,0.0,84.34143071956032,16.332858945532053
18787,2024,M,2,-134.56553703572104,-90.5,44.065537035721036,44.065537035721036,0.0,66.72700977329714,22.661472737576105
344,2024,M,3,64.89139655883082,56.590000000000146,-8.301396558830675,-8.301396558830675,0.0,15.013438341305118,23.314834900135793
8019,2024,M,4,149.61658741149404,153.49999999999977,3.8834125885057347,3.8834125885057347,0.0,15.742709547760114,11.85929695925438
1687,2024,F,3,48.16831578158576,67.21000000000004,19.041684218414275,19.041684218414275,0.0,31.386424780763264,12.344740562348989
11428,2024,F,4,-15.426638193129293,3.009999999999991,18.436638193129284,18.436638193129284,0.0,31.24582145568911,12.809183262559827
1046,2024,F,5,232.13187918936887,260.5799999999999,28.448120810631053,28.448120810631053,0.0,35.20984505852152,6.76172424789047
1060,2024,F,5,-25.688157866280108,-1.6300000000001091,24.05815786628,24.05815786628,0.0,31.05293745762947,6.99477959134947
1016,2024,F,5,23.300362646221174,47.830000000000155,24.52963735377898,24.52963735377898,0.0,31.376919203856914,6.847281850077934
11437,2024,F,3,29.74895358170602,50.24000000000001,20.49104641829399,20.49104641829399,0.0,34.08026566947433,13.589219251180339
1050,2024,F,3,116.65770755738572,144.42000000000007,27.762292442614353,27.762292442614353,0.0,34.99280105249136,7.230508609877006
1080,2024,F,4,52.63971476386473,79.32000000000016,26.680285236135433,26.680285236135433,0.0,33.97095153505052,7.2906662989150846
11440,2024,F,3,-18.415609730797314,1.949999999999818,20.365609730797132,20.365609730797132,0.0,34.53395893390416,14.168349203107027
1112,2024,F,2,-81.17086665880333,-61.25999999999999,19.910866658803343,19.910866658803343,0.0,34.63475765568273,14.72389099687939
1062,2024,F,2,136.25146672868664,160.58000000000015,24.328533271313518,24.328533271313518,0.0,39.06950534823568,14.740972076922162
11448,2024,F,5,45.461951521693436,74.40999999999985,28.94804847830642,28.94804847830642,0.0,36.9254036572795,7.9773551789730845
11446,2024,F,4,-45.73375124110726,-17.850000000000136,27.88375124110712,27.88375124110712,0.0,36.082575838242974,8.198824597135854
1128,2024,F,3,80.758667999703,115.10000000000014,34.34133200029714,34.34133200029714,0.0,42.443013069949075,8.101681069651931
1216,2024,M,4,10.262570221051874,44.40000000000009,34.13742977894822,34.13742977894822,0.0,41.5037176025578,7.366287823609582
1187,2024,M,4,-23.04654422192516,9.929999999999836,32.976544221924996,32.976544221924996,0.0,40.271013399204094,7.2944691772790975
1205,2024,M,4,30.144939280956578,64.98000000000002,34.83506071904344,34.83506071904344,0.0,42.24523771541021,7.410176996366772
1254,2024,M,5,-65.2008120481089,-30.700000000000045,34.500812048108855,34.500812048108855,0.0,42.35520067177822,7.854388623669365
1074,2024,F,5,-16.51714258521838,9.220000000000027,25.737142585218407,25.737142585218407,0.0,33.15703651243757,7.419893927219164
1042,2024,F,5,-136.9115287744387,-112.60000000000014,24.311528774438557,24.311528774438557,0.0,32.01795154648403,7.706422772045471
1090,2024,F,3,-62.78878471279609,-38.299999999999955,24.488784712796132,24.488784712796132,0.0,39.39568728156246,14.906902568766327
1070,2024,F,5,-8.334103222145586,15.63000000000011,23.964103222145695,23.964103222145695,0.0,30.832328860259395,6.8682256381136995
1096,2024,F,5,-171.55899409235917,-148.26999999999998,23.28899409235919,23.28899409235919,0.0,30.903620687057582,7.614626594698393
268,2024,F,4,-155.31313044402305,-85.37000000000012,69.94313044402293,69.94313044402293,0.0,80.02481961282001,10.081689168797084
8033,2024,F,2,-15.895761193669614,-12.439999999999827,3.4557611936697867,3.4557611936697867,0.0,81.02947381393983,77.57371262027004
309,2024,F,2,6.587580176452093,79.50999999999999,72.9224198235479,72.9224198235479,0.0,82.43977921842657,9.517359394878667
274,2024,F,2,-172.48642963387852,-160.72000000000003,11.766429633878488,11.766429633878488,0.0,83.59256931546815,71.82613968158967
8034,2024,F,4,20.56814659608426,98.43000000000006,77.8618534039158,77.8618534039158,0.0,87.94406125816681,10.08220785425101
275,2024,F,4,-331.9959104705997,-276.7199999999998,55.27591047059991,55.27591047059991,0.0,88.87206374569928,33.59615327509937
8004,2024,M,4,85.23626016125036,88.07999999999993,2.8437398387495705,2.8437398387495705,0.0,12.283768451936567,9.440028613186996
145,2024,M,2,-19.85484227821189,-77.92000000000007,-58.06515772178818,-58.06515772178818,0.0,12.520304531236434,70.58546225302462
8005,2024,M,3,-53.424361036730716,-51.33999999999992,2.0843610367307974,2.0843610367307974,0.0,12.604325629343748,10.51996459261295
8007,2024,M,2,132.33561021414675,85.09999999999991,-47.235610214146845,-47.235610214146845,0.0,12.79616654764709,60.031776761793935
8009,2024,M,3,-19.299370908959418,-16.940000000000055,2.359370908959363,2.359370908959363,0.0,12.9881525801095,10.628781671150136
8010,2024,M,2,-41.289392479337494,-96.01999999999998,-54.73060752066249,-54.73060752066249,0.0,13.055050207444992,67.78565772810748
8011,2024,M,2,69.49038599308255,72.40999999999985,2.9196140069172998,2.9196140069172998,0.0,13.17135920594751,10.25174519903021
4154,2024,M,3,64.74580163967357,67.68000000000006,2.9341983603264907,2.9341983603264907,0.0,13.395342910487216,10.461144550160725
8013,2024,M,3,6.079149363772103,8.730000000000018,2.650850636227915,2.650850636227915,0.0,13.730193832563373,11.079343196335458
8014,2024,M,4,147.61163226011763,151.10000000000014,3.4883677398825057,3.4883677398825057,0.0,13.730701732120224,10.242333992237718
335,2024,M,4,215.21599990165146,219.30999999999995,4.094000098348488,4.094000098348488,0.0,14.810423632752645,10.716423534404157
345,2024,M,2,173.0727023013178,118.17999999999984,-54.89270230131797,-54.89270230131797,0.0,15.046016470018458,69.93871877133643
333,2024,M,3,158.31635891315682,162.1199999999999,3.803641086843072,3.803641086843072,0.0,15.053562406290439,11.249921319447367
334,2024,M,3,91.38439543151003,94.79999999999995,3.4156045684899254,3.4156045684899254,0.0,15.095500398264448,11.679895829774523
3350,2024,M,3,12.345119208744109,15.329999999999927,2.9848807912558186,2.9848807912558186,0.0,15.289445471874842,12.304564680619023
984,2024,M,3,125.10531872976526,128.80999999999995,3.704681270234687,3.704681270234687,0.0,15.565742830762701,11.861061560528015
225,2024,M,2,-27.94828339727792,-104.95000000000027,-77.00171660272235,-77.00171660272235,0.0,16.58908788059216,93.59080448331451
353,2024,M,3,272.11872360707935,276.8900000000001,4.771276392920754,4.771276392920754,0.0,16.59881052925084,11.827534136330087
8022,2024,M,4,190.9682995253097,195.27999999999975,4.311700474690042,4.311700474690042,0.0,16.70684802068581,12.39514754599577
221,2024,M,3,347.87872140402305,353.78999999999996,5.91127859597691,5.91127859597691,0.0,20.23101793101523,14.31973933503832
8023,2024,M,2,364.17855725590016,371.5,7.321442744099841,7.321442744099841,0.0,27.129092039947864,19.807649295848023
241,2024,F,2,-151.50163354971983,-142.51,8.991633549719836,8.991633549719836,0.0,67.13871917805295,58.147085628333116
4766,2024,F,3,-42.53027145994247,19.1099999999999,61.64027145994237,61.64027145994237,0.0,69.96880379432378,8.328532334381407
293,2024,F,3,-70.59873721342115,-8.8599999999999,61.738737213421246,61.738737213421246,0.0,70.245697343968,8.506960130546759
302,2024,F,3,-12.576570708618874,50.0,62.576570708618874,62.576570708618874,0.0,70.85115975578742,8.274589047168547
3314,2024,F,3,19.384530717087273,83.34000000000015,63.95546928291287,63.95546928291287,0.0,72.22227804827185,8.266808765358974
289,2024,F,3,130.15790548173868,195.16000000000008,65.0020945182614,65.0020945182614,0.0,72.7528112569214,7.750716738660003
8028,2024,F,2,-130.49645441029838,-66.27999999999997,64.21645441029841,64.21645441029841,0.0,73.40133642918295,9.184882018884537
256,2024,F,2,55.71145263859012,106.82999999999993,51.11854736140981,51.11854736140981,0.0,74.86460902901376,23.746061667603954
304,2024,F,2,-113.67554172291443,-46.6400000000001,67.03554172291433,67.03554172291433,0.0,76.49065886331664,9.455117140402308
8032,2024,F,3,-68.71547244779185,-0.10000000000013642,68.61547244779172,68.61547244779172,0.0,78.0124968173493,9.397024369557585
11385,2024,M,4,1.7682871600741237,36.2199999999998,34.451712839925676,34.451712839925676,0.0,41.93237850769083,7.480665667765152
408,2024,F,4,60.15051409663624,77.40000000000009,17.249485903363848,17.249485903363848,0.0,25.315044712582903,8.065558809219056
3869,2024,F,4,5.639281710546129,22.699999999999818,17.06071828945369,17.06071828945369,0.0,25.457717103759023,8.396998814305334
11341,2024,F,4,34.86511405754004,52.100000000000136,17.234885942460096,17.234885942460096,0.0,25.490283627831786,8.25539768537169
11342,2024,F,3,17.86882490648918,35.399999999999864,17.531175093510683,17.531175093510683,0.0,26.065625553117798,8.534450459607115
1947,2024,F,3,108.04780423081434,126.10000000000014,18.0521957691858,18.0521957691858,0.0,26.141614109287502,8.089418340101702
409,2024,F,4,134.10921191716284,152.39999999999986,18.290788082837025,18.290788082837025,0.0,26.2951420084878,8.004353925650776
11343,2024,F,4,89.41217074520273,107.5,18.08782925479727,18.08782925479727,0.0,26.340114827445404,8.252285572648134
3866,2024,F,3,62.48836932395329,77.70000000000005,15.211630676046752,15.211630676046752,0.0,26.549471053627713,11.33784037758096
11344,2024,F,3,71.2999130046062,89.70000000000005,18.40008699539385,18.40008699539385,0.0,26.94802327680418,8.54793628141033
11345,2024,F,4,92.55192530393697,111.40000000000009,18.848074696063122,18.848074696063122,0.0,27.452029006502244,8.603954310439121
11346,2024,F,3,12.345614925585096,30.90000000000009,18.554385074414995,18.554385074414995,0.0,27.638123429775305,9.08373835536031
3864,2024,F,3,93.27879166317916,112.5,19.221208336820837,19.221208336820837,0.0,28.004109128879236,8.782900792058399
2838,2024,F,2,131.93758426120235,148.5,16.562415738797654,16.562415738797654,0.0,28.10491027481885,11.542494536021195
11347,2024,F,4,-28.794935661747786,-9.899999999999864,18.894935661747922,18.894935661747922,0.0,28.467794400201228,9.572858738453306
2842,2024,F,2,44.732645309389,61.0,16.267354690611,16.267354690611,0.0,28.669396692080454,12.402042001469454
11348,2024,F,4,115.35691869390894,135.60000000000014,20.2430813060912,20.2430813060912,0.0,29.35949684505158,9.116415538960382
11352,2024,F,3,114.7387686023203,133.5,18.761231397679694,18.761231397679694,0.0,32.2718745692755,13.510643171595802
161,2024,M,2,35.92202252117522,19.59999999999991,-16.322022521175313,-16.322022521175313,0.0,8.02470552830755,24.346728049482863
11289,2024,M,2,-19.16081470915583,-37.132640968771284,-17.971826259615455,-17.971826259615455,0.0,0.1099645967469769,18.08179085636243
11290,2024,M,2,7.954703437630997,8.003128988469598,0.04842555083860134,0.04842555083860134,0.0,0.11378954098017857,0.06536399014157723
11291,2024,M,2,39.439837768188454,21.148326712030666,-18.291511056157788,-18.291511056157788,0.0,0.1156051145096626,18.40711617066745
11292,2024,M,2,-6.250041447839749,-6.200666493951985,0.049374953887763695,0.049374953887763695,0.0,0.11723709071611665,0.06786213682835296
11293,2024,M,2,170.11540240199065,151.50868428400622,-18.60671811798443,-18.60671811798443,0.0,0.12572336698826803,18.732441484972696
11294,2024,M,2,66.92143031737442,44.4701154349832,-22.451314882391216,-22.451314882391216,0.0,0.14305291432901868,22.594367796720235
11295,2024,F,2,-35.77383300219026,-60.361046107992934,-24.587213105802675,-24.587213105802675,0.0,0.0903887858996768,24.677601891702352
11296,2024,F,2,165.53968144623695,141.780585582291,-23.75909586394596,-23.75909586394596,0.0,0.0983175100727749,23.857413374018734
11298,2024,F,2,78.9562249865437,51.85224433739495,-27.103980649148752,-27.103980649148752,0.0,0.10613315680416235,27.210113805952915
11390,2024,M,5,-58.106254562844924,-22.670000000000073,35.43625456284485,35.43625456284485,0.0,43.455560078087274,8.019305515242422
1993,2024,M,3,-23.88791374453899,2.7999999999999545,26.687913744538946,26.687913744538946,0.0,35.830312942916635,9.142399198377689
1997,2024,M,3,-112.62109298111864,-85.79999999999995,26.82109298111868,26.82109298111868,0.0,36.70933031779282,9.888237336674138
11300,2024,M,2,16.674542582218464,31.38000000000011,14.705457417781645,14.705457417781645,0.0,37.62056298913035,22.915105571348704
426,2024,M,2,-3.9693850467438097,20.59999999999991,24.56938504674372,24.56938504674372,0.0,37.75632745278904,13.186942406045318
1995,2024,M,4,33.504487466899036,62.0,28.495512533100964,28.495512533100964,0.0,37.790843841854894,9.29533130875393
421,2024,M,3,24.360657569761315,49.200000000000045,24.83934243023873,24.83934243023873,0.0,37.813854767898874,12.974512337660144
417,2024,M,4,22.939494490163952,51.5,28.560505509836048,28.560505509836048,0.0,37.96112469457967,9.400619184743618
2861,2024,M,3,-79.3003066169581,-51.200000000000045,28.10030661695805,28.10030661695805,0.0,38.15441647334819,10.054109856390141
11301,2024,M,3,21.397093709168757,46.5,25.102906290831243,25.102906290831243,0.0,38.25566454794125,13.152758257110008
2859,2024,M,2,-97.55940468114159,-69.40000000000009,28.159404681141496,28.159404681141496,0.0,38.37762245597378,10.218217774832283
2001,2024,M,3,52.028139564502,81.39999999999986,29.371860435497865,29.371860435497865,0.0,38.81483005080736,9.442969615309494
11302,2024,M,4,8.187664058003975,37.5,29.312335941996025,29.312335941996025,0.0,39.08175679291617,9.769420850920142
2005,2024,M,3,44.92526085191753,70.79999999999995,25.874739148082426,25.874739148082426,0.0,39.1438862932348,13.269147145152374
11303,2024,M,3,11.645868684719971,37.299999999999955,25.654131315279983,25.654131315279983,0.0,39.22442453438839,13.570293219108407
435,2024,M,4,52.46886527987431,82.20000000000005,29.731134720125738,29.731134720125738,0.0,39.29115621991559,9.560021499789855
11304,2024,M,3,-3.434823925140563,26.0,29.434823925140563,29.434823925140563,0.0,39.337178072003326,9.902354146862763
5500,2024,M,4,-20.096417574253337,9.5,29.596417574253337,29.596417574253337,0.0,39.684643055265724,10.088225481012387
3884,2024,M,4,-17.401893526349795,12.399999999999864,29.80189352634966,29.80189352634966,0.0,39.9377632417486,10.13586971539894
1990,2024,M,4,1.224147783185117,31.200000000000045,29.97585221681493,29.97585221681493,0.0,40.02290366811076,10.047051451295829
2853,2024,M,4,93.27604840571598,123.79999999999995,30.52395159428397,30.52395159428397,0.0,40.02750585331955,9.503554259035582
419,2024,M,3,4.180936494038178,34.40000000000009,30.219063505961913,30.219063505961913,0.0,40.32434679928565,10.105283293323737
2013,2024,M,4,-27.994100618532002,2.2000000000000455,30.194100618532048,30.194100618532048,0.0,40.545251689306724,10.351151070774677
420,2024,M,4,-184.07754157389218,-154.9000000000001,29.177541573892086,29.177541573892086,0.0,40.420992688669685,11.2434511147776
11305,2024,M,4,82.0255782913191,112.80000000000018,30.774421708681075,30.774421708681075,0.0,40.450906892526746,9.67648518384567
414,2024,M,3,14.475494949859694,41.0,26.524505050140306,26.524505050140306,0.0,40.524541855867255,14.00003680572695
11306,2024,M,3,-17.478525302439266,13.100000000000136,30.578525302439402,30.578525302439402,0.0,40.975556006327,10.397030703887594
11307,2024,M,3,74.64588159959294,102.0,27.35411840040706,27.35411840040706,0.0,41.039986599249914,13.685868198842854
11308,2024,M,3,77.35720080176088,104.89999999999986,27.54279919823898,27.54279919823898,0.0,41.29540787833707,13.752608680098092
3333,2024,M,2,63.62341743507545,91.10000000000014,27.476582564924684,27.476582564924684,0.0,41.36674174907307,13.890159184148388
11309,2024,M,3,-71.28238431168006,-40.69999999999982,30.582384311680244,30.582384311680244,0.0,41.405860323347724,10.82347601166748
11310,2024,M,3,58.044058687688675,89.79999999999995,31.75594131231128,31.75594131231128,0.0,41.95121927058722,10.195277958275938
11312,2024,M,2,97.94667720921211,115.68999999999983,17.743322790787715,17.743322790787715,0.0,42.45745964355274,24.714136852765023
2022,2024,M,4,7.999070301480742,39.90000000000009,31.90092969851935,31.90092969851935,0.0,42.54029897731061,10.639369278791264
2045,2024,M,4,82.91432966278603,115.09999999999991,32.18567033721388,32.18567033721388,0.0,42.32859845770713,10.142928120493252
2000,2024,M,3,177.12092707975603,206.39999999999986,29.279072920243834,29.279072920243834,0.0,42.70367655222208,13.424603631978243
429,2024,M,2,88.83547185575503,117.59999999999991,28.764528144244878,28.764528144244878,0.0,43.02582951683621,14.261301372591333
437,2024,M,4,18.735864921349503,51.200000000000045,32.46413507865054,32.46413507865054,0.0,43.20761583258286,10.743480753932317
11315,2024,M,4,215.20790277923038,248.9000000000001,33.69209722076971,33.69209722076971,0.0,43.29505735154976,9.602960130780048
11316,2024,M,3,130.34606528068593,160.0,29.653934719314066,29.653934719314066,0.0,43.868029410042254,14.214094690728189
11317,2024,M,2,-164.714809029324,-150.20000000000027,14.514809029323715,14.514809029323715,0.0,43.96467529942629,29.449866270102575
3887,2024,M,4,49.512989855720434,83.09999999999991,33.587010144279475,33.587010144279475,0.0,44.4640123945785,10.877002250299029
11319,2024,M,3,93.1979764927114,127.59999999999991,34.402023507288504,34.402023507288504,0.0,45.20726530579577,10.805241798507268
5645,2024,M,4,142.88332157429113,177.5999999999999,34.71667842570878,34.71667842570878,0.0,45.23487841704832,10.518199991339543
436,2024,M,2,40.00483569587709,70.0,29.99516430412291,29.99516430412291,0.0,45.529418270409906,15.534253966286997
11322,2024,M,4,-200.9595693463682,-167.89999999999986,33.059569346368335,33.059569346368335,0.0,45.738817697409104,12.67924835104077
2874,2024,M,3,123.07956118040897,154.79999999999973,31.720438819590754,31.720438819590754,0.0,47.130978723063436,15.410539903472682
3336,2024,M,3,203.24802490414868,236.4000000000001,33.15197509585141,33.15197509585141,0.0,48.318342506927365,15.166367411075953
11323,2024,M,3,154.69843616927074,187.5,32.801563830729265,32.801563830729265,0.0,48.39197747026765,15.590413639538383
5662,2024,M,2,97.34937187506011,117.56999999999994,20.22062812493982,20.22062812493982,0.0,48.923529861881434,28.702901736941612
2042,2024,M,2,57.87628331527162,77.66000000000031,19.783716684728688,19.783716684728688,0.0,49.275597030352856,29.491880345624168
11324,2024,M,2,219.7413360862413,242.0,22.25866391375871,22.25866391375871,0.0,49.60925545798909,27.350591544230383
11325,2024,M,4,152.8545980387396,191.80000000000018,38.945401961260586,38.945401961260586,0.0,50.803522519665876,11.85812055840529
1219,2024,M,2,-129.89540289054617,-101.42000000000007,28.475402890546093,28.475402890546093,0.0,40.99234119927178,12.516938308725685
11383,2024,M,4,-159.80715572051963,-126.24000000000001,33.56715572051962,33.56715572051962,0.0,41.73142850335489,8.164272782835269
1251,2024,M,4,5.998740187412068,42.75,36.75125981258793,36.75125981258793,0.0,44.70894315597934,7.957683343391409
3828,2023,M,2,-4.449563483244901,-2.7100000000000364,1.739563483244865,1.739563483244865,0.0,8.095982070615037,6.356418587370172
2934,2023,F,3,-100.46257739478415,-100.22149649655285,0.24108089823130285,0.24108089823130285,0.0,22.137846049472046,21.896765151240743
5787,2023,M,2,-123.41648965556828,-129.24673517492351,-5.8302455193552305,-5.8302455193552305,0.0,7.995089106507294,13.825334625862524
18979,2025,M,5,78.9193932641897,101.60000000000014,22.680606735810443,22.680606735810443,0.0,27.12754455900631,4.446937823195867
1278,2024,M,4,-41.65756003219667,-10.160000000000082,31.49756003219659,31.49756003219659,0.0,44.338912942183924,12.841352909987336
11328,2024,M,2,136.49666551301925,172.5,36.00333448698075,36.00333448698075,0.0,53.534919441073725,17.531584954092978
11330,2024,M,2,119.02094571858925,141.61000000000013,22.58905428141088,22.58905428141088,0.0,54.26666688926889,31.67761260785801
404,2024,F,3,32.71154853219605,47.299999999999955,14.588451467803907,14.588451467803907,0.0,21.551285001884708,6.962833534080801
3862,2024,F,2,74.10023706320999,89.5,15.399762936790012,15.399762936790012,0.0,22.44143665987417,7.041673723084159
1929,2024,F,3,-240.91293868597404,-227.0,13.91293868597404,13.91293868597404,0.0,22.674054688965725,8.761116002991685
1930,2024,F,3,-5.143887835185069,10.100000000000136,15.243887835185205,15.243887835185205,0.0,22.826031801305135,7.582143966119929
1946,2024,F,4,42.420266487037225,58.600000000000136,16.179733512962912,16.179733512962912,0.0,23.854203489889187,7.674469976926275
11336,2024,F,4,106.68106727814643,123.19999999999982,16.51893272185339,16.51893272185339,0.0,23.860406637331607,7.341473915478218
11337,2024,F,3,-8.359260287325014,5.099999999999909,13.459260287324923,13.459260287324923,0.0,24.289974597720402,10.830714310395479
11338,2024,F,3,37.10672162484843,50.90000000000009,13.793278375151658,13.793278375151658,0.0,24.31943954807207,10.52616117292041
11339,2024,F,2,50.343846973418295,52.6099999999999,2.2661530265816054,2.2661530265816054,0.0,24.37526787505385,22.109114848472245
1928,2024,F,3,89.70645225663566,106.5,16.793547743364343,16.793547743364343,0.0,24.403182038544628,7.609634295180285
1953,2024,F,4,19.631354861370937,36.09999999999991,16.468645138628972,16.468645138628972,0.0,24.463662726108396,7.995017587479424
11340,2024,F,4,6.501253022209994,23.0,16.498746977790006,16.498746977790006,0.0,24.610987477866274,8.112240500076268
2826,2024,F,2,55.03974145274174,57.42000000000007,2.380258547258336,2.380258547258336,0.0,25.09173140465532,22.711472857396984
1948,2024,F,3,97.64538515120262,112.29999999999995,14.654614848797337,14.654614848797337,0.0,25.107239273261257,10.45262442446392
27000,2025,M,4,115.21832848882696,139.19999999999982,23.981671511172863,23.981671511172863,0.0,28.57373617582971,4.592064664656846
19481,2024,M,2,-129.1606561559638,-107.70000000000005,21.46065615596376,21.46065615596376,0.0,34.76866160253917,13.308005446575407
11402,2024,M,2,-25.690552366067095,7.509999999999991,33.200552366067086,33.200552366067086,0.0,46.55690469706383,13.356352330996742
3699,2024,M,3,43.82628789496471,83.14999999999986,39.323712105035156,39.323712105035156,0.0,47.635612105327255,8.311900000292098
1299,2024,M,2,73.19633198643191,78.59999999999991,5.403668013567994,5.403668013567994,0.0,13.763447111413825,8.35977909784583
1321,2024,M,3,142.24280330355077,183.88999999999987,41.6471966964491,41.6471966964491,0.0,49.93072389819099,8.28352720174189
1395,2024,M,4,-6.5830337658935605,28.99000000000001,35.57303376589357,35.57303376589357,0.0,49.677711786194095,14.104678020300526
6841,2024,M,2,-98.65743627617826,-65.24000000000001,33.41743627617825,33.41743627617825,0.0,47.5774679757435,14.160031699565252
5271,2024,M,2,40.0286015491306,77.00000000000023,36.97139845086963,36.97139845086963,0.0,51.16926684259079,14.197868391721158
11419,2024,M,5,152.55717648036625,197.51000000000022,44.95282351963397,44.95282351963397,0.0,53.89912156251057,8.946298042876606
1309,2024,M,4,82.76116418951915,124.07000000000016,41.308835810481014,41.308835810481014,0.0,56.79805649188984,15.489220681408824
1363,2024,M,3,70.69977187996096,113.22000000000003,42.520228120039064,42.520228120039064,0.0,51.381407767265046,8.861179647225981
11354,2024,M,2,136.87925761882366,109.20140145841856,-27.6778561604051,-27.6778561604051,0.0,4.392014022172361,32.06987018257746
3169,2024,M,4,48.91357568285707,44.799999999999955,-4.1135756828571175,-4.1135756828571175,0.0,3.151634045917035,7.265209728774153
11355,2024,M,2,109.54538367358327,105.70000000000005,-3.8453836735832283,-3.8453836735832283,0.0,3.152944418827474,6.998328092410702
2442,2024,M,3,77.41511380567022,73.20000000000005,-4.215113805670171,-4.215113805670171,0.0,3.3178642094221686,7.53297801509234
1704,2024,M,3,72.15167260068051,67.90000000000009,-4.251672600680422,-4.251672600680422,0.0,3.3274112120559494,7.579083812736371
11357,2024,M,2,33.16497728084778,28.59999999999991,-4.56497728084787,-4.56497728084787,0.0,3.429058710685922,7.994035991533792
1323,2024,M,3,129.84995390524682,125.60000000000014,-4.249953905246684,-4.249953905246684,0.0,3.5131097730888996,7.763063678335584
11358,2024,M,3,60.96756964772362,56.299999999999955,-4.667569647723667,-4.667569647723667,0.0,3.5937913051504893,8.261360952874156
1266,2024,M,4,182.3259533026678,178.10000000000014,-4.225953302667676,-4.225953302667676,0.0,3.6656746190988088,7.891627921766485
4732,2024,M,3,231.34095548167807,227.20000000000005,-4.14095548167802,-4.14095548167802,0.0,3.762642214476955,7.903597696154975
11359,2024,M,2,12.130475781855921,7.0,-5.130475781855921,-5.130475781855921,0.0,3.772376413240636,8.902852195096557
1284,2024,M,3,191.5590099593337,187.20000000000005,-4.359009959333662,-4.359009959333662,0.0,3.792406399158608,8.15141635849227
1379,2024,M,2,348.7373660511994,343.5999999999999,-5.1373660511994785,-5.1373660511994785,0.0,4.868035362560931,10.00540141376041
1008,2024,F,2,102.73844857579775,75.70000000000005,-27.038448575797702,-27.038448575797702,0.0,3.096705438174922,30.135154013972624
11360,2024,F,2,61.56176572021786,58.399999999999864,-3.161765720218,-3.161765720218,0.0,3.156574078835547,6.318339799053547
11362,2024,F,2,-82.98412529857615,-87.30000000000018,-4.315874701424036,-4.315874701424036,0.0,3.6222665765462807,7.938141277970317
1100,2024,F,3,110.51159731635903,106.70000000000005,-3.8115973163589842,-3.8115973163589842,0.0,3.9545375322131804,7.766134848572165
11364,2024,F,3,24.937706324614965,20.700000000000045,-4.237706324614919,-4.237706324614919,0.0,3.9940935983640884,8.231799922979008
2420,2024,F,2,161.1015697418852,157.4000000000001,-3.701569741885123,-3.701569741885123,0.0,4.061445819107348,7.763015560992471
11365,2024,F,3,45.35713623859078,41.09999999999991,-4.257136238590874,-4.257136238590874,0.0,4.095870287487287,8.353006526078161
1130,2024,F,2,154.6931655743167,146.0,-8.693165574316708,-8.693165574316708,0.0,4.324226388293027,13.017391962609736
11366,2024,M,2,-1.4525061053070658,-7.5,-6.047493894692934,-6.047493894692934,0.0,3.9106090176460384,9.958102912338973
11367,2024,M,3,212.6354676497324,207.5999999999999,-5.035467649732482,-5.035467649732482,0.0,4.021350010054903,9.056817659787384
11372,2024,M,4,172.1671542508525,166.4000000000001,-5.7671542508524,-5.7671542508524,0.0,4.350322273218353,10.117476524070753
28516,2025,M,3,-42.25220283235262,6.435096980534581,48.687299812887204,48.687299812887204,0.0,57.5974798671441,8.910180054256898
2061,2024,F,4,20.020370913420493,15.099999999999909,-4.920370913420584,-4.920370913420584,0.0,4.099803121815739,9.020174035236323
2062,2024,F,4,-66.45726497053647,-72.20000000000005,-5.742735029463574,-5.742735029463574,0.0,4.379476151189692,10.122211180653267
1674,2024,F,4,256.8994151302945,251.69999999999982,-5.19941513029471,-5.19941513029471,0.0,5.396672022887742,10.596087153182452
3386,2024,M,5,21.76519174302757,16.027468965713524,-5.737722777314048,-5.737722777314048,0.0,2.665113510194942,8.40283628750899
2905,2024,M,3,10.491220595917412,3.9068112501768155,-6.584409345740596,-6.584409345740596,0.0,3.0219724924318143,9.60638183817241
3369,2024,F,4,278.8291411272744,272.63956744092934,-6.189573686345057,-6.189573686345057,0.0,2.9022327633433633,9.09180644968842
1415,2024,M,3,157.64526729135423,204.97000000000025,47.324732708646025,47.324732708646025,0.0,56.75913155158241,9.434398842936389
11380,2024,M,4,-31.260722495401296,1.25,32.510722495401296,32.510722495401296,0.0,39.74844607557998,7.237723580178681
4665,2024,F,4,200.42247199402118,233.00097331309917,32.578501319077986,32.578501319077986,0.0,39.00512495840053,6.426623639322543
11381,2024,M,4,68.6931538397339,103.05999999999995,34.36684616026605,34.36684616026605,0.0,41.46625234751218,7.099406187246132
16156,2024,F,4,167.40222499284937,200.32123811569295,32.91901312284358,32.91901312284358,0.0,39.606320081331205,6.687306958487625
1029,2024,F,2,102.90647701114563,95.5,-7.4064770111456255,-7.4064770111456255,0.0,3.5948980551015666,11.001375066247192
1201,2024,M,2,-58.52852453587002,-30.7199999999998,27.80852453587022,27.80852453587022,0.0,39.35992651513857,11.551401979268348
11386,2024,M,3,-119.57426535216337,-85.52999999999997,34.04426535216339,34.04426535216339,0.0,42.094160290842865,8.049894938679472
1195,2024,M,4,46.50231310083632,80.22000000000003,33.71768689916371,33.71768689916371,0.0,40.79625681247444,7.07856991331073
11382,2024,M,3,-58.156291966761955,-18.799999999999955,39.356291966762,39.356291966762,0.0,41.52828897112681,2.171997004364812
1231,2024,M,2,-77.80012287360569,-44.57999999999993,33.22012287360576,33.22012287360576,0.0,40.86437545801209,7.644252584406331
11379,2024,M,3,-17.63151894916473,14.329999999999927,31.961518949164656,31.961518949164656,0.0,39.005952839219844,7.044433890055188
1122,2024,F,4,31.970135530551033,28.0,-3.9701355305510333,-3.9701355305510333,0.0,3.7772835925427444,7.747419123093778
1179,2024,M,2,148.45801017826102,144.39999999999986,-4.058010178261156,-4.058010178261156,0.0,3.4337386139377486,7.491748792198905
1288,2024,M,3,39.077597798835995,34.700000000000045,-4.37759779883595,-4.37759779883595,0.0,3.3118739332599034,7.689471732095853
1337,2024,M,3,164.3634667496442,159.80000000000018,-4.5634667496440215,-4.5634667496440215,0.0,3.8530579453022256,8.416524694946247
1207,2024,M,3,-34.62680572483691,-0.5299999999999727,34.09680572483694,34.09680572483694,0.0,41.69761246146322,7.600806736626282
18982,2025,M,4,63.02723215341007,86.89999999999986,23.872767846589795,23.872767846589795,0.0,28.62281507685293,4.750047230263135
11387,2024,M,2,-256.95562420659417,-253.32000000000016,3.6356242065940023,3.6356242065940023,0.0,42.27199861187137,38.636374405277365
16160,2024,F,4,203.7785673223268,238.86206495735883,35.08349763503202,35.08349763503202,0.0,42.07070181368795,6.987204178655929
2400,2024,F,4,224.05599594226214,259.9101060402802,35.854110098018054,35.854110098018054,0.0,42.90771054087145,7.053600442853394
11395,2024,M,3,-18.78039326214889,23.75999999999999,42.54039326214888,42.54039326214888,0.0,44.829610470931584,2.289217208782702
11396,2024,M,2,30.263372399955415,32.22000000000003,1.9566276000446123,1.9566276000446123,0.0,44.8566146482699,42.899987048225285
16164,2024,F,4,264.1485483996455,301.13769319707967,36.989144797434165,36.989144797434165,0.0,44.08418720384725,7.095042406413086
2406,2024,F,4,315.0155881126807,353.28481561646254,38.26922750378185,38.26922750378185,0.0,45.379866348093856,7.110638844312007
2403,2024,F,4,160.15404477686798,196.75558025611417,36.601535479246195,36.601535479246195,0.0,44.18006746052174,7.578531981275546
1213,2024,M,2,46.41756972161238,82.16000000000008,35.7424302783877,35.7424302783877,0.0,43.26166521918208,7.519234940794377
1325,2024,M,2,46.11247872060153,87.09999999999991,40.98752127939838,40.98752127939838,0.0,49.64876136184057,8.661240082442191
1305,2024,M,5,63.57534564531102,101.54000000000019,37.96465435468917,37.96465435468917,0.0,45.87401527554948,7.909360920860308
1032,2024,F,3,-27.528963090522666,-4.330000000000155,23.19896309052251,23.19896309052251,0.0,29.95979611339021,6.7608330228677005
1274,2024,M,4,35.80380610839734,74.12000000000012,38.31619389160278,38.31619389160278,0.0,46.45253720086521,8.136343309262429
11422,2024,M,2,197.3304676839707,248.11000000000013,50.77953231602942,50.77953231602942,0.0,60.749911056579094,9.970378740549677
1273,2024,M,4,606.2552175835849,655.0800000000002,48.824782416415246,48.824782416415246,0.0,62.12858378608462,13.303801369669372
994,2024,F,2,22.254452027508705,44.86999999999989,22.615547972491186,22.615547972491186,0.0,28.92408429629404,6.308536323802855
1020,2024,F,3,34.735153764313736,58.190000000000055,23.45484623568632,23.45484623568632,0.0,29.930487251262093,6.475641015575775
11424,2024,F,3,-8.352443754746218,-9.059999999999945,-0.707556245253727,-0.707556245253727,0.0,30.030493841631824,30.73805008688555
11425,2024,F,2,-28.0878773711579,-4.7999999999999545,23.287877371157947,23.287877371157947,0.0,30.077229594754954,6.789352223597007
996,2024,F,2,79.22558188503876,77.61999999999989,-1.6055818850388732,-1.6055818850388732,0.0,30.46378972228308,32.069371607321955
1004,2024,F,4,-14.26133777969153,9.940000000000055,24.201337779691585,24.201337779691585,0.0,31.171163070403054,6.969825290711469
11427,2024,F,2,-73.19540678585258,-49.25,23.945406785852583,23.945406785852583,0.0,31.181262745866206,7.235855960013623
11430,2024,F,2,5.793800281485574,5.339999999999918,-0.45380028148565543,-0.45380028148565543,0.0,32.112413216991854,32.56621349847751
1333,2024,M,2,-24.07492324918212,-14.519999999999982,9.554923249182139,9.554923249182139,0.0,48.624062308253315,39.069139059071176
11394,2024,M,2,91.1764874213336,102.22000000000003,11.043512578666423,11.043512578666423,0.0,44.783630385193874,33.74011780652745
11389,2024,M,3,-31.4890241820151,9.019999999999982,40.50902418201508,40.50902418201508,0.0,42.70698481980435,2.197960637789265
11397,2024,M,2,-67.76975626494686,-31.090000000000146,36.67975626494672,36.67975626494672,0.0,45.0218023636985,8.34204609875178
2354,2024,M,3,-61.31683198942619,-18.460000000000036,42.856831989426155,42.856831989426155,0.0,45.21934643575764,2.362514446331488
1341,2024,M,4,-140.78123332226528,-103.94000000000005,36.841233322265225,36.841233322265225,0.0,45.614191298998776,8.77295797673355
11392,2024,M,2,7.097464258026093,16.329999999999927,9.232535741973834,9.232535741973834,0.0,44.071060696694985,34.83852495472115
1697,2024,M,4,-5.523665849646022,35.61999999999989,41.14366584964591,41.14366584964591,0.0,50.118780016050096,8.975114166404182
1436,2024,M,3,242.4097731238221,297.0600000000004,54.650226876178294,54.650226876178294,0.0,65.21776436121536,10.567537485037064
1203,2024,M,2,-2.2427081846910824,6.480000000000018,8.7227081846911,8.7227081846911,0.0,42.49581701863781,33.77310883394671
11400,2024,M,4,81.30245900717205,119.64999999999986,38.34754099282782,38.34754099282782,0.0,46.2440454893449,7.896504496517082
11405,2024,M,2,75.79397945414757,114.82999999999993,39.03602054585235,39.03602054585235,0.0,47.11207165819542,8.076051112343066
1257,2024,M,3,-34.35286992201918,1.3799999999998818,35.73286992201906,35.73286992201906,0.0,43.687893315546035,7.955023393526972
1260,2024,M,2,-224.9663373169492,-204.91000000000008,20.05633731694911,20.05633731694911,0.0,45.71028724538223,25.65394992843312
11388,2024,M,2,-39.684154788682235,-31.720000000000027,7.964154788682208,7.964154788682208,0.0,42.41066871171574,34.446513923033535
11431,2024,F,3,-43.755609158187326,-18.8599999999999,24.895609158187426,24.895609158187426,0.0,32.232619158287434,7.337010000100008
1053,2024,F,3,-193.52215886559725,-198.07999999999993,-4.557841134402679,-4.557841134402679,0.0,32.41164085669175,36.969481991094426
11432,2024,F,4,-2.6522850158769415,22.769999999999982,25.422285015876923,25.422285015876923,0.0,32.67284618876647,7.250561172889547
11433,2024,F,3,23.438987678582862,54.309999999999945,30.871012321417084,30.871012321417084,0.0,32.902762330190626,2.0317500087735425
11441,2024,F,2,89.90438844464188,88.03999999999996,-1.8643884446419179,-1.8643884446419179,0.0,34.95161021923036,36.81599866387228
11445,2024,F,3,-45.843107595743504,-17.960000000000036,27.883107595743468,27.883107595743468,0.0,36.082377805390706,8.199270209647239
11447,2024,F,3,133.58661730561994,168.18000000000006,34.593382694380125,34.593382694380125,0.0,36.725192443688,2.1318097493078767
1102,2024,F,3,-6.38928714664894,23.210000000000036,29.599287146648976,29.599287146648976,0.0,38.06013190048429,8.460844753835318
11453,2024,F,2,152.58626192462157,154.9599999999998,2.3737380753782418,2.3737380753782418,0.0,42.82202986489983,40.44829178952159
1134,2024,F,3,69.79302114495295,103.7199999999998,33.926978855046855,33.926978855046855,0.0,43.18145949167456,9.254480636627704
1144,2024,F,2,7.63884730565178,42.6899999999996,35.05115269434782,35.05115269434782,0.0,44.982964348294445,9.931811653946625
2401,2024,F,3,306.3383608247336,345.7790063987529,39.4406455740193,39.4406455740193,0.0,46.86989736397777,7.429251789958471
21481,2024,F,2,75.54126726088293,82.39999999999986,6.858732739116931,6.858732739116931,0.0,14.357054468341403,7.498321729224472
2894,2024,F,4,248.39817524880687,287.0069718026084,38.60879655380154,38.60879655380154,0.0,46.165047909507166,7.556251355705626
2404,2024,F,3,275.09662789053664,314.79103018360206,39.69440229306542,39.69440229306542,0.0,47.35448136392597,7.660079070860547
16168,2024,F,4,201.78096666889178,240.7935970506892,39.01263038179741,39.01263038179741,0.0,46.91913317145895,7.906502789661545
5344,2024,F,3,223.28701578811592,263.6103763226572,40.32336053454128,40.32336053454128,0.0,48.41434690391975,8.09098636937847
16173,2024,F,3,255.31514717737855,296.92056278042946,41.605415603050915,41.605415603050915,0.0,49.81627173799416,8.210856134943242
2416,2024,F,3,113.96340956310519,135.44785203549395,21.484442472388764,21.484442472388764,0.0,29.832547260841466,8.348104788452702
16167,2024,F,4,267.1349030382696,306.2674689739106,39.13256593564097,39.13256593564097,0.0,46.70664179180244,7.574075856161471
2428,2024,F,3,304.57459117275494,350.243853856015,45.66926268326006,45.66926268326006,0.0,54.54809197278291,8.878829289522855
2437,2024,M,4,116.30576106738886,159.9000000000001,43.59423893261123,43.59423893261123,0.0,50.634239572892966,7.040000640281733
2896,2024,M,2,36.875407634982594,41.399999999999864,4.52459236501727,4.52459236501727,0.0,11.819061542296367,7.2944691772790975
16124,2024,M,3,201.58052254648555,250.20000000000005,48.61947745351449,48.61947745351449,0.0,56.09482322155145,7.475345768036959
16114,2024,M,3,77.37749379927823,121.89999999999986,44.52250620072164,44.52250620072164,0.0,51.92913659726969,7.406630396548053
2899,2024,M,4,109.25326653483262,157.4000000000001,48.14673346516747,48.14673346516747,0.0,56.02240168774961,7.875668222582135
2897,2024,M,2,10.098661168420449,14.799999999999955,4.7013388315795055,4.7013388315795055,0.0,12.621339551896199,7.920000720316693
2438,2024,M,4,109.49051308054254,154.4000000000001,44.90948691945755,44.90948691945755,0.0,52.21592587112491,7.30643895166736
2456,2024,M,4,69.31688765041304,116.30000000000018,46.983112349587145,46.983112349587145,0.0,54.863657146920104,7.880544797332959
2473,2024,M,3,72.38030161661004,121.59999999999991,49.21969838338987,49.21969838338987,0.0,57.47662608649057,8.2569277031007
16123,2024,M,3,71.18892857958144,118.89999999999986,47.71107142041842,47.71107142041842,0.0,55.70954066172567,7.998469241307248
28517,2025,M,3,-113.83581519722907,-64.33173848928345,49.504076707945615,49.504076707945615,0.0,59.01205173723838,9.507975029292766
2474,2024,M,3,161.5549125857276,199.80000000000018,38.245087414272575,38.245087414272575,0.0,46.56452393917948,8.319436524906905
2469,2024,M,4,61.70867079135428,112.50000000000023,50.79132920864595,50.79132920864595,0.0,59.37986399480292,8.58853478615697
2900,2024,M,4,56.03111719974254,104.0,47.96888280025746,47.96888280025746,0.0,56.091926360199295,8.123043559941834
16132,2024,M,2,-1.8754705017252036,42.899999999999864,44.77547050172507,44.77547050172507,0.0,58.66433924084049,13.888868739115424
2467,2024,M,4,30.970008783629055,80.20000000000005,49.22999121637099,49.22999121637099,0.0,57.70547813330427,8.475486916933278
21482,2024,M,2,20.402173645939456,25.700000000000045,5.297826354060589,5.297826354060589,0.0,14.113786853597048,8.815960499536459
2463,2024,M,4,233.1032559035416,290.4000000000001,57.2967440964585,57.2967440964585,0.0,66.12955094513427,8.832806848675773
1154,2024,F,4,-17.86424119862977,15.559999999999945,33.424241198629716,33.424241198629716,0.0,43.0396679694868,9.615426770857084
28518,2025,M,2,29.542578513485523,31.8599999999999,2.3174214865143767,2.3174214865143767,0.0,11.218518134822489,8.901096648308112
18725,2024,F,4,-96.04896200524945,-48.83824168852652,47.21072031672293,47.21072031672293,0.0,54.70053827203651,7.489817955313583
18726,2024,F,3,85.95478099917773,138.22018855192687,52.26540755274914,52.26540755274914,0.0,59.40770625390337,7.142298701154232
66,2024,F,3,-9.378579893860433,42.47721394244354,51.855793836303974,51.855793836303974,0.0,59.507960338709836,7.652166502405862
18727,2024,F,2,-163.0405466440909,-126.99991970735209,36.04062693673882,36.04062693673882,0.0,59.7323385285149,23.691711591776084
71,2024,F,2,-19.08813241829057,24.148612371139507,43.23674478943008,43.23674478943008,0.0,67.66195923630426,24.42521444687418
86,2024,F,3,-7.397465617715852,36.43015896641532,43.82762458413117,43.82762458413117,0.0,68.3159977895657,24.488373205434527
2,2024,M,2,-27.51338912148026,15.299999999999955,42.81338912148021,42.81338912148021,0.0,57.2666139563039,14.453224834823686
8,2024,M,4,7.877329331597366,58.0866663653419,50.20933703374453,50.20933703374453,0.0,62.457129305396165,12.247792271651633
18728,2024,M,3,-93.7636249948016,-40.40000000000009,53.36362499480151,53.36362499480151,0.0,63.16422046822163,9.800595473420117
9,2024,M,2,-103.63415800003122,-52.507161580703496,51.126996419327725,51.126996419327725,0.0,64.70661163108821,13.579615211760483
471,2024,M,2,-155.69440565284822,-117.60935750428735,38.08504814856087,38.08504814856087,0.0,65.31657488693236,27.231526738371485
27,2024,M,3,9.200825064023547,62.30298071133711,53.102155647313566,53.102155647313566,0.0,66.04697674743306,12.944821100119498
16141,2024,M,3,137.42193792239527,191.69999999999982,54.278062077604545,54.278062077604545,0.0,63.082052802752514,8.803990725147969
18730,2024,M,3,-95.3687563127005,-39.0,56.3687563127005,56.3687563127005,0.0,66.69579116606974,10.327034853369241
18731,2024,M,5,51.68834209137549,105.89948478005249,54.211142688677,54.211142688677,0.0,67.00660046841062,12.795457779733624
18732,2024,M,3,-48.82898911249936,5.0710430229746635,53.90003213547402,53.90003213547402,0.0,67.61656372425455,13.716531588780526
26999,2025,M,3,17.57194858029129,34.700000000000045,17.128051419708754,17.128051419708754,0.0,28.349609194489176,11.221557774780422
150,2024,M,4,36.688833809463176,94.09633435058163,57.40750054111845,57.40750054111845,0.0,71.13647907326481,13.728978532146357
18736,2024,M,4,99.02910214107351,161.4000000000001,62.37089785892658,62.37089785892658,0.0,72.37971628262812,10.008818423701541
18737,2024,M,2,137.84264129136318,200.25157824750863,62.40893695614545,62.40893695614545,0.0,76.36196046887062,13.953023512725167
2487,2024,M,2,602.6148960249727,612.0999999999999,9.485103975027187,9.485103975027187,0.0,18.436278592654617,8.95117461762743
19364,2024,M,3,-16.523705130111694,-9.900000000000091,6.623705130111603,6.623705130111603,0.0,15.554123028870436,8.930417898758833
18919,2024,M,2,142.99141320640888,129.81000000000017,-13.181413206408706,-13.181413206408706,0.0,3.041999169832934,16.22341237624164
18773,2024,M,2,87.00835931244364,73.80999999999995,-13.1983593124437,-13.1983593124437,0.0,4.301010702098438,17.499370014542137
26835,2025,M,5,6.078487376727708,33.89999482304347,27.821507446315763,27.821507446315763,0.0,32.69296984906123,4.871462402745465
689,2025,M,4,303.34023205879794,331.0999999999999,27.75976794120197,27.75976794120197,0.0,32.48696055076243,4.727192609560461
28519,2025,M,3,-73.17753167601109,-24.281667596912712,48.895864079098374,48.895864079098374,0.0,58.038686189246164,9.14282211014779
1584,2025,M,4,-48.235698904223,-27.264754031806888,20.970944872416112,20.970944872416112,0.0,32.61580555089017,11.64486067847406
26180,2025,M,5,66.50427167999192,92.09999999999991,25.595728320007993,25.595728320007993,0.0,30.692308736673112,5.09658041666512
1557,2025,M,5,-20.382072099963807,7.571001204370759,27.953073304334566,27.953073304334566,0.0,32.9368090312812,4.983735726946634
27014,2025,M,4,106.80828426337416,132.9000000000001,26.09171573662593,26.09171573662593,0.0,31.152014442925974,5.0602987063000455
27016,2025,M,3,52.0766073996931,71.21000000000004,19.133392600306934,19.133392600306934,0.0,31.309066926200785,12.175674325893851
19390,2025,M,4,41.49094273294986,67.59999999999991,26.109057267050048,26.109057267050048,0.0,31.399044911410556,5.289987644360508
19010,2025,M,6,104.70172113773447,135.66704489452354,30.965323756789076,30.965323756789076,0.0,36.05733324931384,5.092009492524767
1589,2025,M,6,-103.8165209604656,-73.47485464741658,30.341666313049018,30.341666313049018,0.0,36.02646753004592,5.684801216996902
7697,2025,M,5,-4.311151264174441,26.131848559002265,30.442999823176706,30.442999823176706,0.0,35.81040749516683,5.367407671990122
26097,2025,M,3,95.29383280506636,157.64567157005922,62.35183876499286,62.35183876499286,0.0,72.8176856674952,10.465846902502335
26837,2025,M,3,-5.760727114473866,18.871799151562072,24.63252626603594,24.63252626603594,0.0,37.79198667219657,13.159460406160633
557,2025,M,3,-21.471153578697113,36.528591133823056,57.99974471252017,57.99974471252017,0.0,68.43160899041368,10.43186427789351
26112,2025,M,3,76.38991375325554,138.68338115780534,62.2934674045498,62.2934674045498,0.0,72.8685289056375,10.575061501087703
11517,2025,M,2,211.4610273547205,243.37171654324538,31.910689188524884,31.910689188524884,0.0,46.727612400390626,14.816923211865742
7701,2025,M,3,28.297934732417616,57.10829932603201,28.810364593614395,28.810364593614395,0.0,43.84475422072455,15.034389627110158
731,2025,M,5,19.99522310510679,45.0,25.00477689489321,25.00477689489321,0.0,30.139353118476265,5.134576223583053
27003,2025,M,4,-83.22593469007506,-59.5,23.725934690075064,23.725934690075064,0.0,28.9516437137097,5.225709023634636
4603,2024,M,2,26.483388426589272,86.79999999999995,60.31661157341068,60.31661157341068,0.0,70.47600930579051,10.15939773237983
19,2024,M,6,-5.776150808147122,51.0,56.77615080814712,56.77615080814712,0.0,66.55204186373726,9.775891055590137
16113,2024,M,2,-68.85804820551971,-25.800000000000182,43.058048205519526,43.058048205519526,0.0,50.97317235108562,7.915124145566097
16115,2024,M,2,-27.784835777479884,16.40000000000009,44.184835777479975,44.184835777479975,0.0,52.08267024892939,7.897834471449414
16117,2024,M,2,174.3514485462124,220.4000000000001,46.048551453787695,46.048551453787695,0.0,53.21534303759063,7.166791583802933
735,2024,M,3,124.42957549459152,171.69999999999982,47.2704245054083,47.2704245054083,0.0,54.912903789905386,7.642479284497085
4700,2024,M,3,59.18550412602508,108.09999999999991,48.91449587397483,48.91449587397483,0.0,57.186939951282966,8.272444077308137
752,2024,M,2,-71.0071175168282,-85.09999999999991,-14.092882483171707,-14.092882483171707,0.0,57.70547813330427,71.79836061647597
2465,2024,M,2,9.510684440866044,59.0,49.489315559133956,49.489315559133956,0.0,58.12262616800308,8.633310608869124
16129,2024,M,2,-67.46096966620007,-18.100000000000136,49.360969666199935,49.360969666199935,0.0,58.37465310563334,9.013683439433407
16131,2024,M,2,128.88479867316119,179.30000000000018,50.415201326839,50.415201326839,0.0,58.58612398433456,8.170922657495566
16135,2024,M,2,91.32965824802886,142.79999999999995,51.47034175197109,51.47034175197109,0.0,60.022967214963046,8.552625462991955
16139,2024,M,2,93.3956209455373,146.0999999999999,52.704379054462606,52.704379054462606,0.0,61.462707306943685,8.758328252481078
5408,2024,M,3,68.99555213056647,122.20000000000005,53.20444786943358,53.20444786943358,0.0,62.178232060905884,8.973784191472305
787,2024,M,2,-72.72757422691166,-20.09999999999991,52.62757422691175,52.62757422691175,0.0,62.241963010651034,9.614388783739287
784,2024,M,2,124.78692362894026,178.4000000000001,53.61307637105983,53.61307637105983,0.0,62.366528048790315,8.753451677730482
16140,2024,M,2,225.5081749027188,279.9000000000001,54.3918250972813,54.3918250972813,0.0,62.75470746996825,8.362882372686954
16142,2024,M,2,104.08413469171433,158.29999999999995,54.21586530828563,54.21586530828563,0.0,63.183442950075005,8.967577641789376
16143,2024,M,2,85.4401399570911,140.29999999999973,54.85986004290862,54.85986004290862,0.0,64.03801704893749,9.178157006028869
4369,2024,M,2,25.23209245947737,13.099999999999909,-12.132092459477462,-12.132092459477462,0.0,65.12434005596424,77.2564325154417
16146,2024,M,2,314.6633852855434,372.89999999999986,58.23661471445644,58.23661471445644,0.0,66.80741650151958,8.570801787063147
799,2024,M,2,139.43429239860598,197.79999999999973,58.36570760139375,58.36570760139375,0.0,67.87635834043385,9.510650739040102
16147,2024,M,2,84.54534566295615,143.30000000000018,58.75465433704403,58.75465433704403,0.0,68.62085170791715,9.866197370873124
16148,2024,M,2,-153.2709232076768,-94.90000000000009,58.3709232076767,58.3709232076767,0.0,69.41459171838551,11.043668510708812
2478,2024,M,4,240.9037652224456,303.7999999999997,62.89623477755413,62.89623477755413,0.0,72.6706638781161,9.774429100561974
16112,2024,M,2,-9.187274670901616,-19.5,-10.312725329098384,-10.312725329098384,0.0,49.878158760001725,60.19088408910011
18879,2024,M,3,-32.9016622348729,-28.049999999999955,4.851662234872947,4.851662234872947,0.0,7.147801401185234,2.2961391663122868
913,2024,M,2,51.1021625982637,72.21000000000004,21.107837401736333,21.107837401736333,0.0,23.410143402938502,2.3023060012021688
18565,2024,M,3,24.543429253256818,95.00999999999999,70.46657074674317,70.46657074674317,0.0,72.77124279888267,2.3046720521394946
18564,2024,M,2,10.480693606490604,80.51999999999998,70.03930639350938,70.03930639350938,0.0,72.3481190347893,2.3088126412799284
4315,2024,M,3,124.3556835540362,170.8599999999999,46.504316445963696,46.504316445963696,0.0,48.81455123488172,2.3102347889180237
18596,2024,F,3,-13.362861932420174,34.25,47.612861932420174,47.612861932420174,0.0,49.471116062597275,1.8582541301771016
18821,2024,F,2,101.73183669924265,106.36703481049494,4.6351981112522935,4.6351981112522935,0.0,6.493667151800764,1.8584690405484707
2083,2024,F,2,65.94375357717945,70.43688916460633,4.4931355874268775,4.4931355874268775,0.0,6.354234119577313,1.8610985321504359
2093,2023,F,2,-76.23541657732835,-70.7199999999998,5.515416577328551,5.515416577328551,0.0,5.862558691201457,0.3471421138729056
2094,2023,F,3,-48.51831266963836,-42.960000000000036,5.558312669638326,5.558312669638326,0.0,5.902494557568389,0.34418188793006266
2096,2023,F,3,-40.955841273234,-35.34999999999991,5.605841273234091,5.605841273234091,0.0,5.951371289539566,0.3455300163054744
2097,2023,F,2,-45.48809535302257,-39.850000000000136,5.638095353022436,5.638095353022436,0.0,5.986472465616771,0.3483771125943349
2106,2023,F,2,189.19237854735047,195.7299999999998,6.537621452649319,6.537621452649319,0.0,6.893208695183148,0.35558724253382934
2108,2023,M,3,46.88294553216497,51.67000000000007,4.787054467835105,4.787054467835105,0.0,5.148966908851662,0.36191244101655684
2110,2023,M,2,6.072629407226714,11.009999999999991,4.937370592773277,4.937370592773277,0.0,5.320988842965107,0.38361825019183016
2112,2023,M,2,77.18897509170961,82.17000000000007,4.981024908290465,4.981024908290465,0.0,5.350654264639161,0.3696293563486961
2113,2023,M,3,37.32050596547333,42.309999999999945,4.989494034526615,4.989494034526615,0.0,5.369535102037844,0.3800410675112289
2114,2023,M,2,10.951206902727336,15.950000000000045,4.99879309727271,4.99879309727271,0.0,5.386008945264848,0.38721584799213815
2115,2023,M,2,-31.882703687951107,-26.87999999999988,5.002703687951225,5.002703687951225,0.0,5.400700987611344,0.3979972996601191
2116,2023,M,3,21.463564627450978,26.49000000000001,5.026435372549031,5.026435372549031,0.0,5.413236113102812,0.386800740553781
2117,2023,M,2,-62.017151055160866,-57.0,5.017151055160866,5.017151055160866,0.0,5.423645581403662,0.4064945262427955
2119,2023,M,2,-22.59323895049897,-20.029999999999973,2.5632389504989987,2.5632389504989987,0.0,5.582882312708989,3.0196433622099903
2121,2023,M,2,-87.42848994316637,-84.93000000000006,2.4984899431663052,2.4984899431663052,0.0,5.6769739030562505,3.1784839598899453
2122,2023,M,3,32.127003409722874,37.42000000000007,5.292996590277198,5.292996590277198,0.0,5.697980397645324,0.4049838073681258
2123,2023,M,3,-21.91875059940662,-16.59999999999991,5.318750599406712,5.318750599406712,0.0,5.738961817893141,0.42021121848642906
2127,2023,M,3,72.091831724229,77.56999999999994,5.4781682757709405,5.4781682757709405,0.0,5.887820340562257,0.40965206479131666
2128,2023,M,3,29.458774497472405,34.940000000000055,5.48122550252765,5.48122550252765,0.0,5.901543333307245,0.42031783077959517
2129,2023,M,3,10.057082640204044,15.549999999999955,5.492917359795911,5.492917359795911,0.0,5.918892447141843,0.4259750873459325
928,2023,M,3,-262.84167477817664,-242.4799999999998,20.361674778176848,20.361674778176848,0.0,20.876630299895396,0.514955521718548
2132,2023,M,2,-171.48591293685854,-165.94000000000005,5.545912936858485,5.545912936858485,0.0,6.020423837656153,0.474510900797668
2134,2023,M,3,-213.37313011212677,-207.7099999999998,5.663130112126964,5.663130112126964,0.0,6.1570285718148625,0.49389845968789814
2138,2023,M,3,-10.276337652224584,-4.370000000000118,5.906337652224465,5.906337652224465,0.0,6.369531771542825,0.4631941193183593
2140,2023,M,3,-20.773343717389707,-14.809999999999945,5.963343717389762,5.963343717389762,0.0,6.433551564576192,0.4702078471864297
2141,2023,M,3,65.64348611515811,71.69000000000005,6.046513884841943,6.046513884841943,0.0,6.502072749307899,0.4555588644659565
2142,2023,M,2,148.01658520284036,154.17000000000007,6.153414797159712,6.153414797159712,0.0,6.5971646489215345,0.44374985176182236
2144,2023,M,2,-59.93808619770016,-53.70000000000027,6.238086197699886,6.238086197699886,0.0,6.739302343708005,0.5012161460081188
2157,2023,M,2,-15.388853777062195,-8.409999999999854,6.978853777062341,6.978853777062341,0.0,7.5269521118079865,0.5480983347456458
2159,2023,M,2,-29.614498017943333,-22.43000000000029,7.184498017943042,7.184498017943042,0.0,7.752115475685514,0.5676174577424717
2160,2023,F,2,19.3769025710842,34.899999999999864,15.523097428915662,15.523097428915662,0.0,17.526336945074036,2.0032395161583736
2161,2023,F,2,13.834672563408958,30.0,16.165327436591042,16.165327436591042,0.0,18.261188980202405,2.0958615436113632
2165,2023,F,2,40.84738988757067,58.59999999999991,17.752610112429238,17.752610112429238,0.0,20.01486584005943,2.2622557276301904
2168,2023,M,3,-13.866985436153755,0.2999999999999545,14.166985436153709,14.166985436153709,0.0,17.01957196870626,2.85258653255255
2169,2023,M,2,77.00563812657106,85.36000000000013,8.35436187342907,8.35436187342907,0.0,17.250186769549373,8.895824896120303
2170,2023,M,2,67.96538282899883,82.59999999999991,14.634617171001082,14.634617171001082,0.0,17.415909959765486,2.7812927887644037
2171,2023,M,2,60.38916761836231,68.80000000000018,8.410832381637874,8.410832381637874,0.0,17.56965316032756,9.158820778689687
2172,2023,M,3,-30.513530201880485,-15.900000000000091,14.613530201880394,14.613530201880394,0.0,17.588621477279958,2.9750912753995635
2173,2023,M,3,-45.962314226042054,-31.100000000000136,14.862314226041917,14.862314226041917,0.0,17.91807119276973,3.055756966727813
2174,2023,M,2,50.050213355211326,65.20000000000005,15.149786644788719,15.149786644788719,0.0,18.06981772838958,2.920031083600861
2175,2023,M,2,-1.8935075394383603,13.200000000000045,15.093507539438406,15.093507539438406,0.0,18.106756029823146,3.01324849038474
2176,2023,M,3,32.7068710437984,47.90000000000009,15.19312895620169,15.19312895620169,0.0,18.156672653382202,2.963543697180512
2177,2023,M,3,14.517732918884576,30.0,15.482267081115424,15.482267081115424,0.0,18.540032322316165,3.057765241200741
2179,2023,M,2,18.498689518646188,34.09999999999991,15.601310481353721,15.601310481353721,0.0,18.67480720592539,3.073496724571669
2180,2023,M,2,-166.93708720991503,-150.89999999999986,16.03708720991517,16.03708720991517,0.0,19.570311432575636,3.533224222660465
2181,2023,M,2,86.24359880104998,102.79999999999995,16.55640119894997,16.55640119894997,0.0,19.68412133429024,3.127720135340269
2182,2023,M,2,147.8327820118118,157.9000000000001,10.067217988188304,10.067217988188304,0.0,20.135367611264428,10.068149623076124
2184,2023,M,3,93.27364113144517,110.70000000000027,17.4263588685551,17.4263588685551,0.0,20.71340211207871,3.2870432435236125
2187,2023,F,2,-3.975050400996679,64.88000000000011,68.85505040099679,68.85505040099679,0.0,76.19598256951735,7.340932168520567
2193,2023,M,2,-110.55903989332296,-38.039999999999964,72.519039893323,72.519039893323,0.0,81.49122740956932,8.972187516246322
2194,2023,M,2,-87.34293227786361,-8.879999999999882,78.46293227786373,78.46293227786373,0.0,87.97665394302021,9.513721665156481
2195,2023,M,2,5.838272679771762,85.21000000000004,79.37172732022827,79.37172732022827,0.0,88.42993644267017,9.058209122441895
2197,2023,M,2,-1247.5702221669874,-1173.5000000000002,74.07022216698715,74.07022216698715,0.0,90.04880251284794,15.978580345860792
2199,2023,M,2,-95.58164028790429,-14.789999999999964,80.79164028790433,80.79164028790433,0.0,90.62163204537251,9.829991757468179
2200,2023,M,2,15.719869335064914,102.72000000000003,87.00013066493511,87.00013066493511,0.0,96.87294563944397,9.872814974508856
2201,2023,M,2,-13.4416274904288,75.76999999999998,89.21162749042878,89.21162749042878,0.0,99.51294261542625,10.301315124997473
2202,2023,M,2,173.62815638856137,284.3699999999999,110.74184361143853,110.74184361143853,0.0,122.38627490544695,11.644431294008427
2203,2023,F,2,51.93600401149206,119.79999999999995,67.8639959885079,67.8639959885079,0.0,75.54158980814941,7.677593819641515
2205,2023,F,2,-52.093116100025554,25.200000000000045,77.2931161000256,77.2931161000256,0.0,83.36993714493337,6.076821044907774
2207,2023,F,2,144.48111312053834,227.67999999999984,83.1988868794615,83.1988868794615,0.0,92.12042063417016,8.921533754708662
2210,2023,M,3,-87.1128318435176,-23.059999999999945,64.05283184351765,64.05283184351765,0.0,72.94687636796743,8.894044524449782
2211,2023,M,2,-133.95224424490516,-68.48000000000002,65.47224424490514,65.47224424490514,0.0,74.83696898468838,9.364724739783242
2213,2023,M,2,-125.72708977171692,-56.930000000000064,68.79708977171686,68.79708977171686,0.0,78.54582996844215,9.748740196725294
2214,2023,M,2,-122.04169591634036,-53.0,69.04169591634036,69.04169591634036,0.0,78.79992260795439,9.758226691614027
2215,2023,M,2,-85.50838663133891,-16.11999999999989,69.38838663133902,69.38838663133902,0.0,78.96931770096239,9.580931069623375
2218,2023,M,2,-90.08303078935796,-16.1099999999999,73.97303078935806,73.97303078935806,0.0,84.1804456937607,10.20741490440264
2219,2023,M,3,-59.010195041111274,15.840000000000146,74.85019504111142,74.85019504111142,0.0,84.98284350274594,10.132648461634517
2220,2023,M,2,-92.36941520715254,-17.49000000000001,74.87941520715253,74.87941520715253,0.0,85.21910507983603,10.339689872683493
2223,2023,M,2,-93.16749631454763,-13.61999999999989,79.54749631454774,79.54749631454774,0.0,90.50155732232201,10.954061007774271
2233,2023,F,2,29.25634451709493,78.87395584228148,49.617611325186544,49.617611325186544,0.0,57.2579942107493,7.640382885562758
2235,2023,M,2,-34.066765664869536,7.5,41.566765664869536,41.566765664869536,0.0,48.47552036345064,6.908754698581106
2236,2023,M,2,4.276108515657825,46.09999999999991,41.823891484342084,41.823891484342084,0.0,48.59723474920702,6.773343264864934
2238,2023,F,4,54.587001916942654,91.61999999999989,37.03299808305724,37.03299808305724,0.0,43.85477506574489,6.821776982687652
2239,2023,F,3,55.50568205042555,95.8900000000001,40.38431794957455,40.38431794957455,0.0,47.84952518808973,7.465207238515177
2240,2023,F,3,126.6831420888484,168.88999999999987,42.206857911151474,42.206857911151474,0.0,49.56341230465159,7.356554393500119
2241,2023,F,3,107.28319671749568,149.76999999999998,42.4868032825043,42.4868032825043,0.0,50.023472740477246,7.536669457972948
2244,2023,F,2,79.33049673392611,123.68999999999983,44.359503266073716,44.359503266073716,0.0,52.44040995967384,8.080906693600127
2246,2023,F,2,71.528540560186,116.44000000000005,44.91145943981405,44.91145943981405,0.0,53.14993978675693,8.238480346942879
2247,2023,F,2,154.4672718104041,200.4699999999998,46.0027281895957,46.0027281895957,0.0,53.914547271650235,7.911819082054535
2251,2023,F,2,72.76449411505723,121.00999999999999,48.24550588494276,48.24550588494276,0.0,57.12201087353333,8.876504988590568
2257,2023,F,2,312.2505422367535,367.44000000000005,55.18945776324654,55.18945776324654,0.0,63.85768443748748,8.668226674240941
2258,2023,M,3,-81.20619551974323,-47.42000000000007,33.78619551974316,33.78619551974316,0.0,42.862252115620095,9.076056595876935
2259,2023,M,4,-52.89981308041706,-18.87999999999988,34.01981308041718,34.01981308041718,0.0,42.96380909207846,8.943996011661284
2260,2023,M,3,-84.69117926066315,-50.50999999999999,34.18117926066316,34.18117926066316,0.0,43.38045309806262,9.19927383739946
2261,2023,M,3,-68.24681917569137,-33.74000000000001,34.50681917569136,34.50681917569136,0.0,43.67731195232636,9.170492776635001
2263,2023,M,3,-161.03051948777716,-126.34999999999991,34.68051948777725,34.68051948777725,0.0,44.52101606444444,9.840496576667192
2264,2023,M,2,-101.87314933379093,-66.72000000000003,35.15314933379091,35.15314933379091,0.0,44.71371391721209,9.560564583421183
2265,2023,M,3,-86.12296960007393,-50.23000000000002,35.89296960007391,35.89296960007391,0.0,45.533981803993356,9.641012203919445
2267,2023,M,3,-34.166205427186924,3.2999999999999545,37.46620542718688,37.46620542718688,0.0,47.15368537725681,9.687479950069928
2268,2023,M,3,-61.752212255637005,-24.25999999999999,37.492212255637014,37.492212255637014,0.0,47.37242348039831,9.880211224761297
2269,2023,M,2,46.03232943759485,84.79999999999995,38.7676705624051,38.7676705624051,0.0,47.50002070723099,8.732350144825887
2270,2023,M,2,-339.3229630133101,-303.21000000000026,36.11296301330981,36.11296301330981,0.0,47.5182488824928,11.40528586918299
2272,2023,M,2,67.55757544003495,107.59999999999991,40.04242455996496,40.04242455996496,0.0,48.93744252787633,8.895017967911372
2273,2023,M,2,180.97195311849282,222.39999999999986,41.42804688150704,41.42804688150704,0.0,49.93999216727593,8.511945285768888
2275,2023,M,3,-34.257299568218286,5.769999999999982,40.02729956821827,40.02729956821827,0.0,50.361844223334856,10.334544655116588
2276,2023,M,3,20.805303438955207,61.41000000000008,40.604696561044875,40.604696561044875,0.0,50.71338760338381,10.108691042338933
2277,2023,M,2,-94.50306269229009,-53.94999999999982,40.55306269229027,40.55306269229027,0.0,51.42689046363171,10.873827771341439
2279,2023,M,3,59.60277780374486,102.86999999999989,43.267222196255034,43.267222196255034,0.0,53.78613714751691,10.518914951261877
2283,2023,M,2,-61.73468544088064,-16.61999999999989,45.11468544088075,45.11468544088075,0.0,56.91877926751022,11.804093826629469
2284,2023,M,2,33.504988539856186,79.32000000000016,45.81501146014398,45.81501146014398,0.0,57.15314152087649,11.33813006073251
2285,2023,M,2,139.63296795888664,187.00000000000023,47.36703204111359,47.36703204111359,0.0,57.51770502611271,10.150672984999119
2288,2023,M,2,-107.25346952153495,-56.86999999999989,50.38346952153506,50.38346952153506,0.0,63.82465366669794,13.441184145162879
2289,2023,M,3,84.1557192434625,136.71000000000004,52.55428075653754,52.55428075653754,0.0,65.25165938719374,12.697378630656203
2321,2023,F,2,10.007599765923942,20.100000000000136,10.092400234076194,10.092400234076194,0.0,12.096453413726067,2.0040531796498726
2322,2023,F,2,-67.29668538660985,-57.09999999999991,10.196685386609943,10.196685386609943,0.0,12.347604826481756,2.1509194398718137
2324,2023,F,2,35.79552146924311,46.399999999999864,10.60447853075675,10.60447853075675,0.0,12.669014029944037,2.0645354991872864
2326,2023,F,2,17.3827479687111,28.299999999999955,10.917252031288854,10.917252031288854,0.0,13.07440955792913,2.157157526640276
2327,2023,F,3,42.395944764994056,53.799999999999955,11.404055235005899,11.404055235005899,0.0,13.617897984889623,2.2138427498837245
2328,2023,F,2,106.94385705662307,118.69999999999982,11.756142943376744,11.756142943376744,0.0,13.935269384288404,2.1791264409116593
2329,2023,F,2,13.768667242228048,13.1099999999999,-0.6586672422281481,-0.6586672422281481,0.0,13.993413762804039,14.652081005032187
2330,2023,F,2,-29.130572951108434,-17.5,11.630572951108434,11.630572951108434,0.0,14.00633473580774,2.375761784699307
2331,2023,F,2,-211.78915930152152,-210.25913440381305,1.530024897708472,1.530024897708472,0.0,14.095973986019544,12.565949088311072
2333,2023,F,2,-9.528867789863853,2.599999999999909,12.128867789863762,12.128867789863762,0.0,14.572434865524201,2.4435670756604395
2334,2023,F,2,108.19243272758763,120.5,12.30756727241237,12.30756727241237,0.0,14.595046568280168,2.287479295867797
2335,2023,F,2,19.388128376377153,31.59999999999991,12.211871623622756,12.211871623622756,0.0,14.624926318350845,2.413054694728089
2338,2023,F,2,-128.2774605509744,-113.6400000000001,14.63746055097431,14.63746055097431,0.0,15.009325265205234,0.3718647142309237
2339,2023,F,2,136.60463471021012,149.29999999999995,12.695365289789834,12.695365289789834,0.0,15.014170630081708,2.318805340291874
2340,2023,F,2,117.46846071515347,130.29999999999995,12.831539284846485,12.831539284846485,0.0,15.208792785947026,2.3772535011005402
2342,2023,F,3,292.4106113414823,307.9000000000001,15.489388658517782,15.489388658517782,0.0,18.113589029298964,2.624200370781182
2343,2023,M,2,26.11900845969126,35.799999999999955,9.680991540308696,9.680991540308696,0.0,12.438185035398192,2.7571934950894956
2344,2023,M,2,41.69080532007206,51.59999999999991,9.90919467992785,9.90919467992785,0.0,12.699022635202027,2.789827955274177
2345,2023,M,3,35.24131181902521,45.299999999999955,10.058688180974741,10.058688180974741,0.0,12.905919314932817,2.8472311339580756
2347,2023,M,2,-74.99047259859299,-62.2800000000002,12.710472598592787,12.710472598592787,0.0,13.1275943289304,0.41712173033761246
2348,2023,M,2,76.69043812903351,89.81000000000017,13.119561870966663,13.119561870966663,0.0,13.514047769999252,0.39448589903258835
2349,2023,M,2,32.64356773449458,43.200000000000045,10.556432265505464,10.556432265505464,0.0,13.553949272519048,2.9975170070135846
1239,2023,M,4,-70.70113887855246,-53.63000000000011,17.071138878552347,17.071138878552347,0.0,17.47958418292137,0.4084453043690246
2350,2023,M,2,22.518746794279195,33.09999999999991,10.581253205720714,10.581253205720714,0.0,13.607890192591412,3.026636986870699
2351,2023,M,2,51.926509675443185,62.59999999999991,10.673490324556724,10.673490324556724,0.0,13.663308946090865,2.989818621534141
2352,2023,M,2,36.21220380378236,46.90000000000009,10.687796196217732,10.687796196217732,0.0,13.71577203273705,3.0279758365193175
2353,2023,M,2,-36.704873170225255,-25.90000000000009,10.804873170225164,10.804873170225164,0.0,14.024639218906714,3.2197660486815494
2354,2023,M,3,-73.97861191517882,-60.27999999999997,13.698611915178844,13.698611915178844,0.0,14.1465604766056,0.447948561426756
1222,2023,M,4,-54.97434878668764,-38.32999999999993,16.644348786687715,16.644348786687715,0.0,17.039342795371795,0.39499400868407974
2361,2023,M,2,150.47257054196598,162.29999999999995,11.827429458033976,11.827429458033976,0.0,14.93941811000309,3.1119886519691136
2363,2023,M,2,66.25763889397672,78.0,11.742361106023282,11.742361106023282,0.0,15.011831947909059,3.269470841885777
2365,2023,M,2,-103.41367574414062,-102.69999999999982,0.7136757441408008,0.7136757441408008,0.0,15.312571050232236,14.598895306091435
2366,2023,M,3,118.39714252382964,130.50000000000023,12.102857476170584,12.102857476170584,0.0,15.364295220164877,3.2614377439942928
2367,2023,M,2,42.37134546947823,54.399999999999864,12.028654530521635,12.028654530521635,0.0,15.433014474504034,3.4043599439823993
2368,2023,M,2,85.12981927518786,97.30000000000018,12.170180724812326,12.170180724812326,0.0,15.52316231352961,3.3529815887172845
2369,2023,M,2,93.45365192914483,105.89999999999986,12.446348070855038,12.446348070855038,0.0,15.861586168232407,3.415238097377369
2370,2023,M,2,403.1960510677079,416.2000000000003,13.00394893229236,13.00394893229236,0.0,15.911093588025324,2.9071446557329637
2371,2023,M,2,90.31291826911047,103.0,12.687081730889531,12.687081730889531,0.0,16.174886854682427,3.4878051237928958
2373,2023,M,3,6.218938694868484,22.34999999999991,16.131061305131425,16.131061305131425,0.0,16.63670980051029,0.505648495378864
2375,2023,M,2,83.2520666039295,99.67999999999984,16.42793339607033,16.42793339607033,0.0,16.92488731870708,0.49695392263674876
2380,2023,F,2,9.036502925987634,25.86999999999989,16.833497074012257,16.833497074012257,0.0,18.719704657971533,1.8862075839592762
2383,2023,F,3,-75.6220032645574,-57.710000000000036,17.91200326455737,17.91200326455737,0.0,20.047869929835997,2.135866665278627
2385,2023,F,2,-14.533263393416519,3.650000000000091,18.18326339341661,18.18326339341661,0.0,20.257427243920574,2.0741638505039646
2386,2023,F,2,-30.710912080266098,-12.539999999999964,18.170912080266135,18.170912080266135,0.0,20.26812972969651,2.0972176494303767
2387,2023,F,3,17.502589608974176,35.799999999999955,18.297410391025778,18.297410391025778,0.0,20.336044269065724,2.0386338780399456
2388,2023,F,2,11.325146223588263,29.970000000000027,18.644853776411765,18.644853776411765,0.0,20.73203624277994,2.0871824663681764
2389,2023,F,2,26.94342396767206,45.6400000000001,18.69657603232804,18.69657603232804,0.0,20.765993512464547,2.069417480136508
2390,2023,F,3,-11.477172201887015,7.2000000000000455,18.67717220188706,18.67717220188706,0.0,20.802461241775518,2.1252890398884574
2391,2023,F,2,-22.575161950835763,-3.900000000000091,18.675161950835673,18.675161950835673,0.0,20.81699548171855,2.1418335308828773
2393,2023,F,3,-88.26107178645043,-69.36000000000013,18.901071786450302,18.901071786450302,0.0,21.1676670527022,2.2665952662518976
2395,2023,F,2,-15.22940825464616,-16.0,-0.7705917453538405,-0.7705917453538405,0.0,21.387794723108755,22.158386468462595
2399,2023,F,2,-25.147431958672087,-5.650000000000091,19.497431958671996,19.497431958671996,0.0,21.735955834465813,2.238523875793817
2400,2023,F,2,-99.68197542286703,-79.96000000000004,19.72197542286699,19.72197542286699,0.0,21.764892184897462,2.0429167620304725
2402,2023,F,3,-30.370712604812752,-10.61999999999989,19.75071260481286,19.75071260481286,0.0,22.025715727143734,2.2750031223308724
2403,2023,F,2,-5.228908049187112,14.819999999999936,20.048908049187048,20.048908049187048,0.0,22.31957163289644,2.2706635837093927
2404,2023,F,3,-5.575086803375143,14.480000000000018,20.05508680337516,20.05508680337516,0.0,22.326970882321802,2.2718840789466412
2406,2023,F,3,-18.950339704133057,1.5,20.450339704133057,20.450339704133057,0.0,22.78704564123882,2.336705937105762
2408,2023,F,3,51.13552673701997,71.98000000000002,20.844473262980046,20.844473262980046,0.0,23.119747606474903,2.275274343494857
2409,2023,F,3,-25.309000298542514,-4.480000000000018,20.829000298542496,20.829000298542496,0.0,23.21805192027,2.3890516217275035
2415,2023,F,2,-9.300755417101982,12.210000000000036,21.51075541710202,21.51075541710202,0.0,23.952559555197695,2.4418041380956765
2416,2023,F,2,96.54398443803575,118.25,21.70601556196425,21.70601556196425,0.0,24.009903738244702,2.303888176280452
2420,2023,F,2,12.264283791355183,34.83999999999992,22.575716208644735,22.575716208644735,0.0,25.105124782662187,2.5294085740174523
2421,2023,F,3,-121.5832192416276,-99.18000000000006,22.40321924162754,22.40321924162754,0.0,25.115430880076246,2.712211638448707
2422,2023,F,2,-213.44605284948716,-190.79999999999995,22.646052849487205,22.646052849487205,0.0,25.120451799329203,2.474398949841998
2423,2023,F,2,-50.786329773003445,-28.089999999999918,22.696329773003526,22.696329773003526,0.0,25.33463364430463,2.6383038713011047
2426,2023,F,2,-17.288579308931503,5.6400000000001,22.928579308931603,22.928579308931603,0.0,25.5424732754866,2.613893966554997
2427,2023,F,2,53.784038173822864,76.83999999999992,23.055961826177054,23.055961826177054,0.0,25.57682693353331,2.520865107356258
2428,2023,F,2,-48.21537080838448,-25.00999999999999,23.205370808384487,23.205370808384487,0.0,25.897240859545036,2.6918700511605493
2430,2023,F,3,-98.12312800214318,-74.65000000000009,23.473128002143085,23.473128002143085,0.0,26.27063869662129,2.7975106944782056
2431,2023,F,2,52.92781545797607,77.58000000000015,24.652184542024088,24.652184542024088,0.0,27.354496607992587,2.702312065968499
2437,2023,M,2,-113.1485470452294,-90.90000000000009,22.248547045229316,22.248547045229316,0.0,25.015279844065162,2.7667327988358466
2438,2023,M,3,-101.87032594982657,-79.59999999999991,22.270325949826656,22.270325949826656,0.0,25.01848220978809,2.7481562599614335
2439,2023,M,2,-118.37648317035814,-95.54999999999995,22.826483170358188,22.826483170358188,0.0,25.66936304295814,2.8428798725999513
2440,2023,M,2,-106.61664845502287,-83.15000000000009,23.466648455022778,23.466648455022778,0.0,26.361074039094092,2.894425584071314
2441,2023,M,2,-266.45028388801074,-241.80999999999995,24.6402838880108,24.6402838880108,0.0,26.838867004943722,2.198583116932923
2442,2023,M,2,-64.40004204210322,-40.210000000000036,24.190042042103187,24.190042042103187,0.0,27.088651531326377,2.8986094892231904
2443,2023,M,3,-58.7107627750911,-34.450000000000045,24.260762775091052,24.260762775091052,0.0,27.156861921223253,2.896099146132201
2445,2023,M,2,-117.0296168906998,-92.59000000000015,24.439616890699654,24.439616890699654,0.0,27.465249740334002,3.0256328496343485
2447,2023,M,3,-127.60364291738392,-102.88000000000011,24.723642917383813,24.723642917383813,0.0,27.801658259519627,3.0780153421358136
2448,2023,M,2,-132.9411907135136,-108.07999999999993,24.86119071351368,24.86119071351368,0.0,27.96497891138506,3.1037881978713813
2449,2023,M,3,-69.89348849588532,-44.92000000000007,24.97348849588525,24.97348849588525,0.0,27.972344352547452,2.9988558566622032
2450,2023,M,2,-280.4671307565636,-255.7800000000002,24.68713075656342,24.68713075656342,0.0,28.046639237317777,3.359508480754357
2453,2023,M,3,-90.98598469218905,-65.70000000000005,25.285984692189004,25.285984692189004,0.0,28.36015084158521,3.0741661493962056
2454,2023,M,3,20.201377804699632,45.72000000000003,25.518622195300395,25.518622195300395,0.0,28.411708929722863,2.893086734422468
2455,2023,M,3,-107.95154643312094,-82.63999999999987,25.311546433121066,25.311546433121066,0.0,28.420355317174653,3.1088088840535875
2456,2023,M,3,-19.21885486176143,6.400000000000091,25.61885486176152,25.61885486176152,0.0,28.597125905076382,2.9782710433148623
2459,2023,M,3,-128.3279276451758,-102.36000000000013,25.967927645175678,25.967927645175678,0.0,29.190204036948444,3.222276391772766
2460,2023,M,3,-118.5275164432544,-92.53999999999996,25.987516443254435,25.987516443254435,0.0,29.193726639243778,3.2062101959893425
2463,2023,M,3,-126.50136491920352,-100.46000000000004,26.041364919203488,26.041364919203488,0.0,29.26866199715846,3.2272970779549723
2464,2023,M,3,-134.16764772591955,-107.98000000000002,26.187647725919533,26.187647725919533,0.0,29.446073058204547,3.2584253322850145
2465,2023,M,2,-226.6938437110814,-200.3900000000001,26.3038437110813,26.3038437110813,0.0,29.748536500727823,3.444692789646524
2466,2023,M,3,-88.76325259295095,-62.22000000000003,26.54325259295092,26.54325259295092,0.0,29.757663243037996,3.214410650087075
2467,2023,M,3,-166.48056264912475,-140.01,26.47056264912476,26.47056264912476,0.0,29.821870675781383,3.351308026656625
2468,2023,M,3,-121.76540853841334,-95.0,26.76540853841334,26.76540853841334,0.0,30.067011771865737,3.301603233452397
2469,2023,M,3,-189.05663447278403,-162.04999999999995,27.00663447278407,27.00663447278407,0.0,30.461703347207504,3.455068874423432
2470,2023,M,2,-133.01065698270918,-105.78999999999996,27.220656982709215,27.220656982709215,0.0,30.59556223442246,3.374905251713244
2471,2023,M,3,2.3410975068959488,29.799999999999955,27.458902493104006,27.458902493104006,0.0,30.60821157902774,3.1493090859237327
2473,2023,M,2,-223.28276286315668,-195.7299999999998,27.552762863156886,27.552762863156886,0.0,31.134520385578753,3.581757522421867
2474,2023,M,3,-208.52760515483078,-180.9300000000003,27.59760515483049,27.59760515483049,0.0,31.15693694563879,3.559331790808301
2476,2023,M,3,-108.3370058744731,-78.7199999999998,29.617005874473307,29.617005874473307,0.0,33.22102177230363,3.6040158978303225
2478,2023,M,3,-104.2267474788514,-74.4699999999998,29.756747478851594,29.756747478851594,0.0,33.369131186985214,3.6123837081336205
2481,2023,M,3,-171.19227815426302,-140.73000000000002,30.462278154263004,30.462278154263004,0.0,34.28084470828162,3.8185665540186164
2482,2023,M,2,-114.41807422150214,-82.86000000000013,31.55807422150201,31.55807422150201,0.0,35.39638880783741,3.8383145863354002
2484,2023,M,3,-87.8938576960345,-55.909999999999854,31.983857696034647,31.983857696034647,0.0,35.821502857545966,3.8376451615113183
2487,2023,M,3,-188.62186625399272,-154.9300000000003,33.69186625399243,33.69186625399243,0.0,37.913928620858314,4.2220623668658845
2489,2023,M,2,-272.89492183794255,-237.2199999999998,35.67492183794275,35.67492183794275,0.0,40.28223819119421,4.607316353251463
2491,2023,M,2,-330.037875194565,-288.5300000000002,41.507875194564804,41.507875194564804,0.0,45.06481127998859,3.5569360854237857
2492,2023,M,2,100.74207506218636,137.0,36.25792493781364,36.25792493781364,0.0,64.53935454514931,28.281429607335667
2493,2023,M,2,48.67856044311043,85.09999999999991,36.42143955688948,36.42143955688948,0.0,66.53319488873717,30.11175533184769
2495,2023,M,2,-48.9520013799081,-39.59999999999991,9.352001379908188,9.352001379908188,0.0,45.09277521088393,35.74077383097574
2496,2023,M,3,-185.7190574902388,-176.9000000000001,8.81905749023872,8.81905749023872,0.0,53.218942127775335,44.399884637536616
2497,2023,M,3,-0.7834947690364515,7.899999999999864,8.683494769036315,8.683494769036315,0.0,38.44588625216443,29.762391483128113
2499,2023,F,3,-11.443050086119683,13.349633033192731,24.792683119312414,24.792683119312414,0.0,26.64295389906215,1.850270779749735
2500,2023,F,3,13.999116094197689,39.9664522269411,25.967336132743412,25.967336132743412,0.0,27.867375996058854,1.9000398633154418
1379,2023,M,2,-25.823182390625107,-38.82999999999993,-13.00681760937482,-13.00681760937482,0.0,20.631312298330386,33.638129907705206
2503,2023,F,3,-70.35032366209748,-79.99386222910653,-9.643538567009045,-9.643538567009045,0.0,29.202467013360547,38.84600558036959
5264,2023,F,3,-24.347283805450388,-32.91699922750854,-8.569715422058152,-8.569715422058152,0.0,29.492089932457702,38.061805354515855
2506,2023,F,2,-123.07944117802549,-98.37071490891526,24.70872626911023,24.70872626911023,0.0,29.767584904281875,5.058858635171646
1478,2023,F,3,50.740999979369235,71.89597928252374,21.154979303154505,21.154979303154505,0.0,42.64374792642093,21.488768623266424
2508,2023,F,3,-24.172607025826892,-33.182819543616915,-9.010212517790023,-9.010212517790023,0.0,31.14035044764455,40.150562965434574
2511,2023,F,3,-52.57414200787207,-23.41064013569644,29.16350187217563,29.16350187217563,0.0,31.397008156438233,2.233506284262603
2512,2023,F,2,17.158415822425013,46.89019245247573,29.731776630050717,29.731776630050717,0.0,31.905614258267406,2.1738376282166882
2513,2023,F,2,3.6125828637625546,-4.993550293750559,-8.606133157513113,-8.606133157513113,0.0,32.221138414031884,40.827271571545
2515,2023,F,3,-79.64448104128428,-90.50456201387169,-10.860080972587411,-10.860080972587411,0.0,32.847477409803105,43.707558382390516
2516,2023,F,2,-73.98978941218934,-64.77797655975769,9.211812852431649,9.211812852431649,0.0,42.11109273556917,32.899279883137524
2518,2023,F,2,-71.48891351221027,-82.24009493875201,-10.751181426541734,-10.751181426541734,0.0,33.20067609162879,43.95185751817053
2522,2023,F,3,-94.96452539871188,-106.43513037508706,-11.47060497637517,-11.47060497637517,0.0,33.68809027254838,45.15869524892355
2524,2023,F,3,-219.6432396116336,-234.2728697727075,-14.62963016107392,-14.62963016107392,0.0,33.82466042952092,48.45429059059484
2527,2023,F,3,-136.5645507567308,-149.52684578052208,-12.962295023791285,-12.962295023791285,0.0,35.35518805076663,48.31748307455791
2530,2023,F,2,-23.77177500032417,-34.05190828167656,-10.280133281352391,-10.280133281352391,0.0,35.88263141562652,46.16276469697891
2532,2023,F,2,-89.68522329471375,-58.581644054719845,31.103579239993906,31.103579239993906,0.0,37.23185038020097,6.128271140207062
2533,2023,F,2,-75.21093801156667,-43.33810750526186,31.87283050630481,31.87283050630481,0.0,38.091300505977415,6.218469999672607
2534,2023,F,3,-71.01844962829455,-35.602845228579326,35.41560439971522,35.41560439971522,0.0,38.1383936635541,2.7227892638388766
2535,2023,F,2,-144.183695878668,-158.62182960790915,-14.438133729241144,-14.438133729241144,0.0,40.116306281778634,54.55444001101978
2541,2023,M,2,-62.72447310864936,-59.81006899023123,2.9144041184181333,2.9144041184181333,0.0,25.89516836154712,22.980764243128988
2542,2023,M,3,-10.057628208543065,-11.803252563097658,-1.745624354554593,-1.745624354554593,0.0,26.101230709251695,27.846855063806288
2543,2023,M,3,-8.031811771233151,-9.751855311456666,-1.7200435402235144,-1.7200435402235144,0.0,26.259740207485947,27.97978374770946
2544,2023,M,3,-46.78755838045049,-49.19973112881598,-2.4121727483654922,-2.4121727483654922,0.0,26.59525197874882,29.007424727114312
2545,2023,M,3,-1.5911296725053035,-3.223362182353867,-1.6322325098485635,-1.6322325098485635,0.0,26.656013953072033,28.288246462920597
2546,2023,M,3,-36.20491546674225,-38.43822245718957,-2.2333069904473177,-2.2333069904473177,0.0,26.671864902895322,28.90517189334264
2548,2023,M,2,-113.56530930084205,-117.15369644231009,-3.588387141468047,-3.588387141468047,0.0,26.90170367533483,30.490090816802876
2549,2023,M,3,-30.05402764095834,-32.19961790810157,-2.145590267143234,-2.145590267143234,0.0,26.98624207439343,29.131832341536665
2538,2023,M,2,-84.20051425051543,-87.16035204201785,-2.959837791502423,-2.959837791502423,0.0,24.917693122435367,27.87753091393779
2551,2023,M,2,-144.00430916210598,-148.15017500802855,-4.145865845922572,-4.145865845922572,0.0,27.395724944831954,31.541590790754526
1546,2023,M,3,-15.37695189740748,3.7000000000000455,19.076951897407525,19.076951897407525,0.0,48.97397627833493,29.897024380927405
2555,2023,M,3,-5.5438103256362865,-7.316933024075524,-1.7731226984392379,-1.7731226984392379,0.0,27.858044314682047,29.631167013121285
2556,2023,M,3,-57.28739905751263,-59.9810097575546,-2.6936107000419724,-2.6936107000419724,0.0,28.24639258535626,30.940003285398234
2557,2023,M,2,-91.31053940638617,-94.59721067367445,-3.286671267288284,-3.286671267288284,0.0,28.299229084767376,31.58590035205566
2559,2023,M,2,-130.41547266061116,-106.84447278074958,23.570999879861574,23.570999879861574,0.0,28.42075303341403,4.849753153552456
1562,2023,M,2,-5.407228706200385,15.85324355945113,21.260472265651515,21.260472265651515,0.0,49.72613632356524,28.465664057913727
2563,2023,M,2,-41.25895953433064,-43.708549514228935,-2.449589979898292,-2.449589979898292,0.0,28.809101304088017,31.25869128398631
2564,2023,M,2,-134.794894811105,-132.45313033873663,2.341764472368368,2.341764472368368,0.0,28.85665415355811,26.514889681189743
2565,2023,M,3,-76.24964720106345,-79.31257143807989,-3.062924237016432,-3.062924237016432,0.0,28.920057952852403,31.982982189868835
2566,2023,M,3,-42.24613975199509,-44.72000157549792,-2.47386182350283,-2.47386182350283,0.0,28.92798342776382,31.40184525126665
2569,2023,M,2,-109.37557450811846,-106.6124582173652,2.76311629075326,2.76311629075326,0.0,29.311048048496787,26.547931757743527
2570,2023,M,2,-90.48408133132648,-87.45569840058897,3.028382930737507,3.028382930737507,0.0,29.321615348379282,26.293232417641775
2571,2023,M,2,-103.01840099098376,-106.57055867542522,-3.552157684441454,-3.552157684441454,0.0,29.337466298202344,32.8896239826438
2572,2023,M,3,-29.826996117773888,-3.5421787670370577,26.28481735073683,26.28481735073683,0.0,29.34274994814359,3.0579325974067615
2576,2023,M,3,11.81597780992115,38.343687889126386,26.527710079205235,26.527710079205235,0.0,29.5356031709955,3.0078930917902653
2579,2023,M,2,-5.568619317088405,-7.458266462441998,-1.8896471453535924,-1.8896471453535924,0.0,29.7865765432,31.67622368855359
2580,2023,M,3,-28.406543678673643,-30.696757790815354,-2.2902141121417117,-2.2902141121417117,0.0,29.863189467346274,32.153403579487986
2079,2024,F,4,92.92835612040949,97.56111265634809,4.632756535938597,4.632756535938597,0.0,6.506206093547462,1.8734495576088648
2584,2023,M,3,264.24934470938,291.74318739955675,27.493842690176734,27.493842690176734,0.0,30.140581089256557,2.6467383990798226
2586,2023,M,2,-117.59386108617491,-121.47155965456477,-3.87769856838986,-3.87769856838986,0.0,30.547422134724457,34.42512070311432
2587,2023,M,2,-172.48378570211412,-177.33429574676006,-4.850510044645944,-4.850510044645944,0.0,30.898784855810845,35.74929490045679
2589,2023,M,2,-76.70792259332393,-73.24440716674553,3.4635154265783967,3.4635154265783967,0.0,30.980681429898368,27.51716600331997
2590,2023,M,3,38.30686987650188,37.104922512612575,-1.2019473638893032,-1.2019473638893032,0.0,30.999174204692054,32.20112156858136
2591,2023,M,2,-381.3246755434957,-389.80250762480546,-8.47783208130977,-8.47783208130977,0.0,31.007099679603925,39.484931760913696
2593,2023,M,3,-375.48073399131636,-383.8632893654326,-8.382555374116237,-8.382555374116237,0.0,31.107489028485816,39.49004440260205
2598,2023,M,2,-230.90190987290111,-236.81311953436057,-5.911209661459452,-5.911209661459452,0.0,31.693974171952505,37.60518383341196
2599,2023,M,2,-206.7295912046186,-212.23602365689908,-5.506432452280478,-5.506432452280478,0.0,31.93173841930411,37.43817087158459
2560,2023,M,2,-81.67869644520738,-57.932293788481275,23.746402656726104,23.746402656726104,0.0,28.478873182766165,4.732470526040061
2602,2023,M,2,-168.94427784504592,-142.275128695557,26.66914914948893,26.66914914948893,0.0,32.222339166067286,5.553190016578355
2605,2023,M,2,-42.67788397983827,-45.3837862535438,-2.705902273705533,-2.705902273705533,0.0,32.65824028621137,35.3641425599169
2606,2023,M,3,-85.5818177922979,-89.03713785675313,-3.455320064455236,-3.455320064455236,0.0,32.750704160181385,36.20602422463662
2607,2023,M,3,-14.883773940390029,14.53923108970912,29.423005030099148,29.423005030099148,0.0,32.8114661345046,3.388461104405451
2608,2023,M,3,27.474346500462843,57.08453884521623,29.610192344753386,29.610192344753386,0.0,32.94091555806267,3.330723213309284
2612,2023,M,2,-172.61592498870687,-144.78283288111516,27.83309210759171,27.83309210759171,0.0,33.617222750529436,5.7841306429377255
2615,2023,M,2,-0.34961365627486884,-2.4957864110938317,-2.146172754818963,-2.146172754818963,0.0,35.5510386289875,37.69721138380646
2616,2023,M,3,-303.1048572126256,-310.50723847236304,-7.402381259737467,-7.402381259737467,0.0,35.669920752663984,43.07230201240145
2621,2023,M,2,-199.08710134344483,-196.27136281255298,2.8157385308918492,2.8157385308918492,0.0,38.227207324177016,35.41146879328517
2622,2023,M,2,-63.86017696552062,-67.29354000409194,-3.433363038571315,-3.433363038571315,0.0,38.641973844557015,42.07533688312833
2625,2023,M,3,178.41373292767912,179.1195923606051,0.7058594329259904,0.7058594329259904,0.0,39.659076458227446,38.953217025301456
2627,2023,M,3,-89.9303006238888,-76.38241601284221,13.547884611046584,13.547884611046584,0.0,42.0951715861886,28.547286975142015
2629,2023,M,2,-59.53829862558837,-45.11129641080015,14.427002214788217,14.427002214788217,0.0,43.076542023701904,28.649539808913687
2630,2023,M,3,-103.7195327994707,-90.02749732691973,13.69203547255097,13.69203547255097,0.0,43.163006379430044,29.470970906879074
2631,2023,M,2,-53.07978420542713,-38.31118319008533,14.768601015341801,14.768601015341801,0.0,43.71637825608923,28.947777240747428
2632,2023,M,2,-58.70422411211371,-43.99900419781716,14.70521991429655,14.70521991429655,0.0,43.81148904739007,29.10626913309352
2633,2023,M,3,-93.75691757154937,-79.63615488490677,14.120762686642593,14.120762686642593,0.0,43.876337314186,29.75557462754341
2635,2023,M,3,-37.865324118647095,-22.51643253450584,15.348891584141256,15.348891584141256,0.0,44.59831468451512,29.24942310037386
2636,2023,M,3,-93.09449184604841,-78.55419693187969,14.540294914168726,14.540294914168726,0.0,45.01334359200973,30.473048677841007
2637,2023,M,2,-66.03068384961784,-50.93117958862672,15.099504260991125,15.099504260991125,0.0,45.264090223621,30.16458596262987
2638,2023,M,2,-108.64334679402509,-94.01888737564377,14.62445941838132,14.62445941838132,0.0,45.999037247308934,31.374577828927613
2639,2023,M,2,-11.774385926860987,4.652119005683971,16.426504932544958,16.426504932544958,0.0,46.34057145243446,29.914066519889502
2640,2023,M,3,-50.095686442227134,-34.313411589793986,15.782274852433147,15.782274852433147,0.0,46.39677328365815,30.614498431225
2641,2023,M,2,-290.1631002401416,-278.45458420073487,11.708516039406732,11.708516039406732,0.0,46.64319669748306,34.93468065807633
2642,2023,M,2,-72.72183798967785,-56.97810203355789,15.743735956119963,15.743735956119963,0.0,47.38246693895735,31.638730982837387
2643,2023,M,2,-114.94032578748806,-99.7935760186781,15.146749768809968,15.146749768809968,0.0,47.75858688637413,32.611837117564164
2644,2023,M,2,-87.99213565801483,-72.34558698060368,15.646548677411147,15.646548677411147,0.0,47.84937445988885,32.2028257824777
2645,2023,M,2,-43.422968359814604,-26.81441256893345,16.608555790881155,16.608555790881155,0.0,48.37680702982948,31.768251238948324
2647,2023,M,3,-50.529272421979385,-33.81429934821904,16.714973073760348,16.714973073760348,0.0,49.01664326221726,32.30167018845691
2648,2023,M,2,69.11293267529504,87.9472093234076,18.834276648112564,18.834276648112564,0.0,49.142016578022776,30.307739929910213
2649,2023,M,2,-68.32615639659548,-51.840611684323676,16.485544712271803,16.485544712271803,0.0,49.237127369323844,32.75158265705204
2651,2023,M,2,-150.86314190809003,-135.58982814296724,15.273313765122793,15.273313765122793,0.0,49.846701077206035,34.57338731208324
2652,2023,M,2,-45.70586019250413,-28.268038220283188,17.437821972220945,17.437821972220945,0.0,50.79780899021421,33.35998701799326
2653,2023,M,2,-68.46287101367261,-51.29703183895549,17.16583917471712,17.16583917471712,0.0,51.13934319534019,33.97350402062307
2654,2023,M,3,-109.17019718412621,-92.57669577827028,16.593501405855932,16.593501405855932,0.0,51.511139924970394,34.91763851911446
2655,2023,M,2,-101.69645142450281,-84.93613687761354,16.760314546889276,16.760314546889276,0.0,51.61489715184439,34.85458260495511
2656,2023,M,2,-102.81900323943273,-84.86797260627918,17.95103063315355,17.95103063315355,0.0,54.987007025236835,37.035976392083285
2657,2023,M,2,-157.90712696699484,-139.85461380015295,18.05251316684189,18.05251316684189,0.0,57.9311183377763,39.87860517093441
2658,2023,M,2,-43.08448806508159,-22.751092365871045,20.33339569921054,20.33339569921054,0.0,58.73956006383332,38.40616436462278
2659,2023,M,2,-66.72461424550693,-44.41951267805325,22.305101567453676,22.305101567453676,0.0,65.37569936595901,43.07059779850533
2660,2023,F,3,-18.39796267941938,-22.508153268814567,-4.110190589395188,-4.110190589395188,0.0,31.12751675550453,35.23770734489972
2661,2023,F,2,-79.78955820417195,-85.45625070216556,-5.666692497993608,-5.666692497993608,0.0,31.29088076279686,36.95757326079047
2662,2023,F,2,-25.97584991603526,-30.515844958035814,-4.539995042000555,-4.539995042000555,0.0,33.17490553970788,37.714900581708434
2664,2023,F,2,-199.4498014090443,-208.4843161379688,-9.034514728924478,-9.034514728924478,0.0,34.45806041397964,43.492575142904116
2665,2023,F,2,-34.33406141699834,-39.25649038499455,-4.922428967996211,-4.922428967996211,0.0,34.65158803699751,39.57401700499372
2666,2023,F,2,43.46024168561962,40.45298919035622,-3.007252495263401,-3.007252495263401,0.0,34.93240329136256,37.93965578662596
2667,2023,F,2,-50.03795148611289,-55.39747813683266,-5.359526650719772,-5.359526650719772,0.0,35.02556348506346,40.38509013578323
2668,2023,F,2,-118.28784287490453,-125.40425065436102,-7.116407779456495,-7.116407779456495,0.0,35.43317269933709,42.54958047879359
2669,2023,F,2,-28.170608731314815,-33.13614186704103,-4.9655331357262185,-4.9655331357262185,0.0,36.33567875923177,41.30121189495799
2670,2023,F,2,-107.1226739059382,-114.12059965255003,-6.997925746611827,-6.997925746611827,0.0,36.80735229009065,43.805278036702475
2671,2023,F,2,-135.92296716771762,-225.17652180669688,-89.25355463897927,-89.25355463897927,0.0,36.87408595320039,126.12764059217966
2672,2023,F,2,24.158686297102577,20.410147612446735,-3.7485386846558413,-3.7485386846558413,0.0,37.1324786967607,40.88101738141654
2673,2023,F,2,-93.79956331383914,-100.57552063653247,-6.77595732269333,-6.77595732269333,0.0,37.75977512999111,44.53573245268444
2674,2023,F,2,41.13113648595413,37.642779668883804,-3.4883568170703256,-3.4883568170703256,0.0,38.53842351115418,42.026780328224504
2675,2023,F,2,-233.69550222133375,-244.14184153772294,-10.446339316389185,-10.446339316389185,0.0,39.185473108665065,49.63181242505425
5297,2023,M,3,-36.69922542725794,-22.043811463754082,14.655413963503861,14.655413963503861,0.0,42.609634502770405,27.954220539266544
2677,2023,F,2,8.716354714083991,13.900000000000091,5.1836452859161,5.1836452859161,0.0,7.238281212622951,2.054635926706851
2679,2023,F,2,2.1551001036693833,7.7999999999999545,5.644899896330571,5.644899896330571,0.0,7.896306777406835,2.2514068810762637
2682,2023,F,2,12.874195960534735,19.200000000000045,6.325804039465311,6.325804039465311,0.0,8.828904160589673,2.503100121124362
2684,2023,F,2,-3.7473779878787354,3.300000000000182,7.047377987878917,7.047377987878917,0.0,9.870383471758487,2.8230054838795695
2685,2023,F,2,127.52934237807494,135.0999999999999,7.5706576219249655,7.5706576219249655,0.0,10.353251152391294,2.782593530466329
2688,2023,M,2,-5.8647076461295455,-0.7999999999999545,5.064707646129591,5.064707646129591,0.0,7.941226116150801,2.8765184700212103
1241,2023,M,3,-78.1077561838622,-63.59999999999991,14.507756183862284,14.507756183862284,0.0,17.54962258548585,3.0418664016235653
2692,2023,M,2,-79.55051010687248,-73.80000000000018,5.750510106872298,5.750510106872298,0.0,9.207754611974451,3.457244505102153
2694,2023,M,2,114.16229988175178,120.40000000000009,6.237700118248313,6.237700118248313,0.0,9.461984784494007,3.224284666245694
2697,2023,M,2,-186.44651565398408,-179.0999999999999,7.34651565398417,7.34651565398417,0.0,11.98579704259555,4.63928138861138
2698,2023,F,2,-32.439312896118054,-25.840000000000146,6.599312896117908,6.599312896117908,0.0,8.51237137529779,1.913058479179881
2699,2023,F,2,-41.88107314259537,-35.17000000000007,6.711073142595296,6.711073142595296,0.0,8.672002157193674,1.9609290145983778
2700,2023,F,2,-28.47675333608254,-21.649999999999864,6.826753336082675,6.826753336082675,0.0,8.796903870251981,1.9701505341693064
2705,2023,F,2,-19.492888113821436,-11.579999999999927,7.912888113821509,7.912888113821509,0.0,10.17297407214096,2.2600859583194506
2709,2023,F,2,-117.19099404780832,-109.01999999999998,8.170994047808335,8.170994047808335,0.0,10.673687337186948,2.5026932893786125
2712,2023,F,2,-68.72050251730707,-60.3900000000001,8.330502517306968,8.330502517306968,0.0,10.793733127346286,2.463230610039318
2727,2023,M,2,-73.81728371877239,-67.55999999999995,6.257283718772442,6.257283718772442,0.0,9.219153853892067,2.961870135119625
2728,2023,M,2,-79.9621446060587,-73.68000000000006,6.282144606058637,6.282144606058637,0.0,9.26995495311985,2.987810347061213
2730,2023,M,2,-24.12137177138743,-17.49000000000001,6.631371771387421,6.631371771387421,0.0,9.639264863177686,3.0078930917902653
2735,2023,M,2,-8.993518280307399,-2.2000000000000455,6.793518280307353,6.793518280307353,0.0,9.836890887785557,3.0433726074782044
2738,2023,M,2,-27.84917978525732,-43.799999999999955,-15.950820214742635,-15.950820214742635,0.0,9.952791050202904,25.90361126494554
2742,2023,M,2,-10.490984333612914,-3.2999999999999545,7.19098433361296,7.19098433361296,0.0,10.414766931240365,3.2237825976274053
2743,2023,M,2,26.976856565385333,34.299999999999955,7.323143434614622,7.323143434614622,0.0,10.514960996881427,3.191817562266806
2745,2023,M,3,80.23996071742408,87.70000000000005,7.460039282575963,7.460039282575963,0.0,10.583742868970376,3.123703586394413
2749,2023,M,3,-32.3955866490885,-25.09999999999991,7.295586649088591,7.295586649088591,0.0,10.6189461893307,3.323359540242109
2750,2023,M,2,22.550825813943447,30.0,7.449174186056553,7.449174186056553,0.0,10.707766874547588,3.258592688491035
2752,2023,M,2,-93.75832077269615,-86.49999999999977,7.258320772696379,7.258320772696379,0.0,10.713724359531852,3.455403586835473
2753,2023,M,2,-16.400745765894044,-9.0,7.400745765894044,7.400745765894044,0.0,10.732138404027864,3.3313926381338206
2770,2023,M,3,-25.655428376206146,-15.099999999999909,10.555428376206237,10.555428376206237,0.0,15.312361177688672,4.756932801482435
2772,2023,F,2,45.22990792014275,45.15000000000009,-0.07990792014265935,-0.07990792014265935,0.0,8.067704052436966,8.147611972579625
2773,2023,F,2,24.622012924681258,24.410000000000082,-0.21201292468117572,-0.21201292468117572,0.0,8.56556932441822,8.777582249099396
2779,2023,M,2,-104.62449323123246,-105.76999999999998,-1.1455067687675182,-1.1455067687675182,0.0,8.569682321740629,9.715189090508147
2780,2023,M,2,-72.67589785807786,-73.65000000000009,-0.9741021419222307,-0.9741021419222307,0.0,8.580727667752626,9.554829809674857
2782,2023,M,2,-46.19419748499536,-47.02999999999997,-0.835802515004616,-0.835802515004616,0.0,8.645493560277373,9.481296075281989
2796,2023,M,2,78.081180149288,81.5,3.418819850711998,3.418819850711998,0.0,10.10822386426753,6.6894040135555315
1172,2023,M,2,-124.25312977995281,-120.0,4.253129779952815,4.253129779952815,0.0,15.368426619900902,11.115296839948087
2822,2023,M,2,196.3618482356262,204.89999999999986,8.538151764373652,8.538151764373652,0.0,11.680766602054518,3.142614837680867
2823,2023,M,2,127.99834576552712,136.9000000000001,8.901654234472971,8.901654234472971,0.0,12.3610743702543,3.459420135781329
2824,2023,F,2,-21.389332065740973,-20.75,0.6393320657409731,0.6393320657409731,0.0,7.354833838810009,6.715501773069036
2825,2023,F,2,22.001532212965003,22.899999999999864,0.8984677870348605,0.8984677870348605,0.0,7.91621828967709,7.0177505026422295
2830,2023,F,2,-64.74514213679527,-64.22000000000003,0.5251421367952389,0.5251421367952389,0.0,8.233879735045775,7.708737598250536
2832,2023,F,2,-15.171029982927621,-14.400000000000091,0.77102998292753,0.77102998292753,0.0,8.376073017032468,7.605043034104938
2833,2023,F,2,-147.03529772641582,-146.8699999999999,0.165297726415929,0.165297726415929,0.0,8.478532783812852,8.313235057396923
2836,2023,F,2,-133.8274343648734,-133.56999999999994,0.25743436487346116,0.25743436487346116,0.0,8.781313536880589,8.523879172007128
2837,2023,F,2,-91.15084721568383,-90.69000000000005,0.46084721568377063,0.46084721568377063,0.0,8.821512073721351,8.36066485803758
2838,2023,F,2,-26.920385695321556,-26.15000000000009,0.7703856953214654,0.7703856953214654,0.0,8.915756458294027,8.145370762972561
2841,2023,F,2,-11.089259515943468,-10.230000000000018,0.8592595159434495,0.8592595159434495,0.0,9.064150028739505,8.204890512796055
2842,2023,F,2,-46.66351377135334,-45.9699999999998,0.6935137713535369,0.6935137713535369,0.0,9.068593568801589,8.375079797448052
2850,2023,F,2,411.79782669153997,414.8600000000001,3.06217330846016,3.06217330846016,0.0,11.325653574988792,8.263480266528632
2851,2023,M,2,12.01476588846731,13.75,1.7352341115326908,1.7352341115326908,0.0,7.774504867304358,6.039270755771668
2852,2023,M,2,44.33978050608766,46.25,1.9102194939123365,1.9102194939123365,0.0,7.988688296285773,6.078468802373436
2853,2023,M,2,22.5544946255568,24.389999999999873,1.8355053744430734,1.8355053744430734,0.0,8.043446512562923,6.20794113811985
2854,2023,M,2,0.21202618333768442,1.9600000000000364,1.747973816662352,1.747973816662352,0.0,8.0493567628439,6.301382946181548
2855,2023,M,2,12.33901732156005,14.139999999999873,1.8009826784398228,1.8009826784398228,0.0,8.071482315177263,6.270499636737441
2857,2023,M,2,-29.460448292020146,-27.810000000000173,1.6504482920199735,1.6504482920199735,0.0,8.143466132700496,6.493017840680523
2859,2023,M,2,36.64893116477538,38.61000000000013,1.9610688352247507,1.9610688352247507,0.0,8.363812386761083,6.402743551536332
2860,2023,M,2,-7.390708918557493,-5.599999999999909,1.7907089185575842,1.7907089185575842,0.0,8.385483304457466,6.594774385899882
2863,2023,M,2,17.458781920636966,19.420000000000073,1.9612180793631069,1.9612180793631069,0.0,8.71595217058848,6.754734091225373
2868,2023,M,2,83.57768542297413,85.8599999999999,2.2823145770257725,2.2823145770257725,0.0,8.984388666250425,6.702074089224652
2869,2023,M,2,47.42994135237291,49.569999999999936,2.140058647627029,2.140058647627029,0.0,8.991006125966805,6.850947478339776
2871,2023,M,2,164.84140691469452,167.48000000000002,2.6385930853055015,2.6385930853055015,0.0,9.13755002395601,6.498956938650508
2874,2023,M,2,-33.78816649996793,-31.889999999999873,1.898166499968056,1.898166499968056,0.0,9.36400858813613,7.465842088168074
2875,2023,M,2,-41.94768813777819,-39.960000000000036,1.9876881377781501,1.9876881377781501,0.0,9.925886484494413,7.938198346716263
2876,2023,M,2,50.94556163957736,53.34999999999991,2.404438360422546,2.404438360422546,0.0,10.144666774805273,7.740228414382727
2880,2023,M,2,-41.634427904763925,-39.440000000000055,2.19442790476387,2.19442790476387,0.0,10.872637858543385,8.678209953779515
2882,2023,M,2,-13.4577046899999,-11.11999999999989,2.3377046900000096,2.3377046900000096,0.0,11.016706523509129,8.679001833509119
2885,2023,M,2,-72.84144589442985,-70.67999999999984,2.161445894430017,2.161445894430017,0.0,11.292215113524435,9.130769219094418
2891,2023,F,2,73.78557065306131,73.59999999999991,-0.1855706530614043,-0.1855706530614043,0.0,1.9475838005785135,2.133154453639918
2892,2023,F,2,75.9975269503484,75.79999999999995,-0.19752695034844692,-0.19752695034844692,0.0,2.049540392106337,2.247067342454784
2895,2023,M,2,69.08279737391263,68.30000000000018,-0.7827973739124445,-0.7827973739124445,0.0,1.9502968275023704,2.733094201414815
2896,2023,M,2,70.54061619477943,69.70000000000005,-0.8406161947793862,-0.8406161947793862,0.0,2.0810884508821346,2.9217046456615208
2899,2023,M,2,100.84511270931375,100.0,-0.8451127093137529,-0.8451127093137529,0.0,2.201104953667709,3.046217662981462
2900,2023,M,2,52.37031690877029,51.40000000000009,-0.9703169087702008,-0.9703169087702008,0.0,2.296476233818339,3.26679314258854
2905,2023,M,4,79.1707692591865,110.38000000000011,31.20923074081361,31.20923074081361,0.0,41.036435505433246,9.827204764619637
2906,2023,M,2,68.29455207278033,91.75999999999999,23.465447927219657,23.465447927219657,0.0,42.61988313899519,19.154435211775535
2921,2023,F,2,-204.67761496819662,-214.89789962438158,-10.220284656184958,-10.220284656184958,0.0,10.81047552867426,21.03076018485922
2922,2023,F,2,-83.353301704665,-92.16575783123744,-8.812456126572442,-8.812456126572442,0.0,11.076149549053753,19.888605675626195
2924,2023,F,2,-89.85578518525472,-98.9933180969092,-9.137532911654489,-9.137532911654489,0.0,11.42014365636578,20.55767656802027
2925,2023,F,2,-132.54322103380446,-142.27707632581973,-9.733855292015278,-9.733855292015278,0.0,11.471589203664735,21.205444495680013
2927,2023,F,2,-54.085592603651094,-62.89579521784685,-8.81020261419576,-8.81020261419576,0.0,11.624390157582184,20.434592771777943
2928,2023,F,2,-147.870207319045,-157.94441387985944,-10.074206560814446,-10.074206560814446,0.0,11.67122864094381,21.745435201758255
2929,2023,F,2,-54.0863968885576,-62.99238344253149,-8.90598655397389,-8.90598655397389,0.0,11.761834231709145,20.667820785683034
2930,2023,F,2,-84.87201107145688,-94.2415944340421,-9.369583362585217,-9.369583362585217,0.0,11.847064914547673,21.21664827713289
2931,2023,F,2,-93.4278270685329,-102.93917350710194,-9.511346438569035,-9.511346438569035,0.0,11.889296333972197,21.400642772541232
2932,2023,F,2,-111.65422765288417,-121.50386535821144,-9.849637705327268,-9.849637705327268,0.0,12.03134747203626,21.880985177363527
2933,2023,F,2,-61.58791219966224,-70.84225844022217,-9.254346240559926,-9.254346240559926,0.0,12.12041737482241,21.374763615382335
2935,2023,F,2,-147.1104833096549,-157.67765890937358,-10.567175599718666,-10.567175599718666,0.0,12.393001991107667,22.960177590826333
2936,2023,F,2,-105.48241612574702,-115.69831878683772,-10.215902661090695,-10.215902661090695,0.0,12.673265047288169,22.889167708378864
2938,2023,F,2,-99.06896139997207,-109.31248195586613,-10.243520555894065,-10.243520555894065,0.0,12.83374444110109,23.077264996995154
2939,2023,F,2,-83.15871389611607,-93.23881627538321,-10.080102379267146,-10.080102379267146,0.0,12.8990111802118,22.979113559478947
2940,2023,F,2,-162.94692185233794,-174.19393680672624,-11.247014954388305,-11.247014954388305,0.0,13.070240389878336,24.31725534426664
2942,2023,F,2,-94.08416662301465,-105.82136461666937,-11.737197993654718,-11.737197993654718,0.0,15.071241826608457,26.808439820263175
2943,2023,F,2,-53.674326143813914,-65.41118548472014,-11.736859340906221,-11.736859340906221,0.0,15.832175220238469,27.56903456114469
2944,2023,M,2,-131.77563016868703,-137.198579148627,-5.422948979939974,-5.422948979939974,0.0,7.219334664183634,12.642283644123609
2945,2023,M,2,-145.65765600728264,-151.25036736830725,-5.592711361024612,-5.592711361024612,0.0,7.320520026225722,12.913231387250335
2946,2023,M,2,-111.94123158185607,-117.34346988622451,-5.4022383043684385,-5.4022383043684385,0.0,7.439051450332499,12.841289754700938
2947,2023,M,2,-121.06502301537398,-126.5852850842507,-5.520262068876718,-5.520262068876718,0.0,7.516145059507608,13.036407128384326
2949,2023,M,2,-107.59710047621434,-113.0561659295845,-5.459065453370158,-5.459065453370158,0.0,7.5879384830518575,13.047003936422016
2951,2023,M,2,-156.95541028942966,-162.82304497677,-5.867634687340342,-5.867634687340342,0.0,7.627448957754041,13.495083645094383
2952,2023,M,2,-121.80206384247867,-127.4090530700696,-5.60698922759093,-5.60698922759093,0.0,7.649131535334391,13.25612076292532
2953,2023,M,2,-163.38043207450664,-169.3306888617908,-5.950256787284161,-5.950256787284161,0.0,7.680932649119086,13.631189436403247
2954,2023,M,2,-121.8233878633066,-127.47308994067953,-5.649702077372922,-5.649702077372922,0.0,7.718997618649155,13.368699696022077
2955,2023,M,2,-82.69761390406347,-88.07509083975356,-5.377476935690083,-5.377476935690083,0.0,7.772481310014427,13.14995824570451
2956,2023,M,2,-127.8825757434904,-133.64285972505513,-5.760283981564726,-5.760283981564726,0.0,7.823073991035471,13.583357972600197
2959,2023,M,2,-121.82260303852172,-127.6436596353517,-5.821056596829976,-5.821056596829976,0.0,8.000389292138152,13.821445888968128
2961,2023,M,2,-121.15974853287207,-127.03168571462334,-5.871937181751264,-5.871937181751264,0.0,8.092419788090865,13.964356969842129
2962,2023,M,2,-63.124463745775756,-68.55133994083258,-5.4268761950568205,-5.4268761950568205,0.0,8.103983829467097,13.530860024523918
2963,2023,M,2,-89.944232306402,-95.58091862808237,-5.636686321680372,-5.636686321680372,0.0,8.105429334638984,13.742115656319356
2964,2023,M,2,-136.67354336209291,-142.67924596656803,-6.005702604475118,-6.005702604475118,0.0,8.113620530614071,14.11932313508919
2965,2023,M,2,-91.35855352472663,-97.02151575043308,-5.662962225706451,-5.662962225706451,0.0,8.130484757620934,13.793446983327385
2967,2023,M,2,-125.71882244028075,-131.68730801696756,-5.968485576686817,-5.968485576686817,0.0,8.192641480018438,14.161127056705254
2968,2023,M,2,-80.45758163029586,-86.08726664976234,-5.6296850194664785,-5.6296850194664785,0.0,8.21528772771353,13.844972747180009
2969,2023,M,2,-96.60049813429555,-102.36210073263032,-5.761602598334775,-5.761602598334775,0.0,8.225406263917648,13.987008862252424
2970,2023,M,2,-136.5209543790313,-142.62611332293318,-6.10515894390187,-6.10515894390187,0.0,8.278889955282693,14.384048899184563
2971,2023,M,2,-135.82934122808024,-141.97019201008106,-6.140850782000825,-6.140850782000825,0.0,8.346346863311055,14.48719764531188
2972,2023,M,2,-105.36059690623074,-111.30458454592917,-5.943987639698435,-5.943987639698435,0.0,8.412840101224447,14.356827740922881
2973,2023,M,2,-157.48237117126382,-163.85000046362256,-6.3676292923587425,-6.3676292923587425,0.0,8.44175020466514,14.809379497023883
2976,2023,M,2,-123.11247308016414,-129.30331790963987,-6.190844829475736,-6.190844829475736,0.0,8.591119072441643,14.78196390191738
2977,2023,M,2,-129.02439640039483,-135.34991053580347,-6.325514135408639,-6.325514135408639,0.0,8.736633259759628,15.062147395168267
2979,2023,M,2,-161.7251573506926,-168.35500406134793,-6.629846710655329,-6.629846710655329,0.0,8.818063384450625,15.447910095105954
2981,2023,M,2,-153.77736748187976,-160.40427834201205,-6.626910860132284,-6.626910860132284,0.0,8.914912230976825,15.541823091109109
2982,2023,M,2,-121.81463598741198,-128.2133858058578,-6.398749818445822,-6.398749818445822,0.0,8.949122520048377,15.347872338494199
2985,2023,M,2,-219.59074953663003,-226.81809039307473,-7.227340856444698,-7.227340856444698,0.0,9.058980913122468,16.286321769567166
2986,2023,M,2,-89.20274435583974,-95.44838130946664,-6.245636953626899,-6.245636953626899,0.0,9.11487377977437,15.36051073340127
2987,2023,M,2,-85.3218814470631,-91.893211346297,-6.571329899233888,-6.571329899233888,0.0,9.699339704332715,16.270669603566603
2988,2023,M,2,-66.20998712366577,-72.66177519515077,-6.451788071484998,-6.451788071484998,0.0,9.74752321006713,16.199311281552127
2989,2023,M,2,-155.67853283931072,-162.87482870312147,-7.196295863810747,-7.196295863810747,0.0,9.825580489356753,17.0218763531675
2990,2023,M,2,-49.50918693243193,-56.22963895501516,-6.720452022583231,-6.720452022583231,0.0,10.40233705299761,17.12278907558084
2991,2023,M,2,-280.67119262331926,-289.5031677344691,-8.831975111149859,-8.831975111149859,0.0,10.912600378724619,19.744575489874478
2994,2023,M,2,-30.907600202037656,-34.41000000000008,-3.5023997979624255,-3.5023997979624255,0.0,6.364680402800104,9.86708020076253
2995,2023,M,2,-86.0390452118263,-90.02999999999997,-3.990954788173667,-3.990954788173667,0.0,6.730017144619296,10.720971932792963
2996,2023,F,2,25.648230547746607,43.899999999999864,18.251769452253257,18.251769452253257,0.0,20.214597014998617,1.9628275627453604
18825,2024,F,2,130.68620799576638,135.4788353109384,4.7926273151720125,4.7926273151720125,0.0,6.667707663245665,1.8750803480736522
2999,2023,F,2,70.15280361367377,91.90000000000009,21.747196386326323,21.747196386326323,0.0,24.026267826114918,2.279071439788595
3000,2023,F,2,64.60658698600378,86.40000000000009,21.793413013996314,21.793413013996314,0.0,24.085909901395326,2.292496887399011
3002,2023,F,2,-20.271491405228517,1.7999999999999545,22.07149140522847,22.07149140522847,0.0,24.52238145231263,2.450890047084158
3003,2023,F,2,-479.4418376286096,-511.9999999999998,-32.558162371390154,-32.558162371390154,0.0,24.9913850442922,57.549547415682355
3006,2023,F,2,-403.1358112124774,-435.9000000000001,-32.7641887875227,-32.7641887875227,0.0,27.565482793335605,60.3296715808583
3008,2023,F,2,160.14008263881692,187.29999999999995,27.159917361183034,27.159917361183034,0.0,29.896945736123598,2.7370283749405644
3011,2023,M,2,46.030867152791416,68.5,22.469132847208584,22.469132847208584,0.0,25.447905959141735,2.978773111933151
1752,2024,F,3,110.04008445061845,114.75436823581867,4.714283785200223,4.714283785200223,0.0,6.5924740127647965,1.8781902275645734
3014,2023,M,2,61.493318732712396,85.90000000000009,24.406681267287695,24.406681267287695,0.0,27.62042249255046,3.2137412252627655
3015,2023,M,2,366.0660129607718,391.39999999999986,25.333987039228077,25.333987039228077,0.0,28.09402558982083,2.7600385505927534
3016,2023,M,2,-202.26657403419495,-212.70000000000027,-10.433425965805327,-10.433425965805327,0.0,28.62545232106004,39.058878286865365
3017,2023,M,2,16.183993208998345,9.5,-6.683993208998345,-6.683993208998345,0.0,28.782402184690454,35.4663953936888
3021,2023,M,2,77.28121156692578,70.79999999999973,-6.481211566926049,-6.481211566926049,0.0,32.322034635510136,38.803246202436185
3024,2023,M,2,28.236911152895573,59.90000000000009,31.663088847104518,31.663088847104518,0.0,35.93050474581696,4.267415898712443
3028,2023,F,2,30.275242493591577,32.549999999999955,2.2747575064083776,2.2747575064083776,0.0,2.5620031250425654,0.28724561863418785
3030,2023,F,2,-262.43788649070075,-260.1600000000001,2.2778864907006664,2.2778864907006664,0.0,2.6278643878972616,0.3499778971965952
3032,2023,F,2,13.515286173942513,15.940000000000055,2.424713826057541,2.424713826057541,0.0,2.734888940035944,0.3101751139784028
3033,2023,F,2,-1.123826965715807,1.3199999999999363,2.4438269657157434,2.4438269657157434,0.0,2.7595869136064266,0.3157599478906832
3035,2023,F,2,-54.907016377607306,-52.450000000000045,2.4570163776072604,2.4570163776072604,0.0,2.785931418748305,0.32891504114104464
3036,2023,F,2,-182.5616921656483,-180.1199999999999,2.441692165648419,2.441692165648419,0.0,2.7958106081764527,0.3541184425280335
3038,2023,F,2,-155.49491903689568,-153.0,2.4949190368956806,2.4949190368956806,0.0,2.850146150031378,0.35522711313569744
3041,2023,F,2,-21.1727474366985,-18.59999999999991,2.5727474366985916,2.5727474366985916,0.0,2.909421286600491,0.3366738499018993
3052,2023,M,2,22.286764790562756,24.819999999999936,2.53323520943718,2.53323520943718,0.0,2.924339003601972,0.3911037941647919
3053,2023,M,2,101.73006720991452,104.28999999999996,2.5599327900854405,2.5599327900854405,0.0,2.934371041350232,0.3744382512647917
3054,2023,M,2,9.772139694654243,12.329999999999927,2.5578603053456845,2.5578603053456845,0.0,2.956107123138054,0.39824681779236926
3058,2023,M,2,-6.3934580355251,-3.7799999999999727,2.6134580355251273,2.6134580355251273,0.0,3.0246593810841205,0.4112013455589931
3064,2023,M,2,43.00488371965639,45.789999999999964,2.7851162803435727,2.7851162803435727,0.0,3.2102520794258,0.4251357990822271
3066,2023,M,2,36.23919126387,39.02999999999997,2.790808736129975,2.790808736129975,0.0,3.2186121108827592,0.4278033747527843
3079,2023,M,2,200.66806920024646,203.70000000000005,3.0319307997535816,3.0319307997535816,0.0,3.454364997965513,0.4224341982119313
3083,2023,M,2,188.67337322015555,191.9699999999998,3.296626779844246,3.296626779844246,0.0,3.7636861618684634,0.4670593820242175
3085,2023,M,2,23.322737056186725,26.789999999999964,3.467262943813239,3.467262943813239,0.0,4.004455067825347,0.5371921240121083
19603,2024,F,2,72.42624086331148,84.05999999999995,11.633759136688468,11.633759136688468,0.0,13.511974647826264,1.878215511137796
829,2024,F,4,19.077180314162433,68.33999999999992,49.262819685837485,49.262819685837485,0.0,51.142210883124335,1.87939119728685
819,2024,F,3,-41.11936286582545,6.129999999999882,47.24936286582533,47.24936286582533,0.0,49.13005616712667,1.880693301301335
18820,2024,F,3,69.92333000431609,74.48659145158854,4.563261447272453,4.563261447272453,0.0,6.448025403842394,1.884763956569941
3089,2023,M,2,-21.45525145816896,-46.799999999999955,-25.344748541830995,-25.344748541830995,0.0,4.397192374542783,29.74194091637378
1744,2024,F,3,115.89135259379123,120.6471533915635,4.755800797772281,4.755800797772281,0.0,6.6416266644123425,1.8858258666400616
3094,2023,M,2,-98.52892774442535,-132.80000000000018,-34.271072255574836,-34.271072255574836,0.0,5.733644743677814,40.00471699925265
1108,2023,F,2,-48.59995480050429,-36.299999999999955,12.299954800504338,12.299954800504338,0.0,14.756269270865687,2.456314470361349
3028,2024,F,4,7.330190453407795,56.72000000000003,49.38980954659223,49.38980954659223,0.0,51.28955402022257,1.899744473630335
18726,2025,F,2,-31.059403581439256,-6.088155691706561,24.971247889732695,24.971247889732695,0.0,36.45679241462358,11.485544524890884
2074,2024,F,4,1.7099296858461912,51.25,49.54007031415381,49.54007031415381,0.0,51.4530128129411,1.912942498787288
3359,2023,F,2,53.08668955583698,122.36000000000013,69.27331044416314,69.27331044416314,0.0,76.6224591462369,7.349148702073762
3360,2023,F,3,72.72406502248623,97.49205786068228,24.76799283819605,24.76799283819605,0.0,32.33979878833793,7.571805950141879
3371,2023,F,2,86.42876891259789,114.79075852116603,28.361989608568138,28.361989608568138,0.0,37.00978306120919,8.647793452641054
3373,2023,F,2,-69.25858162860709,-46.529249508098474,22.729332120508616,22.729332120508616,0.0,31.425613932342912,8.696281811834297
3379,2023,F,2,124.9272055686663,155.1573663572508,30.2301607885845,30.2301607885845,0.0,39.210994130846075,8.980833342261576
3386,2023,M,3,-41.09459133652513,-15.269999999999982,25.824591336525145,25.824591336525145,0.0,34.72206600601953,8.897474669494386
3388,2023,M,2,-10.859763270127587,21.519999999999982,32.37976327012757,32.37976327012757,0.0,41.65551862281745,9.275755352689885
3390,2023,M,2,-77.297606916409,-46.22000000000003,31.077606916408968,31.077606916408968,0.0,40.443082000420645,9.365475084011678
3393,2023,M,2,-58.11153876686444,-29.3599999999999,28.75153876686454,28.75153876686454,0.0,38.746231082488066,9.994692315623524
3402,2023,M,2,-62.78347673462781,-27.590000000000146,35.193476734627666,35.193476734627666,0.0,45.62803155619986,10.434554821572192
3405,2023,M,3,26.910304686207155,59.88999999999987,32.97969531379272,32.97969531379272,0.0,43.772057140325614,10.792361826532897
3406,2023,M,2,-187.59235817991748,-154.05999999999995,33.53235817991754,33.53235817991754,0.0,44.3585390927492,10.82618091283166
3407,2023,M,3,113.44943561609671,148.43999999999983,34.99056438390312,34.99056438390312,0.0,45.83110902910903,10.84054464520591
3409,2023,M,2,-241.4976118216482,-208.79999999999995,32.69761182164825,32.69761182164825,0.0,43.65960503983797,10.961993218189718
3410,2023,M,2,-211.33686931849797,-177.49,33.846869318497966,33.846869318497966,0.0,44.9267201765781,11.079850858080135
1742,2024,F,3,25.79221475156828,30.258544019161263,4.466329267592982,4.466329267592982,0.0,6.388841598797853,1.9225123312048709
68,2025,F,4,-8.802550887599637,57.06813804686476,65.8706889344644,65.8706889344644,0.0,72.80242063523269,6.931731700768296
27188,2025,F,3,-20.80563552546255,40.91240624826787,61.71804177373042,61.71804177373042,0.0,74.53941366201025,12.821371888279828
1759,2024,F,2,38.37740555853952,42.941112656348196,4.563707097808674,4.563707097808674,0.0,6.506206093547462,1.942498995738788
3456,2023,M,2,144.26493479924056,256.6999999999998,112.43506520075925,112.43506520075925,0.0,148.87627094307072,36.44120574231147
3460,2023,F,2,-208.02151624250496,-280.9156907070376,-72.89417446453263,-72.89417446453263,0.0,41.8301067647476,114.72428122928022
3461,2023,F,2,16.84473082560794,-44.41441888867507,-61.25914971428301,-61.25914971428301,0.0,42.25536760184218,103.5145173161252
18829,2024,F,2,89.79154893223813,94.58740729673104,4.795858364492915,4.795858364492915,0.0,6.746953775084876,1.951095410591961
245,2025,F,4,-42.03364436416837,27.368158690444034,69.4018030546124,69.4018030546124,0.0,76.87034623987938,7.468543185266981
18823,2024,F,2,59.662620407054646,64.34481159472443,4.682191187669787,4.682191187669787,0.0,6.6381157607233945,1.9559245730536077
1763,2024,F,2,147.05363889033106,152.0999999999999,5.046361109668851,5.046361109668851,0.0,7.006798800520301,1.9604376908514496
18818,2024,F,2,-3.764712529835606,0.6655964744979883,4.430309004333594,4.430309004333594,0.0,6.3908478294774795,1.9605388251438853
72,2025,F,3,-34.20937051437795,27.03141127117715,61.2407817855551,61.2407817855551,0.0,74.09676060034758,12.85597881479248
18600,2024,F,2,-23.846199691995253,26.069999999999936,49.91619969199519,49.91619969199519,0.0,51.877282113960746,1.961082421965557
27189,2025,F,3,-68.98519018340903,-6.940497488545589,62.04469269486344,62.04469269486344,0.0,75.40791017539891,13.363217480535468
3975,2025,F,2,36.56092457819045,80.15567809272306,43.59475351453261,43.59475351453261,0.0,58.81191348681796,15.217159972285344
1,2025,M,2,304.852820912733,372.1500000000001,67.29717908726707,67.29717908726707,0.0,85.84215155263564,18.544972465368573
1791,2024,F,3,73.29647955088103,126.52999999999997,53.23352044911894,53.23352044911894,0.0,55.195133826119445,1.9616133770005035
1764,2024,F,2,43.13609048131843,47.76847314649149,4.632382665173054,4.632382665173054,0.0,6.596486474123822,1.9641038089507674
3349,2025,M,3,-19.277994344468425,46.0,65.27799434446842,65.27799434446842,0.0,74.53716751073216,9.259173166263736
1746,2024,F,2,78.30975942961686,83.10674741926687,4.796987989650006,4.796987989650006,0.0,6.769523870228795,1.9725358805787891
27960,2025,M,2,-22.977063338780226,33.51999999999998,56.49706333878021,56.49706333878021,0.0,75.38935985616581,18.892296517385603
18828,2024,F,3,62.02349343096398,66.75635819000058,4.732864759036602,4.732864759036602,0.0,6.706829161495307,1.973964402458705
18831,2024,F,4,104.27932894522155,109.19342096712671,4.914092021905162,4.914092021905162,0.0,6.890900826337429,1.9768088044322667
18863,2024,F,2,672.0109513353239,679.2917649717372,7.280813636413313,7.280813636413313,0.0,9.265776393169745,1.9849627567564312
3035,2024,F,2,100.6834017752667,105.60000000000014,4.916598224733434,4.916598224733434,0.0,6.904342174530484,1.98774394979705
3033,2024,F,2,118.35725411877911,123.36191175845988,5.004657639680772,5.004657639680772,0.0,6.9957263793401125,1.9910687396593403
18826,2024,F,4,37.325702119034304,42.0029402216112,4.677238102576894,4.677238102576894,0.0,6.671720124604462,1.9944820220275687
18832,2024,F,3,87.35188636604403,92.2522094714775,4.900323105433472,4.900323105433472,0.0,6.9019350950745775,2.0016119896411055
1741,2024,F,3,47.9088383787373,60.059999999999945,12.151161621262645,12.151161621262645,0.0,14.15401250598552,2.002850884722875
1762,2024,F,3,122.73303065158052,127.7829067355508,5.049876083970275,5.049876083970275,0.0,7.052903953705027,2.003027869734751
18601,2024,F,3,-56.238303529965606,-6.150000000000091,50.088303529965515,50.088303529965515,0.0,52.098625710538954,2.0103221805734393
1756,2024,F,3,60.31865559975677,65.15587102324457,4.837215423487805,4.837215423487805,0.0,6.860305808475459,2.023090384987654
841,2024,F,3,157.6136573096967,215.33000000000015,57.71634269030346,57.71634269030346,0.0,59.7404064928553,2.0240638025518365
18603,2024,F,2,-3.133774129915537,49.13000000000011,52.263774129915646,52.263774129915646,0.0,54.288381529289154,2.024607399373508
18609,2024,F,3,98.49835027680797,154.28999999999996,55.791649723191995,55.791649723191995,0.0,57.819025673819624,2.027375950627629
3193,2024,F,4,105.62232722440012,110.67456159010567,5.052234365705544,5.052234365705544,0.0,7.087511432926249,2.0352770672207043
3040,2024,F,2,48.863250283921616,53.683529226405426,4.82027894248381,4.82027894248381,0.0,6.856794904786284,2.036515962302474
1765,2024,F,4,89.10767068944779,94.09827727151264,4.990606582064856,4.990606582064856,0.0,7.028829185551558,2.0382226034867017
22577,2024,F,2,150.30484462413528,155.57999999999993,5.275155375864642,5.275155375864642,0.0,7.330709868709846,2.0555544928452036
2086,2024,F,2,19.168012867425887,23.913112932319564,4.745100064893677,4.745100064893677,0.0,6.802626676440468,2.057526611546791
18836,2024,F,3,91.69344584949658,96.74858530631968,5.055139456823099,5.055139456823099,0.0,7.117103335448519,2.06196387862542
18835,2024,F,4,66.55564851351414,71.53232805254606,4.97667953903192,4.97667953903192,0.0,7.049894607685928,2.073215068654008
27422,2025,F,3,-15.998639200155822,-8.5,7.4986392001558215,7.4986392001558215,0.0,12.293088856237546,4.794449656081724
28526,2025,F,2,76.96965328108399,88.51999999999998,11.55034671891599,11.55034671891599,0.0,16.59170760752704,5.041360888611052
27427,2025,F,3,87.0136835674598,95.66999999999985,8.656316432540052,8.656316432540052,0.0,13.660425127714689,5.0041086951746365
28527,2025,F,2,64.11864366832879,75.95000000000005,11.831356331671259,11.831356331671259,0.0,17.06205688113687,5.23070054946561
2820,2025,F,2,-11.847626277682366,-22.100000000000136,-10.25237372231777,-10.25237372231777,0.0,6.87168505570844,17.12405877802621
27439,2025,F,2,-65.28951355618801,-69.3599999999999,-4.0704864438118875,-4.0704864438118875,0.0,16.123963944346315,20.194450388158202
27446,2025,M,4,-58.598127140621045,-46.289999999999964,12.308127140621082,12.308127140621082,0.0,16.99246733636437,4.684340195743289
27445,2025,M,4,-47.469440794784305,-35.1400000000001,12.329440794784205,12.329440794784205,0.0,16.978070645679736,4.6486298508955315
2345,2025,M,2,86.17599270862343,101.08999999999992,14.914007291376493,14.914007291376493,0.0,19.663197473363198,4.749190181986705
3140,2025,M,2,81.56879703526351,96.95000000000005,15.38120296473653,15.38120296473653,0.0,20.307230774409163,4.926027809672632
27460,2025,M,3,62.84036972466083,77.44000000000005,14.599630275339223,14.599630275339223,0.0,19.639645505765657,5.040015230426434
27476,2025,M,3,280.5169077785315,297.5,16.983092221468496,16.983092221468496,0.0,22.036534541557785,5.053442320089289
1234,2025,M,3,-152.93333035417209,-155.51999999999998,-2.5866696458278966,-2.5866696458278966,0.0,18.710472424752425,21.29714207058032
1290,2025,M,3,94.72173338613152,109.70999999999981,14.98826661386829,14.98826661386829,0.0,20.0445657615453,5.056299147677009
27459,2025,M,3,-137.64818332033315,-140.10000000000014,-2.4518166796669902,-2.4518166796669902,0.0,19.524258695980734,21.976075375647724
27468,2025,M,3,59.468059687492996,74.74000000000001,15.271940312507013,15.271940312507013,0.0,20.568498660319392,5.296558347812379
1286,2025,M,4,37.979902446990764,53.559999999999945,15.580097553009182,15.580097553009182,0.0,21.07206290782824,5.491965354819058
27467,2025,M,2,-75.74780982862944,-77.52999999999997,-1.7821901713705302,-1.7821901713705302,0.0,20.13958392006498,21.92177409143551
1750,2024,F,3,94.71338996049985,99.82247369843458,5.109083737934725,5.109083737934725,0.0,7.189327639909834,2.080243901975109
1268,2025,M,3,65.11399181925435,80.97000000000003,15.856008180745675,15.856008180745675,0.0,21.341974197630407,5.485966016884731
27482,2025,M,3,-69.29618036073771,-51.11999999999989,18.176180360737817,18.176180360737817,0.0,25.026567233564037,6.8503868728262205
18851,2024,F,3,205.21818817620033,210.7880646535034,5.569876477303069,5.569876477303069,0.0,7.651763811529463,2.081887334226394
18839,2024,F,3,104.94166385138965,110.10581047236428,5.164146620974634,5.164146620974634,0.0,7.2500161179639235,2.0858694969892895
1800,2024,F,3,126.55034161641152,184.80999999999995,58.25965838358843,58.25965838358843,0.0,60.34556580593721,2.0859074223487823
18610,2024,F,3,130.23294291489606,188.73000000000002,58.49705708510396,58.49705708510396,0.0,60.587300640239164,2.0902435551352028
18607,2024,F,3,3.242181080926912,57.51999999999998,54.27781891907307,54.27781891907307,0.0,56.37190557731901,2.094086658245942
835,2024,F,2,100.86926267469744,114.02999999999997,13.160737325302534,13.160737325302534,0.0,15.257415549790949,2.0966782244884143
22581,2024,F,2,240.1762019242824,245.92000000000007,5.743798075717677,5.743798075717677,0.0,7.842334642828973,2.098536567111296
1769,2024,F,4,131.20698749326357,136.5147175577838,5.3077300645202286,5.3077300645202286,0.0,7.40900989931265,2.1012798347924218
2415,2024,F,2,253.64504956234236,293.00348627198287,39.3584367096405,39.3584367096405,0.0,47.05906651903797,7.700629809397469
2418,2024,F,2,245.8045088804604,285.4540942219912,39.64958534153084,39.64958534153084,0.0,47.460727053754,7.8111417122231614
16169,2024,F,3,234.60018538621625,275.17203533750126,40.571849951285,40.571849951285,0.0,48.65793458303824,8.086084631753238
16171,2024,F,2,268.6231097742618,309.9828972788082,41.359787504546375,41.359787504546375,0.0,49.44052478616277,8.080737281616393
2412,2024,F,2,101.32121194689421,142.40151387785295,41.08030193095874,41.08030193095874,0.0,50.018397684496904,8.938095753538164
2423,2024,F,2,231.4157150451781,273.5540132114136,42.13829816623547,42.13829816623547,0.0,50.60404465769625,8.465746491460777
662,2024,F,2,318.9310596814473,361.80626936497197,42.875209683524645,42.875209683524645,0.0,51.02902741700973,8.153817733485084
16175,2024,F,2,-81.58266579475594,-90.03933991791519,-8.456674123159246,-8.456674123159246,0.0,51.79866082869148,60.25533495185073
4251,2024,F,2,333.06581545685776,377.515537159205,44.44972170234723,44.44972170234723,0.0,52.88962266814724,8.439900965800007
16176,2024,F,2,333.4382300324621,378.11272711211427,44.674497079652156,44.674497079652156,0.0,53.164306646728164,8.489809567076009
16177,2024,F,2,347.1246138756476,392.4897063189055,45.365092443257936,45.365092443257936,0.0,53.93912277498748,8.574030331729546
17562,2024,F,3,112.0076074968631,117.31226750166593,5.304660004802827,5.304660004802827,0.0,7.439604917174847,2.1349449123720206
855,2024,F,4,37.30614396741066,94.32999999999993,57.023856032589265,57.023856032589265,0.0,59.17931856453015,2.155462531940884
1804,2024,F,4,155.2431972330312,216.44000000000005,61.19680276696886,61.19680276696886,0.0,63.3585356250378,2.1617328580689446
1796,2024,F,4,80.05710808939807,85.30879540363708,5.251687314239007,5.251687314239007,0.0,7.421548841059121,2.169861526820114
6870,2024,F,2,-43.09913007137288,11.690000000000055,54.78913007137294,54.78913007137294,0.0,56.96390925316018,2.174779181787244
18837,2024,F,2,1.0053122011609048,5.9474008754903025,4.942088674329398,4.942088674329398,0.0,7.119611123797995,2.177522449468597
861,2024,F,3,266.79825732554286,332.3799999999999,65.58174267445702,65.58174267445702,0.0,67.76633188260621,2.184589208149191
19610,2024,F,2,155.453000389914,169.6400000000001,14.186999610086104,14.186999610086104,0.0,16.37794763686952,2.190948026783417
3046,2024,F,2,168.98422407475869,174.66000000000008,5.675775925241396,5.675775925241396,0.0,7.874182606088652,2.198406680847256
3198,2024,F,2,18.80013193041259,23.869861253398085,5.069729322985495,5.069729322985495,0.0,7.2710815400987485,2.2013522171132536
1783,2024,F,3,179.1163655277869,193.57999999999993,14.463634472213016,14.463634472213016,0.0,16.66673125586999,2.2030967836569744
1781,2024,F,4,75.97396536807992,81.28731325979061,5.313347891710691,5.313347891710691,0.0,7.517847913674359,2.2045000219636677
18271,2024,F,3,137.06310432497844,198.76,61.69689567502155,61.69689567502155,0.0,63.90186344308768,2.204967768066126
1760,2024,F,3,87.17718790032154,147.69000000000005,60.51281209967851,60.51281209967851,0.0,62.73758954726668,2.224777447588167
18844,2024,F,3,50.49847881811047,55.7580002020743,5.259521383963829,5.259521383963829,0.0,7.48675133814254,2.2272299541787106
18849,2024,F,2,72.30558421125079,77.65536069221798,5.3497764809671935,5.3497764809671935,0.0,7.577031718718899,2.227255237751706
6867,2024,F,4,165.35085453036731,229.6500000000001,64.29914546963278,64.29914546963278,0.0,66.56752443902792,2.268378969395144
18854,2024,F,3,63.95499781568378,69.47102251995648,5.516024704272695,5.516024704272695,0.0,7.83182301501256,2.315798310739865
18860,2024,F,3,235.7526608258022,241.9793548229202,6.226693997117991,6.226693997117991,0.0,8.542530233217803,2.3158362360998126
2085,2024,F,4,-260.1599986774661,-255.94841691992633,4.211581757539761,4.211581757539761,0.0,6.543321361117705,2.331739603577944
3036,2024,F,3,-70.98528299317763,-65.97977658215541,5.005506411022225,5.005506411022225,0.0,7.3423027292199095,2.3367963181976847
1797,2024,F,2,23.307684169153163,28.70368909463241,5.396004925479247,5.396004925479247,0.0,7.7330161540483005,2.337011228569054
18856,2024,F,3,90.33959229155789,96.0877605192452,5.748168227687302,5.748168227687302,0.0,8.118212444508345,2.370044216821043
18612,2024,F,2,101.13625284110867,165.97000000000003,64.83374715889136,64.83374715889136,0.0,67.20721729986735,2.3734701409759964
3537,2024,F,3,26.777900260103706,32.28028144803284,5.502381187929132,5.502381187929132,0.0,7.879972551320179,2.3775913633910477
839,2024,F,4,-317.85314196438253,-266.9000000000001,50.95314196438244,50.95314196438244,0.0,53.34084675701229,2.3877047926298474
18613,2024,F,3,283.27985062034736,355.1099999999999,71.83014937965254,71.83014937965254,0.0,74.23462982303272,2.40448044338018
867,2024,M,4,0.5663145150228956,58.289999999999964,57.72368548497707,57.72368548497707,0.0,59.63702781453003,1.913342329552961
18841,2024,F,3,86.24559267158997,91.52634534751905,5.2807526759290795,5.2807526759290795,0.0,7.452143858921318,2.171391182992238
845,2024,F,2,-45.7993752737118,-33.47000000000003,12.329375273711776,12.329375273711776,0.0,14.501499680323832,2.172124406612056
591,2024,F,2,118.54921463367509,116.84315112183549,-1.7060635118396021,-1.7060635118396021,0.0,40.23083742885797,41.93690094069757
3100,2024,F,2,85.3409805810677,118.64198927829352,33.301008697225825,33.301008697225825,0.0,40.528843632034295,7.22783493480847
2390,2024,F,3,144.20994891342343,178.07965477991434,33.869705866490904,33.869705866490904,0.0,40.90459058386591,7.034884717375007
589,2024,F,2,18.02295732850621,13.533072777013786,-4.489884551492423,-4.489884551492423,0.0,41.03156714000215,45.521451691494576
604,2024,F,2,205.64152834613355,240.31451023444447,34.672981888310915,34.672981888310915,0.0,41.55502151427777,6.882039625966854
588,2024,F,2,92.10568033208642,89.52110304864004,-2.5845772834463787,-2.5845772834463787,0.0,41.64831041266348,44.232887696109856
5685,2024,F,2,135.89059219107116,171.038557804143,35.14796561307185,35.14796561307185,0.0,42.524189514174395,7.3762239011025486
2409,2024,F,3,190.25996000009263,228.0591738996909,37.79921389959827,37.79921389959827,0.0,45.488703396210894,7.689489496612623
16165,2024,F,3,271.6529437770332,309.87541275517606,38.22246897814284,38.22246897814284,0.0,45.56126142828839,7.338792450145547
16166,2024,F,3,223.02095493827414,261.51826604744724,38.4973111091731,38.4973111091731,0.0,46.16763926779572,7.670328158622624
1809,2024,M,4,20.1693495104696,24.420000000000073,4.2506504895304715,4.2506504895304715,0.0,6.172160728968265,1.9215102394377936
1815,2024,M,2,-18.379428655028505,-14.169999999999845,4.20942865502866,4.20942865502866,0.0,6.182903917446993,1.973475262418333
868,2024,M,4,12.178377943319447,72.48000000000002,60.30162205668057,60.30162205668057,0.0,62.2853292308655,1.9837071741849286
885,2024,M,2,49.265321835154054,53.76999999999998,4.504678164845927,4.504678164845927,0.0,6.489681632895326,1.985003468049399
18865,2024,M,2,16.549353011574794,20.929999999999836,4.380646988425042,4.380646988425042,0.0,6.368721288542247,1.988074300117205
866,2024,M,3,-3.793557166603705,56.039999999999964,59.83355716660367,59.83355716660367,0.0,61.822537613888244,1.9889804472845753
1813,2024,M,2,45.2713660115287,49.77999999999997,4.508633988471274,4.508633988471274,0.0,6.502812196591549,1.9941782081202746
1817,2024,M,5,9.331767929763146,70.19000000000005,60.85823207023691,60.85823207023691,0.0,62.86410209389328,2.005870023656371
22565,2024,M,2,59.686009995680934,63.8599999999999,4.173990004318966,4.173990004318966,0.0,6.182616225609991,2.008626221291024
2113,2024,M,2,54.86248333197136,59.02999999999997,4.167516668028611,4.167516668028611,0.0,6.182020260530862,2.014503592502251
18869,2024,M,4,109.3300124250377,114.13999999999987,4.809987574962179,4.809987574962179,0.0,6.8251078509536,2.0151202759914213
1814,2024,M,4,31.954614083592105,94.03999999999996,62.08538591640786,62.08538591640786,0.0,64.10249468201687,2.0171087656090094
882,2024,M,3,48.47378664175926,53.059999999999945,4.586213358240684,4.586213358240684,0.0,6.610244081379051,2.0240307231383667
891,2024,M,3,63.22998541023594,127.05000000000018,63.82001458976424,63.82001458976424,0.0,65.85392483410396,2.0339102443397223
4482,2024,M,2,17.31061919499939,79.3599999999999,62.04938080500051,62.04938080500051,0.0,64.08436080641286,2.0349800014123502
5025,2024,M,3,3.9758225826394664,65.50999999999999,61.534177417360524,61.534177417360524,0.0,63.56943429707417,2.0352568797136428
1847,2024,M,3,66.72234435062569,71.40999999999985,4.687655649374165,4.687655649374165,0.0,6.72483809181881,2.037182442444646
3205,2024,M,2,30.838810982022096,35.38999999999987,4.5511890179777765,4.5511890179777765,0.0,6.591542975508446,2.0403539575306695
2110,2024,M,2,32.11929824755384,36.680000000000064,4.560701752446221,4.560701752446221,0.0,6.603081955726566,2.042380203280345
5013,2024,M,4,11.305784576975157,73.42000000000007,62.114215423024916,62.114215423024916,0.0,64.1591630432797,2.0449476202547885
18555,2024,M,2,-44.24506511105665,15.689999999999827,59.935065111056474,59.935065111056474,0.0,61.980075658198075,2.045010547141601
2111,2024,M,3,0.3612269585212289,4.809999999999945,4.4487730414787166,4.4487730414787166,0.0,6.498037446156559,2.0492644046778423
18867,2024,M,2,19.938926938492386,24.49000000000001,4.551073061507623,4.551073061507623,0.0,6.611437768987571,2.0603647074799483
3543,2024,M,4,44.06424553388865,108.07000000000016,64.00575446611151,64.00575446611151,0.0,66.07077576320194,2.065021297090425
2114,2024,M,3,48.28609353360889,112.48000000000002,64.19390646639113,64.19390646639113,0.0,66.25967030074389,2.065763834352765
1835,2024,M,4,39.83249373998137,44.48000000000002,4.647506260018645,4.647506260018645,0.0,6.715686486818186,2.068180226799541
1863,2024,M,4,78.61340900871392,144.33999999999992,65.726590991286,65.726590991286,0.0,67.80369425060985,2.0771032593238488
2112,2024,M,3,5.3693871978407515,9.910000000000082,4.54061280215933,4.54061280215933,0.0,6.622976749205691,2.0823639470463604
22566,2024,M,2,36.11067248577797,40.34999999999991,4.239327514221941,4.239327514221941,0.0,6.32598307493663,2.0866555607146893
2122,2024,M,2,39.86903612315655,58.940000000000055,19.070963876843507,19.070963876843507,0.0,21.159935146986072,2.088971270142565
3051,2024,M,2,83.812623264286,88.25999999999999,4.447376735713988,4.447376735713988,0.0,6.549134749220229,2.1017580135062417
2116,2024,M,3,47.53165879961375,52.299999999999955,4.768341200386203,4.768341200386203,0.0,6.878028001608072,2.1096868012218692
18870,2024,M,3,43.70383672110779,48.460000000000036,4.756163278892245,4.756163278892245,0.0,6.867284813129345,2.1111215342370997
18566,2024,M,3,195.0731439447186,266.4000000000001,71.3268560552815,71.3268560552815,0.0,73.43804051640518,2.1111844611236847
18559,2024,M,3,-7.350752556888892,56.06000000000017,63.410752556889065,63.410752556889065,0.0,65.52298160433088,2.112229047441815
1827,2024,M,4,10.827525179373197,15.460000000000036,4.63247482062684,4.63247482062684,0.0,6.74712026051543,2.1146454398885908
18561,2024,M,4,5.4947539828715435,69.60000000000014,64.1052460171286,64.1052460171286,0.0,66.22378033861082,2.1185343214822296
1856,2024,M,3,57.608491296244665,62.450000000000045,4.84150870375538,4.84150870375538,0.0,6.966360884655614,2.124852180900234
18873,2024,M,2,33.68595338364639,38.45999999999981,4.7740466163534165,4.7740466163534165,0.0,6.911849150522585,2.137802534169168
19635,2024,M,2,256.5580104401238,278.77,22.2119895598762,22.2119895598762,0.0,24.350459119043535,2.1384695591673335
18568,2024,M,2,208.81728728355392,281.57000000000016,72.75271271644624,72.75271271644624,0.0,74.89328403362697,2.1405713171807292
18562,2024,M,4,70.71715594826946,138.1099999999999,67.39284405173044,67.39284405173044,0.0,69.5354793707927,2.142635319062265
18872,2024,M,2,25.03203370561846,29.789999999999964,4.757966294381504,4.757966294381504,0.0,6.904289129000517,2.1463228346190135
1844,2024,M,4,29.078800392807352,33.88000000000011,4.801199607192757,4.801199607192757,0.0,6.959994550742067,2.15879494354931
890,2024,M,4,-11.480095233267775,53.26999999999998,64.75009523326776,64.75009523326776,0.0,66.91211203341277,2.162016800145011
872,2024,M,4,85.8227139169228,151.98000000000002,66.15728608307722,66.15728608307722,0.0,68.23928505418121,2.0819989711039852
930,2024,M,4,32.97618725900247,97.99000000000001,65.01381274099754,65.01381274099754,0.0,67.12669622806038,2.1128834870628452
1857,2024,M,4,38.176987845420854,42.930000000000064,4.75301215457921,4.75301215457921,0.0,6.8728553553035,2.11984320072429
918,2024,M,3,66.45959804804033,71.23000000000002,4.770401951959684,4.770401951959684,0.0,6.8461963320414725,2.0757943800817884
909,2024,M,4,239.15023103501812,311.3699999999999,72.21976896498177,72.21976896498177,0.0,74.30317749834626,2.0834085333644907
878,2024,M,2,-17.20288641136449,43.539999999999964,60.74288641136445,60.74288641136445,0.0,62.77947734107465,2.0365909297102007
886,2024,M,3,24.348576233707945,90.16000000000008,65.81142376629214,65.81142376629214,0.0,67.96198787307003,2.1505641067778924
880,2024,M,4,13.157413949805004,74.91999999999985,61.76258605019484,61.76258605019484,0.0,63.793463218598845,2.030877168404004
876,2024,M,3,2.3505780595983197,63.45999999999981,61.10942194040149,61.10942194040149,0.0,63.13271012627774,2.023288185876254
18877,2024,M,4,42.93114765890505,47.809999999999945,4.878852341094898,4.878852341094898,0.0,7.047929537920027,2.1690771968251283
874,2024,M,3,33.064004507313484,99.96000000000004,66.89599549268655,66.89599549268655,0.0,69.07117659751498,2.1751811048284253
19624,2024,M,2,68.62054087430988,88.90000000000009,20.27945912569021,20.27945912569021,0.0,22.464041507381353,2.1845823816911434
1837,2024,M,4,34.439294294568754,101.71000000000004,67.27070570543128,67.27070570543128,0.0,69.45652145410031,2.185815748669029
18876,2024,M,3,20.20775934143444,25.039999999999964,4.832240658565524,4.832240658565524,0.0,7.021668410527354,2.18942775196183
18878,2024,M,3,37.63124836890847,42.55000000000018,4.918751631091709,4.918751631091709,0.0,7.115969731618634,2.197218100526925
18882,2024,M,2,79.83230623424083,84.92000000000007,5.087693765759241,5.087693765759241,0.0,7.285075476191423,2.1973817104321824
1858,2024,M,3,-14.042891072666862,-9.319999999999936,4.7228910726669255,4.7228910726669255,0.0,6.924979714219035,2.202088641552109
18874,2024,M,4,-11.042198256109714,-6.300000000000182,4.742198256109532,4.742198256109532,0.0,6.947659778785237,2.205461522675705
2359,2024,M,3,131.6552937557476,203.44999999999982,71.79470624425221,71.79470624425221,0.0,74.00396855088047,2.2092623066282613
1870,2024,M,2,18.367042058134757,23.24000000000001,4.872957941865252,4.872957941865252,0.0,7.0845359579216165,2.2115780160563645
18571,2024,M,3,173.07690964271774,246.62999999999988,73.55309035728214,73.55309035728214,0.0,75.76673237522004,2.2136420179379
1823,2024,M,2,145.41264537262123,166.94000000000005,21.527354627378827,21.527354627378827,0.0,23.7446338193638,2.2172791919849715
936,2024,M,4,15.497103113637195,83.04999999999995,67.55289688636276,67.55289688636276,0.0,69.77273090994527,2.219834023582507
1852,2024,M,3,63.22199126246687,68.30999999999995,5.088008737533073,5.088008737533073,0.0,7.316111354018858,2.228102616485785
1239,2024,M,3,-62.56612218360556,-22.230000000000018,40.33612218360554,40.33612218360554,0.0,42.5661251920676,2.230003008462063
1876,2024,M,4,60.607356650517886,130.37999999999988,69.772643349482,69.772643349482,0.0,72.00735328906399,2.2347099395819896
1853,2024,M,2,89.81287635844296,95.02999999999997,5.217123641557009,5.217123641557009,0.0,7.455772804242315,2.238649162685306
19627,2024,M,2,64.90135380986271,85.61999999999989,20.71864619013718,20.71864619013718,0.0,22.957836524047707,2.2391903339105284
3052,2024,M,2,-50.429606678147366,-45.76999999999998,4.659606678147384,4.659606678147384,0.0,6.899514378565527,2.2399077004181436
18889,2024,M,2,121.40263756558579,126.75,5.347362434414208,5.347362434414208,0.0,7.587874232943932,2.240511798529724
1874,2024,M,2,689.5098048062896,784.1700000000001,94.66019519371048,94.66019519371048,0.0,96.90138660261573,2.2411914089052516
2119,2024,M,4,-22.71115375525369,-17.930000000000064,4.7811537552536265,4.7811537552536265,0.0,7.026045265092989,2.2448915098393627
19626,2024,M,3,51.94145760425772,72.55999999999995,20.618542395742224,20.618542395742224,0.0,22.864642101804748,2.246099706062523
1836,2024,M,2,113.42366979623853,134.83999999999992,21.41633020376139,21.41633020376139,0.0,23.66596640085254,2.2496361970911494
4997,2024,M,2,13.680134773313739,33.86999999999989,20.189865226686152,20.189865226686152,0.0,22.441389230376444,2.2515240036902924
2124,2024,M,4,113.05743347163025,118.39999999999986,5.342566528369616,5.342566528369616,0.0,7.596230046205164,2.253663517835548
18887,2024,M,2,88.60470884446886,93.85000000000014,5.245291155531277,5.245291155531277,0.0,7.499143454026807,2.2538522984955307
18563,2024,M,3,17.04744202863094,85.73000000000002,68.68255797136908,68.68255797136908,0.0,70.9378324175027,2.255274446133626
18581,2024,M,3,304.4597224373904,384.44000000000005,79.98027756260967,79.98027756260967,0.0,82.23599249694962,2.2557149343399487
18883,2024,M,2,33.93714357999602,38.97000000000003,5.032856420004009,5.032856420004009,0.0,7.289452330756831,2.2565959107528215
18573,2024,M,2,138.58687290973558,212.17000000000007,73.5831270902645,73.5831270902645,0.0,75.84266797931173,2.25954088904723
1811,2024,M,2,-198.67150527297508,-194.53999999999996,4.131505272975119,4.131505272975119,0.0,6.400950853978202,2.269445581003083
2120,2024,M,3,49.6034558117708,120.13999999999987,70.53654418822907,70.53654418822907,0.0,72.81091065176656,2.27436646353749
5735,2024,M,4,110.54579216212119,183.48000000000002,72.93420783787883,72.93420783787883,0.0,75.20873791132158,2.2745300734427474
19628,2024,M,2,46.31768890897274,67.13000000000011,20.812311091027368,20.812311091027368,0.0,23.08808711682559,2.2757760257982227
18884,2024,M,2,18.134333225963246,23.15000000000009,5.015666774036845,5.015666774036845,0.0,7.293431289452656,2.277764515415811
19634,2024,M,2,53.71700622664821,75.0,21.28299377335179,21.28299377335179,0.0,23.601333545267835,2.318339771916044
11399,2024,M,3,-22.012248106389052,21.019999999999982,43.032248106389034,43.032248106389034,0.0,45.351934513679,2.3196864072899643
18583,2024,M,3,317.2335972545452,399.76,82.52640274545479,82.52640274545479,0.0,84.84991510745203,2.3235123619972455
19637,2024,M,3,123.31843376874895,145.51999999999998,22.201566231251036,22.201566231251036,0.0,24.525644935228,2.3240787039769657
924,2024,M,4,60.40879721956094,133.18000000000006,72.77120278043913,72.77120278043913,0.0,75.10560149382377,2.334398713384644
1877,2024,M,4,-28.598433232450134,40.76999999999998,69.36843323245012,69.36843323245012,0.0,71.70587760714739,2.33744437469727
19638,2024,M,2,116.65954102492174,138.92000000000007,22.260458975078336,22.260458975078336,0.0,24.600495937505002,2.340036962426666
5732,2024,M,3,139.09204759227873,144.73000000000002,5.637952407721286,5.637952407721286,0.0,7.97980166448292,2.341849256761634
19640,2024,M,2,133.47839721861783,156.01999999999998,22.541602781382153,22.541602781382153,0.0,24.88968179992048,2.3480790185383285
1894,2024,M,3,18.337455946995988,23.50999999999999,5.172544053004003,5.172544053004003,0.0,7.522221414462592,2.349677361458589
18569,2024,M,3,50.78599316354848,123.68000000000006,72.89400683645158,72.89400683645158,0.0,75.24500566252959,2.350998826078012
18899,2024,M,3,163.4597417159025,169.23000000000002,5.770258284097508,5.770258284097508,0.0,8.128216823837192,2.357958539739684
3216,2024,M,4,56.428011131660014,61.799999999999955,5.37198886833994,5.37198886833994,0.0,7.743451517950689,2.3714626496107485
18885,2024,M,2,-27.92887038447043,-22.88000000000011,5.0488703844703196,5.0488703844703196,0.0,7.426726405762793,2.377856021292473
2373,2024,M,4,-2.510697559787559,69.24000000000001,71.75069755978757,71.75069755978757,0.0,74.13317241455866,2.3824748547710897
18888,2024,M,3,-12.633710697070228,-7.509999999999991,5.123710697070237,5.123710697070237,0.0,7.50789716315785,2.3841864660876126
18115,2024,M,3,165.766853861026,189.10000000000014,23.333146138974143,23.333146138974143,0.0,25.72498451447609,2.3918383755019477
19636,2024,M,2,61.649745595820605,83.73000000000002,22.080254404179414,22.080254404179414,0.0,24.477139515989393,2.396885111809979
1883,2024,M,4,-28.95011611418613,-23.819999999999936,5.130116114186194,5.130116114186194,0.0,7.547288854246517,2.417172740060323
19653,2024,M,2,293.4004546238207,318.56999999999994,25.169545376179258,25.169545376179258,0.0,27.58899606953537,2.4194506933561115
2141,2024,M,4,111.1983214164145,116.89999999999986,5.7016785835853625,5.7016785835853625,0.0,8.124237865141367,2.422559281556005
18577,2024,M,3,79.39413424765553,155.70000000000005,76.30586575234452,76.30586575234452,0.0,78.73275440370048,2.4268886513559664
18585,2024,M,3,254.27395856342514,337.52,83.24604143657484,83.24604143657484,0.0,85.67538423650967,2.4293427999348296
19641,2024,M,3,71.44643432512953,93.96000000000004,22.513565674870506,22.513565674870506,0.0,24.945450721025054,2.431885046154548
1901,2024,M,4,105.77323253657187,183.33000000000015,77.55676746342829,77.55676746342829,0.0,79.99079202372832,2.4340245603000312
19648,2024,M,2,230.34778644797143,255.04999999999973,24.702213552028297,24.702213552028297,0.0,27.157494814632628,2.4552812626043305
18894,2024,M,3,18.218530104841193,23.61999999999989,5.401469895158698,5.401469895158698,0.0,7.856851840781701,2.455381945623003
1895,2024,M,2,181.09769817311758,187.17999999999984,6.082301826882258,6.082301826882258,0.0,8.551578029073426,2.4692762021911676
18578,2024,M,3,37.940408930264766,114.22000000000003,76.27959106973526,76.27959106973526,0.0,78.7595774280312,2.479986358295946
926,2024,M,3,32.91522051150196,38.430000000000064,5.514779488498107,5.514779488498107,0.0,7.995319603396638,2.480540114898531
3073,2024,M,3,-76.48974377686136,-71.41000000000008,5.079743776861278,5.079743776861278,0.0,7.5612152096819045,2.4814714328206264
899,2024,M,3,32.606046842274736,100.68000000000006,68.07395315772533,68.07395315772533,0.0,70.28879078650925,2.2148376287839255
1859,2024,M,3,24.93518671932884,29.789999999999964,4.854813280671124,4.854813280671124,0.0,7.045940058572114,2.1911267779009904
18892,2024,M,3,70.49200131590328,75.86999999999989,5.37799868409661,5.37799868409661,0.0,7.726341995558641,2.348343311462031
2121,2024,M,3,44.8017866564046,49.680000000000064,4.878213343595462,4.878213343595462,0.0,7.043552683354619,2.165339339759157
18895,2024,M,4,2.4021552592651005,7.829999999999927,5.427844740734827,5.427844740734827,0.0,7.924494138610953,2.4966493978761264
946,2024,M,3,294.7193653274064,320.6100000000001,25.890634672593706,25.890634672593706,0.0,28.389335486974232,2.498700814380527
19649,2024,M,3,201.4351855608909,226.23000000000002,24.794814439109132,24.794814439109132,0.0,27.301041309130596,2.5062268700214645
19644,2024,M,2,88.52725347248406,112.0,23.472746527515937,23.472746527515937,0.0,25.988563455060103,2.515816927544165
18570,2024,M,3,-80.11682799234427,-7.330000000000155,72.78682799234412,72.78682799234412,0.0,75.30469633639268,2.5178683440485656
3082,2024,M,2,68.65958699939961,74.39999999999986,5.740413000600256,5.740413000600256,0.0,8.259124564929607,2.518711564329351
3231,2024,M,3,133.98135051394434,140.01000000000022,6.028649486055883,6.028649486055883,0.0,8.55993384233443,2.5312843562785474
1908,2024,M,3,80.12560690311193,103.8599999999999,23.73439309688797,23.73439309688797,0.0,26.2914145497989,2.5570214529109307
895,2024,M,4,122.7369883817064,206.21000000000004,83.47301161829364,83.47301161829364,0.0,86.0811297031496,2.6081180848559598
18579,2024,M,3,-39.113797699120596,38.55000000000018,77.66379769912078,77.66379769912078,0.0,80.29000097119456,2.6262032720737807
19656,2024,M,2,165.81302079361012,191.32000000000016,25.506979206390042,25.506979206390042,0.0,28.143238194948026,2.6362589885579837
3084,2024,M,3,137.50659791191765,162.9000000000001,25.39340208808244,25.39340208808244,0.0,28.056568613364107,2.6631665252816674
18910,2024,M,3,174.9102240805405,181.42000000000007,6.509775919459571,6.509775919459571,0.0,9.187415628666713,2.677639709207142
5006,2024,M,3,15.0544047491544,39.399999999999636,24.345595250845236,24.345595250845236,0.0,27.06257684957427,2.716981598729035
5001,2024,M,2,124.53928607051739,150.25,25.71071392948261,25.71071392948261,0.0,28.427745869721548,2.7170319402389396
4999,2024,M,2,269.45936331183884,297.00999999999976,27.55063668816092,27.55063668816092,0.0,30.271444241597237,2.720807553436316
964,2024,M,4,326.1860427572051,422.25,96.06395724279491,96.06395724279491,0.0,98.82471078386561,2.7607535410706987
1881,2024,M,2,114.64522567250378,120.55999999999995,5.914774327496161,5.914774327496161,0.0,8.70395823594663,2.789183908450468
1906,2024,M,4,-433.4340268466128,-366.23000000000025,67.20402684661258,67.20402684661258,0.0,69.99675983146972,2.792732984857139
19657,2024,M,2,69.42353740189128,95.17999999999984,25.756462598108556,25.756462598108556,0.0,28.55590358908057,2.799440990972016
18590,2024,M,3,298.9860054154742,398.2199999999998,99.23399458452559,99.23399458452559,0.0,102.13527644882242,2.901281864296834
3559,2024,M,3,120.51523044962369,147.84000000000015,27.32476955037646,27.32476955037646,0.0,30.228971222213204,2.904201671836745
19662,2024,M,2,95.62204882564902,125.63999999999987,30.017951174350856,30.017951174350856,0.0,33.259944373627604,3.241993199276749
19666,2024,M,2,-32.68964917399626,3.2600000000002183,35.94964917399648,35.94964917399648,0.0,40.03863826733914,4.088989093342661
4082,2025,M,4,-7.854863979680431,-5.990000000000009,1.8648639796804218,1.8648639796804218,0.0,42.56670838621244,40.70184440653202
21472,2025,M,3,-98.4901131061672,-89.70000000000005,8.790113106167155,8.790113106167155,0.0,49.63507339520311,40.84496028903595
950,2024,M,2,238.97356830799322,324.0100000000002,85.036431692007,85.036431692007,0.0,87.5450623690981,2.508630677091105
7624,2024,M,2,85.97158771340787,91.19999999999982,5.228412286591947,5.228412286591947,0.0,7.723148707114433,2.494736420522486
2238,2025,F,5,21.220102065751917,-1.5852250614943841,-22.8053271272463,-22.8053271272463,0.0,6.147338229713341,28.952665356959642
2245,2025,F,4,66.70007029776139,103.89999999999986,37.19992970223848,37.19992970223848,0.0,46.015149769160644,8.815220066922166
28018,2025,F,3,-10.078352307691375,-7.279999999999973,2.7983523076914025,2.7983523076914025,0.0,35.14298804061832,32.34463573292692
2243,2025,F,3,66.03610414039122,93.29999999999995,27.263895859608738,27.263895859608738,0.0,36.18733155314612,8.923435693537385
28021,2025,F,4,7.817448589632477,11.240000000000009,3.4225514103675323,3.4225514103675323,0.0,37.788184647179605,34.36563323681207
20763,2025,F,2,27.73236771481743,80.20000000000005,52.46763228518262,52.46763228518262,0.0,62.15728436946688,9.689652084284262
28531,2025,F,2,-43.784559484351576,-69.67000000000007,-25.885440515648497,-25.885440515648497,0.0,9.799111568676835,35.68455208432533
28414,2025,F,3,16.756054961613927,49.22000000000003,32.4639450383861,32.4639450383861,0.0,73.29338677603414,40.82944173764804
19504,2025,F,2,37.88339687262692,89.20000000000005,51.31660312737313,51.31660312737313,0.0,60.45957971858388,9.142976591210754
28376,2025,F,3,-25.353291470767772,1.6100000000001273,26.9632914707679,26.9632914707679,0.0,61.11485253154069,34.15156106077279
7115,2025,F,2,-4.280175184826248,45.40000000000009,49.68017518482634,49.68017518482634,0.0,58.83496842492059,9.15479324009425
28377,2025,F,3,-27.536754087233703,0.15000000000009095,27.686754087233794,27.686754087233794,0.0,62.8286429654288,35.141888878195005
19506,2025,F,3,11.165048706871858,14.379999999999882,3.214951293128024,3.214951293128024,0.0,34.510698430992534,31.29574713786451
19360,2025,F,3,-5.536356568074552,-2.619999999999891,2.9163565680746615,2.9163565680746615,0.0,35.344278740311665,32.427922172237004
19524,2025,F,3,155.65623849196254,188.0,32.34376150803746,32.34376150803746,0.0,41.59308793919786,9.249326431160398
2061,2025,F,5,-46.942326870129364,-42.59999999999991,4.342326870129455,4.342326870129455,0.0,41.64771114446694,37.305384274337484
1671,2025,F,4,66.7932686034419,98.80000000000018,32.00673139655828,32.00673139655828,0.0,41.88358407630926,9.876852679750982
2064,2025,F,4,97.71449409076286,106.31999999999994,8.605505909237081,8.605505909237081,0.0,49.818846078080696,41.213340168843615
28029,2025,F,2,40.11325458387728,73.39999999999986,33.286745416122585,33.286745416122585,0.0,44.523134646338576,11.236389230215991
27226,2025,F,4,176.4290294544528,186.71000000000004,10.280970545547234,10.280970545547234,0.0,49.280062644293366,38.99909209874613
8146,2025,M,5,16.428303929148115,31.61999999999989,15.191696070851776,15.191696070851776,0.0,50.3763227354882,35.184626664636426
27989,2025,M,4,-89.61348061441367,-81.19999999999982,8.413480614413857,8.413480614413857,0.0,47.030209222655,38.61672860824115
2259,2025,M,4,-32.59744004080039,-17.87000000000012,14.727440040800275,14.727440040800275,0.0,52.604476108112294,37.87703606731202
1657,2025,M,3,14.002109346417,24.950000000000045,10.947890653583045,10.947890653583045,0.0,47.78627604163103,36.83838538804798
8147,2025,M,5,-52.906410369832884,-86.72435950761405,-33.81794913778117,-33.81794913778117,0.0,4.465661066878283,38.28361020465945
2261,2025,M,3,-21.02862264890541,-6.809999999999945,14.218622648905466,14.218622648905466,0.0,51.3731579427656,37.154535293860135
1656,2025,M,5,17.13640574424994,-14.335799109494928,-31.47220485374487,-31.47220485374487,0.0,4.363476277945438,35.83568113169031
27212,2025,M,2,30.220827752004425,72.89999999999986,42.67917224799544,42.67917224799544,0.0,52.729829321762054,10.050657073766615
2275,2025,M,4,5.0893677253941405,16.5,11.41063227460586,11.41063227460586,0.0,50.78201249417839,39.37138021957253
1663,2025,M,5,-74.53789827168293,-111.14538531419089,-36.607487042507955,-36.607487042507955,0.0,4.780018635739452,41.38750567824741
27996,2025,M,2,107.47912444382723,149.39999999999986,41.92087555617263,41.92087555617263,0.0,52.47103723694772,10.55016168077509
28536,2025,M,2,-91.6639062082645,-121.56999999999994,-29.90609379173543,-29.90609379173543,0.0,10.556405488362543,40.46249928009797
28411,2025,M,3,34.90360075528565,52.090000000000146,17.186399244714494,17.186399244714494,0.0,57.281396586276514,40.09499734156202
26865,2025,M,3,42.348842349538245,36.429673162115705,-5.91916918742254,-5.91916918742254,0.0,4.816433578704164,10.735602766126704
2268,2025,M,3,-18.758293214482592,1.3300000000001546,20.088293214482746,20.088293214482746,0.0,56.627943733903294,36.53965051942055
2260,2025,M,3,9.953504007842412,31.90000000000009,21.94649599215768,21.94649599215768,0.0,59.947000207714154,38.000504215556475
2263,2025,M,3,-21.79449064524306,-1.5199999999999818,20.274490645243077,20.274490645243077,0.0,57.33324323458805,37.05875258934498
19502,2025,M,3,0.045023572536365464,21.65000000000009,21.604976427463725,21.604976427463725,0.0,59.628923962307226,38.0239475348435
11367,2025,M,2,266.5074085340643,310.79999999999995,44.29259146593563,44.29259146593563,0.0,54.21712362643257,9.924532160496938
2783,2025,M,5,67.06890398801465,70.58999999999992,3.5210960119852643,3.5210960119852643,0.0,41.42581752302658,37.904721511041316
27215,2025,M,4,-65.02003524707402,-64.56999999999994,0.4500352470740836,0.4500352470740836,0.0,40.28961204326242,39.83957679618834
1631,2025,M,4,87.82971144228259,91.93000000000006,4.100288557717477,4.100288557717477,0.0,43.61389158096404,39.51360302324656
1632,2025,M,5,-31.199936004009032,-29.86999999999989,1.3299360040091415,1.3299360040091415,0.0,42.529225318838826,41.199289314829684
1625,2025,M,4,16.44678003220247,18.79000000000019,2.3432199677977223,2.3432199677977223,0.0,40.971335331121054,38.62811536332333
26867,2025,F,5,47.6307683892021,26.048898958355267,-21.581869430846837,-21.581869430846837,0.0,11.19741740722975,32.77928683807659
7971,2025,F,3,53.10871458515635,38.809999999999945,-14.298714585156404,-14.298714585156404,0.0,20.85488644856673,35.153601033723135
3379,2025,F,5,-12.430855724221146,-37.186030511225454,-24.755174787004307,-24.755174787004307,0.0,12.108400953805358,36.863575740809665
28244,2025,F,3,-75.5023638034113,-93.10000000000014,-17.597636196588837,-17.597636196588837,0.0,21.45806465387591,39.055700850464746
3371,2025,F,3,-61.41780855933439,-63.51470249886552,-2.096893939531128,-2.096893939531128,0.0,35.86697374560231,37.96386768513344
3407,2025,M,4,-34.06184205595059,-60.99788000968147,-26.936037953730875,-26.936037953730875,0.0,12.620879392769439,39.55691734650031
7965,2025,M,3,42.46561385306859,28.799999999999955,-13.665613853068635,-13.665613853068635,0.0,27.61025697143168,41.275870824500316
1954,2024,F,3,10.367808353819555,25.660000000000082,15.292191646180527,15.292191646180527,0.0,23.553813557000012,8.261621910819485
19456,2024,F,2,87.02537057127097,100.08999999999992,13.06462942872895,13.06462942872895,0.0,23.63865886243684,10.574029433707892
19458,2024,F,2,78.46361609573887,91.50999999999999,13.04638390426112,13.04638390426112,0.0,23.717537345364235,10.671153441103115
19459,2024,F,3,-34.014630597000405,-18.799999999999955,15.21463059700045,15.21463059700045,0.0,23.791613263833142,8.576982666832691
19366,2024,F,3,-45.29203184346193,-24.54787952407969,20.744152319382238,20.744152319382238,0.0,41.421536528347815,20.677384208965577
18922,2024,F,3,100.38192847018672,134.0999999999999,33.71807152981319,33.71807152981319,0.0,39.96110281444112,6.243031284627932
19367,2024,F,2,120.29956092275825,141.10000000000014,20.80043907724189,20.80043907724189,0.0,27.396841083405207,6.596402006163316
18763,2024,F,3,-27.255609098799596,-3.9968806464398767,23.25872845235972,23.25872845235972,0.0,45.77793950805312,22.519211055693404
18954,2024,F,2,-10.42852458668358,9.200000000000273,19.628524586683852,19.628524586683852,0.0,55.49415606789489,35.86563148121104
18768,2024,F,2,235.7030365929768,270.40359643754937,34.70055984457258,34.70055984457258,0.0,71.09506829994871,36.394508455376126
652,2024,F,2,312.74950840746305,343.9999999999998,31.25049159253672,31.25049159253672,0.0,40.36193061300719,9.11143902047047
19376,2024,M,2,82.47271610238613,111.70000000000005,29.227283897613916,29.227283897613916,0.0,36.542589348828415,7.315305451214499
712,2024,M,2,37.99118491248032,65.0,27.00881508751968,27.00881508751968,0.0,64.15913395611233,37.15031886859265
19380,2024,M,2,120.5513406890459,150.79999999999995,30.248659310954054,30.248659310954054,0.0,37.62115368424634,7.372494373292284
18970,2024,M,2,-93.00131692493528,-69.60000000000014,23.401316924935145,23.401316924935145,0.0,62.119702404250575,38.71838547931543
18745,2024,M,3,-21.02506366728153,20.749095283210636,41.774158950492165,41.774158950492165,0.0,60.02385964649602,18.249700696003856
18986,2024,M,2,4.221274988377445,31.399999999999864,27.17872501162242,27.17872501162242,0.0,66.32646206292134,39.14773705129892
19010,2024,M,2,181.39026808149492,215.69999999999982,34.309731918504895,34.309731918504895,0.0,74.5982581707267,40.2885262522218
19388,2024,M,2,29.048058491592656,50.53613760935059,21.488079117757934,21.488079117757934,0.0,40.53535155205782,19.047272434299884
734,2024,M,3,152.99266451701806,214.20000000000005,61.20733548298199,61.20733548298199,0.0,69.122902953525,7.91556747054301
4681,2024,F,3,309.32374065662725,330.1399999999999,20.81625934337262,20.81625934337262,0.0,62.684082846182264,41.86782350280964
1597,2024,M,2,51.26183205782377,74.23243519041034,22.970603132586575,22.970603132586575,0.0,42.941379684913045,19.97077655232647
1558,2024,M,4,-66.95467860539384,-34.61336066884883,32.34131793654501,32.34131793654501,0.0,48.99587515595795,16.654557219412936
11458,2024,F,4,-66.91584574041394,-41.799999999999955,25.115845740413988,25.115845740413988,0.0,49.16031965355364,24.044473913139655
11470,2024,F,4,101.4256434531012,132.29999999999995,30.874356546898753,30.874356546898753,0.0,55.37928717172031,24.504930624821554
1514,2024,F,2,-439.855637181623,-411.4000000000001,28.455637181622933,28.455637181622933,0.0,80.46637884859547,52.010741666972535
19394,2024,M,2,124.81383111009654,160.9000000000001,36.08616888990355,36.08616888990355,0.0,44.98857776002296,8.902408870119416
771,2024,M,2,286.5026420397826,328.0999999999999,41.59735796021732,41.59735796021732,0.0,86.99039734602229,45.39303938580497
19397,2024,M,2,98.75488992311875,123.89295855048977,25.138068627371013,25.138068627371013,0.0,46.168776042432455,21.030707415061443
19012,2024,M,3,133.79949863991533,205.4000000000001,71.60050136008476,71.60050136008476,0.0,81.0898725002121,9.489371140127332
19018,2024,M,2,66.2973761952644,104.0,37.702623804735595,37.702623804735595,0.0,88.8742790337592,51.1716552290236
2007,2024,M,3,-26.384398372741998,-13.590000000000146,12.794398372741853,12.794398372741853,0.0,21.88033033036527,9.085931957623416
1991,2024,M,2,-23.192098211894745,-10.290000000000191,12.902098211894554,12.902098211894554,0.0,22.030380600083845,9.128282388189291
19403,2024,M,2,4.300846681968778,17.8599999999999,13.559153318031122,13.559153318031122,0.0,22.865660434850952,9.30650711681983
2871,2024,M,2,-2.5685161426686136,10.990000000000009,13.558516142668623,13.558516142668623,0.0,22.9332545087334,9.374738366064776
2003,2024,M,2,10.245800228419284,20.330000000000155,10.08419977158087,10.08419977158087,0.0,23.042433943081278,12.958234171500408
19404,2024,M,4,-18.445665229953192,-4.7999999999999545,13.645665229953238,13.645665229953238,0.0,23.239214153940793,9.593548923987555
4910,2024,M,4,-47.102375558798485,1.7999999999999545,48.90237555879844,48.90237555879844,0.0,58.515335096795525,9.612959537997085
19405,2024,M,2,-40.57898221782193,-30.649999999999864,9.928982217822067,9.928982217822067,0.0,23.645778932368785,13.716796714546717
1609,2024,M,4,-94.18863859361227,-54.34205875171392,39.84657984189835,39.84657984189835,0.0,60.54146757767762,20.694887735779275
11512,2024,M,3,-69.20990850482053,-27.960324321591543,41.24958418322899,41.24958418322899,0.0,62.24880850335762,20.999224320128633
2855,2024,M,4,-159.51485563883284,-133.79999999999995,25.714855638832887,25.714855638832887,0.0,35.60250477508248,9.887649136249593
11516,2024,M,2,-272.7856342468008,-257.6999999999998,15.085634246800964,15.085634246800964,0.0,65.91297855336461,50.827344306563646
1612,2024,M,4,-96.28332332030914,-52.12101203155498,44.162311288754154,44.162311288754154,0.0,66.9770607500036,22.81474946124945
11520,2024,M,3,-323.83340272883606,-309.2999999999997,14.533402728836336,14.533402728836336,0.0,67.58424889610751,53.050846167271175
11524,2024,M,2,-366.20581464937504,-351.0,15.205814649375043,15.205814649375043,0.0,72.54395404993147,57.33813940055643
11525,2024,M,3,-122.63814990768924,-73.7408736139273,48.897276293761934,48.897276293761934,0.0,74.39858318927054,25.501306895508606
19407,2024,M,3,-10.895771386980869,3.1399999999998727,14.035771386980741,14.035771386980741,0.0,23.822838250636778,9.787066863656037
415,2024,M,2,2.552669566457098,16.779999999999973,14.227330433542875,14.227330433542875,0.0,24.01204449550096,9.784714061958084
2020,2024,M,3,14.321624753958531,28.810000000000173,14.488375246041642,14.488375246041642,0.0,24.33543855299922,9.84706330695758
18786,2024,M,3,97.32836291438275,133.5,36.17163708561725,36.17163708561725,0.0,66.37651146393432,30.204874378317072
19409,2024,M,2,-229.58652509726767,-220.8800000000001,8.706525097267559,8.706525097267559,0.0,24.402746816844456,15.696221719576897
2032,2024,M,2,7.522018238458713,18.300000000000182,10.777981761541469,10.777981761541469,0.0,24.692558194929234,13.914576433387765
18784,2024,M,3,-17.31557661695024,15.600000000000136,32.915576616950375,32.915576616950375,0.0,64.04462475266268,31.12904813571231
2006,2024,M,2,-48.528062107832966,-37.84999999999991,10.678062107833057,10.678062107833057,0.0,25.522121828945046,14.84405972111199
19417,2024,M,3,9.280487017796304,24.600000000000136,15.319512982203833,15.319512982203833,0.0,25.790068739156823,10.47055575695299
19418,2024,M,2,31.138876751545467,42.590000000000146,11.451123248454678,11.451123248454678,0.0,25.79707108507705,14.345947836622372
2876,2024,M,3,-18.949466898381843,-3.6400000000001,15.309466898381743,15.309466898381743,0.0,26.055300454012013,10.74583355563027
4841,2024,M,3,-46.178950666105266,-30.899999999999864,15.278950666105402,15.278950666105402,0.0,26.275945803007517,10.996995136902115
19422,2024,M,3,61.98460062390609,78.1099999999999,16.12539937609381,16.12539937609381,0.0,26.624776953848595,10.499377577754785
38,2024,M,2,51.21445070455502,67.41999999999985,16.205549295444825,16.205549295444825,0.0,26.86785839079289,10.662309095348064
19425,2024,M,3,-77.45220756296726,-61.86999999999989,15.582207562967369,15.582207562967369,0.0,27.10093647642225,11.51872891345488
433,2024,M,3,101.15319113699388,117.81999999999994,16.666808863006054,16.666808863006054,0.0,27.147952227600626,10.481143364594573
2036,2024,M,2,-12.801836443188904,-0.9099999999998545,11.89183644318905,11.89183644318905,0.0,27.643403927709414,15.751567484520365
52,2024,M,2,-196.14079109957083,-200.84804133048442,-4.707250230913587,-4.707250230913587,0.0,28.08240814540045,32.78965837631404
19429,2024,M,2,127.79282647040941,128.06231260954814,0.26948613913873487,0.26948613913873487,0.0,28.124850935977975,27.85536479683924
19430,2024,M,2,-84.5875905304049,-73.05999999999995,11.52759053040495,11.52759053040495,0.0,28.16143462078594,16.63384409038099
35,2024,M,4,58.36774654572173,75.42000000000007,17.052253454278343,17.052253454278343,0.0,28.22688511938668,11.174631665108336
19431,2024,M,2,22.921580177034457,35.38000000000011,12.458419822965652,12.458419822965652,0.0,28.273472155509126,15.815052332543473
2029,2024,M,3,137.9013073055812,155.6400000000001,17.738692694418887,17.738692694418887,0.0,28.59157872731248,10.852886032893593
19432,2024,M,2,203.48409150249222,204.8758208274935,1.391729325001279,1.391729325001279,0.0,28.80908016589501,27.417350840893732
2034,2024,M,2,18.618765585624715,31.299999999999955,12.68123441437524,12.68123441437524,0.0,28.868242843669805,16.187008429294565
2037,2024,M,2,6.884464593323628,24.15000000000009,17.265535406676463,17.265535406676463,0.0,29.101892549374497,11.836357142698034
18789,2024,M,2,-51.60999898618047,-7.880000000000109,43.72999898618036,43.72999898618036,0.0,73.01809677502456,29.288097788844198
50,2024,M,2,213.1613461020611,214.61425493788784,1.4529088358267472,1.4529088358267472,0.0,30.262281301865187,28.80937246603844
2040,2024,M,2,40.09133540933772,53.57999999999993,13.48866459066221,13.48866459066221,0.0,30.322730124808913,16.834065534146703
19436,2024,M,2,51.165449262885204,69.44999999999982,18.284550737114614,18.284550737114614,0.0,30.380892467452213,12.096341730337599
2883,2024,M,3,-79.59800617455676,-61.79999999999973,17.79800617455703,17.79800617455703,0.0,30.866055006208626,13.068048831651595
19437,2024,M,3,-97.04374882758657,-79.34000000000015,17.703748827586423,17.703748827586423,0.0,30.881202938199294,13.17745411061287
19438,2024,M,2,40.33863745322196,54.42000000000007,14.08136254677811,14.08136254677811,0.0,31.683757523665918,17.60239497688781
19439,2024,M,2,-9.891793929299183,9.199999999999818,19.091793929299,19.091793929299,0.0,32.35512530189226,13.263331372593257
2877,2024,M,3,-83.28037973077335,-64.05999999999995,19.220379730773402,19.220379730773402,0.0,33.306015296851456,14.085635566078054
19440,2024,M,2,-789.3430243795365,-773.48,15.863024379536455,15.863024379536455,0.0,34.691908168976624,18.82888378944017
19442,2024,M,3,-122.56114379594783,-102.05999999999995,20.501143795947883,20.501143795947883,0.0,35.86258608281878,15.361442286870897
19446,2024,F,2,-100.62339100426061,-87.6099999999999,13.013391004260711,13.013391004260711,0.0,20.925937604559067,7.912546600298356
19447,2024,F,3,-60.81242275935074,-47.51999999999998,13.292422759350757,13.292422759350757,0.0,21.03639658710904,7.743973827758282
64,2024,F,3,19.800566905154483,33.8900000000001,14.089433094845617,14.089433094845617,0.0,21.618671144660766,7.529238049815149
19448,2024,F,2,-29.466970403345613,-18.200000000000045,11.266970403345567,11.266970403345567,0.0,21.771625546057066,10.5046551427115
297,2024,F,2,-86.79190066951969,-73.07999999999993,13.711900669519764,13.711900669519764,0.0,21.894163705881965,8.182263036362201
1935,2024,F,2,-61.61372216208861,-47.75999999999999,13.853722162088616,13.853722162088616,0.0,21.910463318590246,8.05674115650163
19449,2024,F,3,-32.87975629244556,-18.730000000000018,14.149756292445545,14.149756292445545,0.0,22.136474912661242,7.986718620215697
19450,2024,F,2,17.332688479469653,31.839999999999918,14.507311520530266,14.507311520530266,0.0,22.284481217342545,7.77716969681228
1937,2024,F,3,56.33040566486261,71.33000000000015,14.999594335137544,14.999594335137544,0.0,22.73111971200069,7.7315253768631464
19454,2024,F,3,-49.831486443719996,-35.069999999999936,14.76148644372006,14.76148644372006,0.0,23.21865277068582,8.457166326965762
1962,2024,F,2,-70.22413459032123,-57.940000000000055,12.284134590321173,12.284134590321173,0.0,24.242181129412074,11.958046539090901
19462,2024,F,2,-3.7096622457488593,12.019999999999982,15.729662245748841,15.729662245748841,0.0,24.34347157981324,8.613809334064399
19463,2024,F,2,-42.695388218169455,-27.090000000000146,15.60538821816931,15.60538821816931,0.0,24.46557314286906,8.860184924699752
19465,2024,F,3,5.521968664940232,21.559999999999945,16.038031335059713,16.038031335059713,0.0,24.74572273629269,8.707691401232978
18037,2024,F,2,8.330259069194199,21.799999999999955,13.469740930805756,13.469740930805756,0.0,25.4506809859256,11.980940055119845
18740,2024,F,2,205.36047487020573,248.7099999999998,43.349525129794074,43.349525129794074,0.0,69.20172961091748,25.852204481123408
11384,2024,M,2,-29.15802806371744,5.119999999999891,34.27802806371733,34.27802806371733,0.0,41.88858794984549,7.610559886128158
1961,2024,F,3,-97.42092987884075,-80.93000000000006,16.49092987884069,16.49092987884069,0.0,26.275412282513344,9.784482403672655
19468,2024,F,3,27.95655414234193,45.12999999999988,17.173445857657953,17.173445857657953,0.0,26.31994515294855,9.146499295290596
19469,2024,F,3,152.89429410730395,170.7199999999998,17.82570589269585,17.82570589269585,0.0,26.321254943255326,8.495549050559475
1983,2024,F,3,-19.409427874765925,-1.6400000000001,17.769427874765825,17.769427874765825,0.0,27.622895443816333,9.853467569050508
19473,2024,F,2,156.16246226264866,158.81999999999994,2.6575377373512765,2.6575377373512765,0.0,27.633955895297277,24.976418157946
18741,2024,F,3,214.2024046821898,280.5,66.29759531781019,66.29759531781019,0.0,76.4461949101692,10.148599592359005
2316,2024,M,3,157.88213150515003,184.20491485923276,26.32278335408273,26.32278335408273,0.0,29.194919892418056,2.872136538335326
2299,2024,F,3,-28.921175194211173,-16.800000000000182,12.121175194210991,12.121175194210991,0.0,22.13456577764191,10.013390583430919
19477,2024,F,2,29.14511298984621,41.682028242602655,12.536915252756444,12.536915252756444,0.0,22.78558241816063,10.248667165404186
11417,2024,M,2,18.278933070247604,29.579999999999927,11.301066929752324,11.301066929752324,0.0,53.025013371736804,41.72394644198448
19485,2024,M,2,3.984664242853569,27.40000000000009,23.415335757146522,23.415335757146522,0.0,30.19067138595142,6.775335628804896
1702,2024,M,2,-4.034875138824873,21.700000000000045,25.73487513882492,25.73487513882492,0.0,33.229727205865174,7.494852067040256
19488,2024,M,2,-52.644171260521034,-25.90000000000009,26.744171260520943,26.744171260520943,0.0,34.8113558733171,8.067184612796154
19489,2024,M,2,-36.24295859242511,-8.200000000000045,28.042958592425066,28.042958592425066,0.0,36.39298454076902,8.350025948343955
2323,2024,F,2,-41.35052660503652,-15.200000000000045,26.150526605036475,26.150526605036475,0.0,32.89487196498271,6.744345359946237
2263,2024,M,2,40.28492248287148,59.09999999999991,18.81507751712843,18.81507751712843,0.0,27.987303654376547,9.172226137248117
1056,2024,F,2,-29.762738416221737,-0.40000000000009095,29.362738416221646,29.362738416221646,0.0,36.84234441996773,7.479606003746085
26627,2024,M,3,-26.661390875802454,4.919999999999845,31.5813908758023,31.5813908758023,0.0,38.59213206757886,7.01074119177656
23523,2024,F,3,21.324965844103417,32.69999999999982,11.375034155896401,11.375034155896401,0.0,20.17696329216551,8.80192913626911
19479,2024,M,2,-48.26874933527006,-22.59999999999991,25.66874933527015,25.66874933527015,0.0,33.3985636403047,7.729814305034552
1703,2024,M,3,-8.380258486269668,17.799999999999955,26.180258486269622,26.180258486269622,0.0,33.82938764542678,7.649129159157155
19482,2024,M,2,-101.24960024611983,-112.02999999999997,-10.780399753880147,-10.780399753880147,0.0,36.90143449275979,47.68183424663994
1701,2024,M,2,-40.22005819351057,-16.59999999999991,23.62005819351066,23.62005819351066,0.0,30.708824581300405,7.088766387789747
19487,2024,M,2,-0.5847992566964422,25.0,25.584799256696442,25.584799256696442,0.0,33.016255851975984,7.431456595279542
3097,2024,F,2,-547.3195893383327,-526.9000000000001,20.41958933833257,20.41958933833257,0.0,28.565386046612275,8.145796708279704
19490,2024,F,2,-48.59111172063376,-24.700000000000045,23.891111720633717,23.891111720633717,0.0,30.113199217226338,6.222087496592621
19491,2024,F,2,-56.845940668819594,-32.700000000000045,24.14594066881955,24.14594066881955,0.0,30.477648843214865,6.331708174395317
1381,2024,M,3,302.07325853191105,351.15999999999985,49.0867414680888,49.0867414680888,0.0,58.12126118145761,9.034519713368809
3789,2024,M,3,-39.23350608675696,-15.400000000000091,23.83350608675687,23.83350608675687,0.0,30.978574746669665,7.145068659912795
3787,2024,M,3,-32.372499647697396,-7.400000000000091,24.972499647697305,24.972499647697305,0.0,32.40883281772744,7.436333170030139
4397,2024,M,2,0.47062973999891256,26.199999999999818,25.729370260000906,25.729370260000906,0.0,33.19673617844569,7.467365918444784
19496,2024,M,2,-2.4922668381020685,24.200000000000045,26.692266838102114,26.692266838102114,0.0,34.456217166392435,7.763950328290321
19497,2024,M,2,81.05948120539733,104.60000000000014,23.540518794602804,23.540518794602804,0.0,39.07884230242985,15.538323507827045
19498,2024,M,2,55.75635180889867,99.09999999999991,43.34364819110124,43.34364819110124,0.0,55.60734703947037,12.263698848369131
1049,2024,F,2,35.72869136979807,62.399999999999864,26.671308630201793,26.671308630201793,0.0,33.1144199324458,6.443111302244006
1078,2024,F,2,12.762039182439594,43.600000000000136,30.837960817560543,30.837960817560543,0.0,38.44724006212232,7.609279244561776
1108,2024,F,2,17.846745994463163,49.399999999999864,31.5532540055367,31.5532540055367,0.0,39.31225905392671,7.759005048390009
3115,2024,F,2,-66.2189502756678,-37.90000000000009,28.318950275667703,28.318950275667703,0.0,35.74240910297817,7.423458827310469
1116,2024,F,2,-32.7685035800348,-1.6000000000001364,31.168503580034667,31.168503580034667,0.0,39.11466588320991,7.946162303175242
2051,2024,M,2,-42.71351775075209,-37.90000000000009,4.813517750751998,4.813517750751998,0.0,18.161549984477006,13.348032233725007
406,2024,F,2,-55.44133687619069,-53.100000000000136,2.341336876190553,2.341336876190553,0.0,10.370069018177901,8.028732141987348
21215,2024,F,2,-21.240771567075626,-18.700000000000045,2.5407715670755806,2.5407715670755806,0.0,10.453318167373936,7.912546600298356
21217,2024,F,2,8.295725750471775,11.0,2.7042742495282255,2.7042742495282255,0.0,10.490780284512084,7.786506034983859
1957,2024,F,2,44.517349994210235,47.600000000000136,3.082650005789901,3.082650005789901,0.0,11.237941398545672,8.155291392755771
21224,2024,F,2,59.66789043897688,63.09999999999991,3.432109561023026,3.432109561023026,0.0,12.304224251164214,8.872114690141188
3755,2024,F,2,-74.06650665296843,-71.30000000000018,2.7665066529682463,2.7665066529682463,0.0,12.429097974958268,9.662591321990021
2210,2024,M,2,-11.16718769125464,7.580664698931059,18.7478523901857,18.7478523901857,0.0,27.683765930728214,8.935913540542515
2214,2024,M,3,-0.1829322350606617,19.03383827813218,19.21677051319284,19.21677051319284,0.0,28.284579456547817,9.067808943354976
19534,2024,M,2,-20.762023726345433,-1.2709967499001777,19.491026976445255,19.491026976445255,0.0,28.85560057612838,9.364573599683126
19536,2024,M,3,-9.356697187120062,10.272701954800596,19.629399141920658,19.629399141920658,0.0,28.966494532684465,9.337095390763807
3399,2024,M,3,-39.562913917192645,-20.011593602342828,19.551320314849818,19.551320314849818,0.0,29.097250093399907,9.54592977855009
19538,2024,M,2,-31.40189296805397,-11.709886290409031,19.69200667764494,19.69200667764494,0.0,29.23793645619503,9.54592977855009
19539,2024,M,2,104.34372186625137,124.88482245606383,20.54110058981246,20.54110058981246,0.0,29.38358822002965,8.842487630217192
4138,2024,M,2,14.255116831307987,34.32650107722111,20.071384245913123,20.071384245913123,0.0,29.42496656202843,9.353582316115308
19542,2024,M,2,7.833954748333554,28.050911397472873,20.21695664913932,20.21695664913932,0.0,29.69144308449927,9.47448643535995
19543,2024,M,3,28.194322448182902,48.89040061736091,20.69607816917801,20.69607816917801,0.0,30.231016664160506,9.534938494982498
19363,2024,M,2,136.15251524618134,142.54692506509878,6.394409818917438,6.394409818917438,0.0,36.65190862195686,30.257498803039425
1987,2024,F,2,-110.18630549499062,-107.29999999999995,2.8863054949906655,2.8863054949906655,0.0,13.643841810309368,10.757536315318703
25549,2024,M,3,49.311919219141146,69.30038344503555,19.988464225894404,19.988464225894404,0.0,29.01780367676247,9.029339450868065
1428,2024,M,2,51.184526739109515,61.79999999999973,10.615473260890212,10.615473260890212,0.0,22.71292524275441,12.097451981864197
19548,2024,M,2,29.378212036918285,50.40920691247584,21.030994875557553,21.030994875557553,0.0,30.714315698704013,9.68332082314646
19551,2024,M,3,16.009800903414316,37.07825425225769,21.068453348843377,21.068453348843377,0.0,30.878173933018388,9.809720584175011
3914,2024,M,2,65.71524945382976,70.84103413219168,5.125784678361924,5.125784678361924,0.0,36.15954117729484,31.033756498932917
19402,2024,M,2,-10.740547982771432,-1.3599999999999,9.380547982771532,9.380547982771532,0.0,21.817880837158782,12.43733285438725
1698,2024,M,2,22.669091322367876,32.90000000000009,10.230908677632215,10.230908677632215,0.0,22.149700693625164,11.918792015992949
1617,2024,F,2,46.207967989676945,62.42257731999348,16.214609330316534,16.214609330316534,0.0,23.669890619061107,7.4552812887445725
19360,2024,F,3,89.58441011127798,112.0,22.415589888722025,22.415589888722025,0.0,30.42739993590203,8.011810047180006
19510,2024,F,2,137.43514051724583,156.91309404375284,19.477953526507008,19.477953526507008,0.0,26.70325589031222,7.225302363805213
19511,2024,F,2,133.0449378951605,152.27585844211103,19.23092054695053,19.23092054695053,0.0,27.430076908851333,8.199156361900805
1621,2024,F,3,-157.51396312702627,-139.56417462735817,17.949788499668102,17.949788499668102,0.0,27.917714479963024,9.967925980294922
4520,2024,F,2,105.73000946857542,125.76215046136781,20.032140992792392,20.032140992792392,0.0,28.842927970399614,8.810786977607222
19514,2024,F,2,154.69391907382396,175.0798607937445,20.385941719920538,20.385941719920538,0.0,28.965300896990357,8.579359177069819
2243,2024,F,2,219.8010136756434,240.62145033329307,20.82043665764968,20.82043665764968,0.0,29.074694876821468,8.254258219171788
19516,2024,F,2,122.99206896916803,143.65989081874181,20.667821849573784,20.667821849573784,0.0,29.643914398993502,8.976092549419718
19518,2024,F,3,155.42175632056,176.5042778261177,21.08252150555768,21.08252150555768,0.0,29.99249182625249,8.90997032069481
2244,2024,F,2,134.97355127572496,155.94777542201928,20.97422414629432,20.97422414629432,0.0,29.99990836725783,9.025684220963512
19522,2024,F,2,126.75660542174933,148.09282948800046,21.336224066251134,21.336224066251134,0.0,30.60435645920643,9.268132392955295
19361,2024,F,3,349.96315352707006,381.3000000000002,31.33684647293012,31.33684647293012,0.0,40.808855737787326,9.472009264857206
2207,2024,F,3,229.26382143671253,253.346906902128,24.08308546541548,24.08308546541548,0.0,33.83611420235411,9.753028736938631
19525,2024,F,2,197.68736352661085,221.66674764372578,23.979384117114932,23.979384117114932,0.0,33.941799911682665,9.962415794567733
19528,2024,M,3,14.872945771341392,33.18441795824924,18.31147218690785,18.31147218690785,0.0,26.8297169518778,8.51824476496995
19529,2024,M,2,6.263610221110184,24.741175479042795,18.47756525793261,18.47756525793261,0.0,27.144192351066522,8.666627093133911
2217,2024,M,3,-3.5121509201012486,15.181290242150908,18.693441162252157,18.693441162252157,0.0,27.54142443425303,8.847983272000874
4468,2024,M,2,7.47109699115299,29.300931396735223,21.829834405582233,21.829834405582233,0.0,32.06821504889763,10.238380643315395
19554,2024,M,2,69.22637921172054,91.39859854158135,22.17221932986081,22.17221932986081,0.0,32.06987018257746,9.897650852716652
1641,2024,M,3,147.41386466011068,174.5999999999999,27.186135339889233,27.186135339889233,0.0,36.8914387301711,9.70530339028187
19556,2024,M,2,-17.872891415989216,3.9743316752148985,21.847223091204114,21.847223091204114,0.0,32.2999337640897,10.452710672885587
19558,2024,M,2,113.49505708789525,136.39547082548302,22.90041373758777,22.90041373758777,0.0,32.78157766495292,9.88116392736515
19559,2024,M,2,-141.75405158164153,-111.58680464811664,30.167246933524893,30.167246933524893,0.0,32.98184884022612,2.8146019067012276
162,2024,M,2,75.26853893566613,98.36030868045259,23.09176974478646,23.09176974478646,0.0,33.374115522372676,10.282345777586215
19561,2024,M,2,89.62881563557244,113.01473334609273,23.38591771052029,23.38591771052029,0.0,33.690246055241914,10.304328344721625
2219,2024,M,2,110.35444798642493,134.00446361064837,23.650015624223443,23.650015624223443,0.0,33.91037883467425,10.260363210450805
2277,2024,M,2,-33.65665993258426,-10.800202099659145,22.856457832925116,22.856457832925116,0.0,33.91368910203437,11.057231269109252
1646,2024,M,3,439.1485591125486,473.5999999999999,34.45144088745133,34.45144088745133,0.0,44.79973436644377,10.348293478992446
4044,2024,M,2,-20.547953816602785,3.8507562144327494,24.398710031035534,24.398710031035534,0.0,36.07694882172018,11.678238790684645
4136,2024,M,2,77.13142143306686,102.25883654860854,25.12741511554168,25.12741511554168,0.0,36.355011279950304,11.227596164408624
19569,2024,M,2,165.05172389233167,192.45192970935204,27.400205817020378,27.400205817020378,0.0,38.98501869737947,11.584812880359095
2227,2024,M,2,-351.9820321038037,-323.8965640248557,28.085468078947997,28.085468078947997,0.0,44.19868978920067,16.113221710252674
2285,2024,M,2,52.27804824901091,76.12668452963112,23.848636280620212,23.848636280620212,0.0,34.67505059480777,10.82641431418756
21233,2024,M,2,48.27142629583204,52.600000000000136,4.328573704168093,4.328573704168093,0.0,14.4932652403686,10.164691536200507
2038,2024,M,2,-99.76786570024387,-96.29999999999995,3.4678657002439195,3.4678657002439195,0.0,14.547797097003922,11.079931396760003
21234,2024,M,2,-109.01995004146738,-102.79999999999995,6.219950041467428,6.219950041467428,0.0,14.661744260122532,8.441794218655104
18769,2024,M,3,35.189942211917014,29.950000000000045,-5.2399422119169685,-5.2399422119169685,0.0,3.509119507974674,8.749061719891642
19581,2024,M,2,-51.613473547988406,-21.40000000000009,30.213473547988315,30.213473547988315,0.0,40.67717550444172,10.463701956453406
18778,2024,F,2,120.67249700742082,83.91913805448326,-36.75335895293756,-36.75335895293756,0.0,5.2839115708898134,42.037270523827374
21237,2024,M,2,93.43031466351454,98.20000000000005,4.769685336485509,4.769685336485509,0.0,15.11671900428837,10.347033667802862
21239,2024,M,2,0.9604882517305668,5.5,4.539511748269433,4.539511748269433,0.0,16.252935002241884,11.71342325397245
18779,2024,F,3,200.8173316480361,195.82149822408837,-4.995833423947715,-4.995833423947715,0.0,7.176166847180866,12.172000271128582
19595,2024,F,3,21.930793970156856,53.90000000000009,31.969206029843235,31.969206029843235,0.0,40.32264759210261,8.353441562259377
246,2024,F,3,126.49593652994258,160.0,33.50406347005742,33.50406347005742,0.0,41.532404074418764,8.028340604361347
2188,2024,F,3,65.96247887812297,99.90000000000009,33.937521121877126,33.937521121877126,0.0,42.505859927492565,8.56833880561544
3364,2024,F,2,148.3728076293453,184.4000000000001,36.0271923706548,36.0271923706548,0.0,44.57349043336194,8.546298062707137
19597,2024,F,3,112.57292808427792,158.9000000000001,46.32707191572217,46.32707191572217,0.0,57.865400828236034,11.538328912513862
2198,2024,M,3,20.50456451180321,57.299999999999955,36.795435488196745,36.795435488196745,0.0,45.49503643203366,8.699600943836913
19598,2024,M,2,3.000012645107745,24.574318703930885,21.57430605882314,21.57430605882314,0.0,46.68212876836901,25.10782270954587
19600,2024,M,3,-44.27344250948272,-5.2999999999999545,38.973442509482766,38.973442509482766,0.0,48.640276407277725,9.666833897794959
147,2024,M,2,48.359132460437195,88.90000000000009,40.540867539562896,40.540867539562896,0.0,49.949406273516615,9.40853873395372
4332,2024,M,3,79.80450072259646,116.5,36.69549927740354,36.69549927740354,0.0,45.093404323301,8.39790504589746
19365,2024,M,2,28.791494452873167,37.09999999999991,8.308505547126742,8.308505547126742,0.0,18.87662469747329,10.568119150346547
1810,2024,M,4,5.46932180496492,63.50999999999999,58.04067819503507,58.04067819503507,0.0,59.9581485283511,1.9174703333160323
5583,2024,M,2,3.661440293612486,50.55000000000018,46.888559706387696,46.888559706387696,0.0,68.63105232504267,21.74249261865498
1530,2024,M,5,-49.86596200371173,10.988245925094361,60.85420792880609,60.85420792880609,0.0,77.20442856386899,16.350220635062897
27641,2025,F,4,34.449560783358265,36.177078618344694,1.727517834986429,1.727517834986429,0.0,5.097890497519074,3.3703726625326453
228,2024,M,2,816.9608188661709,932.5,115.53918113382906,115.53918113382906,0.0,129.51952882391697,13.98034769008791
91,2024,M,4,-234.9184749757144,-228.79999999999995,6.1184749757144345,6.1184749757144345,0.0,13.868035218319164,7.74956024260473
2946,2024,M,4,-37.871688200347535,-31.200000000000045,6.671688200347489,6.671688200347489,0.0,13.296374412708474,6.624686212360984
2945,2024,M,3,-68.39567211129497,-40.5,27.89567211129497,27.89567211129497,0.0,34.724530664761915,6.828858553466944
20488,2024,M,3,-25.606607538976277,3.2000000000000455,28.806607538976323,28.806607538976323,0.0,35.6200568591521,6.813449320175778
5175,2024,M,3,-49.87632227062022,-21.0,28.87632227062022,28.87632227062022,0.0,35.8344471700284,6.958124899408176
20489,2024,M,3,-36.33063846576238,-7.2999999999999545,29.030638465762422,29.030638465762422,0.0,35.95280848749144,6.922170021729016
2952,2024,M,3,-46.18978220469512,-17.09999999999991,29.08978220469521,29.08978220469521,0.0,36.07786950216928,6.988087297474067
18780,2024,M,4,34.70740094111375,42.399999999999864,7.692599058886117,7.692599058886117,0.0,14.675549945262901,6.982950886376784
18781,2024,M,4,98.98277563051624,107.20000000000005,8.217224369483802,8.217224369483802,0.0,15.158655932826605,6.941431563342803
20491,2024,M,2,-105.17366052091506,-70.79999999999995,34.37366052091511,34.37366052091511,0.0,36.81036973099708,2.436709210081972
20492,2024,M,3,-63.36679465258271,-33.69999999999982,29.666794652582894,29.666794652582894,0.0,36.879599935550914,7.21280528296802
2968,2024,M,2,6.236000046438221,43.299999999999955,37.06399995356173,37.06399995356173,0.0,39.51034770859678,2.446347755035049
20493,2024,M,2,-63.50061843913227,-26.5,37.00061843913227,37.00061843913227,0.0,39.5483126594811,2.5476942203488306
20494,2024,M,3,-97.46228166235824,-65.5,31.962281662358237,31.962281662358237,0.0,39.88776398503546,7.925482322677226
4637,2024,M,3,20.082719809221544,53.59999999999991,33.517280190778365,33.517280190778365,0.0,41.1808055475085,7.663525356730133
2991,2024,M,2,23.94083514189515,75.0,51.05916485810485,51.05916485810485,0.0,54.406007849696834,3.346842991591984
20495,2024,F,3,-3.371394739687048,11.900000000000091,15.271394739687139,15.271394739687139,0.0,24.38009170459327,9.10869696490613
20496,2024,F,3,-0.09419007907217747,15.700000000000045,15.794190079072223,15.794190079072223,0.0,25.1777564479562,9.383566368883976
2928,2024,F,3,15.975927629391435,32.700000000000045,16.72407237060861,16.72407237060861,0.0,26.484990316311723,9.760917945703113
2925,2024,F,4,41.20100674595233,46.852963385882276,5.651956639929949,5.651956639929949,0.0,15.398622098019132,9.746665458089183
2929,2024,F,2,-11.678319621661103,-23.704603301030147,-12.026283679369044,-12.026283679369044,0.0,15.80195245759478,27.828236136963824
4631,2024,F,3,2.6852123115693303,20.5,17.81478768843067,17.81478768843067,0.0,28.368415421408145,10.553627732977475
2934,2024,F,4,-54.689095556131406,-49.534078747665035,5.155016808466371,5.155016808466371,0.0,15.852526797353221,10.69750998888685
2932,2024,F,2,34.18840785499651,53.399999999999864,19.21159214500335,19.21159214500335,0.0,30.251840526504566,11.040248381501215
4252,2024,F,2,367.43289809021053,395.23254090957835,27.79964281936782,27.79964281936782,0.0,37.201175584755674,9.401532765387856
18746,2024,M,3,-17.7490000911248,-1.149973983546488,16.59902610757831,16.59902610757831,0.0,35.29998449761797,18.70095839003966
18747,2024,M,4,97.13407147180419,115.44202860967903,18.307957137874837,18.307957137874837,0.0,36.452714184103115,18.14475704622828
18766,2024,F,2,192.86854965909197,174.12125278280746,-18.74729687628451,-18.74729687628451,0.0,45.4203765215093,64.1676733977938
2492,2024,M,5,151.14762551202534,169.02241355213118,17.87478804010584,17.87478804010584,0.0,34.39291851480971,16.518130474703867
18748,2024,M,4,62.229245630758896,80.12157445841308,17.892328827654183,17.892328827654183,0.0,36.32043372827707,18.428104900622884
19019,2024,F,2,-123.75599665326422,-116.82327574500391,6.932720908260308,6.932720908260308,0.0,34.22917034765328,27.296449439392973
18767,2024,F,2,118.4934754672272,97.41049106730497,-21.082984399922225,-21.082984399922225,0.0,45.58426447803049,66.66724887795272
27047,2025,F,4,43.8623144640153,70.20000000000005,26.337685535984747,26.337685535984747,0.0,30.682338046523682,4.3446525105389355
27331,2025,F,4,-22.982902859442902,-0.06999999999993634,22.912902859442966,22.912902859442966,0.0,35.809621901119044,12.896719041676079
5924,2025,F,4,-92.88170675879906,-74.33287584965274,18.548830909146318,18.548830909146318,0.0,32.05069627191256,13.501865362766239
16156,2025,F,3,-261.77472669545045,-246.75803801244956,15.016688683000893,15.016688683000893,0.0,20.577733063518735,5.561044380517842
27858,2025,F,3,-12.489401715073427,9.400000000000091,21.889401715073518,21.889401715073518,0.0,26.620122412135743,4.730720697062225
2400,2025,F,3,15.401185788921794,31.582740446083108,16.181554657161314,16.181554657161314,0.0,20.979390876282878,4.797836219121564
27193,2025,F,3,50.76468428624389,67.1320535037994,16.367369217555506,16.367369217555506,0.0,21.079002013848594,4.711632796293088
22363,2025,F,3,6.724629946415234,14.480000000000018,7.755370053584784,7.755370053584784,0.0,12.596923722854626,4.841553669269842
592,2025,F,4,130.98661918260882,162.29999999999995,31.313380817391135,31.313380817391135,0.0,36.193726026933746,4.880345209542611
27346,2025,F,4,-154.1199434359903,-133.49176678546496,20.628176650525347,20.628176650525347,0.0,36.40758779637531,15.779411145849963
27347,2025,F,3,-6.105258998923318,-17.587590928464124,-11.482331929540806,-11.482331929540806,0.0,37.233894809635785,48.71622673917659
2406,2025,F,3,204.94456017181142,224.1208124226389,19.176252250827474,19.176252250827474,0.0,24.112321815841142,4.936069565013668
27349,2025,F,4,17.933273746171835,37.51254898041634,19.579275234244506,19.579275234244506,0.0,38.460835526294886,18.88156029205038
16159,2025,F,2,-9.31368079810386,21.62999999999988,30.943680798103742,30.943680798103742,0.0,50.13938758373183,19.19570678562809
27937,2025,F,2,-7.576344271466496,37.41000000000008,44.98634427146658,44.98634427146658,0.0,50.1708644158457,5.184520144379121
27196,2025,F,3,88.77773815034493,107.81640979894837,19.03867164860344,19.03867164860344,0.0,24.3999088097803,5.3612371611768594
11469,2025,F,2,200.0287731048859,197.59000000000015,-2.4387731048857404,-2.4387731048857404,0.0,49.827632263725036,52.266405368610776
27351,2025,F,3,-79.25094089717959,-93.4990094352795,-14.248068538099915,-14.248068538099915,0.0,39.11186529431802,53.35993383241794
27861,2025,F,3,-116.23625688236234,-92.09999999999991,24.13625688236243,24.13625688236243,0.0,29.736708541887538,5.600451659525106
27198,2025,F,3,157.9549609483015,178.59109729317515,20.63613634487365,20.63613634487365,0.0,26.19933581096234,5.56319946608869
27942,2025,F,2,31.538076264191204,81.52999999999997,49.99192373580877,49.99192373580877,0.0,55.61577346724425,5.6238497314354845
27199,2025,F,2,139.03394423732857,108.96745638498669,-30.06648785234188,-30.06648785234188,0.0,27.49910049306618,57.56558834540806
648,2025,F,3,-90.89119489051791,-59.200000000000045,31.691194890517863,31.691194890517863,0.0,37.438500238217784,5.747305347699921
660,2025,F,3,1664.4221448687354,1721.9,57.47785513126473,57.47785513126473,0.0,63.537032147982245,6.059177016717513
27201,2025,F,2,397.93579909864,366.9434753357891,-30.9923237628509,-30.9923237628509,0.0,34.484733172655524,65.47705693550643
16168,2025,F,2,194.49716833427783,165.25149042299017,-29.245677911287657,-29.245677911287657,0.0,28.17709888101126,57.42277679229892
27943,2025,F,2,51.63628468069942,104.75,53.11371531930058,53.11371531930058,0.0,59.02634651721041,5.912631197909832
27873,2025,F,3,65.07646256126463,95.90000000000009,30.823537438735457,30.823537438735457,0.0,37.17519035433406,6.351652915598606
2438,2025,M,3,1091.6530611213127,1135.4064780032008,43.75341688188814,43.75341688188814,0.0,48.210353601641145,4.456936719753003
27905,2025,M,3,-40.38038356693255,-1.3900000000001,38.99038356693245,38.99038356693245,0.0,43.52331190052132,4.53292833358887
11484,2025,M,3,-95.35369626683814,-60.559999999999945,34.7936962668382,34.7936962668382,0.0,43.60347796946007,8.809781702621876
2437,2025,M,3,1299.107033765003,1346.929173691603,47.8221399265999,47.8221399265999,0.0,52.333356370521415,4.511216443921512
27227,2025,M,4,-707.1684472185639,-674.0805809925994,33.08786622596449,33.08786622596449,0.0,41.728589714337886,8.640723488373396
504,2025,M,5,53.87014534811192,81.66600339529577,27.795858047183856,27.795858047183856,0.0,36.41772011026342,8.621862063079561
11483,2025,M,5,10.409220272697667,37.48400959162518,27.074789318927515,27.074789318927515,0.0,35.772150514982286,8.697361196054771
2553,2025,M,5,38.67798416142341,66.82246851618129,28.14448435475788,28.14448435475788,0.0,36.98734034139375,8.842855986635868
27175,2025,M,4,-24.02779865454022,12.099999999999909,36.12779865454013,36.12779865454013,0.0,40.87070381583362,4.742905161293493
26109,2025,M,3,-99.30399122726703,-44.32999999999993,54.973991227267106,54.973991227267106,0.0,63.96138023208982,8.987389004822717
539,2025,M,5,24.392984525409247,52.20258944364991,27.809604918240666,27.809604918240666,0.0,36.64556820271537,8.835963284474701
694,2025,M,4,40.076099737409095,62.90000000000009,22.823900262590996,22.823900262590996,0.0,27.435105672086365,4.611205409495369
3092,2025,M,4,16.210553000731352,23.11494602972607,6.904393028994718,6.904393028994718,0.0,36.26582138196159,29.36142835296687
507,2025,M,5,23.271761941381328,50.989296419472794,27.717534478091466,27.717534478091466,0.0,36.531644156489165,8.814109678397699
27906,2025,M,2,-50.06435502844147,-9.409999999999854,40.654355028441614,40.654355028441614,0.0,45.40611635525738,4.7517613268157675
677,2025,M,4,104.96894540712037,129.0999999999999,24.131054592879536,24.131054592879536,0.0,28.78968334033243,4.6586287474528945
5709,2025,M,2,-118.67711336287744,-78.03999999999996,40.63711336287747,40.63711336287747,0.0,45.60570790360862,4.9685945407311465
2896,2025,M,3,1166.4003016046686,1212.3030221829235,45.90272057825496,45.90272057825496,0.0,50.50678391878046,4.604063340525499
676,2025,M,3,78.56520684911925,101.79999999999995,23.234793150880705,23.234793150880705,0.0,27.798289539659436,4.563496388778731
706,2025,M,3,36.964791188782556,78.48000000000002,41.51520881121746,41.51520881121746,0.0,46.08670431724204,4.571495506024576
16114,2025,M,3,1265.1586764139454,1313.1062695690641,47.94759315511874,47.94759315511874,0.0,52.597651419808244,4.6500582646895054
16124,2025,M,3,1197.1859332835475,1243.4564870068475,46.270553723300054,46.270553723300054,0.0,50.83862103621914,4.568067312919084
530,2025,M,4,118.69475336575488,127.96503597554715,9.270282609792275,9.270282609792275,0.0,39.15189721968818,29.881614609895905
24596,2025,M,2,59.04120296083988,81.92000000000007,22.87879703916019,22.87879703916019,0.0,69.44869410069145,46.569897061531265
27382,2025,M,4,-43.643565809093616,-15.51106636293298,28.132499446160637,28.132499446160637,0.0,37.55696057252362,9.424461126362985
18991,2025,M,2,44.1787777624254,25.710000000000036,-18.46877776242536,-18.46877776242536,0.0,28.27435487958678,46.74313264201214
529,2025,M,4,4.377453539734461,33.11210573377571,28.734652194041246,28.734652194041246,0.0,38.0126567574282,9.278004563386958
27330,2025,M,4,-1.5669414139040327,27.02104836820604,28.58798978211007,28.58798978211007,0.0,37.8607580291266,9.27276824701653
674,2025,M,4,91.51955351122547,115.0,23.480446488774533,23.480446488774533,0.0,28.050227898246476,4.569781409471943
16118,2025,M,3,-74.33015647247976,-32.340000000000146,41.99015647247961,41.99015647247961,0.0,46.97017832356187,4.980021851082256
11485,2025,M,5,192.88859039200656,225.01654606934358,32.12795567733701,32.12795567733701,0.0,41.1645553696826,9.03659969234559
18974,2025,M,4,-3.331891607538182,57.1400000000001,60.47189160753828,60.47189160753828,0.0,69.70255559639168,9.230663988853394
1213,2025,M,3,-29.668331812859833,-16.100000000000136,13.568331812859697,13.568331812859697,0.0,18.45407835354399,4.885746540684295
27908,2025,M,2,9.152264906707387,52.27999999999997,43.127735093292586,43.127735093292586,0.0,47.970057854642164,4.842322761349578
11493,2025,M,3,-57.055589067504116,6.089999999999918,63.145589067504034,63.145589067504034,0.0,73.11601632319434,9.97042725569031
27021,2025,M,2,229.47053356152333,213.31999999999994,-16.15053356152339,-16.15053356152339,0.0,32.45096935667857,48.60150291820196
27880,2025,M,2,44.723140906570734,34.85844992719285,-9.864690979377883,-9.864690979377883,0.0,38.92404912723623,48.788740106614114
714,2025,M,3,52.31223758729402,50.899999999999864,-1.4122375872941575,-1.4122375872941575,0.0,29.66492374191671,31.077161329210867
27203,2025,M,3,1293.4148791763132,1342.8242640093272,49.40938483301397,49.40938483301397,0.0,54.236280725389406,4.826895892375433
4365,2025,M,3,-24.498000365972302,19.430000000000064,43.928000365972366,43.928000365972366,0.0,48.9680155963988,5.040015230426434
26995,2025,M,2,-72.28405945998657,-93.68000000000006,-21.3959405400135,-21.3959405400135,0.0,27.75739045547334,49.15333099548684
705,2025,M,4,183.51652047923585,208.70000000000005,25.183479520764195,25.183479520764195,0.0,29.789256957842554,4.605777437078359
3142,2025,M,3,2.6678084728134763,35.90000000000009,33.232191527186615,33.232191527186615,0.0,38.18621624721982,4.954024720033203
3141,2025,M,3,1314.1040051228035,1365.8641615929878,51.760156470184256,51.760156470184256,0.0,56.95558312138792,5.195426651203661
16123,2025,M,3,1190.9136961273505,1241.3929287702308,50.47923264288033,50.47923264288033,0.0,55.85435374935787,5.375121106477536
27009,2025,M,3,23.41853596931651,48.100000000000136,24.681464030683628,24.681464030683628,0.0,29.736906130084208,5.0554420994005795
24594,2025,M,3,1392.2026244427816,1444.3919277910911,52.18930334830952,52.18930334830952,0.0,57.19932188906387,5.010018540754345
27909,2025,M,2,17.339139815501994,61.74000000000001,44.400860184498015,44.400860184498015,0.0,49.360884242465545,4.96002405796753
16117,2025,M,3,96.9947228768408,141.98000000000002,44.98527712315922,44.98527712315922,0.0,49.7573219258486,4.772044802689379
2456,2025,M,3,1303.4876295241422,1354.024603671471,50.53697414732869,50.53697414732869,0.0,55.54013630187228,5.003162154543588
2899,2025,M,3,1321.1368110158282,1372.4741597922584,51.33734877643019,51.33734877643019,0.0,56.4299296344725,5.092580858042311
25480,2025,M,2,66.83339700807119,112.28999999999996,45.456602991928776,45.456602991928776,0.0,50.37805987746083,4.921456885532052
20431,2025,M,4,111.16681709997988,135.5999999999999,24.43318290002003,24.43318290002003,0.0,29.13323564749635,4.70005274747632
2460,2025,M,3,30.60295971646974,45.0,14.39704028353026,14.39704028353026,0.0,19.340780424247214,4.943740140716955
11490,2025,M,4,-252.00236561429142,-193.09000000000015,58.912365614291275,58.912365614291275,0.0,69.44478853921896,10.532422924927687
27391,2025,M,3,105.0440828745268,96.04630421440629,-8.997778660120503,-8.997778660120503,0.0,41.84809964703845,50.845878307158955
27910,2025,M,2,92.00693226152748,138.02999999999997,46.02306773847249,46.02306773847249,0.0,50.92824070675397,4.905172968281477
27384,2025,M,3,-21.46665723082856,-33.264964024452865,-11.798306793624306,-11.798306793624306,0.0,39.15189721968818,50.95020401331249
2453,2025,M,3,-7.308596073869694,-0.5,6.808596073869694,6.808596073869694,0.0,37.32325090829954,30.514654834429848
16127,2025,M,3,212.74965458911674,195.17000000000007,-17.57965458911667,-17.57965458911667,0.0,33.82354262196691,51.40319721108358
27911,2025,M,2,41.15513886550639,60.680000000000064,19.524861134493676,19.524861134493676,0.0,51.59125802349149,32.066396888997815
2463,2025,M,3,1427.299449165186,1481.4898126120972,54.190363446911306,54.190363446911306,0.0,59.45463964298142,5.264276196070114
27020,2025,M,3,75.98760046102666,74.79999999999995,-1.1876004610267046,-1.1876004610267046,0.0,32.19248714462242,33.38008760564912
27843,2025,M,3,85.62525583471938,94.79999999999995,9.174744165280572,9.174744165280572,0.0,41.07715013260258,31.90240596732201
27842,2025,M,3,-179.49386941808302,-144.70000000000005,34.79386941808298,34.79386941808298,0.0,40.58094506272346,5.787075644640481
2467,2025,M,3,1415.771496314784,1471.6585905937166,55.887094278932636,55.887094278932636,0.0,61.50733119244478,5.620236913512144
11422,2025,M,2,39.472138731513496,7.889999999999873,-31.582138731513623,-31.582138731513623,0.0,20.915929311516265,52.49806804302989
2474,2025,M,2,-63.20881888014446,-16.159999999999854,47.04881888014461,47.04881888014461,0.0,52.56478158670143,5.51596270655682
16119,2025,M,2,-147.14917662869516,-130.5699999999997,16.57917662869545,16.57917662869545,0.0,52.78414011095583,36.20496348226038
2469,2025,M,3,1382.5437702601298,1436.8310984437533,54.28732818362346,54.28732818362346,0.0,59.7218713039274,5.4345431203039425
2900,2025,M,3,1390.0239041864827,1442.6325999124626,52.60869572597994,52.60869572597994,0.0,57.70441909436886,5.095723368388917
24908,2025,M,4,234.05325365146246,283.0999999999999,49.046746348537454,49.046746348537454,0.0,54.62298811719711,5.576241768659656
2470,2025,M,3,1401.500152337193,1455.4532756352924,53.9531232980994,53.9531232980994,0.0,59.26082327350423,5.30769997540483
19000,2025,M,2,32.03474554523132,80.27999999999997,48.245254454768656,48.245254454768656,0.0,53.59266433364428,5.347409878875624
27457,2025,M,3,17.53110900243246,31.580000000000155,14.048890997567696,14.048890997567696,0.0,19.066337290050342,5.017446292482646
27396,2025,M,3,-40.73616934530742,-53.5778043204034,-12.841634975095985,-12.841634975095985,0.0,40.8987325951548,53.74036757025078
21482,2025,M,2,1625.746468237969,1636.2780973070642,10.531629069095061,10.531629069095061,0.0,64.28242920996126,53.750800140866204
16132,2025,M,3,1896.3790937208366,1960.31470710079,63.93561337995334,63.93561337995334,0.0,69.42443622442579,5.488822844472452
761,2025,M,3,58.86141002787758,87.0,28.138589972122418,28.138589972122418,0.0,33.79082335461794,5.652233382495524
16126,2025,M,4,-341.01336791234667,-314.60000000000014,26.41336791234653,26.41336791234653,0.0,33.090631033350746,6.677263121004216
5828,2025,M,3,-3.047309702148141,63.50999999999999,66.55730970214813,66.55730970214813,0.0,76.71303843919577,10.155728737047639
2478,2025,M,3,7.369485672172914,15.299999999999955,7.930514327827041,7.930514327827041,0.0,41.94011547152263,34.00960114369559
27471,2025,M,3,-18.735879623063738,-3.1800000000000637,15.555879623063674,15.555879623063674,0.0,21.26039295041619,5.704513327352515
16135,2025,M,3,1501.1638196919619,1558.243343050026,57.07952335806408,57.07952335806408,0.0,62.63205345774486,5.55253009968078
2173,2025,M,2,286.6027959182761,337.1100000000001,50.50720408172401,50.50720408172401,0.0,55.29838962925169,4.791185547527675
16133,2025,M,4,25.844755880565117,54.09999999999991,28.255244119434792,28.255244119434792,0.0,34.04603363993965,5.790789520504859
25471,2025,M,4,60.785783082842954,88.19999999999982,27.414216917156864,27.414216917156864,0.0,32.90903909956387,5.494822182407006
16147,2025,M,3,121.9874190986036,149.5999999999999,27.612580901396313,27.612580901396313,0.0,32.936850476810605,5.3242695754142915
27204,2025,M,2,1443.273902121947,1450.5170801213603,7.243177999413319,7.243177999413319,0.0,60.896515967425785,53.653337968012465
16141,2025,M,3,1472.1897142484997,1529.2480919048764,57.058377656376706,57.058377656376706,0.0,62.705468749214106,5.6470910928374
24911,2025,M,2,-18.323432214445802,31.730000000000018,50.05343221444582,50.05343221444582,0.0,55.76565897628575,5.712226761839929
16146,2025,M,2,-126.23021648857252,-76.37000000000012,49.860216488572405,49.860216488572405,0.0,55.8946934023179,6.034476913745493
16120,2025,M,2,108.90541517058409,159.48000000000002,50.574584829415926,50.574584829415926,0.0,55.93999272209476,5.365407892678832
2455,2025,M,3,47.39530518035713,97.87999999999988,50.484694819642755,50.484694819642755,0.0,56.03608218828845,5.551387368645692
551,2025,M,4,113.12070233515487,123.32968718440452,10.208984849249646,10.208984849249646,0.0,44.848099530991476,34.63911468174183
27917,2025,M,2,46.83531732558686,97.59000000000015,50.75468267441329,50.75468267441329,0.0,56.33835219480147,5.5836695203881845
11408,2025,M,3,74.77173639680791,90.79999999999995,16.028263603192045,16.028263603192045,0.0,21.374530751032353,5.346267147840308
27918,2025,M,2,4.781911313778437,55.47999999999979,50.698088686221354,50.698088686221354,0.0,56.40945839978485,5.711369713563499
27920,2025,M,2,-231.65942800556695,-181.48999999999978,50.16942800556717,50.16942800556717,0.0,56.57500682297041,6.405578817403239
27206,2025,M,3,1343.4433528026711,1399.2741777995516,55.83082499688044,55.83082499688044,0.0,61.686464503628486,5.855639506748048
2596,2025,M,2,-102.76511476184805,-81.56000000000017,21.20511476184788,21.20511476184788,0.0,78.92358623252562,57.71847147067774
27030,2025,M,3,-15.298756608126041,-39.63999999999987,-24.34124339187383,-24.34124339187383,0.0,34.288156218322,58.62939961019583
27209,2025,M,3,1764.6844994559224,1827.1292277134817,62.44472825755929,62.44472825755929,0.0,68.10296097798937,5.658232720430078
753,2025,M,3,16.4354706106119,13.900000000000091,-2.53547061061181,-2.53547061061181,0.0,35.71144434800044,38.24691495861225
2184,2025,M,3,55.55814380421384,82.0,26.44185619578616,26.44185619578616,0.0,31.752412998778937,5.310556802992778
4589,2025,M,2,-74.3052645198859,-26.079999999999927,48.22526451988597,48.22526451988597,0.0,60.05207279252909,11.82680827264312
26522,2025,M,3,25.122189478360724,81.21000000000004,56.08781052163931,56.08781052163931,0.0,62.34312020792322,6.255309686283908
27208,2025,M,3,1590.706884923362,1651.1584953802944,60.451610456932485,60.451610456932485,0.0,66.32924753610678,5.877637079174292
27043,2025,M,2,165.05833140655432,141.03999999999996,-24.018331406554353,-24.018331406554353,0.0,41.12648309425049,65.14481450080484
802,2025,M,3,-34.14520335531324,-61.76999999999998,-27.62479664468674,-27.62479664468674,0.0,38.23409986060415,65.85889650529089
27514,2025,M,2,-0.5898449138903743,-42.0300000000002,-41.440155086109826,-41.440155086109826,0.0,26.498666550281087,67.93882163639091
27929,2025,M,2,177.27987557471124,239.13999999999987,61.86012442528863,61.86012442528863,0.0,68.28227284270088,6.422148417412245
3682,2025,M,3,2180.576904834406,2257.5488908650477,76.9719860306418,76.9719860306418,0.0,83.92836120697575,6.95637517633395
25491,2025,M,2,193.4528919591835,261.0100000000002,67.55710804081673,67.55710804081673,0.0,74.57119113442468,7.014083093607951
17920,2025,F,4,7.274515957902622,32.299999999999955,25.025484042097332,25.025484042097332,0.0,29.278083611830652,4.25259956973332
27190,2025,F,3,70.14117623824791,85.5292747692954,15.38809853104749,15.38809853104749,0.0,19.727825131710688,4.339726600663198
27191,2025,F,3,5.549838484227848,21.509457801793133,15.959619317565284,15.959619317565284,0.0,20.73036303236927,4.770743714803984
576,2025,F,3,74.70676204546567,102.29999999999995,27.59323795453429,27.59323795453429,0.0,32.04102670309976,4.447788748565472
27338,2025,F,4,-125.71981035452018,-107.59085787559252,18.12895247892766,18.12895247892766,0.0,31.850379420212676,13.721426941285017
583,2025,F,3,128.56961354257214,159.0,30.430386457427858,30.430386457427858,0.0,35.16849601930403,4.738109561876172
2509,2025,F,3,-72.42507320506411,-52.200000000000045,20.225073205064064,20.225073205064064,0.0,37.949489578324574,17.72441637326051
27192,2025,F,3,76.9536433603514,93.2375593638601,16.283916003508693,16.283916003508693,0.0,20.865320057457893,4.5814040539492
604,2025,F,2,86.92715545591614,75.00999999999999,-11.917155455916145,-11.917155455916145,0.0,34.63620488402967,46.55336033994581
2410,2025,F,3,61.94668201947525,79.08992180427799,17.143239784802745,17.143239784802745,0.0,22.042980764481626,4.899740979678882
27933,2025,F,2,-55.4151300302492,-12.809999999999945,42.605130030249256,42.605130030249256,0.0,47.68128015735874,5.076150127109486
2385,2025,F,4,112.27224654214228,137.0999999999999,24.827753457857625,24.827753457857625,0.0,29.71948983398829,4.891736376130666
27348,2025,F,4,-134.93443900906595,-114.13176678546483,20.80267222360112,20.80267222360112,0.0,36.40758779637531,15.604915572774189
16157,2025,F,2,-53.91530134800996,-24.090000000000146,29.825301348009816,29.825301348009816,0.0,49.15661093662129,19.331309588611475
27195,2025,F,3,98.01526002576361,116.81557721077593,18.800317185012318,18.800317185012318,0.0,24.05287645955218,5.252559274539863
27935,2025,F,2,8.775821056990708,53.41000000000008,44.634178943009374,44.634178943009374,0.0,49.72202810607405,5.087849163064675
27936,2025,F,2,-2.2681391169335257,42.549999999999955,44.81813911693348,44.81813911693348,0.0,49.965099198508824,5.146960081575344
20420,2025,F,3,8.790326386848392,19.200000000000045,10.409673613151654,10.409673613151654,0.0,15.55478647852351,5.145112865371857
2393,2025,F,2,362.8632617601986,339.52216704348484,-23.34109471671377,-23.34109471671377,0.0,27.494280599313242,50.83537531602701
27938,2025,F,2,-98.89209337453599,-53.34999999999991,45.54209337453608,45.54209337453608,0.0,51.10467710189005,5.562583727353967
27866,2025,F,3,31.129260486488192,56.59999999999991,25.470739513511717,25.470739513511717,0.0,30.80426843163673,5.333528918125012
20419,2025,F,2,190.7714936125301,179.47000000000003,-11.301493612530066,-11.301493612530066,0.0,40.60117947387607,51.90267308640614
646,2025,F,3,161.79306410127742,181.5,19.706935898722577,19.706935898722577,0.0,38.85518170330647,19.148245804583894
18959,2025,F,3,-84.24067859092816,-58.799999999999955,25.4406785909282,25.4406785909282,0.0,31.200298713318034,5.759620122389833
21481,2025,F,2,-92.32675463807391,-44.590000000000146,47.73675463807376,47.73675463807376,0.0,53.52839317465691,5.79163853658315
18611,2024,F,2,13.127679275532955,61.87000000000012,48.74232072446716,48.74232072446716,0.0,65.29964989993482,16.557329175467657
18572,2024,M,2,175.63140393936123,229.53999999999996,53.90859606063873,53.90859606063873,0.0,75.77579931302193,21.867203252383206
18574,2024,M,2,122.1121166955727,175.76,53.647883304427296,53.647883304427296,0.0,76.37119489535348,22.723311590926187
18575,2024,M,2,22.90805424166342,76.57000000000016,53.66194575833674,53.66194575833674,0.0,78.20347190950838,24.541526151171638
18576,2024,M,2,38.28156000344757,92.41000000000008,54.128439996552515,54.128439996552515,0.0,78.60619506354737,24.47775506699486
3077,2024,M,2,92.44192114677435,166.35000000000014,73.90807885322579,73.90807885322579,0.0,81.86878151596875,7.9607026627429605
5038,2024,M,3,-43.56254369859562,13.9699999999998,57.53254369859542,57.53254369859542,0.0,85.08830001383012,27.555756315234703
18586,2024,M,2,166.37766802401688,244.26,77.8823319759831,77.8823319759831,0.0,85.96439287894873,8.082060902965623
2371,2024,M,2,164.05697283838163,228.85999999999967,64.80302716161805,64.80302716161805,0.0,91.94894961734599,27.14592245572794
18592,2024,M,2,430.05261628533617,507.90999999999985,77.85738371466368,77.85738371466368,0.0,106.21766519417497,28.360281479511286
18593,2024,F,2,-25.778378348468777,7.519999999999982,33.29837834846876,33.29837834846876,0.0,45.01464394723757,11.716265598768814
833,2024,F,2,-16.859875379640698,21.819999999999936,38.679875379640634,38.679875379640634,0.0,52.137105949468605,13.45723056982797
1761,2024,F,2,-8.646648906601513,38.909266251128884,47.5559151577304,47.5559151577304,0.0,54.181491976706866,6.625576818976469
901,2024,M,3,371.0841957988732,456.5799999999999,85.4958042011267,85.4958042011267,0.0,87.84767141824022,2.351867217113522
825,2024,F,3,52.10994396349474,100.97000000000003,48.860056036505284,48.860056036505284,0.0,50.680448015968295,1.820391979463011
7625,2024,M,2,-209.23961561531542,-133.1500000000001,76.08961561531532,76.08961561531532,0.0,85.63911648530211,9.549500869986787
1768,2024,F,4,-26.35933094771849,23.940000000000055,50.299330947718545,50.299330947718545,0.0,52.27852904980841,1.9791981020898675
1755,2024,F,2,-101.76975813178251,-57.38073374887131,44.3890243829112,44.3890243829112,0.0,51.01460120188767,6.625576818976469
18817,2024,F,2,-57.25618215313261,-64.70537143777347,-7.449189284640852,-7.449189284640852,0.0,6.325143774724438,13.77433305936529
4957,2024,F,2,-62.1559386919173,-70.2187855056136,-8.062846813696297,-8.062846813696297,0.0,6.844757520709209,14.907604334405505
19606,2024,F,2,-51.81522615216727,-43.99000000000001,7.825226152167261,7.825226152167261,0.0,15.338670910845167,7.513444758677906
18834,2024,F,2,-104.19756263741829,-112.71197663365479,-8.514413996236499,-8.514413996236499,0.0,6.923502074879025,15.437916071115524
823,2024,F,3,89.09282727917002,93.76736991012149,4.674542630951464,4.674542630951464,0.0,6.5734148213100525,1.8988721903585883
851,2024,F,2,-5.352183497014266,-13.873887914068973,-8.521704417054707,-8.521704417054707,0.0,7.710947616574231,16.232652033628938
18812,2024,F,2,-105.74485800360003,-113.07203856439264,-7.327180560792613,-7.327180560792613,0.0,5.83110946990314,13.158290030695753
1792,2024,F,2,23.84553248758266,16.42739055370089,-7.4181419338817705,-7.4181419338817705,0.0,6.937545689635272,14.355687623517042
5065,2024,F,2,-146.44663514643435,-139.24,7.206635146434337,7.206635146434337,0.0,14.904419537415151,7.697784390980814
1773,2024,F,2,6.969462241003839,-0.9518747956165043,-7.9213370366203435,-7.9213370366203435,0.0,7.262053502040999,15.183390538661342
18852,2024,F,3,-97.08029791019794,-97.47317390696549,-0.39287599676754326,-0.39287599676754326,0.0,7.6713245606545115,8.064200557422055
18847,2024,F,2,-75.21867359508678,-84.15568841451272,-8.93701481942594,-8.93701481942594,0.0,7.53690710512933,16.47392192455527
18875,2024,M,2,118.55691438622466,105.25999999999999,-13.296914386224671,-13.296914386224671,0.0,6.968748259873109,20.26566264609778
5007,2024,M,2,-94.7669317824218,-80.69000000000005,14.076931782421752,14.076931782421752,0.0,20.61455695605332,6.537625173631568
831,2024,F,3,146.0005444618289,151.19473430081416,5.194189838985267,5.194189838985267,0.0,7.2184179847622545,2.0242281457769877
20497,2024,M,2,-32.89804511197531,-23.124126366150904,9.773918745824403,9.773918745824403,0.0,12.416079938563826,2.6421611927394224
2309,2024,M,3,74.8345050667997,80.5,5.665494933200307,5.665494933200307,0.0,12.588092989187544,6.922598055987237
20498,2024,M,2,-37.64138207440715,-27.117989263305844,10.523392811101303,10.523392811101303,0.0,13.372531814877448,2.849139003776145
23924,2024,F,2,-46.832342460470045,-38.47714397158529,8.355198488884753,8.355198488884753,0.0,10.432457593343543,2.07725910445879
18893,2024,M,2,-18.8301578062144,-35.659999999999854,-16.829842193785453,-16.829842193785453,0.0,7.827407546432823,24.657249740218276
19639,2024,M,2,-20.949725462982542,-3.759999999999991,17.18972546298255,17.18972546298255,0.0,24.666852335905105,7.477126872922554
18904,2024,M,2,146.34738195058776,130.15999999999985,-16.187381950587906,-16.187381950587906,0.0,8.495474711462066,24.68285666204997
11413,2024,M,2,0.4397852054030409,25.439999999999827,25.000214794596786,25.000214794596786,0.0,49.97792038831358,24.97770559371679
18900,2024,M,2,48.3490851873255,31.539999999999964,-16.809085187325536,-16.809085187325536,0.0,8.212570748188682,25.021655935514218
19642,2024,M,2,1.1114053051383053,18.980000000000018,17.868594694861713,17.868594694861713,0.0,25.51877492761082,7.650180232749108
18898,2024,M,2,-37.03421691140716,-54.56000000000017,-17.525783088593016,-17.525783088593016,0.0,8.048637649920693,25.57442073851371
1562,2024,M,4,-21.3572503161231,48.17436120510001,69.53161152122311,69.53161152122311,0.0,87.76032348727222,18.228711966049104
3012,2024,M,3,83.12891858695161,123.24421719106681,40.115298604115196,40.115298604115196,0.0,58.281044380298454,18.165745776183257
11481,2024,M,3,119.96150619859236,132.43624678724223,12.474740588649865,12.474740588649865,0.0,49.09506925903429,36.620328670384424
2574,2024,M,2,-69.33876154112045,-75.75173542580706,-6.412973884686608,-6.412973884686608,0.0,47.89271649447096,54.30569037915757
18871,2024,M,3,-292.57776255280373,-293.23,-0.6522374471962848,-0.6522374471962848,0.0,6.887577502478052,7.539814949674337
11488,2024,M,3,-25.875051636820217,9.105579644864292,34.98063128168451,34.98063128168451,0.0,52.29633349468418,17.315702212999668
18742,2024,M,3,-6.8320672470283625,30.777992607454507,37.61005985448287,37.61005985448287,0.0,53.86583120474734,16.255771350264467
18744,2024,M,3,31.337564149231184,71.03745307926624,39.69988893003506,39.69988893003506,0.0,56.30197432455975,16.602085394524693
2071,2024,M,2,38.45187234198988,79.8567365298577,41.404864187867815,41.404864187867815,0.0,58.63661148104711,17.231747293179296
4575,2024,M,2,-44.97676466760208,-4.154699160500286,40.8220655071018,40.8220655071018,0.0,59.00880001324049,18.18673450613869
2493,2024,M,3,55.655680602438906,98.32312734192556,42.66744673948665,42.66744673948665,0.0,60.193036252038155,17.525589512551505
1534,2024,M,5,-50.349006688179315,10.806497960346178,61.15550464852549,61.15550464852549,0.0,77.58968020340899,16.434175554883495
1542,2024,M,3,-126.98019988919054,-60.414338606883575,66.56586128230697,66.56586128230697,0.0,85.37176332212243,18.805902039815464
1572,2024,M,2,4.974682976104759,48.50267001723978,43.52798704113502,43.52798704113502,0.0,62.15548487633146,18.627497835196436
1280,2024,M,2,-66.74821638352091,-44.569999999999936,22.178216383520976,22.178216383520976,0.0,46.009766004870926,23.83154962134995
1478,2024,F,3,-49.99136788464284,-25.0,24.99136788464284,24.99136788464284,0.0,48.460270908180064,23.468903023537223
5005,2024,M,2,18.25184551043094,34.11999999999989,15.868154489568951,15.868154489568951,0.0,22.569670059936698,6.7015155703677465
1842,2024,M,2,-16.987005742381143,-32.789999999999964,-15.80299425761882,-15.80299425761882,0.0,7.353911461629195,23.156905719248016
1868,2024,M,2,2.4333912802246687,-13.329999999999927,-15.763391280224596,-15.763391280224596,0.0,7.449406470328995,23.21279775055359
11401,2024,M,2,-28.07122570962565,-5.230000000000018,22.841225709625633,22.841225709625633,0.0,46.37152466885095,23.53029895922532
1880,2024,M,2,-68.46417529749351,-84.87000000000012,-16.405824702506607,-16.405824702506607,0.0,7.3356082516284005,23.741432954135007
476,2024,F,2,-108.77653124405947,-86.90000000000009,21.87653124405938,21.87653124405938,0.0,44.20868176063186,22.332150516572483
11455,2024,F,2,-414.93375240549426,-397.0,17.93375240549426,17.93375240549426,0.0,45.201423300407214,27.267670894912953
11456,2024,F,2,-0.4335104068975397,24.700000000000045,25.133510406897585,25.133510406897585,0.0,47.36493601778966,22.231425610892074
11457,2024,F,2,-121.12385410909383,-117.59999999999991,3.523854109093918,3.523854109093918,0.0,47.962391412548186,44.43853730345427
4545,2024,F,2,-43.05143793450611,-17.59999999999991,25.451437934506203,25.451437934506203,0.0,49.13618004164414,23.684742107137936
3076,2024,M,3,22.993398213920955,23.579999999999927,0.5866017860789725,0.5866017860789725,0.0,7.807910648823054,7.221308862744081
1855,2024,M,3,-55.53392755738514,-55.25999999999999,0.27392755738515007,0.27392755738515007,0.0,7.510284538375117,7.236356980989967
1887,2024,M,2,57.65251821096763,39.56999999999971,-18.08251821096792,-18.08251821096792,0.0,8.86790524539174,26.95042345635966
19661,2024,M,2,-492.2036226507521,-472.03999999999996,20.16362265075213,20.16362265075213,0.0,31.431757887091862,11.268135236339731
1512,2024,F,4,287.312901208571,330.4000000000001,43.08709879142907,43.08709879142907,0.0,73.2757919510741,30.188693159645027
2523,2024,F,2,-34.33712431916206,-7.029874519645091,27.307249799516967,27.307249799516967,0.0,53.812289265706795,26.505039466189828
1490,2024,F,2,-97.39596199290463,-71.4706529781779,25.925309014726736,25.925309014726736,0.0,52.91958373707848,26.994274722351747
4550,2024,F,2,34.99093392896634,37.66486614812993,2.6739322191635893,2.6739322191635893,0.0,55.807765283112985,53.133833063949396
18750,2024,M,2,70.36938261973819,116.09666553292686,45.727282913188674,45.727282913188674,0.0,64.35478074838511,18.627497835196436
18751,2024,M,3,-97.65565891224969,-53.011103901047136,44.644555011202556,44.644555011202556,0.0,65.23449909720603,20.58994408600347
2586,2024,M,2,139.00867246483335,186.8733705204836,47.86469805565025,47.86469805565025,0.0,66.41873533600392,18.55403728035367
18758,2024,F,3,-31.044160347847992,-11.346796931288964,19.69736341655903,19.69736341655903,0.0,38.993377490478906,19.296014073919878
18760,2024,F,3,-54.20707597966725,-32.57816691530775,21.628909064359505,21.628909064359505,0.0,43.385488691329556,21.75657962697005
18761,2024,F,2,-93.86021552413081,-72.09055251999666,21.769663004134145,21.769663004134145,0.0,44.77810931598947,23.008446311855323
1486,2024,F,2,-89.00910771632675,-65.415594377572,23.593513338754747,23.593513338754747,0.0,48.17039032477669,24.576876986021944
2563,2024,M,3,40.86201080131718,81.3806661558815,40.518655354564316,40.518655354564316,0.0,59.51345596397596,18.99480060941164
11511,2024,M,3,-27.04053749651257,-8.0,19.04053749651257,19.04053749651257,0.0,61.963249721773764,42.92271222526119
1536,2024,M,2,-99.90423608774654,-107.92864125537199,-8.024405167625446,-8.024405167625446,0.0,54.740115488659285,62.76452065628473
1578,2024,M,3,-7.384138820433236,32.42006062086034,39.80419944129358,39.80419944129358,0.0,59.17679718989825,19.372597748604676
11518,2024,M,2,-33.05494960711712,-39.897695066988945,-6.842745459871821,-6.842745459871821,0.0,67.25660776776385,74.09935322763567
1488,2024,F,4,68.93728189074841,78.01966789911057,9.082386008362164,9.082386008362164,0.0,31.630375608535587,22.547989600173423
3371,2024,F,2,122.51781845876667,118.5240659377514,-3.993752521015267,-3.993752521015267,0.0,5.489277115296318,9.483029636311585
95,2024,M,3,13.29513953578271,20.5,7.20486046421729,7.20486046421729,0.0,13.905736774517209,6.700876310299918
2959,2024,M,3,0.38434060304643936,7.7000000000000455,7.315659396953606,7.315659396953606,0.0,14.22926873352094,6.913609336567333
2971,2024,M,2,59.071535516188305,72.69999999999982,13.628464483811513,13.628464483811513,0.0,16.1336357117209,2.5051712279093863
504,2024,M,3,-91.81931287560201,-60.79071793619505,31.028594939406958,31.028594939406958,0.0,47.42079303437981,16.392198094972855
11480,2024,M,3,-29.446225413907086,2.561133273275118,32.007358687182204,32.007358687182204,0.0,47.93780472314211,15.930446035959903
2553,2024,M,2,-25.629568214771552,8.512902307803643,34.142470522575195,34.142470522575195,0.0,51.0488925014497,16.906421978874505
11484,2024,M,4,-3.373621537328745,42.586825205548394,45.96044674287714,45.96044674287714,0.0,51.40358656699618,5.443139824119044
531,2024,M,2,-151.80232103923004,-118.53389699505624,33.2684240441738,33.2684240441738,0.0,51.644057119908666,18.375633075734868
532,2024,M,2,-89.77732720255472,-55.21563142517789,34.561695777376826,34.561695777376826,0.0,52.63299226876188,18.071296491385056
3444,2024,M,2,-48.058307447385914,-13.00612018085053,35.052187266535384,35.052187266535384,0.0,52.73519225375003,17.683004987214645
11490,2024,M,3,-92.8812023428518,-58.04702848338229,34.8341738594695,34.8341738594695,0.0,53.08387455547336,18.249700696003856
521,2024,M,3,29.810994400181926,66.45229677278257,36.64130237260065,36.64130237260065,0.0,53.925521490667734,17.284219118067085
513,2024,M,3,-70.36152860726565,-34.374048378811494,35.98748022845416,35.98748022845416,0.0,54.45756258898723,18.47008236053307
2566,2024,M,2,-30.576775128985673,6.3617258421684255,36.9385009711541,36.9385009711541,0.0,55.27215658697878,18.333655615824682
11498,2024,M,2,-51.31660478383537,-13.8280881696694,37.488516614165974,37.488516614165974,0.0,56.399362303757016,18.910845689591042
11500,2024,M,2,-37.75452995192768,0.0675346675552646,37.822064619482944,37.822064619482944,0.0,56.69093284916357,18.86886822968063
11501,2024,M,2,-159.03763066315946,-121.98145321669244,37.05617744646702,37.05617744646702,0.0,57.37326804305326,20.31709059658624
11503,2024,M,3,-76.22724487795608,-37.94929923971176,38.27794563824432,38.27794563824432,0.0,57.944385606220976,19.666439967976657
548,2024,M,2,-176.11699347936678,-191.69999999999982,-15.583006520633035,-15.583006520633035,0.0,59.72386769777472,75.30687421840776
5215,2024,M,2,-39.6038579794988,2.4331099342448397,42.03696791374364,42.03696791374364,0.0,62.973226044007106,20.936258130263468
21,2024,M,2,-46.86579071421488,-12.123628831952374,34.74216188226251,34.74216188226251,0.0,52.25725702983618,17.515095147573675
11494,2024,M,2,36.115619177762255,48.75,12.634380822237745,12.634380822237745,0.0,54.102868523440975,41.46848770120323
11463,2024,F,2,5.286526079949226,32.59999999999991,27.313473920050683,27.313473920050683,0.0,51.314780016470195,24.001306096419512
11464,2024,F,2,-89.55763936732114,-63.59999999999991,25.957639367321235,25.957639367321235,0.0,51.369094143266466,25.41145477594523
11465,2024,F,2,44.42454973007466,72.5,28.07545026992534,28.07545026992534,0.0,51.67385674362322,23.598406473697878
497,2024,F,2,-86.59161040774757,-59.5,27.091610407747567,27.091610407747567,0.0,53.4239786070566,26.33236819930903
11468,2024,F,2,-72.06455555895786,-44.700000000000045,27.364555558957818,27.364555558957818,0.0,53.5386417636264,26.174086204668583
4549,2024,F,2,27.121045183992692,29.505373958465043,2.384328774472351,2.384328774472351,0.0,54.01841655032649,51.63408777585414
11475,2024,F,2,-213.9376569159367,-184.19999999999982,29.737656915936896,29.737656915936896,0.0,61.912069644709845,32.17441272877295
11476,2024,F,3,68.6699968649823,91.94000000000005,23.27000313501776,23.27000313501776,0.0,64.46483360413231,41.19483046911455
11478,2024,F,2,562.0837769171233,607.5999999999999,45.51622308287665,45.51622308287665,0.0,70.29454988025918,24.778326797382533
507,2024,M,4,-26.346313979751585,17.106047066379915,43.4523610461315,43.4523610461315,0.0,48.68326343717126,5.230902391039763
11485,2024,M,4,24.544929935500022,70.67207815142751,46.12714821592749,46.12714821592749,0.0,51.48775126051555,5.360603044588061
11486,2024,M,2,-17.601964283182042,17.288070993762858,34.8900352769449,34.8900352769449,0.0,52.03782765030314,17.147792373358243
530,2024,M,2,-66.86659116321266,-77.5,-10.63340883678734,-10.63340883678734,0.0,53.04179220871379,63.675201045501126
11491,2024,M,2,-15.262809917828918,20.371994005271972,35.63480392310089,35.63480392310089,0.0,53.107921610764606,17.473117687663716
11493,2024,M,2,-15.571020695514108,20.70482272608774,36.27584342160185,36.27584342160185,0.0,54.063792058592526,17.787948636990677
3092,2024,M,3,-55.49296794652719,-18.654351146322142,36.838616800205045,36.838616800205045,0.0,55.49759773033429,18.658980930129246
552,2024,M,2,-91.87731120682338,-55.363862390649274,36.513448816174105,36.513448816174105,0.0,55.56072125047399,19.047272434299884
11502,2024,M,2,22.981016394950075,62.03470594673945,39.053689551789375,39.053689551789375,0.0,57.607726832143044,18.55403728035367
11506,2024,M,2,13.115950220173772,52.99160906281986,39.87565884264609,39.87565884264609,0.0,58.97540310183399,19.0997442591879
11507,2024,M,2,17.55477178248543,58.066777748778804,40.51200596629337,40.51200596629337,0.0,59.85312061996524,19.341114653671866
11508,2024,M,2,-133.96209654066502,-94.39390996118368,39.568186579481335,39.568186579481335,0.0,60.72482637427356,21.156639794792227
551,2024,M,2,-106.1875753663378,-65.58515563563287,40.60241973070492,40.60241973070492,0.0,61.84301444531752,21.240594714612598
11528,2024,M,2,212.50568565766025,268.1241912588107,55.618505601150446,55.618505601150446,0.0,79.3462648154491,23.727759214298658
2527,2024,F,2,-49.34724475265398,-45.77585722467188,3.571387527982097,3.571387527982097,0.0,55.07229678997828,51.500909261996185
2535,2024,F,2,-207.77766306881813,-208.0309158252776,-0.2532527564594602,-0.2532527564594602,0.0,59.68709988540877,59.94035264186823
7959,2024,M,2,-64.950525445822,-87.69999999999982,-22.749474554177823,-22.749474554177823,0.0,47.63165396693671,70.38112852111453
7961,2024,M,2,-139.9571535239029,-167.80000000000018,-27.842846476097293,-27.842846476097293,0.0,53.2470260241148,81.0898725002121
4340,2024,M,2,-35.977726151230854,-61.29999999999973,-25.322273848768873,-25.322273848768873,0.0,56.05104507051601,81.37331891928488
7964,2024,M,2,-722.1508468056672,-773.8000000000002,-51.64915319433294,-51.64915319433294,0.0,60.15317581145837,111.80232900579131
677,2024,M,4,47.85795486083589,90.10000000000014,42.24204513916425,42.24204513916425,0.0,49.40307349826162,7.161028359097372
3859,2024,M,4,-176.649647750422,-195.21429100017258,-18.56464324975059,-18.56464324975059,0.0,0.24125879006487594,18.805902039815464
537,2024,M,2,-82.47094226664603,-149.68687281225948,-67.21593054561345,-67.21593054561345,0.0,0.2581438481861369,67.47407439379958
7952,2024,M,2,-128.32774406620683,-197.3611741864388,-69.03343012023197,-69.03343012023197,0.0,0.2588493520072461,69.29227947223922
2688,2024,M,3,-14.722161110077195,17.63000000000011,32.352161110077304,32.352161110077304,0.0,39.46575369659877,7.113592586521463
2944,2025,M,2,20.90345334140693,43.02999999999997,22.126546658593043,22.126546658593043,0.0,28.194745115901014,6.068198457307972
2928,2025,F,3,76.89917420213237,95.21341316602889,18.314238963896514,18.314238963896514,0.0,24.651617185045097,6.337378221148583
27946,2025,F,2,16.58029206900528,24.252672094105264,7.672380025099983,7.672380025099983,0.0,24.856922576713714,17.18454255161373
2925,2025,F,2,16.820914956483193,28.32252573114829,11.501610774665096,11.501610774665096,0.0,37.01936008081202,25.517749306146925
27947,2025,F,2,-101.95739862805976,-94.77097523532348,7.1864233927362875,7.1864233927362875,0.0,28.17602640868995,20.989603015953662
27948,2025,F,2,34.121230446703066,43.72079177905971,9.599561332356643,9.599561332356643,0.0,30.54345420636855,20.943892874011908
7717,2025,M,4,66.36213601858913,94.75999999999999,28.397863981410865,28.397863981410865,0.0,34.323502182136735,5.925638200725871
7720,2025,M,5,-12.300810291240396,16.389999999999873,28.69081029124027,28.69081029124027,0.0,35.05057960458953,6.359769313349261
90,2025,M,4,95.40787931848263,139.31999999999994,43.91212068151731,43.91212068151731,0.0,49.878611053803525,5.966490372286216
27949,2025,M,2,-42.37982421937704,-20.910000000000082,21.46982421937696,21.46982421937696,0.0,27.666799164854865,6.196974945477905
20489,2025,M,3,-29.943425035934297,-8.259999999999991,21.683425035934306,21.683425035934306,0.0,27.878672210998275,6.195247175063969
20490,2025,M,2,-122.75790488913685,-101.30999999999995,21.447904889136908,21.447904889136908,0.0,28.034971999137042,6.587067110000135
26543,2025,M,4,37.707686101175796,81.67000000000007,43.96231389882428,43.96231389882428,0.0,50.19084945052646,6.22853555170218
2971,2025,M,2,18.24345047475981,34.09999999999991,15.856549525240098,15.856549525240098,0.0,30.46109204391132,14.604542518671224
102,2025,M,3,25.241648866826154,47.200000000000045,21.958351133173892,21.958351133173892,0.0,36.24700959946176,14.28865846628787
18780,2025,M,3,-34.177607516271564,-12.63000000000011,21.547607516271455,21.547607516271455,0.0,27.72584575148494,6.178238235213485
27747,2025,F,3,8.019471947025977,28.682391124118112,20.662919177092135,20.662919177092135,0.0,32.94854318495982,12.285624007867682
4655,2025,F,4,-68.67206452701976,-32.849469927205746,35.82259459981401,35.82259459981401,0.0,49.13473207966467,13.312137479850662
357,2025,F,3,-8.856799019978098,30.490750491901508,39.347549511879606,39.347549511879606,0.0,53.15334001535416,13.805790503474554
26935,2025,F,4,-14.048876278746093,25.34364390692531,39.3925201856714,39.3925201856714,0.0,53.27762685872585,13.885106673054452
3431,2025,F,5,-23.564136528556446,18.13887269754764,41.703009226104086,41.703009226104086,0.0,56.509084786393714,14.806075560289628
26941,2025,F,4,7.792664476420441,52.23936376485244,44.446699288432,44.446699288432,0.0,59.82340060964225,15.376701321210248
26940,2025,F,4,10.557024000458341,53.64596253949344,43.0889385390351,43.0889385390351,0.0,57.95909795906482,14.870159420029722
360,2025,F,3,68.6599863872757,108.36406800210943,39.70408161483374,39.70408161483374,0.0,43.75843268133758,4.054351066503841
26942,2025,F,4,54.072837290593725,99.52435539333737,45.45151810274365,45.45151810274365,0.0,60.610550617663876,15.159032514920227
18766,2025,F,3,34.59201889727228,63.296674025905304,28.70465512863302,28.70465512863302,0.0,45.43036225677747,16.72570712814445
364,2025,M,5,-0.29825544035020357,44.200000000000045,44.49825544035025,44.49825544035025,0.0,53.14779517567399,8.649539735323742
18131,2024,M,2,-6.563620809247368,52.299999999999955,58.86362080924732,58.86362080924732,0.0,70.0817793057704,11.218158496523074
1718,2024,M,3,-52.69340451411858,21.600000000000136,74.29340451411872,74.29340451411872,0.0,85.51803321531156,11.224628701192842
323,2024,M,2,-68.00171673065256,-11.200000000000045,56.801716730652515,56.801716730652515,0.0,68.06104925689237,11.25933252623986
4918,2024,M,3,-152.87927285023193,-96.70000000000005,56.17927285023188,56.17927285023188,0.0,67.91798872245863,11.738715872226749
18790,2024,M,2,14.674267904349563,77.40000000000009,62.72573209565053,62.72573209565053,0.0,74.52738541330154,11.801653317651017
27744,2025,M,4,-4.046886823194427,21.809999999999945,25.856886823194372,25.856886823194372,0.0,34.93062161633111,9.073734793136737
26020,2025,M,5,64.18024924265706,112.45000000000005,48.26975075734299,48.26975075734299,0.0,57.23854549587031,8.968794738527322
1552,2025,M,4,-64.66272843324577,-38.65000000000009,26.012728433245684,26.012728433245684,0.0,35.58049364640215,9.567765213156463
26931,2025,M,4,58.26273116419543,114.0,55.73726883580457,55.73726883580457,0.0,59.28392065596836,3.546651820163788
367,2025,M,5,26.1579431820046,75.16000000000008,49.00205681799548,49.00205681799548,0.0,58.357110036548875,9.355053218553394
368,2025,M,5,15.29169243399474,64.6099999999999,49.31830756600516,49.31830756600516,0.0,58.804535852820436,9.486228286815276
370,2025,M,5,91.09728850363445,142.91000000000008,51.81271149636564,51.81271149636564,0.0,61.29733682918982,9.48462533282418
371,2025,M,5,39.64231682789159,91.57999999999993,51.937683172108336,51.937683172108336,0.0,61.77672163233797,9.83903846022963
18752,2025,M,5,79.62084938656858,134.69000000000005,55.069150613431475,55.069150613431475,0.0,65.26025120188001,10.191100588448535
26932,2025,M,3,9.283326966274899,66.0,56.7166730337251,56.7166730337251,0.0,60.43444418352351,3.717771149798409
8001,2025,M,5,113.2594676220624,166.76999999999998,53.51053237793758,53.51053237793758,0.0,63.182917054905374,9.672384676967795
4535,2024,M,2,76.8960285804867,129.0,52.1039714195133,52.1039714195133,0.0,61.451652566049916,9.347681146536615
4144,2024,M,2,59.98588364303282,94.39999999999986,34.41411635696704,34.41411635696704,0.0,64.27352160775717,29.859405250790132
18791,2024,M,2,-2.0372727307217247,60.80000000000018,62.83727273072191,62.83727273072191,0.0,74.77774134856054,11.940468617838633
287,2024,F,2,17.740935748582388,74.69999999999982,56.95906425141743,56.95906425141743,0.0,64.77513535727735,7.816071105859919
18795,2024,F,2,16.797087142108467,80.5,63.70291285789153,63.70291285789153,0.0,72.46247280452121,8.759559946629679
18796,2024,F,2,100.41527183417429,155.9000000000001,55.4847281658258,55.4847281658258,0.0,73.33891937549083,17.854191209665032
305,2024,F,2,-247.45189901373078,-171.0,76.45189901373078,76.45189901373078,0.0,88.55386802573685,12.101969012006066
18974,2024,M,3,44.196395872016865,101.79330197053787,57.596906098521,57.596906098521,0.0,63.236204762303714,5.639298663782711
256,2025,F,4,96.61001906637898,137.10000000000014,40.489980933621155,40.489980933621155,0.0,47.30171413150424,6.811733197883086
7993,2025,F,4,-10.757963336518515,9.167305458692681,19.925268795211196,19.925268795211196,0.0,26.955181089249436,7.02991229403824
18727,2025,F,3,-93.18373100882991,-27.657757042462435,65.52597396636747,65.52597396636747,0.0,72.84724626172988,7.321272295362405
26876,2025,F,3,12.54083076023835,-8.735042759386943,-21.275873519625293,-21.275873519625293,0.0,28.50789403295198,49.783767552577274
26875,2025,F,5,26.47393092108382,47.366493514099375,20.892562593015555,20.892562593015555,0.0,28.031109895347754,7.138547302332199
399,2024,M,2,108.60013406602343,102.80127659390791,-5.798857472115515,-5.798857472115515,0.0,1.1919340956806082,6.990791567796123
27952,2025,M,2,-14.898090268280612,32.559999999999945,47.45809026828056,47.45809026828056,0.0,54.19412877825107,6.736038509970513
2363,2024,M,3,114.0440616117346,107.5,-6.544061611734605,-6.544061611734605,0.0,1.942951754609794,8.4870133663444
20397,2025,M,4,-33.42107941703284,-18.29616208782386,15.124917329208984,15.124917329208984,0.0,22.067857311433727,6.942939982224743
21207,2024,M,2,159.25873457442685,151.9375188720519,-7.321215702374957,-7.321215702374957,0.0,1.5235609206888512,8.844776623063808
21208,2024,F,2,142.1296030108715,136.5999999999999,-5.529603010871597,-5.529603010871597,0.0,0.9692098552964126,6.498812866168009
21210,2024,M,3,201.82699990873016,195.0,-6.8269999087301585,-6.8269999087301585,0.0,2.1286079586707274,8.955607867400886
385,2024,F,2,122.75214534758356,116.90000000000009,-5.852145347583473,-5.852145347583473,0.0,1.0062768152795343,6.8584221628630075
17703,2024,M,2,-45.90890801273963,-45.331796153785945,0.5771118589536854,0.5771118589536854,0.0,2.3294472270390543,1.7523353680853688
7976,2025,M,4,-23.88580898608234,-48.20370544595676,-24.31789645987442,-24.31789645987442,0.0,21.728639744365182,46.0465362042396
27183,2025,M,3,11.13320952817071,41.0,29.86679047182929,29.86679047182929,0.0,68.98983463658965,39.12304416476036
8,2025,M,3,-81.33319491918019,-33.00999999999999,48.323194919180196,48.323194919180196,0.0,55.517783801277574,7.194588882097378
2334,2024,F,2,28.214531159453372,22.383083346808235,-5.831447812645138,-5.831447812645138,0.0,2.4404572363591797,8.271905049004317
2350,2024,M,2,90.63202826892166,84.60000000000014,-6.032028268921522,-6.032028268921522,0.0,1.7731512822622335,7.805179551183755
3151,2024,M,3,165.50628008743456,159.0999999999999,-6.406280087434652,-6.406280087434652,0.0,1.968128734663651,8.374408822098303
26506,2025,M,4,10.632008683774075,-13.648673539319361,-24.280682223093436,-24.280682223093436,0.0,22.652715185690113,46.93339740878355
7975,2025,M,4,-83.46152872845755,-68.57387167557022,14.887657052887334,14.887657052887334,0.0,22.04680242796053,7.159145375073194
27,2025,M,4,-44.73703367693611,21.200000000000045,65.93703367693615,65.93703367693615,0.0,73.20561087994679,7.268577203010636
7,2025,M,5,16.393532861159656,25.80178949719675,9.408256636037095,9.408256636037095,0.0,16.481894550413926,7.073637914376832
4910,2025,M,2,-81.46716306021858,-85.72000000000003,-4.252836939781446,-4.252836939781446,0.0,53.816987247309726,58.06982418709117
2059,2025,M,5,-59.12661699379669,-42.856377724877575,16.270239268919113,16.270239268919113,0.0,23.887935016119172,7.6176957472000595
26887,2025,M,3,-75.16765196214601,-111.46241781357162,-36.29476585142561,-36.29476585142561,0.0,22.360286248562034,58.65505209998764
312,2025,M,3,-27.793703946354526,-63.40476123472422,-35.61105728836969,-35.61105728836969,0.0,23.045739677190113,58.656796965559806
27186,2025,M,2,-26.241735265995885,-11.100000000000136,15.141735265995749,15.141735265995749,0.0,74.72540482347677,59.58366955748102
8004,2025,M,5,-32.85498536612545,-6.400000000000091,26.454985366125356,26.454985366125356,0.0,33.60438377676701,7.149398410641652
27185,2025,M,2,-53.412927539874545,-39.33999999999992,14.072927539874627,14.072927539874627,0.0,74.32453163837158,60.251604098496955
26507,2025,M,4,18.180834644759216,-7.584644412550688,-25.765479057309904,-25.765479057309904,0.0,24.229492014684638,49.99497107199454
18736,2025,M,3,24.85440467259923,99.20000000000005,74.34559532740082,74.34559532740082,0.0,82.17019254685556,7.824597219454745
20475,2025,M,2,71.4735696411301,54.909999999999854,-16.563569641130243,-16.563569641130243,0.0,48.99766039339261,65.56123003452285
26,2025,M,2,62.139865906531895,45.320000000000164,-16.81986590653173,-16.81986590653173,0.0,48.78987139089668,65.60973729742841
24644,2025,M,2,-155.3709730717842,-162.41999999999985,-7.049026928215653,-7.049026928215653,0.0,58.918058838387196,65.96708576660285
8014,2025,M,5,150.45111304126954,181.29999999999995,30.848886958730418,30.848886958730418,0.0,38.12455286314594,7.2756659044155185
21205,2024,M,2,-37.63094724265443,-45.32226149842472,-7.691314255770294,-7.691314255770294,0.0,1.4274372032948577,9.118751459065152
2803,2024,M,3,-32.36280885919905,39.59999999999991,71.96280885919896,71.96280885919896,0.0,82.70864241482923,10.74583355563027
27573,2025,M,2,101.9411383731433,85.69000000000005,-16.25113837314325,-16.25113837314325,0.0,51.017268137162546,67.2684065103058
26890,2025,M,4,-39.18439428748843,-68.2064819419461,-29.022087654457664,-29.022087654457664,0.0,25.63549034439643,54.657577998854094
27763,2025,M,3,33.825876671099195,44.200000000000045,10.37412332890085,10.37412332890085,0.0,64.12142464586327,53.74730131696242
27091,2025,M,5,124.08539336924855,157.70000000000005,33.614606630751496,33.614606630751496,0.0,41.76661324634324,8.152006615591745
27958,2025,M,3,72.43108195511536,136.04999999999995,63.618918044884595,63.618918044884595,0.0,72.17985412276926,8.560936077884662
20468,2025,M,2,47.42245589857089,28.279999999999745,-19.142455898571143,-19.142455898571143,0.0,53.37136549470597,72.51382139327711
26888,2025,M,4,12.868041532199186,-11.48241601284235,-24.350457545041536,-24.350457545041536,0.0,22.779044486529074,47.12950203157061
27584,2025,M,2,41.46866887526494,21.90000000000009,-19.568668875264848,-19.568668875264848,0.0,53.91111009874976,73.47977897401461
4918,2025,M,2,-320.07056377643335,-333.1399999999999,-13.069436223566527,-13.069436223566527,0.0,61.59475750081742,74.66419372438395
2,2025,M,3,562.325400995483,631.1099999999999,68.78459900451685,68.78459900451685,0.0,75.58443582713107,6.799836822614225
8022,2025,M,5,172.20087032579386,210.0,37.79912967420614,37.79912967420614,0.0,46.78228652951793,8.98315685531179
18739,2025,M,5,290.5731717016347,330.9000000000001,40.3268282983654,40.3268282983654,0.0,49.30998515367719,8.98315685531179
3400,2025,M,2,-155.91439715960814,-182.75,-26.835602840391857,-26.835602840391857,0.0,54.24306570029785,81.0786685406897
5670,2025,M,2,100.94290693494895,79.5300000000002,-21.41290693494875,-21.41290693494875,0.0,64.13331541665139,85.54622235160014
27602,2025,F,2,112.5692651969382,99.7800000000002,-12.789265196938004,-12.789265196938004,0.0,29.34990767184695,42.139172868784954
282,2025,F,2,-7.589556918224162,-26.33485078495687,-18.74529386673271,-18.74529386673271,0.0,24.356074640008273,43.10136850674098
448,2025,F,2,18.486226993211858,26.639999999999873,8.153773006788015,8.153773006788015,0.0,52.40092781121393,44.24715480442592
27605,2025,F,2,102.11811481192944,87.97000000000003,-14.148114811929418,-14.148114811929418,0.0,31.214729460717535,45.36284427264695
26874,2025,F,5,58.126282382537966,78.51303815910069,20.386755776562723,20.386755776562723,0.0,27.153489535863628,6.766733759300905
20462,2025,F,2,155.60974935879744,140.06999999999994,-15.539749358797508,-15.539749358797508,0.0,36.715268861048116,52.255018219845624
26878,2025,F,3,-5.599014443223041,16.7166598035667,22.31567424678974,22.31567424678974,0.0,30.1492128783334,7.833538631543661
26622,2025,F,2,7.26404626466865,52.23000000000002,44.96595373533137,44.96595373533137,0.0,52.6854028811772,7.719449145845829
27620,2025,F,2,94.79721883577076,77.86000000000013,-16.937218835770636,-16.937218835770636,0.0,35.832756136199805,52.76997497197044
27106,2025,F,3,140.97857475517003,143.03999999999996,2.061425244829934,2.061425244829934,0.0,55.054718691421385,52.99329344659145
20463,2025,F,2,-18.02108479998651,-37.61999999999989,-19.59891520001338,-19.59891520001338,0.0,34.320156720883006,53.919071920896386
27622,2025,F,2,110.52431416965123,93.49000000000001,-17.034314169651225,-17.034314169651225,0.0,36.88746646589698,53.9217806355482
26633,2025,F,2,-16.971198148956773,30.079999999999927,47.0511981489567,47.0511981489567,0.0,55.260186641801056,8.208988492844355
27969,2025,F,2,76.07267238128793,124.02999999999997,47.95732761871204,47.95732761871204,0.0,55.824502194246406,7.867174575534364
18741,2025,F,5,108.18668472244576,160.0999999999999,51.91331527755415,51.91331527755415,0.0,60.731387080498735,8.818071802944587
27107,2025,F,4,-21.935541436334915,23.6899999999996,45.625541436334515,45.625541436334515,0.0,61.1825130451939,15.556971608859385
49,2025,M,2,121.05764606822913,102.61999999999989,-18.437646068229242,-18.437646068229242,0.0,58.38110766463478,76.81875373286402
635,2024,F,2,102.74550717058378,115.15000000000009,12.404492829416313,12.404492829416313,0.0,44.628567953278434,32.22407512386212
18897,2024,M,2,-113.98397417452043,-113.90000000000009,0.08397417452033551,0.08397417452033551,0.0,7.955927912307743,7.871953737787408
18911,2024,F,2,131.82363096769086,127.79999999999995,-4.023630967690906,-4.023630967690906,0.0,3.5719988202322384,7.595629787923144
1706,2024,F,2,148.40707499143696,103.5462040259456,-44.86087096549136,-44.86087096549136,0.0,3.6182136021043334,48.47908456759569
18912,2024,F,2,107.85364420524161,103.60000000000014,-4.253644205241471,-4.253644205241471,0.0,3.651640798701237,7.9052850039427085
18913,2024,F,2,114.20194842101387,109.29999999999995,-4.901948421013913,-4.901948421013913,0.0,4.16830411254341,9.070252533557323
18914,2024,F,2,187.25508261085497,182.70000000000005,-4.5550826108549245,-4.5550826108549245,0.0,4.194103626695323,8.749186237550248
1712,2024,M,3,13.789718861370375,78.70000000000005,64.91028113862967,64.91028113862967,0.0,74.31148852379783,9.401207385168163
1715,2024,M,3,36.56503021169783,101.90000000000009,65.33496978830226,65.33496978830226,0.0,74.64382970682027,9.30885991851801
18915,2024,M,2,35.58312193784877,103.79999999999995,68.21687806215118,68.21687806215118,0.0,77.95394788972271,9.737069827571531
2796,2024,M,3,29.64996150445404,98.40000000000009,68.75003849554605,68.75003849554605,0.0,78.6053366084468,9.855298112900755
4117,2024,F,2,42.59445380127727,76.59999999999991,34.00554619872264,34.00554619872264,0.0,40.617099030273266,6.611552831550625
570,2024,F,2,111.68765649458987,146.79999999999995,35.11234350541008,35.11234350541008,0.0,41.57506175815524,6.462718252745162
18928,2024,F,2,73.70226030355752,109.0,35.29773969644248,35.29773969644248,0.0,42.00197993036318,6.7042402339207
2700,2024,F,2,94.77326969793785,130.19999999999982,35.42673030206197,35.42673030206197,0.0,42.04363048374944,6.61690018168747
18932,2024,F,2,62.012153706202525,99.0,36.987846293797475,36.987846293797475,0.0,44.0949202380184,7.107073944220929
623,2024,F,2,65.83251317510349,103.0,37.167486824896514,37.167486824896514,0.0,44.29015720701591,7.122670382119395
3098,2024,F,2,72.37782662850373,109.79999999999995,37.42217337149623,37.42217337149623,0.0,44.56088580402593,7.138712432529701
18824,2024,F,2,103.5731394011766,94.11828369275304,-9.454855708423565,-9.454855708423565,0.0,6.656171836838212,16.111027545261777
1751,2024,F,2,-100.60592430068937,-101.0142101712147,-0.40828587052533294,-0.40828587052533294,0.0,6.885885249638704,7.294171120164037
18842,2024,F,2,-87.956550096113,-88.3119456682864,-0.3553955721733928,-0.3553955721733928,0.0,7.46969837736674,7.825093949540133
2096,2024,F,2,-21.89278304255049,-21.97513679632766,-0.08235375377716991,-0.08235375377716991,0.0,7.548442931536329,7.6307966853134985
18850,2024,F,2,-38.38837026022293,-38.53882541291455,-0.15045515269162024,-0.15045515269162024,0.0,7.598598698523347,7.749053851214967
1821,2024,M,2,-12.892831286147839,-21.799999999999955,-8.907168713852116,-8.907168713852116,0.0,6.628547291379618,15.535716005231734
1452,2024,F,2,-27.234263795451625,6.6036606499556,33.837924445407225,33.837924445407225,0.0,55.6088933446174,21.770968899210175
3440,2024,M,2,67.22558811355566,50.86256493588644,-16.36302317766922,-16.36302317766922,0.0,0.06065801223644485,16.423681189905665
25996,2024,M,2,-76.73457058978579,-55.455128019398444,21.279442570387346,21.279442570387346,0.0,37.01049567177324,15.731053101385896
22586,2024,M,2,79.81856026102082,62.55667393555814,-17.261886325462683,-17.261886325462683,0.0,0.06431025251458777,17.32619657797727
17931,2024,F,2,56.98001813401197,68.45000000000005,11.469981865988075,11.469981865988075,0.0,44.65720270873135,33.18722084274327
18938,2024,F,2,139.68520877333663,178.79999999999995,39.11479122666333,39.11479122666333,0.0,46.23211425864611,7.117323031982778
18941,2024,F,2,152.2024097094245,166.16000000000008,13.957590290575581,13.957590290575581,0.0,46.95318946414409,32.99559917356851
3116,2024,F,2,133.47152913970308,173.19999999999982,39.72847086029674,39.72847086029674,0.0,47.00264949629013,7.274178635993394
2713,2024,F,2,170.53775055118012,184.89999999999986,14.362249448819739,14.362249448819739,0.0,47.07293480512931,32.71068535630957
18943,2024,F,2,59.0683378294907,98.70000000000005,39.631662170509344,39.631662170509344,0.0,47.286393891233274,7.65473172072393
612,2024,F,3,128.13225652983215,169.20000000000005,41.0677434701679,41.0677434701679,0.0,48.64003687628383,7.572293406115932
2405,2024,F,2,167.50860019727838,212.39999999999986,44.89139980272148,44.89139980272148,0.0,53.02115446059133,8.129754657869853
650,2024,F,2,267.31016994768925,313.5,46.189830052310754,46.189830052310754,0.0,54.044196178139146,7.854366125828392
18958,2024,F,2,359.7920108888386,380.28999999999996,20.49798911116136,20.49798911116136,0.0,56.803545339972516,36.305556228811156
18965,2024,M,3,77.95272321038556,129.89999999999986,51.94727678961431,51.94727678961431,0.0,58.92920185786329,6.981925068248984
699,2024,M,3,60.25412641404364,113.29999999999995,53.045873585956315,53.045873585956315,0.0,60.27384401663335,7.227970430677033
747,2024,M,2,35.980727237286146,89.20000000000005,53.2192727627139,53.2192727627139,0.0,60.59531373582513,7.37604097311123
5409,2024,M,2,56.09087887405349,77.15000000000009,21.059121125946604,21.059121125946604,0.0,61.068876655494705,40.0097555295481
709,2024,M,2,-43.80287686289989,9.5,53.30287686289989,53.30287686289989,0.0,61.09652996467253,7.793653101772634
18968,2024,M,3,-13.980375442652075,40.09999999999991,54.080375442651984,54.080375442651984,0.0,61.83279932153118,7.752423878879199
4368,2024,M,2,109.83509805907579,164.60000000000014,54.76490194092435,54.76490194092435,0.0,61.98489252200898,7.21999058108463
18969,2024,M,3,10.598302931097578,65.0,54.40169706890242,54.40169706890242,0.0,62.07476577683656,7.673068707934135
678,2024,M,3,-11.122782759109896,43.5,54.622782759109896,54.622782759109896,0.0,62.4377154597953,7.814932700685404
2728,2024,M,2,92.47666008649685,114.90000000000009,22.42333991350324,22.42333991350324,0.0,62.56215535109527,40.13881543759203
1529,2024,M,2,132.39580290059257,155.9000000000001,23.50419709940752,23.50419709940752,0.0,62.91127837946465,39.40708128005713
711,2024,M,2,-105.59151285367943,-50.09999999999991,55.491512853679524,55.491512853679524,0.0,63.910254173512385,8.418741319832861
3142,2024,M,2,84.26642924993871,140.9000000000001,56.63357075006138,56.63357075006138,0.0,64.24900721094014,7.615436460878755
18976,2024,M,2,33.07332141652341,89.60000000000014,56.52667858347672,56.52667858347672,0.0,64.38727375682902,7.860595173352294
18980,2024,M,2,68.25728259031212,126.0,57.742717409687884,57.742717409687884,0.0,65.59710603335725,7.854388623669365
18990,2024,M,3,197.74239188232514,257.0,59.25760811767486,59.25760811767486,0.0,66.6686717639966,7.411063646321736
693,2024,M,2,212.77237680378607,239.65999999999985,26.88762319621378,26.88762319621378,0.0,67.35654782979395,40.46892463358017
3137,2024,M,2,204.19587086266006,230.89999999999986,26.704129137339805,26.704129137339805,0.0,67.43259443003285,40.728465292693045
18994,2024,M,3,51.74201153306308,111.20000000000005,59.45798846693697,59.45798846693697,0.0,67.63999424886629,8.18200578192932
3153,2024,M,3,111.11441590626941,171.20000000000005,60.08558409373063,60.08558409373063,0.0,68.05479388653316,7.9692097928025305
760,2024,M,2,118.10274467795853,179.29999999999995,61.19725532204143,61.19725532204143,0.0,69.2888228085917,8.091567486550275
3437,2024,M,2,-13.140133023010549,-28.021440250564638,-14.881307227554089,-14.881307227554089,0.0,2.6547766499747922,17.53608387752888
18997,2024,M,2,-34.671201905014186,26.100000000000136,60.77120190501432,60.77120190501432,0.0,69.57918255495838,8.807980649944056
19000,2024,M,2,53.6880770855505,115.90000000000009,62.21192291444959,62.21192291444959,0.0,70.77518817689793,8.56326526244834
19005,2024,M,2,-78.1739739224106,-14.599999999999909,63.57397392241069,63.57397392241069,0.0,73.00127956570964,9.42730564329895
529,2024,M,3,68.64617859154373,128.81670658264602,60.17052799110229,60.17052799110229,0.0,65.98079569819902,5.8102677070967275
786,2024,M,2,110.33202760868403,177.30000000000018,66.96797239131615,66.96797239131615,0.0,75.91870368396621,8.950731292650062
2626,2024,M,2,211.02045211629138,278.8000000000002,67.7795478837088,67.7795478837088,0.0,76.33350332163263,8.553955437923833
19014,2024,M,2,213.1294865879504,286.2999999999997,73.17051341204933,73.17051341204933,0.0,82.4794512863964,9.308937874347066
4589,2024,M,2,98.80869247875626,161.21400527064907,62.40531279189281,62.40531279189281,0.0,85.55588193242465,23.150569140531843
371,2024,M,3,-122.27028129183668,-135.95743538301622,-13.687154091179536,-13.687154091179536,0.0,4.310681845362524,17.99783593654206
2641,2024,M,2,-45.01288394680819,-64.32884508844586,-19.315961141637672,-19.315961141637672,0.0,0.06713097194437978,19.38309211358205
20764,2024,F,2,99.91372888815317,97.0,-2.913728888153173,-2.913728888153173,0.0,3.2236922312745264,6.1374211194276995
20765,2024,M,2,127.89535808095252,124.20000000000005,-3.6953580809524738,-3.6953580809524738,0.0,3.2249448154452693,6.920302896397743
20766,2024,M,2,126.64212231715942,122.70000000000005,-3.942122317159374,-3.942122317159374,0.0,3.4073191573108943,7.349441474470268
20394,2024,F,2,-32.551632708421266,-15.320000000000164,17.231632708421103,17.231632708421103,0.0,24.526424933042108,7.2947922246210055
1719,2024,M,2,19.049303079693345,59.69999999999982,40.65069692030647,40.65069692030647,0.0,51.255362374051174,10.604665453744701
20482,2024,M,2,94.68271321755947,144.80000000000018,50.117286782440715,50.117286782440715,0.0,62.65889623414296,12.541609451702243
27986,2025,M,3,-31.26820952532944,-34.200000000000045,-2.9317904746706063,-2.9317904746706063,0.0,2.363339459348026,5.295129934018632
11358,2025,M,4,-31.79242268713574,-17.5,14.29242268713574,14.29242268713574,0.0,19.440997365899193,5.1485746787634525
27501,2025,M,3,-38.92442360827681,-60.399999999999864,-21.475576391723052,-21.475576391723052,0.0,20.227482494950436,41.70305888667349
19498,2025,M,2,18.57291402783676,46.899999999999636,28.327085972162877,28.327085972162877,0.0,32.093386249460764,3.766300277297887
1676,2025,F,4,79.21112397288448,105.59999999999991,26.38887602711543,26.38887602711543,0.0,30.82034769921711,4.431471672101679
27177,2025,M,4,224.40680517794522,266.9000000000001,42.493194822054875,42.493194822054875,0.0,47.25438367991046,4.761188857855586
27176,2025,M,4,109.86094057194941,150.5,40.63905942805059,40.63905942805059,0.0,45.53137667218698,4.892317244136393
27988,2025,M,2,-49.50438616553879,-52.399999999999864,-2.8956138344610736,-2.8956138344610736,0.0,2.2898139201852246,5.185427754646298
27475,2025,M,3,39.6310519793667,55.88000000000011,16.248948020633406,16.248948020633406,0.0,21.97660165144748,5.727653630814075
19488,2025,M,3,54.135768958040444,98.39999999999986,44.26423104195942,44.26423104195942,0.0,46.61406050824576,2.3498294662863373
20492,2025,M,2,-42.62517846677042,-35.289999999999964,7.335178466770458,7.335178466770458,0.0,13.636510745237729,6.301332278467271
20488,2025,M,2,76.56311443797767,84.52999999999997,7.9668855620222985,7.9668855620222985,0.0,13.949847345586022,5.982961783563724
28685,2025,M,2,-24.57812204690572,-16.910000000000082,7.668122046905637,7.668122046905637,0.0,14.115431727884015,6.447309680978378
22531,2025,M,3,81.10942090084859,127.51999999999998,46.41057909915139,46.41057909915139,0.0,52.803636789138636,6.393057689987245
5137,2025,M,3,22.085271918732815,48.88999999999987,26.804728081267058,26.804728081267058,0.0,32.588573923372905,5.783845842105848
28690,2025,M,2,13.253896459810221,20.450000000000045,7.196103540189824,7.196103540189824,0.0,12.992005380293676,5.795901840103852
3268,2025,M,2,6.414054549834873,13.970000000000027,7.555945450165154,7.555945450165154,0.0,13.694252991372423,6.1383075412072685
28691,2025,M,2,89.45707259064557,97.49000000000001,8.032927409354443,8.032927409354443,0.0,13.979567619331874,5.946640209977431
22524,2025,M,2,73.99433175771469,82.25999999999999,8.265668242285301,8.265668242285301,0.0,14.511135944041825,6.2454677017565245
22525,2025,M,2,20.28991934191913,28.639999999999873,8.350080658080742,8.350080658080742,0.0,15.041005967394995,6.6909253093142524
3298,2025,M,2,108.08138322325544,118.13999999999987,10.05861677674443,10.05861677674443,0.0,17.532414057969163,7.4737972812247335
28694,2025,M,2,80.40551845965547,90.93000000000029,10.524481540344823,10.524481540344823,0.0,18.573472789749303,8.04899124940448
28695,2025,M,2,23.901197745219406,31.320000000000164,7.418802254780758,7.418802254780758,0.0,13.322324994211158,5.9035227394304
2950,2025,M,2,37.383267925269365,45.47000000000003,8.086732074730662,8.086732074730662,0.0,14.44235473908725,6.355622664356588
28699,2025,M,2,34.36731450693378,43.169999999999845,8.802685493066065,8.802685493066065,0.0,15.765331496113276,6.962646003047212
22519,2025,M,2,107.29007979814014,116.51999999999998,9.22992020185984,9.22992020185984,0.0,16.031115658468252,6.801195456608411
1686,2025,F,2,23.980639119261014,21.799999999999955,-2.180639119261059,-2.180639119261059,0.0,2.0725761892067567,4.253215308467816
1060,2025,F,3,-11.747628997472702,-1.7999999999999545,9.947628997472748,9.947628997472748,0.0,14.957587210624979,5.009958213152231
11448,2025,F,3,112.2199358880714,123.0,10.780064111928596,10.780064111928596,0.0,15.631161731583234,4.851097619654638
11437,2025,F,3,4.095841765660452,14.299999999999955,10.204158234339502,10.204158234339502,0.0,15.268609325493571,5.064451091154069
24603,2025,F,2,55.77390750043787,69.59999999999991,13.826092499562037,13.826092499562037,0.0,16.34706470604442,2.5209722064823836
27975,2025,F,2,-1.737047409790648,-4.0,-2.262952590209352,-2.262952590209352,0.0,2.0752346636174934,4.338187253826845
1016,2025,F,2,6.358935828182439,4.0,-2.358935828182439,-2.358935828182439,0.0,2.1864475097993363,4.545383337981775
11428,2025,F,3,-7.578735436267152,1.7000000000000455,9.278735436267198,9.278735436267198,0.0,13.936183223925582,4.657447787658384
1004,2025,F,3,29.291699685808226,39.0,9.708300314191774,9.708300314191774,0.0,14.40915768263153,4.700857368439756
1050,2025,F,3,-38.96618176299762,-29.5,9.466181762997621,9.466181762997621,0.0,14.362228310269757,4.896046547272135
11381,2025,M,2,12.291560090132634,27.899999999999864,15.60843990986723,15.60843990986723,0.0,17.680664999490773,2.0722250896235437
11380,2025,M,3,27.68958243684051,40.899999999999864,13.210417563159353,13.210417563159353,0.0,17.748202503647462,4.537784940488109
1216,2025,M,2,-0.588804089908308,15.0,15.588804089908308,15.588804089908308,0.0,17.677397055741267,2.0885929658329587
1195,2025,M,3,22.157880710934478,35.40000000000009,13.242119289065613,13.242119289065613,0.0,17.812472064054873,4.57035277498926
11386,2025,M,3,-46.15674587098397,-32.90000000000009,13.256745870983877,13.256745870983877,0.0,18.09678317026328,4.840037299279402
27492,2025,M,2,-111.37576174660694,-95.19999999999982,16.175761746607122,16.175761746607122,0.0,18.50636545353632,2.330603706929196
20451,2025,M,2,23.36297709487758,20.90000000000009,-2.4629770948774876,-2.4629770948774876,0.0,2.1036618042478494,4.566638899125337
1273,2025,M,3,-60.5602271097855,-46.700000000000045,13.860227109785455,13.860227109785455,0.0,18.968234836801912,5.108007727016457
11402,2025,M,3,4.225824041119267,18.09999999999991,13.874175958880642,13.874175958880642,0.0,18.73621083058606,4.8620348717054185
1703,2025,M,2,-3.1047903959781706,13.5,16.60479039597817,16.60479039597817,0.0,18.833159828488306,2.228369432510135
27977,2025,M,2,-25.41900885513178,-28.200000000000045,-2.780991144868267,-2.780991144868267,0.0,2.251882016588752,5.032873161457019
1254,2025,M,3,-62.60131601347416,-49.0,13.601316013474161,13.601316013474161,0.0,18.626190057685335,5.024874044211174
11390,2025,M,3,205.55166135105424,221.60000000000014,16.0483386489459,16.0483386489459,0.0,20.89523233443606,4.8468936854901585
27979,2025,M,2,5.939889800165474,3.2000000000000455,-2.739889800165429,-2.739889800165429,0.0,2.292411995774046,5.032301795939475
19479,2025,M,2,80.7700247401915,78.20000000000005,-2.5700247401914567,-2.5700247401914567,0.0,2.3294345729143515,4.899459313105808
19482,2025,M,2,145.79823366512528,165.29999999999995,19.501766334874674,19.501766334874674,0.0,21.898491065538792,2.3967247306641184
1278,2025,M,2,-0.48368007283806946,17.700000000000045,18.183680072838115,18.183680072838115,0.0,20.619635744893003,2.435955672054888
27981,2025,M,2,34.16633165053463,31.300000000000182,-2.8663316505344483,-2.8663316505344483,0.0,2.4647943110906,5.331125961625048
27982,2025,M,2,115.2541670559799,112.59999999999991,-2.654167055979997,-2.654167055979997,0.0,2.4815518986383722,5.135718954618369
11419,2025,M,2,29.462451503027978,26.5,-2.962451503027978,-2.962451503027978,0.0,2.533513410414116,5.495964913442094
1299,2025,M,3,9.81840188439628,25.799999999999955,15.981598115603674,15.981598115603674,0.0,21.562982173921455,5.581384058317781
1395,2025,M,3,64.89130698189228,81.09999999999991,16.208693018107624,16.208693018107624,0.0,21.65666322807442,5.4479702099667975
26490,2025,M,2,38.46367404770103,35.399999999999864,-3.06367404770117,-3.06367404770117,0.0,2.639125183098713,5.702799230799883
27983,2025,M,2,-42.77825830923848,-46.100000000000136,-3.3217416907616553,-3.3217416907616553,0.0,2.660169595367961,5.981911286129616
27508,2025,M,3,-263.8078119841409,-248.10000000000014,15.70781198414079,15.70781198414079,0.0,22.252518305070225,6.544706320929436
1341,2025,M,3,-104.93310627036044,-88.69999999999982,16.233106270360622,16.233106270360622,0.0,22.34728867380636,6.114182403445739
1008,2025,F,4,-77.70948820810008,-69.10000000000014,8.609488208099947,8.609488208099947,0.0,13.258007784108258,4.648519576008312
1049,2025,F,4,-4.014348037524314,4.7999999999999545,8.814348037524269,8.814348037524269,0.0,13.223960984551695,4.409612947027426
27520,2025,F,3,2.638342917806085,-8.900000000000091,-11.538342917806176,-11.538342917806176,0.0,13.582832655554284,25.12117557336046
27528,2025,F,4,-42.74870493492722,-33.0,9.748704934927218,9.748704934927218,0.0,14.802996336962224,5.054291402035005
27535,2025,F,3,-110.84430651120806,-126.20000000000005,-15.355693488791985,-15.355693488791985,0.0,15.769189297353478,31.124882786145463
11365,2025,F,3,40.95086716522519,38.0,-2.9508671652251905,-2.9508671652251905,0.0,2.828764466035409,5.7796316312605995
27485,2025,M,4,-26.25036570992097,-13.400000000000091,12.85036570992088,12.85036570992088,0.0,17.470427284938296,4.6200615750174165
27486,2025,M,3,-33.749030298622074,-20.90000000000009,12.849030298621983,12.849030298621983,0.0,17.497660149517515,4.6486298508955315
3169,2025,M,4,-7.83108825008253,5.5,13.33108825008253,13.33108825008253,0.0,18.0488533286034,4.71776507852087
1305,2025,M,2,103.17314100139583,100.39999999999986,-2.7731410013959703,-2.7731410013959703,0.0,2.5516999395358653,5.324840940931836
1251,2025,M,3,-94.77892227878579,-80.70000000000005,14.07892227878574,14.07892227878574,0.0,19.396335467989275,5.317413189203535
27541,2025,F,3,110.33133296354436,121.60000000000014,11.268667036455781,11.268667036455781,0.0,16.371909667882846,5.103242631427065
1207,2025,M,3,-44.330290635424035,-30.700000000000045,13.63029063542399,13.63029063542399,0.0,18.59459993477344,4.964309299349452
1032,2025,F,3,35.468403973663726,44.600000000000136,9.13159602633641,9.13159602633641,0.0,13.516579423984467,4.384983397648057
1020,2025,F,3,95.14529929788705,104.59999999999991,9.45470070211286,9.45470070211286,0.0,13.724540956411602,4.269840254298742
1074,2025,F,2,0.7425747679628785,-1.7999999999999545,-2.542574767962833,-2.542574767962833,0.0,2.3393097884161307,4.881884556378964
1042,2025,F,3,-53.73045085497233,-44.799999999999955,8.930450854972378,8.930450854972378,0.0,13.627921660372294,4.697470805399917
1096,2025,F,3,17.004038986005753,27.59999999999991,10.595961013994156,10.595961013994156,0.0,15.79587462673544,5.199913612741284
1056,2025,F,2,63.28717973766197,77.29999999999995,14.012820262337982,14.012820262337982,0.0,16.555946422243096,2.543126159905114
1381,2025,M,3,40.22490355938953,56.40000000000009,16.17509644061056,16.17509644061056,0.0,21.70677169890041,5.531675258289852
1704,2025,M,4,-51.60493385816994,-38.5,13.104933858169943,13.104933858169943,0.0,17.912689005706852,4.807755147536909
27491,2025,M,2,-46.35082637161713,-30.200000000000045,16.150826371617086,16.150826371617086,0.0,18.3821835910544,2.2313572194373137
27495,2025,M,2,-8.369991209727232,8.300000000000182,16.669991209727414,16.669991209727414,0.0,18.914858422226416,2.2448672124990026
27985,2025,M,2,52.68556404087121,16.799999999999955,-35.88556404087126,-35.88556404087126,0.0,2.302544490570199,38.18810853144146
1266,2025,M,4,3.979109071031189,18.100000000000136,14.120890928968947,14.120890928968947,0.0,19.070630407620456,4.949739478651509
27499,2025,M,3,-178.44295133886112,-202.5999999999999,-24.157048661138788,-24.157048661138788,0.0,19.81463226792789,43.97168092906668
19496,2025,M,3,-78.04916278927749,-63.5,14.549162789277489,14.549162789277489,0.0,19.967136309572197,5.417973520294709
27987,2025,M,2,21.93490695380865,-17.899999999999864,-39.83490695380851,-39.83490695380851,0.0,2.505454194055119,42.34036114786363
27511,2025,M,4,-13.326670511748944,3.700000000000273,17.026670511749217,17.026670511749217,0.0,23.065146984117746,6.038476472368529
3097,2025,F,3,14.565863913085195,21.809999999999945,7.24413608691475,7.24413608691475,0.0,11.724866857775396,4.480730770860646
3102,2025,F,4,-21.637708813478184,4.900000000000091,26.537708813478275,26.537708813478275,0.0,31.362945406284325,4.82523659280605
19486,2025,M,3,1.4122948513067968,14.809999999999945,13.397705148693149,13.397705148693149,0.0,18.242313372112903,4.844608223419755
2946,2025,M,3,29.558095191614257,70.92000000000007,41.361904808385816,41.361904808385816,0.0,47.248149843678675,5.886245035292859
2945,2025,M,3,17.27146327549508,58.36999999999989,41.09853672450481,41.09853672450481,0.0,47.0007156425022,5.902178917997389
2965,2025,M,2,-25.34644563192046,-17.939999999999827,7.406445631920633,7.406445631920633,0.0,13.645002252022095,6.238556620101463
18781,2025,M,2,63.42549595735932,86.69999999999982,23.2745040426405,23.2745040426405,0.0,37.89602957488091,14.621525532240412
26005,2025,M,2,10.433702330848746,17.710000000000036,7.27629766915129,7.27629766915129,0.0,13.15758976259167,5.881292093440379
26006,2025,M,2,25.43420376446261,33.36000000000013,7.925796235537518,7.925796235537518,0.0,14.233463672188464,6.307667436650945
3279,2025,M,2,13.724742509260068,21.88000000000011,8.155257490740041,8.155257490740041,0.0,14.732764271117503,6.577506780377462
3276,2025,M,2,2.518992948454752,10.829999999999927,8.311007051545175,8.311007051545175,0.0,15.094502460137392,6.783495408592216
28696,2025,M,2,42.24681561709758,49.83999999999992,7.593184382902336,7.593184382902336,0.0,13.510836444826964,5.917652061924628
28698,2025,M,2,33.723672389415924,41.559999999999945,7.836327610584021,7.836327610584021,0.0,14.01268449579129,6.176356885207269
2987,2025,M,2,60.04994817181728,69.29999999999995,9.250051828182677,9.250051828182677,0.0,16.398797902237447,7.14874607405477
28701,2025,M,2,-19.790050849291674,-9.909999999999854,9.88005084929182,9.88005084929182,0.0,18.103892464565888,8.223841615274068
28702,2025,F,2,169.11358084726203,181.70000000000005,12.586419152738017,12.586419152738017,0.0,19.25632384989217,6.669904697154152
2940,2025,F,2,-7.478155042233993,5.379999999999882,12.858155042233875,12.858155042233875,0.0,21.108202303153803,8.250047260919928
22552,2025,F,2,1.4704572606096917,12.090000000000146,10.619542739390454,10.619542739390454,0.0,17.372324756347325,6.752782016956871
28708,2025,F,2,33.30081159686097,44.1099999999999,10.809188403138933,10.809188403138933,0.0,17.429153581464107,6.619965178325174
3238,2025,F,2,61.77561444723756,72.81999999999994,11.044385552762378,11.044385552762378,0.0,17.58728596439755,6.542900411635173
3237,2025,F,2,-12.810207454171405,-1.9100000000000819,10.900207454171323,10.900207454171323,0.0,17.945554644481717,7.045347190310395
3240,2025,F,2,29.005318774722355,40.1400000000001,11.134681225277745,11.134681225277745,0.0,17.99620642339005,6.861525198112304
28709,2025,F,2,24.11161485843604,35.79000000000019,11.67838514156415,11.67838514156415,0.0,18.92523417312509,7.2468490315609415
1288,2025,M,3,11.74766601069473,25.399999999999864,13.652333989305134,13.652333989305134,0.0,18.407237826467508,4.754903837162374
28711,2025,F,2,15.058254436422885,25.070000000000164,10.011745563577279,10.011745563577279,0.0,16.269104303537006,6.257358739959727
2924,2025,F,2,19.4553594861934,29.889999999999873,10.434640513806471,10.434640513806471,0.0,16.926342020104812,6.491701506298341
20451,2024,M,2,-41.85148126802687,-10.75,31.101481268026873,31.101481268026873,0.0,38.323688473998345,7.222207205971472
758,2024,M,2,-97.77681790228235,-60.98000000000002,36.79681790228233,36.79681790228233,0.0,45.604798552226384,8.807980649944056
2699,2024,F,2,67.78408204345851,91.89999999999986,24.115917956541352,24.115917956541352,0.0,30.437822655686205,6.321904699144852
587,2024,F,2,-47.55053438150185,-22.680000000000064,24.870534381501784,24.870534381501784,0.0,32.06227470288718,7.191740321385396
2705,2024,F,2,61.32785546388277,88.28999999999996,26.962144536117194,26.962144536117194,0.0,34.11288850645451,7.150743970337317
28712,2025,F,2,27.26040160247885,38.049999999999955,10.789598397521104,10.789598397521104,0.0,17.44521390160571,6.655615504084608
20478,2024,M,2,103.42721887650032,125.57860371897686,22.151384842476546,22.151384842476546,0.0,33.69223258856482,11.540847746088275
5670,2024,M,2,81.28786129391165,103.60807815729868,22.32021686338703,22.32021686338703,0.0,34.14683798223541,11.82662111884838
20479,2024,M,2,157.68190780827354,180.77496342972972,23.093055621456188,23.093055621456188,0.0,34.694355427166556,11.601299805710369
3366,2024,F,2,12.20403882489586,26.200000000000045,13.995961175104185,13.995961175104185,0.0,22.481647194813377,8.485686019709192
20462,2024,F,2,-5.172189885578973,9.799999999999955,14.972189885578928,14.972189885578928,0.0,24.21277134989873,9.240581464319803
20463,2024,F,2,58.67484681575843,74.20000000000005,15.525153184241617,15.525153184241617,0.0,24.53430684802379,9.009153663782172
20464,2024,F,2,-2.111569220772253,13.299999999999955,15.411569220772208,15.411569220772208,0.0,24.894598857083793,9.483029636311585
20466,2024,F,2,391.6983509036893,414.1999999999998,22.50164909631053,22.50164909631053,0.0,32.816716777411784,10.315067681101254
2193,2024,M,2,59.79467556348618,76.01748257336362,16.222807009877442,16.222807009877442,0.0,24.812495118037305,8.589688108159862
20468,2024,M,2,-122.92338047231192,-106.35642095064372,16.566959521668196,16.566959521668196,0.0,26.926244284228233,10.359284762560037
42,2024,M,2,-236.24159804805254,-220.09467627533581,16.146921772716723,16.146921772716723,0.0,27.248118176096796,11.101196403380072
26,2024,M,2,-4.681804598141753,13.085839398756661,17.767643996898414,17.767643996898414,0.0,27.7807033270758,10.013059330177384
20472,2024,M,2,93.88206434352196,112.1954360207942,18.313371677272244,18.313371677272244,0.0,27.78236247084851,9.468990793576268
20476,2024,M,2,-64.00169187777215,-46.01988336203135,17.981808515740795,17.981808515740795,0.0,28.626866651061164,10.645058135320369
27746,2025,F,3,27.341209836345115,45.94612996979549,18.604920133450378,18.604920133450378,0.0,29.374073058157364,10.769152924706987
23384,2025,F,2,10.430950300707991,29.562996871942687,19.132046571234696,19.132046571234696,0.0,31.397661272685582,12.265614701450886
1466,2025,F,2,-105.3008627410311,-79.43930111704663,25.86156162398447,25.86156162398447,0.0,38.666255882545784,12.804694258561312
19366,2025,F,4,-70.86165001801373,-52.68829047286613,18.173359545147605,18.173359545147605,0.0,31.099191226340054,12.925831681192449
26990,2025,F,4,-117.50996924953097,-91.6864077020225,25.82356154750846,25.82356154750846,0.0,38.77156570337888,12.948004155870422
27334,2025,F,3,-26.107369721341456,-2.730000000000018,23.377369721341438,23.377369721341438,0.0,36.57296651111619,13.195596789774754
7945,2025,F,2,-16.465627235143984,7.460000000000036,23.92562723514402,23.92562723514402,0.0,37.286255736851444,13.360628501707424
27333,2025,F,2,-59.6001229730648,-36.549999999999955,23.050122973064845,23.050122973064845,0.0,36.53792774213275,13.487804769067907
27337,2025,F,2,11.20809300823862,36.090000000000146,24.881906991761525,24.881906991761525,0.0,38.37746311376577,13.495556122004245
27335,2025,F,2,-26.332719583367407,-2.130000000000109,24.202719583367298,24.202719583367298,0.0,37.854384348226404,13.651664764859106
18760,2025,F,4,27.709324632236758,68.09626667375142,40.38694204151466,40.38694204151466,0.0,54.10620581453827,13.719263773023613
27339,2025,F,2,-11.10712266306382,13.63000000000011,24.73712266306393,24.73712266306393,0.0,38.46756280543741,13.730440142373482
27336,2025,F,3,-23.640820717680754,0.7899999999999636,24.430820717680717,24.430820717680717,0.0,38.1697332690776,13.73891255139688
25098,2025,F,4,-103.21300936437729,-67.0592160220383,36.153793342338986,36.153793342338986,0.0,50.00473998326743,13.850946640928441
1478,2025,F,5,60.81796231294106,144.28270696002278,83.46474464708172,83.46474464708172,0.0,97.32921108964297,13.864466442561252
27341,2025,F,2,3.932801743433174,29.339999999999918,25.407198256566744,25.407198256566744,0.0,39.29347664576244,13.886278389195695
26937,2025,F,4,-9.502060759603182,30.217613493499357,39.71967425310254,39.71967425310254,0.0,53.662916073178394,13.943241820075855
26936,2025,F,3,-19.663312193364845,19.831799598631733,39.49511179199658,39.49511179199658,0.0,53.4847715976789,13.989659805682322
26938,2025,F,4,20.602660056428476,61.63178285560184,41.029122799173365,41.029122799173365,0.0,55.059071613721926,14.029948814548561
358,2025,F,4,-11.316211215418434,28.740371584424565,40.056582799843,40.056582799843,0.0,54.139348972770904,14.082766172927904
7998,2025,F,3,10.286189649716789,51.6209876540388,41.33479800432201,41.33479800432201,0.0,55.597647935000396,14.262849930678385
18934,2025,F,2,-107.23248868133533,-83.8900000000001,23.342488681335226,23.342488681335226,0.0,37.66167111881737,14.31918243748214
4656,2025,F,4,15.48004978102449,57.445979282523695,41.965929501499204,41.965929501499204,0.0,56.38479794302157,14.418868441522363
7749,2025,F,2,-52.71568449197912,-27.569999999999936,25.145684491979182,25.145684491979182,0.0,39.68641141221997,14.540726920240786
2636,2025,M,2,-24.47001230757337,42.65000000000009,67.12001230757346,67.12001230757346,0.0,77.69015808308882,10.570145775515357
27402,2025,M,2,-71.60468276172855,-1.0399999999999636,70.56468276172859,70.56468276172859,0.0,81.75511829995344,11.190435538224847
1592,2025,M,2,37.30589731464397,39.11999999999989,1.8141026853559197,1.8141026853559197,0.0,13.151689399952375,11.337586714596455
28328,2025,M,2,68.50938037046353,96.38000000000011,27.870619629536577,27.870619629536577,0.0,39.248493921106274,11.377874291569697
28393,2025,M,2,82.48986356272326,84.59000000000015,2.1001364372768876,2.1001364372768876,0.0,13.504673196896874,11.404536759619987
27400,2025,M,3,-33.94763610755854,0.5470887433916687,34.494724850950206,34.494724850950206,0.0,45.911390629101334,11.416665778151128
2606,2025,M,3,-61.70271887671788,11.830000000000382,73.53271887671826,73.53271887671826,0.0,85.11390116614393,11.58118228942567
2559,2025,M,2,-133.72211281562159,-59.38999999999987,74.33211281562171,74.33211281562171,0.0,86.48084768145327,12.148734865831557
4585,2025,M,2,88.5342665979606,173.51999999999998,84.98573340203939,84.98573340203939,0.0,97.38126975068235,12.395536348642963
27412,2025,M,2,169.24768994848728,259.8899999999999,90.6423100515126,90.6423100515126,0.0,103.39973997951893,12.757429928006331
25677,2025,M,2,-719.9015069574971,-696.0041175321726,23.89738942532449,23.89738942532449,0.0,36.75949224894157,12.862102823617079
23458,2025,M,2,146.96133633000863,244.90999999999985,97.94866366999122,97.94866366999122,0.0,111.95682516535908,14.008161495367858
28395,2025,F,2,7.101352697799484,13.190000000000055,6.08864730220057,6.08864730220057,0.0,20.679307356472236,14.590660054271666
27889,2025,F,2,-201.67575805167098,-183.88915955101584,17.786598500655145,17.786598500655145,0.0,32.42629036884887,14.639691868193722
27890,2025,F,2,-132.0960361178502,-112.64631233052887,19.449723787321318,19.449723787321318,0.0,34.12898360829422,14.679259820972902
27342,2025,F,2,-61.145860408287035,-35.86999999999989,25.275860408287144,25.275860408287144,0.0,40.00676587149769,14.730905463210547
7748,2025,F,2,-2.9084751911002513,19.68589559099064,22.59437078209089,22.59437078209089,0.0,37.384132448410355,14.789761666319464
4545,2025,F,2,-53.71473083918113,-28.039999999999964,25.674730839181166,25.674730839181166,0.0,40.51983356018445,14.845102721003286
1494,2025,F,2,-60.67916423969655,-35.05000000000018,25.629164239696365,25.629164239696365,0.0,40.54736402152844,14.918199781832072
7753,2025,F,3,-33.659605292386686,-7.189999999999827,26.46960529238686,26.46960529238686,0.0,41.46838309195141,14.99877779956455
2507,2025,F,2,-32.13147299080401,-5.529999999999973,26.60147299080404,26.60147299080404,0.0,41.65108524450807,15.049612253704026
4555,2025,F,2,-10.80930905244145,16.339999999999918,27.149309052441367,27.149309052441367,0.0,42.19919170217827,15.049882649736901
7751,2025,F,2,-71.83425267964662,-46.08999999999992,25.744252679646706,25.744252679646706,0.0,40.882735096084616,15.13848241643791
11458,2025,F,4,-122.01611787441107,-101.59594264246607,20.420175231944995,20.420175231944995,0.0,35.58128078311552,15.161105551170522
28545,2025,F,2,-19.086785732856242,20.473318900921186,39.56010463377743,39.56010463377743,0.0,54.76744790653265,15.207343272755224
18942,2025,F,2,-56.433151007372544,-29.820000000000164,26.61315100737238,26.61315100737238,0.0,42.01148401119531,15.398333003822927
11470,2025,F,5,-119.41241184138335,-35.066785229642164,84.34562661174118,84.34562661174118,0.0,100.28754577321888,15.9419191614777
27893,2025,F,2,-25.788473252864378,-1.690108292611285,24.098364960253093,24.098364960253093,0.0,40.213607978665095,16.115243018412002
27354,2025,F,3,-125.48588346570318,-103.26396450012862,22.22191896557456,22.22191896557456,0.0,38.61107316506968,16.389154199495124
1512,2025,F,4,101.81024202906474,132.91752445897782,31.107282429913084,31.107282429913084,0.0,49.87889607316356,18.771613643250475
2508,2025,F,2,-112.81313303072307,-84.94000000000005,27.87313303072301,27.87313303072301,0.0,44.757021837972616,16.883888807249605
18955,2025,F,2,-84.29448788329,-55.6400000000001,28.654487883289903,28.654487883289903,0.0,45.56541629380558,16.91092841051568
7755,2025,F,2,-31.8121570147498,-25.210000000000036,6.602157014749764,6.602157014749764,0.0,23.657026246650503,17.05486923190074
7947,2025,F,2,-119.84613659260913,-90.93000000000006,28.916136592609064,28.916136592609064,0.0,46.4714187489501,17.555282156341036
27364,2025,F,2,-53.89834025570076,-22.970000000000027,30.928340255700732,30.928340255700732,0.0,48.6588390412046,17.73049878550387
27900,2025,F,2,122.17472460089971,152.16421768012628,29.989493079226577,29.989493079226577,0.0,47.7254899173945,17.73599683816792
28086,2025,F,2,26.2389053197046,89.49191313831716,63.25300781861256,63.25300781861256,0.0,80.99702640574924,17.74401858713668
23398,2025,F,2,20.052504544936482,83.17841397546863,63.12590943053215,63.12590943053215,0.0,80.9059808220236,17.780071391491447
27366,2025,F,3,-207.827315137019,-185.30886952639912,22.518445610619892,22.518445610619892,0.0,40.33880601097712,17.82036040035723
4551,2025,F,2,-85.58784954255907,-60.03340486460661,25.55444467795246,25.55444467795246,0.0,43.51883603170609,17.964391353753626
27359,2025,F,2,-154.90557595646078,-125.50999999999999,29.39557595646079,29.39557595646079,0.0,47.707786740224265,18.312210783763476
27360,2025,F,2,-139.2423433955321,-109.31000000000017,29.932343395531916,29.932343395531916,0.0,48.31846242822212,18.386119032690203
27370,2025,F,3,51.310843567260235,86.73999999999978,35.429156432739546,35.429156432739546,0.0,54.14741192554584,18.718255492806293
28399,2025,F,2,64.22286207497973,72.7800000000002,8.55713792502047,8.55713792502047,0.0,27.36967150121336,18.81253357619289
28546,2025,F,2,20.546526307991826,72.20266533604217,51.65613902805035,51.65613902805035,0.0,70.94330777356981,19.287168745519466
23403,2025,F,2,-200.20392698758064,-171.7099999999998,28.493926987580835,28.493926987580835,0.0,46.94944766865342,18.455520681072585
2203,2024,F,3,86.06795093319079,104.39729176772903,18.329340834538243,18.329340834538243,0.0,26.47890552489548,8.149564690357238
2204,2024,F,2,-3.8869909855879996,13.299999999999955,17.186990985587954,17.186990985587954,0.0,25.43022883330559,8.243237847717637
20485,2024,M,2,-546.2493401562776,-522.7,23.549340156277594,23.549340156277594,0.0,35.24956151409742,11.700221357819828
2211,2024,M,3,-14.930127669436615,6.0359500878810195,20.966077757317635,20.966077757317635,0.0,30.97913708749502,10.013059330177384
27904,2025,F,2,-293.6946461574689,-258.502864647096,35.19178151037295,35.19178151037295,0.0,62.57397654961642,27.38219503924347
25852,2025,M,2,-34.108482626122395,40.33037668971042,74.43885931583281,74.43885931583281,0.0,82.71384213526449,8.27498281943167
1522,2025,M,2,-9.625796288706852,-2.4500000000000455,7.175796288706806,7.175796288706806,0.0,15.487914208929396,8.31211792022259
26919,2025,M,2,-89.4561912956649,-16.61772556907863,72.83846572658626,72.83846572658626,0.0,81.26946940113976,8.431003674553494
28257,2025,M,2,-23.505816878289806,0.9900000000000091,24.495816878289816,24.495816878289816,0.0,33.02839440407183,8.532577525782017
18742,2025,M,2,-43.06133070727901,-36.0,7.061330707279012,7.061330707279012,0.0,15.627516835072129,8.566186127793117
3440,2025,M,2,-29.513765047742027,-4.910000000000082,24.603765047741945,24.603765047741945,0.0,33.21649027307285,8.612725225330905
27386,2025,M,2,138.5299656258112,201.13999999999987,62.61003437418867,62.61003437418867,0.0,71.2882135541513,8.678179179962626
7725,2025,M,3,-14.123112787338414,42.41000000000008,56.533112787338496,56.533112787338496,0.0,65.23068771059206,8.697574923253569
20429,2025,M,3,-4.651889917058043,52.409999999999854,57.0618899170579,57.0618899170579,0.0,65.78137187818811,8.719481961130214
23446,2025,M,4,-6.12692848849656,85.16261949525347,91.28954798375003,91.28954798375003,0.0,100.03734879872081,8.747800814970788
7721,2025,M,2,11.59233324664865,69.66000000000008,58.06766675335143,58.06766675335143,0.0,66.83977903718551,8.772112283834076
506,2025,M,4,-22.7722183276303,56.924405816479066,79.69662414410936,79.69662414410936,0.0,88.47423990331254,8.777615759203172
28310,2025,M,2,33.79683294349002,55.00999999999999,21.213167056509974,21.213167056509974,0.0,30.013865353183064,8.80069829667309
27374,2025,M,4,473.57499439056096,511.14026084010015,37.565266449539195,37.565266449539195,0.0,46.36708681400614,8.801820364466948
26920,2025,M,3,-55.80612265447871,22.53334282479409,78.3394654792728,78.3394654792728,0.0,87.16661251679716,8.827147037524355
27879,2025,M,2,123.80570049136963,153.81292124440847,30.007220753038837,30.007220753038837,0.0,38.848099763085884,8.840879010047047
1558,2025,M,5,5.6388538443181915,98.74405727450949,93.1052034301913,93.1052034301913,0.0,101.95703595917666,8.85183252898537
27375,2025,M,3,-25.348302072800152,31.860000000000127,57.20830207280028,57.20830207280028,0.0,66.07819455008416,8.869892477283884
27377,2025,M,3,-13.742439769607927,44.039999999999964,57.78243976960789,57.78243976960789,0.0,66.66793433240377,8.885494562795884
2627,2025,M,2,59.7411842030092,119.44000000000005,59.69881579699086,59.69881579699086,0.0,68.59446240172952,8.895646604738658
11482,2025,M,2,3.4151680473080432,62.11000000000013,58.694831952692084,58.694831952692084,0.0,67.61308020870365,8.918248256011566
23416,2025,M,2,-14.175629391715347,42.789999999999964,56.96562939171531,56.96562939171531,0.0,65.89573950726026,8.930110115544949
27373,2025,M,2,-49.905933470589844,6.740000000000009,56.64593347058985,56.64593347058985,0.0,65.58218824310029,8.936254772510438
27749,2025,M,2,24.863752459693387,83.5,58.63624754030661,58.63624754030661,0.0,67.5834023999555,8.94715485964889
2579,2025,M,2,178.6650633081631,202.92999999999984,24.264936691836738,24.264936691836738,0.0,33.258416921825074,8.993480229988336
7950,2025,M,2,-14.67407310437602,44.11000000000013,58.78407310437615,58.78407310437615,0.0,67.82788608968099,9.04381298530484
7724,2025,M,3,-64.22119022079437,-7.319999999999936,56.90119022079443,56.90119022079443,0.0,65.9649332673871,9.063743046592663
26917,2025,M,4,67.31965488020978,166.4662482303661,99.14659335015631,99.14659335015631,0.0,108.21199278253994,9.065399432383629
27387,2025,M,3,87.28402095590491,150.5,63.21597904409509,63.21597904409509,0.0,72.30365953695309,9.087680492857999
27385,2025,M,2,17.792418142004635,78.30999999999995,60.51758185799531,60.51758185799531,0.0,69.62444436694545,9.106862508950144
27372,2025,M,2,-122.06137694614176,-67.02999999999997,55.03137694614179,55.03137694614179,0.0,64.1683749901224,9.136998043980611
26923,2025,M,3,-43.95052841920892,37.91463225790835,81.86516067711727,81.86516067711727,0.0,91.00402883408742,9.138868156970148
2582,2025,M,2,15.991950134486842,76.71000000000004,60.718049865513194,60.718049865513194,0.0,69.86658917822888,9.148539312715684
23414,2025,M,2,-28.64947491351336,30.289999999999964,58.93947491351332,58.93947491351332,0.0,68.09346426979823,9.15398935628491
512,2025,M,2,-85.93359314600775,-6.1367667944618915,79.79682635154586,79.79682635154586,0.0,88.96139520417137,9.164568852625507
27376,2025,M,2,-81.6977840364375,-24.660000000000082,57.037784036437415,57.037784036437415,0.0,66.23051144750434,9.192727411066926
27750,2025,M,2,-19.395033868084056,39.07999999999993,58.47503386808398,58.47503386808398,0.0,67.67182209592806,9.196788227844081
515,2025,M,3,-19.240438885819685,40.37999999999988,59.62043888581957,59.62043888581957,0.0,68.81989870364873,9.199459817829165
3442,2025,M,2,-52.081206281633285,-26.00999999999999,26.071206281633295,26.071206281633295,0.0,35.34755445922974,9.276348177596446
27381,2025,M,3,-35.33061499043083,24.200000000000045,59.53061499043088,59.53061499043088,0.0,68.81599314217647,9.28537815174559
7726,2025,M,3,-85.6942145093642,-28.199999999999818,57.49421450936438,57.49421450936438,0.0,66.78119561510084,9.286981105736459
2563,2025,M,3,8.573426712941682,69.96000000000004,61.386573287058354,61.386573287058354,0.0,70.68285152594262,9.29627823888427
27383,2025,M,4,15.496704865447782,44.63527783048448,29.1385729650367,29.1385729650367,0.0,38.46835294233233,9.32977997729563
28081,2025,M,2,50.71066851803471,112.94999999999982,62.23933148196511,62.23933148196511,0.0,71.58535472636936,9.34602324440425
26922,2025,M,3,-95.85247202929418,-14.921513848583118,80.93095818071106,80.93095818071106,0.0,90.27756917491206,9.346610994201
11510,2025,M,3,-69.74225012977172,-42.40964621495755,27.33260391481417,27.33260391481417,0.0,36.68354288479077,9.350938969976596
23423,2025,M,3,-65.13160852250894,-37.63082450799607,27.500784014512874,27.500784014512874,0.0,36.87341629516732,9.372632280654443
27877,2025,M,2,-75.87298897129835,-48.45858884938821,27.41440012191015,27.41440012191015,0.0,36.835441613092144,9.421041491181995
363,2025,M,2,51.66847249706575,45.91000000000008,-5.758472497065668,-5.758472497065668,0.0,3.699436935909034,9.457909432974702
28318,2025,M,2,41.70110263551487,64.61000000000013,22.908897364485256,22.908897364485256,0.0,32.37321861342389,9.464321248938631
3859,2025,M,3,35.61755994404348,123.72385772019857,88.10629777615509,88.10629777615509,0.0,97.4481533401829,9.34185556402781
11514,2025,M,2,54.59180227908928,85.03032280339494,30.43852052430566,30.43852052430566,0.0,39.911390861196196,9.472870336890537
531,2025,M,3,4.069825703684728,33.40515690301572,29.335331199330994,29.335331199330994,0.0,38.81012508101048,9.474793881679489
2497,2025,M,2,-19.446514269150384,-18.230000000000018,1.216514269150366,1.216514269150366,0.0,10.766005806809744,9.549491537659378
5932,2025,M,2,-39.872363955495075,-18.190000000000055,21.68236395549502,21.68236395549502,0.0,31.248205623862077,9.565841668367057
3012,2025,M,4,75.09847803408002,180.3198864868209,105.22140845274089,105.22140845274089,0.0,114.82075185951953,9.599343406778644
28315,2025,M,2,-38.45623519207652,-16.659999999999854,21.796235192076665,21.796235192076665,0.0,31.39985314283126,9.603617950754597
27752,2025,M,3,236.73491942076816,308.1200000000001,71.38508057923195,71.38508057923195,0.0,80.99628584554398,9.611205266312027
1536,2025,M,5,-64.91540772106282,32.28201774855734,97.19742546962016,97.19742546962016,0.0,106.8549561062714,9.657530636651245
27745,2025,M,3,64.7600335667571,93.76999999999998,29.00996643324288,29.00996643324288,0.0,38.687694290180616,9.677727856937736
28316,2025,M,2,-49.392858206862,-27.580000000000155,21.812858206861847,21.812858206861847,0.0,31.507417080704727,9.69455887384288
8002,2025,M,2,13.453901985566972,64.01999999999998,50.56609801443301,50.56609801443301,0.0,60.30660823601738,9.740510221584373
27751,2025,M,2,114.97344442735198,182.36000000000013,67.38655557264815,67.38655557264815,0.0,77.13272956500055,9.746173992352396
7953,2025,M,3,2.232426140477628,92.40313439065767,90.17070825018004,90.17070825018004,0.0,99.93520934982939,9.764501099649351
26925,2025,M,3,-11.203753708826525,78.27793805513625,89.48169176396277,89.48169176396277,0.0,99.2514826117822,9.769790847819422
18975,2025,M,2,148.9712206287586,219.25999999999976,70.28877937124116,70.28877937124116,0.0,80.07182130538604,9.783041934144876
27389,2025,M,2,-38.723785547822445,24.100000000000136,62.82378554782258,62.82378554782258,0.0,72.6317267006275,9.807941152804915
1562,2025,M,3,-31.63232790976099,31.660000000000082,63.29232790976107,63.29232790976107,0.0,73.12773300761137,9.835405097850298
28082,2025,M,2,-18.85381245430426,44.1099999999999,62.96381245430416,62.96381245430416,0.0,72.85398514684607,9.89017269254191
26918,2025,M,4,-52.44219389326986,48.05290974995751,100.49510364322737,100.49510364322737,0.0,110.3939322873207,9.898828644093328
27881,2025,M,2,-27.65637016919709,2.340322803395111,29.9966929725922,29.9966929725922,0.0,39.911390861196196,9.914697888603996
27395,2025,M,3,45.94630917024551,112.96000000000004,67.01369082975452,67.01369082975452,0.0,76.93565544311764,9.921964613363116
25853,2025,M,2,172.66740215378377,244.8900000000001,72.22259784621633,72.22259784621633,0.0,82.1534855701293,9.930887723912974
27394,2025,M,3,0.32830965309585736,65.87000000000012,65.54169034690426,65.54169034690426,0.0,75.52184219013998,9.980151843235717
25172,2025,M,2,52.21565688804344,120.28999999999996,68.07434311195652,68.07434311195652,0.0,78.1190405692289,10.044697457272378
28083,2025,M,2,102.7252749152999,171.66999999999985,68.94472508469994,68.94472508469994,0.0,79.00876485346339,10.06403976876345
26088,2025,M,2,-93.65098521305822,-40.116450935673356,53.534534277384864,53.534534277384864,0.0,63.63031253516988,10.095778257785014
28390,2025,M,2,-35.13719194985583,-33.940000000000055,1.1971919498557781,1.1971919498557781,0.0,11.295481502226721,10.098289552370943
11499,2025,M,2,-17.249755791258394,48.549999999999955,65.79975579125835,65.79975579125835,0.0,75.9280205832606,10.128264792002255
518,2025,M,2,-150.3957743475894,-89.4699999999998,60.925774347589595,60.925774347589595,0.0,71.13589665673112,10.210122309141525
11507,2025,M,3,17.020380990508784,48.92065460415324,31.90027361364446,31.90027361364446,0.0,42.11392242156626,10.2136488079218
26089,2025,M,2,-40.76884820591431,24.830000000000155,65.59884820591446,65.59884820591446,0.0,75.84209823086962,10.24325002495516
7735,2025,M,3,-152.75745722892793,-91.57999999999993,61.177457228928006,61.177457228928006,0.0,71.44053045157148,10.26307322264347
23429,2025,M,2,-98.34480395366336,-68.78520587938988,29.55959807427348,29.55959807427348,0.0,39.83544149704517,10.275843422771686
5358,2025,M,2,255.31062689739474,333.1900000000003,77.87937310260554,77.87937310260554,0.0,88.16023911454886,10.280866011943317
26924,2025,M,4,-156.19098603676161,-69.70876875274121,86.48221728402041,86.48221728402041,0.0,96.79006635481187,10.307849070791463
552,2025,M,3,-19.74294957064967,11.673011190229545,31.415960760879216,31.415960760879216,0.0,41.73417560081248,10.318214839933262
11502,2025,M,2,62.86737179708393,96.16122825984849,33.29385646276455,33.29385646276455,0.0,43.63290970458047,10.339053241815918
27399,2025,M,3,-105.68090396249636,-75.98861983103552,29.692284131460838,29.692284131460838,0.0,40.06328958949712,10.37100545803628
25118,2025,M,2,-35.40825172709583,71.16350325834492,106.57175498544075,106.57175498544075,0.0,116.95024089543472,10.37848590999397
28542,2025,M,2,-128.86998109720548,-74.76518118675995,54.104799910445536,54.104799910445536,0.0,64.52458860160709,10.419788691161557
28543,2025,M,2,-72.79885808447966,-16.626859047941934,56.17199903653773,56.17199903653773,0.0,66.60407704163003,10.432078005092308
26934,2025,M,3,68.43328482985817,124.70000000000005,56.26671517014188,56.26671517014188,0.0,66.76232358507696,10.495608414935077
1609,2025,M,3,-46.595512199112136,61.221996387447916,107.81750858656005,107.81750858656005,0.0,118.3807082281146,10.563199641554547
11501,2025,M,2,-182.40865351561024,-78.11088393173486,104.29776958387538,104.29776958387538,0.0,115.32427636062266,11.026506776747283
7954,2025,M,4,-348.4069328664534,-263.70519430956097,84.70173855689245,84.70173855689245,0.0,95.96104768492978,11.25930912803733
28259,2025,M,2,47.18956260218238,81.44000000000005,34.25043739781768,34.25043739781768,0.0,45.6039467887249,11.35350939090722
27410,2025,M,2,180.8489210549119,263.0699999999997,82.22107894508781,82.22107894508781,0.0,93.62411961431644,11.40304066922863
26544,2025,M,3,141.00962224714704,269.2929630064982,128.28334075935118,128.28334075935118,0.0,139.69562512992752,11.412284370576344
2645,2025,M,2,134.442645905865,214.23000000000002,79.78735409413503,79.78735409413503,0.0,91.33754593973526,11.550191845600239
2598,2025,M,2,-159.96843393154586,-127.47007096065863,32.49836297088723,32.49836297088723,0.0,44.16455525363472,11.666192282747488
1612,2025,M,5,77.00762846397947,204.9776278461777,127.96999938219824,127.96999938219824,0.0,139.72900270102355,11.759003318825307
11528,2025,M,2,294.8323353986575,385.78999999999996,90.95766460134246,90.95766460134246,0.0,102.98575046345331,12.028085862110856
27887,2025,M,3,47.423140555310965,86.16974614857827,38.746605593267304,38.746605593267304,0.0,50.962023345123725,12.215417751856421
7743,2025,M,2,25.26050948680131,27.159999999999854,1.8994905131985433,1.8994905131985433,0.0,14.37496083419137,12.475470320992827
25849,2025,M,3,69.0162596942273,156.49000000000024,87.47374030577294,87.47374030577294,0.0,100.36902427700306,12.895283971230128
27885,2025,M,2,-320.8491888996373,-287.8096182324316,33.03957066720568,33.03957066720568,0.0,46.02531467532708,12.9857440081214
19539,2025,M,2,10.659513623543717,21.460000000000036,10.80048637645632,10.80048637645632,0.0,47.46673082002599,36.66624444356967
19569,2025,M,2,-518.6370415324927,-519.74,-1.1029584675072783,-1.1029584675072783,0.0,48.29412469739623,49.397083164903506
27216,2025,M,4,15.109276267849964,17.3900000000001,2.280723732150136,2.280723732150136,0.0,40.30601088523872,38.025287153088584
27217,2025,M,3,-5.721454534040731,-3.8900000000001,1.8314545340406312,1.8314545340406312,0.0,40.85654343728925,39.025088903248616
2210,2025,M,2,-61.47439620314981,-100.81303864280926,-39.33864243965945,-39.33864243965945,0.0,9.61739735963306,48.95603979929251
28071,2025,M,3,82.24613457100486,123.00999999999999,40.76386542899513,40.76386542899513,0.0,45.09009182745558,4.326226398460449
5374,2025,M,3,240.70699757792022,282.1999999999998,41.4930024220796,41.4930024220796,0.0,45.493607797714276,4.000605375634677
18892,2025,M,3,-20.235009452913346,-19.1099999999999,1.1250094529134458,1.1250094529134458,0.0,5.600852362109663,4.475842909196217
25921,2025,M,3,69.37276549542298,111.03999999999996,41.66723450457698,41.66723450457698,0.0,46.127060242645484,4.459825738068503
24654,2025,M,4,242.92794120151143,278.21000000000004,35.282058798488606,35.282058798488606,0.0,39.75161007068073,4.4695512721921205
2128,2025,M,2,132.54732482236864,175.17999999999984,42.6326751776312,42.6326751776312,0.0,47.03778902468207,4.40511384705087
18578,2025,M,3,-52.74418538033706,-17.009999999999764,35.734185380337294,35.734185380337294,0.0,37.340618158511916,1.6064327781746215
18878,2025,M,5,42.84949346042663,72.16999999999985,29.320506539573216,29.320506539573216,0.0,33.455425689787035,4.134919150213818
27134,2025,M,3,134.75750413538162,169.71000000000004,34.95249586461841,34.95249586461841,0.0,39.66036881541777,4.707872950799356
18570,2025,M,3,23.36576164169037,56.30000000000018,32.93423835830981,32.93423835830981,0.0,37.64427766031213,4.710039302002315
28075,2025,M,2,152.50502860594747,176.79999999999995,24.29497139405248,24.29497139405248,0.0,48.50081620176525,24.205844807712765
1894,2025,M,5,70.17313986230965,71.55999999999995,1.3868601376902916,1.3868601376902916,0.0,5.854245058679453,4.467384920989161
18583,2025,M,4,88.46391581508942,120.97000000000003,32.506084184910605,32.506084184910605,0.0,36.98192709410682,4.475842909196217
26774,2025,M,3,45.864375230244605,80.55000000000018,34.68562476975558,34.68562476975558,0.0,39.58992124504675,4.904296475291176
19642,2025,M,5,-230.97859947320785,-230.21000000000004,0.7685994732078143,0.7685994732078143,0.0,6.224140144476678,5.455540671268864
19650,2025,M,2,310.9178755246746,359.1900000000003,48.272124475325654,48.272124475325654,0.0,52.84706642890933,4.574941953583675
1900,2025,M,4,402.39347131857085,451.2399999999998,48.846528681428936,48.846528681428936,0.0,53.2505823991678,4.4040537177388615
27742,2025,M,4,-197.11753431889338,-196.25,0.8675343188933766,0.8675343188933766,0.0,6.323167175320123,5.455632856426746
27735,2025,M,5,147.40209119556425,149.01,1.6079088044357377,1.6079088044357377,0.0,6.058124239827521,4.450215435391783
27736,2025,M,4,131.74510336096773,133.33999999999992,1.5948966390321857,1.5948966390321857,0.0,6.168801509593322,4.573904870561137
27213,2025,M,2,-71.66988362716961,-68.90000000000009,2.76988362716952,2.76988362716952,0.0,52.86145019609421,50.09156656892469
11370,2025,M,2,54.79487078906914,46.90000000000009,-7.894870789069046,-7.894870789069046,0.0,42.37929304934414,50.27416383841319
27992,2025,M,2,53.46211804855807,59.600000000000136,6.137881951442068,6.137881951442068,0.0,50.48243884892349,44.344556897481425
27994,2025,M,2,26.939440676122558,38.87000000000012,11.93055932387756,11.93055932387756,0.0,50.876164211258356,38.945604887380796
19574,2025,M,3,-122.50721779659489,-164.41901311093102,-41.91179531433613,-41.91179531433613,0.0,9.817440515314274,51.729235829650406
4084,2025,M,2,66.98705259198618,59.0,-7.987052591986185,-7.987052591986185,0.0,44.38697984554574,52.37403243753192
27995,2025,M,3,79.14209968616365,92.6099999999999,13.467900313836253,13.467900313836253,0.0,52.428241001911374,38.96034068807512
19536,2025,M,2,34.28774688519093,40.09999999999991,5.812253114808982,5.812253114808982,0.0,52.46247798994045,46.65022487513147
27997,2025,M,2,68.1703974783336,74.90000000000009,6.729602521666493,6.729602521666493,0.0,52.625103683078805,45.89550116141231
27998,2025,M,2,-45.82006123837982,-42.100000000000136,3.720061238379685,3.720061238379685,0.0,52.898999587311664,49.17893834893198
19553,2025,M,2,-42.89219742575233,-49.0,-6.107802574247671,-6.107802574247671,0.0,53.06447836278562,59.17228093703329
27999,2025,M,2,51.430066710609026,57.799999999999955,6.369933289390929,6.369933289390929,0.0,53.54664927752901,47.176715988138085
28000,2025,M,2,35.73672836551418,41.700000000000045,5.963271634485864,5.963271634485864,0.0,53.66647873563079,47.703207101144926
28001,2025,M,2,3.5858528367564304,8.699999999999818,5.114147163243388,5.114147163243388,0.0,53.74065887636061,48.626511713117225
1639,2025,M,2,86.38461150098601,78.59999999999991,-7.784611500986102,-7.784611500986102,0.0,46.02452135143267,53.80913285241877
11372,2025,M,2,194.35769442610626,189.0999999999999,-5.2576944261063545,-5.2576944261063545,0.0,48.896661388939265,54.15435581504562
28002,2025,M,3,79.31939866545713,93.20000000000005,13.880601334542916,13.880601334542916,0.0,54.26562602614035,40.38502469159744
27220,2025,M,3,153.61955881342942,126.60000000000014,-27.019558813429285,-27.019558813429285,0.0,43.86455959402542,70.88411840745471
2786,2025,M,2,20.741254197002945,16.5,-4.241254197002945,-4.241254197002945,0.0,54.958925033729884,59.20017923073283
134,2025,M,3,-49.00563806159539,-109.23467824512204,-60.22904018352665,-60.22904018352665,0.0,11.746082391258142,71.97512257478479
28005,2025,M,2,67.87150882044239,65.10000000000014,-2.77150882044225,-2.77150882044225,0.0,55.38403430175799,58.15554312220024
27221,2025,M,3,-55.44466675600779,-54.59999999999991,0.8446667560078822,0.8446667560078822,0.0,43.953581879037756,43.108915123029874
28006,2025,M,3,41.04462267096824,54.3900000000001,13.345377329031862,13.345377329031862,0.0,55.78917199343573,42.44379466440387
28007,2025,M,2,76.61048896394777,83.89999999999986,7.28951103605209,7.28951103605209,0.0,56.21428126146384,48.92477022541175
28008,2025,M,3,-30.938009914656277,-18.930000000000064,12.008009914656213,12.008009914656213,0.0,57.16721076160752,45.15920084695131
2788,2025,M,4,38.785884725377855,42.11999999999989,3.334115274622036,3.334115274622036,0.0,50.981657011599054,47.64754173697702
28010,2025,M,2,101.88083434930377,99.70000000000005,-2.1808343493037228,-2.1808343493037228,0.0,60.95610410349582,63.13693845279954
1652,2025,M,4,101.55492074146196,106.40000000000009,4.845079258538135,4.845079258538135,0.0,52.5957716003777,47.75069234183957
28011,2025,M,2,102.20889696256631,110.80000000000018,8.591103037433868,8.591103037433868,0.0,62.85340385677546,54.26230081934159
21474,2025,M,2,-43.90821669807792,-30.65000000000009,13.258216698077831,13.258216698077831,0.0,64.12017241385274,50.86195571577491
28013,2025,M,3,269.0638168551618,289.67999999999984,20.616183144838033,20.616183144838033,0.0,65.06739574932453,44.4512126044865
28014,2025,M,3,240.88963490906212,260.90999999999985,20.02036509093773,20.02036509093773,0.0,65.28137692450673,45.261011833569
4081,2025,M,3,374.7075561894849,386.1199999999999,11.412443810515015,11.412443810515015,0.0,59.45517292975728,48.04272911924227
11354,2025,M,2,-178.2008056131167,-232.21524337909705,-54.01443776598035,-54.01443776598035,0.0,12.49947072757459,66.51390849355494
28016,2025,M,2,737.382496122229,750.3000000000002,12.917503877771196,12.917503877771196,0.0,119.57268069166912,106.65517681389792
28020,2025,F,2,13.70370321134078,-5.5,-19.20370321134078,-19.20370321134078,0.0,37.69582773790853,56.89953094924931
28022,2025,F,2,-36.715017055522594,-34.25999999999999,2.455017055522603,2.455017055522603,0.0,38.017892857418246,35.56287580189564
26868,2025,F,3,95.79917849588742,43.12518408096048,-52.67399441492694,-52.67399441492694,0.0,10.522997173170097,63.196991588097035
19361,2025,F,4,38.331169963714274,44.840000000000146,6.508830036285872,6.508830036285872,0.0,43.78298189588213,37.27415185959626
28025,2025,F,2,-13.623427912120405,-36.100000000000136,-22.47657208787973,-22.47657208787973,0.0,42.0247618442595,64.50133393213923
2207,2025,F,3,5.9866923403851615,9.769999999999982,3.7833076596148203,3.7833076596148203,0.0,42.455760754191715,38.672453094576895
19517,2025,F,2,128.1696527249694,104.40000000000009,-23.76965272496932,-23.76965272496932,0.0,46.04820771225218,69.8178604372215
1621,2025,F,2,473.9737400984195,453.89999999999964,-20.073740098419876,-20.073740098419876,0.0,61.93122798101422,82.0049680794341
1726,2025,F,4,31.691475038697718,33.25371087904614,1.5622358403484213,1.5622358403484213,0.0,4.60638073640348,3.044144896055059
839,2025,F,3,22.30541658091738,23.923948041183394,1.6185314602660128,1.6185314602660128,0.0,4.846042520748824,3.2275110604828114
18596,2025,F,4,42.290149245243356,43.92895641269865,1.6388071674552975,1.6388071674552975,0.0,4.768863302061391,3.130056134606093
27148,2025,F,6,-43.6035546689011,-25.580000000000155,18.023554668900942,18.023554668900942,0.0,21.256080795110165,3.2325261262092226
18822,2025,F,4,54.58285092882738,56.260005519429114,1.6771545906017309,1.6771545906017309,0.0,4.8013598151933365,3.1242052245916057
27147,2025,F,5,-66.14087906890472,-48.320000000000164,17.82087906890456,17.82087906890456,0.0,21.078209439113152,3.2573303702085923
1767,2025,F,5,68.24194348238393,69.97499714791388,1.733053665529951,1.733053665529951,0.0,4.878539033880543,3.1454853683505917
7986,2024,F,5,-53.93039542520614,-38.67792723247885,15.252468192727292,15.252468192727292,0.0,22.331487268497312,7.07901907577002
28034,2025,F,2,31.776476746408207,59.66000000000008,27.883523253591875,27.883523253591875,0.0,31.1332406636659,3.2497174100740267
27145,2025,F,5,-51.0919807307946,-33.75,17.341980730794603,17.341980730794603,0.0,20.476532352245613,3.13455162145101
823,2025,F,4,-21.725452408644514,-2.160000000000082,19.565452408644433,19.565452408644433,0.0,23.00651038945898,3.4410579808145485
27637,2025,F,3,48.95492957818078,52.574726499716235,3.6197969215354533,3.6197969215354533,0.0,4.947594124285388,1.3277972027499345
27150,2025,F,3,-33.19340699415761,-14.769999999999982,18.42340699415763,18.42340699415763,0.0,21.697431659735457,3.2740246655778265
18595,2025,F,3,38.818048284032784,40.49893966966829,1.6808913856355048,1.6808913856355048,0.0,4.923221739436485,3.2423303538009804
27634,2025,F,2,-88.18836882508481,-115.67762561891232,-27.489256793827508,-27.489256793827508,0.0,4.797297751051701,32.28655454487921
27636,2025,F,3,-4.374157934298182,-2.7910603303316748,1.5830976039665074,1.5830976039665074,0.0,4.923221739436485,3.3401241354699778
2083,2025,F,5,58.87005158003126,60.643660649955564,1.773609069924305,1.773609069924305,0.0,5.069456048528764,3.295846978604459
1742,2025,F,4,-8.43126995623993,-6.833699840188046,1.5975701160518838,1.5975701160518838,0.0,4.996338893982738,3.3987687779308544
28036,2025,F,2,43.79468345764599,72.99000000000001,29.19531654235402,29.19531654235402,0.0,32.57124643988118,3.3759298975271577
28037,2025,F,2,71.3787506375354,100.85000000000014,29.471249362464732,29.471249362464732,0.0,32.810221388240734,3.338972025776002
2087,2025,F,4,-91.69598277282921,-72.88999999999987,18.80598277282934,18.80598277282934,0.0,22.301528765052126,3.4955459922227874
27646,2025,F,2,-52.07533340499208,-81.37952015629617,-29.304186751304087,-29.304186751304087,0.0,5.280683383884252,34.58487013518834
27642,2025,F,2,-32.61843668352003,-60.55529024331395,-27.936853559793917,-27.936853559793917,0.0,5.101952561660255,33.03880612145417
27648,2025,F,4,82.22722386265104,84.12863553541024,1.9014116727591954,1.9014116727591954,0.0,5.300993704591519,3.399582031832324
27647,2025,F,3,49.60844422275932,51.43337325872744,1.8249290359681254,1.8249290359681254,0.0,5.292869576308249,3.4679405403401233
1752,2025,F,5,20.275685317078114,40.210000000000036,19.934314682921922,19.934314682921922,0.0,23.327616587402872,3.39330190448095
5065,2025,F,4,-14.576746070224317,-12.882684219517841,1.6940618507064755,1.6940618507064755,0.0,5.3375522818644185,3.643490431157943
3036,2025,F,4,47.638209928096785,49.51388106906256,1.8756711409657782,1.8756711409657782,0.0,5.463476270249203,3.5878051292834243
27653,2025,F,5,61.54723317692037,63.4399385473082,1.89270537038783,1.89270537038783,0.0,5.41879356469326,3.52608819430543
27638,2025,F,5,25.627931566734787,27.30393129815343,1.6759997314186421,1.6759997314186421,0.0,5.000400958124146,3.324401226705504
1756,2025,F,4,74.53783928634903,76.48493017579312,1.9470908894440981,1.9470908894440981,0.0,5.495972783380921,3.548881893936823
1751,2025,F,2,-49.1124329500758,-78.80926625112875,-29.696833301052948,-29.696833301052948,0.0,5.365986730854502,35.06282003190745
18598,2025,F,2,-0.7479190813428431,-30.35112730245237,-29.603208221109526,-29.603208221109526,0.0,5.540655488937091,35.14386371004662
28042,2025,F,4,52.85166289977883,84.49000000000001,31.63833710022118,31.63833710022118,0.0,35.28309259300386,3.6447554927826786
23548,2025,F,3,73.16925244244317,104.90000000000009,31.730747557556924,31.730747557556924,0.0,35.335043668734215,3.604296111177291
18832,2025,F,2,-62.31761828764115,-92.4682171443983,-30.150598856757142,-30.150598856757142,0.0,5.398483243985993,35.549082100743135
28043,2025,F,2,60.9995561080882,95.20000000000005,34.200443891911846,34.200443891911846,0.0,35.70701337096352,1.5065694790516773
18606,2025,F,2,-186.17851497201286,-198.92000000000007,-12.74148502798721,-12.74148502798721,0.0,23.021635504764845,35.763120532752055
27659,2025,F,2,-12.473312172044643,-42.78087339728495,-30.307561225240306,-30.307561225240306,0.0,5.6259588359073405,35.93352006114765
27654,2025,F,2,-62.30232442541751,-93.2334961641111,-30.931171738693592,-30.931171738693592,0.0,5.544717553078499,36.47588929177209
28046,2025,F,3,179.715772812237,212.76999999999998,33.05422718776299,33.05422718776299,0.0,36.54654275476537,3.492315567002379
2096,2025,F,4,103.85047354691324,136.9000000000001,33.049526453086855,33.049526453086855,0.0,36.733566627394566,3.684040174307711
27661,2025,F,2,-42.15692897895133,-73.52825063045861,-31.371321651507287,-31.371321651507287,0.0,5.707200118736409,37.0785217702437
2085,2025,F,3,-252.0792169906117,-277.55880866988423,-25.479591679272517,-25.479591679272517,0.0,5.999668736920739,31.479260416193256
851,2025,F,5,-20.373339464599212,0.9800000000000182,21.35333946459923,21.35333946459923,0.0,25.099977598945088,3.746638134345858
5368,2025,F,5,-0.7320695553905807,18.899999999999864,19.632069555390444,19.632069555390444,0.0,23.028895560111778,3.3968260047213334
845,2025,F,5,46.42896922891873,68.47000000000003,22.041030771081296,22.041030771081296,0.0,25.72918239566934,3.688151624588045
27669,2025,F,2,-39.861887408150096,-71.7051033102673,-31.84321590211721,-31.84321590211721,0.0,5.804689658130883,37.64790556024809
3047,2025,F,5,27.23681999831524,49.25,22.01318000168476,22.01318000168476,0.0,25.747483785189388,3.734303783504629
27670,2025,F,3,57.689230268945494,59.711208073145826,2.0219778042003327,2.0219778042003327,0.0,5.845310299545417,3.8233324953450847
18854,2025,F,5,-7.944007613677741,13.940000000000055,21.884007613677795,21.884007613677795,0.0,25.689403342415062,3.805395728737267
27676,2025,F,4,96.30028152535078,98.47802726689406,2.1777457415432764,2.1777457415432764,0.0,6.056537634901133,3.8787918933578567
19610,2025,F,5,-2.257514251658449,19.34999999999991,21.60751425165836,21.60751425165836,0.0,25.34999575495135,3.742481503292993
18841,2025,F,4,81.83772218601212,83.92751945655891,2.0897972705467964,2.0897972705467964,0.0,5.885930940960179,3.796133670413383
27671,2025,F,3,-320.8492712672248,-346.87589851183,-26.02662724460515,-26.02662724460515,0.0,5.857496491969869,31.88412373657502
28048,2025,F,2,118.07127359366223,153.44000000000005,35.36872640633783,35.36872640633783,0.0,39.29371563938457,3.9249892330467446
27672,2025,F,4,-0.783626500448463,1.1256751482656,1.909301648714063,1.909301648714063,0.0,5.9062412616674465,3.9969396129533834
1776,2025,F,3,282.2226380795221,319.01,36.787361920477906,36.787361920477906,0.0,40.46573190786057,3.6783699873826663
27681,2025,F,2,-99.06975268110637,-134.23014516784292,-35.160392486736555,-35.160392486736555,0.0,6.190585751568733,41.35097823830529
28050,2025,F,2,-76.02243669924633,-38.8599999999999,37.16243669924643,37.16243669924643,0.0,41.79360140352742,4.631164704280991
27170,2025,F,5,-13.326022998668805,10.090000000000146,23.41602299866895,23.41602299866895,0.0,27.500635900293446,4.084612901624496
27685,2025,F,2,-16.652895458588773,-53.07941693840053,-36.426521479811754,-36.426521479811754,0.0,6.755212667229898,43.18173414704165
1796,2025,F,5,94.71438764387472,96.8740847451395,2.1596971012647828,2.1596971012647828,0.0,6.011854929344963,3.8521578280801805
18839,2025,F,2,-4.782412880520496,-41.521007341526456,-36.73859446100596,-36.73859446100596,0.0,6.86082633490787,43.59942079591383
18844,2025,F,4,1.1115858712605586,3.06460929850482,1.9530234272442613,1.9530234272442613,0.0,6.02810318591105,4.075079758666789
23567,2025,F,2,177.0448938563452,219.10000000000014,42.05510614365494,42.05510614365494,0.0,46.629207532505916,4.574101388850977
27683,2025,F,2,-239.783875783118,-279.8609738554662,-40.077098072348235,-40.077098072348235,0.0,6.552109460157681,46.629207532505916
1809,2025,M,4,-0.6877553765905304,0.2599999999999909,0.9477553765905213,0.9477553765905213,0.0,4.537768060409235,3.5900126838187134
18572,2025,M,2,139.2124068640801,107.79999999999995,-31.41240686408014,-31.41240686408014,0.0,5.021252975702964,36.433659839783104
27690,2025,M,4,1.0765916988605113,2.0399999999999636,0.9634083011394523,0.9634083011394523,0.0,4.5931066952921356,3.6296983941526832
22565,2025,M,4,24.83136061407299,25.8599999999999,1.0286393859269083,1.0286393859269083,0.0,4.642620210713858,3.6139808247869496
27109,2025,M,3,79.90958086614296,105.77000000000021,25.86041913385725,25.86041913385725,0.0,29.395996482131068,3.5355773482738186
27694,2025,M,3,0.8600305624875091,1.8399999999999181,0.9799694375124091,0.9799694375124091,0.0,4.67465836775159,3.694688930239181
23572,2025,M,4,3.166672914363744,4.180000000000064,1.0133270856363197,1.0133270856363197,0.0,4.808636115363015,3.7953090297266954
1827,2025,M,5,33.71828683836202,34.789999999999964,1.0717131616379447,1.0717131616379447,0.0,4.750384920749411,3.6786717591114666
27112,2025,M,3,43.84751412805667,70.11000000000013,26.262485871943454,26.262485871943454,0.0,29.95168978530728,3.6892039133638264
1847,2025,M,4,-32.79269998183145,-31.8599999999999,0.9326999818315471,0.9326999818315471,0.0,4.820286354285599,3.8875863724540523
18566,2025,M,3,14.690950145289662,40.8900000000001,26.199049854710438,26.199049854710438,0.0,29.95617118291375,3.7571213282033114
27117,2025,M,5,131.54747657737084,159.67000000000007,28.12252342262923,28.12252342262923,0.0,31.84929278770278,3.726769365073551
2111,2025,M,5,84.75383703547595,85.98000000000002,1.2261629645240646,1.2261629645240646,0.0,4.92513850459045,3.6989755400663853
5013,2025,M,3,41.92377320348419,68.44000000000005,26.516226796515866,26.516226796515866,0.0,30.247282771416394,3.731055974900528
18869,2025,M,5,68.21118979144967,69.3900000000001,1.1788102085504306,1.1788102085504306,0.0,4.881450108630133,3.702639900079703
885,2025,M,4,56.183432245591575,82.99000000000001,26.806567754408434,26.806567754408434,0.0,30.541979478004123,3.735411723595689
3543,2025,M,4,132.0880302411856,160.4000000000001,28.311969758814485,28.311969758814485,0.0,32.064758384612105,3.7527886257976206
25000,2025,M,4,79.79327309947985,106.5,26.706726900520152,26.706726900520152,0.0,30.365233156413296,3.658506255893144
28052,2025,M,3,91.27650883189062,126.41999999999985,35.14349116810922,35.14349116810922,0.0,38.82094147388307,3.6774503057738457
27696,2025,M,3,-108.15721261762474,-125.29999999999995,-17.142787382375218,-17.142787382375218,0.0,4.863974750245916,22.006762132621134
874,2025,M,4,64.73563594863913,91.75,27.01436405136087,27.01436405136087,0.0,30.757265819009262,3.742901767648391
1835,2025,M,4,53.330884934797496,88.61999999999989,35.289115065202395,35.289115065202395,0.0,39.08018357768083,3.7910685124784322
2116,2025,M,5,25.450824179624533,26.539999999999964,1.0891758203754307,1.0891758203754307,0.0,4.92513850459045,3.835962684215019
23583,2025,M,4,110.24654465724893,138.30999999999995,28.063455342751013,28.063455342751013,0.0,31.837999665735197,3.774544322984184
19626,2025,M,4,8.033994846164433,9.099999999999909,1.0660051538354764,1.0660051538354764,0.0,5.006690177049677,3.9406850232142006
27698,2025,M,5,-18.18640530584753,-17.170000000000073,1.0164053058474565,1.0164053058474565,0.0,5.059116252202102,4.042710946354646
18875,2025,M,2,58.01574931008713,94.04999999999995,36.034250689912824,36.034250689912824,0.0,39.89623263485191,3.861981944939089
27116,2025,M,4,-6.7227491049065975,20.819999999999936,27.542749104906534,27.542749104906534,0.0,31.551190218934607,4.008441114028074
18876,2025,M,2,33.80462729523606,70.0,36.19537270476394,36.19537270476394,0.0,40.13744050534183,3.942067800577888
27701,2025,M,3,11.876838008426603,12.970000000000027,1.0931619915734245,1.0931619915734245,0.0,5.094066968970083,4.000904977396658
3204,2025,M,3,158.46467412235847,195.08999999999992,36.625325877641444,36.625325877641444,0.0,40.295240046783874,3.66991416914243
28056,2025,M,3,49.91037522495026,86.36000000000013,36.44962477504987,36.44962477504987,0.0,40.37864837583152,3.9290236007816475
28057,2025,M,4,94.52905177978255,131.0999999999999,36.57094822021736,36.57094822021736,0.0,40.398936888302615,3.827988668085254
2114,2025,M,2,869.8961994937131,837.0999999999999,-32.796199493713175,-32.796199493713175,0.0,7.66585721116644,40.462056704879615
28059,2025,M,2,77.08478860925447,113.93999999999983,36.85521139074535,36.85521139074535,0.0,40.75962155445586,3.9044101637105086
27709,2025,M,3,-104.20337139871799,-122.29999999999995,-18.096628601281964,-18.096628601281964,0.0,5.172706081698607,23.26933468298057
18559,2025,M,5,76.44340924856465,104.49000000000001,28.04659075143536,28.04659075143536,0.0,31.90808872429716,3.861497972861798
924,2025,M,3,84.52902932702432,113.92999999999984,29.400970672975518,29.400970672975518,0.0,33.43732084345788,4.036350170482365
1855,2025,M,3,-53.25382386730621,-52.32999999999993,0.9238238673062824,0.9238238673062824,0.0,5.003777617318974,4.079953750012692
18571,2025,M,3,194.292614916111,225.5,31.207385083888994,31.207385083888994,0.0,35.21518090181394,4.0077958179249435
3055,2025,M,2,-0.9685054671847411,-37.09999999999991,-36.13149453281517,-36.13149453281517,0.0,5.236782395773844,41.36827692858901
23585,2025,M,3,-4.5262396923476444,-3.4600000000000364,1.066239692347608,1.066239692347608,0.0,5.146493044122508,4.0802533517749
18564,2025,M,5,25.83411653443227,54.11999999999989,28.285883465567622,28.285883465567622,0.0,32.31589590646695,4.030012440899327
18565,2025,M,5,-99.85741931031953,-71.25,28.60741931031953,28.60741931031953,0.0,33.01642798027774,4.409008669958212
2124,2025,M,3,-546.4031439889295,-509.98000000000025,36.42314398892927,36.42314398892927,0.0,41.879998298693636,5.456854309764367
28065,2025,M,2,104.1011221177298,142.3900000000001,38.2888778822703,38.2888778822703,0.0,42.28351426895233,3.994636386682032
27718,2025,M,4,31.165255819946424,32.36999999999989,1.204744180053467,1.204744180053467,0.0,5.414448539345813,4.2097043592923455
23582,2025,M,2,86.23296052234559,125.00999999999999,38.7770394776544,38.7770394776544,0.0,42.87188113061461,4.094841652960213
28067,2025,M,2,31.80175381635081,70.51999999999998,38.71824618364917,38.71824618364917,0.0,42.94627234300833,4.22802615935916
27715,2025,M,3,47.086150027606664,48.309999999999945,1.2238499723932819,1.2238499723932819,0.0,5.329984307155883,4.106134334762601
18567,2025,M,5,75.05098970947097,105.3900000000001,30.33901029052913,30.33901029052913,0.0,34.53633879241761,4.197328501888478
27720,2025,M,2,9.4787652040784,-28.40000000000009,-37.87876520407849,-37.87876520407849,0.0,5.525125809111614,43.403891013190105
28068,2025,M,2,144.57487684674197,184.1500000000001,39.57512315325812,39.57512315325812,0.0,43.60903041706479,4.033907263806668
3855,2025,M,3,28.165148160376702,19.579999999999927,-8.585148160376775,-8.585148160376775,0.0,35.04417076915911,43.629318929535884
3547,2025,M,3,-116.50288471984868,-127.76999999999998,-11.267115280151302,-11.267115280151302,0.0,32.56058021576882,43.827695495920125
27706,2025,M,4,103.47367629418773,104.78999999999996,1.3163237058122377,1.3163237058122377,0.0,5.149405603853211,3.833081898040973
27713,2025,M,3,-7.317462816848547,-6.240000000000009,1.0774628168485378,1.0774628168485378,0.0,5.230957276312665,4.153494459464127
918,2025,M,4,-8.194714395389383,17.920000000000073,26.114714395389456,26.114714395389456,0.0,29.920140746159404,3.805426350769949
882,2025,M,5,-9.237467003957818,17.029999999999973,26.26746700395779,26.26746700395779,0.0,30.097783347271616,3.830316343313825
24451,2025,M,2,-57.542491134702914,-16.700000000000045,40.84249113470287,40.84249113470287,0.0,42.29027710644277,1.4477859717399042
880,2025,M,3,58.8841167484793,52.01999999999998,-6.864116748479319,-6.864116748479319,0.0,31.201641205645956,38.065757954125274
27677,2025,F,3,72.40019635438057,74.5396009269898,2.139404572609237,2.139404572609237,0.0,6.105282404598256,3.965877831989019
5733,2025,M,3,112.4246299565973,151.25,38.8253700434027,38.8253700434027,0.0,42.85835545563373,4.032985412231028
28070,2025,M,2,111.07559727064177,151.19000000000005,40.11440272935829,40.11440272935829,0.0,44.29433128275559,4.179928553397303
2123,2025,M,3,201.52523833463943,241.95000000000005,40.42476166536062,40.42476166536062,0.0,44.407045240928255,3.982283575567635
5002,2025,M,4,-81.29243012308484,-77.40000000000009,3.8924301230847504,3.8924301230847504,0.0,5.359109904462684,1.466679781377934
18577,2025,M,5,50.49467422634211,79.58999999999992,29.095325773657805,29.095325773657805,0.0,33.17739978229474,4.082074008636937
18901,2025,M,5,77.10345588503196,108.43000000000006,31.3265441149681,31.3265441149681,0.0,35.66152810339781,4.3349839884297126
18895,2025,M,2,-1.6974258548527814,-41.299999999999955,-39.60257414514717,-39.60257414514717,0.0,5.737742669452018,45.34031681459919
28072,2025,M,2,64.82629932334862,105.83999999999992,41.0137006766513,41.0137006766513,0.0,45.412453747829886,4.398753071178589
27734,2025,M,2,88.12018101305011,48.40000000000009,-39.72018101305002,-39.72018101305002,0.0,6.055211680096363,45.77539269314639
5038,2025,M,3,47.63954284148599,38.88000000000011,-8.759542841485882,-8.759542841485882,0.0,37.41034870526528,46.16989154675116
27733,2025,M,2,12.65845733382389,-28.300000000000182,-40.95845733382407,-40.95845733382407,0.0,5.982397686829245,46.940855020653316
5006,2025,M,4,194.35145369556517,196.07999999999993,1.728546304434758,1.728546304434758,0.0,6.1163754344411245,4.3878291300063665
2141,2025,M,3,-375.16717711754404,-374.82000000000016,0.3471771175438789,0.3471771175438789,0.0,5.8018189835268,5.4546418659829214
27724,2025,M,3,-87.91303551854435,-83.79999999999995,4.113035518544393,4.113035518544393,0.0,5.664928676184672,1.5518931576402792
1849,2025,M,3,67.08235806544326,68.47000000000003,1.3876419345567683,1.3876419345567683,0.0,5.892108335178364,4.504466400621595
19657,2025,M,4,-256.5536795403382,-255.86000000000013,0.6936795403380529,0.6936795403380529,0.0,6.148413591478402,5.454734051140349
27738,2025,M,4,-15.461814984031207,-10.900000000000091,4.561814984031116,4.561814984031116,0.0,6.197927106900352,1.6361121228692355
27729,2025,M,5,-192.661802543357,-191.88999999999987,0.7718025433571256,0.7718025433571256,0.0,5.816381782180315,5.044579238823189
27137,2025,M,3,38.063462478683505,73.66000000000031,35.596537521316804,35.596537521316804,0.0,40.65344652496469,5.056909003647888
28077,2025,M,2,-291.69930281191046,-246.87000000000035,44.82930281191011,44.82930281191011,0.0,50.56799019465461,5.7386873827445015
964,2025,M,3,283.7996812490005,320.98000000000025,37.18031875099973,37.18031875099973,0.0,41.81681734355061,4.636498592550879
2142,2025,M,5,374.3418472346043,411.7000000000003,37.35815276539597,37.35815276539597,0.0,41.780966162700224,4.422813397304253
27138,2025,M,3,88.45668338367204,124.8100000000004,36.35331661632836,36.35331661632836,0.0,41.38660317334916,5.033286557020801
2119,2025,M,3,-66.3108916211745,-61.5,4.810891621174505,4.810891621174505,0.0,6.58821011081227,1.7773184896377643
7780,2025,M,4,-151.27062895922882,-146.5999999999999,4.670628959228907,4.670628959228907,0.0,6.486270520238122,1.8156415610092154
25780,2025,M,4,100.13711032701963,131.5999999999999,31.462889672980282,31.462889672980282,0.0,35.75671298855491,4.2938233155746275
25778,2025,M,4,-269.1174235834785,-265.3000000000002,3.8174235834783303,3.8174235834783303,0.0,5.452311815844723,1.634888232366393
2121,2025,M,3,132.89967352228064,162.93000000000006,30.030326477719427,30.030326477719427,0.0,34.02994086291005,3.9996143851906254
25804,2025,M,2,595.0448842051378,652.2800000000002,57.235115794862395,57.235115794862395,0.0,62.07833960326343,4.843223808401035
28080,2025,F,2,54.79025993336268,71.7659522177039,16.97569228434122,16.97569228434122,0.0,34.9148130956587,17.93912081131748
26832,2025,F,2,-409.69665593980767,-427.51029267163403,-17.813636731826364,-17.813636731826364,0.0,29.179288122322077,46.99292485414844
22553,2024,F,2,50.31398714055035,43.69999999999982,-6.613987140550535,-6.613987140550535,0.0,3.328141004812096,9.94212814536263
3240,2024,F,2,14.865441003124715,8.0,-6.865441003124715,-6.865441003124715,0.0,3.33255322939749,10.197994232522205
22554,2024,F,2,64.41227974975209,57.700000000000045,-6.712279749752042,-6.712279749752042,0.0,3.421238943565413,10.133518693317455
3250,2024,F,2,125.50470111058235,118.40000000000009,-7.104701110582255,-7.104701110582255,0.0,3.8086322621686577,10.913333372750913
22558,2024,F,2,76.23778089563325,68.10000000000014,-8.137780895633114,-8.137780895633114,0.0,4.141755218370918,12.279536114004031
2953,2024,M,2,-12.914580088332968,-17.5,-4.585419911667032,-4.585419911667032,0.0,2.2331658196058015,6.818585731272833
22515,2024,M,2,59.627404664264986,55.200000000000045,-4.427404664264941,-4.427404664264941,0.0,2.3089984894559166,6.7364031537208575
22516,2024,M,2,-17.67931903581416,-22.5,-4.82068096418584,-4.82068096418584,0.0,2.339048070779654,7.159729034965494
22517,2024,M,2,40.67471983509813,36.100000000000136,-4.574719835097994,-4.574719835097994,0.0,2.3414577070179803,6.916177542115975
2962,2024,M,2,15.118506971519992,10.400000000000091,-4.718506971519901,-4.718506971519901,0.0,2.358183417377404,7.076690388897305
3265,2024,M,2,58.14905588332476,53.59999999999991,-4.549055883324854,-4.549055883324854,0.0,2.365837556016686,6.91489343934154
22518,2024,M,2,0.5200772857017455,-4.2999999999999545,-4.8200772857017,-4.8200772857017,0.0,2.377318763975154,7.197396049676854
2967,2024,M,2,1.991669653525605,-2.900000000000091,-4.891669653525696,-4.891669653525696,0.0,2.4157312004786036,7.3074008540043
22519,2024,M,2,37.943447687256366,33.200000000000045,-4.743447687256321,-4.743447687256321,0.0,2.418849553257587,7.162297240513908
2972,2024,M,2,-30.996940562901955,-36.09999999999991,-5.103059437097954,-5.103059437097954,0.0,2.450033081046513,7.553092518144467
2949,2024,M,2,-71.0164537839205,-76.5,-5.483546216079503,-5.483546216079503,0.0,2.552796979441382,8.036343195520885
4057,2024,M,2,-63.307041361199936,-68.79999999999995,-5.492958638800019,-5.492958638800019,0.0,2.5737749890447503,8.06673362784477
2973,2024,M,2,71.52061481194505,66.5,-5.020614811945052,-5.020614811945052,0.0,2.626645242977702,7.647260054922754
5137,2024,M,2,-8.984665284397806,-13.5,-4.515334715602194,-4.515334715602194,0.0,2.206943307601705,6.722278023203899
6344,2024,M,2,29.240491365033222,24.700000000000045,-4.540491365033176,-4.540491365033176,0.0,2.300352147660078,6.8408435126932545
3268,2024,M,2,13.794297158079416,9.099999999999909,-4.694297158079507,-4.694297158079507,0.0,2.343442113332003,7.03773927141151
5138,2024,M,2,45.560903430200824,41.0,-4.560903430200824,-4.560903430200824,0.0,2.3450012897212673,6.905904719922091
3276,2024,M,2,32.9284331646752,28.299999999999955,-4.6284331646752435,-4.6284331646752435,0.0,2.3515214818951335,6.979954646570377
3277,2024,M,2,16.461096690598424,11.599999999999909,-4.861096690598515,-4.861096690598515,0.0,2.4313229643730665,7.292419654971582
22523,2024,M,2,38.474574551002206,33.600000000000136,-4.87457455100207,-4.87457455100207,0.0,2.484618448230549,7.359192999232619
22524,2024,M,2,59.13464092107074,54.30000000000018,-4.834640921070559,-4.834640921070559,0.0,2.5087148106126733,7.343355731683232
3285,2024,M,2,128.74500714570195,124.0,-4.745007145701948,-4.745007145701948,0.0,2.6120456822402502,7.357052827942198
4065,2024,M,2,68.13871803780262,62.90000000000009,-5.238718037802528,-5.238718037802528,0.0,2.7269995051346996,7.965717542937227
22525,2024,M,2,56.503971466345774,51.200000000000045,-5.303971466345729,-5.303971466345729,0.0,2.734511900465577,8.038483366811306
22527,2024,M,2,-133.84052404490353,-138.79999999999995,-4.959475955096423,-4.959475955096423,0.0,2.1613019623835044,7.120777917479927
89,2024,M,2,-28.61322562830287,-33.200000000000045,-4.5867743716971745,-4.5867743716971745,0.0,2.200564858735561,6.787339230432735
22528,2024,M,2,-84.86102251344573,-89.79999999999995,-4.938977486554222,-4.938977486554222,0.0,2.254994289058004,7.193971775612226
2965,2024,M,2,62.40018913310723,57.59999999999991,-4.800189133107324,-4.800189133107324,0.0,2.4986510357352927,7.2988401688426165
4638,2024,M,2,34.59441722077486,29.200000000000045,-5.3944172207748124,-5.3944172207748124,0.0,2.732669237459959,8.127086458234771
22543,2024,F,2,-24.127277674283505,-31.59999999999991,-7.472722325716404,-7.472722325716404,0.0,3.495584927830123,10.968307253546527
2940,2024,F,2,56.060029554504354,48.299999999999955,-7.760029554504399,-7.760029554504399,0.0,3.895111864043656,11.655141418548055
2924,2024,F,2,37.391435741238865,31.0,-6.391435741238865,-6.391435741238865,0.0,3.1794490362819943,9.57088477752086
22546,2024,F,2,-52.86323427531556,-59.899999999999864,-7.036765724684301,-7.036765724684301,0.0,3.1931269324968525,10.229892657181153
2926,2024,F,2,79.37810839109625,72.90000000000009,-6.478108391096157,-6.478108391096157,0.0,3.3581441319931855,9.836252523089343
22549,2024,F,2,12.561598763682014,5.400000000000091,-7.161598763681923,-7.161598763681923,0.0,3.4666848567956094,10.628283620477532
2931,2024,F,2,90.4061763534553,83.20000000000005,-7.206176353455248,-7.206176353455248,0.0,3.7424488933866087,10.948625246841857
3256,2024,F,2,57.664450628957184,49.700000000000045,-7.964450628957138,-7.964450628957138,0.0,3.99813730811411,11.962587937071248
22552,2024,F,2,25.6143430741688,19.100000000000136,-6.514343074168664,-6.514343074168664,0.0,3.199745269375171,9.714088343543835
26863,2025,M,2,50.86406186911586,84.25971357198569,33.39565170286983,33.39565170286983,0.0,90.41406769071159,57.01841598784176
23725,2025,M,2,-93.82930796500341,-60.878259259525066,32.95104870547834,32.95104870547834,0.0,104.2356586558335,71.28460995035516
26864,2025,M,2,-35.000459038938516,2.7395707518535346,37.74002979079205,37.74002979079205,0.0,111.82449444989084,74.08446465909878
23714,2025,F,2,-19.59557001383996,-1.2581231074577772,18.337446906382183,18.337446906382183,0.0,75.43509243088965,57.09764552450747
26856,2025,F,2,13.17060664596056,35.752588378954215,22.581981732993654,22.581981732993654,0.0,86.79560579791723,64.21362406492358
26861,2025,F,2,193.66702564628872,226.67266705272186,33.00564140643314,33.00564140643314,0.0,98.33583350069443,65.33019209426129
23716,2025,F,2,39.975782032591496,64.74448039564686,24.768698363055364,24.768698363055364,0.0,91.02531105716685,66.25661269411148
26857,2025,F,2,-39.946857657852206,-18.263394326072557,21.68346333177965,21.68346333177965,0.0,91.94313784331644,70.25967451153679
26860,2025,F,2,-38.630642838174026,-15.906710456423298,22.72393238175073,22.72393238175073,0.0,95.82625116933423,73.1023187875835
28775,2025,F,2,113.22777698542791,86.21604625464443,-27.011730730783484,-27.011730730783484,0.0,2.005915540966953,29.017646271750436
28356,2025,F,4,-9.372215455483456,-8.880390131078002,0.491825324405454,0.491825324405454,0.0,7.897381254852917,7.405555930447463
28358,2025,F,2,107.91785434685653,83.4458439584248,-24.472010388431727,-24.472010388431727,0.0,8.69550058572213,33.167510974153856
28779,2025,F,3,-21.451721632400904,-27.228741697763553,-5.777020065362649,-5.777020065362649,0.0,2.1983772471305656,7.9753973124932145
28359,2025,F,3,-57.86005785788802,-57.54666022733295,0.3133976305550732,0.3133976305550732,0.0,8.75581986689349,8.442422236338416
5619,2025,M,3,72.96833149709755,48.13999999999987,-24.82833149709768,-24.82833149709768,0.0,6.530890839520907,31.359222336618586
22591,2025,M,3,-32.636258984030746,-32.289999999999964,0.3462589840307828,0.3462589840307828,0.0,6.892873320135777,6.546614336104994
28362,2025,M,2,75.49796275804897,48.97000000000003,-26.527962758048943,-26.527962758048943,0.0,6.965060940043713,33.49302369809266
22595,2025,M,3,223.57195445045863,194.52999999999997,-29.04195445045866,-29.04195445045866,0.0,8.362693469928672,37.40464792038733
2291,2025,F,3,64.3807478355152,43.75679374780839,-20.623954087706807,-20.623954087706807,0.0,7.143707710110675,27.767661797817482
23925,2025,F,2,155.8764037704325,124.34779010475677,-31.52861366567572,-31.52861366567572,0.0,2.375906579540697,33.90452024521642
28784,2025,M,2,94.88854824778059,64.93194377242366,-29.956604475356926,-29.956604475356926,0.0,2.5450604912653034,32.50166496662223
28349,2025,M,2,63.523174045427595,36.940000000000055,-26.58317404542754,-26.58317404542754,0.0,6.916058580002073,33.49923262542961
28786,2025,M,2,30.752077879389162,-0.3032525630976579,-31.05533044248682,-31.05533044248682,0.0,2.5246182383234554,33.579948680810276
28787,2025,M,2,116.55736690066328,83.14368788912634,-33.41367901153694,-33.41367901153694,0.0,2.856804848629281,36.27048386016622
27526,2025,F,2,3.8532002165511585,-8.5,-12.353200216551159,-12.353200216551159,0.0,14.562828372522063,26.91602858907322
27539,2025,F,2,-3.4544599163687053,-17.200000000000045,-13.74554008363134,-13.74554008363134,0.0,16.048004980208816,29.793545063840156
22375,2025,F,2,-272.8287853742445,-292.9000000000001,-20.0712146257556,-20.0712146257556,0.0,18.030080824668403,38.101295450424004
3787,2025,M,3,-44.920184385919356,-32.0,12.920184385919356,12.920184385919356,0.0,17.637092416163796,4.71690803024444
1284,2025,M,3,94.30481158562816,110.89999999999986,16.595188414371705,16.595188414371705,0.0,22.06515619676452,5.469967782392814
27518,2025,M,2,643.9988363520904,629.4000000000001,-14.598836352090302,-14.598836352090302,0.0,28.38100215000486,42.97983850209516
4397,2025,M,2,-213.3347458563146,-238.0999999999999,-24.765254143685297,-24.765254143685297,0.0,19.6501457658685,44.4153999095538
3869,2025,F,5,-46.043040277878845,-46.857777686041345,-0.8147374081625003,-0.8147374081625003,0.0,6.191993356909279,7.006730765071779
1116,2025,F,2,-21.369442332409108,-50.200000000000045,-28.830557667590938,-28.830557667590938,0.0,2.6766406525327966,31.507198320123734
28355,2025,F,4,12.293030027370605,12.890215616746673,0.5971855893760676,0.5971855893760676,0.0,7.890396917033286,7.293211327657218
22600,2025,F,3,-33.483500008735064,-33.09787562353108,0.38562438520398246,0.38562438520398246,0.0,8.067545121736657,7.681920736532675
28778,2025,F,2,77.01949113583942,46.55547147218863,-30.464019663650788,-30.464019663650788,0.0,2.1884223312945323,32.65244199494532
28357,2025,F,4,-64.81792530982489,-64.57927657291816,0.2386487369067254,0.2386487369067254,0.0,8.157071633791702,7.918422896884977
2302,2025,M,4,-109.63052139634851,-109.61000000000013,0.02052139634838568,0.02052139634838568,0.0,6.529971784174904,6.509450387826519
22588,2025,M,4,-40.91985958457121,-40.62000000000012,0.2998595845710952,0.2998595845710952,0.0,6.688634157097795,6.3887745725267
22592,2025,M,2,47.664713635435874,21.36999999999989,-26.294713635435983,-26.294713635435983,0.0,6.761615506622775,33.05632914205876
28364,2025,M,3,-53.048319419859354,-52.75999999999999,0.2883194198593628,0.2883194198593628,0.0,7.210114515495434,6.921795095636071
23922,2025,F,3,49.276039155533226,28.85898989875909,-20.417049256774135,-20.417049256774135,0.0,6.971639023820899,27.388688280595034
28348,2025,F,2,123.80702510038986,101.32130211008644,-22.48572299030343,-22.48572299030343,0.0,8.16088127260241,30.64660426290584
28783,2025,F,2,34.76626542457325,4.591545693464468,-30.17471973110878,-30.17471973110878,0.0,2.1071238519668896,32.28184358307567
2303,2025,M,3,9.190526228485624,-17.3900000000001,-26.580526228485724,-26.580526228485724,0.0,6.631026096997402,33.211552325483126
25504,2025,M,2,41.78272843769014,14.759999999999991,-27.022728437690148,-27.022728437690148,0.0,6.911129101327788,33.933857539017936
2316,2025,M,3,55.33352174391189,25.050000000000182,-30.283521743911706,-30.283521743911706,0.0,7.789620686423177,38.07314243033488
27522,2025,F,3,22.411948277959254,31.90000000000009,9.488051722040836,9.488051722040836,0.0,14.111018140567921,4.622966418527085
27537,2025,F,2,-37.12605769283027,-51.40000000000009,-14.273942307169818,-14.273942307169818,0.0,15.988193035042059,30.262135342211877
27543,2025,F,2,-61.767726054372815,-76.80000000000018,-15.032273945627367,-15.032273945627367,0.0,16.380191321829216,31.412465267456582
11364,2025,F,3,34.90166286376916,46.5,11.598337136230839,11.598337136230839,0.0,17.214798002852604,5.616460866621765
27509,2025,M,2,393.94512089615796,379.79999999999995,-14.145120896158005,-14.145120896158005,0.0,22.479095738370233,36.62421663452824
27512,2025,M,2,37.34657975136679,13.600000000000364,-23.746579751366426,-23.746579751366426,0.0,24.12069281521326,47.867272566579686
11303,2025,M,2,1.6560610300834924,32.40000000000009,30.7439389699166,30.7439389699166,0.0,30.7439389699166,0.0
27291,2025,F,3,-8.317006741446903,-0.29238512664323935,8.024621614803664,8.024621614803664,0.0,8.024621614803664,0.0
28354,2025,F,4,7.280636238324632,7.853163161410066,0.5725269230854337,0.5725269230854337,0.0,7.887857157826147,7.315330234740713
1198,2023,M,3,-123.07275151122258,-109.5,13.572751511222577,13.572751511222577,0.0,16.519057519177295,2.9463060079547176
9,2025,M,2,10.85432599615001,42.299999999999955,31.445674003849945,31.445674003849945,0.0,72.6902024990975,41.24452849524755
19,2025,M,4,-10.729130296222138,-1.1773449572119716,9.551785339010166,9.551785339010166,0.0,16.94840221114623,7.396616872136065
2947,2024,M,2,-13.731826047506502,-18.200000000000045,-4.468173952493544,-4.468173952493544,0.0,2.173633630190807,6.641807582684351
23486,2024,M,2,-20.600917513790364,-25.0,-4.399082486209636,-4.399082486209636,0.0,2.1250156755017997,6.524098161711436
2917,2025,M,2,-15.295750288141335,16.799999999999955,32.09575028814129,32.09575028814129,0.0,44.34452154542328,12.248771257281987
5726,2025,M,2,97.31394027430656,133.10000000000014,35.786059725693576,35.786059725693576,0.0,48.3871363328617,12.601076607168125
28379,2025,M,2,171.86553351058228,209.5999999999999,37.73446648941763,37.73446648941763,0.0,50.382161951958096,12.647695462540469
5559,2025,M,2,21.963483297431594,61.80000000000018,39.83651670256859,39.83651670256859,0.0,54.661312711001756,14.824796008433168
28381,2025,M,2,-76.66386951532422,-38.5,38.16386951532422,38.16386951532422,0.0,53.26837865599191,15.104509140667687
3504,2025,F,2,80.09932244859328,107.00075229552476,26.901429846931478,26.901429846931478,0.0,35.14556337228896,8.244133525357483
24364,2025,F,2,99.8150156307147,129.39190576098508,29.576890130270385,29.576890130270385,0.0,38.55452089674236,8.977630766471975
28383,2025,F,2,60.83896876161634,91.03954332056719,30.200574558950848,30.200574558950848,0.0,39.6696618864255,9.469087327474654
24365,2025,F,2,81.01783357678596,112.70564460666264,31.687811029876684,31.687811029876684,0.0,41.49682806598457,9.809017036107889
25294,2025,F,2,-324.44333066188824,-295.5035345068118,28.939796155076465,28.939796155076465,0.0,40.82861981087012,11.888823655793658
4878,2025,M,2,168.72470440105735,203.89999999999986,35.17529559894251,35.17529559894251,0.0,72.64625694737583,37.47096134843332
5708,2023,M,3,46.22870088187028,64.80000000000018,18.5712991181299,18.5712991181299,0.0,21.40397026215942,2.8326711440295185
1993,2025,M,3,6.298594350803796,16.40000000000009,10.101405649196295,10.101405649196295,0.0,16.839216334517914,6.7378106853216195
26627,2025,M,3,-2.5330794634164704,10.0,12.53307946341647,12.53307946341647,0.0,16.949734914181363,4.4166554507648925
26906,2025,M,2,-70.13892829300812,-100.66575681167615,-30.526828518668026,-30.526828518668026,0.0,11.4806971372916,42.007525655959626
2200,2025,M,4,-17.192448182829594,-47.430222614739705,-30.23777443191011,-30.23777443191011,0.0,11.845886194304967,42.08366062621508
1647,2025,M,2,53.5763791851673,57.02999999999997,3.453620814832675,3.453620814832675,0.0,46.43683509254288,42.9832142777102
28374,2025,M,2,-3.880390235304503,20.65000000000009,24.530390235304594,24.530390235304594,0.0,67.95076660028917,43.42037636498458
27757,2025,M,2,82.97483427833572,85.75999999999999,2.7851657216642707,2.7851657216642707,0.0,46.4694468809073,43.68428115924303
8095,2025,M,3,-111.89680453468668,-143.963966888992,-32.06716235430531,-32.06716235430531,0.0,11.713571318575305,43.780733672880615
25546,2025,M,2,87.08066061076374,89.98000000000002,2.8993393892362747,2.8993393892362747,0.0,47.5347495024057,44.63541011316943
26911,2025,M,3,86.75270831201942,54.509682171838904,-32.24302614018052,-32.24302614018052,0.0,13.583974401886735,45.82700054206725
27758,2025,M,2,-91.77582784123479,-92.96000000000004,-1.18417215876525,-1.18417215876525,0.0,47.587309285738684,48.771481444503934
28369,2025,M,2,122.33795531804799,161.33000000000038,38.99204468195239,38.99204468195239,0.0,99.91051456269224,60.91846988073985
28256,2025,F,2,-21.929271180042406,11.360000000000127,33.28927118004253,33.28927118004253,0.0,65.11466801789516,31.825396837852622
8120,2025,F,2,-12.281869823444822,15.309999999999945,27.591869823444767,27.591869823444767,0.0,61.867059192568604,34.27518936912384
26898,2025,F,4,6.96431362949329,-17.68641022271413,-24.65072385220742,-24.65072385220742,0.0,9.785182317772524,34.435906169979944
3364,2025,F,4,21.098488392949548,-3.733289967342671,-24.83177836029222,-24.83177836029222,0.0,9.98021813719788,34.8119964974901
2188,2025,F,3,14.58663544400315,11.309999999999945,-3.2766354440032046,-3.2766354440032046,0.0,32.48860037840359,35.765235822406794
28413,2025,F,2,-26.708192501389476,0.7699999999999818,27.478192501389458,27.478192501389458,0.0,64.10752513163925,36.62933263024979
26901,2025,F,4,-42.51260714058185,-69.672284668462,-27.15967752788015,-27.15967752788015,0.0,10.342210689204649,37.5018882170848
3460,2025,F,3,-7.99435533263204,-33.45227125013548,-25.457915917503442,-25.457915917503442,0.0,12.504650417015682,37.962566334519124
27617,2025,F,2,6.839453489397556,3.130000000000109,-3.709453489397447,-3.709453489397447,0.0,34.8445766992852,38.554030188682646
8135,2025,F,4,0.5690061808265909,-27.449668322876505,-28.018674503703096,-28.018674503703096,0.0,11.057847956589512,39.07652246029261
18805,2025,M,2,-60.13534162953442,-60.65000000000009,-0.5146583704656678,-0.5146583704656678,0.0,44.81802303920881,45.33268140967448
26899,2025,F,2,-38.47875753284916,-65.25851485741578,-26.779757324566617,-26.779757324566617,0.0,10.227617659114458,37.007374983681075
24987,2025,M,4,-53.82876865438607,-85.98329116616219,-32.15452251177612,-32.15452251177612,0.0,12.274586391668208,44.42910890344433
27621,2025,F,2,4.586363335509077,0.6600000000000819,-3.926363335508995,-3.926363335508995,0.0,36.35130574170944,40.277669077218434
4763,2025,F,2,-83.05009560272515,-85.67649393786496,-2.626398335139811,-2.626398335139811,0.0,38.30194604918938,40.92834438432919
2258,2025,M,2,-24.914522916157694,-5.889999999999873,19.02452291615782,19.02452291615782,0.0,54.07987642015496,35.05535350399714
3393,2025,M,2,148.05930132211552,138.04999999999995,-10.009301322115562,-10.009301322115562,0.0,25.261730719321122,35.27103204143668
382,2025,M,2,1.1900606806684664,-29.94896266470755,-31.139023345376017,-31.139023345376017,0.0,4.267979947924914,35.40700329330093
2193,2025,M,4,1.3807485772781547,-24.048507309705656,-25.42925588698381,-25.42925588698381,0.0,10.105680948711552,35.53493683569536
127,2025,M,4,2.673172818373814,-23.267946608320017,-25.94111942669383,-25.94111942669383,0.0,10.320560306895914,36.261679733589745
19528,2025,M,2,-73.89653937298203,-69.80000000000018,4.096539372981852,4.096539372981852,0.0,40.64355779274956,36.54701841976771
8065,2025,M,3,20.129026903352496,-6.130848930129332,-26.25987583348183,-26.25987583348183,0.0,10.605301919465546,36.865177752947375
8051,2025,M,4,39.54444638620589,13.277253328659981,-26.26719305754591,-26.26719305754591,0.0,10.784191631451904,37.051384688997814
26902,2025,M,4,-31.39288057576414,-58.24263885281334,-26.849758277049204,-26.849758277049204,0.0,10.372427738181841,37.222186015231046
3390,2025,M,2,-0.9092491652095305,-0.1999999999998181,0.7092491652097124,0.7092491652097124,0.0,38.1040226643338,37.394773499124085
27325,2025,M,3,-34.527344727184754,-37.77999999999997,-3.2526552728152183,-3.2526552728152183,0.0,34.151718823731244,37.40437409654646
8041,2025,M,4,-11.220464298724892,-38.07358682305403,-26.853122524329137,-26.853122524329137,0.0,10.556610045197203,37.40973256952634
26903,2025,M,3,-33.15551176082204,-60.28554297535152,-27.13003121452948,-27.13003121452948,0.0,10.467694448707107,37.59772566323659
203,2025,M,4,-17.433444646305134,-44.50045805981563,-27.067013413510495,-27.067013413510495,0.0,10.585190058354783,37.65220347186528
2994,2025,M,2,-14.664748633963427,6.339999999999918,21.004748633963345,21.004748633963345,0.0,58.89942300816756,37.894674374204214
28372,2025,M,2,-13.044301706357373,8.019999999999982,21.064301706357355,21.064301706357355,0.0,58.96165531705151,37.897353610694154
28243,2025,M,2,-40.90795817540766,-54.679999999999836,-13.77204182459218,-13.77204182459218,0.0,24.219085063249622,37.9911268878418
130,2025,M,2,-22.280217908627492,-17.549999999999955,4.730217908627537,4.730217908627537,0.0,43.07567382226307,38.34545591363553
26904,2025,M,3,-2.3444113673765514,-29.912242580311386,-27.567831212934834,-27.567831212934834,0.0,10.920740583204633,38.48857179613947
2066,2025,M,3,16.18356548445263,18.529999999999973,2.346434515547344,2.346434515547344,0.0,41.163436051411054,38.81700153586371
129,2025,M,4,-74.27422872581701,-102.561966731442,-28.287738005624988,-28.287738005624988,0.0,10.554493007185556,38.842231012810544
128,2025,M,2,-4.159913317833798,17.809999999999945,21.969913317833743,21.969913317833743,0.0,60.90122894393471,38.93131562610097
28400,2025,M,2,-112.68906692775363,-109.13000000000011,3.55906692775352,3.55906692775352,0.0,43.09187114584461,39.53280421809109
24998,2025,M,2,47.73341177848465,50.88000000000011,3.146588221515458,3.146588221515458,0.0,42.82206178269553,39.67547356118007
27565,2025,M,3,121.75383699518011,130.46000000000004,8.706163004819928,8.706163004819928,0.0,48.72145306080665,40.015290055986725
8059,2025,M,3,50.81257137088096,22.48251347745577,-28.33005789342519,-28.33005789342519,0.0,11.705103166528488,40.03516105995368
8056,2025,M,4,-61.421602791210944,-90.7172690847608,-29.295666293549857,-29.295666293549857,0.0,11.071050282032957,40.366716575582814
28367,2025,M,2,-5.332331907662592,17.419999999999845,22.752331907662438,22.752331907662438,0.0,63.134677362769935,40.3823454551075
27755,2025,M,2,-107.55019616441268,-109.25999999999999,-1.7098038355873086,-1.7098038355873086,0.0,38.954307990378084,40.66411182596539
27560,2025,M,3,14.70076842519643,20.75999999999999,6.059231574803562,6.059231574803562,0.0,47.059141040840586,40.999909466037025
28373,2025,M,2,-39.09965189573177,-16.659999999999854,22.439651895731913,22.439651895731913,0.0,64.40006764341024,41.960415747678326
18804,2025,M,2,5.168749893151698,6.110000000000127,0.9412501068484289,0.9412501068484289,0.0,42.96864676677501,42.02739665992658
19551,2025,M,2,39.03944173449099,47.080000000000155,8.040558265509162,8.040558265509162,0.0,50.234514127226475,42.19395586171731
4901,2025,M,2,1.2389721543800079,-13.509999999999991,-14.748972154379999,-14.748972154379999,0.0,27.877903670169417,42.626875824549415
28375,2025,M,2,84.88108362938851,112.75,27.868916370611487,27.868916370611487,0.0,71.570612567039,43.70169619642752
3409,2025,M,2,-83.24940342261766,-84.32999999999993,-1.0805965773822663,-1.0805965773822663,0.0,42.83008006526006,43.91067664264233
3410,2025,M,2,-51.98470657575058,-52.309999999999945,-0.3252934242493666,-0.3252934242493666,0.0,44.98662390262825,45.31191732687762
18807,2025,M,2,-6.40364622994025,-5.6599999999998545,0.7436462299403956,0.7436462299403956,0.0,46.44874151171575,45.70509528177536
27588,2025,M,3,127.62094722393681,137.38999999999987,9.769052776063063,9.769052776063063,0.0,56.358965908638766,46.5899131325757
8099,2025,M,2,-162.91371193917507,-141.3499999999999,21.563711939175164,21.563711939175164,0.0,69.78661971236556,48.2229077731904
27759,2025,M,2,-136.59180020955182,-138.71000000000004,-2.118199790448216,-2.118199790448216,0.0,52.25511861509176,54.373318405539976
230,2025,F,2,-9.086124007484841,-32.607534102663294,-23.521410095178453,-23.521410095178453,0.0,9.199315965258165,32.72072606043662
4790,2025,F,3,-14.971944819495548,-39.006674449671436,-24.03472963017589,-24.03472963017589,0.0,9.350335918820747,33.385065548996636
22356,2025,F,4,-29.905754924690882,-54.91603131523743,-25.01027639054655,-25.01027639054655,0.0,9.604565488888966,34.61484187943552
253,2025,F,3,113.43879088331096,89.05362074265463,-24.385170140656328,-24.385170140656328,0.0,10.611618144052954,34.99678828470928
28832,2025,F,2,118.3085671023307,95.99000000000001,-22.31856710233069,-22.31856710233069,0.0,12.730925882254724,35.04949298458541
1673,2025,F,2,283.505070027619,296.02,12.514929972380969,12.514929972380969,0.0,48.19753003078495,35.68260005840398
27607,2025,F,2,-7.11089945778258,-10.819999999999936,-3.7091005422173566,-3.7091005422173566,0.0,32.0502792024256,35.759379744642956
26900,2025,F,4,-14.200341658205389,-40.69578383131034,-26.495442173104948,-26.495442173104948,0.0,10.32779169866376,36.82323387176871
3368,2025,F,4,-22.898758059689726,-49.81597328504904,-26.917215225359314,-26.917215225359314,0.0,10.41810011310531,37.335315338464625
3377,2025,F,2,154.2056336345804,130.46000000000004,-23.745633634580372,-23.745633634580372,0.0,13.865568034098942,37.611201668679314
27450,2025,M,3,-1.825187381060232,11.509999999999991,13.335187381060223,13.335187381060223,0.0,18.169796707922615,4.834609326862392
2822,2025,M,2,-23.101935052741965,-22.09999999999991,1.0019350527420556,1.0019350527420556,0.0,6.131368986667212,5.1294339339251565
27497,2025,M,2,9.139766846312568,22.600000000000136,13.460233153687568,13.460233153687568,0.0,19.604394553375414,6.144161399687846
1401,2025,M,2,-12.271027387996583,1.1000000000001364,13.371027387996719,13.371027387996719,0.0,19.582608261711812,6.211580873715093
27503,2025,M,2,66.22616534383701,80.70000000000005,14.473834656163035,14.473834656163035,0.0,20.79501539278408,6.321180736621045
27473,2025,M,3,51.198085024504735,67.25999999999999,16.061914975495256,16.061914975495256,0.0,21.67672391659039,5.614808941095134
1815,2025,M,3,6.999208717063993,20.1099999999999,13.110791282935907,13.110791282935907,0.0,16.666142347508412,3.5553510645725055
27419,2025,F,3,14.997385829933592,22.5300000000002,7.5326141700666085,7.5326141700666085,0.0,12.192524912662748,4.659910742596139
27532,2025,F,2,85.03390807591222,94.09999999999991,9.066091924087686,9.066091924087686,0.0,15.114018451831043,6.047926527743357
27437,2025,F,2,-0.3739248845606653,7.769999999999982,8.143924884560647,8.143924884560647,0.0,15.97490389222844,7.830979007667793
7978,2025,M,3,8.933750844769065,-16.081575861128158,-25.015326705897223,-25.015326705897223,0.0,23.28202225838959,48.29734896428681
24642,2025,M,3,-32.84070782149183,-59.087665357262495,-26.24695753577066,-26.24695753577066,0.0,23.25628851192232,49.50324604769298
27762,2025,M,2,-63.007777981135405,-56.40000000000009,6.607777981135314,6.607777981135314,0.0,58.31793276884855,51.710154787713236
26891,2025,M,3,97.25883829045029,71.40056092661712,-25.858277363833167,-25.858277363833167,0.0,26.510437724283747,52.368715088116915
27760,2025,F,2,78.53824023573634,89.60000000000014,11.061759764263797,11.061759764263797,0.0,53.080095368360844,42.01833560409705
26873,2025,F,3,3.19048795634194,-14.596359993623537,-17.786847949965477,-17.786847949965477,0.0,24.796994484075867,42.583842434041344
26871,2025,F,4,-94.79679300672365,-77.15311473594261,17.643678270781038,17.643678270781038,0.0,24.394048597870324,6.750370327089286
443,2025,F,2,-55.984124558233816,-76.5161769611259,-20.532052402892077,-20.532052402892077,0.0,26.113425023301943,46.64547742619402
7992,2025,F,3,-63.903281724090675,-86.32496156492766,-22.421679840836987,-22.421679840836987,0.0,28.40030115234231,50.821980993179295
26877,2025,F,2,-57.076908738568136,-80.32604415771857,-23.249135419150434,-23.249135419150434,0.0,29.834872893806278,53.08400831295671
7981,2025,M,3,-48.16983671795765,-77.87189931670878,-29.702062598751127,-29.702062598751127,0.0,26.01213881541753,55.714201414168656
22404,2025,M,2,-195.6679403482185,-180.4000000000001,15.267940348218417,15.267940348218417,0.0,23.280831271586067,8.01289092336765
24997,2025,M,4,-19.91602373694809,-18.34999999999991,1.566023736948182,1.566023736948182,0.0,42.079428510354774,40.51340477340659
27225,2025,F,2,101.02407206554903,68.70000000000005,-32.32407206554899,-32.32407206554899,0.0,45.697276953255596,78.02134901880459
27644,2025,F,3,72.6720073119493,74.53995529033841,1.867947978389111,1.867947978389111,0.0,5.2644351273181655,3.3964871489290545
27645,2025,F,3,-107.71062838319153,-106.24715129463766,1.4634770885538728,1.4634770885538728,0.0,5.276621319742617,3.813144231188744
1775,2025,F,2,26.817692364632194,24.769999999999982,-2.047692364632212,-2.047692364632212,0.0,1.4672135885261923,3.5149059531584044
18826,2025,F,4,282.6042996832548,285.2695841839595,2.665284500704729,2.665284500704729,0.0,6.259640841973351,3.5943563412686217
18831,2025,F,3,148.89760265824316,172.76999999999998,23.872397341756823,23.872397341756823,0.0,27.592875808933968,3.720478467177145
1779,2025,F,2,10.445033648162052,14.519126602715005,4.0740929545529525,4.0740929545529525,0.0,5.6259588359073405,1.551865881354388
27655,2025,F,3,64.88444775749417,66.82939725091273,1.9449494934185623,1.9449494934185623,0.0,5.556903745502723,3.6119542520841605
1769,2025,F,4,80.53011090286282,82.55648709285879,2.026376189995972,2.026376189995972,0.0,5.699075990453366,3.6726998004573943
27163,2025,F,3,-32.935501970816404,-10.819999999999936,22.115501970816467,22.115501970816467,0.0,26.02729841834821,3.911796447531742
27649,2025,F,3,-167.01107711120562,-165.6516351127873,1.3594419984183332,1.3594419984183332,0.0,5.370048794996137,4.010606796577804
18850,2025,F,4,12.908007101981411,14.850937424948143,1.9429303229667312,1.9429303229667312,0.0,5.914365389950035,3.971435066983304
18851,2025,F,4,32.47681162968274,34.40227392290649,1.9254622932237453,1.9254622932237453,0.0,5.723448375302041,3.797986082078296
18555,2025,M,2,62.86337911138389,60.49000000000001,-2.3733791113838834,-2.3733791113838834,0.0,1.248368312928278,3.6217474243121615
903,2025,M,4,-29.169365353353214,-3.4199999999998454,25.74936535335337,25.74936535335337,0.0,29.557326795956442,3.807961442603073
27692,2025,M,2,-69.66616145001672,-66.29999999999995,3.3661614500167616,3.3661614500167616,0.0,4.633882531521749,1.2677210815049875
28846,2025,M,2,116.82118292050427,114.38000000000011,-2.4411829205041613,-2.4411829205041613,0.0,1.3437552789960137,3.784938199500175
18879,2025,M,4,9.157808825351594,36.93999999999983,27.782191174648233,27.782191174648233,0.0,31.783326614938915,4.001135440290682
2122,2025,M,2,119.89574867765259,117.42000000000007,-2.4757486776525184,-2.4757486776525184,0.0,1.3644084312318228,3.840157108884341
28847,2025,M,2,105.15489209471207,102.6400000000001,-2.5148920947119677,-2.5148920947119677,0.0,1.3669327053939924,3.88182480010596
18884,2025,M,2,-36.94369170408322,-33.200000000000045,3.743691704083176,3.743691704083176,0.0,5.1115423273543,1.3678506232711243
1874,2025,M,3,34.04472523844106,62.710000000000036,28.665274761558976,28.665274761558976,0.0,32.72854299805158,4.063268236492604
18874,2025,M,4,185.26323796973134,186.8800000000001,1.6167620302687737,1.6167620302687737,0.0,5.68240403456889,4.065642004300116
27123,2025,M,2,44.95282971032589,78.46000000000004,33.50717028967415,33.50717028967415,0.0,34.93805127384303,1.4308809841688799
926,2025,M,4,268.0101529721526,300.90999999999985,32.89984702784727,32.89984702784727,0.0,36.95790680293726,4.058059775089987
841,2025,F,5,3.1966457084711237,23.559999999999945,20.36335429152882,20.36335429152882,0.0,23.876204519546945,3.5128502280181237
831,2025,F,6,-33.006840466258836,-11.539999999999964,21.466840466258873,21.466840466258873,0.0,25.266656369615703,3.79981590335683
930,2025,M,6,63.82011431850151,90.67000000000007,26.849885681498563,26.849885681498563,0.0,30.571377446301312,3.7214917648027495
25776,2025,M,3,116.99248301571583,118.3900000000001,1.397516984284266,1.397516984284266,0.0,5.388235501769486,3.99071851748522
3887,2025,M,2,162.05941926992364,200.80000000000018,38.740580730076545,38.740580730076545,0.0,47.070247924627665,8.32966719455112
28299,2025,M,2,64.0405520512295,103.19999999999982,39.15944794877032,39.15944794877032,0.0,48.12887044511035,8.96942249634003
26846,2025,M,4,-286.53356478704177,-320.5920172980948,-34.05845251105302,-34.05845251105302,0.0,14.244593006872037,48.30304551792506
28301,2025,M,2,-21.26266910305685,18.09999999999991,39.36266910305676,39.36266910305676,0.0,48.85045288962738,9.487783786570617
2877,2025,M,3,126.77352441310632,101.5,-25.273524413106315,-25.273524413106315,0.0,25.888706715695207,51.16223112880152
26988,2025,M,2,22.94453951995274,-4.800000000000182,-27.744539519952923,-27.744539519952923,0.0,25.9511472134227,53.695686733375624
2882,2025,M,3,223.85741991945042,260.60000000000036,36.74258008054994,36.74258008054994,0.0,46.86701786204458,10.124437781494635
2880,2025,M,3,79.03363812244606,114.0,34.966361877553936,34.966361877553936,0.0,45.38320859199939,10.416846714445455
19442,2025,M,3,-198.8989023107547,-163.0,35.89890231075469,35.89890231075469,0.0,48.22748318532376,12.32858087456907
18563,2025,M,4,64.50535712086639,94.74000000000001,30.234642879133617,30.234642879133617,0.0,34.4447390253456,4.210096146211981
18581,2025,M,2,117.5103089751426,114.78999999999996,-2.7203089751426432,-2.7203089751426432,0.0,1.4828963305410525,4.203205305683696
23593,2025,M,4,80.22549033836344,112.91999999999985,32.6945096616364,32.6945096616364,0.0,37.21944116723853,4.524931505602126
18585,2025,M,3,182.4324455515184,217.0799999999997,34.64755444848129,34.64755444848129,0.0,39.18516141324926,4.537606964767974
27739,2025,M,2,-145.568663778859,-141.0999999999999,4.4686637788590815,4.4686637788590815,0.0,6.20666478609246,1.738001007233379
1883,2025,M,2,172.7906235693804,169.64999999999964,-3.1406235693807503,-3.1406235693807503,0.0,1.7545235290217533,4.895147098402504
4999,2025,M,3,-188.40489858027786,-187.57999999999993,0.8248985802779316,0.8248985802779316,0.0,6.023173523059086,5.198274942781154
26989,2025,M,2,19.323821377722197,-8.599999999999909,-27.923821377722106,-27.923821377722106,0.0,26.038782999706655,53.96260437742876
135,2025,M,3,41.13101276141879,74.69999999999982,33.56898723858103,33.56898723858103,0.0,40.28065833747246,6.711671098891429
1991,2025,M,3,5.888694029302542,27.700000000000045,21.811305970697504,21.811305970697504,0.0,28.562407971153334,6.75110200045583
27294,2025,M,3,29.305065388190314,51.5,22.194934611809686,22.194934611809686,0.0,28.928757902591087,6.733823290781402
2860,2025,M,3,26.300446376827267,8.200000000000045,-18.10044637682722,-18.10044637682722,0.0,17.17113687506958,35.2715832518968
23472,2025,M,2,84.3060818147203,90.89999999999986,6.593918185279563,6.593918185279563,0.0,42.27492595898684,35.68100777370728
27295,2025,M,3,22.8751418633542,45.700000000000045,22.824858136645844,22.824858136645844,0.0,29.792165529949898,6.967307393304054
19403,2025,M,3,15.206460417682138,38.0,22.793539582317862,22.793539582317862,0.0,29.795847438808323,7.002307856490461
2013,2025,M,3,62.442586134312705,73.40000000000009,10.957413865687386,10.957413865687386,0.0,17.852505113429515,6.89509124774213
11301,2025,M,4,1.424741310383979,12.299999999999955,10.875258689615976,10.875258689615976,0.0,18.169089391381476,7.293830701765501
1996,2025,M,4,24.962720039206715,36.09999999999991,11.137279960793194,11.137279960793194,0.0,18.431996750234248,7.294716789441054
2002,2025,M,3,-16.118856314683853,6.099999999999909,22.218856314683762,22.218856314683762,0.0,29.22515156571444,7.006295251030679
27548,2025,M,3,58.386739836884544,94.20000000000005,35.8132601631155,35.8132601631155,0.0,42.89575895424855,7.082498791133048
26970,2025,M,4,63.627353625621026,74.90000000000009,11.272646374379065,11.272646374379065,0.0,18.370651699835207,7.098005325456143
417,2025,M,3,62.23049233127085,43.700000000000045,-18.530492331270807,-18.530492331270807,0.0,18.329024701350136,36.85951703262094
2005,2025,M,3,88.54752291678165,70.20000000000005,-18.3475229167816,-18.3475229167816,0.0,18.72009939764348,37.06762231442508
435,2025,M,3,68.78527744815801,50.200000000000045,-18.585277448157967,-18.585277448157967,0.0,18.51853708918975,37.103814537347716
26979,2025,M,4,-1.843153278994805,9.299999999999955,11.14315327899476,11.14315327899476,0.0,18.64122718998783,7.498073910993071
26966,2025,M,4,-0.40747305640866216,9.900000000000091,10.307473056408753,10.307473056408753,0.0,17.233577372797072,6.926104316388319
11307,2025,M,4,10.621429054201144,21.399999999999864,10.77857094579872,10.77857094579872,0.0,17.939045452385244,7.1604745065865245
19421,2025,M,3,-4.937117831635305,5.899999999999864,10.837117831635169,10.837117831635169,0.0,18.152657681453093,7.315539849817924
26978,2025,M,3,-9.902575996420182,-29.600000000000136,-19.697424003579954,-19.697424003579954,0.0,17.86784137602922,37.56526537960917
27296,2025,M,3,68.61926561820178,92.5,23.88073438179822,23.88073438179822,0.0,30.909624868557103,7.028890486758883
28291,2025,M,2,20.569076419600606,51.200000000000045,30.63092358039944,30.63092358039944,0.0,37.809562884335946,7.178639303936507
166,2025,M,3,80.63434527916115,118.0,37.36565472083885,37.36565472083885,0.0,44.6492954143348,7.283640693495954
26969,2025,M,4,-111.81914330085738,-101.39999999999986,10.419143300857513,10.419143300857513,0.0,18.249057046365806,7.829913745508293
142,2025,M,3,98.83114243364207,138.0,39.16885756635793,39.16885756635793,0.0,46.72718543929227,7.558327872934342
8058,2025,M,3,127.95755455754829,167.80000000000018,39.84244544245189,39.84244544245189,0.0,47.38349460571203,7.541049163260141
11315,2025,M,3,10.575180541090958,-9.299999999999955,-19.875180541090913,-19.875180541090913,0.0,18.46595561741924,38.34113615851015
5500,2025,M,4,85.56120026622966,97.40000000000009,11.83879973377043,11.83879973377043,0.0,19.153896539750576,7.315096805980147
2872,2025,M,2,44.564186989908194,38.100000000000136,-6.4641869899080575,-6.4641869899080575,0.0,32.03076611602273,38.49495310593079
188,2025,M,2,8.0087623591171,39.299999999999955,31.291237640882855,31.291237640882855,0.0,38.69627234593713,7.405034705054277
19424,2025,M,4,42.8666629785032,54.600000000000136,11.733337021496936,11.733337021496936,0.0,19.295209245133947,7.56187222363701
433,2025,M,3,109.17444784772238,90.09999999999991,-19.074447847722467,-19.074447847722467,0.0,19.82540575215353,38.899853599875996
8057,2025,M,2,24.961575630099105,56.5,31.538424369900895,31.538424369900895,0.0,38.90890165560654,7.370477285705647
27298,2025,M,2,14.610888826941846,7.5,-7.110888826941846,-7.110888826941846,0.0,31.831943037654582,38.94283186459643
26981,2025,M,3,71.12885893413,51.59999999999991,-19.528858934130085,-19.528858934130085,0.0,19.43433105586041,38.9631899899905
26980,2025,M,2,48.360067229501055,28.5,-19.860067229501055,-19.860067229501055,0.0,19.254677693977328,39.11474492347838
15,2025,M,3,12.133492754420104,49.899999999999864,37.76650724557976,37.76650724557976,0.0,45.50072352212237,7.734216276542611
19405,2025,M,2,-76.19784110650494,-97.5,-21.30215889349506,-21.30215889349506,0.0,17.932472768414073,39.234631661909134
8060,2025,M,3,77.14978281157346,115.80000000000018,38.65021718842672,38.65021718842672,0.0,46.21784898195506,7.567631793528335
421,2025,M,3,-126.5591041510097,-153.47571280642364,-26.91660865541394,-26.91660865541394,0.0,12.458267870319787,39.374876525733725
153,2025,M,3,65.73998933679991,104.09999999999991,38.3600106632,38.3600106632,0.0,45.928971588241666,7.568960925041665
8068,2025,M,3,1.950219194897727,39.600000000000136,37.64978080510241,37.64978080510241,0.0,45.41456710645343,7.764786301351023
26982,2025,M,4,-220.54434131383118,-209.9000000000001,10.644341313831092,10.644341313831092,0.0,19.43433105586041,8.78998974202932
6,2025,M,2,136.078926204857,144.5,8.421073795143002,8.421073795143002,0.0,48.00179358874834,39.58071979360534
26977,2025,M,2,-109.64690432436919,-131.5,-21.85309567563081,-21.85309567563081,0.0,17.72762411797453,39.58071979360534
27302,2025,M,2,65.99559720297702,59.700000000000045,-6.295597202976978,-6.295597202976978,0.0,33.429891482318226,39.725488685295204
8064,2025,M,2,106.76677832661267,114.5,7.733221673387334,7.733221673387334,0.0,47.915637173079176,40.18241549969184
2045,2025,M,3,163.94484258725447,190.70000000000005,26.755157412745575,26.755157412745575,0.0,34.12209034774878,7.366932935003206
18738,2025,M,2,64.94162964819611,71.59999999999991,6.658370351803796,6.658370351803796,0.0,46.942576478464844,40.28420612666105
2032,2025,M,3,79.28015122368106,105.0,25.71984877631894,25.71984877631894,0.0,33.2586827203902,7.538833944071257
26845,2025,M,4,20.428356582337983,-6.246968149502436,-26.67532473184042,-26.67532473184042,0.0,14.099738418206925,40.775063150047345
420,2025,M,3,-54.06633216627847,-81.35035255971388,-27.284020393435412,-27.284020393435412,0.0,13.520448937736546,40.80446933117196
2876,2025,M,3,40.12661454427075,65.79999999999995,25.673385455729203,25.673385455729203,0.0,33.4262095734598,7.752824117730597
2022,2025,M,3,19.06550486498577,30.90000000000009,11.834495135014322,11.834495135014322,0.0,19.64137060095686,7.8068754659425394
26847,2025,M,4,79.12196491926511,52.74720932340779,-26.374755595857323,-26.374755595857323,0.0,14.649129086782295,41.02388468263962
24735,2025,M,3,-23.136715081599277,-45.0,-21.863284918400723,-21.863284918400723,0.0,19.574548313914875,41.4378332323156
156,2025,M,2,92.47753908260643,100.0,7.522460917393573,7.522460917393573,0.0,49.007796442294875,41.4853355249013
11323,2025,M,3,57.99683294485317,17.291052171812225,-40.70578077304094,-40.70578077304094,0.0,0.8655112813014512,41.57129205434239
3336,2025,M,2,12.054894212446925,-9.5,-21.554894212446925,-21.554894212446925,0.0,20.039017981221605,41.59391219366853
437,2025,M,4,28.942651284392923,41.0,12.057348715607077,12.057348715607077,0.0,19.94042772165176,7.883079006044682
26983,2025,M,3,85.34717465915628,64.40000000000009,-20.94717465915619,-20.94717465915619,0.0,21.038065944861955,41.985240604018145
26987,2025,M,3,246.78856878406054,227.5999999999999,-19.188568784060635,-19.188568784060635,0.0,22.853222168273987,42.04179095233462
27305,2025,M,2,21.573973141628812,14.0,-7.573973141628812,-7.573973141628812,0.0,34.49948600576295,42.07345914739176
27569,2025,M,3,80.57430971663234,121.79999999999995,41.22569028336761,41.22569028336761,0.0,49.306809884910535,8.081119601542923
19422,2025,M,3,31.27718064685496,57.799999999999955,26.522819353144996,26.522819353144996,0.0,34.59153372722949,8.068714374084493
27301,2025,M,2,-43.094311271292554,-51.90000000000009,-8.805688728707537,-8.805688728707537,0.0,33.367299031720904,42.17298776042844
11319,2025,M,3,-49.50286143398762,-25.200000000000045,24.302861433987573,24.302861433987573,0.0,32.15226910835918,7.849407674371605
2020,2025,M,2,-63.78818538756309,-73.0,-9.21181461243691,-9.21181461243691,0.0,33.05617773316317,42.26799234560008
416,2025,M,4,16.389338406977686,26.899999999999864,10.510661593022178,10.510661593022178,0.0,17.448285049193373,6.937623456171195
2038,2025,M,2,51.18503223196262,85.79999999999995,34.61496776803733,34.61496776803733,0.0,42.5733642265086,7.95839645847127
28295,2025,M,2,-108.95494363666785,-74.69999999999982,34.25494363666803,34.25494363666803,0.0,43.009932915510944,8.754989278842913
27572,2025,M,3,94.92089724401626,137.5,42.57910275598374,42.57910275598374,0.0,50.862693391403354,8.283590635419614
38,2025,M,3,51.374579394629336,91.5,40.125420605370664,40.125420605370664,0.0,48.136096236703,8.010675631332333
26975,2025,M,2,115.32986161199051,94.0,-21.32986161199051,-21.32986161199051,0.0,22.02615943521687,43.35602104720738
19417,2025,M,4,7.918127931720392,20.299999999999955,12.381872068279563,12.381872068279563,0.0,20.639323117268532,8.257451048988969
28297,2025,M,2,38.45652675076758,73.69999999999982,35.24347324923224,35.24347324923224,0.0,43.4216194512544,8.178146202022162
26848,2025,M,4,-0.09379145591674387,-28.780548512566156,-28.686757056649412,-28.686757056649412,0.0,14.89772739775617,43.58448445440558
4848,2025,M,2,2.932440188880719,-5.2999999999999545,-8.232440188880673,-8.232440188880673,0.0,35.46966899002314,43.70210917890381
2037,2025,M,2,26.636893291820115,62.09999999999991,35.463106708179794,35.463106708179794,0.0,43.758659527219834,8.29555281904004
27308,2025,M,2,-20.854101542769968,-29.600000000000136,-8.745898457230169,-8.745898457230169,0.0,35.31134690910039,44.05724536633056
27585,2025,M,3,249.3453345316359,295.2999999999997,45.95466546836383,45.95466546836383,0.0,54.106229040117796,8.151563571753968
26849,2025,M,4,115.89155828449748,123.02891703164983,7.137358747152348,7.137358747152348,0.0,15.13562915102625,7.998270403873903
27311,2025,M,2,-9.953868011186842,-18.59999999999991,-8.646131988813067,-8.646131988813067,0.0,35.963044777085315,44.60917676589838
19437,2025,M,3,140.37420342428481,170.4000000000001,30.025796575715276,30.025796575715276,0.0,38.547744795873314,8.521948220158038
27313,2025,M,2,72.82405044832126,65.59999999999991,-7.22405044832135,-7.22405044832135,0.0,38.0727785531044,45.29682900142575
52,2025,M,2,29.419173506644256,21.299999999999955,-8.119173506644302,-8.119173506644302,0.0,37.605176128053245,45.724349634697546
26985,2025,M,2,5.129242558794203,-18.799999999999955,-23.929242558794158,-23.929242558794158,0.0,22.0710727756873,46.000315334481456
26986,2025,M,3,4.425498632730296,-19.59999999999991,-24.025498632730205,-24.025498632730205,0.0,22.144467746700684,46.16996637943089
27317,2025,M,2,140.92063908206478,134.80000000000018,-6.120639082064599,-6.120639082064599,0.0,40.092305562086494,46.212944644151094
986,2025,M,2,70.5262041697647,77.19999999999982,6.673795830235122,6.673795830235122,0.0,45.906165478211506,39.232369647976384
18740,2025,F,2,1.7408906704115452,25.86999999999989,24.129109329588346,24.129109329588346,0.0,38.609442514381726,14.48033318479338
8034,2025,F,4,193.04520593679808,244.80000000000018,51.7547940632021,51.7547940632021,0.0,60.08650829763383,8.331714234431729
22598,2025,F,2,-27.302236108261923,-26.925835440258197,0.3764006680037255,0.3764006680037255,0.0,7.4884800224906485,7.112079354486923
28859,2025,F,2,-63.49151885058086,-69.23845430653569,-5.7469354559548265,-5.7469354559548265,0.0,2.1071238519668896,7.854059307921716
28860,2025,M,2,-27.537904342263573,-31.34454019548275,-3.806635853219177,-3.806635853219177,0.0,2.455625634644548,6.262261487863725
28360,2025,M,3,-25.43553225580422,-25.069999999999936,0.3655322558042826,0.3655322558042826,0.0,6.763996695473679,6.398464439669397
28365,2025,M,3,-3.4004875270791217,-2.8400000000001455,0.5604875270789762,0.5604875270789762,0.0,8.347988584391942,7.787501057312966
2311,2025,M,2,-100.03546873925006,-99.84999999999991,0.1854687392501546,0.1854687392501546,0.0,8.384458371532673,8.198989632282519
28861,2025,M,2,-66.75568850417994,-72.20131700657157,-5.445628502391628,-5.445628502391628,0.0,3.4419643390911006,8.887592841482729
26944,2025,F,4,75.68852023558998,89.59999999999991,13.911479764409933,13.911479764409933,0.0,19.85776921420984,5.946289449799906
404,2025,F,4,-14.595421104726256,-1.2999999999999545,13.295421104726302,13.295421104726302,0.0,19.559433863302502,6.2640127585762
63,2025,F,2,62.09142980426827,48.80000000000018,-13.291429804268091,-13.291429804268091,0.0,28.322592415648614,41.614022219916706
26946,2025,F,4,26.48812752303843,40.700000000000045,14.211872476961616,14.211872476961616,0.0,20.626337903928288,6.414465426966672
409,2025,F,4,48.387162665889264,62.700000000000045,14.312837334110782,14.312837334110782,0.0,20.62775854845654,6.314921214345759
26953,2025,F,3,60.98409808144652,39.30000000000018,-21.684098081446336,-21.684098081446336,0.0,20.882053918991915,42.56615200043825
27242,2025,F,3,-10.826043408136456,3.199999999999818,14.026043408136275,14.026043408136275,0.0,20.468690301689776,6.442646893553501
27245,2025,F,2,29.737320336061885,7.7000000000000455,-22.03732033606184,-22.03732033606184,0.0,20.906708171020682,42.94402850708252
11335,2025,F,2,94.75013664826997,73.10000000000014,-21.650136648269836,-21.650136648269836,0.0,21.76995674907357,43.42009339734341
26947,2025,F,4,41.79795021132804,56.40000000000009,14.602049788672048,14.602049788672048,0.0,21.095150598211376,6.493100809539328
1930,2025,F,4,19.783875260813375,34.19999999999982,14.416124739186444,14.416124739186444,0.0,20.97013387973584,6.554009140549397
27244,2025,F,2,-9.378936794691299,-32.59999999999991,-23.22106320530861,-23.22106320530861,0.0,20.892299688476896,44.11336289378551
19448,2025,F,4,39.20675991686312,53.5,14.29324008313688,14.29324008313688,0.0,20.660433372603393,6.367193289466513
19449,2025,F,2,41.59574641890049,19.0,-22.59574641890049,-22.59574641890049,0.0,21.746722703322803,44.34246912222329
27601,2025,F,3,16.986885366810156,39.59999999999991,22.613114633189753,22.613114633189753,0.0,29.220759468210645,6.607644835020892
408,2025,F,4,6.2612970334446345,21.0,14.738702966555365,14.738702966555365,0.0,21.532709112875636,6.794006146320271
26531,2025,F,3,48.740733796148106,64.20000000000005,15.45926620385194,15.45926620385194,0.0,22.157364455820698,6.698098251968759
27604,2025,F,2,61.480229968475214,46.80000000000018,-14.680229968475032,-14.680229968475032,0.0,30.87620462391328,45.556434592388314
27243,2025,F,3,-52.90531352465132,-38.899999999999864,14.005313524651456,14.005313524651456,0.0,20.717957049697134,6.712643525045678
5290,2025,F,2,66.88126158196178,52.09999999999991,-14.781261581961871,-14.781261581961871,0.0,31.373229528816637,46.15449111077851
27248,2025,F,3,44.68296963524904,60.200000000000045,15.517030364751008,15.517030364751008,0.0,22.268309771407758,6.751279406656749
26852,2025,F,4,76.50884369930827,44.41825272738447,-32.0905909719238,-32.0905909719238,0.0,10.722519690337094,42.8131106622609
27251,2025,F,4,37.69992409038241,37.23590450930487,-0.4640195810775367,-0.4640195810775367,0.0,6.516347876542113,6.98036745761965
27247,2025,F,3,-7.733104017581354,7.5,15.233104017581354,15.233104017581354,0.0,22.203471599960494,6.97036758237914
1954,2025,F,4,-0.4496079473849477,14.799999999999955,15.249607947384902,15.249607947384902,0.0,22.32542875957256,7.075820812187658
11341,2025,F,2,-60.87429890155863,-86.09999999999991,-25.225701098441277,-25.225701098441277,0.0,21.279887868904552,46.50558896734583
11342,2025,F,2,40.773946808992605,17.0,-23.773946808992605,-23.773946808992605,0.0,22.79710108076415,46.571047889756755
27249,2025,F,2,22.05538076387279,-2.0,-24.05538076387279,-24.05538076387279,0.0,22.53054415370434,46.58592491757713
19469,2025,F,2,15.84734127728666,-8.400000000000091,-24.24734127728675,-24.24734127728675,0.0,22.5319850019589,46.77932627924565
11340,2025,F,3,65.29933948233793,41.40000000000009,-23.899339482337837,-23.899339482337837,0.0,22.963298152703373,46.86263763504121
26958,2025,F,3,54.64903015909999,30.5,-24.149030159099993,-24.149030159099993,0.0,22.895107215353164,47.04413737445316
26955,2025,F,2,-67.35334288917397,-93.29999999999995,-25.94665711082598,-25.94665711082598,0.0,21.171865402730646,47.11852251355663
21215,2025,F,3,34.508333433990856,50.40000000000009,15.891666566009235,15.891666566009235,0.0,22.8806702795182,6.989003713508964
27250,2025,F,3,-53.54592958943476,-38.200000000000045,15.345929589434718,15.345929589434718,0.0,22.671747282633532,7.325817693198815
28334,2025,F,2,12.551227239898253,53.200000000000045,40.64877276010179,40.64877276010179,0.0,47.69277578743345,7.044003027331655
28335,2025,F,2,1.9590171282538904,42.80000000000018,40.84098287174629,40.84098287174629,0.0,47.975439316025586,7.134456444279294
26957,2025,F,2,6.007687775176919,-19.5,-25.50768777517692,-25.50768777517692,0.0,22.77719371951821,48.28488149469513
25587,2025,F,2,69.36746847364111,53.59999999999991,-15.767468473641202,-15.767468473641202,0.0,33.35350198457445,49.12097045821565
19453,2025,F,3,8.442303732761502,33.59999999999991,25.157696267238407,25.157696267238407,0.0,32.57078559889942,7.413089331661013
85,2025,F,2,147.36558206087193,123.79999999999995,-23.565582060871975,-23.565582060871975,0.0,25.58514245298511,49.150724513857085
27259,2025,F,3,10.091720567174434,26.399999999999864,16.30827943282543,16.30827943282543,0.0,23.64864239910139,7.340362966275961
27265,2025,F,2,52.015567234260516,27.0,-25.015567234260516,-25.015567234260516,0.0,24.242271879905047,49.25783911416556
27609,2025,F,3,43.86413336284363,70.0,26.13586663715637,26.13586663715637,0.0,33.62940951052474,7.493542873368369
19454,2025,F,2,-22.43481164480454,-48.90000000000009,-26.46518835519555,-26.46518835519555,0.0,23.48294484984808,49.94813320504363
19457,2025,F,3,-13.721955285787999,-40.700000000000045,-26.978044714212047,-26.978044714212047,0.0,23.544341764708633,50.52238647892068
1947,2025,F,2,-121.85605816932912,-79.19999999999982,42.6560581693293,42.6560581693293,0.0,50.77232054630758,8.116262376978284
27275,2025,F,2,58.18330250619738,32.40000000000009,-25.783302506197288,-25.783302506197288,0.0,25.11398507380386,50.89728758000115
11346,2025,F,3,6.319490275313683,-20.59999999999991,-26.919490275313592,-26.919490275313592,0.0,24.037305415969968,50.95679569128356
28336,2025,F,2,-65.97077861169782,-22.899999999999864,43.07077861169796,43.07077861169796,0.0,50.95977109684782,7.888992485149856
26950,2025,F,4,19.804187487162835,36.90000000000009,17.095812512837256,17.095812512837256,0.0,24.892533421904773,7.796720909067517
27260,2025,F,2,-47.57136228469858,-75.10000000000014,-27.528637715301556,-27.528637715301556,0.0,23.74950177690789,51.27813949220945
81,2025,F,2,112.02847534908847,96.30000000000018,-15.728475349088285,-15.728475349088285,0.0,35.719262260276764,51.44773760936505
8125,2025,F,3,-2.491227898252646,24.09999999999991,26.591227898252555,26.591227898252555,0.0,34.494311116695826,7.903083218443271
27281,2025,F,2,28.19720132344355,0.8000000000001819,-27.39720132344337,-27.39720132344337,0.0,25.74651745747542,53.14371878091879
21224,2025,F,2,-5.887690730304939,-46.5263148059164,-40.63862407561146,-40.63862407561146,0.0,12.59733227779543,53.23595635340689
11347,2025,F,3,66.44769390115175,26.32896398562957,-40.11872991552218,-40.11872991552218,0.0,13.126152654577254,53.244882570099435
1971,2025,F,3,-56.14913869419934,-39.100000000000136,17.0491386941992,17.0491386941992,0.0,25.165855610961216,8.116716916762016
27273,2025,F,3,-63.426239555355096,-110.77425397906472,-47.34801442370963,-47.34801442370963,0.0,7.125710644374976,54.473725068084605
264,2025,F,3,168.7319820955479,198.5,29.76801790445211,29.76801790445211,0.0,37.59973837686107,7.831720472408961
27627,2025,F,3,230.72082847625074,261.70000000000005,30.9791715237493,30.9791715237493,0.0,38.803164819836184,7.823993296086883
27286,2025,F,2,80.53546925823571,53.09999999999991,-27.4354692582358,-27.4354692582358,0.0,27.2435587937739,54.6790280520097
11348,2025,F,4,23.88491424312815,23.281678496871564,-0.6032357462565869,-0.6032357462565869,0.0,7.296211153917511,7.899446900174098
26948,2025,F,3,-254.0996647680838,-287.10000000000014,-33.000335231916324,-33.000335231916324,0.0,22.348159072022554,55.34849430393888
3820,2025,F,2,-49.51147854921851,-79.20000000000005,-29.688521450781536,-29.688521450781536,0.0,25.66294825872137,55.35146970950291
11344,2025,F,4,-24.434866620445746,-8.299999999999955,16.13486662044579,16.13486662044579,0.0,23.78158940090657,7.646722780460777
26962,2025,F,3,-85.37038128551535,-116.10000000000014,-30.729618714484786,-30.729618714484786,0.0,24.922366956995347,55.65198567148013
27278,2025,F,2,-103.43923047339081,-134.5,-31.060769526609192,-31.060769526609192,0.0,25.406477269442348,56.46724679605154
1961,2025,F,2,-181.8357977454168,-215.5,-33.66420225458319,-33.66420225458319,0.0,25.588024149493776,59.252226404076964
2841,2025,F,2,-25.10254103684315,-56.600000000000136,-31.497458963156987,-31.497458963156987,0.0,27.992799886050307,59.490258849207294
1983,2025,F,2,72.67485421054812,41.0,-31.67485421054812,-31.67485421054812,0.0,30.886023180840766,62.560877391388885
28342,2025,M,2,-19.668523624971158,30.200000000000045,49.8685236249712,49.8685236249712,0.0,56.49114291246383,6.6226192874926255
1715,2025,M,3,52.17749354860234,78.89999999999986,26.72250645139752,26.72250645139752,0.0,33.46430453125936,6.741798079861837
27079,2025,M,2,58.55967028465511,33.40000000000009,-25.15967028465502,-25.15967028465502,0.0,34.20233398893379,59.36200427358881
1712,2025,M,3,10.457929123914937,37.200000000000045,26.74207087608511,26.74207087608511,0.0,33.72355567219893,6.9814847961138184
18915,2025,M,3,-25.418128814234706,1.2999999999999545,26.71812881423466,26.71812881423466,0.0,33.89499594282006,7.1768671285854
27078,2025,M,3,17.864431748773995,44.799999999999955,26.93556825122596,26.93556825122596,0.0,33.92635696793377,6.9907887167078115
28343,2025,M,2,-47.136395658101264,6.400000000000091,53.536395658101355,53.536395658101355,0.0,60.77706109933047,7.240665441229112
27081,2025,M,3,-24.4617397456077,3.2999999999999545,27.761739745607656,27.761739745607656,0.0,35.20797752757767,7.446237781970012
27083,2025,M,3,25.444231369860518,54.09999999999991,28.65576863013939,28.65576863013939,0.0,36.05681594065345,7.401047310514059
28344,2025,M,2,-10.192142157755143,45.90000000000009,56.092142157755234,56.092142157755234,0.0,63.48122728464841,7.389085126893178
27084,2025,M,2,104.1434848864526,77.20000000000005,-26.943484886452552,-26.943484886452552,0.0,38.61587558992642,65.55936047637897
2803,2025,M,3,24.155223436662936,54.5,30.344776563337064,30.344776563337064,0.0,38.19772858841111,7.852952025074046
24711,2025,M,2,49.28660430950799,19.700000000000045,-29.586604309507948,-29.586604309507948,0.0,39.280729322335446,68.8673336318434
1719,2025,M,2,5.611420205625791,-25.59999999999991,-31.2114202056257,-31.2114202056257,0.0,39.211735067085556,70.42315527271126
27094,2025,M,3,133.5405549649372,168.70000000000005,35.159445035062845,35.159445035062845,0.0,43.66500063322201,8.505555598159162
23485,2025,M,3,78.22876584066535,117.70000000000027,39.47123415933493,39.47123415933493,0.0,49.422884844086184,9.951650684751257
27101,2025,F,3,34.79648337330423,72.0,37.20351662669577,37.20351662669577,0.0,43.753434909192265,6.549918282496492
18911,2025,F,2,2.9739380019977943,-14.266462548730487,-17.240400550728282,-17.240400550728282,0.0,42.53886500424437,59.77926555497265
28347,2025,F,2,135.40466709085126,198.03621644466102,62.63154935380976,62.63154935380976,0.0,69.59055344159765,6.959004087787889
23464,2025,F,3,89.26640603272608,133.29999999999995,44.03359396727387,44.03359396727387,0.0,51.52668230085851,7.493088333584637
8075,2025,M,3,40.96092458666158,-7.67441977185058,-48.63534435851216,-48.63534435851216,0.0,11.08692806712088,59.72227242563304
26905,2025,M,3,-19.22434522548292,-70.4838042608369,-51.259459035353984,-51.259459035353984,0.0,11.190662929692508,62.45012196504649
19600,2025,M,2,22.11237600432105,-29.6375431329011,-51.74991913722215,-51.74991913722215,0.0,11.626772760096628,63.37669189731878
24986,2025,M,3,84.33403774847261,31.736597413852678,-52.59744033461993,-52.59744033461993,0.0,12.307400480849083,64.90484081546902
6820,2025,M,2,-13.123473119118898,-67.5224564166358,-54.39898329751691,-54.39898329751691,0.0,11.933743271789353,66.33272656930626
26907,2025,M,3,-55.472166455571596,-109.45519791101947,-53.98303145544787,-53.98303145544787,0.0,11.506101593431595,65.48913304887947
20497,2025,M,2,12.043202428809991,16.43285989205492,4.38965746324493,4.38965746324493,0.0,6.9551602074520815,2.5655027442071514
28350,2025,M,2,6.262148359121966,10.770175008028673,4.508026648906707,4.508026648906707,0.0,7.157853686499266,2.6498270375925586
28351,2025,M,2,-8.867208896465627,-4.094190179425368,4.773018717040259,4.773018717040259,0.0,7.6170471575806005,2.8440284405403418
28352,2025,M,2,50.60707217690697,55.6339102786344,5.026838101727435,5.026838101727435,0.0,7.873421823885792,2.846583722158357
25503,2025,M,2,70.95548818003567,76.07201073669421,5.116522556658538,5.116522556658538,0.0,7.9656615604346825,2.849139003776145
28361,2025,M,2,21.267825533598852,25.631353021157565,4.363527487558713,4.363527487558713,0.0,6.890701007499729,2.527173519941016
22593,2025,M,2,17.040901007832872,21.438558517875435,4.3976575100425634,4.3976575100425634,0.0,6.955494409396351,2.557836899353788
27568,2025,M,2,30.99034031933229,13.5,-17.49034031933229,-17.49034031933229,0.0,49.281469762655206,66.7718100819875
3412,2025,M,3,83.58149071308617,26.905488616186403,-56.676002096899765,-56.676002096899765,0.0,13.203966078791836,69.8799681756916
22351,2025,F,2,36.34832705674239,9.899999999999864,-26.448327056742528,-26.448327056742528,0.0,27.33832656066238,53.78665361740491
19595,2025,F,3,95.87113554628536,46.591826663451684,-49.279308882833675,-49.279308882833675,0.0,9.78442342353378,59.063732306367456
267,2025,F,2,110.86692491484337,79.79999999999995,-31.066924914843412,-31.066924914843412,0.0,34.80544088000147,65.87236579484488
27629,2025,F,2,-131.31696676802994,-181.30000000000018,-49.98303323197024,-49.98303323197024,0.0,43.76362991405131,93.74666314602155
162,2025,M,2,-30.431814502177303,-88.77899169737611,-58.34717719519881,-58.34717719519881,0.0,11.501674826050703,69.84885202124951
179,2025,M,2,-34.98922447334053,-94.5757705580886,-59.58654608474808,-59.58654608474808,0.0,11.717850494287177,71.30439657903526
26869,2025,M,3,-384.2189709067443,-457.8138126995307,-73.59484179278638,-73.59484179278638,0.0,12.019528479064547,85.61437027185093
28245,2025,F,2,-21.84250032755881,1.7000000000000455,23.542500327558855,23.542500327558855,0.0,89.48078113909173,65.93828081153288
28246,2025,F,2,-49.066176850223655,-26.200000000000045,22.86617685022361,22.86617685022361,0.0,91.02618145953443,68.16000460931082
19514,2025,F,2,-23.449833188974708,0.20000000000004547,23.649833188974753,23.649833188974753,0.0,90.1115567800889,66.46172359111415
19375,2025,M,5,-80.02407629108188,-19.415404943282738,60.608671347799145,60.608671347799145,0.0,64.90162616401153,4.2929548162123865
666,2025,M,4,-80.32897451423582,-19.387818121054124,60.9411563931817,60.9411563931817,0.0,65.25725151285542,4.316095119673719
18961,2025,M,3,36.499663935194576,58.100000000000136,21.60033606480556,21.60033606480556,0.0,25.969282494853815,4.368946430048254
673,2025,M,5,-42.1154964509376,21.652014480108846,63.767510931046445,63.767510931046445,0.0,68.15559810593322,4.388087174886778
466,2025,M,5,-51.254891339282494,12.808681741596502,64.063573080879,64.063573080879,0.0,68.49936927648241,4.435796195603416
22379,2025,M,2,11.089867636142117,34.5,23.410132363857883,23.410132363857883,0.0,27.818503014618045,4.408370650760162
467,2025,M,3,1.3394616388959548,22.90000000000009,21.560538361104136,21.560538361104136,0.0,26.042900846388875,4.482362485284739
18963,2025,M,4,26.117127562638416,48.40000000000009,22.282872437361675,22.282872437361675,0.0,26.829799226130945,4.5469267887692695
8108,2025,M,5,-70.01144217592719,-5.984938917292311,64.02650325863488,64.02650325863488,0.0,68.51715054392434,4.490647285289469
19384,2025,M,5,-34.114847389057786,3.204791284604653,37.31963867366244,37.31963867366244,0.0,41.90541831762607,4.585779643963633
695,2025,M,4,73.27224635168272,96.5,23.227753648317275,23.227753648317275,0.0,27.808105319864126,4.58035167154685
26996,2025,M,3,75.29717625490616,98.70000000000005,23.402823745093883,23.402823745093883,0.0,28.01260074079505,4.609776995701168
18965,2025,M,2,12.239250587616425,10.299999999999955,-1.9392505876164705,-1.9392505876164705,0.0,27.238790067992568,29.17804065560904
675,2025,M,4,79.00976721097845,102.29999999999995,23.290232789021502,23.290232789021502,0.0,27.86372807435737,4.573495285335866
27005,2025,M,3,117.39435452398334,117.20000000000005,-0.1943545239832929,-0.1943545239832929,0.0,29.038349772184347,29.23270429616764
18964,2025,M,4,23.616262801947187,45.200000000000045,21.58373719805286,21.58373719805286,0.0,25.993821945365653,4.410084747312794
18969,2025,M,3,77.35950111957231,101.09999999999991,23.740498880427594,23.740498880427594,0.0,28.413411765819546,4.672912885391952
3615,2025,M,2,-654.5066128077093,-638.1233533271081,16.38325948060117,16.38325948060117,0.0,45.94570896336438,29.562449482763213
699,2025,M,2,68.63063143013119,67.60000000000014,-1.0306314301310522,-1.0306314301310522,0.0,28.545924798582973,29.576556228714026
711,2025,M,4,54.33432645771154,78.29999999999995,23.965673542288414,23.965673542288414,0.0,28.76514388982082,4.799470347532406
575,2025,F,2,49.42560224597514,61.5,12.074397754024858,12.074397754024858,0.0,16.335617666041117,4.261219912016259
18922,2025,F,5,-95.59461967059701,-36.684186933671526,58.910432736925486,58.910432736925486,0.0,63.20644188744018,4.296009150514692
20764,2025,F,4,15.512028865897264,22.006668745499383,6.4946398796021185,6.4946398796021185,0.0,10.812507755191064,4.317867875588945
570,2025,F,2,5.588012332745166,31.100000000000136,25.51198766725497,25.51198766725497,0.0,29.853869353489017,4.341881686234046
7704,2025,F,3,-26.57051643210525,-6.113408548411371,20.45710788369388,20.45710788369388,0.0,25.29527498992411,4.83816710623023
27058,2025,F,4,114.73490749312236,145.79999999999995,31.06509250687759,31.06509250687759,0.0,35.96175479288422,4.896662286006631
18931,2025,F,3,93.55583105188043,124.20000000000005,30.644168948119614,30.644168948119614,0.0,35.54544927463462,4.901280326515007
24666,2025,F,4,59.33718295753192,67.03124155920636,7.694058601674442,7.694058601674442,0.0,12.597186144393163,4.903127542718721
2323,2025,F,2,56.88285565508977,65.15999999999985,8.277144344910084,8.277144344910084,0.0,13.194433878521977,4.917289533611893
28271,2025,F,2,-45.79635491883005,-33.0,12.796354918830048,12.796354918830048,0.0,17.727806443335112,4.931451524505064
26228,2025,F,3,131.2524550175292,163.0,31.7475449824708,31.7475449824708,0.0,36.70116310141725,4.953618118946451
18933,2025,F,2,72.70861069516468,97.40000000000009,24.69138930483541,24.69138930483541,0.0,29.702271126089272,5.010881821253861
27525,2025,F,2,-63.371274824387,-53.899999999999864,9.471274824387137,9.471274824387137,0.0,14.482772384375494,5.011497559988356
27059,2025,F,2,92.99781140024083,124.29999999999995,31.30218859975912,31.30218859975912,0.0,36.317996330888946,5.015807731129826
18932,2025,F,2,50.67139796033348,81.09999999999991,30.42860203966643,30.42860203966643,0.0,35.448104203203,5.019502163536572
5521,2025,F,2,241.33353668989344,275.79999999999995,34.46646331010652,34.46646331010652,0.0,39.48688908174495,5.020425771638429
27051,2025,F,3,-93.89271219075408,-66.5,27.392712190754082,27.392712190754082,0.0,32.41590878669763,5.023196595943546
27049,2025,F,3,-134.63286805236407,-108.10000000000014,26.532868052363938,26.532868052363938,0.0,31.556372517674617,5.02350446531068
18930,2025,F,3,9.019906504106302,38.59999999999991,29.580093495893607,29.580093495893607,0.0,34.60513730804064,5.025043812147032
27060,2025,F,3,108.70792707560327,140.39999999999986,31.692072924396598,31.692072924396598,0.0,36.717732475278126,5.025659550881528
3116,2025,F,3,15.644062966947104,45.799999999999955,30.15593703305285,30.15593703305285,0.0,35.255485232072715,5.099548199019864
18945,2025,F,2,-30.518958136176934,-17.0,13.518958136176934,13.518958136176934,0.0,18.65329557369523,5.1343374375182975
612,2025,F,2,50.21506077264985,64.69999999999982,14.484939227349969,14.484939227349969,0.0,19.635285871965152,5.150346644615183
26825,2025,F,4,44.884811730520596,52.85384758300211,7.969035852481511,7.969035852481511,0.0,13.133236618622504,5.164200766140993
16160,2025,F,2,113.53304722592884,132.30097481155735,18.767927585628513,18.767927585628513,0.0,23.948445428233526,5.180517842605013
27425,2025,F,2,4.305199679920861,12.599999999999909,8.294800320079048,8.294800320079048,0.0,13.487632937373746,5.192832617294698
11440,2025,F,2,17.591170110520352,28.200000000000045,10.608829889479694,10.608829889479694,0.0,15.812437934627951,5.203608045148258
27066,2025,F,2,149.10205285135999,182.70000000000005,33.59794714864006,33.59794714864006,0.0,38.803402409991804,5.205455261351744
27068,2025,F,3,204.61182875769555,239.39999999999986,34.788171242304315,34.788171242304315,0.0,39.996397327961176,5.208226085656861
655,2025,F,4,168.1744353285644,202.29999999999995,34.12556467143554,34.12556467143554,0.0,39.35226291912704,5.226698247691502
28277,2025,F,2,13.67737806988498,28.0,14.32262193011502,14.32262193011502,0.0,19.5674844704738,5.244862540358781
28280,2025,F,2,66.51690910186721,81.5,14.983090898132787,14.983090898132787,0.0,20.24888855546419,5.2657976573314045
28275,2025,F,2,-26.056630886520225,-12.100000000000136,13.956630886520088,13.956630886520088,0.0,19.23412757980668,5.277496693286594
2330,2025,F,2,85.58962369795859,94.68999999999983,9.10037630204124,9.10037630204124,0.0,14.390803508752242,5.290427206711001
27232,2025,F,2,-76.26700225394688,-25.732140546874916,50.53486170707197,50.53486170707197,0.0,55.841913859614124,5.3070521525421555
27540,2025,F,2,18.009187342066753,28.899999999999864,10.890812657933111,10.890812657933111,0.0,16.232961918340834,5.342149260407723
4115,2025,F,2,102.99465299633971,122.10000000000014,19.105347003660427,19.105347003660427,0.0,39.00844841151752,19.903101407857093
27065,2025,F,4,28.8264191546009,61.799999999999955,32.973580845399056,32.973580845399056,0.0,38.507224852232184,5.5336440068331285
2499,2025,F,3,35.80004736186652,60.09999999999991,24.29995263813339,24.29995263813339,0.0,28.325344614841015,4.025391976707624
25052,2025,F,3,157.4995246447279,185.0,27.5004753552721,27.5004753552721,0.0,31.63300587178037,4.132530516508268
567,2025,F,4,52.025833891800175,77.40000000000009,25.374166108199915,25.374166108199915,0.0,29.52455304800833,4.1503869398084134
27228,2025,F,3,41.20632491249398,84.97015499927079,43.76383008677681,43.76383008677681,0.0,47.9954945395375,4.231664452760697
26994,2025,M,4,17.779981750235947,40.799999999999955,23.020018249764007,23.020018249764007,0.0,27.749210638635986,4.729192388871979
27002,2025,M,4,67.2809843317657,91.29999999999995,24.01901566823426,24.01901566823426,0.0,28.7847754502302,4.765759781995939
18977,2025,M,4,75.5326495702227,99.10000000000014,23.567350429777434,23.567350429777434,0.0,28.210552308256183,4.643201878478749
681,2025,M,3,20.660481809761677,43.899999999999864,23.239518190238186,23.239518190238186,0.0,28.004420923957696,4.764902733719509
26921,2025,M,2,-46.07773330082637,13.77563683850667,59.85337013933304,59.85337013933304,0.0,90.14937041152848,30.296000272195442
28312,2025,M,2,47.552188374771276,73.29999999999995,25.747811625228678,25.747811625228678,0.0,30.47586128306557,4.728049657836891
704,2025,M,4,132.9244911659041,158.20000000000005,25.275508834095945,25.275508834095945,0.0,30.075550547145895,4.80004171304995
523,2025,M,2,47.754290775483014,88.39999999999986,40.64570922451685,40.64570922451685,0.0,71.26087462384498,30.615165399328134
2176,2025,M,3,18.466370674671907,43.19999999999982,24.73362932532791,24.73362932532791,0.0,29.81706833508906,5.08343900976115
28314,2025,M,2,-29.68142213887745,-3.900000000000091,25.78142213887736,25.78142213887736,0.0,30.779156321004166,4.9977341821268055
3137,2025,M,2,31.03868641908457,57.0,25.96131358091543,25.96131358091543,0.0,30.786209693979345,4.8248961130639145
5708,2025,M,3,71.0073961355331,95.39999999999986,24.392603864466764,24.392603864466764,0.0,29.22321363270612,4.830609768239356
691,2025,M,4,124.89147653205987,151.0999999999999,26.20852346794004,26.20852346794004,0.0,31.230540684563266,5.022017216623226
717,2025,M,4,55.400222347357385,78.70000000000005,23.29977765264266,23.29977765264266,0.0,27.95697798630181,4.657200333659148
27236,2025,M,2,47.0083343390379,73.1311860202652,26.122851681227303,26.122851681227303,0.0,57.13476931041646,31.011917629189156
24595,2025,M,5,-21.17823195125925,-10.109880440985535,11.068351510273715,11.068351510273715,0.0,28.790400545135526,17.72204903486181
26182,2025,M,2,74.45610014577414,101.66550644455288,27.20940629877873,27.20940629877873,0.0,58.477008698322834,31.267602399544103
740,2025,M,4,46.02491719469094,71.0,24.975082805309057,24.975082805309057,0.0,30.01338393918286,5.0383011338738015
19385,2025,M,4,253.34046818307888,281.5,28.159531816921117,28.159531816921117,0.0,33.142981861108865,4.983450044187748
27022,2025,M,4,223.67908838013386,251.30000000000018,27.62091161986632,27.62091161986632,0.0,32.59493413301425,4.974022513147929
19002,2025,M,4,89.99343512164228,115.79999999999995,25.806564878357676,25.806564878357676,0.0,30.865720853622634,5.059155975264957
18968,2025,M,3,34.2763878559399,59.100000000000136,24.823612144060235,24.823612144060235,0.0,29.87105512621497,5.047442982154735
27004,2025,M,4,16.139279216899013,40.200000000000045,24.060720783101033,24.060720783101033,0.0,29.012174358305174,4.951453575204141
20434,2025,M,2,-36.57974082439864,-30.09999999999991,6.479740824398732,6.479740824398732,0.0,38.380383448477005,31.900642624078273
28387,2025,M,2,38.73857609894071,65.70000000000005,26.961423901059334,26.961423901059334,0.0,31.950016234905206,4.988592333845872
25030,2025,M,3,31.431903135457333,29.600000000000136,-1.8319031354571962,-1.8319031354571962,0.0,30.230967067053143,32.06287020251034
19007,2025,M,3,185.53940264427638,213.20000000000005,27.660597355723667,27.660597355723667,0.0,32.774890103433336,5.114292747709669
27018,2025,M,4,115.29844141997296,141.60000000000014,26.301558580027177,26.301558580027177,0.0,31.376141424266052,5.074582844238876
734,2025,M,4,104.78179763174171,130.79999999999995,26.018202368258244,26.018202368258244,0.0,31.07021627455356,5.052013906295315
28319,2025,M,2,78.44320628951164,106.0,27.556793710488364,27.556793710488364,0.0,32.52310278914911,4.966309078660743
743,2025,M,5,-188.76332964964308,-148.29246181882377,40.470867830819316,40.470867830819316,0.0,45.930836716654994,5.4599688858356785
760,2025,M,4,6.01644309644098,32.90000000000009,26.88355690355911,26.88355690355911,0.0,32.45751321014859,5.57395630658948
725,2025,M,2,9.790115573807725,37.700000000000045,27.90988442619232,27.90988442619232,0.0,33.17730313260904,5.26741870641672
27017,2025,M,4,46.51446645205351,72.59999999999991,26.085533547946397,26.085533547946397,0.0,31.353237937122003,5.267704389175606
27013,2025,M,2,-1.4231130505231704,-3.900000000000091,-2.4768869494769206,-2.4768869494769206,0.0,30.927887461585897,33.40477441106282
27405,2025,M,2,210.93307583462615,261.79999999999995,50.8669241653738,50.8669241653738,0.0,84.32107218726378,33.45414802188998
3153,2025,M,2,-26.77483011027425,1.2999999999999545,28.074830110274206,28.074830110274206,0.0,33.4982316029857,5.423401492711491
778,2025,M,4,149.15490873151816,177.80000000000018,28.64509126848202,28.64509126848202,0.0,34.09020465086087,5.44511338237885
27024,2025,M,4,78.64773577950791,106.30000000000018,27.65226422049227,27.65226422049227,0.0,33.13480204427151,5.482537823779239
513,2025,M,3,-175.1599445062518,-171.406715973186,3.753228533065794,3.753228533065794,0.0,37.82278334705143,34.06955481398563
2754,2025,M,2,37.99574628471237,66.80000000000018,28.804253715287814,28.804253715287814,0.0,34.145378573470225,5.341124858182411
24464,2025,M,2,-0.08285609400832072,-2.6000000000001364,-2.5171439059918157,-2.5171439059918157,0.0,31.739325291839577,34.25646919783139
27023,2025,M,3,45.425520938068985,72.89999999999986,27.47447906193088,27.47447906193088,0.0,33.035008278857504,5.560529216926625
2608,2025,M,3,9.180941772392543,6.7999999999999545,-2.380941772392589,-2.380941772392589,0.0,32.118868793086904,34.49981056547949
27029,2025,M,3,85.43901674278845,113.80000000000018,28.36098325721173,28.36098325721173,0.0,33.96750739830236,5.606524141090631
27237,2025,M,3,71.09528150447795,123.765022940363,52.669741435885044,52.669741435885044,0.0,57.591198321417096,4.921456885532052
26836,2025,M,4,-21.484604092404652,-19.67787559212843,1.806728500276222,1.806728500276222,0.0,34.7424536084809,32.93572510820468
737,2025,M,2,101.94905560638222,101.09999999999991,-0.8490556063823078,-0.8490556063823078,0.0,33.800639134822404,34.64969474120471
2730,2025,M,2,-31.035514453166115,-1.900000000000091,29.135514453166024,29.135514453166024,0.0,34.774892111516465,5.6393776583504405
759,2025,M,2,51.79447897302498,50.09999999999991,-1.6944789730250704,-1.6944789730250704,0.0,33.108626630392564,34.803105603417634
28321,2025,M,2,-10.733690569053806,18.5,29.233690569053806,29.233690569053806,0.0,34.82250237909989,5.5888118100460815
19013,2025,M,4,44.39253953262323,71.59999999999991,27.207460467376677,27.207460467376677,0.0,32.7159954222052,5.508534954828519
28322,2025,M,2,-21.637470528240556,8.300000000000182,29.937470528240738,29.937470528240738,0.0,35.69712062803819,5.7596500997974545
19387,2025,M,3,-141.6185411902086,-146.60000000000014,-4.9814588097915475,-4.9814588097915475,0.0,30.777378831780425,35.75883764157197
28388,2025,M,2,-31.11706343483729,-0.900000000000091,30.2170634348372,30.2170634348372,0.0,36.06213267951034,5.845069244673141
27027,2025,M,4,32.851970147423344,60.99999999999977,28.14802985257643,28.14802985257643,0.0,33.89225308339974,5.744223230823309
27038,2025,M,4,273.72565454701635,305.7000000000003,31.974345452983925,31.974345452983925,0.0,37.681144242406845,5.706798789422919
27015,2025,M,2,-166.44286321819982,-171.9000000000001,-5.457136781800273,-5.457136781800273,0.0,31.156922333028206,36.61405911482848
27031,2025,M,2,25.176649135832122,22.90000000000009,-2.276649135832031,-2.276649135832031,0.0,34.42557714118766,36.70222627701969
19009,2025,M,2,60.66956573052539,91.80653491857902,31.136969188053627,31.136969188053627,0.0,67.9132558813144,36.77628669326077
756,2025,M,2,37.01419100565113,68.20000000000027,31.185808994349145,31.185808994349145,0.0,36.98259785278833,5.796788858439186
20441,2025,M,3,22.65464540587209,52.5,29.84535459412791,29.84535459412791,0.0,35.97810637689463,6.132751782766718
28327,2025,M,2,-152.3078891147802,-121.5,30.80788911478021,30.80788911478021,0.0,37.17832895285301,6.370439838072798
27044,2025,M,2,432.15195107060663,436.5,4.3480489293933715,4.3480489293933715,0.0,43.011112893549125,38.663063964155754
27042,2025,M,4,159.83687820268415,194.20000000000027,34.363121797316126,34.363121797316126,0.0,40.96125079413832,6.598128996822197
27039,2025,M,3,27.82080785972039,59.70000000000027,31.879192140279883,31.879192140279883,0.0,38.4173277577579,6.538135617478019
4304,2025,M,2,94.41070794675306,130.29999999999973,35.88929205324666,35.88929205324666,0.0,42.38371820863085,6.49442615538419
26843,2025,M,3,-54.999165669617014,-53.141529042166894,1.8576366274501197,1.8576366274501197,0.0,45.08246956338644,43.22483293593632
27048,2025,F,3,47.55213268356465,74.39999999999986,26.847867316435213,26.847867316435213,0.0,31.266408475112712,4.418541158677499
27229,2025,F,3,-38.73353380387175,6.210820078129927,44.94435388200168,44.94435388200168,0.0,49.565473084325276,4.621119202323598
25022,2025,F,3,22.132271580595443,48.700000000000045,26.567728419404602,26.567728419404602,0.0,31.03029489759797,4.4625664781933665
3000,2025,F,4,42.015350323610846,69.0,26.984649676389154,26.984649676389154,0.0,31.446600415847797,4.4619507394586435
28265,2025,F,2,-34.45452001228341,-22.40000000000009,12.05452001228332,12.05452001228332,0.0,16.663324439917233,4.608804427633913
18937,2025,F,2,131.62994765097142,148.60000000000014,16.97005234902872,16.97005234902872,0.0,33.65032713931873,16.680274790290014
27052,2025,F,4,81.13424474758062,109.40000000000009,28.265755252419467,28.265755252419467,0.0,32.80528907242365,4.539533820004181
481,2025,F,3,-8.594408273582758,8.297723617591828,16.892131891174586,16.892131891174586,0.0,33.72834990489514,16.836218013720554
28267,2025,F,2,-5.364337224108567,7.100000000000136,12.464337224108704,12.464337224108704,0.0,17.101773502896094,4.637436278787391
18938,2025,F,3,98.5536263445681,127.79999999999995,29.246373655431853,29.246373655431853,0.0,33.890583060298695,4.644209404866842
7946,2025,F,3,-65.96531278509201,-4.37870821170327,61.58660457338874,61.58660457338874,0.0,78.82172083255159,17.23511625916285
26927,2025,F,2,-37.10160677173144,26.09264892983424,63.19425570156568,63.19425570156568,0.0,80.43728212423594,17.243026422670255
27056,2025,F,2,121.27331694796885,138.5999999999999,17.326683052031058,17.326683052031058,0.0,34.68384183387889,17.35715878184783
580,2025,F,3,56.95367077829269,104.73567713229204,47.78200635399935,47.78200635399935,0.0,52.36156319174506,4.579556837745713
20408,2025,F,2,1.4900533437437389,23.200000000000045,21.709946656256307,21.709946656256307,0.0,39.103266185566326,17.39331952931002
18929,2025,F,3,18.04034366145538,65.78744252417073,47.74709886271535,47.74709886271535,0.0,52.45534509596882,4.708246233253476
3002,2025,F,2,7.908105948551565,20.90000000000009,12.991894051448526,12.991894051448526,0.0,17.768487284230105,4.776593232781579
28272,2025,F,2,20.82450876928965,33.90000000000009,13.07549123071044,13.07549123071044,0.0,17.82837852221428,4.752887291503839
27231,2025,F,2,45.405870734776045,82.25229569102021,36.846424956244164,36.846424956244164,0.0,54.72000441278624,17.873579456542075
27053,2025,F,2,-4.78813134839811,10.399999999999864,15.188131348397974,15.188131348397974,0.0,33.16567295389382,17.977541605495844
27057,2025,F,2,55.13029312030517,71.79999999999995,16.669706879694786,16.669706879694786,0.0,34.89924369406776,18.229536814372977
18928,2025,F,2,78.87805867381826,96.09999999999991,17.22194132618165,17.22194132618165,0.0,35.5102393551806,18.288298028998952
28273,2025,F,2,84.38514844465135,98.0,13.61485155534865,13.61485155534865,0.0,18.298468239222757,4.6836166838741065
27064,2025,F,2,189.07067683030618,208.79999999999995,19.72932316969377,19.72932316969377,0.0,38.22554549660026,18.49622232690649
568,2025,F,3,24.834407827890345,51.200000000000045,26.3655921721097,26.3655921721097,0.0,30.783825461420065,4.418233289310365
3586,2025,F,2,-81.58186874784974,-67.29999999999995,14.281868747849785,14.281868747849785,0.0,33.10353780191599,18.821669054066206
27234,2025,F,2,78.72851531227025,120.13181882777508,41.40330351550483,41.40330351550483,0.0,61.010338803515424,19.607035288010593
18950,2025,F,2,118.37596827828315,137.60000000000014,19.224031721716983,19.224031721716983,0.0,38.88417810756255,19.660146385845565
24817,2025,F,2,128.1209513325914,147.79999999999995,19.67904866740855,19.67904866740855,0.0,39.631871103026015,19.952822435617463
28278,2025,F,2,-110.72872277271108,-96.5,14.22872277271108,14.22872277271108,0.0,19.96525269255767,5.736529919846589
4223,2025,F,2,-97.2336873662316,-82.80000000000018,14.433687366231425,14.433687366231425,0.0,20.188997317480016,5.7553099512485915
647,2025,F,2,-156.0962292573413,-141.70000000000005,14.396229257341247,14.396229257341247,0.0,20.38675140516375,5.990522147822503
18948,2025,F,3,244.32031639848674,266.89999999999986,22.579683601513125,22.579683601513125,0.0,43.053446805257636,20.47376320374451
26198,2025,F,3,489.2027193576462,517.1000000000001,27.897280642353962,27.897280642353962,0.0,48.533767209678444,20.636486567324482
28281,2025,F,2,6.5060057462078476,22.299999999999955,15.793994253792107,15.793994253792107,0.0,21.6139567721616,5.819962518369493
19368,2025,F,3,167.9180548678578,209.30000000000018,41.38194513214239,41.38194513214239,0.0,47.85028053792621,6.468335405783819
28283,2025,F,2,39.82030262439207,56.799999999999955,16.979697375607884,16.979697375607884,0.0,23.09767744146916,6.117980065861275
652,2025,F,3,183.11677462457692,208.39999999999964,25.283225375422717,25.283225375422717,0.0,50.45788574925109,25.174660373828374
27875,2025,F,2,150.2212933955534,166.69999999999982,16.478706604446415,16.478706604446415,0.0,42.46133367938319,25.982627074936772
1053,2025,F,3,206.01408040435672,217.30000000000018,11.285919595643463,11.285919595643463,0.0,15.955066419257037,4.669146823613573
19367,2025,F,3,51.21997517053819,78.70000000000005,27.480024829461854,27.480024829461854,0.0,31.993389753250312,4.513364923788458
16153,2025,F,2,41.314240992414625,68.69999999999982,27.385759007585193,27.385759007585193,0.0,31.918827570877284,4.53306856329209
27178,2025,F,3,30.091742745518786,56.40000000000009,26.308257254481305,26.308257254481305,0.0,30.90413116869081,4.5958739142095055
26823,2025,F,3,22.99491976978402,30.09733252351225,7.102412753728231,7.102412753728231,0.0,11.793110433048923,4.690697679320692
27393,2025,M,3,44.120710470796666,73.88219567959663,29.761485208799968,29.761485208799968,0.0,40.8987325951548,11.13724738635483
2586,2025,M,2,-54.07271563792892,11.799999999999955,65.87271563792888,65.87271563792888,0.0,77.94719586444694,12.074480226518062
1597,2025,M,2,110.04251225215216,183.0999999999999,73.05748774784774,73.05748774784774,0.0,85.22325688736873,12.16576913952099
19397,2025,M,3,172.01942115970905,209.87527483136319,37.85585367165413,37.85585367165413,0.0,51.03797270927407,13.182119037619941
4550,2025,F,3,-20.977491506583192,-4.505892603887332,16.47159890269586,16.47159890269586,0.0,37.80980575827152,21.338206855575663
4549,2025,F,3,-29.283806374650794,-12.087311110703013,17.19649526394778,17.19649526394778,0.0,39.68777624295399,22.491280979006206
19371,2025,F,2,-180.55280988163622,-156.0,24.55280988163622,24.55280988163622,0.0,53.73445500538355,29.18164512374733
27524,2025,F,2,7.535662377804329,17.100000000000136,9.564337622195808,9.564337622195808,0.0,14.294134711156403,4.729797088960595
1484,2025,F,2,24.691127973750554,53.200000000000045,28.50887202624949,28.50887202624949,0.0,33.29408560131401,4.7852135750645175
2700,2025,F,2,-3.756657491855549,24.300000000000182,28.05665749185573,28.05665749185573,0.0,32.86742422440125,4.810766732545517
1572,2025,M,2,21.40400567969209,51.32760343491327,29.92359775522118,29.92359775522118,0.0,41.316454097984206,11.392856342763025
4205,2025,M,2,106.19960774909214,115.48000000000002,9.28039225090788,9.28039225090788,0.0,15.563026214008687,6.282633963100807
4182,2025,M,2,67.4792833868587,77.13000000000011,9.650716613141412,9.650716613141412,0.0,16.47452666472077,6.823810051579358
4194,2025,M,2,169.57947426992268,180.24,10.660525730077325,10.660525730077325,0.0,17.55571189719285,6.895186167115526
3296,2025,M,2,119.4607741084726,130.66999999999985,11.20922589152724,11.20922589152724,0.0,18.857220825354034,7.647994933826794
1198,2025,M,4,3.646578769245025,11.670208659367745,8.02362989012272,8.02362989012272,0.0,12.509706251271382,4.486076361148662
2442,2025,M,4,27.366871181128317,35.9558012673906,8.58893008626228,8.58893008626228,0.0,13.286126006150653,4.697195919888372
20766,2025,M,4,-2.737571768424459,5.519764780155128,8.257336548579588,8.257336548579588,0.0,12.903109571887398,4.645773023307811
26817,2025,M,4,13.228108310531752,21.578592169214517,8.350483858682765,8.350483858682765,0.0,12.977116137152052,4.6266322784692875
26818,2025,M,4,-35.449352240718554,-27.024589602922788,8.424762637795766,8.424762637795766,0.0,13.310794861238946,4.8860322234431806
7641,2025,M,4,8.181193326912307,17.02703409014771,8.845840763235401,8.845840763235401,0.0,13.773011303943122,4.927170540707721
26821,2025,M,4,-75.48330620398792,-66.23927104304016,9.24403516094776,9.24403516094776,0.0,14.768854033026855,5.524818872079095
27092,2025,M,2,-57.59022915403125,-53.899999999999864,3.6902291540313854,3.6902291540313854,0.0,42.06140688241135,38.37117772837996
26820,2025,M,4,-66.44801399341895,-57.361060965724164,9.08695302769479,9.08695302769479,0.0,14.48321465832214,5.39626163062735
7644,2025,M,3,-246.2056848640516,-271.6660838687151,-25.460399004663486,-25.460399004663486,0.0,15.13239505537831,40.5927940600418
2420,2025,F,4,-10.057645030908816,-2.1728697727073722,7.884775258201444,7.884775258201444,0.0,13.276491486735495,5.391716228534051
26824,2025,F,4,-149.35470209735809,-142.2671035862386,7.087598511119495,7.087598511119495,0.0,12.660957666327022,5.573359155207527
4237,2025,F,2,-110.26056777309009,-140.13647329428613,-29.875905521196046,-29.875905521196046,0.0,14.343971310416919,44.219876831612964
26829,2025,F,3,-166.7088519341096,-199.77115298741478,-33.06230105330519,-33.06230105330519,0.0,15.35322496189724,48.41552601520243
26828,2025,F,4,-287.63687939964734,-279.7348081179414,7.9020712817059575,7.9020712817059575,0.0,14.743236491221978,6.841165209516021
1294,2025,M,3,21.874390589974155,35.700000000000045,13.82560941002589,13.82560941002589,0.0,18.602225136855623,4.776615726829732
27110,2025,M,3,54.106149202908455,79.94000000000005,25.8338507970916,25.8338507970916,0.0,29.433819477927955,3.599968680836355
747,2025,M,3,-32.773190727235715,-8.899999999999864,23.87319072723585,23.87319072723585,0.0,28.954915640444597,5.081724913208745
27516,2025,M,2,-357.23187900470975,-337.6999999999998,19.531879004709936,19.531879004709936,0.0,27.782968443842492,8.251089439132556
27435,2025,F,2,169.928300682059,179.81999999999994,9.891699317940947,9.891699317940947,0.0,15.255399434055562,5.3637001161146145
11362,2025,F,3,-49.65352695072556,-42.08114404548269,7.5723829052428755,7.5723829052428755,0.0,12.957633877064836,5.385250971821961
27536,2025,F,2,-25.573188313155015,-15.0,10.573188313155015,10.573188313155015,0.0,15.95874715434411,5.385558841189095
11438,2025,F,2,-25.288195152561684,-14.700000000000045,10.588195152561639,10.588195152561639,0.0,15.97991138109569,5.391716228534051
4241,2025,F,2,-125.1929413821124,-118.15967222342533,7.033269158687062,7.033269158687062,0.0,12.444689026724518,5.411419868037456
27197,2025,F,2,138.39676729380017,158.27317486305674,19.87640756925657,19.87640756925657,0.0,25.289982522864875,5.413574953608304
18698,2025,F,2,-27.75959055233534,-19.25999999999999,8.499590552335349,8.499590552335349,0.0,13.982436113573385,5.482845561238037
26826,2025,F,3,-5.7527754627706145,2.317221743541495,8.06999720631211,8.06999720631211,0.0,13.564849672872697,5.494852466560587
27182,2025,F,3,72.13739700348106,104.40000000000009,32.262602996519036,32.262602996519036,0.0,37.770385976503576,5.50778297998454
2333,2025,F,3,-7.721300749262809,23.09999999999991,30.82130074926272,30.82130074926272,0.0,36.36202575154266,5.540725002279942
3124,2025,F,2,-98.10358099724567,-73.5,24.603580997245672,24.603580997245672,0.0,30.236051070963867,5.632470073718196
22371,2025,F,2,21.086354482462184,55.0,33.913645517537816,33.913645517537816,0.0,39.636013446491006,5.72236792895319
2426,2025,F,2,-41.9039094971522,-30.700000000000045,11.203909497152154,11.203909497152154,0.0,16.97923095727151,5.775321460119358
27531,2025,F,2,-248.78440272484545,-239.5,9.28440272484545,9.28440272484545,0.0,15.060647793066437,5.776245068220987
27867,2025,F,2,-148.51453485164848,-123.40000000000009,25.114534851648386,25.114534851648386,0.0,31.045330342225498,5.930795490577111
27368,2025,F,2,42.368704729371075,87.70000000000005,45.33129527062897,45.33129527062897,0.0,51.38185194506377,6.050556674434802
1687,2025,F,2,-247.6933785069823,-237.79999999999995,9.893378506982344,9.893378506982344,0.0,15.967948992062247,6.074570485079903
1153,2025,F,3,77.45074941330836,87.04180487903795,9.591055465729596,9.591055465729596,0.0,15.68502172094577,6.0939662552161735
1154,2025,F,2,15.128671810010019,28.0,12.871328189989981,12.871328189989981,0.0,19.213437155204247,6.3421089652142655
27235,2025,M,2,14.161408803194263,60.41547517888989,46.25406637569563,46.25406637569563,0.0,50.72785837821698,4.47379200252135
26993,2025,M,3,68.80773880456627,91.5,22.69226119543373,22.69226119543373,0.0,27.17662346002976,4.4843622645960295
26992,2025,M,2,-13.32092551517212,8.700000000000045,22.020925515172166,22.020925515172166,0.0,26.649843255711858,4.628917740539691
22385,2025,M,2,-8.111811640861788,5.100000000000136,13.211811640861924,13.211811640861924,0.0,17.888724084876912,4.676912444014988
700,2025,M,3,-69.957625469184,-48.59999999999991,21.357625469184086,21.357625469184086,0.0,26.044536809756437,4.686911340572351
22384,2025,M,2,26.89179247622974,49.90000000000009,23.008207523770352,23.008207523770352,0.0,27.703403664347434,4.695196140577082
4303,2025,M,3,-18.142939381975793,4.2000000000000455,22.34293938197584,22.34293938197584,0.0,27.055562170838584,4.712622788862745
19386,2025,M,3,96.16240969249384,120.59999999999991,24.43759030750607,24.43759030750607,0.0,29.190494365356926,4.752904057850856
710,2025,M,3,38.112568544792566,61.700000000000045,23.58743145520748,23.58743145520748,0.0,28.364332864796097,4.776901409588618
18990,2025,M,2,163.36893886788334,189.0999999999999,25.731061132116565,25.731061132116565,0.0,30.52053258309138,4.7894714509748155
27012,2025,M,2,170.22471525877154,196.0999999999999,25.87528474122837,25.87528474122837,0.0,30.671041212896398,4.795756471668028
27487,2025,M,2,-61.326308142872676,-48.30000000000018,13.026308142872494,13.026308142872494,0.0,17.844062186966767,4.817754044094272
1231,2025,M,2,12.342125668070139,26.299999999999955,13.957874331929816,13.957874331929816,0.0,18.817909424323943,4.860035092394128
1205,2025,M,2,30.524815516454055,44.700000000000045,14.17518448354599,14.17518448354599,0.0,19.041218913874445,4.866034430328455
22389,2025,M,3,209.29814866355036,252.29999999999995,43.00185133644959,43.00185133644959,0.0,47.87759898057652,4.875747644126932
732,2025,M,2,57.21576390224618,81.59999999999991,24.38423609775373,24.38423609775373,0.0,29.26084079015709,4.876604692403362
27202,2025,M,2,1136.9901489179354,1183.8553728069933,46.865223889057916,46.865223889057916,0.0,51.74897065043069,4.883746761372777
27453,2025,M,2,8.156770194825185,21.799999999999955,13.64322980517477,13.64322980517477,0.0,18.550402552767764,4.907172747592995
24859,2025,M,2,38.869668436614575,53.399999999999864,14.530331563385289,14.530331563385289,0.0,19.488927207559072,4.9585956441737835
5230,2025,M,3,-96.72734771279988,-57.8529695113109,38.87437820148898,38.87437820148898,0.0,43.84754366636048,4.973165464871499
27500,2025,M,2,97.27204018572502,112.5,15.227959814274982,15.227959814274982,0.0,20.20569620328706,4.97773638901208
742,2025,M,3,44.49720859706463,69.29999999999995,24.802791402935327,24.802791402935327,0.0,29.810524481619495,5.0077330786841685
27496,2025,M,2,-103.42050725519675,-89.70000000000005,13.720507255196708,13.720507255196708,0.0,18.94535923055514,5.224851975358433
27010,2025,M,2,-7.527485181877864,17.5,25.027485181877864,25.027485181877864,0.0,30.262050371034775,5.2345651891569105
18989,2025,M,2,193.92164894599068,222.5,28.578351054009318,28.578351054009318,0.0,33.85462592594831,5.276274871938995
4732,2025,M,3,-44.34716119554082,-35.280056385126045,9.067104810414776,9.067104810414776,0.0,14.353378578911133,5.286273768496358
2344,2025,M,4,48.681218686393095,86.5,37.818781313606905,37.818781313606905,0.0,42.544831192132506,4.7260498785256
27494,2025,M,2,-44.708253476954496,-31.09999999999991,13.608253476954587,13.608253476954587,0.0,18.566277755610827,4.958024278656239
2540,2025,M,2,-272.46975609801825,-234.77878135784613,37.69097474017212,37.69097474017212,0.0,43.08609363976416,5.395118899592035
19381,2025,M,2,-86.25820286389626,-33.694312355555894,52.563890508340364,52.563890508340364,0.0,57.96986535276619,5.4059748444258275
18994,2025,M,2,-19.121446448024017,6.599999999999909,25.721446448023926,25.721446448023926,0.0,31.140562699353723,5.419116251329797
27466,2025,M,2,-45.06626055036236,-30.420000000000073,14.646260550362285,14.646260550362285,0.0,20.12422745000117,5.477966899638886
27502,2025,M,2,-88.17643511631468,-73.40000000000009,14.776435116314588,14.776435116314588,0.0,20.313538347021222,5.537103230706634
5271,2025,M,2,34.92638300458998,51.100000000000136,16.173616995410157,16.173616995410157,0.0,21.725290046814507,5.55167305140435
27506,2025,M,2,-79.07218610172845,-63.5,15.572186101728448,15.572186101728448,0.0,21.353833773952147,5.7816476722236985
27205,2025,M,2,1343.279187680418,1398.9585905937165,55.67940291329842,55.67940291329842,0.0,61.50733119244478,5.827928279146363
7642,2025,M,3,-191.63254002412918,-183.45481064216438,8.17772938196481,8.17772938196481,0.0,13.623699812620089,5.445970430655279
19006,2025,M,3,26.888539530880735,55.40000000000009,28.511460469119356,28.511460469119356,0.0,34.351958789652144,5.840498320532788
27507,2025,M,2,-85.73121935559789,-70.0,15.731219355597887,15.731219355597887,0.0,21.59457229683335,5.863352941235462
19396,2025,M,3,89.22392024814553,119.0,29.776079751854468,29.776079751854468,0.0,35.66400141034501,5.887921658490541
27028,2025,M,2,-68.51313767460942,-40.59999999999991,27.913137674609516,27.913137674609516,0.0,33.959327581465004,6.0461899068554885
2367,2025,M,2,-10.366408849527943,36.40000000000009,46.766408849528034,46.766408849528034,0.0,52.838881570191916,6.072472720663882
27040,2025,M,2,204.47937586134185,237.5999999999999,33.12062413865806,33.12062413865806,0.0,39.30565586628154,6.185031727623482
20448,2025,M,2,70.48730375867444,101.40000000000009,30.912696241325648,30.912696241325648,0.0,37.102013210330824,6.189316969005176
26822,2025,M,3,13.631176472625611,25.124049160022423,11.492872687396812,11.492872687396812,0.0,17.88102485651416,6.3881521691173475
27211,2025,M,2,1743.462864735055,1809.536449416763,66.07358468170787,66.07358468170787,0.0,72.48144896118083,6.40786427947296
3175,2025,M,2,339.8467031864816,377.4000000000001,37.5532968135185,37.5532968135185,0.0,44.192278444846124,6.638981631327624
27483,2025,M,2,-104.93790098701447,-86.78999999999996,18.14790098701451,18.14790098701451,0.0,25.127130784051133,6.9792297970366235
28501,2025,F,2,55.36343022601454,67.99000000000001,12.626569773985466,12.626569773985466,0.0,20.12238983055272,7.495820056567254
26819,2025,M,2,-11.539461945081712,-16.86967091700012,-5.33020897191841,-5.33020897191841,0.0,13.63148997738449,18.9616989493029
26838,2025,M,2,-35.36888573442866,-30.83361642247155,4.535269311957109,4.535269311957109,0.0,38.841421127321155,34.306151815364046
26839,2025,M,2,-159.44209275978164,-156.74400189059725,2.698090869184398,2.698090869184398,0.0,40.557555118642995,37.8594642494586
26840,2025,M,2,-69.407075781809,-64.99494625937996,4.412129522429041,4.412129522429041,0.0,42.19961138371991,37.78748186129087
26844,2025,M,2,-29.562621611041777,-35.1534056699104,-5.590784058868621,-5.590784058868621,0.0,13.15779696931736,18.74858102818598
3884,2025,M,4,20.413990059257912,26.45936322928742,6.045373170029507,6.045373170029507,0.0,13.61078974436873,7.565416574339224
5645,2025,M,3,42.63977078817061,22.564040674071293,-20.075730114099315,-20.075730114099315,0.0,15.230093931712645,35.30582404581196
25014,2025,M,4,98.45371855951748,105.76358071211598,7.309862152598498,7.309862152598498,0.0,15.707315054333549,8.39745290173505
26851,2025,M,3,74.16895507501386,51.2537697096941,-22.915185365319758,-22.915185365319758,0.0,17.733088434426463,40.64827379974622
11325,2025,M,3,-205.4958484541553,-197.91259139233443,7.583257061820859,7.583257061820859,0.0,19.424046670967527,11.840789609146668
3864,2025,F,3,14.323900085285004,18.842810058407167,4.518909973122163,4.518909973122163,0.0,11.942908259590922,7.423998286468759
3755,2025,F,3,18.38868475286631,5.156355669308596,-13.232329083557715,-13.232329083557715,0.0,13.39742835385141,26.629757437409125
5787,2025,M,2,-38.41492233864233,5.379999999999882,43.79492233864221,43.79492233864221,0.0,50.33518606787925,6.54026372923704
23500,2025,M,2,55.42900483089579,76.05000000000018,20.62099516910439,20.62099516910439,0.0,28.042153045057375,7.421157875952986
23506,2025,M,2,84.83418563095029,105.92000000000007,21.085814369049785,21.085814369049785,0.0,28.52513303179603,7.4393186627462455
24832,2025,F,3,-93.16298719494125,-124.37044426071748,-31.207457065776225,-31.207457065776225,0.0,26.311733469916135,57.51919053569236
26880,2025,F,3,-103.83337899016283,-139.16075481621624,-35.32737582605341,-35.32737582605341,0.0,29.841201886783665,65.16857771283708
26881,2025,F,2,-23.36931178555301,-56.09215576560382,-32.72284398005081,-32.72284398005081,0.0,30.138664556704725,62.86150853675554
26882,2025,F,3,-85.86261821377025,-121.04229108970276,-35.17967287593251,-35.17967287593251,0.0,30.31798602438812,65.49765890032063
26883,2025,F,2,-59.06691338929818,-93.3458714470105,-34.278958057712316,-34.278958057712316,0.0,30.385495282809643,64.66445334052196
26884,2025,F,3,32.1792155128162,55.22080210084937,23.04158658803317,23.04158658803317,0.0,30.896034049625086,7.854447461591917
26885,2025,F,3,35.59306238288241,59.97592263219235,24.382860249309942,24.382860249309942,0.0,32.68502939780387,8.302169148493931
26886,2025,F,2,-30.885785027343445,-54.550794723517356,-23.66500969617391,-23.66500969617391,0.0,33.01202736828486,56.67703706445877
26889,2025,M,2,-88.82436947086148,-127.0751467028499,-38.25077723198842,-38.25077723198842,0.0,24.34646358953546,62.59724082152388
7691,2025,M,4,-102.10269379031888,-85.56224077958268,16.5404530107362,16.5404530107362,0.0,24.554672992770975,8.014219982034774
24835,2025,M,2,-53.53264528032719,-67.16374224829178,-13.631096967964595,-13.631096967964595,0.0,26.161862431226837,39.79295939919143
26894,2025,M,4,-42.16574082552552,-23.8446336081754,18.321107217350118,18.321107217350118,0.0,26.742041442488926,8.420934225138808
26895,2025,M,2,10.236126308000621,-31.75188491087465,-41.98801121887527,-41.98801121887527,0.0,29.36220471915658,71.35021593803185
446,2025,F,2,-24.808077845816797,-52.4602651287687,-27.6521872829519,-27.6521872829519,0.0,25.29487526493699,52.94706254788889
7982,2025,M,3,-122.01977833021101,-104.84095134646805,17.178826983742965,17.178826983742965,0.0,25.605077734935094,8.426250751192129
7689,2025,M,2,28.37307127607096,-3.4898461502602913,-31.86291742633125,-31.86291742633125,0.0,22.78606278102052,54.64898020735177
345,2025,M,3,-3.5389076298172313,-42.52429754748937,-38.98538991767214,-38.98538991767214,0.0,26.943232551233223,65.92862246890536
335,2025,M,2,-166.8917512437963,-182.5984380942432,-15.706686850446886,-15.706686850446886,0.0,25.438978098646203,41.14566494909309
26910,2025,M,2,-57.29181986859612,-98.68635431539678,-41.39453444680066,-41.39453444680066,0.0,13.27171129516546,54.66624574196612
26915,2025,M,2,-35.39637570945888,-58.29813383542205,-22.90175812596317,-22.90175812596317,0.0,11.870210904066653,34.77196903002982
26928,2025,F,2,2.9100942237173513,47.983302386058085,45.073208162340734,45.073208162340734,0.0,84.84221095859311,39.76900279625238
490,2025,F,2,-217.6311775651286,-174.74834856794837,42.88282899718024,42.88282899718024,0.0,91.3864963471724,48.503667349992156
26959,2025,F,2,59.67013280154856,60.19999999999982,0.5298671984512566,0.5298671984512566,0.0,23.733287486950076,23.20342028849882
26960,2025,F,2,-6.166471396845964,-6.600000000000136,-0.43352860315417274,-0.43352860315417274,0.0,23.797216490715982,24.230745093870155
26964,2025,F,2,137.9904279519435,139.5999999999999,1.6095720480564069,1.6095720480564069,0.0,28.256619664517984,26.647047616461577
1997,2025,M,2,-152.3150803473127,-167.29999999999995,-14.984919652687267,-14.984919652687267,0.0,17.493198389664258,32.478118042351525
11302,2025,M,3,-0.2130558987960285,10.400000000000091,10.61305589879612,10.61305589879612,0.0,17.74296038057423,7.129904481778112
11308,2025,M,2,-4.380459914723815,-17.800000000000182,-13.419540085276367,-13.419540085276367,0.0,19.23715053672072,32.656690621997086
27447,2025,M,2,11.279948821671496,24.99000000000001,13.710051178328513,13.710051178328513,0.0,17.416263253264106,3.7062120749355927
26021,2025,M,2,69.38315314046304,93.0,23.616846859536963,23.616846859536963,0.0,59.60351052473379,35.98666366519683
26933,2025,M,3,11.75086737014908,73.0,61.24913262985092,61.24913262985092,0.0,65.26025120188001,4.0111185720290905
26939,2025,F,2,-209.95971108250683,-157.8040207174763,52.15569036503052,52.15569036503052,0.0,56.38479794302157,4.229107577991044
3862,2025,F,3,11.136322272309599,23.799999999999955,12.663677727690356,12.663677727690356,0.0,18.462696287585686,5.79901855989533
26945,2025,F,2,19.114822473690765,19.09999999999991,-0.014822473690855986,-0.014822473690855986,0.0,20.39335220131511,20.408174675005966
11338,2025,F,3,-13.721365656546595,0.599999999999909,14.321365656546504,14.321365656546504,0.0,21.055372551423943,6.734006894877439
1946,2025,F,3,56.94840228831481,72.20000000000005,15.251597711685235,15.251597711685235,0.0,21.944696026033625,6.69309831434839
1953,2025,F,3,73.06514246745337,88.5,15.43485753254663,15.43485753254663,0.0,22.10522885771229,6.670371325165661
26949,2025,F,2,-49.256478935321184,-50.299999999999955,-1.043521064678771,-1.043521064678771,0.0,22.41492936484474,23.45845042952351
1957,2025,F,2,-178.9514329930114,-181.9000000000001,-2.9485670069886964,-2.9485670069886964,0.0,23.04001295722219,25.988579964210885
1952,2025,F,2,50.89622670120593,51.299999999999955,0.4037732987940217,0.4037732987940217,0.0,23.58269916696827,23.178925868174247
2838,2025,F,2,57.41195991368522,57.899999999999864,0.4880400863146406,0.4880400863146406,0.0,24.344164634046365,23.856124547731724
26951,2025,F,2,48.391197797725,65.79999999999995,17.408802202274956,17.408802202274956,0.0,25.159614593193055,7.7508123909180995
2834,2025,F,2,-4.663112315019816,-5.099999999999909,-0.43688768498009267,-0.43688768498009267,0.0,25.553133127485353,25.990020812465445
26952,2025,F,2,25.103650662424798,25.09999999999991,-0.003650662424888651,-0.003650662424888651,0.0,25.68667371312972,25.69032437555461
26956,2025,F,2,31.261135479480345,31.40000000000009,0.1388645205197463,0.1388645205197463,0.0,22.048403076587192,21.909538556067446
23462,2025,F,3,27.214491604740488,40.299999999999955,13.085508395259467,13.085508395259467,0.0,18.97270767318423,5.887199277924765
19465,2025,F,2,17.603396729980204,17.5,-0.10339672998020433,-0.10339672998020433,0.0,25.000502406042642,25.103899136022847
2871,2025,M,4,-247.08990747396228,-237.70000000000005,9.38990747396224,9.38990747396224,0.0,17.534825388149102,8.144917914186863
2001,2025,M,3,-41.26183720517679,-30.799999999999955,10.461837205176835,10.461837205176835,0.0,17.79554185234474,7.333704647167906
19411,2025,M,3,-21.011586865747176,-10.400000000000091,10.611586865747086,10.611586865747086,0.0,17.89522755924304,7.283640693495954
26967,2025,M,3,6.749798623218567,17.5,10.750201376781433,10.750201376781433,0.0,17.920422847799728,7.170221471018294
24421,2025,M,3,23.811095195650296,34.90000000000009,11.088904804349795,11.088904804349795,0.0,18.359697226549542,7.270792422199747
26971,2025,M,3,28.012452002122473,39.700000000000045,11.687547997877573,11.687547997877573,0.0,19.329168112319167,7.641620114441594
19426,2025,M,2,32.44433471231605,18.700000000000045,-13.744334712316004,-13.744334712316004,0.0,20.701763614996025,34.44609832731203
11300,2025,M,2,-11.282149736289057,-23.299999999999955,-12.017850263710898,-12.017850263710898,0.0,17.028728722357755,29.046578986068653
415,2025,M,2,79.12182629131371,67.5,-11.62182629131371,-11.62182629131371,0.0,18.903039101511922,30.52486539282563
26984,2025,M,2,42.476684220341895,28.59999999999991,-13.876684220341986,-13.876684220341986,0.0,21.164042387645623,35.04072660798761
19425,2025,M,2,79.92945104558407,66.19999999999982,-13.729451045584256,-13.729451045584256,0.0,21.964814384817828,35.69426543040208
8038,2025,M,3,24.869395617421105,30.700000000000045,5.83060438257894,5.83060438257894,0.0,12.563984629522565,6.733380246943625
27122,2025,M,3,94.77576557083717,125.29999999999995,30.52423442916279,30.52423442916279,0.0,34.69623505900904,4.172000629846252
1725,2025,F,2,51.76525162085295,59.94999999999982,8.184748379146868,8.184748379146868,0.0,11.251732155605623,3.0669837764587555
1754,2025,F,2,97.54655116137405,106.18000000000006,8.633448838626009,8.633448838626009,0.0,11.732962771149232,3.099513932523223
28473,2025,F,2,154.14552273495383,174.68000000000006,20.534477265046235,20.534477265046235,0.0,23.665549967029392,3.1310727019831575
3179,2025,F,2,170.4009614267277,179.70000000000005,9.299038573272355,9.299038573272355,0.0,12.431195613790806,3.1321570405184502
28471,2025,F,2,99.1399646925488,119.17999999999984,20.040035307451035,20.040035307451035,0.0,23.231876148193578,3.191840840742543
27633,2025,F,3,4.72887694780934,6.281325274357187,1.5524483265478466,1.5524483265478466,0.0,4.764801237919983,3.212352911372136
28472,2025,F,2,83.68234664175566,103.84000000000015,20.157653358244488,20.157653358244488,0.0,23.410804507014063,3.2531511487695752
1740,2025,F,4,-6.809932641944442,11.960000000000036,18.76993264194448,18.76993264194448,0.0,22.03381422413827,3.2638815821937897
1044,2025,F,3,65.37633888883101,76.68999999999983,11.313661111168813,11.313661111168813,0.0,14.76526880231836,3.4516076911495475
2079,2025,F,4,4.702731588288543,23.74000000000001,19.037268411711466,19.037268411711466,0.0,22.316805131511273,3.2795367197998075
23543,2025,F,2,-64.88439821929978,-46.90000000000009,17.984398219299692,17.984398219299692,0.0,21.266668375824338,3.282270156524646
27149,2025,F,2,-59.730858826449094,-41.66000000000008,18.07085882644901,18.07085882644901,0.0,21.354394044598394,3.2835352181493818
1744,2025,F,3,-6.349411598562938,12.549999999999955,18.899411598562892,18.899411598562892,0.0,22.18446037258468,3.2850487740217886
23542,2025,F,2,21.43761913176718,40.82999999999993,19.39238086823275,19.39238086823275,0.0,22.688882968035614,3.296502099802865
27420,2025,F,2,68.86076462241795,77.77999999999997,8.919235377582027,8.919235377582027,0.0,12.222130556667025,3.3028951790849987
18264,2025,F,2,-17.56576312505581,1.2999999999999545,18.865763125055764,18.865763125055764,0.0,22.174780298789074,3.3090171737333094
18816,2025,F,2,121.7269089116271,131.08999999999992,9.363091088372812,9.363091088372812,0.0,12.67423175840463,3.3111406700318184
1735,2025,F,4,-70.2916899739721,-52.090000000000146,18.201689973971952,18.201689973971952,0.0,21.535895428268987,3.3342054542970345
25885,2025,F,2,107.54677764221105,128.54999999999995,21.0032223577889,21.0032223577889,0.0,24.33880582564143,3.33558346785253
27146,2025,F,3,-133.26996905280885,-115.99000000000001,17.279969052808838,17.279969052808838,0.0,20.62203596148811,3.3420669086792714
18600,2025,F,2,-26.832091837759208,-7.810000000000173,19.022091837759035,19.022091837759035,0.0,22.382750634244758,3.3606587964857226
18817,2025,F,2,-49.95256416832353,-48.504207650523085,1.4483565178004483,1.4483565178004483,0.0,4.825732200041557,3.3773756822411087
819,2025,F,2,44.64216088422927,53.559999999999945,8.917839115770676,8.917839115770676,0.0,12.296660582725735,3.37882146695506
18828,2025,F,4,-68.83227467949291,-50.299999999999955,18.532274679492957,18.532274679492957,0.0,21.91977085473195,3.3874961752389936
3032,2025,F,2,61.04851985584196,70.12000000000012,9.071480144158159,9.071480144158159,0.0,12.459134452100216,3.387654307942057
1764,2025,F,2,-27.152232013974526,-18.670000000000073,8.482232013974453,8.482232013974453,0.0,11.915835167357727,3.433603153383274
4977,2025,F,2,141.66471755470866,163.97000000000003,22.30528244529137,22.30528244529137,0.0,25.774781722276202,3.469499276984834
27428,2025,F,2,179.9431643345938,190.18000000000006,10.23683566540626,10.23683566540626,0.0,13.709000607957705,3.4721649425514443
1743,2025,F,2,18.462542332203157,27.409999999999854,8.947457667796698,8.947457667796698,0.0,12.42063917772498,3.4731815099282812
3185,2025,F,2,-56.31830575868594,-36.960000000000036,19.3583057586859,19.3583057586859,0.0,22.8554104875534,3.497104728867498
1746,2025,F,2,9.554704596185047,18.61999999999989,9.065295403814844,9.065295403814844,0.0,12.613115549602298,3.5478201457874547
27651,2025,F,3,31.17914017173962,32.991258302236474,1.8121181304968559,1.8121181304968559,0.0,5.382234987420361,3.570116856923505
1741,2025,F,2,159.56539668894038,182.76999999999998,23.2046033110596,23.2046033110596,0.0,26.781632826146733,3.5770295150871334
27668,2025,F,3,138.53039210612405,140.71963441305024,2.1892423069261895,2.1892423069261895,0.0,5.796565529848294,3.607323222922105
27423,2025,F,2,15.628873275325532,24.940000000000055,9.311126724674523,9.311126724674523,0.0,12.936793341155408,3.625666616480885
1771,2025,F,2,42.3444321533666,44.24229066593671,1.8978585125701102,1.8978585125701102,0.0,5.5690899379274015,3.6712314253572913
28480,2025,F,2,222.91683525364556,247.76,24.843164746354432,24.843164746354432,0.0,28.534524205776734,3.6913594594223014
17562,2025,F,2,20.886698972677323,22.73465952759534,1.8479605549180178,1.8479605549180178,0.0,5.565027873785766,3.7170673188677483
18849,2025,F,2,188.36343915027624,190.7811745870854,2.417735436809153,2.417735436809153,0.0,6.1540271742956065,3.7362917374864537
27155,2025,F,2,-116.63664995508384,-96.80999999999995,19.826649955083894,19.826649955083894,0.0,23.564929646551946,3.738279691468051
23554,2025,F,2,245.08974052857184,256.53999999999996,11.450259471428126,11.450259471428126,0.0,15.195632544149248,3.7453730727211223
28476,2025,F,2,66.77227847444942,89.90000000000009,23.12772152555067,23.12772152555067,0.0,26.937816054608447,3.8100945290577783
11447,2025,F,4,-116.81234321807392,-96.50999999999999,20.30234321807393,20.30234321807393,0.0,24.12334890364491,3.821005685570981
27658,2025,F,2,-20.945418886606376,-19.179029088991456,1.76638979761492,1.76638979761492,0.0,5.605648515200073,3.839258717585153
27416,2025,F,2,49.458829303052426,58.13000000000011,8.671170696947684,8.671170696947684,0.0,11.937424269687881,3.2662535727401973
27165,2025,F,4,7.954013742870757,30.419999999999845,22.46598625712909,22.46598625712909,0.0,26.329800724465713,3.863814467336624
27662,2025,F,2,-6.35421930094526,-4.520619492117476,1.8335998088277847,1.8335998088277847,0.0,5.711262182877817,3.8776623740500327
27666,2025,F,3,16.07134140449125,17.98200327470886,1.9106618702176092,1.9106618702176092,0.0,5.792503465706659,3.8818415954890497
28482,2025,F,2,242.8668880938135,269.24,26.373111906186523,26.373111906186523,0.0,30.275284849215723,3.9021729430292
28481,2025,F,2,233.3954933428431,259.72,26.324506657156917,26.324506657156917,0.0,30.243441666713807,3.91893500955689
1217,2025,M,2,31.52195927449293,58.12000000000012,26.59804072550719,26.59804072550719,0.0,30.36845976269001,3.770419037182819
27686,2025,F,3,371.3635611144564,374.5294837257784,3.165922611322003,3.165922611322003,0.0,7.185791466223691,4.019868854901688
3198,2025,F,3,-126.88540439716257,-105.46000000000004,21.425404397162538,21.425404397162538,0.0,25.46736664972468,4.0419622525621435
18852,2025,F,3,-42.879714806426136,-20.090000000000146,22.78971480642599,22.78971480642599,0.0,26.844508398324706,4.054793591898715
27169,2025,F,3,-9.350394585108234,14.049999999999955,23.400394585108188,23.400394585108188,0.0,27.471746930059226,4.071352344951038
18856,2025,F,3,-17.237634180143004,6.869999999999891,24.107634180142895,24.107634180142895,0.0,28.322232163708577,4.214597983565682
27680,2025,F,2,-17.246810233805036,-15.28540744452539,1.9614027892796457,1.9614027892796457,0.0,6.182461623285917,4.221058834006271
3048,2025,F,2,-54.912597604723715,-53.05750565798621,1.8550919467375024,1.8550919467375024,0.0,6.117468597022935,4.262376650285432
17971,2025,F,2,206.85426334683825,235.8800000000001,29.025736653161857,29.025736653161857,0.0,33.480831887743534,4.455095234581677
18837,2025,F,2,87.56988330726244,99.80999999999972,12.240116692737274,12.240116692737274,0.0,16.794654807177267,4.554538114439993
28483,2025,F,2,120.61850344995378,149.33000000000038,28.711496550046604,28.711496550046604,0.0,33.341328421544404,4.6298318714977995
27691,2025,M,3,46.58659108032043,47.66000000000008,1.0734089196796504,1.0734089196796504,0.0,4.616407173137759,3.5429982534581086
27689,2025,M,3,34.90965759311371,35.950000000000045,1.0403424068863387,1.0403424068863387,0.0,4.58728157583073,3.546939168944391
1817,2025,M,4,108.74280941891129,135.21000000000004,26.467190581088744,26.467190581088744,0.0,30.014429351795116,3.5472387707063717
1814,2025,M,4,38.507821123418125,63.83999999999992,25.332178876581793,25.332178876581793,0.0,28.900712418686908,3.568533542105115
27444,2025,M,2,3.9596758913896792,17.15000000000009,13.190324108610412,13.190324108610412,0.0,16.776303691785643,3.585979583175231
18865,2025,M,2,14.477492708371756,27.839999999999918,13.362507291628162,13.362507291628162,0.0,16.96452709222035,3.6020198005921884
27699,2025,M,3,96.60720822682038,97.8900000000001,1.2827917731797243,1.2827917731797243,0.0,5.064941371663281,3.7821495984835565
22568,2025,M,3,346.7825060013265,379.3599999999999,32.57749399867339,32.57749399867339,0.0,36.38052353534658,3.8030295366731934
28487,2025,M,2,76.56341590810052,94.14999999999986,17.58658409189934,17.58658409189934,0.0,21.3914112391451,3.80482714724576
866,2025,M,2,47.3792646474983,64.66000000000008,17.28073535250178,17.28073535250178,0.0,21.09844537551794,3.8177100230161614
27448,2025,M,2,-26.65021602204024,-12.930000000000064,13.720216022040177,13.720216022040177,0.0,17.54071464607273,3.8204986240325525
27119,2025,M,3,215.13799014768028,245.51,30.372009852319707,30.372009852319707,0.0,34.20363983412881,3.831629981809101
28486,2025,M,2,41.40415909743865,58.70999999999981,17.305840902561158,17.305840902561158,0.0,21.146251520628766,3.840410618067608
11389,2025,M,4,25.96104304916321,53.00999999999999,27.048956950836782,27.048956950836782,0.0,30.899415751079687,3.8504588002429045
18867,2025,M,2,99.96532625201962,115.16999999999985,15.204673747980223,15.204673747980223,0.0,19.05780591779262,3.8531321698123975
1818,2025,M,2,18.273616964722123,32.62999999999988,14.356383035277759,14.356383035277759,0.0,18.218318887638134,3.861935852360375
18870,2025,M,3,62.840941354584174,64.04999999999995,1.2090586454157801,1.2090586454157801,0.0,5.085329289778201,3.876270644362421
23576,2025,M,2,46.444206646252724,74.06999999999994,27.625793353747213,27.625793353747213,0.0,31.505659219254767,3.879865865507554
28489,2025,M,2,119.74880487659334,138.33999999999992,18.591195123406578,18.591195123406578,0.0,22.503210562616687,3.9120154392101085
3207,2025,M,2,22.37053151108512,49.819999999999936,27.449468488914817,27.449468488914817,0.0,31.36745291707757,3.917984428162754
18877,2025,M,3,37.94211247765634,39.08999999999992,1.1478875223435807,1.1478875223435807,0.0,5.067853931393984,3.919966409050403
27115,2025,M,3,18.35415211164559,45.809999999999945,27.455847888354356,27.455847888354356,0.0,31.385378507502764,3.9295306191484087
28488,2025,M,2,72.7933544351406,90.88999999999987,18.096645564859273,18.096645564859273,0.0,22.028826507287704,3.932180942428431
18561,2025,M,3,53.99513314634828,82.13000000000011,28.13486685365183,28.13486685365183,0.0,32.068522758601375,3.9336559049495463
3213,2025,M,2,113.44704474402738,142.69999999999982,29.252955255972438,29.252955255972438,0.0,33.19138174282625,3.938426486853814
5025,2025,M,3,227.4243366121393,244.33000000000015,16.90566338786084,16.90566338786084,0.0,20.84800774391124,3.9423443560503983
11401,2025,M,4,103.06481290718966,132.20000000000005,29.135187092810384,29.135187092810384,0.0,33.08400745618019,3.948820363369805
27712,2025,M,3,68.4823179689688,69.73000000000002,1.2476820310312178,1.2476820310312178,0.0,5.207656798467042,3.959974767435824
27708,2025,M,2,51.25941408024687,52.460000000000036,1.2005859197531663,1.2005859197531663,0.0,5.172706081698607,3.9721201619454405
1853,2025,M,2,-20.384254824783284,-6.039999999999964,14.34425482478332,14.34425482478332,0.0,18.3165363107546,3.97228148597128
11382,2025,M,2,71.9747680231012,90.28999999999996,18.315231976898758,18.315231976898758,0.0,22.299727996248066,3.984496019349308
27461,2025,M,2,97.22542791562591,112.90999999999985,15.68457208437394,15.68457208437394,0.0,19.676650332933377,3.9920782485594373
897,2025,M,2,167.1468434247622,194.56999999999994,27.423156575237726,27.423156575237726,0.0,30.954447313684568,3.5312907384468417
3218,2025,M,2,92.46547566196409,121.83999999999992,29.374524338035826,29.374524338035826,0.0,33.3860536548425,4.011529316806673
27449,2025,M,2,-95.00174497511193,-81.24000000000001,13.761744975111924,13.761744975111924,0.0,17.7945229707384,4.032777995626475
1870,2025,M,2,59.9022951417478,75.35000000000014,15.447704858252337,15.447704858252337,0.0,19.484907741442157,4.037202883189821
1811,2025,M,2,-157.74302166336815,-144.6400000000001,13.103021663368054,13.103021663368054,0.0,17.14059328718804,4.037571623819986
1852,2025,M,4,88.31153697675609,117.79999999999995,29.488463023243867,29.488463023243867,0.0,33.527486563295724,4.039023540051858
27498,2025,M,3,41.61163548498803,57.34999999999991,15.738364515011881,15.738364515011881,0.0,19.793935290847458,4.055570775835577
27455,2025,M,2,-22.74772169722246,-8.069999999999936,14.677721697222523,14.677721697222523,0.0,18.747903820532883,4.07018212331036
27454,2025,M,2,-29.765565345039477,-15.139999999999873,14.625565345039604,14.625565345039604,0.0,18.702154336801186,4.076588991761582
27717,2025,M,3,79.26718931274263,80.57999999999993,1.312810687257297,1.312810687257297,0.0,5.399885740692298,4.087075053435001
18883,2025,M,4,94.89247110903375,124.91000000000008,30.017528890966332,30.017528890966332,0.0,34.115804441046066,4.098275550079734
5583,2025,M,4,87.76688245653395,117.69999999999982,29.93311754346587,29.93311754346587,0.0,34.03800737860138,4.104889835135509
23587,2025,M,2,37.229527692318015,38.430000000000064,1.2004723076820483,1.2004723076820483,0.0,5.32707174742518,4.126599439743131
27469,2025,M,2,112.0725901637777,128.55000000000018,16.477409836222478,16.477409836222478,0.0,20.642081746041868,4.16467190981939
19627,2025,M,2,22.960052162983402,24.13000000000011,1.1699478370167071,1.1699478370167071,0.0,5.338721986347991,4.168774149331284
11393,2025,M,4,110.94944312385769,141.92000000000007,30.970556876142382,30.970556876142382,0.0,35.16445148091134,4.193894604768957
28494,2025,M,2,137.75775982574874,157.88999999999987,20.132240174251137,20.132240174251137,0.0,24.34558584726733,4.2133456730161924
1833,2025,M,2,-46.44021109786786,-31.440000000000055,15.000211097867805,15.000211097867805,0.0,19.22800679433317,4.227795696465364
28493,2025,M,2,126.81894282923258,146.8900000000001,20.071057170767517,20.071057170767517,0.0,24.30145709793419,4.230399927166673
18885,2025,M,4,-11.199990252362113,17.90000000000009,29.099990252362204,29.099990252362204,0.0,33.34590033229006,4.245910079927853
27711,2025,M,2,-61.67580427803455,-60.73000000000002,0.9458042780345295,0.9458042780345295,0.0,5.201831679005636,4.2560274009711065
1837,2025,M,4,4.894965138277485,34.440000000000055,29.54503486172257,29.54503486172257,0.0,33.8128619628626,4.267827101140028
27126,2025,M,4,112.34701218640998,144.0,31.652987813590016,31.652987813590016,0.0,35.94206359354985,4.2890757799598305
1239,2025,M,4,60.72976513432923,91.46000000000004,30.73023486567081,30.73023486567081,0.0,35.0221222929365,4.291887427265692
18569,2025,M,3,182.86738398697662,215.91000000000008,33.04261601302346,33.04261601302346,0.0,37.3465336033521,4.303917590328638
11399,2025,M,3,41.789189012675934,72.29999999999995,30.51081098732402,30.51081098732402,0.0,34.820997168367285,4.310186181043264
27719,2025,M,2,-8.128851338757613,-7.009999999999991,1.1188513387576222,1.1188513387576222,0.0,5.437749017191209,4.318897678433586
28491,2025,M,2,6.673819139715306,25.769999999999982,19.096180860284676,19.096180860284676,0.0,23.444623881719508,4.348443021434832
27113,2025,M,2,-185.06255193329525,-158.3699999999999,26.692551933295363,26.692551933295363,0.0,31.04945294293725,4.356901009641888
4315,2025,M,3,127.2731794605711,145.21000000000004,17.936820539428936,17.936820539428936,0.0,22.325502382142986,4.38868184271405
27722,2025,M,2,30.307880175280616,31.559999999999945,1.2521198247193297,1.2521198247193297,0.0,5.650365877531158,4.398246052811828
27129,2025,M,3,98.91047456235833,131.18000000000006,32.26952543764173,32.26952543764173,0.0,36.683466013529824,4.413940575888091
18873,2025,M,2,179.9921855828352,181.69000000000005,1.6978144171648637,1.6978144171648637,0.0,6.128025673363936,4.4302112561990725
3212,2025,M,3,-0.5797498079384695,30.029999999999973,30.609749807938442,30.609749807938442,0.0,35.04632184001002,4.436572032071581
23594,2025,M,2,-66.73738580897975,-51.16000000000008,15.57738580897967,15.57738580897967,0.0,20.022277551521938,4.444891742542268
11413,2025,M,4,134.7959920407202,168.23000000000025,33.43400795928005,33.43400795928005,0.0,37.92176580009209,4.487757840812037
3079,2025,M,3,113.25766588286069,114.77999999999997,1.5223341171392804,1.5223341171392804,0.0,6.026086082789789,4.503751965650508
25915,2025,M,2,8.393829958045671,25.230000000000018,16.836170041954347,16.836170041954347,0.0,21.40350672003865,4.5673366780843025
2354,2025,M,3,177.818240393952,210.48000000000025,32.661759606048236,32.661759606048236,0.0,36.92384818112964,4.262088575081407
5134,2025,M,2,173.2076741042033,207.98000000000025,34.77232589579694,34.77232589579694,0.0,39.352407171915274,4.580081276118335
2816,2025,M,2,121.28958472538125,142.98000000000002,21.690415274618772,21.690415274618772,0.0,26.306863595398227,4.616448320779455
3082,2025,M,2,-21.616692369972952,-4.25,17.366692369972952,17.366692369972952,0.0,22.16695789494679,4.800265524973838
1887,2025,M,2,178.54645417394568,180.3499999999999,1.8035458260542327,1.8035458260542327,0.0,6.649373865156576,4.845828039102344
18872,2025,M,2,-289.36215437862415,-288.90999999999985,0.4521543786243001,0.4521543786243001,0.0,5.3561973447319815,4.904042966107681
1917,2025,M,2,-169.33772417772389,-168.4699999999998,0.8677241777240852,0.8677241777240852,0.0,6.01734840359768,5.149624225873595
27143,2025,M,3,251.3002630599558,295.17999999999984,43.87973694004404,43.87973694004404,0.0,49.572861808660036,5.693124868615996
27576,2025,M,2,127.47325571874194,170.80000000000018,43.32674428125824,43.32674428125824,0.0,51.58995490013854,8.263210618880294
27587,2025,M,2,290.10844285169355,337.70000000000005,47.59155714830649,47.59155714830649,0.0,55.86229951242967,8.27074236412318
27577,2025,M,2,114.29248102145243,157.79999999999995,43.50751897854752,43.50751897854752,0.0,51.878832293852156,8.371313315304633
333,2025,M,3,302.6927245905231,341.2000000000003,38.50727540947719,38.50727540947719,0.0,46.943273125101314,8.435997715624126
27086,2025,M,3,-90.03971861617583,-59.69999999999982,30.339718616176015,30.339718616176015,0.0,38.833312030714296,8.493593414538282
8084,2025,M,2,39.07038866799917,81.79999999999995,42.729611332000786,42.729611332000786,0.0,51.344155714259614,8.614544382258828
340,2025,M,2,10.970743241625996,38.899999999999864,27.929256758373867,27.929256758373867,0.0,36.55399114890247,8.624734390528602
18791,2025,M,3,103.30654642385502,138.29999999999995,34.99345357614493,34.99345357614493,0.0,43.625276668078186,8.631823091933256
27314,2025,M,2,54.256520431494664,83.59999999999991,29.343479568505245,29.343479568505245,0.0,38.155621502424765,8.81214193391952
27581,2025,M,2,77.71447118219771,122.5,44.78552881780229,44.78552881780229,0.0,53.61716468058512,8.831635862782832
27574,2025,M,2,-15.568842991493966,26.799999999999955,42.36884299149392,42.36884299149392,0.0,51.20225102962809,8.833408038134166
27582,2025,M,2,40.74538495181946,85.40000000000009,44.65461504818063,44.65461504818063,0.0,53.65770887619374,9.003093828013107
344,2025,M,3,-65.10837705868312,-32.19999999999982,32.9083770586833,32.9083770586833,0.0,41.938053516964374,9.029676458281074
27096,2025,M,2,211.0060751337296,250.0999999999999,39.0939248662703,39.0939248662703,0.0,48.19980486465374,9.105879998383443
27097,2025,M,2,211.1936552078655,250.29999999999973,39.10634479213422,39.10634479213422,0.0,48.21444000970678,9.108095217572554
8104,2025,M,2,60.15372763187361,107.09999999999991,46.9462723681263,46.9462723681263,0.0,56.31842171303015,9.372149344903846
984,2025,M,3,118.12716931512432,152.69999999999982,34.5728306848755,34.5728306848755,0.0,43.01060057585073,8.437769890975233
27575,2025,M,2,83.02309860844639,125.90000000000009,42.8769013915537,42.8769013915537,0.0,51.28587343307163,8.408972041517927
237,2025,F,2,21.42193097948075,45.0,23.57806902051925,23.57806902051925,0.0,30.445710611792038,6.867641591272786
27256,2025,F,2,98.708950641402,115.29999999999995,16.591049358597957,16.591049358597957,0.0,23.47141806381319,6.880368705215233
18912,2025,F,2,42.23522322211306,81.5,39.26477677788694,39.26477677788694,0.0,46.14787272180388,6.883095943916942
27252,2025,F,2,45.02760403738944,61.0,15.972395962610562,15.972395962610562,0.0,22.928218271912783,6.955822309302221
21216,2025,F,2,83.62403871000947,100.59999999999991,16.975961289990437,16.975961289990437,0.0,24.131326564317988,7.155365274327551
27261,2025,F,2,53.71327292449109,70.29999999999995,16.58672707550886,16.58672707550886,0.0,23.763910259451904,7.177183183943043
27606,2025,F,2,10.648346460180846,35.299999999999955,24.651653539819108,24.651653539819108,0.0,31.901563089147203,7.249909549328095
27103,2025,F,3,26.953225208362255,68.19999999999982,41.24677479163756,41.24677479163756,0.0,48.57122886548541,7.324454073847846
27102,2025,F,3,7.669750417114983,48.399999999999864,40.73024958288488,40.73024958288488,0.0,48.06515807175697,7.334908488872088
27258,2025,F,2,-8.523208797955249,7.600000000000136,16.123208797955385,16.123208797955385,0.0,23.503116725409427,7.379907927454042
27253,2025,F,2,-57.71620461132193,-42.09999999999991,15.616204611322019,15.616204611322019,0.0,23.092474972911532,7.476270361589513
27262,2025,F,2,-17.493293001256916,-1.2000000000000455,16.29329300125687,16.29329300125687,0.0,23.8100174035917,7.51672440233483
8117,2025,F,2,79.33933554884675,106.60000000000014,27.26066445115339,27.26066445115339,0.0,34.87784214567637,7.617177694522979
8119,2025,F,2,17.599948142137237,43.799999999999955,26.200051857862718,26.200051857862718,0.0,33.86813800815548,7.6680861502927655
2836,2025,F,2,-16.54356706537874,0.2999999999999545,16.843567065378693,16.843567065378693,0.0,24.603924791753798,7.760357726375105
19462,2025,F,2,135.0103334273481,163.9000000000001,28.889666572652004,28.889666572652004,0.0,36.660478714050896,7.770812141398892
27279,2025,F,2,26.60547183913627,44.299999999999955,17.694528160863683,17.694528160863683,0.0,25.554884639643205,7.860356478779522
8033,2025,F,3,170.6492351960719,219.29999999999995,48.65076480392804,48.65076480392804,0.0,56.541120908428866,7.890356104500825
1929,2025,F,2,-144.0629157428234,-128.29999999999995,15.762915742823452,15.762915742823452,0.0,23.879178119801736,8.116262376978284
27287,2025,F,2,34.477579628546664,53.40000000000009,18.922420371453427,18.922420371453427,0.0,27.28822508965959,8.365804718206164
275,2025,F,3,-5.320415886576029,45.70000000000027,51.0204158865763,51.0204158865763,0.0,60.28893661512507,9.268520728548765
27076,2025,M,2,-0.44262172274306977,25.200000000000045,25.642621722743115,25.642621722743115,0.0,32.39593894238806,6.753317219644941
2855,2025,M,2,16.542814859474674,38.90000000000009,22.357185140525417,22.357185140525417,0.0,29.215946793567582,6.858761653042166
27547,2025,M,2,23.496007182022367,58.40000000000009,34.90399281797772,34.90399281797772,0.0,41.986048565272995,7.082055747295271
27082,2025,M,3,61.567186264258225,90.20000000000005,28.63281373574182,28.63281373574182,0.0,35.82474435481254,7.1919306190707175
27546,2025,M,2,-4.236473251088,30.5,34.736473251088,34.736473251088,0.0,41.932834308536485,7.196361057448485
158,2025,M,2,4.997366355868962,40.299999999999955,35.30263364413099,35.30263364413099,0.0,42.56633736492586,7.263703720794865
27557,2025,M,2,110.54770204140164,149.0,38.452297958598365,38.452297958598365,0.0,45.79973696473826,7.3474390061398935
154,2025,M,2,85.57806237114255,123.60000000000014,38.021937628857586,38.021937628857586,0.0,45.41456710645343,7.392629477595847
164,2025,M,2,101.78297987784072,140.39999999999986,38.61702012215915,38.61702012215915,0.0,46.04553615061718,7.428516028458034
27553,2025,M,2,47.95248106892018,85.20000000000005,37.24751893107987,37.24751893107987,0.0,44.682237573267,7.434718642187136
8006,2025,M,2,-73.9767692870821,-47.200000000000045,26.77676928708206,26.77676928708206,0.0,34.24205795407761,7.465288666995548
8005,2025,M,2,-28.325405057516946,22.5,50.825405057516946,50.825405057516946,0.0,58.30088373278227,7.475478675265322
27558,2025,M,2,82.99470727867629,121.40000000000009,38.405292721323804,38.405292721323804,0.0,45.890961404858444,7.485668683534641
27554,2025,M,2,35.34604745633851,72.79999999999995,37.453952543661444,37.453952543661444,0.0,44.9989891014618,7.545036557800358
27304,2025,M,2,57.453541954329694,83.60000000000014,26.146458045670443,26.146458045670443,0.0,33.945358722532546,7.798900676862104
24720,2025,M,2,-39.55415537072531,-15.200000000000045,24.354155370725266,24.354155370725266,0.0,32.16147388050558,7.807318509780316
27088,2025,M,3,86.67171744211646,118.20000000000005,31.528282557883585,31.528282557883585,0.0,39.341360637555226,7.813078079671641
18730,2025,M,2,-131.67585468653328,-64.09999999999991,67.57585468653338,67.57585468653338,0.0,75.44785759663296,7.872002910099582
27566,2025,M,2,88.7822280690375,129.70000000000005,40.917771930962545,40.917771930962545,0.0,48.89123187991913,7.973459948956588
8009,2025,M,3,-60.130851378158695,-30.799999999999955,29.33085137815874,29.33085137815874,0.0,37.39070487548702,8.059853497328277
31,2025,M,2,1.2541953308264056,40.59999999999991,39.3458046691735,39.3458046691735,0.0,47.46458299692995,8.118778327756445
24808,2025,M,2,28.077989552076133,54.799999999999955,26.72201044792382,26.72201044792382,0.0,34.87135880048868,8.149348352564857
27089,2025,M,3,9.906713476384311,41.09999999999991,31.193286523615598,31.193286523615598,0.0,39.34972357758534,8.15643705396974
18787,2025,M,3,69.49885434220528,102.0,32.50114565779472,32.50114565779472,0.0,40.66688663235823,8.165740974563505
160,2025,M,2,58.1451929381974,99.5,41.3548070618026,41.3548070618026,0.0,49.58301721749649,8.228210155693887
27570,2025,M,2,61.30929632506013,102.79999999999995,41.49070367493982,41.49070367493982,0.0,49.72998992657904,8.239286251639214
27318,2025,M,2,38.96130399463482,70.10000000000036,31.138696005365546,31.138696005365546,0.0,40.59856803015418,9.459872024788638
27321,2025,M,2,141.83625801097787,176.30000000000018,34.46374198902231,34.46374198902231,0.0,44.35779697485896,9.894054985836647
27098,2025,M,2,71.22041636877611,111.19999999999982,39.979583631223704,39.979583631223704,0.0,50.10446445655589,10.124880825332184
19440,2025,M,2,-14.871629242808922,18.09999999999991,32.97162924280883,32.97162924280883,0.0,43.31581676785436,10.344187525045527
27322,2025,M,2,367.29333371951407,408.2000000000003,40.906666280486206,40.906666280486206,0.0,51.489654434107706,10.5829881536215
8023,2025,M,2,-214.83690909132702,-166.69999999999982,48.1369090913272,48.1369090913272,0.0,62.01747252972291,13.880563438395711
1534,2025,M,3,-54.3321291523082,1.2800000000002,55.6121291523084,55.6121291523084,0.0,64.41833092435058,8.806201772042186
19581,2025,M,2,-54.06233453231857,-85.57999999999993,-31.517665467681354,-31.517665467681354,0.0,35.8139226381893,67.33158810587065
18771,2025,M,2,-65.75313567320973,-99.27999999999997,-33.526864326790246,-33.526864326790246,0.0,37.707625352778905,71.23448967956915
19583,2025,M,2,-14.957717510447765,-53.32999999999993,-38.37228248955216,-38.37228248955216,0.0,46.005088183169846,84.37737067272201
27632,2025,F,2,-67.1098062321787,-84.98892863081028,-17.87912239863158,-17.87912239863158,0.0,4.679497890949733,22.558620289581313
4316,2025,M,2,-64.18035405015235,-54.100000000000136,10.08035405015221,10.08035405015221,0.0,33.979749209719785,23.899395159567575
18897,2025,M,2,139.29238116215765,153.86000000000013,14.567618837842474,14.567618837842474,0.0,40.1095841114693,25.54196527362683
27139,2025,M,3,180.91937472093014,196.6300000000001,15.710625279069973,15.710625279069973,0.0,42.066520818171284,26.35589553910131
27743,2025,M,2,-13.275617356501243,-34.0,-20.724382643498757,-20.724382643498757,0.0,6.3289922947815285,27.053374938280285
18818,2025,F,3,-198.553680291531,-201.67000000000007,-3.1163197084690637,-3.1163197084690637,0.0,23.025416783591254,26.141736492060318
22577,2025,F,2,-152.56916079536904,-175.49298835377613,-22.923827558407083,-22.923827558407083,0.0,5.715324247018998,28.63915180542608
27159,2025,F,3,-280.33996274960305,-284.72,-4.380037250396981,-4.380037250396981,0.0,24.761023764940546,29.141061015337527
27166,2025,F,3,-296.2596477256293,-300.8899999999999,-4.63035227437058,-4.63035227437058,0.0,26.78370543479491,31.41405770916549
18271,2025,F,2,-227.12175406997153,-253.00672719945328,-25.88497312948175,-25.88497312948175,0.0,6.219020200559044,32.103993330040794
27675,2025,F,2,-384.2538503620842,-411.9001284248127,-27.64627806272847,-27.64627806272847,0.0,6.0362273141936384,33.68250537692211
22579,2025,F,2,-384.2538503620842,-411.9001284248127,-27.64627806272847,-27.64627806272847,0.0,6.0362273141936384,33.68250537692211
19612,2025,F,2,-338.3271097064212,-343.6099999999999,-5.282890293578703,-5.282890293578703,0.0,28.6619422534784,33.9448325470571
11395,2025,M,3,-62.66596122257738,-53.51999999999998,9.145961222577398,9.145961222577398,0.0,31.001950128311137,21.85598890573374
27114,2025,M,3,-71.68218481269878,-62.61999999999989,9.062184812698888,9.062184812698888,0.0,31.08978552139388,22.02760070869499
27504,2025,M,2,37.28655260638698,35.09999999999991,-2.1865526063870675,-2.1865526063870675,0.0,20.88542850318754,23.071981109574608
27006,2025,M,2,95.55915596983982,88.20000000000005,-7.359155969839776,-7.359155969839776,0.0,29.057981332593727,36.4171373024335
16134,2025,M,2,145.4553264754943,137.5,-7.955326475494303,-7.955326475494303,0.0,34.2652527311775,42.2205792066718
27070,2025,F,2,150.65045406721106,160.20000000000005,9.549545932788988,9.549545932788988,0.0,40.26772082492994,30.71817489214095
1227,2025,M,2,36.164614707091914,49.75999999999999,13.595385292908077,13.595385292908077,0.0,33.272763923356024,19.677378630447947
27120,2025,M,2,59.80179713067355,90.04999999999995,30.248202869326406,30.248202869326406,0.0,34.47270294640862,4.224500077082212
25092,2025,M,2,85.69444231799093,116.08999999999992,30.395557682008985,30.395557682008985,0.0,35.88864533408332,5.493087652074337
27142,2025,M,2,-166.93901525901038,-129.7199999999998,37.219015259010575,37.219015259010575,0.0,44.890697589637966,7.671682330627391
27156,2025,F,2,-95.46829893356494,-84.92000000000007,10.548298933564865,10.548298933564865,0.0,23.61438877360206,13.066089840037193
1736,2025,F,2,-75.6000277008934,-57.332307408966926,18.26772029192648,18.26772029192648,0.0,23.68245179247856,5.4147315005520795
25800,2025,M,2,14.948764116729535,45.49000000000001,30.541235883270474,30.541235883270474,0.0,36.308104150029294,5.76686826675882
3134,2025,M,2,6.5594785873029195,31.059999999999945,24.500521412697026,24.500521412697026,0.0,42.87965666739228,18.379135254695257
27179,2025,F,2,-18.238702493476467,0.8999999999998636,19.13870249347633,19.13870249347633,0.0,31.773883375607284,12.635180882130953
27180,2025,F,2,-36.589266941558435,-12.389999999999873,24.199266941558562,24.199266941558562,0.0,40.35370961860622,16.154442677047655
27181,2025,F,2,19.883874260817038,41.72000000000003,21.83612573918299,21.83612573918299,0.0,35.71569612988901,13.879570390706021
4603,2025,M,2,-121.04766574547921,-108.55999999999995,12.487665745479262,12.487665745479262,0.0,78.32004788991298,65.83238214443372
1183,2024,M,3,-49.37915387675412,-10.960000000000036,38.41915387675408,38.41915387675408,0.0,40.52962097137015,2.1104670946160695
1183,2025,M,4,112.36859193501232,139.78999999999996,27.421408064987645,27.421408064987645,0.0,31.09731426937219,3.675906204384546
27343,2025,F,2,-47.60833715087506,-52.867411187860625,-5.259074036985567,-5.259074036985567,0.0,35.23072629264129,40.48980032962686
3429,2025,F,2,-35.67501959968217,-41.10978864312756,-5.434769043445385,-5.434769043445385,0.0,39.43738017832993,44.87214922177532
11467,2025,F,2,-79.35939571984204,-86.14221613697327,-6.782820417131234,-6.782820417131234,0.0,41.41550908886188,48.198329505993115
27371,2025,F,2,-294.6990208417194,-307.0727655656392,-12.373744723919799,-12.373744723919799,0.0,41.96638043103508,54.340125154954876
27378,2025,M,2,100.41316753395859,71.87422046491497,-28.538947069043616,-28.538947069043616,0.0,38.316454214030955,66.85540128307457
18745,2025,M,2,119.73075288676546,91.03938636529392,-28.691366521471537,-28.691366521471537,0.0,39.417719994215986,68.10908651568752
394,2025,M,2,31.035392410362647,68.57000000000016,37.53460758963752,37.53460758963752,0.0,54.88347300206601,17.348865412428495
2174,2025,M,2,13.533177206519895,51.680000000000064,38.14682279348017,38.14682279348017,0.0,56.06505066195473,17.91822786847456
21205,2025,M,2,179.98030561394762,232.53999999999996,52.55969438605234,52.55969438605234,0.0,74.6821825031061,22.122488117053763
2566,2025,M,2,49.67889462408789,17.784794120610286,-31.894100503477603,-31.894100503477603,0.0,39.83544149704517,71.72954200052277
27406,2025,M,2,28.457194132827226,-9.76303218407702,-38.220226316904245,-38.220226316904245,0.0,46.25316276777994,84.47338908468419
27748,2025,F,2,52.80872021531741,93.98667402590536,41.17795381058795,41.17795381058795,0.0,45.43036225677747,4.25240844618952
1323,2025,M,3,-3.547078900982342,12.799999999999955,16.347078900982297,16.347078900982297,0.0,22.108728780091496,5.7616498791092
962,2024,M,3,52.07400930374388,120.21000000000004,68.13599069625616,68.13599069625616,0.0,98.87722346530245,30.74123276904629
1434,2024,M,2,35.53284742393225,24.920000000000073,-10.61284742393218,-10.61284742393218,0.0,66.58402976599791,77.19687718993009
