athlete_id,gender,fitness_sec,n_races_in_em
1387,M,2158.8104900059902,3
11483,M,1602.8606052722066,8
11495,M,1681.294999843758,3
5619,M,1505.3809841854081,4
5158,M,1533.8559252749137,5
2303,M,1529.9830288015173,9
22588,M,1543.095748799145,6
2306,M,1586.3356906952363,6
22589,M,1617.1420875125777,2
22591,M,1585.5410895966525,5
22592,M,1611.0951223659858,4
2308,M,1638.5185909513832,5
5793,M,1669.9258603959743,2
2302,M,1552.7345777045718,7
22593,M,1624.9815497535574,4
2560,M,1754.0048907301064,5
5171,M,1701.3423294285758,5
5794,M,1721.6278848586248,2
2311,M,1820.4934455719492,5
22594,M,1732.7059599779445,2
22595,M,1837.351620224676,5
2312,M,1746.3947650278583,3
22596,M,1974.6800786742463,2
1282,M,1928.5149529786809,6
119,M,1635.1483035238848,4
124,M,1671.322884779975,6
2259,M,1640.9185942250074,13
382,M,1631.6648656759608,8
8146,M,1602.9751962735152,9
1657,M,1656.5850121747417,11
8147,M,1689.9204784938645,6
1656,M,1668.13083532559,15
197,M,2061.1915819057804,4
4006,M,2152.4610187661756,2
189,M,1965.283056591909,3
58,M,2279.123331582354,6
195,M,1971.768189336903,4
217,M,2204.107478944069,4
8095,M,2050.9412202159556,7
54,M,2233.613179372119,4
8097,M,2262.3885950577387,2
43,M,1991.72730333288,4
8099,M,2110.448243212535,4
3355,M,2331.2187708106294,3
210,M,2119.010330978418,4
8104,M,2179.793740886062,3
666,M,1533.8795601149445,11
8108,M,1604.5071298643024,10
394,M,1653.972728414894,8
2174,M,1762.709072269091,7
2179,M,1859.7272064310791,4
8110,M,1877.1324668285931,2
393,M,1634.0519137702559,6
667,M,1563.6703162541394,8
8043,M,1705.5332145795091,3
6342,M,1589.7987902181162,2
115,M,1577.2512084750276,6
127,M,1597.718471987598,11
120,M,1612.184573724528,6
10,M,1660.1729758406732,5
135,M,1633.6233816303034,7
8037,M,1638.2430075289467,3
129,M,1677.2946945560673,10
128,M,1684.758103360562,9
123,M,1650.841759175377,7
140,M,1658.938474578686,5
8038,M,1661.4271835216464,5
8041,M,1669.14011195622,8
17,M,1727.9801669516332,5
151,M,1799.0506178227697,4
8046,M,1720.7352933114591,3
139,M,1722.5355394770877,3
142,M,1736.8374951262313,9
146,M,1726.2755939936128,4
8047,M,1766.48334212614,2
16,M,1718.2066140344064,8
6,M,1695.910415507261,9
8048,M,1763.1335030429627,2
158,M,1765.8414611279923,7
177,M,1811.8657798162158,6
8050,M,1803.9745182257411,2
8051,M,1678.7922949797762,6
154,M,1758.2212510593545,4
8052,M,1822.147180856262,2
8054,M,1777.643228345369,2
1198,M,1609.2460540130642,11
1294,M,1743.0406899777647,10
7641,M,1767.4754310446892,7
7642,M,1816.341755897384,7
7643,M,1889.7968719143055,2
4735,M,2021.3749975227545,4
7644,M,2088.1591857120593,6
2261,M,1672.697770661893,10
1658,M,1740.038477505813,4
153,M,1781.1435535358219,9
8056,M,1763.9913775491373,8
8057,M,1760.8293972671238,4
166,M,1744.8399684204044,7
181,M,1823.322844648122,6
8058,M,1763.9259004657297,5
8059,M,1801.546343412881,5
31,M,1839.5555432706415,6
2200,M,1852.5890953279331,8
8060,M,1776.9850274574492,5
160,M,1818.8009664668436,8
156,M,1819.4487913933222,7
8061,M,1834.7874992297614,3
8062,M,1825.5696010856186,2
8064,M,1837.9513214289286,5
6820,M,1882.1424578954156,6
164,M,1822.2817258886535,6
8065,M,1666.9703425510165,7
173,M,1860.079201290123,2
188,M,1791.0350022264388,8
15,M,1773.6844240816804,7
8067,M,1853.0612639540118,3
187,M,1903.9603475019048,3
8068,M,1787.5179345177821,5
8069,M,1906.7607304262058,3
8071,M,1944.695534596626,2
183,M,1926.1633835446323,3
8073,M,1934.1728640200918,2
8074,M,1938.9651340557496,3
8075,M,1742.6736567674602,5
215,M,2081.8584609254513,2
8077,M,1905.377785102785,2
8079,M,1974.8586383239654,2
3415,M,1993.0014426673206,4
8081,M,1943.9259204791065,3
3412,M,1984.3713428998603,7
8084,M,2000.4696327296215,5
8085,M,1961.0795176573502,3
192,M,1968.4305880119707,7
182,M,1996.3846100837018,3
8087,M,2017.9994375380209,2
671,M,1599.5334609763402,7
680,M,1624.5001643213059,9
2540,M,1652.7957614456727,5
5236,M,1716.1571495708577,3
743,M,1842.7657825110737,13
5220,M,1752.6625748262913,5
732,M,1769.5754623248563,8
708,M,1848.1774282524084,7
2985,M,1950.1863300097202,3
7689,M,1632.4357838397514,5
7690,M,1723.2884734544316,5
7691,M,1755.163995784494,9
2,M,1605.1921098220796,8
3,M,1623.9958005557542,4
5,M,1662.8416234363533,5
312,M,1625.8194787417383,8
310,M,1605.7032924872478,10
327,M,1735.8322746451356,7
337,M,1988.3035591590547,2
346,M,2109.5963136021983,6
7694,M,1698.0430978957104,5
2731,M,1872.7224814099827,3
1595,M,1893.1430419367118,3
1583,M,1844.0375708248998,3
1571,M,1859.6713987191702,2
7698,M,2085.450948701515,3
7699,M,1994.1392783012284,2
4354,M,2198.8944604428675,2
7700,M,2297.8582558113512,2
1615,M,2453.3982863216743,7
7701,M,2272.078537051841,6
7702,M,2375.593310989404,2
7703,M,2247.3691248824302,3
93,M,1559.9222124254416,7
7718,M,1627.6665604045165,4
90,M,1586.9246348850907,11
7719,M,1635.2980399777468,5
99,M,1668.8762699563808,5
2970,M,1690.6865549314412,5
106,M,1743.946491901469,7
7720,M,1691.5261679494074,9
108,M,1938.2012846820712,5
1584,M,1743.8234434774338,11
7717,M,1566.0095354722894,8
7697,M,1930.4047585314547,10
1589,M,1962.761434886179,12
7693,M,1578.842691410471,4
1520,M,1581.1546955466445,4
1557,M,1759.8807138899917,10
2751,M,2139.9176618225556,5
1608,M,2272.494224003157,5
7696,M,1870.5503339145557,5
7722,M,1554.183492771403,3
7723,M,1605.7916199905299,3
1525,M,1570.1228490852554,5
1546,M,1656.8867140605776,6
2070,M,1626.6922502218072,5
530,M,1693.5377808282556,8
7726,M,1683.3932576291209,6
1554,M,1740.9745872205158,6
2497,M,1696.5956620932786,8
7727,M,1713.49361794258,2
7729,M,1716.87420082543,3
5932,M,1741.5304277100536,4
7730,M,1742.2881670803658,2
7731,M,1808.5676380499626,2
2557,M,1758.8147385790992,3
7732,M,1839.6190531905336,3
7733,M,1884.6336880948272,2
7734,M,1861.030087747889,3
1592,M,1898.827867009019,9
7735,M,1818.5850579209223,4
2600,M,1969.106418145796,3
7736,M,2019.8520009691233,3
7737,M,2044.2641044104075,2
1607,M,2135.5579026750133,3
7740,M,2230.2957212417577,2
7741,M,2171.666070793076,2
7742,M,2437.0461341693526,2
7743,M,2270.53887324179,3
7744,M,2349.2432503583605,3
7725,M,1638.3949763434075,5
556,M,1938.8952034153965,4
2568,M,1842.695330190884,2
2583,M,1934.3996752365051,2
2585,M,1819.805990950283,3
550,M,1909.256433165631,5
551,M,1943.5802595609744,10
548,M,1926.802033027081,5
2596,M,1945.0745113506232,4
2617,M,2199.014480355154,3
524,M,1599.3757675258373,3
513,M,1720.5809579879383,10
521,M,1679.8075885512253,8
2604,M,2051.982581644173,3
517,M,1680.8096821903544,5
2553,M,1618.9272995374306,8
2554,M,1698.362673981817,4
534,M,1729.7622382600377,4
504,M,1564.650985778618,12
507,M,1594.6339420473655,13
539,M,1644.7983165525561,8
561,M,2105.40774328103,4
1625,M,1674.548256541259,13
2260,M,1701.018736717057,9
2066,M,1715.5753508091993,8
2994,M,1721.302453428724,7
2265,M,1768.7973219058765,5
19502,M,1750.9951587682756,6
2783,M,1725.5450217998368,10
19362,M,1768.0795064033277,4
1631,M,1752.6754319629754,12
2269,M,1768.2375506809344,6
381,M,1667.6691834997237,4
1632,M,1762.0074534413689,12
21472,M,1781.1739257108857,4
2784,M,1819.7358727511019,3
4084,M,1815.6266683678068,3
1636,M,1817.1432365708317,4
1663,M,1822.2091874142193,12
18,M,1783.8074408336465,7
11370,M,1802.1566803275941,6
2275,M,1825.9492380366346,10
505,M,1523.7557061275397,3
2268,M,1798.9506432938936,7
3471,M,1842.0006828423539,2
516,M,1620.2668697429283,4
1,M,2074.868030090284,9
8,M,1607.6892799638263,10
9,M,1668.1479274060844,7
11,M,1699.444081857851,2
12,M,1727.6073978624463,4
13,M,1727.936550797011,2
14,M,1741.435618151326,4
19,M,1712.762491127931,13
20,M,1917.267243854944,3
21,M,1711.2173679695795,4
22,M,1820.3330287113772,3
23,M,1868.6377952301118,2
24,M,1839.4853848803623,3
25,M,1827.1732149668212,2
26,M,1861.7592607698734,6
27,M,1697.6419584662026,9
28,M,1827.1919456371018,4
30,M,1854.090870632614,3
32,M,1866.7825341138823,3
33,M,1852.9433537658258,4
34,M,1862.62950784457,2
35,M,1899.080196986472,9
37,M,1931.900652571781,2
38,M,1906.1910298771843,9
39,M,1968.3589349995145,5
40,M,1942.8723569751953,2
42,M,1992.9346749679362,4
44,M,1950.1148315181788,3
45,M,1970.9846203830568,4
47,M,2008.606837142459,3
49,M,2150.9236878751526,5
50,M,2147.014783322027,5
52,M,2055.3274497328075,5
53,M,2084.0543680333813,2
55,M,2181.851254799822,2
56,M,2097.2543397767477,2
57,M,2179.8098111970126,2
61,M,2667.5574676507445,2
89,M,1531.3438190266543,5
91,M,1546.816619383109,8
94,M,1609.1227080611666,4
95,M,1584.2208839873247,6
96,M,1614.1745457985771,3
98,M,1593.0370409690422,4
100,M,1663.7753041970263,3
102,M,1692.935329035099,7
103,M,1701.4940423931898,3
105,M,1793.38050095756,3
116,M,1614.7243039039245,3
117,M,1626.2931843849706,3
121,M,1632.3878404848208,2
7,M,1619.4991126110963,14
125,M,1626.687495496503,3
126,M,1660.3722398690793,2
130,M,1707.1660298529932,6
131,M,1670.9995319707282,5
132,M,1673.9572345374836,2
133,M,1688.027914904118,6
134,M,1834.1834666954533,9
138,M,1697.6714780302577,4
141,M,1735.7691711854413,3
143,M,1788.5012178205538,2
145,M,1708.8751898268856,6
147,M,1767.0917810819278,3
148,M,1791.4862804671388,2
149,M,1745.0988719687223,2
150,M,1780.5818990782968,8
152,M,1986.9058583755018,2
155,M,1793.2051815099733,2
157,M,1803.370902397758,2
159,M,1855.7264036561699,3
161,M,1752.053241794881,6
162,M,1931.20836589033,7
165,M,1940.905289486373,5
168,M,1875.5726890300914,2
169,M,1854.7401625065531,2
170,M,1888.6424532380101,7
172,M,1933.0257690752483,2
176,M,1878.7442287400172,2
178,M,1900.917890983006,3
179,M,1988.5316479898588,8
184,M,1828.602212505017,2
190,M,1901.14154115777,4
191,M,1958.282664765161,3
193,M,2024.0518729484818,2
194,M,1944.8850460296037,2
201,M,2075.886858673959,2
202,M,2078.5457898726995,5
203,M,1691.374596312893,6
204,M,2212.7653202989513,2
205,M,2056.1354482958805,3
207,M,2115.231211780454,2
208,M,2076.187970570802,2
209,M,2157.6602998533235,4
211,M,2276.4000387581164,2
214,M,2186.155359867238,2
220,M,2282.017119700594,2
221,M,2334.709169900697,7
224,M,2374.3981895126317,2
225,M,2294.581311612119,5
228,M,2603.0019715856934,5
311,M,1656.167588968751,3
313,M,1707.157861890113,3
314,M,1711.6433789955645,2
315,M,1719.7558584577278,2
316,M,1742.6472276544298,2
317,M,1819.0550682517521,4
318,M,1772.4716442786137,2
319,M,1761.028585833585,2
320,M,1782.230206845216,3
323,M,1943.3133575087786,5
324,M,1865.2102123551958,2
325,M,1878.1133203353595,2
329,M,1968.5683436797422,2
330,M,1838.6309822323146,3
331,M,1784.2483461638672,2
332,M,1896.7452972464469,2
333,M,1986.6940796491726,8
334,M,2016.9298776555752,5
335,M,1897.1110167073712,8
339,M,1940.3336420562173,2
340,M,1981.9065096258855,4
342,M,1960.6917237684113,2
343,M,2105.612670546038,2
344,M,2010.5494253484503,8
345,M,1964.7327283363916,6
347,M,2139.174913633064,3
350,M,2067.9453435245687,4
351,M,2224.047767915393,3
353,M,2162.277974059972,4
363,M,1600.0793433637828,9
364,M,1565.7172343060338,15
365,M,1637.199995956982,4
366,M,1649.0208264212642,5
367,M,1658.9192099992613,12
368,M,1714.1507605605088,15
369,M,1766.8924659246018,4
370,M,1715.8297318290413,15
371,M,1802.1157362832687,12
372,M,1890.075093374281,4
374,M,1942.4935165769798,4
375,M,2094.7203550241356,9
376,M,2026.5871289790848,3
378,M,2048.8341117304312,4
379,M,1591.1767854377313,4
380,M,1581.147217610117,4
395,M,1666.2567184340053,4
396,M,1716.3646409217888,3
397,M,1829.3702748821988,3
398,M,1835.9023836750903,3
399,M,1655.0149026802628,5
400,M,1836.002036412633,3
401,M,2035.426086790963,3
402,M,1998.100643707139,3
403,M,2218.123307585204,2
414,M,1635.4304287625255,7
415,M,1691.330539410309,8
416,M,1637.2589348437389,7
417,M,1646.5376038806273,10
418,M,1677.002263957846,3
419,M,1696.4258376085352,6
420,M,1729.5222418778528,11
421,M,1649.4698468275856,9
422,M,1760.4613721005774,4
423,M,1799.8138598035396,4
424,M,1789.3816856276735,2
426,M,1713.2444647195503,4
427,M,1834.3459234476277,4
428,M,1906.032573482847,2
429,M,1832.4889480044747,4
430,M,1862.207720155353,2
433,M,1886.774916080127,10
434,M,1886.742955601835,4
435,M,1711.5184878869322,11
436,M,1960.8234462582463,5
437,M,1856.9019985828152,12
438,M,2007.3171289407933,2
440,M,2323.277980991961,3
451,M,1555.3514719881518,3
453,M,1631.158727018287,2
454,M,1625.9751551844306,8
455,M,1716.7391911423692,3
457,M,1729.521635162506,2
458,M,1796.955450137195,7
459,M,1816.8013365115207,2
460,M,1978.4697765484143,2
461,M,1951.7847637645673,2
462,M,2362.761260091971,3
463,M,1664.7243141730128,3
464,M,1664.1425602062266,2
465,M,1741.687302313715,2
471,M,1734.1517332089124,5
472,M,1821.4865839489694,2
506,M,1599.762364846522,11
508,M,1608.491935305895,6
509,M,1792.8245290303087,7
510,M,1613.5868739675734,3
511,M,1626.2195599692768,2
512,M,1657.8609758977368,9
515,M,1664.5478159693466,10
3325,M,1624.8469976152765,5
518,M,1706.4800506762535,4
520,M,1678.2404282132634,2
523,M,1721.1301695215748,10
5050,M,1799.0753317997874,3
525,M,1673.5587001334202,4
526,M,1700.0383663823666,4
527,M,1809.6864470792395,4
528,M,1727.0723264130543,4
531,M,1700.4496040589665,9
532,M,1739.9080976558728,6
533,M,1757.0781322802045,2
535,M,1784.7569245284471,7
536,M,1777.9124302200032,2
537,M,1794.6821841142673,5
538,M,1863.7364603409555,4
541,M,1817.0895174387874,2
542,M,1829.1199032441118,2
543,M,1810.2011660488854,2
544,M,1887.714827636475,3
545,M,1888.0828070306713,2
546,M,1896.1791720038366,2
549,M,1964.8552463654569,4
552,M,1866.5543359407402,9
553,M,1964.0199814441607,3
554,M,1899.1135615769617,4
557,M,1954.9965627168738,4
563,M,2125.7953522621087,3
565,M,1893.1086005051527,4
566,M,2136.9869397114294,2
529,M,1741.8016793440609,11
668,M,1608.7019262406582,4
669,M,1597.037912815611,10
670,M,1576.2879382800475,4
672,M,1645.1143129804454,5
673,M,1568.2361830015084,13
674,M,1675.0366989066385,12
675,M,1647.053578440557,10
676,M,1645.6000545725478,11
677,M,1650.6350060713853,12
678,M,1735.3151673880643,5
681,M,1688.0848910805075,8
682,M,1665.3332555659842,2
683,M,1643.855849323249,6
684,M,1667.3709383419737,3
685,M,1647.9995916781709,7
686,M,1665.9257566351887,3
687,M,1670.7631905700262,3
688,M,1704.215883628091,3
689,M,1662.4757119093003,12
690,M,1711.8552173132603,4
691,M,1725.499859074102,11
692,M,1744.559882845912,5
693,M,1705.6289624788633,6
694,M,1646.7267143310048,9
695,M,1680.647384180014,11
696,M,1716.1899801543527,7
697,M,1736.7527543821197,2
699,M,1691.5528688134739,8
700,M,1634.5659616644325,7
701,M,1706.8294364630942,4
702,M,1746.7382110794251,5
703,M,1684.7401018355774,2
704,M,1721.23810733045,12
705,M,1746.9944813872653,12
706,M,1656.4393342893718,10
707,M,1693.3218263921906,4
709,M,1729.641921286413,5
710,M,1713.5708634834682,7
711,M,1735.6184225722295,9
712,M,1732.9346326707202,7
714,M,1773.8187278857656,9
715,M,1733.916541002411,5
717,M,1714.7025599465098,12
718,M,1878.179782720159,2
720,M,1790.460237443615,5
721,M,1768.2341957441415,6
722,M,1814.6868115512352,4
723,M,1797.2584229390668,4
724,M,1805.1387970236817,2
725,M,1871.714435216265,5
726,M,1847.5626655142228,3
727,M,1977.117821576549,4
728,M,1825.3938391388306,4
730,M,1810.79765081437,5
731,M,1819.31988428256,11
733,M,1820.3851732598432,3
734,M,1833.4012146602604,11
735,M,1820.3778381475026,5
736,M,1837.0331592572588,3
737,M,1849.8258868136352,9
738,M,1915.1012322904146,3
739,M,1863.8606551993948,2
740,M,1814.1481741156126,10
741,M,1984.190994247208,3
742,M,1854.6365269558269,10
744,M,1865.0169630589714,2
745,M,1882.9384757933449,3
746,M,1986.7561208900202,3
747,M,1746.241946273032,6
748,M,1861.0077842921028,3
750,M,1731.0878010881738,3
751,M,1834.3680334303915,3
752,M,1915.478412875461,6
753,M,2112.6550197988986,8
754,M,1866.0946477602563,4
755,M,1931.7488789849156,2
756,M,2029.5121824267871,6
757,M,1925.8667494685278,3
758,M,1940.7176340183096,5
759,M,1971.4466440425847,4
760,M,1921.999560265555,10
761,M,1991.850867973949,7
762,M,1940.9778543238606,4
763,M,2001.8259892856856,2
764,M,2017.8335295489883,4
765,M,1976.9400562983951,2
767,M,2059.579899846009,4
769,M,1945.128213004963,4
770,M,1900.3445168749117,4
771,M,2058.918551863272,5
772,M,1940.212501890768,5
775,M,2092.8366953002014,2
776,M,2169.930460845586,2
778,M,1980.8070730730183,10
781,M,2086.4765238218024,8
782,M,2022.2605190147447,2
784,M,2046.0345345082849,4
786,M,2073.595636095345,6
787,M,2119.2931941893858,5
790,M,2256.7282930088904,7
792,M,2174.8968883470184,3
794,M,2019.6192723404652,3
795,M,2333.1472517163143,2
796,M,2251.67697173343,3
799,M,2250.119915891285,3
801,M,2281.5553225188837,7
802,M,2163.755070139865,9
804,M,2430.6218984474503,3
805,M,2558.879752201353,2
806,M,2558.2843018944072,2
866,M,1654.3138481673736,9
867,M,1608.4377756990443,9
890,M,1781.9775335836066,8
913,M,1896.0375266676858,4
885,M,1690.9369492593073,11
906,M,1861.4404632933793,3
897,M,1790.21013409551,5
922,M,1924.928952917248,6
934,M,1999.0926426916444,5
903,M,1731.2258368800553,7
911,M,1883.4831093017756,3
872,M,1728.758979233011,7
901,M,2047.0412126054157,4
874,M,1729.8452830329848,10
930,M,1728.3977756357208,13
870,M,1656.9832006531883,4
932,M,2033.2949887585153,4
907,M,1862.3220370291945,2
899,M,1805.2721815390782,6
924,M,1915.354398250054,11
893,M,1800.5621402999388,4
868,M,1651.881120206759,8
895,M,1957.8391515009375,8
891,M,1763.74962072891,7
936,M,1915.1772972240367,6
916,M,1891.7402540380222,4
926,M,1971.7451591238073,11
918,M,1750.306969120723,11
909,M,1823.5910170839356,9
882,M,1705.9225352498127,13
878,M,1691.0550416381711,5
888,M,1769.7468567506721,3
886,M,1749.905108818591,7
880,M,1716.5882986109395,11
876,M,1685.2582412311626,8
962,M,2509.7660641514935,7
964,M,2318.5070247460544,11
958,M,2256.8613605370306,3
956,M,2420.3513615380916,2
948,M,2089.5377727096957,4
968,M,2932.3805089843936,3
954,M,2154.4600914334874,4
946,M,2074.761577325444,7
960,M,2332.3378387243256,2
940,M,2027.1839107076407,5
938,M,2094.8190341288837,4
950,M,2146.264337774199,5
944,M,2029.546533765215,4
952,M,2089.611169622649,5
966,M,2467.767472901261,4
984,M,2056.9157536049433,8
982,M,1913.7658546795483,2
1177,M,1684.4756753227753,2
1183,M,1703.1095874195053,11
1201,M,1702.1942433927288,5
1205,M,1732.627775513404,10
1195,M,1670.0654538933964,10
1189,M,1687.9083884490592,2
1173,M,1612.8384254540797,4
1179,M,1668.3639391933843,6
1191,M,1685.8944812435373,2
1209,M,1729.0234802880946,4
1175,M,1660.211387452591,2
1193,M,1665.4206245076475,3
1181,M,1708.2709519360287,4
1207,M,1740.713433793895,10
1203,M,1756.908556124783,4
1187,M,1684.0441327510698,6
1199,M,1685.0197510562905,3
1227,M,1808.4124513039485,6
1297,M,1940.5690148672275,3
1313,M,2029.8677076986576,4
1280,M,1945.647884232927,5
1311,M,1958.1390166014203,4
1264,M,1839.241835293465,5
1217,M,1724.6049389377251,7
1231,M,1762.5795548723186,6
1223,M,1756.3135836326665,4
1238,M,1774.7252004349994,2
1257,M,1819.5781821848796,6
1296,M,1884.6112366505922,2
1225,M,1843.1471763397872,4
1273,M,1877.7630052331979,10
1254,M,1785.5657698386417,12
1216,M,1679.3242692759343,8
1266,M,1856.3378866225858,12
1288,M,1780.1329646133026,10
1284,M,1905.387774858619,7
1213,M,1739.1373371605998,9
1303,M,2041.9247473529704,5
1286,M,2019.4007190571629,8
1234,M,1789.9208602469644,6
1247,M,1718.3089765546315,4
1268,M,1946.3950701546555,6
1290,M,1909.8638089357796,7
1292,M,1840.9519465832755,4
1305,M,1917.2901011386557,10
1251,M,1842.860031237382,10
1278,M,1897.7897931701305,10
1299,M,1953.5092541923395,8
1301,M,1962.3372890771266,5
1307,M,1993.2631426676103,2
1309,M,2066.8992100803716,8
1229,M,1787.9010659584671,2
1317,M,1954.4445995220833,2
1258,M,1830.0302735140222,3
1243,M,1749.9763898736496,3
1262,M,1835.1478078359316,3
1274,M,1917.1327038224563,5
1276,M,2019.4381814579065,3
1270,M,1921.6787546400355,2
1255,M,1816.7246842770658,3
1236,M,1782.0108542181547,4
1219,M,1750.399921326834,5
1245,M,1802.3955881757252,3
1260,M,1896.594018739128,6
1323,M,1975.5717508187367,9
1385,M,2206.8721156649926,2
1347,M,1991.331873198066,3
1337,M,1986.9531471902426,5
1411,M,2437.358167650859,3
1365,M,2110.3728016528084,4
1377,M,2097.9951988458915,2
1319,M,1956.4135995048146,7
1393,M,2140.58231694213,4
1357,M,2063.389838592987,3
1329,M,2035.7246845614936,4
1405,M,2128.876095342366,2
1403,M,2282.774244643585,4
1424,M,2422.859436422922,3
1341,M,2041.8961944409841,11
1325,M,2003.273754855304,5
1413,M,2217.6441877661146,2
1321,M,1995.881665339191,5
1375,M,2124.872842198818,3
1355,M,2014.1638453629857,3
1395,M,2050.2360981982056,11
1419,M,2421.0887764608688,3
1373,M,1956.9828885251795,3
1415,M,2215.5217502945093,5
1339,M,2010.2770896419,2
1333,M,2018.3555365602147,5
1409,M,2172.505137445977,2
1331,M,2003.0550794373557,2
1399,M,2179.502826762776,2
1363,M,2079.7659484231003,5
1381,M,2057.551214682021,8
1401,M,2047.7492440001079,6
1367,M,1964.7755666042974,4
1371,M,2049.173685445898,2
1351,M,2027.1549480316833,2
1369,M,2103.3066063038773,3
1530,M,1573.619627906364,8
1533,M,1648.0154293979692,2
1529,M,1697.6400460579148,4
1539,M,1675.7200574187077,4
1440,M,2840.0088722095043,2
1438,M,2720.743904651009,5
1434,M,2652.929792476702,5
1534,M,1590.9338650335362,10
1536,M,1695.5361063900325,11
1522,M,1503.6534890511657,3
1540,M,2134.8978528668013,2
1428,M,2686.080566365961,4
1432,M,2574.063264384827,2
1426,M,2333.9922063652257,4
1526,M,1572.6250271724648,3
1436,M,2651.412828429992,6
1581,M,1861.9776095193029,2
1551,M,1784.6968559630511,2
1578,M,1854.3964508243826,7
1623,M,1650.8113729247546,3
1628,M,1673.9237174826003,2
1630,M,1741.4480420904652,2
1635,M,1793.991762300578,3
1576,M,1882.5451378242797,3
1560,M,1701.8589474511223,2
1548,M,1702.9332679651798,4
1586,M,1801.6033868262225,4
1566,M,1791.004850608407,4
1572,M,1801.4985705483289,6
1574,M,1820.084953928309,4
1590,M,1874.5736786589905,2
1558,M,1616.659915459954,13
1594,M,2098.366581129553,4
1597,M,1948.2152474399677,7
1598,M,1999.2076152506581,3
1599,M,2007.8298163809454,2
1602,M,1979.4871168326797,2
1604,M,2112.0514788231303,2
1605,M,1702.446193732957,3
1606,M,2020.0343894633452,3
1609,M,1972.8198744350595,10
1611,M,2261.795837452665,2
1612,M,2185.525152790364,12
1613,M,2357.9748335945246,2
1638,M,1876.913504428183,8
1639,M,1848.3171428021983,9
1641,M,1909.9689726276524,6
1643,M,1863.7113510887336,3
1646,M,2008.8013287769336,5
1647,M,2047.7028944332112,8
1649,M,2091.1354727234266,2
1650,M,2246.444741348572,4
1651,M,1989.1456164325696,5
1652,M,2162.4625031125615,8
1653,M,1649.022896041897,4
1654,M,1701.9450120810282,3
1655,M,1642.1871728894562,4
1660,M,1835.7442782551302,4
1661,M,1904.386794007482,3
1662,M,2029.678586403045,4
1664,M,1992.8329175851466,3
1665,M,2125.903502210521,2
1692,M,1892.333562786088,3
1693,M,2078.4147245216327,3
1694,M,2001.7712002560972,3
1695,M,2025.2044682567534,2
1696,M,2065.4408991953987,3
1697,M,2075.8702547497387,7
1698,M,2776.291103264086,4
1699,M,1711.3876481140112,3
1700,M,1743.3029484562526,2
1701,M,1683.7204781572477,4
1702,M,1735.7001047456545,5
1703,M,1758.7546845623847,8
1704,M,1752.9798901062768,9
1705,M,1990.0561917258046,3
1712,M,1623.1884287063885,8
1714,M,1786.401234132842,3
1715,M,1608.8805328182525,9
1716,M,1789.7770161017772,4
1717,M,1839.076892734529,2
1718,M,1845.9831964443272,6
1719,M,1841.2527458687903,6
1720,M,2046.25372175718,2
1722,M,2389.726748830975,2
863,M,1567.6884412444795,5
1809,M,1598.7915977509792,12
1810,M,1611.9643151428013,6
1811,M,1636.4749629341613,7
1812,M,1627.4875600808855,2
1813,M,1655.8382263037427,5
1814,M,1622.3739554575072,11
1815,M,1627.5142927036136,8
1816,M,1669.2274372831544,2
1817,M,1659.2314870489581,12
1818,M,1701.9132240450076,6
1819,M,1680.8070614440717,4
1821,M,1694.662547865983,3
1822,M,1701.3437218876884,4
1823,M,1775.7239835034418,5
1824,M,1709.6672743789084,3
1825,M,1713.5708558083707,3
1826,M,1753.2973052268271,3
1827,M,1718.5029460931373,13
1828,M,1723.9914713066114,3
1829,M,1711.0369823759438,2
1831,M,1753.3880228655253,2
1832,M,1737.577447252476,5
1833,M,1796.4027411082457,4
1834,M,1752.8548768327469,3
1835,M,1731.1250129483692,12
1836,M,1830.2830000771146,5
1837,M,1840.7456948334197,10
1838,M,1696.7067293808927,3
1839,M,1784.9372330659862,4
1841,M,1786.4109693007572,4
1842,M,1880.1100431994146,3
1843,M,1807.1249980264074,2
1844,M,1792.525450195226,7
1845,M,1941.0293555286717,2
1846,M,1824.0632857438472,2
1847,M,1719.2803722602189,11
1848,M,1784.8324543948195,2
1849,M,1835.1515310039972,7
1850,M,1802.7244736591344,4
1851,M,1835.4639881330263,3
1852,M,1850.074115483481,9
1853,M,1814.0429727438664,6
1855,M,1877.7098887737343,10
1856,M,1781.028386339974,7
1857,M,1778.0061866276815,8
1858,M,1854.272153202258,7
1859,M,1830.828508706481,7
1861,M,1893.875421038484,2
1862,M,1818.3049348131212,2
1863,M,1769.171885820892,8
1864,M,2006.1478173052,2
1865,M,1800.7929670975286,3
1866,M,1857.215331051732,2
1867,M,1924.658289003096,3
1868,M,1895.1319384632147,5
1869,M,1887.721162470451,5
1870,M,1857.631825496478,7
1871,M,1903.1809478527477,3
1872,M,1876.5209176299588,2
1873,M,1920.034826323007,3
1874,M,1861.6342669179755,7
1875,M,1868.507551454109,3
1876,M,1855.560414609503,7
1877,M,1934.554807979729,8
1878,M,1957.4275966711048,3
1879,M,1933.3672931697101,2
1880,M,1959.436371948434,6
1881,M,1945.085102967953,5
1882,M,1940.7485928084086,4
1883,M,1955.3651989221262,10
1884,M,1991.0135195214775,2
1886,M,2002.184693432829,4
1887,M,2201.676244415208,6
1888,M,1960.5634559643722,3
1889,M,1998.584097119852,3
1890,M,2009.7096641839437,3
1891,M,2009.709664183946,3
1892,M,2029.5036678844522,3
1894,M,2031.0216673879634,11
1895,M,2049.031817841007,5
1896,M,2052.3674102328687,2
1899,M,2063.8057875521163,4
1900,M,2038.980459771542,8
1901,M,2048.3657520757197,7
1905,M,2103.726154119067,4
1906,M,2132.252054195159,7
1907,M,2041.8776222516076,2
1908,M,2120.0985862279385,6
1910,M,2098.9553841174184,2
1911,M,2104.5624756997136,2
1912,M,2244.721021853069,2
1914,M,2126.039685432018,4
1917,M,2176.93625521549,6
1919,M,2268.2064061613264,4
1920,M,2247.7126046018443,3
1922,M,2390.789780414317,2
1989,M,1551.4296960832028,3
1990,M,1611.8285155792496,7
1991,M,1568.99046912726,8
1992,M,1577.8015323852028,2
1993,M,1577.9395839389213,9
1994,M,1612.8512686505878,2
1995,M,1611.1938653006061,7
1996,M,1643.670351690103,7
1997,M,1623.7326281030787,8
1998,M,1625.601633744548,3
1999,M,1631.3909730747755,3
2000,M,1758.3977196452397,6
2001,M,1646.588283997081,8
2002,M,1645.1933027850046,7
2003,M,1679.7198044666115,5
2004,M,1719.0188053483635,3
2005,M,1694.808510005073,9
2006,M,1702.9656318746788,5
2007,M,1590.459382349566,5
2008,M,1699.1656047037582,3
2009,M,1691.6047731897293,2
2011,M,1758.9067829988114,4
2013,M,1666.0732383930595,9
2014,M,1751.0687000046296,2
2019,M,1789.7115483357109,2
2020,M,1739.8442069619437,8
2021,M,1787.9844790739753,2
2022,M,1819.2376360996939,10
2023,M,1826.8523687070904,3
2029,M,1937.663277112012,6
2030,M,2332.5412149463978,2
2031,M,1882.0334225225324,2
2032,M,1774.355039696965,8
2033,M,1882.2831495518499,2
2034,M,1919.530099500649,5
2035,M,1904.6310020193123,2
2036,M,1959.671934009601,4
2037,M,1951.3750102043755,6
2038,M,1911.6234911007039,6
2040,M,2062.6873783412457,4
2041,M,1981.7996315629075,2
2042,M,2038.6842564415829,4
2043,M,1997.0692887534447,3
2044,M,1998.1576816251024,5
2045,M,1804.65878050302,9
2051,M,2259.2006382476716,6
2053,M,2397.3026742974807,2
2054,M,3563.3886272779873,4
2057,M,1595.4201911355167,2
2059,M,1694.0682469137396,12
2065,M,1720.9693994578888,3
2067,M,1966.2514358055403,2
2069,M,1597.300620584816,3
2071,M,1620.36727584281,4
466,M,1571.8918117463625,12
467,M,1604.1077349201676,10
468,M,1599.023519509256,3
3859,M,1776.079079848821,10
1542,M,1751.1196601831034,7
1552,M,1649.2460896541513,11
7950,M,1667.1635152845352,4
7953,M,1831.7532740081133,6
7954,M,1961.417332466961,5
7955,M,1889.6402613860887,3
7949,M,1621.3268349289092,4
2565,M,1781.0514917998648,4
7958,M,1775.702208743397,2
2590,M,1861.8785003611679,5
3393,M,1664.3789798245264,9
3407,M,1775.0438557745904,8
7965,M,1873.2893538749386,6
7966,M,1970.8041263721686,2
4900,M,2007.8173898093376,2
7967,M,2121.005750373108,2
7975,M,1589.9761498080895,9
7976,M,1578.4586618264505,9
7977,M,1644.5601335434071,2
7978,M,1685.1450963453847,6
4917,M,1806.5902737398237,2
7980,M,1828.0175388226771,2
7981,M,1859.4435991657076,8
7982,M,1893.0910210490624,8
7983,M,1908.4823685816823,5
7984,M,1993.6648548419194,2
7985,M,2266.6578982233013,3
7721,M,1593.7134591227236,6
5571,M,1590.3731380880536,6
7724,M,1640.7413178123031,7
2561,M,1747.0160520848456,5
7739,M,2117.814095571882,2
8001,M,1780.8147129756946,10
8002,M,1763.8721496623566,6
8003,M,1814.6461388867797,4
5421,M,2031.6290066534111,4
2584,M,1597.7329194169401,7
19553,M,1839.5620341206147,6
2542,M,1580.9161636211193,6
18967,M,1639.9563315834585,2
18964,M,1604.9799616034693,7
2471,M,1768.895890367278,6
18963,M,1615.4553972928488,7
18971,M,1694.9437051624682,5
3596,M,1713.1434647281085,3
2176,M,1774.6426021444172,10
18973,M,1723.538029469879,2
19384,M,1645.0116321174928,7
18975,M,1753.7328180495074,5
18977,M,1734.209015055557,8
18979,M,1648.0411493327683,8
3015,M,1802.8130807117868,5
19386,M,1756.873792515898,6
20429,M,1643.109610760942,5
5230,M,1763.5304872148165,6
18993,M,1811.216827456029,2
5314,M,1763.8895849081346,2
2173,M,1777.5476779965238,9
2575,M,1784.5150771829594,3
2445,M,1786.8266252109963,5
18988,M,1786.1064727408468,4
19381,M,1793.1377123054908,5
4704,M,1799.0878799652637,3
19385,M,1805.0295576743533,6
20431,M,1789.5158998894376,6
2177,M,1830.2369889743827,7
16118,M,1772.1699000407539,7
19007,M,1848.1201951308833,6
2453,M,1855.754410165586,9
16119,M,1828.259295426048,6
2559,M,1812.6685229053583,8
2460,M,1840.536447722631,8
19391,M,1909.1423499396587,2
19002,M,1852.3498541456493,8
2539,M,1860.1348015335634,3
18991,M,1766.5322709491968,4
3011,M,1859.433362689532,6
5708,M,1734.957613178155,10
2723,M,1547.4948819305082,5
18961,M,1548.7521690022077,6
18724,M,1668.8618326122416,2
16120,M,1900.8285023426326,4
18992,M,1844.2605048395812,4
11408,M,1959.0856779636656,6
2168,M,1811.7474652910284,6
2730,M,1888.6369089772197,7
16126,M,1938.3868264843106,6
18989,M,1904.3892525189774,4
2464,M,1920.6954066261856,7
19387,M,1851.9218342132228,6
16130,M,1935.2119313904086,2
19390,M,1885.007719950864,6
4722,M,1980.7994120824596,2
2608,M,1970.3803284878793,10
4726,M,1954.4260481130718,3
19001,M,1950.5025077900198,4
19378,M,1819.055457754921,2
19006,M,1998.6596446199298,7
16122,M,1900.2502329321246,2
20434,M,1827.112020062309,3
18710,M,1975.0670363151376,3
2750,M,2036.8748433812407,5
2184,M,1983.508743089336,9
16134,M,1998.8281129661764,4
16133,M,1981.5617778211056,8
3613,M,2000.1925583525258,3
4433,M,2018.9619815274166,3
6849,M,2100.4316963353203,2
3155,M,2004.8631602950986,2
2450,M,2034.0445788031993,6
4361,M,1984.7333864017842,2
11406,M,1980.9896027567413,3
10999,M,2071.04653049798,3
19396,M,2087.750706312301,6
19398,M,2096.6628426223024,2
20441,M,2130.0567852040035,4
19013,M,2069.4640044352054,8
20443,M,2170.625013736173,2
11421,M,2219.7632441788974,4
4585,M,2206.8987333253735,6
3175,M,2381.536588510992,7
19016,M,2283.353786841113,2
19400,M,2288.450898478474,2
3595,M,2211.0652728376226,2
2468,M,2177.809659462384,6
4723,M,2490.119435949644,3
2488,M,2520.8455465633706,2
20448,M,2220.2328064930816,3
19399,M,2467.6118682241904,2
3024,M,2576.0728240412764,3
4689,M,2818.3179517273234,2
2279,M,1929.8625706111939,7
19555,M,1895.1413858804517,2
11371,M,1941.9765959680553,5
4627,M,1915.9511570862023,2
2284,M,1992.4830141228094,6
19566,M,2059.64205273006,4
19557,M,1975.2538748071352,2
2276,M,1960.3686854885814,6
2788,M,2125.8545558523037,10
11374,M,2153.597285196328,2
21474,M,2222.8247396033153,3
21476,M,2319.931999669444,2
4081,M,2367.2805244845995,6
19503,M,2393.166650606198,2
19575,M,1694.8391965751189,3
18772,M,1926.5461270300943,6
18771,M,1863.2720806904017,5
18774,M,2177.397550840364,3
19583,M,2277.0096057737046,4
18787,M,1879.173937406382,5
21479,M,1918.7611147909029,2
8019,M,2108.0625940917203,4
8004,M,1640.602195202323,9
8005,M,1728.3548134293546,5
8006,M,1693.87209710765,3
8007,M,1679.8011431417108,2
8009,M,1792.961878506055,6
8010,M,1803.64832744058,2
8011,M,1764.6254223452368,4
4154,M,1665.3787315036113,5
2797,M,1820.4573532738837,2
8013,M,1848.3480149891816,3
8014,M,1806.6527430445176,9
2804,M,1870.3417102344338,2
2800,M,1850.9082805324588,2
2806,M,1927.2900478131846,2
3350,M,2067.48514419131,5
8022,M,2211.1077452924037,9
8023,M,3323.5433831000496,4
11385,M,1730.3993921470178,4
11289,M,1731.4011021549902,3
11290,M,1709.1201300139844,2
11291,M,1753.2853156404874,2
11292,M,1766.644950223464,3
11293,M,1845.1828532485742,2
11294,M,2160.796758103194,2
11390,M,1794.8098634803882,8
11300,M,1595.7437911714155,4
2861,M,1735.2970023977366,5
11301,M,1660.217273998387,7
2859,M,1670.5294723061206,4
11302,M,1643.4004154314757,7
11303,M,1684.4034751701927,4
11304,M,1701.4300749383292,4
5500,M,1722.5627272487027,8
3884,M,1732.2424915356178,7
2853,M,1633.548533038602,6
11305,M,1722.8671384420086,4
11306,M,1767.4433741750552,3
11307,M,1670.271230814376,7
11308,M,1761.3196194039092,5
3333,M,1758.4733921343695,4
11309,M,1765.3182982534277,3
11310,M,1788.569406216412,3
11312,M,1781.7719475607141,2
11315,M,1720.934737238082,7
11316,M,1794.1853015537017,3
11317,M,1981.8942833650049,2
3887,M,1886.5129281053864,6
11319,M,1845.2852835703884,6
5645,M,1928.5665836977664,7
11322,M,1969.3505523066412,5
2874,M,1945.2075412057816,5
3336,M,1890.660829086625,6
11323,M,1937.2863210747335,5
5662,M,2036.3816507665615,3
11324,M,2027.752711783957,2
11325,M,2165.982960366694,7
11383,M,1790.1823300063836,4
3828,M,1641.513674819334,3
5787,M,1655.461006592194,4
11328,M,2247.6864179723752,2
11330,M,2280.5302704659016,2
11331,M,2351.0638207781903,2
27000,M,1667.8195819316081,4
19481,M,1901.378365340182,3
11402,M,1754.0084895829334,5
3699,M,1929.1086768865043,3
6841,M,1993.3354552016947,2
5271,M,2031.1756844349316,4
11419,M,2076.6940963030693,7
3169,M,1689.6608525523097,9
11355,M,1622.2864834947886,2
2442,M,1726.2307616180778,9
11357,M,1808.6296202726685,2
3136,M,1753.4597200538717,2
11358,M,1853.2539726841583,7
4732,M,1856.5739453752922,6
11359,M,2002.2518881368512,2
1379,M,2257.9354873116126,4
3901,M,1765.8850937441218,2
11366,M,1806.357369763838,2
11367,M,1791.7465680032988,5
11372,M,1939.0211718265691,6
28516,M,1622.6160398150942,3
3386,M,1547.1655494019096,8
2905,M,1802.8459730367442,6
3477,M,2076.1101710149424,2
11380,M,1643.0132485778945,7
11381,M,1656.1466716363439,6
11386,M,1736.7390225185754,6
11382,M,1803.487598349831,5
11379,M,1609.8063171118251,3
18982,M,1706.8378520550814,5
11387,M,1881.3530069479316,2
11393,M,1906.6838796468169,5
11395,M,1795.9044887312157,6
11396,M,1851.2677263053304,3
11407,M,1998.7524590221824,2
11422,M,2132.0658628617,4
11394,M,1805.3075630518374,2
11389,M,1745.8556100565834,7
11397,M,1893.7659794520932,2
1222,M,1755.40898394438,6
2354,M,1961.6811148073148,9
2693,M,2016.7119494029325,2
11392,M,1819.2901523374608,2
11400,M,1884.9117238652925,5
11405,M,1906.1382786426525,2
11388,M,1774.789286021106,2
2437,M,1637.3156057663766,9
2896,M,1687.1508605409929,7
16124,M,1690.8847312872726,6
16114,M,1713.4452213841635,6
2899,M,1832.7044741319894,9
2897,M,1808.2525716008208,4
2438,M,1648.240071158863,10
2456,M,1811.3751184250482,10
2473,M,1909.7596270816266,5
16123,M,1848.3834336697096,6
28517,M,1671.5821897772744,3
2474,M,1986.6804561727176,8
2469,M,1965.8523936309339,10
2900,M,1880.1922331653554,9
16132,M,1968.9514383175997,5
2467,M,1964.6541220979702,10
21482,M,2027.7817625781868,4
2463,M,1942.7067681032468,10
28518,M,1644.9101133079455,2
18728,M,1687.9756791017617,3
16141,M,2039.7165168867743,6
18730,M,1720.4898761178815,5
18731,M,1696.1926715763857,5
18732,M,1778.735152553609,3
18733,M,1711.9421393726552,2
26999,M,1681.7594512763674,3
18736,M,1773.8417353802704,7
18737,M,1897.5448156567204,2
2487,M,2548.6946627284606,5
19364,M,1645.496673610237,3
18919,M,1774.8278509110714,2
18773,M,1941.0144163492146,2
26835,M,1747.4917985837988,5
28519,M,1653.9270132646748,3
26180,M,1803.6701793731663,5
27014,M,1836.445223333744,4
27016,M,1822.9252059039563,3
19010,M,1944.3838705517628,8
26097,M,1943.8606159352012,3
26837,M,1970.2163041216772,3
26112,M,2011.985716840917,3
11517,M,2218.3693546574445,3
11520,M,2434.8323597417675,4
4347,M,2523.6602176656265,3
27003,M,1775.699956753307,4
4603,M,1799.8674563875018,4
2458,M,1773.81979327086,2
16113,M,1760.238960337661,2
2895,M,1649.8625549793505,3
16115,M,1861.0474434093371,4
5709,M,1763.5270426113289,3
16117,M,1754.2161373043355,5
4700,M,1895.76276128241,3
16127,M,1897.142283789956,4
2465,M,1971.9667759693198,4
16129,M,2084.7910110926978,3
16131,M,1916.0067271408022,2
2470,M,1938.8021046761978,7
16135,M,1991.8045156065364,5
16136,M,2202.1766614094868,2
2462,M,1976.2955320067267,2
16139,M,2031.6175374912782,2
5408,M,2068.3940538222632,4
16140,M,2007.3009241302286,2
16142,M,2074.127118452846,3
16143,M,2122.8551227581365,2
4369,M,2136.223752328184,2
16146,M,2096.606557661439,4
16147,M,2017.6442791899822,5
16148,M,2301.1127747252267,3
2476,M,2175.6040733255795,5
2478,M,2189.916963619011,10
2448,M,1873.6360874806828,3
2485,M,2484.732096055727,2
2491,M,2949.609968061118,3
2490,M,2906.9651501786793,2
16112,M,1650.0791882846906,2
18879,M,1819.0491567457493,7
18565,M,1875.6339894466903,8
3547,M,1857.098167893946,4
18564,M,1837.6626675506272,7
4315,M,2004.9277553895718,6
2108,M,1623.9474175789721,3
2110,M,1705.289333490744,4
2111,M,1697.2236388101142,9
2112,M,1693.238376206812,5
2113,M,1698.7271072038707,5
2114,M,1730.7973099607427,7
2115,M,1772.5380447966456,2
2116,M,1743.9561319930326,11
2117,M,1816.9701374126657,3
2118,M,1794.5599792827798,2
2119,M,1825.6625446932271,9
2120,M,1862.7471517970876,4
2121,M,1862.7255717200312,8
2122,M,1805.1628387613791,7
2123,M,1877.4919674388948,6
2124,M,1949.9688600427671,8
2125,M,1827.3167535694429,2
2127,M,1914.9846647866484,3
2128,M,1929.8681247455133,5
2129,M,1904.0453512210283,3
928,M,1975.8377361775988,3
2132,M,2044.8682770222276,2
2134,M,2013.4145447737192,3
2136,M,2105.343415391707,2
2138,M,2070.408894323915,3
2139,M,2095.5094058096256,3
2140,M,2101.7592158301386,3
2141,M,2044.6223073847402,10
2142,M,2157.343774431994,7
2144,M,2222.0930167160127,2
2145,M,2223.570086805316,2
2157,M,2461.3942720851255,3
2159,M,2535.025113081466,3
2169,M,1707.0497716554228,2
2170,M,1738.4420063622597,3
2171,M,1748.0082813814518,2
2172,M,1757.1870266622354,3
2175,M,1813.1912460097953,2
2180,M,2043.1812546531037,2
2181,M,1964.853026050138,3
2182,M,1962.5501595338355,2
2193,M,1591.445700605244,8
2194,M,1713.9506022543846,4
2195,M,1661.8728094262801,3
2197,M,2326.8050631129436,2
2198,M,1633.940589633617,5
2199,M,2000.489690625413,4
2201,M,1896.5083443018266,2
2202,M,2238.43011776194,2
2210,M,1648.8578134667412,7
2211,M,1803.8943277990531,5
2213,M,1783.6683682565679,2
2214,M,1703.0966348044667,5
2215,M,1773.0699610653269,2
2217,M,1659.6775844253482,4
2218,M,1889.545651569213,2
2219,M,1924.5497477317153,5
2220,M,1896.9808739280606,3
2223,M,2029.612712928203,2
2226,M,2165.236677590632,2
2227,M,2620.706641334219,3
2235,M,1765.7436962980125,2
2236,M,1750.4526717534518,2
2258,M,1621.7565777782615,6
2263,M,1711.3771267704049,8
2264,M,1734.0778716608181,2
2267,M,1807.6550854897505,3
2270,M,1957.0561055416692,2
2272,M,1864.3316426882957,2
2273,M,1843.655606206456,2
2277,M,2002.9236151555103,4
2283,M,2173.82645888106,2
2285,M,2056.0142351689365,5
2288,M,2456.371318561257,2
2289,M,2429.2550638309394,4
2307,M,1654.2331123041206,2
2309,M,1604.5283898255052,4
2316,M,1791.8286147639687,7
2343,M,1663.5601182144553,2
2344,M,1695.329393852461,7
2345,M,1725.2355906427542,5
2347,M,1809.6703957281925,2
2348,M,1784.9111275472153,2
2349,M,1809.4843072827634,3
1239,M,1841.0630649560073,11
2350,M,1806.1104538025556,5
2351,M,1815.6594512303463,2
2352,M,1827.871116725314,3
2353,M,1909.2155331804884,2
2355,M,1930.325932067516,2
2358,M,2010.8130331128384,2
2359,M,1920.2336934901289,4
2360,M,1723.2039991313022,3
2361,M,1937.8278634320727,2
2363,M,1973.3447121250347,6
2365,M,2109.8196825223135,3
2366,M,2053.8660045942424,3
2367,M,2090.3318934409563,5
2368,M,2075.103016616921,3
2369,M,2090.9945282086246,2
2370,M,1940.9454370902536,2
2371,M,2189.23151191096,4
2373,M,2110.3682953818907,8
2375,M,2221.3101992971187,3
2439,M,1698.1314774969765,2
2440,M,1736.3266955150903,2
2441,M,1793.6394411365309,2
2443,M,1759.976591136276,3
2444,M,1933.2380333816864,2
2447,M,1839.3378536134314,3
2449,M,1810.2925186868401,3
2454,M,1746.4438177694472,3
2455,M,1943.4820559230575,6
2459,M,1945.162796740674,3
2466,M,1947.7137904082624,3
2481,M,2274.44552639102,4
2482,M,2316.9137275164694,2
2484,M,2316.636963335434,3
2489,M,2781.2574942490346,3
2492,M,1612.880848267137,7
2493,M,1716.4583127047272,5
2495,M,1989.6711524729108,2
2496,M,2472.3427422146565,3
2541,M,1591.8355220524547,2
2543,M,1566.0315778663614,3
2544,M,1637.9932499980594,3
2545,M,1586.3979454710784,3
2546,M,1609.5422888228625,3
2548,M,1677.331849432726,2
2549,M,1662.073554346847,3
2538,M,1543.4962631368219,2
2551,M,1721.820777469855,2
2552,M,1719.7567403805947,2
2555,M,1723.145772097569,4
2556,M,1739.686483458801,3
1562,M,1769.7010993168406,9
2563,M,1757.4690585627643,8
2564,M,1798.7361217163973,3
2566,M,1750.939253582742,7
2569,M,1820.3366637710071,2
2570,M,1811.8576485827812,2
2571,M,1819.1480286739502,2
2572,M,1807.2110783097364,3
2574,M,1559.6820504348,3
2576,M,1819.0885604588077,3
2579,M,1799.195096655234,4
2580,M,1839.2644976633815,3
2582,M,1690.2449376415711,3
2586,M,1896.4552372737908,6
2587,M,1946.8468891017246,2
2588,M,1955.0544995481484,2
2589,M,1905.2572015754904,2
2591,M,2054.189169011121,2
2593,M,1915.9005183993656,3
2598,M,1952.0219549245126,5
2599,M,2025.6778286848032,2
2602,M,2008.1847291268145,2
2605,M,1990.3057210526554,2
2606,M,2038.1103035339952,6
2607,M,2020.9268413134757,3
2612,M,2093.3883228090053,2
2613,M,2037.3047735946582,2
2614,M,2205.3482213746975,2
2615,M,2144.3457588905017,2
2616,M,2345.641550513095,4
2621,M,2401.3026811432874,2
2622,M,2342.9036948737585,3
2625,M,2169.0530095880995,3
2626,M,2088.308537125171,3
2627,M,1587.4294835471271,6
2629,M,1598.0850546272466,2
2630,M,1641.0479806977062,3
2631,M,1625.2649106773515,4
2632,M,1624.457700465115,2
2633,M,1630.5852753329627,3
2635,M,1628.7114146020238,3
2636,M,1736.733866924415,6
2637,M,1748.3894217357984,4
2638,M,1728.2595792385666,2
2639,M,1693.9426121270449,2
2640,M,1702.1774001882213,5
2641,M,1856.0057084621535,5
2642,M,1761.3204105049194,2
2643,M,1848.4590873329662,4
2644,M,1793.1673303223204,3
2645,M,1828.8740603146412,5
2647,M,1798.6713367340762,3
2648,M,1756.9585149984464,2
2649,M,1826.7667327195165,2
2651,M,1852.4631219370403,3
2652,M,1887.8093393548547,3
2653,M,1900.501844701194,3
2654,M,1934.3374900419121,4
2655,M,1929.500745114468,2
2656,M,2052.893812573693,2
2657,M,2186.743933596389,4
2658,M,2160.7707178953383,2
2659,M,2413.946899617181,2
5297,M,1596.1583939379161,4
2687,M,1772.315312849717,2
2688,M,1651.9414087908385,5
1241,M,1836.256310042516,5
2692,M,2056.2715506543877,2
2694,M,2013.9201746082713,2
2697,M,2718.6058756247194,2
2726,M,1738.251494037005,2
2727,M,1770.8352578663448,2
2728,M,1737.462328799297,4
2735,M,1854.1894144785915,2
2738,M,1842.0648263300673,2
2742,M,1963.6056201939618,2
2743,M,2000.1985273504965,3
2745,M,1943.9237415290968,3
2749,M,2006.182757747818,3
2752,M,2061.9503539056304,2
2753,M,2026.2714603685577,2
2754,M,1921.1490479881954,4
2758,M,2221.164930288284,2
2770,M,2912.7794470142,3
2779,M,1783.6367534359415,2
2780,M,1770.076766170865,2
2782,M,1770.0759196057584,2
2786,M,1897.003757831898,4
2796,M,1709.9547831776224,5
2803,M,1848.8082541337872,7
1172,M,1601.8513119731747,2
2814,M,2073.2451570385238,2
2816,M,2113.441404260677,3
2817,M,2140.540967696814,2
2822,M,1868.5528035507748,4
2823,M,2112.680481616373,2
2851,M,1564.1441055378457,2
2852,M,1590.8135520480241,2
2854,M,1625.7173848512539,2
2855,M,1600.7750726425984,8
2857,M,1675.8943832932664,4
2860,M,1590.4365939302602,5
2863,M,1751.505332222305,2
2865,M,1759.212394902032,2
2867,M,1850.9152260485102,2
2868,M,1771.787206669287,2
2869,M,1791.6777236479152,2
2871,M,1651.4159113909523,8
2872,M,1756.3936095857089,4
2875,M,2026.3825841183343,2
2876,M,1851.6140844112365,8
2877,M,2344.7053194851696,7
2880,M,2390.335263572117,6
2882,M,2385.284543570445,6
2883,M,2225.4674564512543,4
2885,M,2318.2136922237773,2
2886,M,2195.580599219952,2
2887,M,2686.5393538311537,2
2907,M,1691.3765927147638,2
2908,M,1778.2133496582974,2
2917,M,1889.6744877852277,3
2944,M,1572.4453947574698,5
2945,M,1546.0196108084447,8
2946,M,1536.2162210977842,9
2947,M,1547.3909210541538,4
2949,M,1674.4354503024406,4
2950,M,1690.423271769474,3
2951,M,1596.784784328394,2
2952,M,1620.1238065970265,5
2953,M,1584.929548729494,4
2954,M,1600.819126999303,3
2955,M,1591.120288004804,2
2956,M,1622.3009032517625,2
2959,M,1647.1094585494907,6
2961,M,1672.9669916878358,2
2962,M,1642.4018160417224,4
2963,M,1645.5333793342222,3
2964,M,1684.4376302712253,2
2965,M,1670.4742971710043,6
2966,M,1653.4535606440504,3
2967,M,1694.5327470742036,5
2968,M,1702.2138690151423,4
2969,M,1688.0762745199036,2
2971,M,1740.4905482308998,6
2972,M,1729.601893584845,4
2973,M,1773.3376160854737,4
2975,M,1818.5914044080946,2
2976,M,1773.4926945423965,2
2977,M,1807.0339118289803,3
2979,M,1836.8340783221201,2
2981,M,1852.4726519189674,2
2982,M,1844.3983778607471,4
2986,M,1862.2965712221094,2
2987,M,1947.2525996414379,4
2988,M,1977.9439070549415,2
2989,M,2035.2649022707183,2
2990,M,2151.5583014822323,3
2991,M,2348.603301819619,4
2995,M,1962.2913347602364,4
3012,M,1800.5518673506433,8
3014,M,1924.7865520074354,2
3016,M,2076.991447627096,2
3017,M,1982.3958003097496,2
3021,M,2197.6574630499904,2
3051,M,1739.6066565709152,3
3052,M,1765.6916378091205,4
3053,M,1677.804322987231,3
3054,M,1783.3747145892585,2
3055,M,1833.6130340165132,3
3058,M,1833.0433147324159,2
3064,M,1920.2710860488419,4
3066,M,1928.7592844978285,2
3067,M,1930.1322823208352,3
3073,M,1993.7808264086202,4
3076,M,1976.4922218401487,4
3077,M,2048.37673642351,3
3079,M,2047.5553346210686,5
3082,M,2113.3303275802755,5
3083,M,2181.2125420731245,2
3084,M,2338.242328206894,4
3085,M,2410.7133222336233,2
3089,M,1632.4924317405798,2
3094,M,2227.6042502109867,3
3092,M,1778.3840636457735,8
3134,M,1718.3720863285553,4
3137,M,1736.819682404508,5
3138,M,1819.161942058071,2
3139,M,1779.9079496944848,2
3140,M,1781.7426354687605,3
3141,M,1821.778143162946,4
3142,M,1781.6140313581855,6
3144,M,1884.5003416152613,3
3147,M,1863.0361470217813,2
3151,M,1936.932038143403,5
3153,M,1875.8209627248052,6
3154,M,1941.1672260023959,2
3158,M,2008.656749111296,2
3167,M,2102.0964357905978,2
3204,M,1668.4649580927148,5
3205,M,1694.1796196109199,3
3207,M,1756.3387288059917,4
3210,M,1750.998437026326,2
3212,M,1914.7635978379299,4
3213,M,1793.0225456975527,4
3216,M,1969.1111313357642,5
3218,M,1836.0566595506439,4
3224,M,1976.1567223723926,2
3226,M,1964.102561250696,2
3227,M,2324.019900444744,2
3231,M,2188.4432074098672,5
3264,M,1587.6011121130132,2
3265,M,1603.5131518941375,3
3267,M,1627.9511617200924,2
3268,M,1632.0002007702458,5
3276,M,1655.91742335229,5
3277,M,1691.058716732924,3
3279,M,1748.9541624275175,4
3280,M,1770.4651247499671,3
3285,M,1724.72917694243,3
3292,M,1981.9342683253344,2
3295,M,1900.2187895116422,2
3296,M,1995.567826988985,4
3297,M,1725.9975362604275,3
3298,M,1987.8273962868898,3
3302,M,1921.734332022409,3
3307,M,2210.0329058526295,2
3309,M,2043.8114273144138,2
3311,M,2354.988938322069,2
3334,M,1801.1087451794274,2
3339,M,2008.9855824912563,2
3349,M,2076.2908595917615,4
3352,M,2121.710957684112,2
3353,M,2073.447150671148,3
3388,M,1781.64212840326,4
3390,M,1718.2456464730567,5
3399,M,1799.2769197618627,4
3400,M,1994.5588044634183,4
3402,M,1973.8187605596686,3
3405,M,1942.4591311930556,3
3406,M,1986.235407657999,3
3408,M,2046.8125011013617,3
3409,M,1947.0600122990702,5
3410,M,2032.7752014228454,5
3419,M,2318.8368555740067,2
3434,M,1534.1698258350893,2
3437,M,1679.1475575746,3
3440,M,1576.5606811347075,5
3441,M,1858.7830673060982,3
3442,M,1677.8947657184863,4
3444,M,1688.5928939330324,3
3445,M,1626.8940129941875,3
3447,M,1753.9171333342772,2
3448,M,1797.221860911142,3
3451,M,1826.9172927211719,3
3453,M,1885.7374669590495,2
3456,M,2099.224197879721,2
3457,M,2178.0187314351724,2
3475,M,2374.7252523292514,2
3483,M,1746.92140128627,2
3486,M,2081.829947185265,2
27446,M,1652.3649357063887,4
27445,M,1661.676530561033,4
27460,M,1839.9617180985354,3
27476,M,1840.3726072718578,3
27459,M,1928.1659273031978,3
27468,M,1952.995373061995,3
27467,M,1921.7241150825444,2
27482,M,2457.371911696064,3
18865,M,1632.9165170837964,4
22565,M,1638.8903073824276,6
18869,M,1691.166731996109,9
4482,M,1669.8901322433048,2
5025,M,1741.1340537641581,6
5013,M,1697.9230716058632,7
18555,M,1649.102111821026,4
18867,M,1731.278609596924,4
3543,M,1732.5518468831528,8
22566,M,1706.478877178522,2
23572,M,1725.4736294586414,5
23573,M,1825.5786702589976,2
23574,M,1687.083344375073,2
18870,M,1775.3664489153905,6
18566,M,1730.5524886620303,6
18559,M,1759.6055345393365,8
18561,M,1759.0956008658047,7
18873,M,1894.607988977842,4
19635,M,1881.8305397185627,2
23575,M,1793.4556369211105,2
18568,M,1928.3741463156477,3
18562,M,1792.5234861607087,5
18872,M,1834.5413328867103,4
23576,M,1763.9159774170384,3
18877,M,1801.063176641659,7
19624,M,1834.0022165827204,3
18876,M,1792.195044503357,5
18878,M,1866.1720173030567,8
18882,M,1843.5383938169125,2
18874,M,1860.621907665117,8
18571,M,1892.4428735122501,6
19627,M,1877.5367043006136,4
18889,M,1875.6266645910264,3
19626,M,1842.7092542561631,7
23581,M,1852.3115337825982,2
4997,M,1850.8372930597352,2
18887,M,1894.3476199059942,2
18563,M,1904.2260582310478,7
18581,M,1961.9267136978285,5
18883,M,1868.6817349485602,6
18573,M,1914.4988052960375,2
5735,M,1892.4036741503405,4
23582,M,1889.3769173990636,3
19628,M,1887.3047110124046,2
23583,M,1742.3870136330452,5
18884,M,1837.1822971180345,4
23585,M,1845.564898616633,4
19634,M,1925.9269710407634,2
11399,M,1925.5731876286693,6
18583,M,2044.490719014622,7
19637,M,1948.7831653493195,4
23587,M,1876.6527185650896,3
19638,M,1975.721602699321,2
5732,M,1971.3581487134102,3
19640,M,1990.8652182407811,2
18569,M,1954.4116324517843,6
18899,M,2033.1009769790917,3
23589,M,1954.9073044234897,2
18885,M,1905.931337654544,6
18888,M,1975.1171944193004,3
18115,M,2073.2589905803643,3
19636,M,1994.2876259284394,2
19653,M,2130.6847421774655,2
18577,M,1973.6795232550116,8
18585,M,2143.157307616384,6
19641,M,2019.2820305638315,3
19648,M,2127.9462054552064,2
18894,M,2008.6923987131077,3
18578,M,2061.7713540399222,6
18892,M,1996.0622344786957,6
5733,M,1878.931881013596,4
18895,M,2044.1263840272247,6
19649,M,2081.010733279958,3
19644,M,2088.973704580051,3
18570,M,2085.8924263434,6
23593,M,2057.6213305405577,5
18579,M,2186.459496035979,4
19656,M,2243.321253845801,2
23594,M,2020.7955208609899,3
18910,M,2348.8659721607232,3
5006,M,2154.7133455367357,7
5001,M,2288.4694471942676,2
4999,M,2338.504104684594,5
19657,M,2245.2384762589654,6
18590,M,2409.096005888591,3
3559,M,2467.944167942231,3
23598,M,2296.3638631183258,2
19662,M,2703.6710144622593,2
19666,M,3332.0286612886657,2
4082,M,1799.8676967778015,4
7624,M,2061.4613051642564,2
27989,M,1648.83283285902,4
27212,M,1730.0057693001322,2
27996,M,1817.5036407384164,2
28536,M,1816.3225785924622,2
28411,M,1823.4336189511675,3
26865,M,1847.9380905484963,3
27215,M,1723.3557724058376,4
19375,M,1534.4453376725655,6
19376,M,1674.9387436085526,2
19377,M,1724.6484890670995,2
19380,M,1706.019198323457,2
18970,M,1728.0365972758045,2
18745,M,1723.9102538762322,5
18986,M,1826.050860426972,4
19388,M,1831.4527007449958,2
19394,M,2050.0745323841447,2
19395,M,1906.4923363025919,2
19397,M,2094.639578455705,5
19012,M,2218.4318241371666,3
19018,M,2376.505669573301,2
19403,M,1622.2475263628305,5
19404,M,1648.7447707586548,4
4910,M,1639.2175186144657,6
19405,M,1704.5039906662976,4
11512,M,2046.2740052074455,4
11516,M,2305.9949973939033,3
11524,M,2462.1292099863376,2
11525,M,2441.8483332772553,3
19406,M,1938.8037641085448,2
19407,M,1705.9562925533635,4
18786,M,1740.5669032125347,3
19409,M,1856.283490211084,2
19410,M,1958.6622147747266,2
19411,M,1675.7739591910536,4
18784,M,1781.505705079811,3
19415,M,1790.3162594753996,2
19417,M,1911.6692737633098,7
19418,M,1820.525284013757,2
4841,M,1881.1158505927933,4
5577,M,1907.3272615728883,2
19421,M,1691.8067652537984,4
19422,M,1882.7916581384595,6
19424,M,1758.75577051352,5
19425,M,1988.0840810831842,5
19426,M,1917.4526795594238,3
19428,M,1926.1333195331306,2
19429,M,1907.5934910241847,2
19430,M,2048.793159072212,2
19431,M,2005.9149569130755,3
19432,M,1917.5575349938995,2
18789,M,2042.3499019283383,2
19434,M,2024.778340759079,2
19435,M,2088.7772301968544,2
19436,M,2155.4298767990417,3
19437,M,2104.1052733938363,6
19438,M,2234.8701385884133,2
19439,M,2292.345337281547,2
19440,M,2433.577708156965,4
19442,M,2643.607268018074,6
11384,M,1744.5174901668502,2
11417,M,2183.882811961502,2
19485,M,1572.0197785831042,2
19488,M,1844.0749400369477,5
19489,M,1904.5938937766937,3
26627,M,1590.6961693811622,6
19479,M,1772.6887354708965,4
19482,M,1978.2529152531754,4
19486,M,1728.9741564819756,4
19487,M,1721.6923530600932,2
3789,M,1624.7732789779975,3
3787,M,1692.4360330460513,6
4397,M,1786.7721324001768,4
19496,M,1869.242768259013,5
19497,M,2001.278065782867,2
19498,M,2931.2207000616427,4
19534,M,1734.8957436443338,2
19536,M,1817.377898556519,5
19538,M,1763.2617765394914,2
19539,M,1653.142373880873,4
4138,M,1756.7699832954354,3
19542,M,1769.9976652677894,2
19543,M,1803.6996820339186,4
19363,M,1798.4853801313668,2
25549,M,1710.1316511471246,3
19548,M,1819.9340642924458,2
19551,M,1842.4409049250607,5
3914,M,1809.3893409420407,2
19402,M,1558.9114799765935,2
19528,M,1599.8786569377894,5
19529,M,1618.6144107736573,2
4468,M,1912.1980367755878,2
11354,M,2125.2957496149415,3
19554,M,1880.2495331889895,2
19556,M,1939.195279760921,2
19558,M,1860.399237773536,3
19559,M,2023.918161997151,2
19561,M,1987.1328330519107,3
19564,M,2016.9271493204305,2
19565,M,2149.1198668068864,2
4044,M,2166.260043093428,2
4136,M,2132.1843569295206,2
19569,M,2196.141209243232,4
19574,M,1793.2737987784876,3
21233,M,1791.9033792911227,2
21234,M,1926.7579303592884,3
18769,M,1603.5961603470028,4
19576,M,1716.7853667148165,2
19581,M,1844.4630635614626,4
4878,M,2047.73060298675,2
21237,M,1846.9870924205054,2
21239,M,2036.6135151298565,2
18085,M,2154.148527429742,2
19598,M,1647.3992539415585,2
19599,M,1632.1109132887184,2
19600,M,1798.474300126832,5
4332,M,1942.3665218930773,3
4901,M,1862.0999670349706,3
19365,M,1990.2359793570595,2
5583,M,1873.979929242249,6
18738,M,1808.149069939443,3
18739,M,2281.044427961361,6
20488,M,1591.3055835997952,5
5175,M,1613.5382109063005,3
20489,M,1622.5454407832895,6
18780,M,1619.295175487781,7
18781,M,1677.4289399631898,6
20490,M,1640.7827669325275,3
20491,M,1675.7625073988802,2
20492,M,1656.126557858534,5
20493,M,1775.918989226881,2
20494,M,1837.8613135544424,3
4637,M,1800.2735182847498,3
18746,M,1776.3855399287372,3
18747,M,1788.088806006479,4
6903,M,1576.5027072519315,5
18748,M,1811.994959464524,4
27905,M,1590.4847403793583,3
11484,M,1645.9545758746938,7
27227,M,1591.9981658029037,3
27175,M,1635.0015210814954,4
26109,M,1625.8093261265278,3
27906,M,1676.2133953228126,2
24596,M,1685.122509770605,2
27382,M,1680.043322090437,4
27330,M,1677.4341343097149,3
11485,M,1648.649548573792,9
18974,M,1714.7348724906537,7
27908,M,1738.9816544806877,2
11493,M,1763.2430101392924,5
27021,M,1849.4797312343885,2
27880,M,1734.845423347922,2
27203,M,1767.1893310091614,3
4365,M,1777.1422687747765,3
26995,M,1719.5492513599042,2
27009,M,1789.5071289506527,3
24594,M,1797.194679320071,3
27909,M,1785.3304340632344,2
25480,M,1796.8706404543218,2
27853,M,2278.6727452165437,2
11490,M,1747.4791158720773,7
27391,M,1826.6911396100859,3
27910,M,1803.933509212228,2
27384,M,1709.0005126480146,3
11491,M,1700.527773028322,3
27911,M,1840.6934059493922,2
27020,M,1883.1546244298809,3
27843,M,1880.6244910041332,3
27842,M,1931.8705507235522,3
24908,M,1986.968397779429,4
19000,M,1940.6127058247168,4
27457,M,1817.7265920698865,3
27396,M,1868.8218805753745,3
27846,M,1995.7972802907527,2
5828,M,1908.7643960458836,4
27471,M,2026.9011837944142,3
25471,M,1982.1912012050784,4
27204,M,1965.6911729305123,2
24911,M,2036.4662916057496,2
27917,M,2023.8003163292606,2
27918,M,2047.9949231338205,2
27920,M,2175.512358704692,2
27206,M,2058.7940556012263,3
27030,M,2127.772240127879,3
27209,M,2137.138048802595,3
4589,M,2198.0799462961722,4
27847,M,2171.4015341331965,2
26522,M,2243.9057249467032,3
27208,M,2161.2163852674757,3
27043,M,2408.343268939737,2
27514,M,2473.163564267756,2
27929,M,2390.9237406151383,2
3682,M,2571.5720805419064,3
25491,M,2611.2115863251624,2
8140,M,2235.0431641675295,2
4931,M,2176.273156358118,2
18567,M,1908.76752911837,6
18572,M,1777.096193317548,4
18574,M,1910.7986449975515,2
18575,M,2008.6086976353167,2
18576,M,1998.4051861320925,3
5038,M,2057.3079055798917,6
18586,M,2139.8529570088313,2
18592,M,2452.917151792166,3
7625,M,2323.2490540484705,2
18875,M,1762.07564938634,4
5007,M,1709.7783092143845,2
20497,M,1594.8968364360142,4
20498,M,1703.6966047700218,3
18893,M,2007.1120340297152,2
19639,M,1999.9734707353555,2
18904,M,2093.556766438535,2
11413,M,2073.623365981917,6
18900,M,2071.223050852243,2
19642,M,2109.5822937720277,7
18898,M,2072.831707312787,2
19643,M,2080.277914582901,2
11481,M,1513.0373535993976,3
18871,M,1760.886530017428,3
11488,M,1666.2928504297788,4
18742,M,1549.9689725585438,4
18744,M,1617.016156961714,3
4575,M,1718.10358954114,2
5005,M,1811.3542764562483,2
19631,M,1929.4733928914184,2
11401,M,1849.206189574817,6
19650,M,2231.4459180494177,3
19661,M,2779.613813851474,2
18750,M,1815.9753794197559,2
18751,M,1926.1066117443231,4
18752,M,1854.1835718360994,6
11511,M,1947.368320075675,3
11518,M,2140.86811332053,2
11480,M,1525.401551405293,3
11498,M,1808.3533751223263,2
11500,M,1811.011701118351,2
11501,M,1891.2723996063019,4
11503,M,1883.137356609699,3
11510,M,1831.8107046297146,4
5215,M,2010.572204149224,2
11514,M,1742.1528019332877,3
11521,M,2195.3328630985943,2
11494,M,1764.621642990784,3
11482,M,1613.3018365573357,3
11486,M,1654.1151354978856,2
11497,M,1830.8133915279655,2
11499,M,1832.1925697689028,3
11502,M,1857.4682722852258,4
11506,M,1858.6399650343778,2
11507,M,1847.6384494451868,5
11508,M,2025.8297283485408,3
11528,M,2381.751682679897,4
4316,M,1878.5197893266927,3
11418,M,2308.2155870856254,2
7959,M,1912.7674202336507,2
7961,M,2174.7901771072097,3
4340,M,2231.05644874704,2
7964,M,2729.109047971341,2
7952,M,1862.6951587295066,2
27949,M,1629.327289140123,2
26543,M,1653.6491400861105,4
23458,M,2534.061849201663,3
18131,M,1931.1533125434296,2
4918,M,1866.6309723805293,5
18790,M,2042.598320959702,2
27744,M,1634.856720044283,4
26020,M,1635.5874988684875,5
26931,M,1691.4107264032484,4
26932,M,1728.9079538946812,3
4535,M,1651.1415731097118,2
4144,M,1752.1030463925722,3
18791,M,2055.1616835456516,5
18801,M,1793.6545511409909,2
18803,M,1870.3761296803002,2
18804,M,1953.3592693432918,3
18805,M,2037.432112127256,3
18807,M,2111.564747982644,3
21203,M,1786.6647455583943,2
27952,M,1542.0581379337702,2
20397,M,1581.5790976087947,5
21207,M,2049.5410232397953,2
21210,M,2111.655020413222,3
17703,M,2361.282542519352,2
27183,M,1573.223095105884,3
26506,M,1594.3602966749363,4
27953,M,1621.8969836014537,2
26887,M,1609.074273024201,3
27186,M,1686.1784663877063,2
27185,M,1690.9588490309095,2
26507,M,1733.943048211379,4
20475,M,1835.8584569659579,3
24644,M,1796.8642101223936,2
21205,M,2109.0915480327844,4
27573,M,1922.5136791890345,2
26890,M,1874.0325015872745,4
27763,M,1900.907256201822,3
27091,M,1979.243314932838,5
4865,M,1912.0245530289776,2
27958,M,2021.0345843381813,3
20468,M,1988.0222722737105,4
26888,M,1626.214940035386,4
27584,M,2065.1040908996906,2
5670,M,2313.0682672932912,4
18896,M,2045.957414368063,2
18897,M,2071.4849846509837,4
18915,M,1669.210494876288,5
18901,M,2005.2125348227687,6
18907,M,2297.0119449709227,2
23408,M,1582.4426641709142,2
25996,M,1512.3384886284675,2
23414,M,1647.3486772755073,3
23415,M,1593.4100439316958,2
23416,M,1615.4476346132615,3
23417,M,1750.8347768452966,2
23418,M,1633.1218277679818,2
23419,M,1697.1101236268273,2
22586,M,1674.1798144275213,3
23421,M,1749.452689140969,2
23423,M,1667.0408697063554,4
18965,M,1624.3055690853403,5
18966,M,1785.2883278351428,2
5409,M,1702.547752571219,3
4699,M,1691.993668783686,2
18968,M,1784.1152756414408,6
4368,M,1682.8441113234453,2
18969,M,1696.2865366234773,6
18976,M,1789.7892078927555,2
18980,M,1805.6205557915555,2
18990,M,1725.6239228732945,5
18994,M,1856.9763668191868,5
18997,M,1970.3697740955863,2
5402,M,1970.4761772615484,2
19003,M,2002.9864590332313,2
19005,M,2088.8025078534038,2
19009,M,2074.752923777326,3
19014,M,2204.764216351674,2
23425,M,1735.1433771807358,2
23428,M,1706.8210103353697,2
23429,M,1738.8375732958439,3
23430,M,1709.5198678824067,2
23431,M,1770.307146526289,2
23432,M,1837.502182387076,2
7652,M,1776.0426261365428,2
23436,M,1768.8481526257563,2
5464,M,1896.652717493715,2
4573,M,1810.0290444732414,2
23445,M,1819.247273686823,2
23446,M,1583.022163960959,5
20765,M,1600.6092702713515,3
20766,M,1687.5006756148769,6
5358,M,1934.3860253328066,3
23454,M,2306.980055819939,2
23472,M,1625.3874232728058,3
23475,M,1778.705263555675,2
20482,M,2208.2737131663876,2
23485,M,2344.7181013285813,4
5374,M,1836.6203299631657,4
22569,M,1869.4413315014242,2
22568,M,1777.3880684672972,4
22574,M,2072.047200019065,2
5736,M,2363.0144887386923,2
27986,M,1899.4698854533754,3
27501,M,1922.680163211779,3
27177,M,1712.0720829740662,4
27176,M,1760.2715242718596,4
27988,M,1829.2172787534269,2
27475,M,2054.624857483397,3
28685,M,1695.0075057067104,2
22531,M,1718.4930306606454,4
5137,M,1538.3461429601734,5
28690,M,1541.7155315487908,2
28691,M,1620.3631458166765,2
22524,M,1712.5188423397558,4
22525,M,1824.5585716864448,4
28694,M,2172.5473889379136,2
28695,M,1575.6286544580612,2
28699,M,1861.4444853962575,2
22519,M,1747.495906486297,4
27492,M,1781.421407858979,2
20451,M,1645.1335010183507,4
27977,M,1786.9600672057331,2
27979,M,1802.7728001062858,2
27981,M,1924.0605930012969,2
27982,M,1895.592704549446,2
26490,M,2059.1797615951405,2
27983,M,2117.5049912372015,2
27508,M,2154.3689380528076,3
27485,M,1650.9916448076456,4
27486,M,1667.5572687400763,3
27491,M,1736.6368374114118,2
27495,M,1766.8753430676484,2
27985,M,1796.1729731898831,2
27499,M,1894.9305609410844,3
27987,M,1972.8412890734242,2
27511,M,2162.6946555327722,4
22530,M,1670.4393677681846,2
26005,M,1564.264203188353,3
26006,M,1683.4409378953,2
28696,M,1588.6938390410132,2
28698,M,1652.8774878759489,2
28701,M,2167.935452403085,2
20478,M,2184.360819489131,2
20479,M,2222.7726051073532,2
20467,M,1799.8835368835798,2
6823,M,1814.016583551996,2
20472,M,1815.046930500445,3
20476,M,1999.3322312825567,3
27402,M,2001.0979513929215,2
28328,M,2136.2346906055595,2
28393,M,2098.0724732554527,2
27400,M,2004.0558872854663,3
27412,M,2404.650143770552,2
25677,M,1965.6559142612832,2
20481,M,2166.1637743975,2
20485,M,1931.7807477673914,2
25852,M,1506.4597545096976,2
26919,M,1507.3354893939077,2
28257,M,1555.5837265565115,2
27386,M,1647.2555621879767,2
28310,M,1642.6423273128646,2
27374,M,1594.4251505402785,4
26920,M,1597.594334725574,3
27879,M,1647.5227086712064,2
27375,M,1604.5543264645048,3
27377,M,1612.8615957036413,3
27373,M,1601.5769596426383,2
27749,M,1595.0960997128227,2
26917,M,1664.9222141173336,4
27387,M,1680.4145755872055,3
27385,M,1665.9044084150164,2
27372,M,1602.6322711299456,2
26923,M,1667.9267061548248,3
27376,M,1632.6170443276947,2
27750,M,1618.7034140956034,2
27381,M,1679.715252963791,3
27383,M,1683.4554760501273,4
28081,M,1677.7065097910806,2
26922,M,1690.7922104956774,3
27877,M,1656.0713201684066,2
28318,M,1769.218735586652,2
28315,M,1754.3615957353036,2
27752,M,1799.3590200803856,3
27745,M,1755.433621158112,3
28316,M,1765.6212920888702,2
27751,M,1778.4024140076888,2
26925,M,1819.0864799558403,3
27389,M,1765.6933919419862,2
28082,M,1741.6756307177043,2
26918,M,1766.574915550277,4
27881,M,1767.8556704722382,2
27395,M,1845.0538203537685,3
25853,M,1891.99124931499,2
27394,M,1808.9426144019499,3
25172,M,1853.4836979761346,2
28083,M,1828.9669357584662,2
26088,M,1814.3576838863787,2
28390,M,1805.4511172343623,2
26089,M,1843.900251818212,2
26924,M,1845.8220679977708,4
27399,M,1876.104103865574,3
25118,M,1866.021619678495,2
28542,M,1856.3299426825097,2
28543,M,1886.8934195410552,2
26934,M,1904.1670688223458,3
28259,M,2109.1734807339326,2
27410,M,2163.8981679711087,2
26544,M,2139.9802733543347,3
27887,M,2221.5136902760537,3
25849,M,2428.173998124651,3
27885,M,2179.068159759502,2
27216,M,1692.9622500511514,4
27217,M,1702.1933047391499,3
28071,M,1998.5792548852044,3
25921,M,2027.5850115879005,3
24654,M,2078.163728787993,4
27134,M,2140.9637883424284,3
28075,M,2047.2031835069988,2
26774,M,2229.656181586689,3
27742,M,2324.05012323409,4
27735,M,2123.9775632984033,5
27736,M,2157.8224449875233,4
27213,M,1735.3970339094722,2
27992,M,1750.0562579117984,2
27994,M,1755.5951504018133,2
27995,M,1817.5058918532598,3
27997,M,1817.7997084049443,2
27998,M,1887.3377529635734,2
27999,M,1859.0547223376298,2
28000,M,1871.5207621182922,2
28001,M,1891.025685314366,2
28002,M,1812.0763223450485,3
27220,M,1827.5153347440262,3
28005,M,1905.8030400233683,2
27221,M,1932.534154449973,3
28006,M,1904.4533445052882,3
28007,M,1939.7870501109148,2
28008,M,1981.7895927485806,3
28010,M,2083.400492568606,2
28011,M,2160.1877641160872,2
28013,M,2034.6069568916396,3
28014,M,2238.395187657862,3
28016,M,3807.1792912847322,2
20392,M,1932.8731435944542,2
18201,M,1845.3195609549844,2
27690,M,1624.7770539766962,4
27109,M,1625.1138517192157,3
27694,M,1649.8620466285574,3
27112,M,1673.9425186027036,3
27117,M,1694.3132198571866,5
25000,M,1683.0294409140033,4
28052,M,1714.1121607828693,3
27696,M,1723.0027332886953,3
27698,M,1782.2557529511018,5
27116,M,1768.6400158177519,4
27701,M,1794.5684006398824,3
28056,M,1786.2647177264585,3
28057,M,1750.224753810529,4
28059,M,1790.8547715228992,2
27709,M,1822.271857939646,3
28065,M,1845.1373035734557,2
27718,M,1902.5976755439501,4
28067,M,1912.8787662011312,2
27715,M,1877.6787725391566,3
27720,M,1935.1321267465178,2
28068,M,1883.4404039953158,2
3855,M,1933.83176177623,3
27706,M,1766.3514696423108,4
27713,M,1857.7934249615282,3
24451,M,1894.9771514923127,2
28070,M,1931.8211533400972,2
5002,M,1959.88325632054,4
28072,M,2006.3435075330535,2
27734,M,2081.060417052057,2
27733,M,2094.063796340238,2
27724,M,2053.2120688900013,3
27738,M,2161.9928775187327,4
27729,M,2134.023355404165,5
27137,M,2247.4651984669754,3
28077,M,2425.1901873891957,2
27138,M,2288.2993599795927,3
7780,M,2343.5915828495436,4
25780,M,1956.9649956592066,4
25778,M,2063.1127814221027,4
25804,M,2476.729568269026,2
22515,M,1585.8045883835239,2
22516,M,1645.3606995812613,2
22517,M,1617.9616137920755,2
22518,M,1663.0663388872686,2
4057,M,1832.3327206379277,2
6344,M,1594.9006007958665,2
5138,M,1618.0055442334003,2
22523,M,1719.2227070659542,2
4065,M,1874.0228239781575,2
22527,M,1578.8955277964108,2
22528,M,1620.0361899414224,2
4638,M,1894.709001365702,2
26863,M,1598.9014454244798,2
23719,M,1581.4620667893269,2
23721,M,1790.701677778593,2
23725,M,1952.0602420235973,3
23726,M,2032.172304343435,2
26864,M,2026.5221303874857,2
28362,M,1603.8491250161742,2
28784,M,1567.6428350614146,2
28349,M,1598.3620313869376,2
28786,M,1587.1532683193511,2
28787,M,1754.5746302365117,2
27518,M,2332.4003490125583,2
28364,M,1670.7115835284133,3
25504,M,1608.2123649524542,2
27509,M,1907.6864676814866,2
27512,M,2247.1467975439446,2
22404,M,2179.4575255445534,3
22379,M,1581.3714487418993,3
22382,M,1743.558628582445,2
22384,M,1684.2615358740936,3
22385,M,1677.7028052202459,3
22386,M,1755.8222159354823,2
22389,M,1789.218501156072,4
22392,M,1905.7540338506374,2
3790,M,1877.959851029868,2
23486,M,1497.0660228209783,2
4191,M,1622.0405573483906,2
4185,M,1772.0641006478081,2
23724,M,1887.4982980359584,2
23490,M,1637.9960561459593,2
4205,M,1671.0102566025143,3
4640,M,1789.8515726519206,2
18288,M,1770.130762947208,2
23500,M,1917.1098119160795,2
23506,M,1987.169284139594,2
23508,M,1968.6442865991057,2
23509,M,2096.697063476825,2
4194,M,1884.9897593504515,3
23516,M,2106.9335958636516,2
23521,M,2267.2114737726333,2
5726,M,1984.298753433524,2
28379,M,2029.6318445373468,2
5559,M,2287.089718252527,2
28381,M,2279.5250864029836,2
26906,M,1844.7226533598187,2
28374,M,1938.27391872919,2
27757,M,2036.3099989638895,2
25546,M,2081.8629656115463,2
26911,M,2091.4340000984544,3
27758,M,2175.8504261519283,2
28369,M,2784.3131391622956,2
24987,M,1935.203212041282,4
26902,M,1624.8080080853629,4
27325,M,1687.561695983417,3
26903,M,1687.0101966917946,3
28372,M,1686.8204745845112,2
28243,M,1661.1859476281434,2
26904,M,1716.551853815988,3
28400,M,1737.230358553802,2
24998,M,1782.1604175794068,2
27565,M,1873.2436604487327,3
28367,M,1801.7813145796972,2
27755,M,1797.7329819448432,2
27560,M,1812.4060742047081,3
28373,M,1855.139655324871,2
28375,M,1995.946483094456,2
27588,M,2121.652214295232,3
27759,M,2407.627211936105,2
27450,M,1734.271857109657,3
27497,M,1835.2853795057547,2
27503,M,1917.4541438277229,2
27473,M,2019.2178215338731,3
24642,M,1696.9534291444543,3
27762,M,1750.7328523171448,2
26891,M,1899.256908524867,3
24997,M,1767.4040955923804,4
27692,M,1654.8468851492082,2
28846,M,1749.2983297561098,2
28847,M,1786.6545605363247,2
27123,M,1912.3032882299176,2
25776,M,1814.313277411546,3
28299,M,2123.191033252407,2
26846,M,1839.5165685611419,4
28301,M,2199.6658465781447,2
26988,M,2406.892746094123,2
27739,M,2242.9803293892896,2
26989,M,2416.9415507839685,2
27294,M,1566.1664492638258,3
27295,M,1620.470661301591,3
27548,M,1649.2572259882359,3
26970,M,1664.605099332238,4
26979,M,1701.6004646730446,4
26966,M,1604.5533241060634,4
26978,M,1678.1099136752239,3
27296,M,1686.6175725663077,3
28291,M,1683.3489205716817,2
26969,M,1699.1076646263828,4
27298,M,1743.8652956373396,2
26981,M,1800.0596882243478,3
26980,M,1769.5388679274524,2
26982,M,1809.0647412880285,4
26977,M,1709.2765735179005,2
27302,M,1805.0982859816531,2
26845,M,1852.0530184890779,4
26847,M,1873.9073767740988,4
24735,M,1837.5897201973032,3
26983,M,1948.6019002507524,3
26987,M,2002.6035263147853,3
27305,M,1887.021973546402,2
27569,M,1888.6624178231716,3
27301,M,1858.3155465052287,2
28295,M,1983.3730966221628,2
27572,M,1942.6764166556586,3
26975,M,1993.074334728572,2
28297,M,1925.5306595708487,2
26848,M,1920.4990959538604,3
4848,M,1950.08568879473,2
27308,M,1953.729218022851,2
27585,M,1982.780795488051,3
26849,M,1963.2650113416348,4
27311,M,1983.9253038077982,2
27313,M,2057.012088869451,2
26985,M,2054.4986592146206,2
26986,M,2054.1200316392683,3
27317,M,2132.7609973429553,2
986,M,1760.9375859974784,3
28860,M,1516.6753558709318,2
28360,M,1555.0859575054028,3
28365,M,1881.3056186966508,3
28861,M,2139.1460557793234,2
28342,M,1540.3208830712351,2
27079,M,1619.7024437591913,2
27078,M,1625.93199571906,3
28343,M,1670.6259951738875,2
27081,M,1713.7664347723664,3
27083,M,1721.3507819562233,3
28344,M,1724.7530118893517,2
27084,M,1808.7686730477424,2
24711,M,1869.6208901714765,2
27094,M,2050.115950172376,3
26905,M,1772.1805293324473,3
24986,M,1902.4719903041444,3
26907,M,1808.5604973350776,3
28350,M,1644.3384710344571,2
28351,M,1757.32816575546,2
28352,M,1787.6063993517173,2
25503,M,1799.006970231761,2
28361,M,1575.6062462535442,2
27568,M,1894.7972912129276,2
26869,M,2236.6077779213215,2
26996,M,1653.619966100662,3
27005,M,1701.002268205341,3
26994,M,1665.987112682495,4
27002,M,1713.0350110799134,4
26921,M,1680.7133746847726,2
28312,M,1707.6789869652148,2
28314,M,1764.6048974708106,2
27236,M,1758.4297162937023,2
24595,M,1750.6901505823773,2
26182,M,1786.4012440608458,2
27022,M,1809.887501999913,4
27004,M,1759.6149425842427,4
28387,M,1795.9925436668655,2
25030,M,1807.6744055291424,3
27018,M,1838.670123596596,4
28319,M,1808.161301932725,2
27017,M,1883.856469342944,4
27013,M,1864.4207221155573,2
27405,M,1963.6336383775406,2
27024,M,1941.1409742536168,4
24464,M,1912.6389801923879,2
27023,M,1969.946087479885,3
27029,M,2011.1732669016765,3
27237,M,1765.4258277154227,3
26836,M,1858.7263447174241,4
28321,M,1984.6743421423812,2
28322,M,2039.986928654247,2
28388,M,2065.603883833011,2
27027,M,2041.8595455014429,4
27038,M,2115.4422185571184,4
27015,M,1961.7763490630778,2
27031,M,2061.7216808632825,2
28327,M,2191.3197872121627,2
27044,M,2373.019164164599,2
27042,M,2404.7431497032535,4
27039,M,2290.904965695552,3
4304,M,2360.390324891519,2
26843,M,2438.550940762987,3
27393,M,1785.2507780036892,3
4182,M,1791.924645176758,2
26817,M,1705.9029758276408,4
26818,M,1758.9084644102168,4
26821,M,1941.1552851288457,4
27092,M,1978.5531629105194,2
26820,M,1943.2352228083419,4
27110,M,1627.2048396678633,3
27516,M,2780.380808556874,2
27235,M,1586.982815394233,2
26993,M,1608.6311730219406,3
26992,M,1624.835792963292,2
4303,M,1622.2531315340716,3
27012,M,1774.6561904246655,2
27487,M,1699.3573295701733,2
27202,M,1719.0216791772932,2
27453,M,1764.4203816140657,2
24859,M,1801.6115051177921,2
27500,M,1838.5951019195759,2
27496,M,1823.9239418683717,2
27010,M,1841.1664720164104,2
27494,M,1758.3216647572344,2
27466,M,1941.8199067559276,2
27502,M,1943.9710581595493,2
27506,M,2036.5267004406169,2
27205,M,2047.349258354718,2
27507,M,2062.4498490184947,2
27028,M,2096.9777042215546,2
27040,M,2281.286708990315,2
26822,M,2338.498932247146,3
27211,M,2330.1523366141964,2
27483,M,2449.567335960458,2
26819,M,1778.929070778648,2
26838,M,2060.9417087523034,2
26839,M,2212.752465737659,2
26840,M,2254.4915097838993,2
26844,M,1709.8379271096458,2
25014,M,1981.1803992713642,4
26851,M,2268.398853155012,3
26889,M,1799.9739798343278,2
24835,M,1879.999900863524,2
26894,M,1937.2038016233003,4
26895,M,2109.3853356435525,2
26910,M,2093.9465279982446,2
27447,M,1672.6903729453193,2
26021,M,1681.2423627535347,2
26933,M,1864.8058199695886,3
26967,M,1667.6648341921,3
24421,M,1691.055832546128,3
26971,M,1777.3036987237597,3
26984,M,1937.7182539049843,2
27122,M,1918.12964160533,3
27691,M,1610.7647645231198,3
27689,M,1616.0350091525554,3
27444,M,1614.8536306596234,2
27699,M,1719.4909146360233,3
28487,M,1724.1722817000718,2
27448,M,1704.6020134111,2
27119,M,1811.7077645059207,3
28486,M,1722.4131724475126,2
28489,M,1793.1978414045066,2
27115,M,1735.0938718814227,3
28488,M,1778.7262569072075,2
27712,M,1803.8258329920645,3
27708,M,1814.0648523849904,2
27461,M,1845.4217185927498,2
27449,M,1764.9552990937948,2
27498,M,1853.0283874541494,3
27455,M,1818.9040937994364,2
27454,M,1818.1796731727052,2
27717,M,1902.304067916718,3
27469,M,1930.6757729475557,2
28494,M,1935.7016049044894,2
28493,M,1937.8057120562287,2
27711,M,1883.7319557929854,2
27126,M,1954.9351205524338,4
27719,M,1939.5786006184048,2
28491,M,1930.2207259001877,2
27113,M,1848.6573684352697,2
27722,M,1995.066774817426,2
27129,M,2006.7240917772947,3
25915,M,2058.5041367270105,2
5134,M,2128.898176552725,2
27143,M,2740.5617783219586,3
27576,M,1952.7031932443876,2
27587,M,2035.710674526475,2
27577,M,1970.827949481682,2
27086,M,1867.1447981561691,3
27314,M,2067.4791755643982,2
27581,M,2057.7770549789852,2
27574,M,2011.5588124828162,2
27582,M,2078.495499934481,2
27096,M,2200.9823770767052,2
27097,M,2201.5867535521647,2
27575,M,1963.8082727765072,2
27076,M,1552.9423036840485,2
27547,M,1630.7198635214395,2
27082,M,1672.7139924271105,3
27546,M,1642.9895538604992,2
27557,M,1734.8959492369659,2
27553,M,1723.5629652858893,2
27558,M,1752.724520143849,2
27554,M,1742.4811843512352,2
27304,M,1834.5914269093885,2
24720,M,1786.8208398159263,2
27088,M,1817.181744375786,3
27566,M,1867.12750483533,2
24808,M,1900.6508178262802,2
27089,M,1897.0408797254454,3
27570,M,1914.1650138227703,2
27318,M,2209.564531662566,2
27321,M,2362.787270138251,2
27098,M,2364.6121945684263,2
27322,M,2637.8014195346013,2
27326,M,2281.341953373471,2
27327,M,2431.056552254322,2
27139,M,2198.0310918291893,3
27743,M,2201.5149675510947,2
27114,M,1718.7524542163064,3
27504,M,1904.383460716023,2
26991,M,1571.3989977965714,2
26998,M,1695.345678762243,2
27006,M,1733.2193484031059,2
27085,M,1846.0455433377447,2
27095,M,2055.469973062284,2
25076,M,2141.458459432033,2
27099,M,2374.858005197987,2
27120,M,1913.1850732605103,2
25092,M,1959.5940307500584,2
27142,M,2592.1707378886604,2
25800,M,2019.4131452559143,2
27378,M,1644.9649387886293,2
27406,M,2031.2969173865126,2
5368,F,1516.6739662573582,9
4960,F,1427.592473035053,5
11461,F,1582.0132243446105,3
3179,F,1398.4999629011322,5
1724,F,1396.3015780459464,7
1727,F,1408.4664149734592,6
18595,F,1433.980397560311,7
1726,F,1371.73429460045,11
18264,F,1477.4675518629188,3
1732,F,1472.496438204848,8
1740,F,1460.0023321072474,11
23542,F,1471.879603940481,3
1767,F,1452.7840017871322,10
4971,F,1465.0352447310781,4
18816,F,1474.8692410493363,4
19602,F,1485.1780931967692,3
1743,F,1528.3712153190004,6
18822,F,1438.8800234132423,7
4959,F,1476.8244388272328,4
23462,F,1336.1618084970908,6
19506,F,1433.768059733286,8
2509,F,1575.2291022750633,6
6285,F,1491.2281847942647,4
2252,F,1661.3905749144906,3
230,F,1435.5774882154847,7
8113,F,1576.5947730706764,4
81,F,1662.6728711104279,8
2238,F,1311.24196825244,12
2241,F,1445.3409791811737,6
2774,F,1627.8198606489923,2
2240,F,1466.8789112562413,7
2229,F,1433.7859041021168,4
231,F,1399.6494738265,7
972,F,1419.5250254294524,4
63,F,1394.8370692190379,8
234,F,1474.983577947498,7
233,F,1429.812285760453,7
244,F,1535.158104646393,2
4092,F,1559.1362093532996,4
8112,F,1523.0979461740844,2
237,F,1520.9986762652277,8
240,F,1512.015981653133,7
236,F,1525.1883432372533,4
238,F,1516.2704967488007,4
2230,F,1567.0762476570922,3
8115,F,1575.3955281924023,2
1956,F,1613.940160002678,3
78,F,1612.4602007997617,4
8117,F,1654.499995912656,5
8118,F,1620.6999959961427,3
8119,F,1685.7469403316895,5
8120,F,1601.1671524150502,4
8121,F,1676.1387889698447,2
4793,F,1667.646343501936,2
254,F,1677.108284368984,4
82,F,1676.3580636368447,6
8122,F,1655.7935245549372,2
3368,F,1680.0927165150974,9
8123,F,1669.7356882892773,5
253,F,1633.7632190250847,9
264,F,1740.9029181492351,7
8124,F,1693.8286128413984,4
8125,F,1717.3381068280432,6
1984,F,1901.872985242627,2
8128,F,1742.4358581557979,3
257,F,1754.9472127518675,2
4778,F,1842.8132680002682,2
8133,F,1877.8322486592906,2
8134,F,1899.760830055558,3
8135,F,1850.4439103407,8
272,F,1934.4911174461022,2
280,F,2040.250774306467,2
271,F,1968.0998023511077,6
3322,F,2012.5903892523334,2
3324,F,2209.9681526797035,2
2663,F,1477.2606779691466,3
1488,F,1501.1463297145447,7
1468,F,1563.8757446036966,2
1480,F,1637.3294334541552,2
1486,F,1612.5795048073333,5
1466,F,1378.9943195323665,6
1472,F,1580.4743980284898,2
1464,F,1789.2184950857472,2
362,F,1831.5376475859805,4
1458,F,1516.7036699227428,8
1498,F,1761.0934925282343,3
1462,F,1482.670252957676,2
1484,F,1607.9456555083295,9
7704,F,1494.9313214664694,8
7705,F,1466.0454355650554,11
7706,F,1598.2495285226082,5
2703,F,1676.7249984982975,5
2702,F,1613.299442403752,2
7711,F,1886.2115512503367,6
7712,F,1879.3669208788556,7
1483,F,1601.921848749579,4
7713,F,1921.3631988495579,4
5298,F,1659.808663803159,5
7707,F,1734.4778880231793,2
1497,F,1550.3940667779402,12
7745,F,1288.9178718217277,2
1494,F,1585.1854325689305,7
7747,F,1575.273158436905,2
7748,F,1584.0395775622437,4
7753,F,1672.859243563747,6
7754,F,1687.16478799078,2
7755,F,1718.5487295553557,5
7756,F,1748.5593978848945,2
1492,F,1772.3914848137383,4
7757,F,2509.7167093610233,2
2516,F,1472.440876759283,6
7751,F,1594.8141241931357,6
4555,F,1735.4611522281823,5
492,F,1610.3307068639315,2
474,F,1326.554380393283,6
3461,F,1703.5615279085514,3
19505,F,1402.6695294305464,4
2239,F,1428.105850654561,6
7115,F,1475.4613861207904,4
11376,F,1506.2315316531856,4
21466,F,1507.3500165160872,2
2245,F,1497.4517200913665,7
19512,F,1548.401736162733,4
19520,F,1619.377737646102,2
2242,F,1561.2183873950426,2
4791,F,1608.0844663599228,3
20763,F,1608.2646875985918,5
19513,F,1583.7064588173193,2
2249,F,1659.1981321822173,3
8183,F,1715.1012839098476,3
2256,F,1792.5173998661612,2
11377,F,1813.4562473224364,6
2775,F,1810.7320937895615,4
19526,F,1805.0237326829442,3
2064,F,1858.414456783562,11
19524,F,1603.130047033362,5
1671,F,1666.1019653483534,12
7289,F,1418.6486357736408,3
2380,F,1395.7203149176926,5
567,F,1389.094114899935,8
64,F,1425.4524931812884,7
65,F,1456.9408235007231,3
66,F,1477.2572852020958,7
67,F,1488.0254573077082,3
68,F,1524.652433271548,7
69,F,1502.9907746598958,4
70,F,1497.5088154275072,4
71,F,1563.36562203823,6
72,F,1561.7457989235977,5
73,F,1650.359141787931,2
74,F,1596.7057526879944,4
75,F,1614.516604391001,2
76,F,1603.3855485996191,2
79,F,1690.754094550916,3
85,F,1721.7657556748552,3
86,F,1716.6174942459966,4
87,F,1880.578429266719,2
232,F,1409.3797109724485,3
235,F,1492.0086905090507,4
241,F,1517.5406567107218,5
242,F,1535.4829484837692,2
245,F,1562.2766381185793,8
246,F,1536.3700556193999,6
247,F,1614.5521179532893,3
250,F,1643.3306880473,2
255,F,1706.7963924036058,2
256,F,1653.0465142146109,10
258,F,1749.5997180874854,3
262,F,1838.2715563498377,3
263,F,1816.2459523313298,4
265,F,1960.5565854853546,2
267,F,1805.1493024326255,4
268,F,1802.4770480447496,8
273,F,1948.895325526592,2
274,F,1881.7476155767442,5
275,F,2060.2855475881906,11
276,F,2089.5180610699927,2
278,F,1967.9167499905,2
282,F,1394.2364979901959,11
283,F,1504.5210259706953,4
284,F,1459.1780813871687,6
285,F,1445.966466273889,6
286,F,1496.2311268382014,6
287,F,1500.3473685588242,5
288,F,1536.7837399696505,4
289,F,1530.7969402796368,7
290,F,1537.2747634266693,2
291,F,1499.9889626871725,7
293,F,1590.6977630145773,5
294,F,1556.5653986326524,11
295,F,1573.8919550642465,2
297,F,1569.064913358103,6
298,F,1682.5616132839205,3
299,F,1679.1014065768095,2
300,F,1704.4004635778376,2
301,F,1735.0314863115068,2
302,F,1595.2999960589464,7
303,F,1721.6700717720692,3
304,F,1743.0989658420663,5
305,F,1935.8657916174757,4
306,F,1792.9212352447935,2
307,F,1912.6783043336886,6
309,F,1868.9010327947549,6
355,F,1365.2590372050167,4
356,F,1446.9249195407824,4
357,F,1442.5819375852336,12
358,F,1499.8969223808017,12
359,F,1567.7487081802524,3
360,F,1594.2806525519663,11
361,F,1719.15803513405,3
384,F,1421.8645433965014,6
385,F,1569.6116077208621,4
386,F,1542.9799269275964,3
387,F,1661.8499553652764,2
388,F,1754.3806765835402,2
391,F,2033.6962074477435,4
404,F,1375.2393058328544,11
406,F,1510.6168552178674,5
407,F,1620.9371352031162,3
408,F,1556.0590317406095,12
409,F,1566.6494439788503,11
411,F,1755.2199931069877,2
412,F,1784.2438223145668,3
413,F,1851.6259032155633,2
442,F,1467.767681599196,2
443,F,1469.5495677930803,4
445,F,1521.8003441053606,7
446,F,1506.9147135722405,6
448,F,1577.7403559794466,10
449,F,1696.729088115676,2
476,F,1383.4481493685446,6
477,F,1395.4988315828316,2
479,F,1356.993712799185,3
480,F,1463.8164152489412,5
482,F,1475.4437174274924,2
483,F,1479.627935265231,4
485,F,1555.9432293794434,2
486,F,1620.5019671775426,2
489,F,1600.1452215069367,4
490,F,1627.6954283116363,7
493,F,1652.3350780468372,2
495,F,1689.2377646060975,3
497,F,1691.4831994270703,6
498,F,1787.2177162917446,3
500,F,1851.680053959287,3
503,F,2233.8652446156593,2
481,F,1482.1410188339837,8
487,F,1533.4105024481387,2
575,F,1428.8632646652522,8
568,F,1430.4218577974298,7
569,F,1471.2142402675333,3
570,F,1428.4689169762983,8
571,F,1438.887659191962,2
572,F,1429.9215650418623,3
573,F,1452.88685463342,7
574,F,1458.007166144238,6
576,F,1477.6471267739728,6
577,F,1472.4881797616563,8
578,F,1526.0123744235593,6
579,F,1517.4689170700963,2
580,F,1511.8166487192111,8
581,F,1452.0166971099607,4
582,F,1503.5249173533748,3
583,F,1493.1953259987927,9
584,F,1513.0581111506926,2
586,F,1513.8986505506234,4
587,F,1563.7528507510278,4
588,F,1585.5590838774194,5
589,F,1582.963726859222,5
590,F,1547.0196581201465,4
591,F,1552.0231828032217,6
592,F,1602.191051547706,5
594,F,1545.5281959902486,5
595,F,1585.2825808054854,2
598,F,1559.3781290685529,4
599,F,1586.5485015327151,2
600,F,1553.4084125911677,2
601,F,1605.549270711037,2
602,F,1627.289956207492,2
603,F,1620.6060711929508,2
604,F,1585.7252535446207,6
606,F,1541.4224638986657,5
607,F,1462.596900590539,3
612,F,1720.2138143659806,7
613,F,1621.996066621661,3
614,F,1623.4751809889526,2
615,F,1669.9894853891096,3
616,F,1648.4880690470159,4
617,F,1570.7671559557605,7
618,F,1646.3077526203078,3
619,F,1644.3141731474338,2
620,F,1516.8334598850793,7
621,F,1622.5721103707774,8
622,F,1664.1298870268693,3
623,F,1622.958934500552,5
624,F,1622.2869248095863,3
625,F,1670.8216555925246,2
626,F,1660.0229351162513,6
627,F,1646.999860208974,4
628,F,1745.238346630355,2
630,F,1694.8151617456986,2
631,F,1796.100275007776,3
632,F,1880.3615939535966,8
633,F,1765.6383973052862,2
634,F,1738.4001297006084,2
635,F,1750.7626152387281,5
636,F,1763.7378326512694,2
638,F,1800.443805428069,7
639,F,1807.420491315437,2
642,F,1796.6371904318407,3
643,F,1827.578873697195,9
644,F,1791.802167781318,2
645,F,1845.2841559252915,2
646,F,1768.3422953930803,7
647,F,1812.7851416125006,8
648,F,1821.0565872288803,9
649,F,1861.1624923767133,2
650,F,1836.1286326054028,4
652,F,2076.1161995577822,9
655,F,1720.2084340446686,11
658,F,1968.8502855807014,3
660,F,2011.2201607208613,4
661,F,2054.1201222776917,3
662,F,1968.6574276437789,3
663,F,1954.9692485771047,5
665,F,2912.9750941855596,2
809,F,1375.5552203844036,4
810,F,1440.8949320632123,4
831,F,1696.6079066697657,13
825,F,1504.8880400422745,7
833,F,1601.0148484434226,5
819,F,1489.8537660187512,9
817,F,1475.3290013018122,4
829,F,1559.9716656437856,9
821,F,1506.8962064014945,4
807,F,1356.5987514967183,4
813,F,1484.9933116498855,4
823,F,1533.1782382879248,11
811,F,1431.5783651857687,4
815,F,1469.5227022311308,2
843,F,1579.7573425091573,5
835,F,1652.533057288973,6
841,F,1622.3910050795384,12
847,F,1745.0458704509883,3
849,F,1652.1793205302665,3
839,F,1586.5458300330067,11
861,F,1970.087135800712,6
859,F,2022.3394524933913,5
853,F,1701.691836748274,3
845,F,1689.0752964830936,11
855,F,1714.2783443194753,8
851,F,1763.8725540393575,10
970,F,1698.87198489001,2
992,F,1493.5077336755649,4
990,F,1388.580925995157,4
994,F,1437.451543580435,5
996,F,1467.411031780734,6
976,F,1568.6049531412566,2
978,F,1784.7937532469705,3
1034,F,1573.7851362517886,4
1072,F,1653.308718195123,4
1010,F,1502.2899175811638,4
1066,F,1660.4908108594,5
1044,F,1550.986856223576,8
1026,F,1568.5828058430088,2
1029,F,1594.6294410530843,6
1049,F,1468.0668828919422,8
1078,F,1733.8367596052544,5
1058,F,1672.0190954804025,2
1014,F,1625.4241679621805,3
1100,F,1744.2457422080324,6
1084,F,1732.244420032693,2
1098,F,1662.0087594699376,3
1022,F,1579.3735103912222,5
1038,F,1861.895825830455,2
1062,F,1670.9979895392107,5
1024,F,1588.4828694559446,4
1050,F,1618.668791791165,9
1032,F,1518.6735743823479,10
1094,F,1747.6258981011583,3
1020,F,1481.4975627846156,8
1074,F,1647.8182274377443,11
1082,F,1720.3597014713587,2
1016,F,1554.2737089573466,10
1104,F,1758.3240219082122,2
998,F,1458.3982666549296,2
1060,F,1588.6624335115714,12
1102,F,1897.925888830404,4
1042,F,1614.0661991006014,11
1090,F,1758.2930956199318,5
1080,F,1701.3646325417867,7
1054,F,1663.007562810968,5
1046,F,1552.3813439948012,8
1036,F,1610.0709857365,5
1070,F,1620.9878015215068,9
1096,F,1732.9906936223015,12
1012,F,1567.5725717666473,2
1086,F,1794.034586834308,2
1056,F,1700.0269758077834,7
1004,F,1557.272375870772,10
1018,F,1524.4968314365512,3
1076,F,1770.047759916858,2
1000,F,1449.263647831053,3
1092,F,1738.6848142504875,2
1148,F,2061.3837605297817,3
1158,F,2102.3183847220253,2
1153,F,2041.258170162227,8
1122,F,1749.9728139773533,6
1110,F,1758.4335337626405,4
1156,F,2136.0448523222585,2
1142,F,1851.9813359673562,3
1116,F,1804.8793636251553,7
1161,F,2038.359015225632,2
1130,F,1906.3949524525874,5
1124,F,1877.8837063752403,3
1136,F,1973.1748010060137,3
1144,F,2086.500179406682,5
1128,F,1899.8239302415616,7
1154,F,2160.114767928195,9
1134,F,2081.3563388110097,5
1138,F,1947.8441031102154,4
1112,F,1758.4143346728388,5
1163,F,2152.5184802534345,2
27050,F,1470.6851432907197,5
3586,F,1481.7225760160907,4
6458,F,1565.8943335755507,2
1490,F,1692.182201316179,5
1506,F,1829.8263200143958,2
1450,F,1470.98334962459,4
1514,F,2430.7661424650123,5
1454,F,1437.897275761351,2
1452,F,1411.451887747853,4
1510,F,1911.1673804579764,2
1448,F,1380.887047088906,3
1456,F,1541.7788319528645,3
1617,F,1362.2778119111113,5
1618,F,1595.2139628483787,2
1619,F,1629.1831319994515,2
1620,F,1724.7348641638928,2
1621,F,2011.6575475867044,8
1667,F,1442.1933778561186,4
1673,F,1814.450210685734,4
1674,F,1900.4331314500118,8
1675,F,1399.7509670950744,3
1676,F,1455.6223853479853,8
1677,F,1563.3372761166706,2
1678,F,1671.6398994480392,3
1679,F,1644.0770723150858,3
1680,F,1603.2423357587638,3
1681,F,1747.9135501490787,2
1682,F,1723.004717283312,2
1683,F,1718.5068402621534,2
1684,F,1823.355241559551,4
1685,F,1951.6987543728037,3
1686,F,1421.7792891229647,4
1687,F,1554.2274578427364,8
1053,F,1628.581468273152,10
1690,F,1838.1311399973301,2
1008,F,1469.8442341623634,10
1706,F,1473.5388637918024,2
1707,F,1550.4641523629043,2
1725,F,1391.4437284971973,5
1728,F,1430.5913195581775,3
1729,F,1438.6126114911676,3
1730,F,1478.6492510537696,2
1731,F,1474.8031966867177,2
1733,F,1455.5838652469865,3
1734,F,1460.657357078731,3
1735,F,1457.3193172299557,8
1736,F,1471.948755866824,5
1737,F,1476.3195820592616,2
1738,F,1585.4841414515397,4
1739,F,1483.228056676914,3
1741,F,1595.7006454046464,9
1742,F,1504.628329126657,9
1744,F,1503.139480883215,9
1745,F,1517.822309496772,2
1746,F,1571.5482374308824,7
1747,F,1544.1765457391934,2
1749,F,1560.5170547516977,2
1750,F,1557.0981574640496,7
1751,F,1594.8760278358225,8
1752,F,1544.622875433677,11
1754,F,1557.1515914465513,6
1755,F,1553.0806375848258,4
1756,F,1584.5744751431691,10
1757,F,1563.470478001248,3
1759,F,1539.713010063505,6
1760,F,1688.7123127385642,6
1761,F,1561.503141082169,4
1762,F,1589.2900244498435,6
1763,F,1561.9094324185635,5
1764,F,1551.694867669445,6
1765,F,1633.491798760454,8
1766,F,1592.3610634038146,3
1768,F,1571.2193179678857,8
1769,F,1673.1350209215589,12
1771,F,1632.9498350609715,6
1772,F,1653.7269827387133,2
1773,F,1673.7015015140892,5
1775,F,1605.4766918934065,4
1776,F,1665.2327805134942,7
1777,F,1682.410279759026,4
1778,F,1685.7962911069021,2
1779,F,1674.0014142911964,5
1780,F,1688.5932654140097,2
827,F,1596.2364223403367,2
1781,F,1744.7405451531558,7
1782,F,1651.4183905556933,3
1783,F,1754.8822321285202,7
1784,F,1695.8685178265773,2
1785,F,1701.0031725625968,2
1786,F,1651.9835544297807,2
1788,F,1720.9381052097167,2
1789,F,1749.6901264401813,2
1791,F,1692.814319115688,7
1792,F,1656.4898017881123,4
1793,F,1739.6367877795585,2
1795,F,1801.0691405980342,5
1796,F,1763.9211849088097,13
1797,F,1796.300780143287,5
1798,F,1761.4508100219844,3
1799,F,1813.9143336098307,4
1800,F,1751.3494562394383,6
1804,F,1796.327742441546,8
26830,F,1642.4507007395432,5
1926,F,1396.4901322354947,3
1928,F,1491.586941613472,5
1929,F,1469.2365974641027,8
1930,F,1461.4470338994108,10
1931,F,1469.7673683393707,3
1932,F,1496.2615945897094,2
1933,F,1502.8831770587267,4
1934,F,1505.802721812424,3
1935,F,1530.1392139723557,5
1936,F,1521.414255084983,4
1937,F,1556.9882848471138,6
1939,F,1660.1499830798577,3
1941,F,1574.2921839147007,3
1942,F,1579.8093286907422,3
1943,F,1601.2195069729507,4
1945,F,1756.455806442833,3
1946,F,1520.2145979243517,10
1947,F,1638.3883968943633,8
1948,F,1576.938713872462,6
1949,F,1618.5296538462821,3
1951,F,1616.6106168696726,2
1952,F,1634.7801530048332,5
1953,F,1541.3997510318948,10
1954,F,1588.4783113941357,10
1955,F,1634.1512248284214,4
1957,F,1645.794704475576,5
1960,F,1714.227037779944,3
1961,F,1849.2960193666718,8
1962,F,1709.3375915379602,5
1963,F,1742.1136968298033,3
1965,F,1758.8657546043235,3
1966,F,1758.9660663275276,3
1967,F,1578.5285089581416,3
1968,F,1787.5670211328684,3
1971,F,1804.252808752928,7
1972,F,1874.9756552059735,2
1973,F,1855.0134507786368,2
1975,F,1831.3463644397307,3
1976,F,1876.7772961884166,2
1979,F,1921.7810276734183,2
1981,F,1912.2271104326378,2
1983,F,1904.8585650159107,8
1985,F,2047.3367864769784,3
1986,F,2053.3779142439207,2
1987,F,2161.5572148209626,6
2061,F,1617.7769263830903,12
2062,F,1772.583754951146,8
2073,F,1425.5894646052602,2
2074,F,1524.0614435008588,6
2075,F,1485.0091946266161,4
2079,F,1510.2952040180007,10
2080,F,1483.1745658776713,2
2081,F,1537.9449150416747,2
2082,F,1515.290405771319,2
2083,F,1482.7644691702776,9
2084,F,1582.1746382719066,2
2085,F,1705.881215938295,8
2086,F,1638.4185430314121,3
2087,F,1544.9405783788707,6
16154,F,1457.6828500271645,3
18921,F,1464.8381129234576,3
4231,F,1459.1356527910912,2
2386,F,1502.7858243114551,5
16155,F,1473.8799683190018,2
16153,F,1477.2541002282755,5
7945,F,1460.1551870934968,5
18927,F,1517.4329593093576,3
3002,F,1567.2154125387526,7
3000,F,1507.2327583274996,10
7944,F,1463.677844269484,3
18929,F,1537.5161900204585,7
20403,F,1534.7592359230316,2
28511,F,1694.1578724650824,2
2537,F,2508.5313554152353,3
2514,F,1641.1589720290626,3
2520,F,1695.2528812636242,2
28512,F,1779.419775907296,2
18934,F,1540.4773159373808,4
26831,F,1773.1370159161497,4
1512,F,2088.998143818523,12
20405,F,1559.4661010268237,4
18950,F,1762.7468104611337,4
7746,F,1307.8930582388462,2
5202,F,1629.9878094210412,3
18936,F,1616.3963674316963,2
20408,F,1533.0844588217171,4
2385,F,1604.187695791462,8
18937,F,1574.3838388089084,4
2387,F,1573.7968864807074,6
18931,F,1605.4426110120694,7
7946,F,1529.5350332829332,5
20409,F,1614.707985273883,2
7947,F,1748.6399039225566,5
2522,F,1709.9617554909373,4
7948,F,1839.7013590802187,2
16161,F,1603.7388248425561,4
7749,F,1526.9333442083002,6
16159,F,1628.640102504825,5
18942,F,1636.8784552122474,5
18945,F,1668.0652947239887,4
16157,F,1661.2424734638532,4
18933,F,1641.3432110720146,5
27069,F,1835.7367513182596,2
7970,F,1307.4509118448977,4
7971,F,1289.1061929029402,7
3379,F,1509.4832499791646,10
3460,F,1554.3675248676573,8
3463,F,1636.4806754830781,4
7974,F,2053.374457585174,2
7987,F,1436.365032454212,2
7988,F,1439.2275817132622,6
7989,F,1439.7801654744653,6
7990,F,1438.6954229701612,4
7991,F,1581.3600549286393,5
7992,F,1598.0863544386318,6
7993,F,1563.6843190665193,8
7994,F,1631.7806000276355,4
6425,F,1804.1218579741167,2
18940,F,1671.0688030501,2
28282,F,2028.9750439518093,3
20411,F,1642.5633712679005,2
3109,F,1656.3435030064031,3
18948,F,1790.1925037779047,7
18923,F,1502.435144757544,3
28515,F,2122.415357236214,2
18939,F,1687.4274286277728,4
5203,F,1668.7806528474398,2
18935,F,1720.1203317460127,4
5521,F,1762.0131295456438,4
4669,F,1785.9781743032888,2
18951,F,1817.9820039924537,3
3004,F,1817.5988361825355,2
4115,F,1822.0461574013652,4
4223,F,1869.4390379058361,5
4230,F,1897.6033606098704,2
19370,F,1912.8381911802417,2
5679,F,1885.925272072298,3
5766,F,1923.4698815694962,3
18925,F,1899.7137588296632,3
20419,F,1860.5286137886533,3
4249,F,1926.7292365378803,2
20420,F,1701.029478149736,4
16172,F,1957.3656201269798,3
1502,F,1647.0386481902422,3
4655,F,1419.821131598348,9
7998,F,1522.934347505334,7
7162,F,1591.151618663138,5
7999,F,1513.2456263864447,3
8000,F,1535.1599725078802,3
4656,F,1521.2298078992776,8
3431,F,1580.9392208067775,11
3433,F,2064.565252283435,3
5691,F,1823.3974620553645,3
19368,F,2052.1864457267675,5
3008,F,2122.7360603978336,4
18960,F,2128.2229560339265,3
2534,F,2078.6348771563225,6
2722,F,2469.458407545748,4
4681,F,2181.102224227804,5
18794,F,1524.2300218508485,4
4774,F,1739.8134749164508,2
11428,F,1539.6353924165646,7
11437,F,1663.177223206951,6
11440,F,1704.4717961131964,5
11448,F,1811.8782340925713,8
11446,F,1856.42320232062,4
8033,F,1796.793089405951,5
8034,F,1969.128846561708,8
8035,F,2091.8535121735385,2
8036,F,2019.3286137303303,2
4766,F,1595.0637839474743,4
3314,F,1609.6027989420659,4
8028,F,1716.4782422811654,2
2791,F,1707.6795795644618,2
8032,F,1789.1375788284695,4
3869,F,1575.0711860338447,8
11341,F,1585.5439720559502,6
11342,F,1630.6572773284402,5
11343,F,1616.7677640036345,4
3866,F,1660.926498563951,3
11344,F,1685.8597993893832,7
11345,F,1670.026294934215,4
11346,F,1715.570373460226,6
3864,F,1666.4383292254863,6
2838,F,1724.4039147709336,6
11347,F,1778.5374061553214,7
2842,F,1799.1918026995077,4
11348,F,1776.2577845130113,8
11352,F,2018.9182497147744,3
11335,F,1450.3602329156554,3
3862,F,1298.6242374611265,5
11336,F,1475.7308291233508,4
11337,F,1519.5731160635553,3
11338,F,1488.866333829716,6
11339,F,1526.8347093010593,2
11340,F,1563.9999961361546,7
2826,F,1569.7291634437427,4
11360,F,1446.8130880543406,2
11362,F,1675.9068664232204,5
11364,F,1839.7060798624118,6
2420,F,1767.4772785455937,8
11365,F,1893.1542744731644,6
3360,F,1359.1938794744854,6
3369,F,1666.0948225709467,5
4763,F,1742.8968399876323,3
4665,F,1477.3577860555895,5
16156,F,1523.7578034314433,7
16160,F,1615.157287351266,6
2400,F,1607.2207816689252,9
16164,F,1616.6636733681366,5
2406,F,1681.2170937180717,10
2403,F,1704.430250045632,7
11424,F,1492.4372120118564,3
11425,F,1547.0096550331336,3
11426,F,1486.5057464687789,2
11427,F,1599.188311360643,2
11430,F,1598.8426167096122,2
11431,F,1622.7299981222127,3
11432,F,1652.0999013549485,5
11433,F,1626.9532323973074,4
11435,F,1611.4630748252212,2
11436,F,1726.6423688514124,2
11438,F,1745.1446542610274,3
11441,F,1737.0038596767708,3
11443,F,1670.1554819137732,2
11445,F,1868.2710457212859,3
11447,F,1706.0690892534344,7
2337,F,1890.5643086135206,2
11453,F,2058.8041880535206,2
2401,F,1696.6391019243997,4
21481,F,1769.854795866988,4
2894,F,1734.1918078921135,5
2404,F,1728.1586258107236,6
16168,F,1824.305184658955,6
5344,F,1867.785228553154,3
16173,F,1921.8703224164055,3
2416,F,1902.1842266596295,5
16167,F,1763.8593822105117,4
2428,F,2023.1141622824375,5
18725,F,1379.083370538176,3
18726,F,1407.3089722487684,4
18727,F,1596.352045121792,5
3375,F,1592.0550439585093,2
18596,F,1399.2185615438354,7
18821,F,1497.6237338073245,2
2093,F,1708.9240241135096,2
2094,F,1712.5738398400201,3
2096,F,1710.3649900158073,9
2097,F,1729.8125055644582,2
2098,F,1677.124208727962,2
2106,F,1878.1032456339035,2
2160,F,1487.9321601580964,2
2161,F,1553.5267882542862,2
2165,F,1689.7508446769705,2
2187,F,1367.99923035339,2
2188,F,1607.491103459561,7
2203,F,1475.235787981999,5
2204,F,1527.8926386718585,4
2207,F,1766.8599281686447,8
2233,F,1683.2492146360178,3
2243,F,1509.219990863935,6
2244,F,1601.3356288467246,4
2246,F,1585.0946469538526,2
2247,F,1565.1148122927132,2
2250,F,1758.5799891950328,2
2251,F,1705.7005379596353,2
2257,F,1786.226275782886,2
2291,F,1232.6951188011985,4
2294,F,1307.567037397043,3
2299,F,1321.9593480689732,3
2321,F,1486.961985131889,4
2322,F,1599.2092753581119,3
2323,F,1536.7544715756517,5
2324,F,1544.565198391654,2
2326,F,1603.8630207667763,2
2327,F,1670.5501733076085,3
2328,F,1664.832152883413,2
2329,F,1684.3223274067182,2
2330,F,1749.6447708306569,4
2331,F,1773.4660493082176,2
2333,F,1786.5992018017077,6
2334,F,1790.4200487569356,3
2335,F,1794.085315221987,3
2338,F,1848.8341422033109,2
2339,F,1782.933902070526,2
2340,F,1767.4887205742352,3
2342,F,1951.093795312792,3
2383,F,1534.372636244171,3
2384,F,1526.5147453919144,2
2388,F,1583.2034697004256,3
2389,F,1562.2045809657639,2
2390,F,1580.1530649647211,7
2391,F,1591.0726437031035,2
2393,F,1685.214288401472,5
2395,F,1603.7566158717066,2
2399,F,1662.1055319247089,2
2402,F,1691.4655320224524,3
2405,F,1876.50603309562,4
2408,F,1714.917019981976,5
2409,F,1753.5148300003148,6
2410,F,1607.401942387895,4
2412,F,1929.6681732876218,3
2415,F,1815.4908890393785,4
2418,F,1834.2976666266889,4
2421,F,2002.8857285292238,4
2422,F,1953.8307475762222,2
2423,F,1934.6811581626475,5
2426,F,1891.7398191508005,5
2427,F,1913.7201305778801,2
2429,F,1924.1161041531668,3
2430,F,2043.0546639056888,4
2431,F,2088.928141670811,3
23543,F,1465.5250783246952,3
2499,F,1340.5568532114792,6
2500,F,1410.0266014229783,3
2503,F,1476.584755024384,4
5264,F,1492.2334754746603,3
2506,F,1530.8412512308946,2
1478,F,1521.0868128423426,10
2507,F,1606.9431944894802,3
2508,F,1584.6058372976108,6
2511,F,1630.3238558578373,4
2512,F,1615.3006690998827,2
2513,F,1630.31719587983,3
2515,F,1660.2594901988596,3
2518,F,1674.7094738292462,4
2519,F,1666.6404466774175,2
2523,F,1730.7630980882363,3
2524,F,1776.0094727556107,4
2527,F,1788.893064610933,5
2530,F,1784.5512898671986,2
2532,F,1884.0915010475767,2
2533,F,1919.7019009258643,2
2535,F,2072.285206339822,3
2660,F,1349.541617553477,4
2661,F,1371.5969505063163,3
2662,F,1450.5344290191083,3
2664,F,1581.2597775031725,2
2665,F,1511.0768338328503,4
2666,F,1486.1903012803405,2
2667,F,1534.6777739539325,2
2668,F,1584.7210693925476,2
2669,F,1580.791147783748,4
2670,F,1686.5317233837477,4
2671,F,1616.329936159295,2
2672,F,1590.2738379807788,2
2673,F,1673.435560299355,2
2674,F,1701.0972456326197,4
2675,F,1801.4713360285823,2
2677,F,1527.39638083911,2
2679,F,1669.9628460568779,2
2682,F,1861.9119764426139,2
2683,F,2392.656072869894,2
2684,F,2082.5049660425293,3
2685,F,2126.621032919178,2
2698,F,1427.1714080104894,2
2699,F,1458.3941333242058,4
2700,F,1506.6083925561745,6
2705,F,1677.8558794187106,5
2709,F,1828.1606048422934,2
2712,F,1827.1484858053923,4
2713,F,1687.362577316488,3
2772,F,1569.9815219589282,2
2773,F,1679.0882088892358,2
2820,F,1790.1805801667388,3
2824,F,1444.7003608763853,2
2825,F,1532.3085580422296,2
2830,F,1637.90768206835,2
2832,F,1640.675862939847,4
2833,F,1727.0294293854577,2
2834,F,1784.972158501672,3
2836,F,1723.4807976492402,4
2837,F,1765.7673239261928,2
2840,F,1724.1888261858876,2
2841,F,1865.6777279139433,4
2850,F,2000.813573091949,2
2891,F,1575.8975454331867,2
2892,F,1659.229572878312,2
2921,F,1421.366599271964,2
2922,F,1397.991586696743,3
2924,F,1383.9775430115355,6
2925,F,1438.8043549762256,6
2926,F,1453.329763196155,3
2927,F,1451.7786674402396,2
2928,F,1394.8309834869297,8
2929,F,1470.6826260721618,3
2930,F,1493.3170169852647,2
2931,F,1543.7837336166922,4
2932,F,1567.2904839073606,4
2933,F,1529.7952995499375,3
2934,F,1546.9799253032538,5
112,F,1589.270749508714,3
2935,F,1589.0473651293287,2
2936,F,1604.2385811399959,2
2938,F,1620.9769229566568,2
2939,F,1621.6462056225541,2
2940,F,1698.3862376938357,6
2942,F,1902.2377028550502,3
2943,F,1968.0680533099285,2
2996,F,1447.7499828919574,2
18825,F,1524.5375076486162,2
2999,F,1700.7129228401895,2
3003,F,1967.018919970806,3
3006,F,2125.019267174385,2
3028,F,1486.6823785828146,6
3030,F,1623.6553776394285,2
3032,F,1537.673812650045,5
3033,F,1581.3270694366142,4
3035,F,1587.02307169452,4
3036,F,1604.987096006475,9
3038,F,1700.2040432736774,2
3039,F,1623.0652548962116,2
3040,F,1622.5221059692237,3
3041,F,1670.8120857481426,2
3042,F,1603.3027130094113,2
3046,F,1751.502813438793,3
3047,F,1712.7068558924648,6
3048,F,1777.7099288979693,4
19603,F,1492.9295710742922,2
18820,F,1503.9325065984222,3
3097,F,1457.3708025761196,6
3098,F,1597.316407592889,3
3100,F,1572.288597183955,3
3102,F,1546.3336104681407,6
3103,F,1581.791198688803,2
3104,F,1606.8991009087056,2
3110,F,1936.538700805918,2
3115,F,1691.4960516668993,3
3116,F,1663.9338641123732,6
1108,F,1792.0870577076837,4
3124,F,1844.9480244876645,3
3126,F,2116.016266062692,2
3131,F,2225.1041724706974,2
3183,F,1539.9715751718647,2
3185,F,1554.0266674445963,4
3193,F,1655.3890460282382,5
3198,F,1761.9761365042718,6
3235,F,1507.4270188344385,3
3236,F,1498.7901560273128,3
3237,F,1450.5931556091086,4
3238,F,1435.7694577710265,4
3239,F,1465.085985824492,2
3240,F,1450.5384541343028,5
3243,F,1534.4323567931888,3
3250,F,1617.3776441588443,3
3251,F,1605.5528742654872,2
3256,F,1740.2428441852085,3
3318,F,1873.556901428521,2
3361,F,1468.6315069627049,2
3364,F,1566.5432761552527,7
3366,F,1555.0218361928896,3
3370,F,1643.662251671082,2
3371,F,1550.6702230983042,7
3373,F,1671.4665508428238,2
3377,F,1703.0533268524869,4
3381,F,1732.0986985702011,2
3382,F,1896.23629218012,2
3426,F,1626.9202070721512,2
3429,F,1748.337532675339,3
3432,F,1829.140567595922,2
27188,F,1566.6122736804778,3
18829,F,1564.060315899928,2
18823,F,1558.313765338562,3
18818,F,1558.1093533634744,5
18600,F,1516.5376055570603,4
27189,F,1611.2576443629541,3
3975,F,1887.8668166191933,2
18828,F,1512.5082216870674,7
18831,F,1609.9969283881844,7
18863,F,1871.2957504818733,2
23548,F,1592.1635769512966,4
18826,F,1600.4326363548955,8
18832,F,1605.656606272614,5
18601,F,1577.8560374814515,4
18603,F,1601.0310301642603,2
18609,F,1615.24012474958,3
22577,F,1657.3036732524415,4
18836,F,1659.9877309096742,3
18835,F,1657.0479379695073,4
23553,F,1653.339702643597,2
27422,F,1570.4496083818842,3
23554,F,1672.299324552452,3
28526,F,1651.8568479820706,2
27427,F,1675.4874896495714,3
28527,F,1706.2878039495645,2
27439,F,2000.5828010417742,2
18851,F,1679.3006415788896,7
18839,F,1709.7142065241499,5
18610,F,1710.9922869825268,3
18607,F,1650.0126890073961,3
22581,F,1706.4211837611244,2
4673,F,1883.7265513216068,2
16169,F,1877.182638577464,3
16171,F,1874.318331162956,2
16175,F,2079.1221302892404,2
4251,F,1981.7691920461489,2
16176,F,1992.753774053766,2
16177,F,2077.414030169517,3
17562,F,1688.9587183129288,5
6870,F,1677.8387367144037,3
18837,F,1884.2267245175274,4
23562,F,1717.9680174162027,2
19610,F,1715.4115326008941,7
18271,F,1824.7049554696166,5
18844,F,1774.4667376169236,7
18849,F,1770.873978085042,4
6867,F,1860.2546734593052,4
18854,F,1736.4054761345642,8
18860,F,1934.573341480088,3
18856,F,1890.8673029558508,6
18612,F,1929.0710240952094,2
3537,F,1885.8982654990575,3
18613,F,2008.7625069961928,3
23567,F,2084.8825898893574,3
18841,F,1738.1323259944747,7
16158,F,1532.1333430353125,3
5685,F,1660.6405211149151,2
16163,F,1730.9996120925184,3
16165,F,1672.2041223904043,3
16166,F,1765.558111231613,5
28018,F,1462.3705926662658,3
28021,F,1561.7374100489487,4
28531,F,1614.663047727541,2
4794,F,1714.52363139228,2
28414,F,1837.3289055083042,3
19504,F,1522.8777148916292,2
28376,F,1536.823616359426,3
28377,F,1590.9351808562014,3
19360,F,1459.5224512124146,6
28029,F,1857.1717186461265,2
27226,F,1898.0289433983726,4
26867,F,1368.6965953978151,3
28244,F,1644.76529349935,2
19456,F,1591.5436904309731,2
19457,F,1640.678741448301,4
19458,F,1601.3826601181327,2
19459,F,1649.3493409308483,4
19366,F,1366.154476503154,7
18922,F,1407.1825489861328,7
19367,F,1496.7787473487851,5
18763,F,1478.6439404795958,3
18954,F,1974.3417873821934,2
19371,F,2093.6363894558585,3
18768,F,2142.3734862578513,2
11458,F,1597.1861948313092,8
11470,F,1661.2674550045408,8
19446,F,1486.224107956656,2
19447,F,1492.4201617117508,4
19448,F,1458.9553974231558,6
19449,F,1523.8764598079538,5
19450,F,1520.1431446701833,2
19453,F,1631.3771600713987,4
19454,F,1630.4999959719291,5
19462,F,1705.3098625126129,4
19463,F,1691.700423251837,3
19465,F,1711.0716917277814,5
5520,F,1752.3911210611066,2
3823,F,1764.6831968875802,2
18037,F,1757.2117925761472,2
18740,F,1796.525308043681,4
19468,F,1763.3999956436096,3
19469,F,1637.8999959536604,5
19470,F,1923.2171956028317,2
19473,F,1814.959037453581,2
18741,F,1994.4181261718932,8
19490,F,1403.6379037163288,2
19491,F,1424.5353418674542,2
19501,F,2146.2829342268524,2
21215,F,1553.5751350946448,5
21216,F,1590.5553965049353,3
21217,F,1518.7865380888693,2
21219,F,1556.7543121232065,2
21220,F,1636.5404337787688,2
21222,F,1686.1703180993184,2
21224,F,1755.6904585443035,4
3755,F,1843.2189356116805,5
21225,F,1945.1339226159027,2
21226,F,1893.9212060497578,2
19510,F,1457.236949609049,3
19511,F,1499.7076370960933,2
4520,F,1594.2997151589684,2
19514,F,1631.8057641777352,4
19516,F,1631.3015505006815,2
19517,F,1816.9478358446395,3
19518,F,1636.7355156835938,3
19522,F,1684.2664290515306,2
19361,F,1715.9204265565181,7
19525,F,1838.9456201948785,2
19527,F,2136.4549033025496,2
18777,F,1140.7293872358775,3
18778,F,1481.7691030223855,2
4785,F,1592.275883838008,2
4821,F,1717.9682658161948,2
18779,F,2013.6216112890993,3
19595,F,1524.9442180846559,6
19597,F,2114.4257954467193,3
27641,F,1500.3100545424236,4
20495,F,1288.4531062450903,3
20496,F,1330.6085513017038,3
4631,F,1508.0568265709949,3
4252,F,2268.2913850290633,2
18766,F,1830.7643587098087,5
19019,F,1703.4621243831334,2
18767,F,2158.380124124215,2
27047,F,1403.6201843597737,4
27331,F,1400.1613700717814,4
5924,F,1441.680376334642,5
27858,F,1549.5748206765427,3
27193,F,1528.4788453404196,3
22363,F,1554.666177396124,4
27346,F,1629.595020775847,4
27347,F,1650.9440262005423,3
27349,F,1675.4338727768386,4
27937,F,1699.2298406192795,2
27196,F,1712.9803767521864,3
22368,F,1738.0916800292352,2
11469,F,1771.2560165281955,3
27351,F,1750.452343521345,3
27861,F,1820.8090298661693,3
27198,F,1839.308026844881,3
27870,F,1930.0568354840184,2
27942,F,1863.4435606161787,2
27199,F,1940.6986020925883,2
27201,F,2319.9654590924856,2
27943,F,1968.530025887214,2
27873,F,2100.9608477493466,3
17920,F,1356.5892188876003,4
27190,F,1401.0652770604693,3
27854,F,1458.0856417612667,2
27191,F,1455.3691374018172,3
27338,F,1480.3033965961397,4
27192,F,1500.6652939273308,3
27933,F,1639.2964730269566,2
27348,F,1660.4174997311836,4
27195,F,1688.617187091415,3
27935,F,1675.7919661528372,2
27936,F,1689.591744789932,2
27938,F,1776.9712803565367,2
27866,F,1747.0281266042507,3
18959,F,1851.3966108520872,4
18611,F,1868.2414619140072,2
18593,F,1304.5481221327377,2
18598,F,1587.3539793825526,3
18606,F,1615.3241476570934,3
18817,F,1491.6305687252768,4
4957,F,1619.883464707617,2
19606,F,1679.3581087635348,2
18834,F,1658.2953908452423,2
19613,F,2012.1515649756689,2
18812,F,1405.2566646533069,2
5065,F,1596.4424806540587,6
4977,F,1558.0381346655818,3
18852,F,1795.4831120443891,6
18847,F,1786.931153735467,2
19612,F,1983.571020304205,3
23924,F,1351.0601643998696,2
23523,F,1272.8561022941449,3
11455,F,1599.328426246665,2
11456,F,1468.8342418065063,2
11457,F,1548.8221852935058,2
4545,F,1562.6795960362397,4
4550,F,1692.1786419450318,5
18758,F,1260.0180861602985,3
18760,F,1440.405644783993,6
18761,F,1474.3933691071286,2
11463,F,1588.5791027461926,2
11464,F,1635.472024688186,2
11465,F,1605.478785095531,3
11466,F,1594.1690159879674,2
11467,F,1853.5519693880601,3
11468,F,1694.4040827995332,2
4549,F,1695.5445956718384,5
11474,F,2112.3229748551594,2
11475,F,2021.6617972495626,2
11476,F,2026.1839888291538,3
11478,F,2053.2653850200923,3
27946,F,1393.330122695275,2
27947,F,1640.2516502365047,2
27948,F,1705.152537059568,2
27747,F,1311.8145176418761,3
26935,F,1477.4304840196507,4
26941,F,1640.6729106754178,4
26940,F,1603.9191932264716,4
26942,F,1646.7610939314216,4
18795,F,1683.6022610167397,2
18796,F,1676.042005195477,2
18815,F,1448.5682842855865,2
26876,F,1627.4624621737569,3
26875,F,1591.9146565746073,5
21208,F,1499.6063160805186,2
27602,F,1419.2065991734562,2
27605,F,1518.3081764732874,2
26874,F,1504.1670809152674,5
20462,F,1700.8036923362522,4
26878,F,1712.2038351113183,3
26622,F,1719.1317432950832,2
27620,F,1754.308478557744,2
27106,F,1788.1111669488405,3
20463,F,1698.475554687426,4
27622,F,1799.383588179896,2
26633,F,1815.62687109764,2
27969,F,1786.8601340054543,2
27107,F,2030.2989827785884,4
18911,F,1464.3999963822935,3
18912,F,1525.2990367313728,4
18913,F,1728.7828765230668,2
18914,F,1703.1213470542389,2
4117,F,1481.2225951421256,2
18928,F,1574.796785957767,4
18930,F,1591.9438867798501,4
18932,F,1621.8983456190808,4
18819,F,1506.6142887433787,2
18824,F,1537.4718436026778,3
18842,F,1739.653515508879,2
18843,F,1732.3922548868447,2
18850,F,1772.7633784846005,6
23384,F,1312.096756137581,2
23391,F,1508.2820201953264,2
23392,F,1532.4646033267322,2
23393,F,1552.9172864018187,2
5426,F,1548.405483632309,2
23398,F,1898.4917510449036,3
23403,F,1829.2745705543919,3
23406,F,1880.236571153738,2
5439,F,1934.7033588014506,2
17931,F,1616.5477526087732,2
4116,F,1614.6607025748476,2
18938,F,1553.0189107495792,5
18941,F,1683.0702210395016,3
18943,F,1719.6038242366549,2
18953,F,2126.7037250813555,2
18955,F,1805.6878053512307,3
18958,F,1910.9331436311018,2
20394,F,1403.4200346517575,2
23464,F,1665.6273479471492,3
22579,F,1771.072216739503,3
23526,F,1572.6737603000786,2
24603,F,1763.9466701603387,2
27975,F,1427.7645778762358,2
27520,F,1483.3629069185195,3
27528,F,1657.4527288928766,4
27535,F,1769.4011443141426,3
27541,F,1787.9542603478503,3
28702,F,1476.4212736300974,2
23530,F,1621.3651734559928,2
22543,F,1586.1402469753898,3
22552,F,1402.5090380103675,4
28708,F,1397.5402149778643,2
28709,F,1523.6595166161837,2
22556,F,1583.8407614548803,2
22557,F,1677.6601457516538,2
28711,F,1312.7136184219357,2
28712,F,1401.9308985309306,2
20464,F,1725.64594459709,2
20466,F,2074.523566395096,2
27746,F,1161.4151313041707,3
26990,F,1366.412204151381,2
27334,F,1424.9794391764392,3
27333,F,1431.896636547135,2
27337,F,1468.1470472948974,2
27335,F,1466.291139970536,2
27339,F,1482.442341670609,2
27336,F,1487.1936923889596,3
25098,F,1397.3264909154668,4
27341,F,1506.8521570753826,2
26937,F,1485.857703196495,4
26936,F,1477.9836514025315,3
26938,F,1497.4905780119768,4
28395,F,1558.441864649871,2
27889,F,1507.2063382039528,2
27890,F,1547.4208353333197,2
27342,F,1565.8410867047598,2
27893,F,1760.2441278494834,2
27354,F,1749.974641229401,3
27364,F,1894.5377718992468,2
27900,F,2014.8704609894576,2
28086,F,1910.3530804742973,2
27366,F,1902.7936657740447,3
4551,F,1932.9295903627801,2
27359,F,1907.0665684291284,2
27360,F,1922.909165679111,2
27370,F,2109.726282528041,3
28399,F,2036.0224687526584,2
20483,F,1539.7986370275316,2
27904,F,2862.1357120057082,2
28020,F,1555.7906078797287,2
28022,F,1591.1670489021158,2
26868,F,1634.3426905160854,2
28025,F,1748.9299793282194,2
22358,F,1850.8738411090385,2
27148,F,1433.65280689427,6
27147,F,1431.3982047809372,5
20396,F,2053.4257081780797,2
7986,F,1365.645646737617,5
28034,F,1428.59763238607,2
27145,F,1400.4104001919866,5
22351,F,1361.9756127399223,3
22352,F,1490.0980099782587,2
22356,F,1539.880731705037,5
4790,F,1498.2993541720484,4
22359,F,1736.5012585348918,2
27637,F,1436.8970003764584,3
27150,F,1461.8434880869959,3
27634,F,1432.9292134533534,2
27636,F,1463.834712775088,3
28036,F,1489.24983616861,2
28037,F,1486.3959678588953,2
27646,F,1555.7479851114408,2
27642,F,1494.61175453509,2
27648,F,1528.6411833228808,4
27647,F,1548.4264212383455,3
27653,F,1574.3891973264033,5
27638,F,1484.3364914571512,5
28042,F,1598.2950129502856,4
28043,F,1612.4874241981065,2
27659,F,1636.858575584668,2
27654,F,1637.1888702733204,2
28046,F,1559.3098071747463,3
27661,F,1674.635288679209,2
27669,F,1701.79612097683,2
27670,F,1715.0558007325744,3
27676,F,1745.869225422932,4
27671,F,1772.632879294115,3
28048,F,1763.644561557011,2
27672,F,1782.3354596991526,4
27681,F,1842.0373822511306,2
28050,F,1977.7538806065809,2
27170,F,1860.460114623267,5
27685,F,1966.2153324720373,2
27683,F,2014.2759255160615,2
27677,F,1779.2969126747087,3
28080,F,1577.807079090331,2
26832,F,1925.2675175659208,2
22553,F,1443.1806063935437,2
22554,F,1477.2802790525143,2
22558,F,1789.256555482229,2
22546,F,1434.6042521700522,2
22549,F,1536.969016003629,3
23714,F,1379.2659038186466,3
23715,F,1459.6153059092314,2
26856,F,1563.0994992879714,2
26861,F,1681.293004800175,2
23716,F,1600.5123495378032,3
26857,F,1682.8293798792324,2
26860,F,1752.3956993240633,2
28775,F,1307.9600215593205,2
28356,F,1364.388037619466,4
28358,F,1486.444561433913,2
28779,F,1455.6287216477913,3
28359,F,1512.9566940645238,3
23925,F,1504.5942238522039,3
27526,F,1564.6330130051272,2
27539,F,1727.988689897049,2
22375,F,1983.2103296211335,3
28355,F,1348.2227486035908,4
22600,F,1397.2758561286155,3
28778,F,1449.0337252342938,2
28357,F,1424.1762037488484,4
23922,F,1209.9771081463693,4
28348,F,1384.366422046115,2
28783,F,1413.8952305215666,2
27522,F,1541.0453341640532,3
27537,F,1738.118133149556,2
27543,F,1792.407035037365,2
28354,F,1354.2240561786543,4
20764,F,1398.4617996043025,5
22361,F,1509.180234407103,2
22365,F,1705.2888977108828,2
4241,F,1613.9221886814926,3
22366,F,1647.1809840066169,2
22371,F,1816.3003663762345,3
22372,F,1821.6307133173746,2
22374,F,1899.1547398368027,2
23532,F,1552.2657266227968,2
23533,F,1617.1210220286014,2
23534,F,1650.8461510739885,2
3504,F,1410.8992096270438,2
24364,F,1542.1115850379342,2
28383,F,1606.4732782393858,2
24365,F,1672.2654563852955,2
25294,F,1836.0868018981444,2
28256,F,1441.0672705093743,2
26898,F,1559.2752634322183,4
28413,F,1658.3325051773168,2
26901,F,1630.8401807682812,4
27617,F,1734.641597509092,2
26899,F,1649.9002366899026,2
27621,F,1810.921395042244,2
28832,F,1576.3123844491186,2
27607,F,1602.220380536716,2
26900,F,1656.0580239110693,4
27419,F,1521.1658186963443,3
27532,F,1614.2548347574066,2
27437,F,2007.3571857600082,2
27760,F,1417.5240521051874,2
26873,F,1408.2460098899478,3
26871,F,1425.7241858932725,4
26877,F,1725.1689757317827,2
27225,F,1749.3580364662885,2
27644,F,1544.6228754335289,3
27645,F,1564.6070304988848,3
27655,F,1630.4352574021664,3
27163,F,1761.2439978637624,3
27649,F,1790.7254916235493,3
22598,F,1293.137165405363,2
28859,F,1411.896395677346,2
26944,F,1348.0161070727927,4
26946,F,1417.6095905876784,4
26953,F,1443.0499193844498,3
27242,F,1431.9735651232932,3
27245,F,1446.9006586527594,2
26947,F,1454.4610408713713,4
27244,F,1465.9274065326622,2
27601,F,1468.803442954682,3
26531,F,1515.3595882453797,3
27604,F,1529.2736692062,2
27243,F,1492.1434440086946,3
5290,F,1551.6315187869745,2
27248,F,1548.1574280906511,3
26852,F,1455.3676466725929,4
27251,F,1570.2089404853318,4
27247,F,1549.747626386141,3
27249,F,1564.3997488632792,2
26958,F,1571.4140781627711,3
26955,F,1526.4123291328,2
27250,F,1584.235051920472,3
28334,F,1579.4406899359096,2
28335,F,1594.2149682031481,2
26957,F,1601.9610451298522,2
25587,F,1650.4590066187675,2
27259,F,1644.1656501832015,3
27265,F,1668.76623105416,2
27609,F,1665.7283869127498,3
27275,F,1726.5713916473633,2
28336,F,1727.9200874781936,2
26950,F,1722.3855336594527,4
27260,F,1685.3099282899927,2
27281,F,1786.166342419383,2
27273,F,1737.3323325513231,3
27627,F,1823.2617332171349,3
27286,F,1864.056995895211,2
26948,F,1791.2405258040608,3
3820,F,1820.1223907620124,2
26962,F,1740.9110233276986,3
27278,F,1829.8063531580892,2
27629,F,2276.0594967598354,2
28245,F,1676.6643990838872,2
28246,F,1719.3324039960678,2
27058,F,1624.7290101598703,4
24666,F,1617.6675824226336,4
28271,F,1593.7965521667413,2
26228,F,1651.241927594498,3
27525,F,1611.5945077758602,2
27059,F,1653.6053116642859,2
27051,F,1556.9339248106673,3
27049,F,1485.8772043284998,3
27060,F,1673.9921046741229,3
26825,F,1695.0912929293918,4
27425,F,1682.7753252005027,2
27066,F,1741.611623563186,2
27068,F,1705.9844618889438,3
28277,F,1726.7062743017018,2
28280,F,1760.3516282810972,2
28275,F,1717.2684226598078,2
27232,F,1678.0305181605422,2
27540,F,1761.3158664335317,2
27065,F,1789.887326529486,4
25052,F,1449.5665723814775,3
27228,F,1390.3996373547875,3
27048,F,1447.318614236031,3
27229,F,1455.1093436965525,3
25022,F,1461.739361298111,3
28265,F,1493.7499824864833,2
27052,F,1497.738495068398,4
28267,F,1517.8821290056108,2
26927,F,1514.1878928699305,2
27056,F,1564.3824184108491,2
28272,F,1569.0115169782366,2
27231,F,1585.2003834977395,2
27053,F,1557.1084327034077,2
27057,F,1608.0030824636306,2
28273,F,1578.5125008960827,2
27064,F,1696.042218647825,2
27234,F,1753.1834628115791,2
24817,F,1792.85676330356,2
28278,F,1824.869419579077,2
26198,F,1886.1659576071972,3
28281,F,1911.6450856457973,2
28283,F,2026.248883660936,2
27875,F,2388.0467793779712,2
27178,F,1517.5430509126757,3
26823,F,1525.2904148046828,3
27524,F,1555.1577681788362,2
26824,F,1778.146834469059,4
4237,F,1841.3622625581247,2
26829,F,1985.746424038175,3
26828,F,2090.9902795846638,4
27435,F,1819.846202570096,2
27536,F,1753.4520825837583,2
27197,F,1774.3575566234908,2
18698,F,1760.8066879885416,2
26826,F,1798.807400165349,3
27182,F,1804.1060485424641,3
27531,F,1768.3977325358578,2
27867,F,1874.9209282083568,2
27368,F,1991.9337277907064,2
24832,F,1560.93468004856,3
26880,F,1694.7115840476317,3
26881,F,1711.5060061355207,2
26882,F,1783.1765319249182,3
26883,F,1743.0575117976155,2
26884,F,1754.616553438102,3
26885,F,1856.2153815237575,3
26886,F,1874.7859869478127,2
26928,F,1565.3513089524404,2
26959,F,1638.754713298401,2
26960,F,1676.8425241066861,2
26964,F,1916.9267944199314,2
26939,F,1641.5686504274652,2
26945,F,1424.5441277678829,2
26949,F,1601.6097286916952,2
26951,F,1740.200004428406,2
26952,F,1793.776221200829,2
26956,F,1534.749126927571,2
28473,F,1414.277382097101,2
28471,F,1414.7363977216148,2
27633,F,1398.0267229041424,3
28472,F,1433.8317892161695,2
27149,F,1455.5613323463685,2
27420,F,1491.5787542343635,2
25885,F,1480.2826833174977,2
27146,F,1395.4747233888766,3
27428,F,1621.12081647977,2
27651,F,1579.1861959490934,3
27668,F,1700.7537370706264,3
27423,F,1607.7379639676647,2
28480,F,1686.5209386384684,2
27155,F,1631.8749272008731,2
28476,F,1664.769353292854,2
27658,F,1679.4781707913053,2
27416,F,1465.829710387145,2
27165,F,1720.7132706089521,4
27662,F,1703.5456393981797,2
27666,F,1726.6926921300576,3
28482,F,1786.1976635117505,2
28481,F,1788.977342142467,2
27686,F,2079.7673417785236,3
27169,F,1840.626178504347,3
27680,F,1849.3350930358752,2
17971,F,2006.5215556920148,2
28483,F,2041.3149184522622,2
27101,F,1451.6326925329613,2
27256,F,1583.89668362697,2
27252,F,1573.3245326448034,2
27261,F,1627.094267118284,2
27606,F,1599.7172380863306,2
27103,F,1606.6588360153871,3
27102,F,1589.9188207557272,3
27258,F,1640.523920086738,2
27253,F,1636.9021147343572,2
27262,F,1666.4415205691785,2
27279,F,1765.5324044445347,2
27287,F,1882.2059242473797,2
27323,F,1306.2174552018544,2
27632,F,1368.3126023247887,2
27159,F,1729.8698651646662,3
27166,F,1885.5047744744984,3
27675,F,1903.5588488486214,2
27070,F,1816.6898295869044,2
27100,F,1409.757913712102,2
27104,F,1589.3527141655306,2
27105,F,1707.7484148345043,2
27156,F,1605.2736106813127,2
27179,F,1559.826557342725,2
27180,F,1987.6511895123108,2
27181,F,1733.397290608714,2
27291,F,2009.745779318608,2
27343,F,1577.1707620007383,2
27371,F,1997.7205635212556,2
27748,F,1775.7552746983167,2
