athlete_id,year,gender,num_races,race_bin,season_duration,first_time,last_time,total_improvement_sec,improvement_rate,improved
1387,2023,M,2,2,21,2082.9484572862816,2176.3930393079645,-93.44458202168289,4.449742001032519,False
5368,2024,F,4,4,42,1516.1397687435456,1467.6922262577118,48.447542485833765,-1.1535129163293754,True
4960,2024,F,5,5+,42,1416.8078074960813,1429.1909603448578,-12.38315284877649,0.2948369725899164,False
667,2024,M,5,5+,43,1471.610516706938,1518.139737420425,-46.52922071348712,1.082074900313654,False
11461,2024,F,3,3,42,1628.0460418595505,1652.86919045342,-24.82314859386952,0.5910273474730838,False
11483,2024,M,3,3,42,1636.2907721545391,1644.8435694164505,-8.552797261911337,0.203638030045508,False
11495,2024,M,3,3,42,1771.9855433604791,1710.2634841091503,61.7220592513288,-1.4695728393173524,True
3179,2024,F,2,2,35,1431.9777167437644,1369.5164950194871,62.461221724277266,-1.7846063349793504,True
1724,2024,F,3,3,42,1402.7460149097885,1387.6235754604743,15.122439449314243,-0.36005808212652957,True
1727,2024,F,4,4,42,1404.24503681548,1388.8120710878748,15.432965727605279,-0.3674515649429828,True
18595,2024,F,4,4,42,1440.5987358057648,1395.3537907176853,45.244945088079476,-1.0772605973352256,True
1726,2024,F,4,4,42,1378.065344565759,1426.6541713586412,-48.58882679288217,1.1568768284019566,False
5158,2024,M,5,5+,29,1594.9240383456124,1597.333474431822,-2.4094360862095527,0.0830840029727432,False
2303,2024,M,5,5+,29,1575.5074003803368,1564.3751537712474,11.132246609089407,-0.3838705727272209,True
22588,2024,M,2,2,7,1622.8737375364256,1670.1916892402626,-47.317951703837025,6.759707386262432,False
2306,2024,M,5,5+,29,1666.3812085223872,1686.251239839353,-19.87003131696588,0.6851734936884786,False
22589,2024,M,2,2,7,1682.272647554772,1723.0344765373977,-40.76182898262573,5.82311842608939,False
22591,2024,M,2,2,7,1720.0809989902352,1694.565300016257,25.51569897397826,-3.645099853425466,True
22592,2024,M,2,2,7,1721.075955606958,1777.575425241057,-56.499469634099114,8.071352804871301,False
2308,2024,M,3,3,22,1710.8324964530427,1722.0709122236806,-11.238415770637857,0.5108370804835389,False
5793,2024,M,2,2,7,1762.76463784764,1753.601381854833,9.163255992806853,-1.309036570400979,True
2302,2024,M,2,2,7,1762.9636291709846,1563.9067635613367,199.05686560964796,-28.436695087092566,True
22593,2024,M,2,2,7,1767.8389165929257,1740.3157661449675,27.523150447958187,-3.9318786354225983,True
1732,2024,F,4,4,35,1508.736281795742,1438.8087863044113,69.92749549133055,-1.9979284426094441,True
1740,2024,F,4,4,42,1579.2147420914143,1439.1883059165223,140.02643617489207,-3.3339627660688587,True
4971,2024,F,4,4,35,1546.3273642066629,1443.9822378589788,102.34512634768407,-2.924146467076688,True
18816,2024,F,2,2,35,1520.0136065190181,1458.9732625373688,61.04034398164936,-1.7440098280471246,True
19602,2024,F,3,3,28,1551.7968454452196,1460.8908353143518,90.9060101308678,-3.2466432189595644,True
1743,2024,F,2,2,35,1579.5530305956704,1464.4363474801269,115.11668311554354,-3.28904808901553,True
18822,2024,F,3,3,35,1584.1609697299127,1466.873262884209,117.28770684570372,-3.3510773384486776,True
4959,2024,F,4,4,42,1496.1205729707629,1467.7920998398465,28.328473130916336,-0.674487455498008,True
23462,2024,F,3,3,43,1362.2417622097519,1340.1127882495825,22.128973960169333,-0.5146273013992868,True
18772,2025,M,3,3,21,1906.1882212804414,1786.5171269101825,119.67109437025897,-5.698623541440903,True
27327,2025,M,3,3,21,2333.0755284444635,2178.769587077364,154.30594136709942,-7.347901969861877,True
666,2024,M,5,5+,78,1445.8940704449408,1490.069679835061,-44.175609390120144,0.5663539665400018,False
18724,2024,M,3,3,29,1585.9312645400444,1609.9309917913101,-23.999727251265767,0.827576801767785,False
19506,2024,F,5,5+,35,1507.5496020470914,1399.247168681993,108.30243336509852,-3.094355239002815,True
2560,2024,M,2,2,7,1734.3518255421052,1815.497440113965,-81.14561457185982,11.592230653122831,False
5171,2024,M,5,5+,29,1807.225754981161,1706.7630647821877,100.46269019897318,-3.4642306965163163,True
5794,2024,M,2,2,7,1806.9407116301286,1818.3312989976375,-11.390587367508942,1.6272267667869917,False
2311,2024,M,2,2,7,1817.686243090734,1920.1210915416464,-102.43484845091234,14.633549778701763,False
22594,2024,M,2,2,7,1820.969599925919,1827.6212408097992,-6.651640883880191,0.9502344119828844,False
22595,2024,M,2,2,7,1917.8783743947117,1937.901840386429,-20.02346599171733,2.8604951416739044,False
2312,2024,M,2,2,7,1947.6275772347208,1792.7589860523321,154.86859118238863,-22.124084454626946,True
6285,2023,F,4,4,35,1609.2393572568387,1481.4882170171807,127.75114023965807,-3.650032578275945,True
22596,2024,M,2,2,7,2087.518477545935,2070.558213790201,16.960263755734104,-2.4228948222477293,True
1282,2025,M,3,3,42,1967.684287024375,1826.7203626899795,140.96392433439541,-3.3562839127237005,True
2252,2023,F,2,2,7,1706.3650296775702,1629.4874392953543,76.87759038221589,-10.982512911745127,True
27326,2025,M,3,3,21,2167.5218197989,2105.8342085949284,61.687611203971755,-2.9375052954272265,True
22598,2024,F,2,2,7,1390.609615104513,1423.7500564623804,-33.1404413578673,4.734348765409615,False
27323,2025,F,3,3,21,1396.2675307167547,1391.6698943383021,4.597636378452535,-0.2189350656405969,True
22600,2024,F,2,2,7,1561.2463453983007,1587.8483618126218,-26.602016414321042,3.8002880591887203,False
230,2024,F,3,3,42,1494.60158760244,1386.318801096445,108.28278650599509,-2.5781615834760734,True
8113,2024,F,3,3,49,1609.5785979714838,1596.7745797783423,12.804018193141474,-0.2613064937375811,True
81,2024,F,2,2,21,1683.7412583393948,1637.5563228376302,46.184935501764585,-2.1992826429411707,True
119,2024,M,2,2,49,1626.5901968465387,1632.1429254301638,-5.552728583625139,0.11332099150255387,False
124,2024,M,2,2,27,1719.6548054655273,1618.2551840878557,101.39962137767156,-3.755541532506354,True
2238,2024,F,6,5+,43,1249.2877301370222,1275.9304317121514,-26.642701575129195,0.6195977110495161,False
2241,2024,F,4,4,36,1342.8974504007658,1418.5459520938418,-75.64850169307601,2.1013472692521113,False
2240,2024,F,4,4,43,1567.2431214464289,1433.059822367272,134.18329907915677,-3.1205418390501576,True
2259,2024,M,5,5+,43,1520.470292421161,1550.4322944589755,-29.9620020378145,0.6967907450654535,False
8146,2024,M,4,4,43,1535.5592267971433,1544.4652683096785,-8.90604151253524,0.20711724447756372,False
1657,2024,M,5,5+,43,1539.591614432104,1593.19598186227,-53.604367430165894,1.2466131960503697,False
1656,2024,M,6,5+,43,1555.5910879514645,1564.3553554740015,-8.764267522537011,0.2038201749427212,False
4006,2024,M,2,2,21,2068.024998156928,2165.091198435096,-97.0662002781678,4.622200013246085,False
58,2024,M,3,3,49,2123.167022942939,2211.813128754764,-88.64610581182478,1.809104200241322,False
217,2024,M,2,2,49,2238.0296521903324,2008.3171750237648,229.71247716656762,-4.688009738093217,True
8095,2024,M,4,4,42,2240.0203390057122,1976.080159775487,263.94017923022534,-6.284289981672032,True
8097,2024,M,2,2,27,2267.491817057948,2149.215103604319,118.27671345362887,-4.380619016801069,True
8099,2024,M,2,2,42,2287.4982195525117,1982.047185924784,305.45103362772784,-7.272643657803044,True
3355,2024,M,2,2,21,2320.0459489839654,2392.9280918310233,-72.88214284705782,3.470578230812277,False
8108,2024,M,5,5+,43,1524.4866791742077,1585.0418230356472,-60.55514386143955,1.4082591595683616,False
384,2024,F,3,3,42,1347.1991942171371,1393.3632072905314,-46.164013073394244,1.0991431684141486,False
391,2024,F,3,3,42,1893.106701475947,2027.5246555929525,-134.4179541170056,3.200427478976324,False
394,2024,M,3,3,42,1569.1202302664608,1690.3727852096135,-121.25255494315275,2.886965593884589,False
2174,2024,M,3,3,42,1651.0767752107995,1730.1954552186744,-79.1186800078749,1.883778095425593,False
2179,2024,M,2,2,42,1760.1563344318188,1870.6699236756365,-110.5135892438177,2.631275934376612,False
393,2024,M,3,3,42,1894.4005675485314,1606.1478381404495,288.2527294080819,-6.86316022400195,True
2229,2024,F,3,3,49,1424.221720649268,1695.5595251225511,-271.3378044732831,5.537506213740471,False
231,2024,F,3,3,49,1441.1447438204693,1401.7912032681215,39.353540552347795,-0.8031334806601591,True
972,2024,F,2,2,14,1466.6288257723957,1506.8848360382433,-40.256010265847635,2.8754293047034025,False
63,2024,F,2,2,21,1479.9681499191072,1397.4127983919875,82.55535152711968,-3.931207215577128,True
234,2024,F,3,3,49,1516.501970529877,1476.302707863099,40.19926266677817,-0.820393115648534,True
233,2024,F,4,4,42,1546.0674874819167,1408.197577010449,137.86991047146762,-3.282616915987324,True
4092,2024,F,3,3,49,1567.4701344337298,1592.8948085110471,-25.424674077317377,0.5188708995370893,False
8112,2024,F,2,2,21,1570.257455897222,1494.7946486349945,75.46280726222744,-3.593467012487021,True
237,2024,F,3,3,49,1578.4203258974483,1574.5902466345774,3.8300792628708678,-0.078164882915732,True
240,2024,F,4,4,42,1584.492704800056,1553.393089894295,31.099614905760973,-0.7404670215657374,True
236,2024,F,2,2,21,1591.6601028490354,1538.8638283847142,52.796274464321186,-2.5141083078248183,True
2230,2024,F,2,2,27,1619.135128703456,1493.5345647391225,125.60056396433356,-4.651872739419762,True
8115,2024,F,2,2,27,1633.2708304111652,1532.0434212697498,101.22740914141536,-3.7491633015339025,True
78,2024,F,2,2,49,1666.0218576071957,1725.0059942281764,-58.984136620980735,1.2037578902240966,False
8117,2024,F,3,3,49,1674.7820107781706,1645.9183491640815,28.863661614089096,-0.5890543186548796,True
8118,2024,F,3,3,49,1675.976577119667,1612.2936648475231,63.68291227214377,-1.299651270860077,True
8119,2024,F,3,3,49,1690.6100148029998,1682.726435546113,7.883579256886833,-0.1608893725895272,True
8120,2024,F,2,2,28,1696.1846577299839,1631.8350816653472,64.34957606463672,-2.298199145165597,True
82,2024,F,2,2,21,1727.7411185845176,1716.6876988193492,11.053419765168428,-0.5263533221508775,True
8122,2024,F,2,2,21,1735.60534699937,1597.9709259112833,137.6344210880868,-6.554020051813658,True
3368,2024,F,4,4,42,1736.7003661457418,1638.9192139217657,97.78115222397605,-2.32812267199943,True
8123,2024,F,4,4,42,1737.1981021213655,1624.001866707672,113.19623541369356,-2.695148462230799,True
253,2024,F,3,3,42,1755.4152388291882,1595.1616620937573,160.2535767354309,-3.8155613508435926,True
8124,2024,F,3,3,49,1772.2387148052644,1663.725504467821,108.5132103374433,-2.214555313009047,True
8125,2024,F,3,3,49,1774.8269418785071,1600.7538323601837,174.07310951832346,-3.5525124391494582,True
8128,2024,F,3,3,49,1829.279257611725,1663.228097895091,166.05115971663395,-3.3887991778904887,True
4778,2024,F,2,2,21,1894.6817648086615,1813.4881354654794,81.19362934318201,-3.8663633020562864,True
8134,2024,F,3,3,49,1962.8715934690897,1849.855043983445,113.01654948564465,-2.3064601935845848,True
8135,2024,F,4,4,42,1986.2651843233973,1835.828197147803,150.43698717559437,-3.581833027990342,True
271,2024,F,2,2,21,2035.640593105255,1959.5707652977337,76.06982780752128,-3.6223727527391083,True
6342,2024,M,2,2,27,1561.9924096874756,1540.4503009861626,21.542108701313055,-0.7978558778264094,True
115,2024,M,3,3,49,1572.543049808987,1541.6781878164807,30.86486199250635,-0.6298951427042112,True
127,2024,M,4,4,42,1590.0610937843257,1519.602659354275,70.45843443005083,-1.6775817721440673,True
120,2024,M,3,3,49,1602.7019550619852,1571.402315889548,31.29963917243731,-0.6387681463762717,True
10,2024,M,3,3,49,1608.5744811673546,1646.4582245690324,-37.88374340167775,0.773137620442403,False
135,2024,M,2,2,49,1625.7939221203867,1620.8099802785596,4.983941841827118,-0.10171309881279833,True
8037,2024,M,3,3,49,1635.9464248788217,1604.2082097494551,31.73821512936661,-0.6477186761095226,True
129,2024,M,4,4,42,1643.2124317549567,1657.8387651463195,-14.626333391362778,0.3482460331276852,False
128,2024,M,4,4,42,1647.9900801118677,1581.261929563676,66.7281505481917,-1.5887654892426597,True
123,2024,M,4,4,42,1648.4877518157125,1641.9266954148611,6.561056400851385,-0.15621562859169963,True
140,2024,M,2,2,21,1650.5779729718606,1602.7340726614912,47.84390031036946,-2.2782809671604505,True
8038,2024,M,3,3,49,1653.464468854161,1644.4699885775228,8.994480276638114,-0.1835608219722064,True
8041,2024,M,4,4,42,1680.5378095433214,1615.075077743025,65.4627318002963,-1.558636471435626,True
8046,2024,M,3,3,49,1712.4883329301613,1659.0835231151177,53.40480981504356,-1.089894077858032,True
142,2024,M,3,3,49,1728.5133617939657,1756.4076748995085,-27.89431310554278,0.5692716960314853,False
146,2024,M,2,2,49,1733.987750536259,1679.2641184289394,54.723632107319645,-1.1168088185167275,True
8047,2024,M,2,2,21,1734.087284877028,1770.9792362001162,-36.89195132308828,1.7567595868137276,False
16,2024,M,3,3,49,1736.3765747147145,1677.1764706378542,59.20010407686027,-1.208165389323679,True
6,2024,M,3,3,49,1747.0267491769946,1850.7494726966352,-103.72272351964057,2.116790275911032,False
8048,2024,M,2,2,27,1754.1932217123606,1687.3529095676463,66.84031214471429,-2.4755671164708994,True
158,2024,M,2,2,21,1757.3783206169676,1684.4493900558082,72.9289305611594,-3.472806217198067,True
177,2024,M,3,3,42,1760.6629538623438,1697.6189394749654,63.04401438737841,-1.5010479616042478,True
8050,2024,M,2,2,27,1760.8620225438815,1759.091249929389,1.7707726144924436,-0.06558417090712754,True
8051,2024,M,2,2,28,1761.4592285884955,1761.2158328524613,0.2433957360342447,-0.008692704858365883,True
8052,2024,M,2,2,27,1766.236876945406,1788.697549126299,-22.46067218089297,0.8318767474404803,False
8054,2024,M,2,2,28,1767.9289607384785,1771.3619558093853,-3.432995070906827,0.12260696681810097,False
4237,2024,F,2,2,36,1727.0615147530955,1894.9474435892196,-167.8859288361241,4.663498023225669,False
1153,2024,F,3,3,50,1940.4621380244243,2330.0704391708264,-389.608301146402,7.792166022928041,False
1198,2024,M,4,4,50,1580.9051357466678,1556.1703872790779,24.734748467589952,-0.494694969351799,True
1294,2024,M,4,4,50,1678.9493550258098,1681.7113544826427,-2.761999456832882,0.05523998913665764,False
7641,2024,M,3,3,50,1730.5190703631852,1765.0402914766028,-34.521221113417596,0.6904244222683519,False
7642,2024,M,4,4,50,1782.7063870818465,1763.44738467624,19.259002405606452,-0.385180048112129,True
7643,2024,M,2,2,36,1843.5401231385108,2002.3607617560253,-158.82063861751453,4.41168440604207,False
4735,2024,M,4,4,50,1993.9260594816358,1934.3861956901342,59.5398637915016,-1.190797275830032,True
7644,2024,M,3,3,50,2059.855006933909,2088.201258600132,-28.346251666222997,0.56692503332446,False
2261,2024,M,4,4,43,1593.7036549528673,1574.300399056163,19.403255896704195,-0.45123850922567893,True
153,2024,M,3,3,49,1772.6070747546203,1743.4841409546966,29.122933799923658,-0.5943455877535441,True
8056,2024,M,4,4,42,1774.1996242069238,1699.6079481913978,74.59167601552599,-1.775992286083952,True
8057,2024,M,2,2,21,1775.1949676146135,1725.937902831765,49.257064782848374,-2.34557451346897,True
166,2024,M,2,2,49,1776.8870514076862,1708.5905993037047,68.29645210398144,-1.393805144979213,True
181,2024,M,3,3,49,1777.384723111531,1841.3053517369651,-63.92062862543412,1.3045026250088596,False
8058,2024,M,2,2,49,1790.8218591153422,1727.280017623894,63.54184149144817,-1.296772275335677,True
8059,2024,M,2,2,21,1792.9120802714906,1700.8789875424009,92.03309272908973,-4.382528225194749,True
31,2024,M,2,2,21,1797.2915912653255,1840.67448841317,-43.38289714784446,2.0658522451354506,False
2200,2024,M,2,2,42,1804.756666822998,1858.7286455059814,-53.97197868298326,1.2850471114996016,False
8060,2024,M,2,2,49,1805.154804186074,1758.6941462897446,46.460657896329394,-0.9481766917618244,True
160,2024,M,3,3,49,1809.7333838614468,1781.360036592953,28.373347268493717,-0.5790479034386473,True
156,2024,M,3,3,49,1810.7287272691365,1792.2953345462554,18.43339272288108,-0.3761916882220629,True
8061,2024,M,3,3,49,1816.20311601143,1796.6694537275762,19.5336622838538,-0.39864616905824085,True
8062,2024,M,2,2,21,1821.8765734352614,1769.9301177329514,51.946455702310004,-2.4736407477290476,True
8064,2024,M,3,3,49,1829.1425803113964,1783.0500371857363,46.092543125660086,-0.9406641454216345,True
6820,2024,M,4,4,42,1839.8922891144452,1906.4648547003567,-66.57256558591143,1.5850610853788436,False
164,2024,M,2,2,49,1841.5843729075177,1776.2900348146038,65.2943380929139,-1.3325375121002838,True
8065,2024,M,4,4,42,1845.7648152198146,1606.1245385190798,239.64027670073483,-5.70572087382702,True
188,2024,M,3,3,49,1865.9702863959158,1715.4500134744126,150.5202729215032,-3.0718423045204735,True
15,2024,M,2,2,21,1867.7619045297574,1798.6241212232842,69.13778330647324,-3.2922753955463446,True
8067,2024,M,3,3,49,1881.4976435558754,1814.563577651162,66.9340659047134,-1.3660013449941513,True
8068,2024,M,2,2,21,1895.0343139004556,1737.8748448540225,157.15946904643306,-7.483784240306337,True
8069,2024,M,3,3,42,1897.6222067604488,1961.1625944022448,-63.54038764179609,1.5128663724237164,False
8071,2024,M,2,2,21,1914.2444416688672,1911.3301452385576,2.914296430309605,-0.13877602049093357,True
8073,2024,M,2,2,21,1921.4109142042332,1883.8682786208778,37.54263558335538,-1.7877445515883512,True
8074,2024,M,3,3,28,1929.6722644880579,1839.686379551226,89.98588493683178,-3.2137816048868495,True
8075,2024,M,2,2,28,1933.6536381188166,1890.2011193793164,43.45251873950019,-1.551875669267864,True
8077,2024,M,2,2,27,1954.4563153395318,1767.0130945752467,187.44322076428512,-6.942341509788338,True
8079,2024,M,2,2,21,1959.7316354002876,1925.5440762014778,34.18755919880982,-1.6279790094671345,True
3415,2024,M,3,3,28,1972.272962337178,1803.2035118976048,169.06945043957307,-6.038194658556181,True
8081,2024,M,2,2,49,1972.8701683817915,1705.111186318563,267.75898206322836,-5.464469021698538,True
3412,2024,M,3,3,42,1974.8608551971708,1879.6132370285206,95.2476181686502,-2.2678004325869097,True
8084,2024,M,3,3,49,2017.859690409367,1958.9095106347531,58.950179774613844,-1.203064893359466,True
8085,2024,M,3,3,49,2023.1350104701223,1920.3377323994687,102.79727807065365,-2.0979036340949726,True
192,2024,M,3,3,49,2037.6670242223925,1845.8782945174369,191.78872970495559,-3.9140557082644,True
182,2024,M,2,2,21,2046.525580550831,1940.9408585621438,105.58472198868708,-5.027843904223194,True
8087,2024,M,2,2,49,2055.881808583114,1929.2847943612612,126.59701422185276,-2.5836125351398525,True
671,2024,M,4,4,42,1547.390394319728,1561.0486643551878,-13.658270035459736,0.3251969056061842,False
680,2024,M,5,5+,42,1571.5432100479236,1546.5133898018807,25.029820246042846,-0.5959481010962582,True
2540,2024,M,2,2,28,1598.9164012065453,1655.4957674293362,-56.579366222790895,2.0206916508139607,False
5236,2024,M,3,3,28,1652.0525958085757,1673.857780342725,-21.805184534149248,0.7787565905053303,False
743,2024,M,5,5+,42,1759.9351727278488,1772.407485428279,-12.472312700430166,0.29695982620071826,False
5220,2024,M,5,5+,42,1695.5276641193277,1819.00000933888,-123.47234521955238,2.9398177433226755,False
732,2024,M,3,3,42,1703.5786026953926,1727.2087549679948,-23.630152272602118,0.5626226731571933,False
708,2024,M,3,3,42,1829.1732444820097,1914.673974035649,-85.5007295536393,2.035731656039031,False
2663,2023,F,3,3,28,1499.9026336291365,1553.01002057519,-53.107386946053566,1.8966923909304845,False
1488,2023,F,3,3,42,1660.8178720782837,1610.9588837086571,49.85898836962656,-1.1871187707053943,True
1468,2023,F,2,2,14,1565.9139936738104,1726.8555663579045,-160.94157268409413,11.495826620292437,False
1480,2023,F,2,2,14,1635.9056039971092,1680.9128344826472,-45.007230485538,3.2148021775384286,False
1486,2023,F,3,3,28,1651.3274842378362,1696.7840150704087,-45.456530832572525,1.623447529734733,False
1466,2023,F,3,3,42,1552.8647103931953,1543.4494337282542,9.415276664941075,-0.22417325392716844,True
1472,2023,F,2,2,28,1588.4536647948726,1648.9414334002067,-60.48776860533417,2.160277450190506,False
362,2023,F,4,4,49,1909.667490805336,2046.3558132787982,-136.68832247346222,2.789557601499229,False
1458,2023,F,2,2,21,1489.9908909502317,1429.0417285840354,60.94916236619633,-2.902341065056968,True
1498,2023,F,2,2,21,1747.4176611223654,1692.671244902644,54.74641621972137,-2.6069722009391127,True
1462,2023,F,2,2,21,1493.5497863903995,1448.2926662719317,45.25712011846781,-2.1551009580222766,True
1484,2023,F,2,2,21,1646.5822903176127,1596.9731142899664,49.6091760276463,-2.362341715602205,True
263,2024,F,3,3,50,1694.8286312941004,1685.6602351925926,9.168396101507824,-0.18336792203015648,True
170,2024,M,4,4,50,1664.7763967163908,1748.338661743989,-83.56226502759819,1.6712453005519636,False
134,2024,M,4,4,50,1800.1857420237152,1767.2342445500958,32.95149747361938,-0.6590299494723877,True
179,2024,M,3,3,50,1959.1585729268318,1911.4373764914374,47.721196435394404,-0.9544239287078881,True
165,2024,M,2,2,29,2081.4950255406,2307.5526763718162,-226.05765083121605,7.795091407972968,False
7689,2024,M,3,3,43,1576.7139753322292,1736.7449883717436,-160.0310130395144,3.7216514660352185,False
7690,2024,M,5,5+,57,1625.1687101657087,1691.690593375874,-66.52188321016524,1.167050582634478,False
7691,2024,M,5,5+,57,1632.754275682771,1715.7482488731391,-82.99397319036802,1.4560346173748777,False
2,2023,M,5,5+,57,1513.3563122716457,1725.3415296642318,-211.98521739258604,3.7190389016243164,False
3,2023,M,4,4,50,1567.3599939462742,1571.0548405146012,-3.694846568326966,0.07389693136653933,False
5,2023,M,3,3,28,1582.1002172924586,1697.294161390873,-115.19394409841425,4.114069432086223,False
312,2024,M,3,3,21,1530.4265449321963,1565.2424586133925,-34.81591368119621,1.6579006514855337,False
310,2024,M,6,5+,57,1546.526520723512,1570.3087860942176,-23.782265370705545,0.41723272580185167,False
327,2024,M,5,5+,57,1652.569630502852,1692.982946770355,-40.41331626750298,0.7090055485526838,False
346,2024,M,4,4,43,2016.0575454837133,2282.548063085122,-266.4905176014088,6.197453897707181,False
7694,2024,M,3,3,50,1636.952281655909,1684.0011580081637,-47.04887635225464,0.9409775270450927,False
2731,2024,M,2,2,36,1870.5784627529715,1814.8994414199124,55.679021333059154,-1.5466394814738653,True
7698,2024,M,3,3,36,1912.0004317318994,2020.52204559731,-108.52161386541047,3.01448927403918,False
7699,2024,M,2,2,36,2156.139006471341,1772.7029220117781,383.43608445956284,-10.651002346098968,True
4354,2024,M,2,2,36,2193.3246377137884,2133.3943178965783,59.93031981721015,-1.6647311060336152,True
7700,2024,M,2,2,22,2210.5837914550084,2432.4093594082083,-221.82556795319988,10.082980361509085,False
1615,2024,M,4,4,36,2259.5370275210144,2329.029175809625,-69.49214828861068,1.9303374524614076,False
7701,2024,M,3,3,36,2290.603504255211,2133.7653192240905,156.8381850311207,-4.356616250864464,True
7702,2024,M,2,2,36,2310.686883154086,2361.950662029946,-51.263778875860226,1.423993857662784,False
7703,2024,M,3,3,36,2361.6798373895085,2165.7593021256303,195.92053526387826,-5.442237090663285,True
7704,2024,F,5,5+,50,1480.1253531746,1427.3112534241461,52.814099750453806,-1.056281995009076,True
7705,2024,F,5,5+,50,1490.981162152931,1469.1240961693607,21.857065983570237,-0.43714131967140474,True
7706,2024,F,3,3,36,1576.1934261763897,1542.2846995498146,33.90872662657512,-0.9419090729604199,True
2703,2024,F,4,4,36,1716.151651606701,1588.553240536309,127.5984110703921,-3.544400307510892,True
7711,2024,F,3,3,36,1843.386401997893,1760.9579374141933,82.42846458369968,-2.2896795717694354,True
7712,2024,F,4,4,36,1911.0892967014631,1781.1428578784412,129.94643882302194,-3.609623300639498,True
7715,2024,F,2,2,15,1431.5109295455234,1478.1483299586569,-46.63740041313349,3.1091600275422326,False
3493,2024,M,2,2,15,1673.2902880972392,1756.5293621888018,-83.23907409156254,5.54927160610417,False
7716,2024,M,2,2,15,1932.1844306781234,1997.6216275872648,-65.43719690914145,4.3624797939427635,False
93,2024,M,4,4,57,1570.8684226289236,1573.3366306880198,-2.4682080590962414,0.043301895773618274,False
7718,2024,M,4,4,57,1577.241710655319,1618.6418751005917,-41.40016444527282,0.7263186744784705,False
90,2024,M,4,4,57,1631.2675830021474,1587.8741376863397,43.39344531580764,-0.7612885143124147,True
7719,2024,M,4,4,57,1668.9190076503905,1618.8410190320758,50.07798861831475,-0.8785612038300833,True
99,2024,M,3,3,57,1680.5870272679451,1678.7833424087094,1.8036848592357728,-0.031643594021680224,True
2970,2024,M,3,3,57,1702.550358312754,1656.9770819112296,45.57327640152448,-0.799531164939026,True
106,2024,M,4,4,57,1756.1840283194963,1702.6806141867694,53.5034141327269,-0.9386563882934544,True
7720,2024,M,4,4,57,1782.363534520228,1719.7074203286368,62.656114191591314,-1.0992300735366898,True
108,2024,M,4,4,57,1942.5781904453052,1891.4690612334425,51.10912921186264,-0.8966513896818007,True
1483,2024,F,2,2,36,1631.28957496964,1562.2148588819891,69.07471608765081,-1.918742113545856,True
1484,2024,F,5,5+,36,1670.860749632589,1528.5471954280304,142.3135542045586,-3.9531542834599613,True
7713,2024,F,3,3,36,1935.485684620508,1906.1129916653429,29.37269295516512,-0.8159081376434756,True
1584,2024,M,5,5+,50,1737.2122747526337,1847.5727750703813,-110.36050031774766,2.2072100063549533,False
5298,2024,F,3,3,36,1728.1747518730247,1641.0340337433533,87.14071812967131,-2.420575503601981,True
7717,2024,M,4,4,57,1575.574850709954,1581.4019599131152,-5.8271092031611715,0.10222998602037144,False
7697,2024,M,5,5+,36,1871.5198711388557,1896.9200243786663,-25.400153239810606,0.7055598122169613,False
1589,2024,M,4,4,36,2030.3040855580814,1947.395731306027,82.90835425205432,-2.3030098403348425,True
7693,2024,M,4,4,36,1572.936511415747,1571.4542282218965,1.482283193850435,-0.041174533162512086,True
1520,2024,M,2,2,15,1620.9483390958685,1551.4209188270218,69.52742026884675,-4.635161351256451,True
1557,2024,M,4,4,50,1738.6243873314609,1733.381268819399,5.243118512061756,-0.10486237024123511,True
2751,2024,M,4,4,36,2137.467740151294,2133.462660246383,4.005079904910872,-0.11125221958085756,True
1608,2024,M,3,3,36,2269.892519765747,2260.7942211258105,9.098298639936274,-0.25273051777600763,True
1458,2024,F,3,3,36,1534.8713145814525,1567.9175888383934,-33.04627425694093,0.9179520626928037,False
7707,2024,F,2,2,15,1619.3832038321157,1922.5820416884333,-303.1988378563176,20.21325585708784,False
1497,2024,F,4,4,36,1707.1635086891583,1556.747293047499,150.4162156416594,-4.1782282122683165,True
7696,2024,M,5,5+,36,1868.381843185907,1812.3121953201537,56.06964786575327,-1.5574902184931463,True
7722,2024,M,3,3,34,1564.8492140321316,1514.7507512580055,50.09846277412612,-1.4734841992390035,True
7723,2024,M,2,2,56,1571.10861088826,1659.3813282370504,-88.27271734879037,1.5762985240855423,False
1525,2024,M,3,3,56,1611.7946904530957,1686.3800231895934,-74.58533273649778,1.3318809417231745,False
1546,2024,M,3,3,56,1624.3134841653525,1704.0330160431788,-79.71953187782628,1.423563069246898,False
2070,2024,M,4,4,56,1639.9619763056742,1693.6489025998933,-53.68692629421912,0.95869511239677,False
530,2023,M,2,2,14,1740.8194310103825,1676.0618406932567,64.75759031712573,-4.625542165508981,True
7726,2024,M,3,3,56,1691.6020003687343,1826.5655546739497,-134.96355430521544,2.41006346973599,False
1554,2024,M,3,3,56,1693.1668495827662,1942.8676252387495,-249.7007756559833,4.458942422428273,False
2497,2024,M,3,3,56,1710.3801909371198,1753.87676057095,-43.49656963383018,0.7767244577469674,False
7727,2024,M,2,2,56,1722.8989846493769,1773.606576113193,-50.707591463816016,0.9054927047110003,False
7729,2024,M,3,3,56,1729.1583815055055,1770.4913420802072,-41.3329605747017,0.7380885816911018,False
5932,2024,M,2,2,56,1765.1499134282446,1751.799937882293,13.349975545951565,-0.23839242046342082,True
7730,2024,M,2,2,56,1801.1414453509838,1752.8383492266216,48.30309612436213,-0.862555287935038,True
7731,2024,M,2,2,56,1815.2250882772726,1875.3708878573925,-60.145799580119956,1.074032135359285,False
7732,2024,M,3,3,56,1852.781469414044,1858.7563063481357,-5.974836934091627,0.10669351668020763,False
7733,2024,M,2,2,56,1879.38390605259,1966.7510861583064,-87.36718010571644,1.560128216173508,False
7734,2024,M,3,3,56,1882.5136044806543,1923.1378096965063,-40.624205215852044,0.725432235997358,False
1592,2024,M,3,3,56,1901.2917950490398,1971.943142879949,-70.65134783090912,1.2616312112662342,False
2600,2024,M,2,2,56,1960.756065182261,2254.3910285373195,-293.6349633550585,5.243481488483188,False
7736,2024,M,3,3,56,2034.303978241771,1956.3669727150204,77.93700552675045,-1.3917322415491153,True
7737,2024,M,2,2,56,2038.9985258838676,2132.896901250877,-93.8983753670093,1.6767567029823087,False
7740,2024,M,2,2,56,2200.177994929177,2352.001694904205,-151.82369997502792,2.71113749955407,False
7741,2024,M,2,2,56,2278.4204556307836,2150.549894104463,127.87056152632067,-2.2834028843985834,True
7742,2024,M,2,2,56,2284.6798524869123,2692.600615843975,-407.9207633570627,7.284299345661834,False
7744,2024,M,3,3,56,2366.052011616583,2392.4997373330193,-26.447725716436253,0.4722808163649331,False
7745,2024,F,2,2,56,1338.4759851725887,1346.3442541200786,-7.8682689474899234,0.14050480263374862,False
1494,2024,F,2,2,56,1544.9367856900083,1532.6246816667074,12.31210402330089,-0.21985900041608733,True
7747,2024,F,2,2,56,1550.8021493410713,1731.7180486742154,-180.91589933314413,3.2306410595204307,False
7748,2024,F,2,2,56,1575.4366766755363,1666.6677406420592,-91.23106396652292,1.629126142259338,False
1466,2024,F,4,4,56,1438.1871672406608,1392.6679583247958,45.519208915864965,-0.8128430163547316,True
7753,2024,F,3,3,56,1724.4169134125377,1800.710799617411,-76.29388620487339,1.3623908250870247,False
7754,2024,F,2,2,56,1738.493786175089,1776.0705314234126,-37.576745248323505,0.6710133080057769,False
7755,2024,F,3,3,56,1767.8206044304043,1780.0129743344523,-12.192369904048064,0.21772089114371543,False
7756,2024,F,2,2,56,1815.9165863691212,1826.3366785391695,-10.420092170048292,0.18607307446514806,False
1492,2024,F,2,2,56,1872.2240774193267,2027.4012670021973,-155.1771895828706,2.7710212425512606,False
7757,2024,F,2,2,21,2640.5867157085863,2526.95119696544,113.63551874314635,-5.411215178245064,True
2516,2024,F,4,4,56,1505.0523128627794,1494.1858632840697,10.866449578709762,-0.19404374247696005,True
7751,2024,F,4,4,56,1603.5904222006386,1688.351176652778,-84.76075445213928,1.5135849009310587,False
4555,2024,F,3,3,56,1874.5702228797518,1820.4230141726098,54.147208707142,-0.9669144411989643,True
7725,2024,M,3,3,21,1663.434714516156,1696.2379015256392,-32.80318700948328,1.5620565242611086,False
492,2023,F,2,2,14,1664.6425701180326,1607.8348594380086,56.807710680024,-4.057693620001714,True
556,2023,M,3,3,29,2087.7296608201477,1852.0924478801883,235.63721293995945,-8.125421135860671,True
2568,2023,M,2,2,28,1787.045405469764,1953.038974096526,-165.993568626762,5.928341736670071,False
2585,2023,M,3,3,28,1845.2027319902052,1860.7392309450518,-15.536498954846593,0.5548749626730926,False
550,2023,M,4,4,42,1953.1574824580312,1902.711531611377,50.445950846654114,-1.2010940677774788,True
551,2023,M,4,4,42,1958.250461551794,1949.7952131551,8.455248396693833,-0.20131543801651983,True
548,2023,M,3,3,29,1941.0126861575197,2068.630371535091,-127.6176853775712,4.400609840605903,False
2596,2023,M,2,2,28,1928.7231147987268,2017.3244182084152,-88.6013034096884,3.1643322646317285,False
2617,2023,M,2,2,28,2183.3229664548785,2306.2157335675015,-122.892767112623,4.389027396879393,False
524,2023,M,4,4,57,1528.812308668183,1655.694221132512,-126.88191246432893,2.2259984642864725,False
474,2023,F,4,4,42,1376.7403902164494,1346.7745043055781,29.965885910871293,-0.7134734740683641,True
513,2023,M,4,4,42,1676.4715989988024,1831.5453824722213,-155.07378347341887,3.6922329398433065,False
521,2023,M,5,5+,64,1706.2459383161847,1674.3119691693094,31.93396914687537,-0.49896826791992765,True
2604,2023,M,2,2,15,1976.5413610488672,2160.5916638473063,-184.05030279843913,12.27002018656261,False
517,2023,M,4,4,42,1694.1011420156738,1741.0149634706158,-46.91382145494208,1.1169957489271924,False
2554,2023,M,3,3,28,1694.1552311662829,1750.9428378671,-56.78760670081715,2.02812881074347,False
534,2023,M,4,4,42,1770.1040607995185,1791.145814383557,-21.041753584038588,0.5009941329532998,False
504,2023,M,4,4,42,1536.4146739203256,1580.4979447631001,-44.08327084277448,1.0496016867327258,False
507,2023,M,4,4,42,1623.2891442312412,1634.265739761882,-10.976595530640907,0.26134751263430733,False
1483,2023,F,2,2,21,1638.2782009572213,1555.956790160927,82.32141079629423,-3.9200671807759155,True
7694,2023,M,2,2,21,1684.7224682079898,1697.9440374636797,-13.221569255689928,0.6295985359852347,False
3461,2024,F,2,2,28,2029.158715374852,1909.6645812350748,119.49413413977709,-4.267647647849182,True
1520,2023,M,2,2,35,1493.2104507602262,1614.892846010527,-121.68239525030071,3.476639864294306,False
1584,2023,M,2,2,21,1837.3487968338723,1742.3621635733264,94.98663326054589,-4.523173012406947,True
19505,2024,F,3,3,21,1506.005923083713,1386.318801096445,119.68712198726803,-5.699386761298477,True
2239,2024,F,4,4,22,1397.338786407947,1355.4896168539847,41.84916955396238,-1.9022349797255629,True
539,2023,M,2,2,14,1799.3886905886545,1719.3567393251399,80.03195126351466,-5.716567947393904,True
561,2023,M,4,4,42,2203.5949352032517,2083.870665400692,119.72426980255977,-2.850577852441899,True
7115,2024,F,2,2,7,1435.7591420855817,1439.0267612529096,-3.2676191673278936,0.4668027381896991,False
11376,2024,F,3,3,35,1553.7347053189635,1468.861455681097,84.87324963786659,-2.424949989653331,True
21466,2024,F,2,2,7,1482.523299866609,1484.7732927094637,-2.249992842854681,0.32142754897924014,False
2245,2024,F,3,3,21,1627.4544968722792,1462.8945167954596,164.55998007681956,-7.836189527467598,True
19512,2024,F,3,3,14,1651.002873836669,1538.938783827976,112.06409000869303,-8.004577857763788,True
19520,2024,F,2,2,14,1778.447562130057,1562.2213645104448,216.2261976196121,-15.444728401400864,True
4791,2024,F,3,3,21,1754.245063583323,1558.3655389656594,195.8795246176635,-9.327596410364928,True
20763,2024,F,3,3,14,1576.143843171988,1573.2828861797532,2.860956992234833,-0.20435407087391663,True
19513,2024,F,2,2,14,1673.1339873726467,1588.190396810122,84.94359056252483,-6.067399325894631,True
2249,2024,F,2,2,14,1787.7142845465994,1644.2078879393096,143.50639660728984,-10.250456900520703,True
8183,2024,F,3,3,21,1777.6844202839886,1708.5335009208698,69.15091936311887,-3.29290092205328,True
11377,2024,F,5,5+,35,1894.6865044188748,1687.6492148211385,207.0372895977364,-5.915351131363897,True
2775,2024,F,3,3,21,1970.432246548069,1729.417787020601,241.01445952746803,-11.476879025117526,True
19526,2024,F,2,2,14,2234.915406342559,1775.5455225583648,459.36988378419414,-32.812134556013866,True
2064,2024,F,5,5+,35,1916.6319098612332,1804.0045230910698,112.62738677016341,-3.2179253362903832,True
19524,2024,F,2,2,14,1980.8981918655757,1826.0906122450922,154.80757962048347,-11.057684258605962,True
1671,2024,F,4,4,35,1640.1198012875193,1640.9081935503116,-0.7883922627922857,0.022525493222636733,False
1625,2024,M,5,5+,35,1646.9231309594766,1611.0970603101605,35.82607064931608,-1.023602018551888,True
5,2024,M,2,2,7,1597.1516529855917,1602.1465210862152,-4.994868100623535,0.7135525858033621,False
2260,2024,M,3,3,21,1684.9621057989407,1650.8772346388064,34.0848711601343,-1.623089102863538,True
2066,2024,M,4,4,28,1730.4417411147676,1631.5974843097215,98.84425680504614,-3.530152028751648,True
2994,2024,M,3,3,21,1724.6094304113642,1670.7673218031293,53.84210860823487,-2.56390993372547,True
2265,2024,M,2,2,14,1889.132331708906,1641.9511445921187,247.1811871167872,-17.655799079770514,True
19502,2024,M,3,3,21,1768.6838756380776,1708.558487415343,60.1253882227345,-2.863113724892119,True
2783,2024,M,4,4,29,1820.128241049181,1662.8112869374002,157.3169541117809,-5.424722555578652,True
19362,2024,M,3,3,22,1863.5860836052223,1673.0121254393111,190.5739581659111,-8.66245264390505,True
1631,2024,M,5,5+,35,1812.2640354126636,1724.4705571468014,87.79347826586218,-2.508385093310348,True
2269,2024,M,4,4,21,1686.643000159095,1652.8662433552388,33.77675680385619,-1.6084169906598185,True
1632,2024,M,5,5+,35,1833.5178752729705,1657.8387651463195,175.67911012665104,-5.019403146475744,True
2784,2024,M,2,2,7,1787.3519610785238,1703.7744430091266,83.57751806939723,-11.939645438485318,True
1636,2024,M,2,2,7,1718.5084980263844,1725.4650615050175,-6.956563478633143,0.9937947826618776,False
1663,2024,M,4,4,21,1777.6623867447852,1735.410105087179,42.25228165760609,-2.0120134122669566,True
18,2024,M,3,3,21,1898.3493194077398,1705.5749743406946,192.77434506704526,-9.179730717478346,True
11370,2024,M,4,4,35,1903.6655251405568,1732.4265920125306,171.23893312802625,-4.892540946515036,True
2275,2024,M,3,3,21,1827.5886325512822,1755.300192251502,72.28844029978018,-3.4423066809419134,True
505,2023,M,3,3,42,1560.4104408044002,1578.3354374688165,-17.924996664416312,0.42678563486705506,False
7289,2023,F,2,2,29,1460.9566741332392,1464.7613293077745,-3.8046551745353554,0.13119500601846054,False
516,2023,M,4,4,42,1693.21966486483,1653.236826479917,39.982838384913066,-0.9519723424979302,True
2380,2024,F,3,3,35,1512.81807212014,1368.4746104183798,144.34346170176013,-4.124098905764575,True
567,2024,F,2,2,14,1440.694063394488,1361.2985500299453,79.3955133645427,-5.671108097467335,True
1,2023,M,5,5+,50,2055.2652620944577,1997.061405713419,58.203856381038804,-1.164077127620776,True
6,2023,M,4,4,50,1628.1882077279117,1652.0329414046269,-23.844733676715123,0.4768946735343025,False
8,2023,M,4,4,43,1598.753879138831,1563.0865157037747,35.66736343505636,-0.8294735682571246,True
9,2023,M,4,4,28,1648.1689963972844,1650.8813952657526,-2.712398868468199,0.09687138815957853,False
12,2023,M,4,4,50,1723.761339737572,1750.1429406379293,-26.381600900357398,0.527632018007148,False
13,2023,M,2,2,22,1692.1509380252494,1766.1531161698806,-74.00217814463122,3.36373537021051,False
14,2023,M,4,4,50,1717.65883285333,1734.106686956141,-16.44785410281088,0.3289570820562176,False
15,2023,M,2,2,28,1749.450925169623,1707.9011499962648,41.54977517335806,-1.483920541905645,True
16,2023,M,4,4,50,1768.2505834743035,1673.4478143337233,94.80276914058027,-1.8960553828116053,True
17,2023,M,4,4,50,1704.3711162505451,1702.2333877128344,2.1377285377107,-0.042754570754214,True
18,2023,M,4,4,28,1860.8474976354169,1799.582979959025,61.26451767639196,-2.18801848844257,True
19,2023,M,4,4,50,1765.1009025017918,1722.4530119203068,42.647890581484944,-0.8529578116296989,True
20,2023,M,3,3,28,1945.8138482996667,1751.064705587719,194.7491427119478,-6.955326525426707,True
21,2023,M,2,2,22,1769.0079850483696,1700.1417024499926,68.86628259837698,-3.130285572653499,True
22,2023,M,3,3,28,1776.0156034429933,1931.5120823985396,-155.4964789555463,5.553445676983797,False
23,2023,M,2,2,21,1898.7841697444658,1809.2806789489412,89.50349079552461,-4.2620709902630765,True
24,2023,M,3,3,14,1907.500169642502,1771.6364301515898,135.86373949091217,-9.70455282077944,True
25,2023,M,2,2,28,1783.4084231545175,1827.1242735236995,-43.71585036918191,1.5612803703279252,False
26,2023,M,2,2,22,1828.5198619261944,2017.3694415856544,-188.84957965946,8.584071802702727,False
27,2023,M,2,2,21,1751.5679976927975,1829.5167107851194,-77.9487130923219,3.711843480586757,False
28,2023,M,4,4,50,1779.4713219388777,1735.5011437980356,43.97017814084211,-0.8794035628168422,True
30,2023,M,2,2,22,1834.8996946233146,1804.5267574718212,30.37293715149349,-1.380588052340613,True
31,2023,M,2,2,28,1786.6565316574206,1834.999379509207,-48.34284785178647,1.7265302804209455,False
32,2023,M,2,2,8,1847.45999024577,1775.5226903898433,71.93729985592677,-8.992162481990846,True
33,2023,M,4,4,28,1804.7474160569602,1877.503108767164,-72.75569271020368,2.5984175967929883,False
34,2023,M,2,2,22,1856.531314861988,1870.630143614442,-14.098828752453983,0.6408558523842719,False
35,2023,M,4,4,50,1869.630939777033,1849.9462088935327,19.68473088350038,-0.3936946176700076,True
37,2023,M,2,2,28,1937.7427908076045,1879.5585235031563,58.18426730444821,-2.078009546587436,True
38,2023,M,4,4,50,1941.1877543712897,1797.4548692022124,143.73288516907724,-2.8746577033815446,True
39,2023,M,4,4,28,1902.2407869945216,1991.0512566448404,-88.81046965031874,3.1718024875113833,False
40,2023,M,2,2,22,1923.6192430676429,1964.3948939685813,-40.775650900938444,1.853438677315384,False
42,2023,M,2,2,22,1940.1669341257984,2048.7602925581446,-108.59335843234612,4.936061746924824,False
43,2023,M,3,3,50,1988.7282515501422,1916.2825129436644,72.44573860647779,-1.4489147721295559,True
44,2023,M,3,3,28,1923.4707989009098,1950.534162258619,-27.06336335770925,0.9665486913467589,False
45,2023,M,2,2,28,2188.3392831830893,1963.4931974246442,224.84608575844504,-8.030217348515894,True
49,2023,M,2,2,22,2010.3450937941209,2085.9399506491354,-75.59485685501454,3.4361298570461156,False
50,2023,M,3,3,43,2367.833160884404,2136.40748584275,231.42567504165436,-5.381992442829171,True
53,2023,M,2,2,22,2074.4424754230013,2095.856515420863,-21.41403999786189,0.9733654544482678,False
54,2023,M,3,3,28,2187.748718000743,2098.2671631513094,89.48155484943345,-3.1957698160511945,True
55,2023,M,2,2,22,2138.838911709558,2227.8850819002146,-89.04617019065654,4.047553190484388,False
56,2023,M,2,2,28,1999.2599973019792,2145.119059520786,-145.85906221880668,5.209252222100239,False
57,2023,M,2,2,22,2178.4138114088823,2183.3052992453668,-4.89148783648443,0.2223403562038377,False
58,2023,M,3,3,50,2295.8221463700606,2350.9546313742558,-55.13248500419513,1.1026497000839026,False
61,2023,M,2,2,22,2776.4234418780115,2464.2044477481286,312.21899412988296,-14.191772460449226,True
63,2023,F,4,4,50,1413.693495235143,1383.3374571636816,30.3560380714614,-0.607120761429228,True
64,2023,F,4,4,50,1467.6535172027445,1387.1197872379523,80.5337299647922,-1.610674599295844,True
65,2023,F,4,4,50,1509.403607192276,1410.1123726894427,99.29123450283328,-1.9858246900566656,True
66,2023,F,4,4,50,1486.6576855234512,1467.344998813282,19.312686710169146,-0.38625373420338294,True
67,2023,F,4,4,28,1539.6330355573375,1468.1692705081296,71.46376504920795,-2.552277323185998,True
68,2023,F,4,4,43,1478.4500074285618,1483.0715291220936,-4.621521693531804,0.10747724868678614,False
69,2023,F,4,4,50,1522.2043423305759,1492.5273543077712,29.676988022804608,-0.5935397604560921,True
70,2023,F,4,4,50,1536.777486949563,1468.340348832827,68.43713811673592,-1.3687427623347184,True
71,2023,F,4,4,50,1573.7026844638892,1539.010200220524,34.69248424336524,-0.6938496848673048,True
72,2023,F,2,2,21,1522.1026730742035,1540.9603541178312,-18.857681043627736,0.8979848116013207,False
74,2023,F,4,4,50,1711.6552223774108,1536.9199651794793,174.73525719793156,-3.4947051439586314,True
75,2023,F,2,2,28,1699.8391591728266,1563.4648478193258,136.37431135350084,-4.870511119767888,True
76,2023,F,2,2,21,1590.2725892879457,1569.1407599475788,21.13182934036695,-1.0062775876365213,True
79,2023,F,3,3,35,1664.0663021073904,1699.9582983809555,-35.891996273565155,1.0254856078161474,False
81,2023,F,4,4,50,1701.4146342667711,1633.2698470714383,68.14478719533281,-1.3628957439066562,True
82,2023,F,3,3,28,1737.158225460639,1633.2686092562628,103.88961620437613,-3.710343435870576,True
7,2023,M,7,5+,57,1538.4468619515417,1578.5251450247513,-40.078283073209604,0.7031277732142036,False
89,2023,M,3,3,50,1532.4533980123997,1641.625719285177,-109.17232127277725,2.183446425455545,False
90,2023,M,3,3,50,1532.650523481658,1737.1451139775133,-204.4945904958554,4.089891809917108,False
91,2023,M,3,3,50,1561.8250929318554,1658.2486398143371,-96.42354688248179,1.9284709376496358,False
93,2023,M,3,3,50,1588.9298449548426,1659.0098996884199,-70.0800547335773,1.401601094671546,False
94,2023,M,3,3,50,1643.336474470076,1735.2232447872054,-91.8867703171295,1.8377354063425901,False
95,2023,M,3,3,50,1648.4617366707864,1742.199380354623,-93.7376436838365,1.8747528736767298,False
96,2023,M,3,3,50,1658.318010133691,1742.7110468273675,-84.39303669367655,1.687860733873531,False
98,2023,M,3,3,50,1684.9299484835333,1703.886793249126,-18.956844765592678,0.3791368953118536,False
99,2023,M,2,2,43,1694.983347415696,1672.900352686049,22.082994729646998,-0.5135580169685349,True
100,2023,M,3,3,50,1729.7759927397487,1783.5944459666534,-53.818453226904694,1.076369064538094,False
102,2023,M,3,3,50,1742.2934600376377,1726.0007686077386,16.29269142989915,-0.325853828597983,True
103,2023,M,3,3,50,1748.0100986461223,1830.0063389455927,-81.9962402994704,1.639924805989408,False
105,2023,M,3,3,50,1794.1374584525156,1972.3619353991444,-178.22447694662878,3.5644895389325755,False
106,2023,M,2,2,43,1827.6487882263912,1756.5951294028227,71.05365882356841,-1.6524106703155446,True
112,2023,F,3,3,50,1579.8838700512997,1722.0363854674447,-142.15251541614498,2.8430503083228995,False
114,2023,M,2,2,57,1499.4801444134337,1615.9027375924297,-116.42259317899607,2.0425016347192293,False
115,2023,M,3,3,50,1568.737979371748,1558.8035411179555,9.93443825379245,-0.198688765075849,True
116,2023,M,3,3,50,1592.262159135197,1572.9473176571728,19.314841478024164,-0.3862968295604833,True
117,2023,M,3,3,50,1604.0734627821168,1587.9875307376078,16.085932044509036,-0.3217186408901807,True
119,2023,M,2,2,15,1613.5225056996526,1585.5645291627131,27.95797653693944,-1.8638651024626294,True
120,2023,M,3,3,50,1613.6209332300439,1594.2625865261339,19.35834670391,-0.3871669340782,True
121,2023,M,2,2,50,1614.9004911251268,1585.3978251740893,29.502665951037443,-0.5900533190207489,True
123,2023,M,3,3,50,1628.2866352583026,1683.975926456727,-55.68929119842437,1.1137858239684875,False
124,2023,M,3,3,50,1628.6803453798666,1606.2150737423738,22.465271637492833,-0.4493054327498567,True
125,2023,M,3,3,50,1633.9954320209804,1584.6009926930067,49.394439327973714,-0.9878887865594743,True
126,2023,M,2,2,50,1636.6529753415375,1680.574256294309,-43.92128095277144,0.8784256190554288,False
127,2023,M,3,3,50,1641.0822142091324,1648.6761387186511,-7.593924509518729,0.15187849019037458,False
128,2023,M,3,3,50,1644.6256053032084,1771.2158357975732,-126.59023049436473,2.5318046098872946,False
129,2023,M,2,2,22,1645.4130255463365,1650.572853830585,-5.159828284248533,0.23453764928402424,False
130,2023,M,3,3,50,1645.4130255463365,1713.2979254006118,-67.88489985427532,1.3576979970855063,False
131,2023,M,4,4,50,1648.1689963972844,1662.9492284352302,-14.78023203794578,0.29560464075891557,False
132,2023,M,2,2,50,1651.3186773697964,1693.017207677891,-41.69853030809463,0.8339706061618927,False
133,2023,M,4,4,50,1657.0274741324743,1644.2638247140708,12.763649418403475,-0.2552729883680695,True
134,2023,M,4,4,50,1658.4054595579485,1738.7308803868782,-80.32542082892974,1.6065084165785948,False
135,2023,M,2,2,15,1660.9645753481143,1657.1732181082666,3.7913572398476845,-0.25275714932317894,True
138,2023,M,3,3,50,1662.8346984255436,1729.182332562547,-66.3476341370033,1.326952682740066,False
139,2023,M,2,2,50,1674.7444296028543,1721.0585550784124,-46.31412547555806,0.9262825095111612,False
140,2023,M,3,3,50,1682.6186320341342,1641.2757029100108,41.34292912412343,-0.8268585824824686,True
141,2023,M,3,3,50,1683.0123421556984,1769.76494048459,-86.75259832889151,1.7350519665778301,False
142,2023,M,3,3,50,1683.7997623988263,1703.627844554729,-19.828082155902848,0.396561643118057,False
143,2023,M,2,2,50,1686.9494433713385,1888.2054394536024,-201.2559960822639,4.0251199216452775,False
145,2023,M,4,4,50,1709.8830579524413,1702.0341795925638,7.848878359877517,-0.15697756719755035,True
146,2023,M,2,2,15,1713.918586698472,1653.9137881286758,60.004798569796094,-4.000319904653073,True
148,2023,M,2,2,22,1729.6669915610319,1824.742449194782,-95.07545763375015,4.321611710625007,False
149,2023,M,2,2,50,1731.044976986506,1690.2809004965945,40.76407648991153,-0.8152815297982307,True
150,2023,M,3,3,50,1732.915100063935,1792.4746661954457,-59.55956613151079,1.1911913226302158,False
151,2023,M,3,3,50,1755.0612944019097,1824.3479654387522,-69.28667103684256,1.3857334207368512,False
153,2023,M,3,3,50,1758.7031130263765,1746.3579863527866,12.345126673589903,-0.24690253347179805,True
155,2023,M,2,2,50,1768.0537284135216,1747.4536310142757,20.600097399245897,-0.41200194798491796,True
156,2023,M,2,2,15,1769.8254239605596,1756.0425941558512,13.782829804708399,-0.9188553203138933,True
157,2023,M,2,2,50,1778.6839016957497,1824.2102762226134,-45.52637452686372,0.9105274905372744,False
158,2023,M,3,3,50,1784.6879810496007,1759.5057222906507,25.182258758949956,-0.5036451751789991,True
159,2023,M,2,2,50,1788.2313721436767,1807.7140873961519,-19.482715252475145,0.38965430504950294,False
160,2023,M,3,3,50,1789.6093575691505,1746.2583822926515,43.35097527649896,-0.8670195055299792,True
161,2023,M,3,3,50,1790.8889154642336,1706.3171541783831,84.57176128585047,-1.6914352257170093,True
162,2023,M,3,3,50,1800.6332409729425,1887.529083982712,-86.89584300976958,1.7379168601953916,False
164,2023,M,2,2,15,1806.0467551444476,1784.389757917746,21.656997226701606,-1.4437998151134404,True
165,2023,M,4,4,50,1811.5586968463435,1995.8354769609898,-184.27678011464627,3.6855356022929255,False
166,2023,M,2,2,50,1815.2989430012012,1781.0201992798825,34.27874372131873,-0.6855748744263747,True
168,2023,M,2,2,50,1822.7794353109175,1925.056866213132,-102.27743090221452,2.0455486180442906,False
170,2023,M,4,4,50,1825.5354061618655,1910.415759549157,-84.8803533872915,1.6976070677458301,False
172,2023,M,2,2,50,1834.0001737754912,1954.7296801559025,-120.7295063804113,2.414590127608226,False
176,2023,M,2,2,50,1857.5243535389402,1825.742422280647,31.781931258293298,-0.635638625165866,True
177,2023,M,3,3,50,1873.568040992673,1925.9918281875978,-52.42378719492467,1.0484757438984935,False
178,2023,M,3,3,50,1874.9460264181473,1818.4115227001287,56.53450371801864,-1.1306900743603727,True
179,2023,M,4,4,50,1875.930301722057,2019.5377576540964,-143.60745593203933,2.8721491186407864,False
181,2023,M,3,3,50,1908.2145316903047,1753.33027056226,154.88426112804473,-3.0976852225608944,True
183,2023,M,2,2,50,1913.9233284529828,1836.3004526549921,77.62287579799067,-1.5524575159598135,True
184,2023,M,2,2,50,1913.9233284529828,1672.3521696722348,241.57115878074796,-4.831423175614959,True
187,2023,M,2,2,50,1931.0497187410167,1805.7220061934452,125.32771254757154,-2.5065542509514307,True
188,2023,M,3,3,50,1936.7585155036948,1764.6851334176881,172.07338208600663,-3.4414676417201324,True
189,2023,M,2,2,50,1938.4317835203417,1812.395478222512,126.03630529782959,-2.5207261059565917,True
190,2023,M,3,3,15,1939.7113414154246,1831.5033367136477,108.20800470177687,-7.213866980118458,True
191,2023,M,3,3,50,1944.6327179349746,1907.6169597118903,37.015758223084276,-0.7403151644616855,True
192,2023,M,3,3,50,1952.2116377750815,1967.2797917329544,-15.068153957872937,0.30136307915745875,False
194,2023,M,2,2,15,1992.3700701746093,1822.6139822238551,169.75608795075414,-11.317072530050275,True
195,2023,M,2,2,50,2006.7404896116952,1859.6078027266599,147.13268688503535,-2.942653737700707,True
197,2023,M,3,3,50,2024.5558726124661,2076.445841641279,-51.88996902881286,1.037799380576257,False
201,2023,M,2,2,15,2046.209929298486,2024.7974115639208,21.4125177345652,-1.4275011823043466,True
202,2023,M,4,4,50,2050.147030514126,1954.0324517349554,96.11457877917064,-1.922291575583413,True
203,2023,M,2,2,50,2060.974058857136,1722.0607073102328,338.91335154690296,-6.778267030938059,True
205,2023,M,3,3,50,2095.8174046155495,2002.9380452614037,92.87935935414589,-1.8575871870829177,True
207,2023,M,2,2,50,2104.7743098811306,2120.7026325720926,-15.928322690961977,0.31856645381923954,False
208,2023,M,2,2,15,2117.963598953525,1954.4727404891155,163.49085846440948,-10.899390564293965,True
209,2023,M,3,3,50,2133.0230111033475,2061.106816380438,71.9161947229095,-1.43832389445819,True
210,2023,M,3,3,50,2135.975837015077,1972.9572231606685,163.0186138544086,-3.2603722770881722,True
211,2023,M,2,2,50,2150.543111512945,2399.818621162085,-249.27550964914008,4.985510192982802,False
217,2023,M,2,2,50,2236.076635422724,2103.53814599809,132.538489424634,-2.65076978849268,True
220,2023,M,2,2,15,2289.0306467730816,2186.6824338835922,102.34821288948933,-6.823214192632622,True
221,2023,M,4,4,50,2302.810501027821,2041.4848165337771,261.3256844940438,-5.226513689880876,True
224,2023,M,2,2,15,2377.2217140034168,2279.6255736046483,97.59614039876851,-6.5064093599179005,True
225,2023,M,3,3,50,2404.190857330551,2235.2147134969996,168.9761438335513,-3.379522876671026,True
228,2023,M,3,3,50,2649.7675456560937,2394.6808137736666,255.0867318824271,-5.101734637648542,True
230,2023,F,2,2,50,1421.6693378982372,1340.086637622495,81.58270027574235,-1.6316540055148472,True
231,2023,F,3,3,50,1429.645180561332,1395.5802624040853,34.064918157246666,-0.6812983631449333,True
232,2023,F,3,3,50,1457.806797865591,1367.5113918529157,90.29540601267536,-1.8059081202535072,True
233,2023,F,3,3,50,1492.2703155456286,1437.4176442188548,54.852671326773816,-1.0970534265354763,True
234,2023,F,3,3,50,1503.2001740098692,1430.716118094025,72.48405591584424,-1.4496811183168847,True
235,2023,F,3,3,50,1522.9920798775481,1428.1778623745856,94.81421750296249,-1.89628435005925,True
236,2023,F,2,2,15,1525.6506940985794,1486.059091030581,39.59160306799845,-2.63944020453323,True
237,2023,F,3,3,50,1532.8387992147016,1458.5859186412858,74.25288057341572,-1.4850576114683145,True
238,2023,F,3,3,50,1542.3901169717406,1514.6241247416708,27.76599223006974,-0.5553198446013948,True
240,2023,F,3,3,50,1562.9697603863915,1421.0565665721133,141.9131938142782,-2.838263876285564,True
241,2023,F,3,3,50,1568.6808576019405,1507.3580695989922,61.3227880029483,-1.226455760058966,True
242,2023,F,2,2,15,1574.5888892042326,1523.279678149803,51.309211054429625,-3.4206140702953083,True
246,2023,F,3,3,50,1666.458780619876,1468.4489890564435,198.0097915634326,-3.960195831268652,True
247,2023,F,3,3,50,1680.441122078634,1538.060650119996,142.38047195863805,-2.847609439172761,True
250,2023,F,2,2,22,1712.442959924383,1612.0976590682951,100.34530085608799,-4.56115003891309,True
253,2023,F,3,3,50,1745.6264040905908,1563.9598879267523,181.66651616383842,-3.6333303232767684,True
254,2023,F,3,3,50,1748.580419891737,1651.4847524291124,97.09566746262453,-1.9419133492524907,True
255,2023,F,2,2,50,1763.3504988974673,1634.765062253289,128.58543664417834,-2.571708732883567,True
256,2023,F,4,4,50,1776.7420371959963,1652.97777745843,123.76425973756636,-2.4752851947513275,True
258,2023,F,3,3,50,1803.3281794063112,1674.847216001841,128.48096340447023,-2.5696192680894048,True
262,2023,F,3,3,50,1900.2198976839024,1786.7528200852817,113.46707759862079,-2.2693415519724156,True
263,2023,F,2,2,36,1903.075446291677,1766.3664447008584,136.70900159081862,-3.7974722664116283,True
264,2023,F,3,3,50,1909.5742810541983,1729.2215889555791,180.35269209861917,-3.6070538419723834,True
265,2023,F,2,2,50,1917.0577877504352,1978.2581793401357,-61.20039158970053,1.2240078317940106,False
267,2023,F,2,2,50,1941.1822501264614,1814.886105525318,126.2961446011434,-2.525922892022868,True
268,2023,F,4,4,50,1957.1339354526503,1780.7807199680117,176.35321548463867,-3.5270643096927734,True
271,2023,F,3,3,50,1999.9671645692683,1978.2581638457455,21.709000723522877,-0.4341800144704575,True
273,2023,F,2,2,50,2014.343374801513,1865.8391759108843,148.5041988906287,-2.970083977812574,True
274,2023,F,3,3,50,2055.1087928573284,1837.4161360801238,217.69265677720455,-4.353853135544091,True
275,2023,F,4,4,50,2085.436688415762,2063.659195522709,21.777492893053022,-0.43554985786106043,True
276,2023,F,2,2,50,2171.300081035741,1989.715906664784,181.58417437095727,-3.6316834874191453,True
278,2023,F,2,2,22,2181.3437347596378,1805.5022924271277,375.84144233251004,-17.083701924205002,True
282,2023,F,4,4,50,1409.5115298986623,1400.7560825057194,8.75544739294287,-0.1751089478588574,True
283,2023,F,4,4,50,1441.0084460906198,1504.172949536448,-63.16450344582813,1.2632900689165627,False
284,2023,F,5,5+,50,1446.6013564424627,1466.1505787898277,-19.549222347365003,0.39098444694730006,False
285,2023,F,5,5+,50,1448.465659893077,1456.69475360415,-8.22909371107312,0.1645818742214624,False
286,2023,F,2,2,21,1510.6745224030492,1439.229099424855,71.4454229781943,-3.4021629989616335,True
287,2023,F,3,3,50,1514.5993717727636,1492.4278193058167,22.171552466946878,-0.44343104933893757,True
289,2023,F,2,2,8,1547.5681064783641,1693.3102400357925,-145.74213355742836,18.217766694678545,False
290,2023,F,2,2,21,1556.1046538574928,1474.9173006707558,81.18735318673703,-3.866064437463668,True
291,2023,F,4,4,21,1556.69338126295,1463.5087773216565,93.18460394129352,-4.437362092442548,True
293,2023,F,2,2,50,1572.7852636787788,1576.435360955417,-3.6500972766382347,0.07300194553276469,False
294,2023,F,5,5+,50,1591.428298184922,1547.2716053827478,44.15669280217412,-0.8831338560434824,True
295,2023,F,2,2,50,1599.3761181585935,1555.2344055391081,44.14171261948536,-0.8828342523897073,True
297,2023,F,3,3,50,1601.4366640776932,1550.1581204394286,51.27854363826464,-1.0255708727652928,True
298,2023,F,3,3,50,1684.937834418366,1716.2820387014935,-31.34420428312751,0.6268840856625502,False
299,2023,F,2,2,8,1711.332446429695,1768.4627174611176,-57.13027103142258,7.141283878927823,False
300,2023,F,2,2,8,1735.9608762246526,1796.3226728127224,-60.361796588069865,7.545224573508733,False
301,2023,F,2,2,50,1755.09451690201,1722.3536738207185,32.74084308129136,-0.6548168616258272,True
302,2023,F,2,2,50,1766.08409513721,1744.9481192643905,21.135975872819472,-0.4227195174563894,True
303,2023,F,3,3,50,1787.7688879048817,1694.7824782793211,92.98640962556055,-1.859728192511211,True
304,2023,F,3,3,50,1831.236594674468,1701.9489984200452,129.28759625442285,-2.585751925088457,True
305,2023,F,2,2,50,1840.5581119275396,1785.259795055964,55.29831687157548,-1.1059663374315096,True
306,2023,F,2,2,50,1844.384840063011,1749.6262643562522,94.75857570675885,-1.895171514135177,True
307,2023,F,2,2,50,1848.7021743696966,1902.6115623603232,-53.909387990626556,1.0781877598125311,False
309,2023,F,3,3,50,1867.7376938128114,1858.4180214925238,9.31967232028751,-0.18639344640575017,True
310,2023,M,4,4,50,1595.6141606037509,1574.7401907396088,20.873969864142055,-0.4174793972828411,True
311,2023,M,2,2,50,1632.8815400866383,1608.7051752457571,24.176364840881206,-0.48352729681762413,True
312,2023,M,2,2,7,1643.9929223599006,1628.4107787505736,15.582143609326977,-2.2260205156181394,True
313,2023,M,3,3,50,1683.128587357762,1662.9893880195134,20.139199338248545,-0.4027839867649709,True
314,2023,M,2,2,50,1695.1249469802217,1659.9016621553183,35.22328482490343,-0.7044656964980686,True
315,2023,M,2,2,50,1696.4032475957297,1674.4438549350766,21.959392660653066,-0.4391878532130613,True
316,2023,M,2,2,15,1710.464554366318,1706.2622090130114,4.202345353306555,-0.28015635688710366,True
317,2023,M,2,2,8,1713.2178172304891,1831.8503522989088,-118.63253506841966,14.829066883552457,False
318,2023,M,2,2,15,1737.5055289251416,1737.6712615436127,-0.16573261847111098,0.011048841231407399,False
319,2023,M,2,2,50,1739.17715280696,1712.5922099669092,26.58494284005087,-0.5316988568010175,True
320,2023,M,3,3,50,1757.1716922406497,1727.1344027466678,30.037289493981916,-0.6007457898796383,True
324,2023,M,2,2,50,1831.9031128395807,1823.949549198211,7.953563641369783,-0.15907127282739567,True
325,2023,M,2,2,50,1834.3613832540193,1846.6592749090667,-12.297891655047351,0.24595783310094702,False
327,2023,M,2,2,50,1847.3410510422545,1755.8203720656434,91.52067897661118,-1.8304135795322236,True
330,2023,M,3,3,50,1863.1723125112385,1785.701590106243,77.47072240499551,-1.5494144480999104,True
331,2023,M,2,2,50,1866.31889864172,1632.2117334376956,234.10716520402434,-4.682143304080487,True
332,2023,M,2,2,15,1875.5619954000088,1843.4545799721473,32.1074154278615,-2.1404943618574332,True
333,2023,M,2,2,50,1880.6751978620407,1905.724482569319,-25.049284707278275,0.5009856941455655,False
334,2023,M,2,2,8,1890.6066103363723,2085.609749467082,-195.00313913070977,24.37539239133872,False
335,2023,M,2,2,50,1892.179903401613,1779.8249505582587,112.35495284335434,-2.247099056867087,True
339,2023,M,2,2,50,1930.1355986005437,1873.2535589652005,56.88203963534329,-1.1376407927068657,True
340,2023,M,2,2,15,1938.2970563764795,1902.6181726319905,35.678883744488985,-2.378592249632599,True
342,2023,M,2,2,50,2013.2251386085654,1830.8222293475487,182.4029092610167,-3.648058185220334,True
344,2023,M,2,2,50,2052.5574652395817,1962.9968171471353,89.5606480924464,-1.791212961848928,True
346,2023,M,2,2,50,2062.587208530491,1966.4829592518718,96.10424927861914,-1.9220849855723827,True
347,2023,M,3,3,50,2109.0976847716674,2017.679446161433,91.41823861023454,-1.8283647722046907,True
350,2023,M,4,4,50,2169.571136966855,1963.4948374478117,206.07629951904346,-4.121525990380869,True
351,2023,M,3,3,50,2192.7772096791546,2173.559800273228,19.217409405926446,-0.38434818811852894,True
355,2023,F,4,4,49,1445.891100181183,1441.599916705797,4.291183475385878,-0.08757517296705875,True
356,2023,F,4,4,49,1526.5478637679923,1533.5961758553922,-7.048312087399836,0.14384310382448645,False
357,2023,F,4,4,49,1534.8507659019283,1507.9386825824936,26.912083319434714,-0.5492261901925451,True
358,2023,F,4,4,49,1609.5768851073547,1612.4222388382902,-2.845353730935585,0.05806844348848133,False
359,2023,F,3,3,49,1667.6972000449084,1647.4452049408403,20.2519951040681,-0.41330602253200205,True
360,2023,F,3,3,49,1694.9781641992704,1922.6535263204878,-227.6753621212174,4.646435961657498,False
361,2023,F,3,3,21,1837.313629352463,1813.8866993225888,23.426930029874256,-1.115568096660679,True
363,2023,M,4,4,49,1585.8735200686024,1590.5241149456883,-4.65059487708595,0.09491009953236633,False
364,2023,M,4,4,49,1628.7086550489698,1592.9815095982835,35.727145450686294,-0.7291254173609447,True
365,2023,M,4,4,49,1685.1731511594542,1635.8384723395434,49.33467881991078,-1.0068301799981791,True
366,2023,M,4,4,49,1700.7495638795879,1696.781859723903,3.9677041556849417,-0.08097355419765187,True
367,2023,M,3,3,49,1708.5377702396545,1717.5222705918059,-8.984500352151372,0.18335715004390554,False
368,2023,M,4,4,49,1767.922843735164,1779.6452074094116,-11.722363674247617,0.23923191171933914,False
369,2023,M,3,3,21,1823.4138140506398,1800.8920042914897,22.521809759150074,-1.0724671313880987,True
370,2023,M,4,4,49,1827.3079172306732,1760.4775291191693,66.83038811150391,-1.363885471663345,True
371,2023,M,4,4,49,1950.9456931967338,2012.2130373310172,-61.26734413428335,1.25035396192415,False
372,2023,M,4,4,49,1984.0455702270176,1885.7063606154186,98.33920961159902,-2.006922645134674,True
374,2023,M,3,3,49,2027.8542310023934,1987.5407950189617,40.313435983431646,-0.8227231833353397,True
375,2023,M,4,4,49,2086.2657787028947,2040.4239279428098,45.84185076008498,-0.9355479746956119,True
376,2023,M,3,3,21,2090.159881882928,2322.7457740575405,-232.58589217461258,11.075518674981552,False
378,2023,M,4,4,49,2233.2681737491553,2112.081556012484,121.18661773667145,-2.473196280340234,True
379,2023,M,4,4,49,1525.559745793132,1620.9256716041875,-95.3659258110556,1.946243383899094,False
380,2023,M,4,4,34,1537.788681631153,1624.2030693003312,-86.41438766917827,2.5415996373287726,False
381,2023,M,3,3,49,1578.9134094090143,1719.7829807979704,-140.86957138895605,2.8748892120195113,False
382,2023,M,5,5+,49,1627.0401891586457,1650.0885280843336,-23.048338925687858,0.4703742637895481,False
384,2023,F,3,3,42,1400.4248381995455,1443.7394778171472,-43.31463961760164,1.0313009432762297,False
385,2023,F,2,2,42,1486.1028579687097,1571.6657606617046,-85.56290269299484,2.0372119688808294,False
386,2023,F,3,3,42,1547.2511433108118,1518.7376342701234,28.513509040688405,-0.678893072397343,True
387,2023,F,2,2,42,1572.7198149408239,1709.57848244807,-136.85866750724608,3.2585397025534784,False
388,2023,F,2,2,42,1726.705516224582,1737.9399690428036,-11.234452818221598,0.267486971862419,False
391,2023,F,2,2,42,2002.2835852903324,2013.96514139437,-11.681556104037554,0.2781322881913703,False
393,2023,M,2,2,42,1561.8591438536837,1598.919623003499,-37.060479149815365,0.8823923607098896,False
394,2023,M,3,3,42,1597.2841351628153,1656.6228911163878,-59.338755953572445,1.4128275227041058,False
395,2023,M,3,3,42,1613.081766422293,1630.666403729967,-17.58463730767403,0.41868184065890546,False
396,2023,M,3,3,42,1661.5278356180243,1720.915113719675,-59.387278101650736,1.4139828119440652,False
397,2023,M,2,2,42,1783.5046975851421,1791.396960238186,-7.892262653043872,0.18791101554866363,False
398,2023,M,3,3,42,1802.9405711952872,1811.463321640765,-8.52275044547764,0.20292262965422955,False
399,2023,M,3,3,42,1882.9819029099738,1635.4583706320755,247.5235322778983,-5.893417435188055,True
400,2023,M,3,3,42,1906.3432485300496,1808.0690117517713,98.27423677827824,-2.339862780435196,True
401,2023,M,3,3,42,1970.3954625457495,1935.6551305204073,34.74033202534224,-0.8271507625081486,True
402,2023,M,3,3,42,1977.9591769063481,1974.4900289562438,3.469147950104343,-0.08259876071677008,True
403,2023,M,2,2,42,2137.658867456703,2201.7091262312165,-64.05025877451362,1.5250061612979433,False
404,2023,F,4,4,43,1419.524221155859,1367.8099968587792,51.71422429707991,-1.2026563790018583,True
406,2023,F,3,3,43,1559.2552276955128,1488.9440942374092,70.31113345810354,-1.6351426385605474,True
407,2023,F,3,3,22,1604.0802205669988,1649.5526480840158,-45.47242751701697,2.066928523500771,False
408,2023,F,4,4,43,1607.253671389759,1549.7599804316103,57.49369095814859,-1.3370625804220602,True
409,2023,F,3,3,43,1772.1739438350708,1824.4765858260382,-52.30264199096746,1.2163405114178478,False
411,2023,F,2,2,8,1829.1968883065404,1710.863538962858,118.33334934368236,-14.791668667960295,True
412,2023,F,3,3,22,1841.692350921158,1700.9158806730793,140.7764702480788,-6.398930465821763,True
413,2023,F,2,2,8,1866.484935473971,1865.0772182207481,1.407717253222927,-0.17596465665286587,True
414,2023,M,4,4,43,1632.8192899349913,1555.1181908929482,77.7010990420431,-1.8070023033033278,True
415,2023,M,4,4,43,1650.8396107626043,1652.0329414046269,-1.1933306420226018,0.02775187539587446,False
416,2023,M,3,3,22,1651.631712777005,1668.9863175759667,-17.354604798961645,0.7888456726800748,False
417,2023,M,3,3,43,1653.5129550612064,1643.765804413394,9.747150647812305,-0.22667792204214662,True
418,2023,M,3,3,22,1665.5925107808152,1637.0186221413717,28.573888639443567,-1.2988131199747075,True
419,2023,M,2,2,22,1703.712420223843,1622.154091491112,81.55832873273107,-3.707196760578685,True
420,2023,M,4,4,43,1762.9220458002862,1798.0524935630247,-35.13044776273841,0.8169871572729863,False
421,2023,M,3,3,22,1764.1101988218873,1705.5407256141561,58.56947320773111,-2.6622487821695957,True
422,2023,M,4,4,43,1804.6064143081164,1686.2967380911814,118.30967621693503,-2.7513878189984893,True
423,2023,M,4,4,43,1816.9830082831256,1731.3177732723516,85.66523501077404,-1.9922147676924196,True
424,2023,M,2,2,22,1821.537594865929,1746.7116947110605,74.82590015486835,-3.4011772797667432,True
426,2023,M,2,2,22,1851.637471413151,1719.9475799525605,131.6898914605904,-5.985904157299563,True
427,2023,M,3,3,22,1854.2118029599528,1775.2766662618612,78.93513669809158,-3.587960759004163,True
428,2023,M,2,2,22,1865.598269416961,1932.1999443180184,-66.60167490105732,3.0273488591389692,False
429,2023,M,2,2,22,1867.5785244529627,1786.9474122141737,80.631112238789,-3.665050556308591,True
430,2023,M,2,2,43,1877.2817741293698,1831.6190618286316,45.66271230073812,-1.0619235418776307,True
433,2023,M,4,4,43,1929.659519831608,1872.8551427246593,56.80437710694855,-1.3210320257429895,True
434,2023,M,2,2,8,1930.2535963424084,1829.9230070265737,100.33058931583469,-12.541323664479336,True
435,2023,M,4,4,43,1931.8378003712094,1741.8758036466968,189.96199672451257,-4.417720854058432,True
436,2023,M,3,3,22,1953.1255420082248,1918.121422985945,35.00411902227984,-1.591096319194538,True
437,2023,M,4,4,43,2054.9106508586992,1858.4125540050359,196.49809685366336,-4.569723182643334,True
438,2023,M,2,2,22,2086.000654923922,1918.5890487828406,167.4116061410814,-7.609618460958245,True
440,2023,M,3,3,43,2449.080415774787,2074.8521766791137,374.2282390956734,-8.702982304550545,True
442,2023,F,2,2,43,1424.005687903809,1487.9487442178643,-63.943056314055184,1.4870478212570972,False
443,2023,F,2,2,43,1442.3876060070854,1442.2621783207471,0.12542768633829837,-0.002916922938099962,True
445,2023,F,3,3,43,1530.0476133060429,1595.0484063209092,-65.0007930148663,1.5116463491829373,False
448,2023,F,3,3,43,1550.0107716762677,1497.7031744094054,52.30759726686233,-1.2164557503921472,True
449,2023,F,2,2,8,1688.56695006763,1662.1904634992597,26.376486568370183,-3.297060821046273,True
451,2023,M,3,3,43,1504.0210288108794,1536.791043828047,-32.77001501716745,0.7620933724922664,False
453,2023,M,2,2,43,1562.7140511852792,1615.2790432146892,-52.56499202940995,1.222441675102557,False
454,2023,M,3,3,14,1612.5291374022067,1591.7011540279857,20.82798337422105,-1.4877130981586464,True
455,2023,M,2,2,43,1657.806611805315,1776.9364328143338,-119.12982100901877,2.770460953698111,False
457,2023,M,2,2,8,1707.3257668169933,1663.3957662511214,43.93000056587198,-5.491250070733997,True
458,2023,M,3,3,14,1742.9361551819657,1806.4776548191182,-63.54149963715258,4.538678545510899,False
459,2023,M,2,2,14,1788.312273320157,1726.2892376682832,62.02303565187367,-4.430216832276691,True
460,2023,M,2,2,8,1892.085482627499,1963.8559480061188,-71.77046537861975,8.971308172327468,False
461,2023,M,2,2,14,1932.332126541373,1843.5550661473562,88.77706039401687,-6.341218599572634,True
462,2023,M,3,3,14,2349.397838472402,2241.0910904934262,108.30674797897564,-7.736196284212546,True
463,2023,M,3,3,43,1580.9631421756387,1621.6537030633503,-40.69056088771163,0.9462921136677123,False
464,2023,M,2,2,43,1611.9372749917084,1630.3192562951242,-18.38198130341584,0.4274879372887405,False
465,2023,M,2,2,43,1716.0064155042996,1677.3323726790013,38.67404282529833,-0.8993963447743798,True
466,2023,M,5,5+,63,1504.7185004711862,1500.9185944532278,3.799906017958392,-0.060315968539022095,True
467,2023,M,4,4,50,1526.503463249466,1590.933011499985,-64.42954825051902,1.2885909650103804,False
468,2023,M,5,5+,63,1556.8468042620696,1610.4429492118015,-53.59614494973198,0.8507324595195552,False
471,2023,M,2,2,43,1734.2831102471048,1689.2848598952412,44.99825035186359,-1.0464709384154323,True
472,2023,M,2,2,43,1745.479003251701,1839.1889703989168,-93.70996714721582,2.179301561563159,False
476,2023,F,4,4,42,1421.1008281400607,1425.503010279834,-4.402182139773231,0.10481386047079122,False
477,2023,F,2,2,29,1428.0535678587723,1473.932910489039,-45.87934263026659,1.5820462975953997,False
479,2023,F,2,2,42,1472.6098576054458,1426.576137374898,46.033720230547715,-1.0960409578701837,True
480,2023,F,4,4,42,1507.4714821105356,1573.3018783727678,-65.83039626223217,1.567390387196004,False
482,2023,F,2,2,42,1534.1073300470086,1536.1326580800892,-2.025328033080541,0.04822209602572717,False
483,2023,F,4,4,42,1555.2593269377371,1501.2072489861814,54.0520779515557,-1.2869542369418023,True
486,2023,F,2,2,29,1585.3225817778005,1785.9660528516151,-200.64347107381468,6.918740381855678,False
489,2023,F,3,3,42,1623.6116131864806,1686.760679423647,-63.14906623716638,1.503549196123009,False
490,2023,F,4,4,42,1625.4722055055724,1743.5388584534078,-118.06665294783534,2.81111078447227,False
493,2023,F,2,2,14,1679.135605024643,1677.9276230837652,1.207981940877744,-0.08628442434841029,True
495,2023,F,2,2,14,1769.6191472794262,1656.0758756439466,113.54327163547964,-8.110233688248545,True
497,2023,F,4,4,42,1807.320623218919,1727.2468380101602,80.07378520875886,-1.9065186954466395,True
498,2023,F,3,3,42,1840.5175072279794,1810.853194416526,29.66431281145333,-0.7062931621774602,True
500,2023,F,2,2,14,1893.9850549239877,1855.8462224571504,38.13883246683736,-2.724202319059811,True
503,2023,F,2,2,14,2272.3707770803544,2266.2530855754894,6.117691504864979,-0.43697796463321276,True
506,2023,M,4,4,42,1594.983933498598,1655.0061506297852,-60.02221713118729,1.4291004078854117,False
508,2023,M,3,3,42,1650.7128778130407,1660.8056020099098,-10.092724196869085,0.24030295706831156,False
509,2023,M,4,4,42,1657.470869302841,1857.102286859211,-199.63141755637002,4.753128989437381,False
510,2023,M,3,3,29,1660.1153007553721,1687.6193773564967,-27.504076601124552,0.9484164345215362,False
511,2023,M,2,2,29,1664.4247446039406,1711.4574997671468,-47.032755163206275,1.6218191435588372,False
512,2023,M,4,4,42,1665.7959312830303,1726.4671871272526,-60.67125584422229,1.4445537105767212,False
515,2023,M,4,4,42,1686.657557186328,1755.8576271722904,-69.2000699859625,1.647620713951488,False
3325,2023,M,2,2,43,1535.6856677725302,1582.8081196105704,-47.122451838040206,1.0958709729776792,False
518,2023,M,2,2,42,1698.1167601472941,1752.613866230865,-54.49710608357077,1.297550144846923,False
520,2023,M,2,2,42,1705.6582868822893,1749.6649926477508,-44.00670576546145,1.047778708701463,False
481,2023,F,4,4,42,1526.7628866821722,1523.9380319998143,2.824854682357909,-0.06725844481804545,True
487,2023,F,2,2,14,1593.9400619925418,1522.4578134299745,71.48224856256729,-5.105874897326236,True
523,2023,M,4,4,42,1724.0713651443548,1835.4772139163736,-111.40584877201877,2.65252020885759,False
5050,2023,M,3,3,42,1814.9614535868907,1886.0995437598338,-71.13809017294307,1.6937640517367396,False
525,2023,M,4,4,42,1731.319066162402,1713.9836222920692,17.33544387033271,-0.41274866357935025,True
526,2023,M,4,4,42,1736.0202776335673,1749.566696861647,-13.546419228079685,0.3225337911447544,False
527,2023,M,3,3,42,1736.9996966900603,1944.4872407054945,-207.4875440154342,4.9401796194151,False
528,2023,M,3,3,42,1739.5461862369416,1916.47294166591,-176.92675542896836,4.212541795927818,False
531,2023,M,4,4,42,1760.5057540458886,1735.9035825932178,24.602171452670746,-0.5857659869683511,True
532,2023,M,4,4,42,1760.701637857187,1812.0828168236676,-51.38117896648055,1.2233614039638225,False
533,2023,M,2,2,42,1766.7740360074429,1851.106243906879,-84.33220789943607,2.007909711891335,False
535,2023,M,3,3,42,1777.841471345812,1787.8037576560275,-9.962286310215632,0.2371972931003722,False
536,2023,M,2,2,29,1780.9756123265893,1910.9396956721703,-129.964083345581,4.481520115364862,False
537,2023,M,3,3,29,1781.5632637604847,1874.833418213361,-93.27015445287634,3.2162122225129774,False
538,2023,M,4,4,42,1795.6668981739817,2012.80281204764,-217.13591387365818,5.169902711277576,False
541,2023,M,2,2,14,1871.4739331465278,1791.8918493464678,79.58208380005999,-5.684434557147142,True
542,2023,M,2,2,29,1883.129019918793,1913.6327053168877,-30.50368539809483,1.0518512206239596,False
543,2023,M,2,2,14,1890.6705466537876,1759.5822235017786,131.08832315200902,-9.36345165371493,True
544,2023,M,2,2,14,1931.1205536869422,1821.7782532528051,109.34230043413709,-7.8101643167240775,True
545,2023,M,2,2,14,1932.0020308377857,1874.1198471212017,57.882183716583995,-4.134441694041714,True
546,2023,M,2,2,42,1938.955906138885,1964.9327642150863,-25.976858076201324,0.6184966208619362,False
549,2023,M,4,4,42,1948.260387175567,2199.6631014309755,-251.40271425540845,5.985778910843059,False
552,2023,M,4,4,42,1969.8076064184097,1979.0873574140344,-9.279750995624681,0.22094645227677812,False
553,2023,M,2,2,14,2009.180252489422,1937.2851656475696,71.89508684185239,-5.135363345846599,True
554,2023,M,3,3,42,2047.8673052208892,1966.6037925788512,81.263512642038,-1.9348455390961428,True
575,2024,F,3,3,28,1487.6393404737298,1377.0362877424,110.60305273132985,-3.9501090261189233,True
563,2023,M,3,3,42,2292.232359815854,2041.701773162159,250.53058665369508,-5.965013967945121,True
565,2023,M,4,4,42,2310.8413218892183,1946.7480437858821,364.09327810333616,-8.668887573888956,True
566,2023,M,2,2,14,2364.0237766567793,1949.078179080881,414.9455975758983,-29.638971255421307,True
567,2023,F,2,2,21,1442.8612056943455,1421.1803492804077,21.680856413937818,-1.032421733997039,True
568,2023,F,3,3,35,1443.3525764904546,1411.183686866854,32.168889623600535,-0.9191111321028724,True
569,2023,F,3,3,35,1456.324765507731,1476.5948619356946,-20.270096427963608,0.5791456122275317,False
570,2023,F,4,4,35,1479.419192924852,1407.688433237221,71.73075968763101,-2.0494502767894573,True
571,2023,F,2,2,28,1481.8760469053968,1475.7216944045879,6.154352500808955,-0.2197983036003198,True
572,2023,F,3,3,35,1484.627723363607,1416.276770727176,68.35095263643097,-1.952884361040885,True
573,2023,F,3,3,28,1488.2638672548132,1469.8030245072434,18.460842747569814,-0.6593158124132076,True
574,2023,F,3,3,35,1491.5069145091325,1444.1389353748195,47.36797913431292,-1.3533708324089406,True
575,2023,F,3,3,28,1502.611894501195,1467.3369120500165,35.2749824511784,-1.2598208018278,True
576,2023,F,2,2,14,1518.4340341359032,1532.9239428820083,-14.48990874610513,1.034993481864652,False
577,2023,F,4,4,35,1526.099418555203,1469.5044902870113,56.59492826819178,-1.6169979505197651,True
578,2023,F,2,2,35,1526.8856118289775,1520.435328890231,6.450282938746568,-0.18429379824990194,True
579,2023,F,2,2,21,1532.3889647453977,1488.662985780572,43.7259789648258,-2.082189474515514,True
580,2023,F,4,4,35,1533.1751580191722,1492.373435463751,40.801722555421065,-1.165763501583459,True
581,2023,F,4,4,35,1548.8990234946586,1455.3237469896442,93.57527650501447,-2.673579328714699,True
582,2023,F,3,3,35,1550.8645066790943,1489.1777750023725,61.68673167672182,-1.7624780479063378,True
583,2023,F,2,2,35,1557.4488753469545,1449.4317480139778,108.01712733297677,-3.0862036380850504,True
584,2023,F,2,2,35,1564.819437288589,1494.1709944732766,70.64844281531236,-2.0185269375803534,True
586,2023,F,4,4,35,1573.5658374593286,1487.4800803822652,86.08575707706336,-2.4595930593446673,True
587,2023,F,2,2,35,1577.988174624309,1535.7145804711965,42.273594153112526,-1.2078169758032151,True
588,2023,F,2,2,14,1581.6243185155156,1560.7418770335098,20.882441482005788,-1.4916029630004135,True
589,2023,F,2,2,14,1581.7225926747371,1501.7912183918584,79.93137428287878,-5.709383877348484,True
590,2023,F,4,4,35,1581.8208668339587,1526.3273278658974,55.49353896806133,-1.5855296848017524,True
591,2023,F,4,4,35,1590.763815323142,1537.2125463124678,53.551269010674105,-1.5300362574478317,True
594,2023,F,2,2,35,1602.065343633648,1522.5324810680104,79.53286256563752,-2.2723675018753577,True
598,2023,F,2,2,14,1616.7081933576949,1516.7311743984635,99.97701895923137,-7.141215639945098,True
599,2023,F,2,2,14,1617.4943866314695,1569.1295669975884,48.3648196338811,-3.45462997384865,True
600,2023,F,2,2,35,1619.7546922935705,1521.3341083949936,98.42058389857698,-2.812016682816485,True
601,2023,F,2,2,14,1628.7959149419755,1595.5754600608,33.220454881175556,-2.3728896343696824,True
603,2023,F,2,2,35,1632.4320588331816,1642.2698839802854,-9.837825147103786,0.2810807184886796,False
604,2023,F,2,2,14,1633.611348743843,1631.2774156961354,2.33393304770766,-0.16670950340769,True
606,2023,F,2,2,35,1639.311249978707,1534.3164790193437,104.99477095936345,-2.9998505988389557,True
607,2023,F,2,2,14,1645.6007961689015,1408.0069767229165,237.593819445985,-16.970987103284642,True
612,2023,F,2,2,21,1679.2105586227547,1572.7529102913068,106.4576483314479,-5.069411825307043,True
613,2023,F,3,3,35,1680.3898485334162,1606.5184325686137,73.87141596480251,-2.1106118847086432,True
615,2023,F,3,3,35,1682.9449766731825,1654.0538819316184,28.891094741564075,-0.8254598497589736,True
616,2023,F,4,4,35,1688.448329589603,1632.3833094278957,56.06502016170725,-1.6018577189059215,True
617,2023,F,3,3,35,1689.5293453410425,1573.1637265029758,116.36561883806667,-3.3247319668019046,True
618,2023,F,2,2,28,1697.5878263972295,1737.5241928637977,-39.93636646656819,1.4262988023774352,False
620,2023,F,3,3,35,1705.6463074534163,1591.738502934738,113.90780451867818,-3.254508700533662,True
621,2023,F,4,4,35,1713.409966031938,1595.9328072902972,117.47715874164078,-3.356490249761165,True
622,2023,F,3,3,28,1715.9650941717045,1750.1506886447996,-34.18559447309508,1.2209140883248242,False
623,2023,F,2,2,14,1722.352914521121,1613.6928703832089,108.66004413791211,-7.761431724136579,True
624,2023,F,3,3,35,1725.202865138553,1579.1555898680604,146.04727527049272,-4.172779293442649,True
625,2023,F,2,2,21,1735.9147484937282,1593.74309118797,142.17165730575812,-6.770078919321815,True
626,2023,F,3,3,35,1738.2733283150512,1602.3241282130543,135.9492001019969,-3.884262860057054,True
627,2023,F,4,4,35,1746.6266318489036,1611.2120588712635,135.4145729776401,-3.8689877993611455,True
529,2023,M,4,4,42,1740.1338376708375,1807.7578022351001,-67.62396456426268,1.6100943943872066,False
630,2023,F,2,2,14,1779.6467493474256,1627.1033064551884,152.54344289223718,-10.89596020658837,True
632,2023,F,4,4,35,1785.051828104624,1805.4482962894242,-20.396468184800142,0.5827562338514326,False
634,2023,F,2,2,14,1796.451630574352,1696.4152291701134,100.03640140423863,-7.145457243159902,True
635,2023,F,3,3,35,1805.2963049043133,1871.3587933053554,-66.06248840104217,1.8874996686012049,False
636,2023,F,2,2,21,1807.3600622479707,1705.7602923651941,101.59976988277663,-4.83808428013222,True
638,2023,F,3,3,35,1849.5196765541193,1752.7198986766791,96.79977787744019,-2.7657079393554342,True
639,2023,F,2,2,35,1857.3816092918628,1796.260772462961,61.1208368289017,-1.7463096236829057,True
642,2023,F,3,3,35,1878.3140052061044,1752.420305508425,125.8936996976795,-3.5969628485051284,True
643,2023,F,4,4,35,1884.5052772370773,1784.4767745116278,100.02850272544947,-2.8579572207271275,True
644,2023,F,2,2,14,1887.3552278545092,1714.651053939074,172.70417391543515,-12.336012422531082,True
645,2023,F,2,2,14,1889.320711038945,1817.3953220637604,71.92538897518466,-5.137527783941762,True
646,2023,F,4,4,35,1890.8930975864937,1724.3584120819453,166.5346855045484,-4.758133871558526,True
647,2023,F,4,4,35,1897.379192095132,1669.4329979020026,227.9461941931295,-6.512748405517986,True
648,2023,F,3,3,35,1900.5239651902295,1858.6760158492596,41.84794934096999,-1.1956556954562854,True
649,2023,F,2,2,21,1919.5891520792568,1788.4290067110505,131.16014536820626,-6.2457212080098214,True
650,2023,F,2,2,21,1921.849457741358,1738.1996628418563,183.64979489950179,-8.745228328547704,True
652,2023,F,4,4,35,1930.9889545489848,1791.8667393285655,139.12221522041932,-3.9749204348691234,True
655,2023,F,3,3,35,1956.9333325835378,1916.6972261011624,40.23610648237536,-1.1496030423535817,True
658,2023,F,3,3,35,2008.5272661749784,2038.6316455806354,-30.104379405657028,0.860125125875915,False
661,2023,F,3,3,35,2118.1029537072764,2112.7310225288484,5.371931178427985,-0.1534837479550853,True
665,2023,F,2,2,28,2944.3920844441004,3042.788194224861,-98.39610978076053,3.5141467778843043,False
666,2023,M,3,3,29,1520.0198433749777,1526.9529174200156,-6.9330740450379835,0.2390715187944132,False
667,2023,M,4,4,35,1595.0340214053097,1558.8867328421352,36.14728856317447,-1.0327796732335564,True
668,2023,M,4,4,35,1597.5035730579468,1594.4271540327723,3.076419025174573,-0.08789768643355923,True
669,2023,M,5,5+,50,1554.901718299723,1605.708242781486,-50.80652448176306,1.0161304896352612,False
670,2023,M,4,4,35,1604.9122280158583,1560.4840551428379,44.42817287302046,-1.2693763678005845,True
671,2023,M,3,3,35,1626.2491542946436,1616.2905030236418,9.958651271001827,-0.28453289345719507,True
672,2023,M,3,3,35,1631.2870396660237,1625.674771540271,5.612268125752735,-0.16035051787864957,True
673,2023,M,4,4,35,1639.288387020568,1594.2274887451847,45.06089827538335,-1.2874542364395243,True
674,2023,M,4,4,35,1642.0542848715218,1614.9926786543208,27.06160621720096,-0.7731887490628846,True
675,2023,M,4,4,35,1642.5481952020493,1626.573265334416,15.974929867633364,-0.45642656764666756,True
676,2023,M,4,4,35,1647.3885164412181,1609.102552670479,38.285963770739045,-1.0938846791639727,True
677,2023,M,4,4,35,1659.2423643738769,1615.9910050922601,43.251359281616715,-1.235753122331906,True
678,2023,M,2,2,21,1668.4290965216871,1675.2675198797133,-6.838423358026148,0.32563920752505465,False
680,2023,M,4,4,35,1676.8255721406533,1682.7790437903957,-5.953471649742369,0.1700991899926391,False
681,2023,M,3,3,35,1696.186857097329,1658.3200460608841,37.866811036444915,-1.081908886755569,True
682,2023,M,2,2,21,1697.3722418905948,1608.9188142645198,88.45342762607493,-4.2120679821940445,True
683,2023,M,3,3,35,1697.3722418905948,1643.1454842042076,54.226757686387145,-1.5493359338967756,True
684,2023,M,3,3,35,1700.7308321381815,1705.2413886440288,-4.510556505847262,0.1288730430242075,False
685,2023,M,4,4,35,1702.6076913941856,1658.419878704678,44.18781268950761,-1.2625089339859317,True
686,2023,M,2,2,35,1703.5955120552405,1646.2402961618193,57.355215893421246,-1.6387204540977498,True
687,2023,M,3,3,35,1704.1882044518736,1721.6139422262327,-17.42573777435905,0.4978782221245443,False
688,2023,M,3,3,35,1705.472371311245,1690.1666594311462,15.305711880098897,-0.43730605371711134,True
689,2023,M,4,4,35,1708.5346153605149,1613.7946869287937,94.73992843172118,-2.706855098049177,True
690,2023,M,2,2,35,1709.8187822198863,1628.170587635119,81.64819458476723,-2.3328055595647776,True
691,2023,M,4,4,35,1713.8688469302115,1696.6557812777512,17.213065652460273,-0.49180187578457923,True
692,2023,M,3,3,35,1714.7578855251609,1761.9463303189782,-47.188444793817325,1.348241279823352,False
693,2023,M,3,3,35,1715.9432703184264,1633.1622198248153,82.78105049361102,-2.365172871246029,True
694,2023,M,2,2,35,1725.327566598448,1759.45051422413,-34.12294762568217,0.9749413607337764,False
695,2023,M,4,4,35,1725.327566598448,1686.373018966977,38.95454763147086,-1.1129870751848816,True
696,2023,M,3,3,35,1727.2044258544522,1747.7700949002408,-20.56566904578858,0.587590544165388,False
697,2023,M,2,2,35,1734.5142987462584,1752.0628985833796,-17.548599837121174,0.5013885667748906,False
699,2023,M,3,3,35,1742.614428166908,1666.0071596330165,76.60726853389156,-2.1887791009683304,True
701,2023,M,4,4,35,1749.1340445298706,1748.868253981974,0.26579054789658585,-0.007594015654188167,True
702,2023,M,3,3,35,1752.2950706452461,1735.6903450011757,16.604725644070413,-0.4744207326877261,True
704,2023,M,4,4,35,1752.5914168435627,1718.419297624827,34.17211921873559,-0.9763462633924453,True
705,2023,M,4,4,35,1753.1841092401953,1734.5921859194427,18.591923320752585,-0.5311978091643595,True
706,2023,M,4,4,35,1756.2463532894658,1705.141556000235,51.10479728923087,-1.4601370654065964,True
707,2023,M,4,4,35,1759.3085973387356,1681.6808847086627,77.62771263007289,-2.2179346465735112,True
708,2023,M,4,4,35,1760.987892462529,1826.3383855660597,-65.35049310353065,1.8671569458151616,False
709,2023,M,3,3,35,1764.2477006440101,1684.1767008035106,80.07099984049955,-2.2877428525857013,True
710,2023,M,2,2,28,1765.3343033711703,1769.1038012824558,-3.769497911285498,0.1346249254030535,False
711,2023,M,3,3,35,1766.3221240322252,1737.8866631646422,28.43546086758306,-0.8124417390738017,True
712,2023,M,3,3,35,1767.6062908915967,1737.8866631646422,29.719627726954513,-0.849132220770129,True
714,2023,M,3,3,21,1773.533214857926,1690.5542775667993,82.97893729112661,-3.9513779662441246,True
715,2023,M,4,4,35,1783.115075270158,1713.4276654351306,69.68740983502744,-1.9910688524293554,True
717,2023,M,4,4,35,1816.0095032832858,1716.921807967918,99.08769531536768,-2.8310770090105053,True
718,2023,M,2,2,14,1821.738863117404,1849.9764812588937,-28.237618141489747,2.016972724392125,False
720,2023,M,4,4,35,1826.2828381582565,1851.2965465145408,-25.01370835628427,0.714677381608122,False
721,2023,M,3,3,28,1830.0365566702649,1771.1748894654716,58.86166720479332,-2.10220240017119,True
722,2023,M,2,2,35,1830.5304670007922,1784.907838391581,45.62262860921123,-1.3035036745488924,True
723,2023,M,3,3,35,1835.1732241077502,1774.125912861837,61.047311245913306,-1.7442088927403803,True
724,2023,M,2,2,21,1840.9025839418684,1743.0086432412904,97.89394070057801,-4.661616223837048,True
725,2023,M,2,2,21,1845.5453410488265,1956.148016848485,-110.60267579965853,5.2667940856980255,False
726,2023,M,3,3,35,1845.5453410488265,1844.9072573117296,0.6380837370968493,-0.018230963917052836,True
727,2023,M,3,3,35,1846.4343796437759,1763.7433179072686,82.69106173650721,-2.362601763900206,True
728,2023,M,3,3,35,1847.1258541065145,1818.1521087749577,28.973745331556756,-0.8278212951873359,True
730,2023,M,3,3,35,1851.3734829490504,1789.4003073623073,61.97317558674308,-1.7706621596212309,True
731,2023,M,3,3,35,1855.7198938576917,1782.9111855157023,72.80870834198936,-2.0802488097711245,True
732,2023,M,3,3,35,1855.8186759237972,1757.1543634168697,98.66431250692744,-2.8189803573407843,True
733,2023,M,3,3,21,1856.806496584852,1796.8056974569374,60.00079912791466,-2.8571809108530792,True
734,2023,M,4,4,35,1866.7834852615063,1788.601646211956,78.18183904955026,-2.2337668299871503,True
735,2023,M,2,2,14,1873.797011954996,1732.006139391458,141.79087256353796,-10.12791946882414,True
736,2023,M,3,3,28,1874.6860505499453,1903.428663438031,-28.74261288808566,1.0265218888602021,False
737,2023,M,4,4,35,1886.8362446809203,1835.7226540826885,51.113590598231895,-1.4603883028066256,True
738,2023,M,2,2,21,1886.8362446809203,1848.8323919664679,38.00385271445248,-1.8097072721167846,True
739,2023,M,2,2,21,1888.7131039369247,1811.1376544036461,77.57544953327852,-3.694069025394215,True
740,2023,M,4,4,35,1897.109579555891,1846.2050816810506,50.904497874840445,-1.4544142249954413,True
741,2023,M,2,2,35,1897.899836084735,1975.688020681771,-77.78818459703598,2.222519559915314,False
742,2023,M,3,3,28,1902.4438111255874,2049.8841849512683,-147.4403738256808,5.265727636631458,False
743,2023,M,4,4,35,1916.2733003803557,1868.2680959595082,48.005204420847576,-1.3715772691670736,True
744,2023,M,2,2,14,1930.3003537673349,1825.5907492314086,104.70960453592625,-7.479257466851875,True
745,2023,M,3,3,21,1938.7956114524068,1769.0766926218064,169.7189188306004,-8.081853277647637,True
746,2023,M,3,3,35,1940.8700348406219,1991.860908976387,-50.990874135765125,1.4568821181647178,False
748,2023,M,3,3,35,1951.242151781698,1839.0171313278881,112.22502045380998,-3.2064291558231424,True
750,2023,M,3,3,35,1954.3043958309686,1710.6323514089008,243.67204442206776,-6.962058412059079,True
751,2023,M,3,3,35,1954.3043958309686,1793.593278401652,160.71111742931657,-4.591746212266187,True
752,2023,M,4,4,35,1956.3788192191837,1847.7025713379594,108.6762478812243,-3.105035653749266,True
753,2023,M,2,2,35,1959.5398453345595,2002.343336574749,-42.80349124018949,1.2229568925768426,False
754,2023,M,4,4,35,1965.367987234783,1865.572614577072,99.79537265771091,-2.8512963616488833,True
755,2023,M,2,2,35,1979.5926047539733,1900.014876685976,79.57772806799721,-2.2736493733713488,True
756,2023,M,3,3,35,1987.7915162407287,1957.8179774426585,29.973538798070194,-0.8563868228020055,True
757,2023,M,3,3,35,1992.0391450832647,1903.1096886435878,88.92945643967687,-2.5408416125621964,True
758,2023,M,3,3,35,1996.6819021902224,1917.7850872812946,78.89681490892781,-2.2541947116836516,True
760,2023,M,4,4,35,2008.6345321889867,1911.2959654346896,97.33856675429706,-2.7811019072656302,True
762,2023,M,4,4,35,2019.006649130063,1917.9847525688826,101.02189656118026,-2.8863399017480074,True
763,2023,M,2,2,35,2028.983637806717,1990.66291725086,38.32072055585718,-1.094877730167348,True
764,2023,M,4,4,35,2041.8253064004305,1986.270280923927,55.55502547650349,-1.587286442185814,True
765,2023,M,2,2,21,2046.4680635073883,1880.1617912601057,166.30627224728255,-7.919346297489645,True
767,2023,M,2,2,35,2058.4206935061525,1989.8642561005083,68.55643740564415,-1.9587553544469756,True
769,2023,M,3,3,35,2069.681849042178,1922.8765521147848,146.8052969273931,-4.1944370550683745,True
770,2023,M,2,2,14,2074.8185164796637,1809.5542471783676,265.26426930129605,-18.94744780723543,True
771,2023,M,3,3,35,2078.868581189988,2034.5892805201865,44.279300669801614,-1.2651228762800462,True
772,2023,M,3,3,35,2081.634479040942,1917.285924062325,164.34855497861713,-4.6956729993890605,True
775,2023,M,2,2,35,2094.0810193702337,2107.467110489752,-13.386091119518369,0.3824597462719534,False
778,2023,M,3,3,35,2108.4044189555293,1964.4069319330574,143.9974870224719,-4.114213914927769,True
781,2023,M,4,4,35,2117.3935869711286,2024.3065182094124,93.08706876171618,-2.659630536049034,True
782,2023,M,2,2,14,2128.555960441049,1943.7470908165074,184.80886962454179,-13.200633544610128,True
784,2023,M,2,2,14,2141.990321431395,1852.6824487302047,289.30787270119026,-20.66484805008502,True
786,2023,M,3,3,35,2143.2744882907664,2019.41471866351,123.85976962725636,-3.538850560778753,True
787,2023,M,2,2,14,2171.3285950647246,1889.493446221745,281.8351488429796,-20.13108206021283,True
790,2023,M,4,4,35,2185.8495587822317,2230.0615970686913,-44.212038286459574,1.263201093898845,False
792,2023,M,3,3,35,2238.006489685929,2149.1971555956125,88.8093340903165,-2.537409545437614,True
794,2023,M,3,3,35,2263.6898268733557,1995.7543820843498,267.93544478900594,-7.6552984225430265,True
795,2023,M,2,2,35,2307.9441924886146,2375.2182611450576,-67.27406865644298,1.9221162473269422,False
796,2023,M,3,3,35,2307.9441924886146,2225.0699648789955,82.87422760961908,-2.367835074560545,True
801,2023,M,4,4,35,2365.336572895903,2344.7693047879106,20.567268107992277,-0.5876362316569222,True
802,2023,M,4,4,35,2377.2892028946667,2078.615476433308,298.6737264613589,-8.533535041753112,True
804,2023,M,2,2,14,2591.053593946942,2282.1244063680815,308.92918757886036,-22.06637054134717,True
806,2023,M,2,2,14,2748.215861120773,2406.4335326229852,341.7823284977876,-24.413023464127686,True
809,2023,F,4,4,35,1470.021795923361,1453.545883077697,16.47591284566397,-0.4707403670189706,True
810,2023,F,4,4,35,1520.5754787231529,1559.9558157625954,-39.380337039442566,1.1251524868412162,False
831,2023,F,4,4,35,1755.4022915715982,1646.599476069589,108.80281550200925,-3.1086518714859785,True
825,2023,F,4,4,35,1630.8023322003464,1598.4685528388172,32.333779361529196,-0.9238222674722627,True
833,2023,F,3,3,28,1702.1722373294642,1701.1943102023954,0.9779271270688241,-0.03492596882388658,True
819,2023,F,4,4,35,1569.939663104126,1530.301408138485,39.63825496564118,-1.132521570446891,True
817,2023,F,4,4,35,1568.551914948838,1592.4896803643676,-23.93776541552961,0.6839361547294175,False
829,2023,F,5,5+,35,1677.0936456660381,1656.977518926577,20.11612673946115,-0.5747464782703187,True
821,2023,F,4,4,28,1599.1814992334175,1645.2865159703917,-46.10501673697422,1.6466077406062223,False
807,2023,F,4,4,35,1452.0801947728467,1431.2000971573034,20.880097615543264,-0.5965742175869504,True
813,2023,F,4,4,35,1544.4645719677605,1603.6375780383,-59.173006070539486,1.6906573163011283,False
823,2023,F,4,4,35,1610.878233685134,1560.79565738108,50.0825763040541,-1.430930751544403,True
811,2023,F,4,4,35,1520.8728533278575,1539.7796206899538,-18.90676736209639,0.540193353202754,False
815,2023,F,2,2,35,1560.9193000947516,1562.3553632439803,-1.4360631492286302,0.04103037569224658,False
866,2023,M,4,4,35,1660.8227532148474,1643.0472153734495,17.775537841397863,-0.5078725097542247,True
867,2023,M,5,5+,35,1673.886849718295,1586.0001585594825,87.88669115881248,-2.5110483188232138,True
890,2023,M,4,4,35,1798.4906186413327,1797.8420945621358,0.6485240791969318,-0.018529259405626622,True
913,2023,M,2,2,35,1910.3272023450918,1767.0690765331506,143.25812581194123,-4.093089308912607,True
885,2023,M,5,5+,35,1747.8177594764438,1640.407814216967,107.4099452594769,-3.068855578842197,True
906,2023,M,3,3,35,1890.6320871618632,1846.1311384477751,44.500948714088054,-1.271455677545373,True
843,2023,F,4,4,35,1731.810572931695,1677.9935556177034,53.817017313991755,-1.5376290661140501,True
897,2023,M,2,2,14,1818.2847042526175,1862.3501007252194,-44.06539647260183,3.1475283194715593,False
835,2023,F,4,4,35,1714.66197072706,1791.1422174794902,-76.48024675243028,2.1851499072122937,False
922,2023,M,4,4,35,1921.1149790032416,1909.536752593267,11.578226409974604,-0.3308064688564173,True
841,2023,F,4,4,35,1726.953454388186,1777.6747572402196,-50.72130285203366,1.449180081486676,False
934,2023,M,4,4,35,2067.195330814523,1918.9646135423682,148.23071727215483,-4.2351633506329955,True
903,2023,M,3,3,14,1877.271079374246,1693.1307335312479,184.14034584299816,-13.15288184592844,True
847,2023,F,3,3,35,1818.4457077689858,1853.5604463390055,-35.114738570019654,1.0032782448577044,False
911,2023,M,3,3,35,1905.6755922264397,1857.2086251196777,48.46696710676201,-1.384770488764629,True
872,2023,M,2,2,35,1685.070508088671,1673.7302538175543,11.340254271116692,-0.32400726488904835,True
874,2023,M,3,3,35,1688.2375617864766,1763.4498976746409,-75.21233588816426,2.1489238825189787,False
849,2023,F,3,3,35,1849.57091639474,1754.9190486250895,94.65186776965038,-2.704339079132868,True
930,2023,M,3,3,14,2007.2192514123303,1815.855895800761,191.36335561156943,-13.668811115112103,True
870,2023,M,4,4,35,1683.0910995275426,1633.7493249358417,49.34177459170087,-1.4097649883343106,True
932,2023,M,3,3,35,2038.6918475342734,1992.1680047081345,46.52384282613889,-1.329252652175397,True
839,2023,F,4,4,35,1717.9330913788112,1767.9265955970948,-49.99350421828353,1.4283858348081009,False
907,2023,M,2,2,7,1895.4816381366281,1818.1727132341373,77.30892490249084,-11.044132128927263,True
899,2023,M,3,3,35,1835.1096770222096,1768.3187929898183,66.7908840323912,-1.9083109723540344,True
924,2023,M,4,4,35,1964.6619673480682,1934.8910000661408,29.77096728192737,-0.8505990651979248,True
893,2023,M,3,3,35,1814.424857558417,1787.4344559110073,26.990401647409726,-0.771154332783135,True
868,2023,M,3,3,35,1676.7569921319316,1652.9549674419106,23.80202469002097,-0.6800578482863134,True
895,2023,M,4,4,35,1816.503236547602,1793.4830835612788,23.020152986323183,-0.657718656752091,True
861,2023,F,3,3,35,2151.802639642908,2078.318060428691,73.48457921421732,-2.0995594061204947,True
891,2023,M,4,4,35,1807.7938388786365,1739.1454120253677,68.6484268532688,-1.9613836243791087,True
859,2023,F,3,3,35,2150.1175168829145,2152.054154908737,-1.9366380258225036,0.0553325150235001,False
936,2023,M,2,2,7,2080.9522203143665,2057.1860044550435,23.766215859322983,-3.3951736941889976,True
916,2023,M,2,2,35,1923.4902692765959,1869.2059031036874,54.28436617290845,-1.5509818906545272,True
926,2023,M,4,4,35,2002.6666117217349,1991.1682315428002,11.498380178934667,-0.3285251479695619,True
918,2023,M,4,4,35,1923.688210132709,1785.8548143097792,137.8333958229298,-3.9380970235122796,True
909,2023,M,5,5+,35,1900.1332482552803,1798.1520242433894,101.98122401189084,-2.9137492574825954,True
853,2023,F,3,3,35,1913.902955879181,1735.1327800181728,178.77017586100828,-5.107719310314522,True
882,2023,M,5,5+,35,1732.6752839838111,1696.0051999411992,36.67008404261196,-1.0477166869317702,True
845,2023,F,4,4,28,1808.3349712090273,1794.0411827662585,14.2937884427688,-0.5104924443846001,True
878,2023,M,3,3,35,1715.4544295019932,1770.158375614033,-54.70394611203983,1.5629698889154238,False
888,2023,M,3,3,14,1762.6633236849075,1725.8581080524734,36.805215632434056,-2.6289439737452898,True
886,2023,M,4,4,35,1760.5849446957225,1721.6993702902867,38.88557440543582,-1.1110164115838805,True
855,2023,F,4,4,35,1959.8968947401681,1783.673625943681,176.22326879648722,-5.034950537042492,True
880,2023,M,4,4,35,1720.2050100487015,1764.529652693202,-44.3246426445005,1.2664183612714428,False
851,2023,F,3,3,35,1906.270341025095,1889.96358125451,16.306759770584904,-0.46590742201671154,True
876,2023,M,4,4,35,1699.3222497287961,1741.414897110676,-42.09264738187994,1.2026470680537127,False
970,2023,F,2,2,42,1708.2812480717082,1776.9983898937405,-68.71714182203232,1.6361224243341028,False
962,2023,M,4,4,35,2611.235773840685,2433.937773274335,177.29800056634986,-5.065657159038567,True
964,2023,M,4,4,35,2678.8325762032223,2538.9939374876485,139.83863871557378,-3.995389677587822,True
958,2023,M,2,2,7,2292.2540842148305,2176.9911679146485,115.26291630018204,-16.466130900026005,True
948,2023,M,4,4,35,2164.087379881762,2013.233225301725,150.85415458003695,-4.31011870228677,True
968,2023,M,3,3,35,3285.422329761044,2891.4739646578564,393.94836510318737,-11.255667574376782,True
954,2023,M,3,3,28,2259.5938429562107,2120.448658637135,139.14518431907572,-4.969470868538418,True
946,2023,M,4,4,35,2147.26240711217,2039.2773162586795,107.98509085349042,-3.085288310099726,True
960,2023,M,2,2,14,2392.511127835988,2320.4263439926035,72.08478384338468,-5.1489131316703345,True
992,2023,F,3,3,35,1436.9538962402905,1464.7109995949436,-27.757103354653054,0.7930600958472301,False
990,2023,F,4,4,35,1401.2531783212771,1375.3323710657642,25.920807255512955,-0.7405944930146559,True
994,2023,F,3,3,35,1437.945582849152,1409.5858566361646,28.359726212987425,-0.8102778917996407,True
996,2023,F,4,4,35,1446.8707623289054,1432.954123759995,13.916638568910457,-0.39761824482601305,True
940,2023,M,5,5+,35,2088.078091134429,2024.4806734117342,63.5974177226949,-1.8170690777912828,True
938,2023,M,3,3,14,2086.1976530013567,2059.1529724273337,27.044680574023005,-1.9317628981445003,True
950,2023,M,3,3,28,2179.92264837079,2141.4135465050163,38.50910186577357,-1.3753250666347705,True
944,2023,M,4,4,35,2095.5008732386605,2026.6501811805092,68.85069205815125,-1.9671626302328928,True
952,2023,M,4,4,35,2221.9850802947703,2043.3163998466296,178.66868044814078,-5.104819441375451,True
966,2023,M,4,4,35,2679.030517059335,2272.184472854923,406.846044204412,-11.624172691554628,True
976,2023,F,2,2,42,1734.3565799488329,1493.8213093331797,240.5352706156532,-5.727030252753647,True
984,2023,M,2,2,42,2125.53139917734,2093.179323744015,32.3520754333249,-0.7702875103172595,True
982,2023,M,2,2,42,1886.3967647743104,1874.4488076868247,11.947957087485747,-0.28447516874966067,True
978,2023,F,2,2,42,1864.2375105915453,1772.8179198116513,91.41959077989395,-2.176656923330808,True
1034,2023,F,4,4,35,1579.7567679163444,1655.8377338729194,-76.08096595657503,2.1737418844735723,False
1072,2023,F,4,4,35,1666.0335028872935,1710.4274390744179,-44.39393618712438,1.2683981767749823,False
1010,2023,F,3,3,35,1502.4052124251484,1586.580794691458,-84.17558226630968,2.4050166361802763,False
1066,2023,F,4,4,35,1645.2080841012023,1763.7473837336831,-118.53929963248083,3.3868371323565953,False
1044,2023,F,4,4,35,1591.657007222682,1638.670971266514,-47.01396404383195,1.3432561155380556,False
1026,2023,F,2,2,14,1563.8897821745604,1566.4469996455332,-2.5572174709727733,0.18265839078376953,False
1029,2023,F,3,3,35,1567.8565286100063,1528.7240732119312,39.13245539807508,-1.1180701542307165,True
1049,2023,F,2,2,35,1599.5905000935738,1622.6964636543423,-23.105963560768487,0.6601703874505281,False
1078,2023,F,2,2,21,1687.850608282246,1691.9522053227868,-4.10159704054081,0.1953141447876576,False
1058,2023,F,2,2,35,1627.3577251416955,1691.2034347951433,-63.845709653447784,1.824163132955651,False
1014,2023,F,3,3,35,1523.2306312112396,1609.913821808828,-86.68319059758846,2.4766625885025277,False
1100,2023,F,3,3,35,1734.4598788987357,1717.1681760438437,17.291702854892037,-0.49404865299691536,True
1084,2023,F,2,2,35,1712.6427735037832,1725.5567847549623,-12.91401125117909,0.3689717500336883,False
1098,2023,F,2,2,21,1732.476505681013,1656.122629210069,76.35387647094399,-3.6358988795687615,True
1022,2023,F,5,5+,35,1543.0643633884695,1522.8320742362648,20.232289152204658,-0.5780654043487045,True
1038,2023,F,2,2,21,1586.6985741783747,2196.4252289363503,-609.7266547579757,29.03460260752265,False
1062,2023,F,3,3,35,1639.2579644480331,1613.8085329961334,25.449431451899727,-0.7271266129114208,True
1024,2023,F,4,4,35,1563.8897821745604,1588.9423000310321,-25.052517856471695,0.7157862244706199,False
1050,2023,F,3,3,35,1609.5073661821887,1603.2229077178172,6.2844584643714825,-0.1795559561248995,True
1032,2023,F,4,4,35,1574.7983348720368,1523.8307181304456,50.9676167415912,-1.45621762118832,True
1094,2023,F,3,3,35,1727.5180726367055,1730.9494617835383,-3.431389146832771,0.09803968990950775,False
1020,2023,F,2,2,35,1535.1308705175775,1552.1922047251794,-17.06133420760193,0.48746669164576945,False
1074,2023,F,4,4,35,1671.9836225404624,1712.8740072988664,-40.890384758404025,1.1682967073829722,False
1082,2023,F,2,2,7,1709.6677136771987,1671.9496075852453,37.71810609195336,-5.388300870279052,True
1016,2023,F,3,3,35,1529.1807508644085,1688.007774333765,-158.8270234693564,4.5379149562673256,False
1104,2023,F,2,2,35,1755.285297684827,1734.744308581425,20.5409891034019,-0.58688540295434,True
998,2023,F,2,2,35,1448.8541355466284,1445.8366299949269,3.0175055517015608,-0.0862144443343303,True
1060,2023,F,4,4,35,1634.299531403726,1558.4836612585184,75.81587014520755,-2.1661677184345014,True
1042,2023,F,3,3,35,1588.6819473960975,1654.7529326575452,-66.07098526144773,1.8877424360413637,False
1090,2023,F,2,2,7,1720.576266374675,1707.7792318920904,12.79703448258465,-1.8281477832263786,True
1080,2023,F,3,3,35,1691.8173547176918,1694.2992308671037,-2.481876149411846,0.07091074712605275,False
1054,2023,F,3,3,35,1619.4242322708037,1638.974359129489,-19.55012685868519,0.5585750531052911,False
1046,2023,F,3,3,35,1591.657007222682,1441.1430036922773,150.5140035304048,-4.300400100868709,True
1036,2023,F,4,4,35,1583.7235143517903,1634.4804616056756,-50.7569472538853,1.4501984929681515,False
1070,2023,F,4,4,35,1659.091696625263,1605.519788674433,53.57190795083011,-1.530625941452289,True
1096,2023,F,4,4,35,1730.4931324632898,1744.2314255761423,-13.738293112852489,0.39252266036721395,False
1012,2023,F,2,2,7,1502.4052124251484,1577.59826357722,-75.19305115207158,10.741864450295939,False
1086,2023,F,2,2,21,1714.6261467215063,1857.1663618425414,-142.5402151210351,6.787629291477861,False
1056,2023,F,3,3,35,1622.399292097388,1682.2156397475164,-59.816347650128364,1.7090385042893819,False
1004,2023,F,3,3,35,1490.5049731188108,1566.3729480225463,-75.86797490373556,2.167656425821016,False
1018,2023,F,3,3,35,1531.1641240821316,1509.9495680013326,21.214556080798957,-0.6061301737371131,True
1000,2023,F,2,2,21,1473.6463007681655,1444.1309705431552,29.515330225010302,-1.4054919154766812,True
1148,2023,F,3,3,21,2049.8162205166877,2148.255596541363,-98.43937602467531,4.687589334508348,False
1158,2023,F,2,2,35,2178.735479668681,1994.391721068427,184.34375860025398,-5.2669645314358275,True
1183,2023,M,4,4,35,1614.681052202436,1707.7325391705688,-93.05148696813285,2.6586139133752242,False
1201,2023,M,3,3,35,1648.3408656756935,1682.0802152838382,-33.73934960814472,0.9639814173755634,False
1205,2023,M,4,4,35,1669.1307504679994,1710.8320166964886,-41.7012662284892,1.1914647493854058,False
1195,2023,M,3,3,14,1634.4809424808227,1714.0158699264305,-79.53492744560776,5.68106624611484,False
1153,2023,F,3,3,35,2080.5585053913937,1928.3813596630775,152.1771457283162,-4.347918449380463,True
1122,2023,F,2,2,35,1867.3458844861746,1717.2680404332616,150.07784405291295,-4.2879384015117985,True
1110,2023,F,3,3,21,1772.1439700354722,1731.7628454480289,40.38112458744331,-1.9229106946401575,True
1189,2023,M,2,2,35,1617.651035744194,1683.2782070093651,-65.62717126517123,1.8750620361477495,False
1173,2023,M,4,4,35,1549.3414142837598,1604.8097489873405,-55.468334703580695,1.5848095629594485,False
1156,2023,F,2,2,35,2178.735479668681,2061.200997589121,117.5344820795599,-3.358128059415997,True
1179,2023,M,4,4,35,1610.7210741467586,1651.7310915704852,-41.010017423726595,1.1717147835350457,False
1142,2023,F,3,3,35,1999.240203464752,1834.3091048312485,164.93109863350355,-4.712317103814387,True
1116,2023,F,3,3,35,1816.769867434239,1774.9896575169105,41.78020991732842,-1.1937202833522407,True
1161,2023,F,2,2,21,2213.444510978833,1844.2279038018376,369.21660717699547,-17.581743198904547,True
1130,2023,F,3,3,35,1899.079855969742,1794.5630778428538,104.51677812688831,-2.9861936607682376,True
1191,2023,M,2,2,35,1618.6410302581135,1678.286574819669,-59.64554456155565,1.7041584160444472,False
1209,2023,M,4,4,35,1670.1207449819185,1710.9318493402825,-40.81110435836399,1.166031553096114,False
1175,2023,M,2,2,21,1576.0712661595817,1655.3130040563688,-79.24173789678707,3.773416090323194,False
1124,2023,F,3,3,21,1867.3458844861746,1902.9485979865697,-35.60271350039511,1.6953673095426243,False
1193,2023,M,3,3,35,1629.530969911226,1645.7411329428496,-16.21016303162355,0.46314751518924435,False
1181,2023,M,4,4,35,1613.6910576885166,1688.0701739114738,-74.37911622295724,2.125117606370207,False
1136,2023,F,3,3,35,1954.6143060659854,1954.3461009117777,0.26820515420763513,-0.007663004405932432,True
1144,2023,F,3,3,35,2021.0573088597046,2036.035171455765,-14.977862596060504,0.4279389313160144,False
1207,2023,M,4,4,35,1669.1307504679994,1719.7171219941479,-50.58637152614847,1.4453249007470992,False
1203,2023,M,2,2,35,1661.2107943566448,1739.1844875339632,-77.97369317731841,2.22781980506624,False
1128,2023,F,3,3,35,1889.1629898811273,1807.0461265201134,82.11686336101388,-2.3461960960289683,True
1154,2023,F,3,3,35,2147.9931947939745,2148.881931498193,-0.8887367042184451,0.025392477263384144,False
1134,2023,F,2,2,35,1921.888647973556,1984.9046040737094,-63.01595610015329,1.8004558885758082,False
1138,2023,F,4,4,35,1985.3565909406911,1924.4866484757727,60.869942464918495,-1.7391412132833857,True
1112,2023,F,3,3,35,1804.8696281279013,1741.6349514512726,63.234676676628624,-1.806705047903675,True
1163,2023,F,2,2,35,2226.336436894032,2046.4210679552452,179.91536893878674,-5.140439112536764,True
1199,2023,M,3,3,35,1645.3708821339353,1665.1086658388713,-19.737783704935964,0.5639366772838846,False
1227,2023,M,4,4,35,1701.8005694273375,1843.9216397523867,-142.12107032504923,4.060602009287121,False
1297,2023,M,3,3,21,1877.0295983910598,1930.2563065524935,-53.226708161433635,2.5346051505444587,False
7705,2025,F,6,5+,57,1408.9152125782234,1452.614035449896,-43.69882287167252,0.7666460152925003,False
27050,2025,F,5,5+,42,1496.5483535826265,1462.3838642519065,34.164489330720016,-0.8134402221600003,True
1313,2023,M,3,3,21,1898.8094776972853,2072.5944574962346,-173.78497979894928,8.275475228521394,False
1280,2023,M,3,3,21,1837.4298178342863,1970.5837938401132,-133.15397600582696,6.340665524086998,False
1311,2023,M,4,4,35,1893.8595051276884,1904.767834594623,-10.908329466934674,0.31166655619813355,False
1264,2023,M,4,4,35,1779.0201415130457,1796.4224166673612,-17.402275154315475,0.49720786155187074,False
1282,2023,M,2,2,21,1838.4198123482058,1928.7663747561528,-90.34656240794698,4.302217257521285,False
1217,2023,M,4,4,35,1684.9706626907087,1719.1799419136446,-34.20927922293595,0.9774079777981699,False
1231,2023,M,2,2,21,1705.7605474830148,1752.860012112607,-47.09946462959215,2.2428316490281976,False
1223,2023,M,4,4,35,1694.870607829902,1735.8261651164585,-40.95555728655654,1.1701587796159012,False
1238,2023,M,2,2,7,1716.6504871361274,1708.9314630476458,7.719024088481547,-1.1027177269259352,True
1497,2025,F,6,5+,57,1536.976632716487,1536.7541937039427,0.22243901254432785,-0.0039024388165671553,True
1294,2023,M,3,3,35,1867.1296532518663,1971.5948822862201,-104.4652290343538,2.9847208295529657,False
1257,2023,M,3,3,35,1758.2302567207396,1854.2915258283585,-96.06126910761895,2.744607688789113,False
1296,2023,M,2,2,7,1876.0396038771405,1761.8814652806889,114.15813859645164,-16.308305513778805,True
1225,2023,M,2,2,35,1697.8405913716601,1771.9295946983707,-74.08900332671055,2.1168286664774443,False
1273,2023,M,3,3,35,1814.6599440141417,1877.1532012571674,-62.49325724302571,1.7855216355150203,False
1254,2023,M,4,4,35,1749.3203060954654,1759.1510162927482,-9.83071019728277,0.28087743420807915,False
1216,2023,M,2,2,21,1680.020690121112,1679.2020672538147,0.8186228672973357,-0.03898204129987313,True
1266,2023,M,4,4,35,1800.800020819271,1849.49955892625,-48.69953810697916,1.391415374485119,False
1288,2023,M,4,4,35,1844.3597794317218,1819.6495984318667,24.710180999855083,-0.706005171424431,True
1213,2023,M,4,4,35,1672.1007340097574,1763.144322044505,-91.0435880347477,2.6012453724213627,False
1303,2023,M,3,3,35,1881.9795709606565,2013.1252621044928,-131.1456911438363,3.7470197469667514,False
1286,2023,M,4,4,35,1842.3797904038831,2041.976896160937,-199.5971057570539,5.70277445020154,False
1234,2023,M,3,3,35,1705.7605474830148,1858.2848315801155,-152.5242840971007,4.357836688488591,False
1247,2023,M,4,4,35,1745.3603280397883,1674.393101711706,70.96722632808223,-2.0276350379452066,True
1268,2023,M,3,3,35,1801.7900153331905,1876.2547074630222,-74.46469212983175,2.127562632280907,False
1290,2023,M,4,4,35,1847.3297629734798,2082.2094516098887,-234.8796886364089,6.71084824675454,False
1292,2023,M,4,4,35,1864.1596697101086,1772.3289252735462,91.83074443656233,-2.6237355553303523,True
1305,2023,M,3,3,35,1885.9395490163338,1901.712031630473,-15.772482614139108,0.4506423604039745,False
1251,2023,M,3,3,35,1749.3203060954654,1951.6283535274354,-202.30804743196995,5.780229926627713,False
1278,2023,M,4,4,35,1835.4498288064476,1930.2641677555353,-94.81433894908764,2.7089811128310757,False
1299,2023,M,3,3,35,1877.0295983910598,1758.7516857175726,118.27791267348721,-3.3793689335282058,True
1301,2023,M,4,4,35,1880.9895764467371,1939.1492730531947,-58.1596966064576,1.66170561732736,False
1307,2023,M,2,2,35,1889.899527072011,2008.6327931337662,-118.7332660617551,3.39237903033586,False
1309,2023,M,4,4,35,1890.8895215859307,1913.7917815295377,-22.902259943607078,0.6543502841030594,False
1229,2023,M,2,2,35,1704.7705529690954,1791.8961234571557,-87.12557048806025,2.4893020139445787,False
1317,2023,M,2,2,7,1903.759450266882,1868.7767705406288,34.98267972625308,-4.997525675179012,True
1258,2023,M,3,3,21,1770.1101908877715,1825.5225793381721,-55.41238845040061,2.6386851643047913,False
1243,2023,M,3,3,35,1736.4503774145142,1724.6089215400505,11.84145587446369,-0.3383273106989626,True
1262,2023,M,3,3,35,1775.0601634573684,1884.34115161033,-109.28098815296153,3.122313947227472,False
1276,2023,M,3,3,35,1823.569894639416,2008.0337972710029,-184.46390263158696,5.270397218045342,False
1270,2023,M,2,2,35,1805.7499933888676,1953.1258431843441,-147.3758497954766,4.210738565585046,False
1255,2023,M,3,3,35,1757.2402622068203,1842.8107717920573,-85.570509585237,2.444871702435343,False
1236,2023,M,3,3,35,1706.750541996934,1795.090768058561,-88.34022606162694,2.5240064589036266,False
1219,2023,M,3,3,35,1684.9706626907087,1841.9122779979118,-156.94161530720316,4.484046151634376,False
1245,2023,M,3,3,35,1743.3803390119494,1799.7829023168754,-56.402563304925934,1.6115018087121695,False
1260,2023,M,4,4,35,1775.0601634573684,1914.9655208810316,-139.9053574236632,3.9972959263903767,False
1323,2023,M,3,3,35,1929.4993076287844,1952.2273493901987,-22.72804176141426,0.6493726217546931,False
1385,2023,M,2,2,35,2077.0084902027656,2239.6455308729082,-162.6370406701426,4.646772590575503,False
1347,2023,M,3,3,35,1984.9390004082675,1967.801241822051,17.137758586216478,-0.4896502453204708,True
1411,2023,M,2,2,21,2191.847853817408,2385.920186844928,-194.07233302752002,9.241539667977143,False
1365,2023,M,2,2,35,2012.6588467980087,2039.7805779974708,-27.121731199462147,0.7749066056989184,False
1377,2023,M,2,2,21,2039.3886986738307,2043.5102810148676,-4.121582341036856,0.1962658257636598,False
1319,2023,M,5,5+,35,1912.669400892156,1935.4554652328193,-22.786064340663188,0.6510304097332339,False
1393,2023,M,4,4,35,2099.7783640229104,2056.752127442438,43.026236580472414,-1.2293210451563548,True
1357,2023,M,3,3,35,1995.82894006138,1994.256892427441,1.5720476339390643,-0.044915646683973263,True
1329,2023,M,4,4,35,1947.3192088793328,2033.890452013629,-86.57124313429631,2.473464089551323,False
1405,2023,M,2,2,35,2167.097990969425,1993.4582312770895,173.6397596923357,-4.961135991209591,True
1403,2023,M,3,3,35,2166.1079964555056,2277.881433445981,-111.7734369904756,3.1935267711564457,False
1424,2023,M,3,3,21,2408.656652365743,2264.484115591244,144.1725367744989,-6.865358894023757,True
1341,2023,M,4,4,35,1975.039055269074,2017.2184005000436,-42.1793452309696,1.2051241494562743,False
1325,2023,M,2,2,21,1931.4792966566233,1873.3007057330642,58.17859092355911,-2.770409091598053,True
1413,2023,M,2,2,7,2229.467645346343,2051.414466212873,178.05317913347017,-25.436168447638597,True
1321,2023,M,2,2,35,1920.5893570035107,2005.6378138199484,-85.04845681643769,2.4299559090410767,False
1375,2023,M,3,3,21,2037.408709645992,2127.1220022059288,-89.71329255993669,4.272061550473175,False
1355,2023,M,3,3,35,1991.8689620057028,1990.363419319478,1.5055426862247714,-0.043015505320707755,True
1395,2023,M,4,4,35,2121.558243329136,2082.009786322301,39.54845700683518,-1.1299559144810052,True
1419,2023,M,3,3,35,2300.747250348535,2419.2444570581793,-118.49720670964416,3.3856344774184044,False
1373,2023,M,3,3,35,2035.4287206181536,1933.8581429321166,101.57057768603704,-2.902016505315344,True
1339,2023,M,2,2,21,1959.1991430463645,1952.9309163912178,6.268226655146691,-0.29848698357841386,True
1333,2023,M,2,2,21,1952.2691814489294,1910.1296781624603,42.13950328646911,-2.006643013641386,True
1409,2023,M,2,2,7,2173.037958052941,2020.6596716827785,152.37828637016264,-21.768326624308948,True
1331,2023,M,2,2,7,1948.309203393252,1918.0441598364114,30.26504355684051,-4.3235776509772155,True
1399,2023,M,2,2,35,2146.308106177119,2114.754893486708,31.553212690410874,-0.9015203625831678,True
1363,2023,M,2,2,35,2011.6688522840896,2160.3784117005316,-148.70955941644206,4.248844554755488,False
1381,2023,M,2,2,21,2057.2085999243786,2019.6212178174214,37.58738210695719,-1.789875338426533,True
1401,2023,M,3,3,35,2157.198045830232,2144.205523405916,12.992522424315666,-0.37121492640901904,True
1367,2023,M,3,3,35,2013.648841311928,1929.6651718927717,83.98366941915629,-2.3995334119758938,True
1371,2023,M,2,2,21,2035.4287206181536,1951.935538757991,83.49318186016262,-3.9758658028648868,True
1351,2023,M,2,2,21,1988.8989784639446,1955.9170492908986,32.981929173045955,-1.5705680558593311,True
1369,2023,M,2,2,21,2034.438726104234,2016.6350849177406,17.80364118649345,-0.8477924374520691,True
1530,2023,M,3,3,42,1591.3968150354754,1638.2958669921384,-46.899051956663016,1.1166440942062623,False
617,2024,F,3,3,28,1454.524414733186,1427.7094709741004,26.81494375908551,-0.9576765628244824,True
3586,2024,F,2,2,7,1503.5576854860246,1412.3204177141693,91.23726777185539,-13.033895395979341,True
583,2024,F,4,4,35,1613.4769450656918,1464.0468224074418,149.43012265824996,-4.269432075949998,True
6458,2023,F,2,2,21,1565.9139936738104,1540.3532939451306,25.560699728679765,-1.2171761775561794,True
573,2024,F,3,3,28,1502.5410570569745,1469.2236505568494,33.31740650012512,-1.1899073750044684,True
1497,2023,F,2,2,21,1742.6724672021417,1523.7758215324247,218.89664566971692,-10.423649793796043,True
1533,2023,M,2,2,21,1614.728228328604,1610.7985782221378,3.9296501064661697,-0.1871261955460081,True
1529,2023,M,2,2,21,1564.176832860159,1658.9165572007478,-94.73972434058874,4.5114154447899395,False
1490,2023,F,3,3,42,1714.2013036807998,1778.9520525905264,-64.75074890972655,1.5416844978506323,False
1539,2023,M,4,4,42,1670.1403348997842,1769.2258540824084,-99.08551918262424,2.35917902815772,False
1525,2023,M,2,2,42,1535.0125662437483,1625.812302156955,-90.79973591320663,2.1618984741239675,False
1440,2023,M,2,2,35,2802.674468905638,2749.5906753722757,53.083793533362496,-1.5166798152389285,True
1438,2023,M,5,5+,35,2722.4849132781724,2661.7379488336214,60.74696444455094,-1.7356275555585983,True
1506,2023,F,2,2,14,1930.1076270509766,1778.827768365987,151.27985868498968,-10.805704191784978,True
1450,2023,F,4,4,42,1419.9992806269324,1548.6199551862912,-128.6206745593588,3.062397013318067,False
5298,2023,F,2,2,21,1594.3851571951523,1544.0703051455814,50.314852049570845,-2.39594533569385,True
1434,2023,M,3,3,35,2566.065780078917,2439.8099816797276,126.25579839918964,-3.6073085256911326,True
1514,2023,F,3,3,42,2326.331319389653,2555.4082843738006,-229.0769649841477,5.454213452003517,False
1534,2023,M,3,3,42,1640.9760682833737,1697.371634440526,-56.39556615715219,1.3427515751702903,False
1536,2023,M,4,4,42,1655.558201591579,1779.7435031955154,-124.1853016039363,2.9567928953318168,False
1522,2023,M,2,2,29,1494.1825929807733,1579.7992504698316,-85.6166574890583,2.9522985341054584,False
1492,2023,F,3,3,42,1727.2505869614147,1823.2429345140856,-95.99234755267094,2.285532084587403,False
1452,2023,F,2,2,42,1436.6074593477153,1479.3544790503288,-42.74701970261344,1.0177861833955582,False
1540,2023,M,2,2,14,1676.9453304436133,2561.1840407085197,-884.2387102649063,63.159907876064736,False
1428,2023,M,2,2,35,2489.8362025071283,2509.592999691681,-19.756797184552852,0.564479919558653,False
1432,2023,M,2,2,7,2506.666109243757,2461.8765135983413,44.78959564541583,-6.398513663630832,True
1426,2023,M,3,3,35,2440.3364768111614,2348.962275827256,91.37420098390567,-2.610691456683019,True
1526,2023,M,3,3,28,1560.288263977971,1610.6162436583668,-50.327979680395856,1.7974278457284234,False
1510,2023,F,2,2,42,1985.8636556136048,1979.626819367533,6.236836246071789,-0.14849610109694736,True
1494,2023,F,3,3,42,1729.6231839215266,1666.4688216260693,63.154362295457304,-1.5036752927489834,True
1448,2023,F,3,3,42,1414.0677882266527,1414.869296337834,-0.8015081111811924,0.019083526456695057,False
1456,2023,F,3,3,28,1482.8731000698958,1579.2984176081186,-96.42531753822277,3.443761340650813,False
1436,2023,M,3,3,35,2671.005198554367,2559.2098236572615,111.79537489710538,-3.194153568488725,True
1581,2023,M,2,2,21,1828.599516848949,1815.8121996950779,12.787317153871072,-0.6089198644700511,True
1589,2023,M,2,2,21,1846.0980768187953,1798.5163821167803,47.58169470201506,-2.2657949858102406,True
1551,2023,M,2,2,21,1714.8588770449473,1777.2720656433803,-62.41318859843295,2.9720565999253785,False
1578,2023,M,4,4,42,1814.0173835407436,1886.5910226903527,-72.57363914960911,1.7279437892764073,False
1617,2023,F,4,4,20,1372.5320828523932,1400.5963047057292,-28.064221853335994,1.4032110926667998,False
1618,2023,F,2,2,7,1623.6799879680582,1579.512489053397,44.16749891466111,-6.309642702094444,True
1619,2023,F,2,2,7,1655.97600840057,1615.410500168247,40.565508232323054,-5.795072604617579,True
1620,2023,F,2,2,14,1737.8381266569968,1692.1600331144066,45.678093542590204,-3.262720967327872,True
1621,2023,F,3,3,35,2093.972490943002,1949.0867260040309,144.88576493897108,-4.139593283970602,True
1623,2023,M,3,3,35,1647.1126067085117,1735.0208717009662,-87.9082649924544,2.511664714070126,False
1625,2023,M,4,4,35,1660.488684190377,1716.053079304091,-55.564395113714,1.5875541461061142,False
1628,2023,M,2,2,35,1755.5857605942945,1636.7702931501876,118.81546744410684,-3.3947276412601957,True
1631,2023,M,3,3,35,1771.7932705358248,1771.842459248545,-0.049188712720251715,0.0014053917920071918,False
1632,2023,M,2,2,14,1779.018305088073,1668.779429849421,110.2388752386521,-7.874205374189436,True
1635,2023,M,3,3,14,1820.8063427686448,1733.552588019703,87.25375474894167,-6.2324110534958335,True
1636,2023,M,2,2,35,1854.0024474681643,1924.8181525175237,-70.8157050493594,2.0233058585531256,False
1583,2023,M,2,2,21,1829.5716590694958,1731.6007635619878,97.97089550750798,-4.66528073845276,True
1554,2023,M,3,3,42,1715.8310192654942,1815.3265777650934,-99.49555849959916,2.3689418690380752,False
1576,2023,M,3,3,28,1801.3795346736324,1968.4213830859926,-167.0418484123602,5.965780300441436,False
1592,2023,M,4,4,42,1891.7887611845053,1865.5557244641384,26.233036720366954,-0.6245961123896894,True
1560,2023,M,2,2,14,1727.4967259120588,1650.6987844051753,76.79794150688349,-5.485567250491678,True
1548,2023,M,4,4,42,1713.8867348244003,1745.3399780591833,-31.45324323478303,0.7488867436853103,False
1586,2023,M,4,4,42,1845.1259345982485,1825.3527479476816,19.773186650566913,-0.47079015834683124,True
1566,2023,M,4,4,42,1785.82525914488,1845.896567243377,-60.07130809849696,1.4302692404404038,False
1572,2023,M,2,2,14,1794.574539129803,1852.149301546813,-57.57476241700988,4.11248302978642,False
1574,2023,M,4,4,42,1797.4909657914443,1948.812255294062,-151.32128950261767,3.6028878453004207,False
1590,2023,M,2,2,14,1859.7080679064536,1861.3575449125499,-1.6494770060962765,0.11781978614973403,False
1558,2023,M,4,4,42,1720.6917303682296,1674.5670120644427,46.12471830378695,-1.0982075786615941,True
1594,2023,M,4,4,42,1904.4266100516168,2479.2163171102006,-574.7897070585839,13.685469215680568,False
1595,2023,M,2,2,21,1907.3430367132578,1819.0943272401255,88.2487094731323,-4.202319498720586,True
1597,2023,M,3,3,42,1938.4515877707624,2156.806138689716,-218.3545509189537,5.198917879022707,False
1598,2023,M,3,3,28,1947.2008677556855,2100.1820408245007,-152.98117306881522,5.463613323886258,False
1599,2023,M,2,2,21,1958.86657440225,1970.66894477506,-11.802370372809946,0.5620176368004737,False
1602,2023,M,2,2,42,1981.2258454748314,2032.3636734822974,-51.13782800746594,1.217567333511094,False
1604,2023,M,2,2,21,2027.8886720610885,2104.7388820697397,-76.85021000865117,3.65953380993577,False
1605,2023,M,3,3,42,2049.275800913123,1763.4264027022837,285.84939821083935,-6.805938052639032,True
1606,2023,M,3,3,42,2089.1336319555508,2082.3962286091346,6.7374033464161585,-0.1604143653908609,True
1607,2023,M,2,2,14,2094.9664852788333,2120.319196057734,-25.352710778900928,1.8109079127786376,False
1608,2023,M,2,2,21,2150.3785918500134,2178.238647396719,-27.860055546705553,1.3266693117478834,False
1609,2023,M,3,3,28,2150.3785918500134,2128.289666165425,22.088925684588503,-0.788890203021018,True
1611,2023,M,2,2,21,2208.707125082835,2217.9225531686607,-9.215428085825806,0.4388299088488479,False
1612,2023,M,3,3,42,2287.4506449471432,2333.6402578904635,-46.1896129433203,1.0997526891266738,False
1613,2023,M,2,2,14,2386.60915144294,2293.983434972939,92.62571647000095,-6.616122605000068,True
1615,2023,M,2,2,21,2422.57841360318,2368.502586599035,54.075827004144685,-2.5750393811497467,True
1638,2023,M,3,3,35,1870.3075930117516,1926.7179156784061,-56.410322666654565,1.611723504761559,False
1639,2023,M,3,3,35,1896.76684116931,1869.6255568120905,27.141284357219547,-0.7754652673491299,True
1641,2023,M,3,3,35,1936.2116244005035,1948.1922018791688,-11.980577478665282,0.34230221367615093,False
1643,2023,M,3,3,14,1967.3573814568176,1773.3517635467583,194.0056179100593,-13.857544136432807,True
1646,2023,M,2,2,35,2038.8266421628418,1985.491216817964,53.335425344877876,-1.5238692955679394,True
1647,2023,M,2,2,14,2095.943469366427,1944.6872141907306,151.25625517569642,-10.804018226835458,True
1649,2023,M,2,2,14,2143.3943719663284,1970.0591885892281,173.3351833771003,-12.381084526935735,True
1650,2023,M,3,3,35,2276.9598755808656,2145.9466058826692,131.01326969819638,-3.743236277091325,True
1651,2023,M,4,4,35,2300.3924200746437,1950.2809467157413,350.11147335890246,-10.003184953111498,True
1652,2023,M,4,4,35,2307.6174546268926,2122.2343787855793,185.38307584131326,-5.296659309751807,True
1653,2023,M,4,4,35,1615.1857648357386,1672.676811531268,-57.49104669552935,1.6426013341579815,False
1654,2023,M,3,3,35,1681.9685166430072,1744.6092051412325,-62.640688498225245,1.7897339570921498,False
1655,2023,M,4,4,35,1709.306485219082,1647.1244996971973,62.181985521884826,-1.776628157768138,True
1656,2023,M,4,4,35,1727.4667072017603,1746.73773559374,-19.2710283919796,0.5506008111994171,False
1657,2023,M,3,3,35,1745.431657980324,1702.8740940257164,42.55756395460753,-1.2159303987030723,True
1658,2023,M,3,3,35,1842.0909040171603,1760.1554345677225,81.93546944943773,-2.341013412841078,True
1660,2023,M,3,3,14,1860.2511259998382,1746.5868180048137,113.6643079950245,-8.11887914250175,True
1661,2023,M,2,2,7,1879.8758820133778,1858.0230143615017,21.852867651876068,-3.1218382359822954,True
1663,2023,M,3,3,35,1970.091178314425,1973.3068719379576,-3.2156936235326157,0.09187696067236045,False
1664,2023,M,3,3,14,2045.7587699089183,1864.6908713813498,181.06789852756856,-12.933421323397754,True
1665,2023,M,2,2,7,2207.8338693242194,2025.9336751970222,181.9001941271972,-25.98574201817103,True
1666,2023,M,2,2,7,1511.8877008859565,1526.0890886716302,-14.20138778567366,2.0287696836676656,False
1667,2023,F,4,4,35,1433.904278780036,1380.327926472778,53.57635230725805,-1.5307529230645156,True
1671,2023,F,4,4,35,1704.5663956374003,1610.9345807690381,93.6318148683622,-2.675194710524634,True
1673,2023,F,2,2,14,1797.1613303517618,1810.4421189094112,-13.28078855764943,0.9486277541178164,False
1674,2023,F,4,4,35,1852.1914074633526,1658.4861383550995,193.7052691082531,-5.534436260235803,True
1675,2023,F,3,3,28,1352.0706839124684,1427.4615823420006,-75.39089842953217,2.692532086769006,False
1676,2023,F,3,3,28,1409.8957164743485,1431.4561579187239,-21.56044144437533,0.7700157658705474,False
1677,2023,F,2,2,28,1534.702241143192,1531.8198692838919,2.882371859300065,-0.10294185211785946,True
1678,2023,F,3,3,28,1561.6739861075112,1690.504384069217,-128.83039796170578,4.601085641489492,False
1679,2023,F,3,3,28,1593.5225410469288,1628.3887338511727,-34.86619280424384,1.2452211715801371,False
1680,2023,F,3,3,28,1616.31416317545,1587.9436561368511,28.370507038598817,-1.013232394235672,True
1681,2023,F,2,2,7,1664.7836827238762,1784.0752112224263,-119.29152849855018,17.04164692836431,False
1682,2023,F,2,2,14,1690.0634732070387,1699.9143333478353,-9.850860140796613,0.703632867199758,False
1683,2023,F,2,2,7,1714.945156753459,1673.4756415286085,41.46951522485051,-5.92421646069293,True
1684,2023,F,2,2,28,1726.3907311848122,1915.2991246493095,-188.9083934644973,6.7467283380177605,False
1685,2023,F,2,2,28,1789.8887875952767,1933.0749859657274,-143.1861983704507,5.113792798944668,False
1686,2023,F,2,2,28,1397.1562944985815,1397.4024011271592,-0.24610662857776333,0.008789522449205833,False
1687,2023,F,3,3,28,1542.0672194729323,1504.6567553621746,37.41046411075763,-1.3360880039556295,True
1053,2023,F,4,4,35,1614.4657992264963,1701.2897381263692,-86.82393889987293,2.480683968567798,False
1690,2023,F,2,2,28,1808.3012334196274,1797.1595519677235,11.141681451903878,-0.3979171947108528,True
1692,2023,M,3,3,28,1796.7169930655855,1895.4225750714554,-98.70558200586993,3.5251993573524976,False
1693,2023,M,3,3,28,1882.511921495817,2106.1692861204306,-223.6573646246136,7.987763022307628,False
1694,2023,M,2,2,14,1927.5990474574116,1949.944783491537,-22.345736034125366,1.596124002437526,False
1695,2023,M,2,2,28,1954.4721688914747,1996.8525411660833,-42.38037227460859,1.513584724093164,False
1696,2023,M,3,3,28,1988.9095763588298,2115.853052568442,-126.94347620961207,4.533695578914717,False
1697,2023,M,3,3,28,2014.4888067608827,2021.012040964213,-6.523234203330276,0.23297265011893842,False
1699,2023,M,3,3,28,1636.8716855726025,1691.1649858690855,-54.29330029648304,1.9390464391601085,False
1008,2023,F,4,4,35,1501.4135258162871,1442.141647586458,59.2718782298291,-1.6934822351379744,True
1700,2023,M,2,2,28,1649.6115357339363,1752.5620618023493,-102.95052606841296,3.67680450244332,False
1701,2023,M,2,2,28,1663.8443370860512,1726.1064111969592,-62.26207411090809,2.223645503961003,False
1458,2025,F,3,3,43,1549.6749587545185,1541.355351672372,8.319607082146376,-0.1934792344685204,True
1702,2023,M,3,3,28,1689.4235674881038,1658.8192092798538,30.604358208250005,-1.093012793151786,True
1703,2023,M,3,3,28,1714.903267810771,1733.6936921252973,-18.790424314526263,0.6710865826616522,False
1704,2023,M,2,2,28,1743.7669908325427,1776.921226888067,-33.15423605552428,1.1840798591258672,False
1705,2023,M,2,2,7,1921.527712614901,1999.8130449766431,-78.28533236174212,11.183618908820304,False
1707,2023,F,2,2,21,1659.9422823732161,1619.8516186866648,40.09066368655135,-1.909079223169112,True
1712,2023,M,2,2,42,1645.2211957035142,1611.3944848694111,33.826710834103096,-0.8053978770024547,True
1714,2023,M,3,3,42,1751.4861650413745,1740.182534624396,11.303630416978422,-0.2691340575471053,True
1715,2023,M,3,3,42,1773.7269741168761,1654.1246266674689,119.60234744940726,-2.8476749392716014,True
1716,2023,M,2,2,21,1792.2559927140974,1837.6511466143766,-45.39515390027918,2.1616739952513897,False
1718,2023,M,3,3,42,1837.5558012393446,1828.3321278441656,9.223673395179048,-0.21961127131378685,True
1719,2023,M,2,2,42,1838.0746536717927,1761.1989913129514,76.87566235884128,-1.830372913305745,True
1720,2023,M,2,2,42,2043.6799079606137,1993.2764514282765,50.40345653233726,-1.2000822983889823,True
1722,2023,M,2,2,21,2494.8320759053418,2348.717421562861,146.11465434248066,-6.957840682975269,True
1724,2023,F,4,4,28,1403.191554175575,1501.5068383618705,-98.31528418629546,3.511260149510552,False
1725,2023,F,2,2,28,1461.3549346595364,1742.351418691338,-280.99648403180163,10.035588715421486,False
1726,2023,F,3,3,28,1477.8345591299922,1528.8816758786659,-51.047116748673716,1.8231113124526328,False
1727,2023,F,2,2,28,1487.5284558773192,1512.5347586617333,-25.006302784414174,0.8930822423005063,False
1728,2023,F,3,3,28,1505.462164859874,1495.0980469636725,10.364117896201606,-0.3701470677214859,True
1729,2023,F,3,3,28,1514.0654982231267,1528.0718286036981,-14.006330380571399,0.5002260850204071,False
1730,2023,F,2,2,28,1522.5476578770376,1601.338011701973,-78.79035382493544,2.8139412080334085,False
1731,2023,F,2,2,28,1523.3958738424292,1592.3097143032637,-68.91384046083454,2.4612085878869476,False
1732,2023,F,4,4,28,1523.7593949704537,1679.4632784500513,-155.7038834795976,5.5608529814142,False
1733,2023,F,3,3,28,1525.092305773211,1546.0984290575998,-21.006123284388877,0.7502186887281742,False
1734,2023,F,3,3,28,1527.5157799600427,1551.4874127762093,-23.971632816166675,0.8561297434345241,False
1735,2023,F,3,3,28,1530.5451226935825,1541.4393076979113,-10.894185004328847,0.3890780358688874,False
1736,2023,F,3,3,28,1534.3015076831716,1523.4626978165388,10.8388098666328,-0.3871003523797429,True
1737,2023,F,2,2,7,1543.268362174449,1553.359067458534,-10.090705284084834,1.4415293262978335,False
1738,2023,F,3,3,28,1545.5706626519393,1634.7617084947585,-89.19104584281922,3.1853944943864008,False
1739,2023,F,3,3,28,1560.1115077729296,1535.4104446509327,24.701063121996867,-0.8821808257856024,True
1740,2023,F,3,3,28,1561.8079397037118,1515.974110051718,45.83382965199371,-1.6369224875712038,True
1741,2023,F,4,4,28,1578.529911592851,1707.2580367760888,-128.7281251832378,4.597433042258493,False
1742,2023,F,2,2,28,1580.226343523633,1635.8115105178642,-55.58516699423126,1.9851845355082591,False
1743,2023,F,2,2,28,1582.043949163757,1666.7456767987132,-84.70172763495634,3.0250617012484406,False
1744,2023,F,3,3,28,1589.677892852277,1630.0925890205647,-40.41469616828772,1.4433820060102758,False
1745,2023,F,2,2,7,1591.3743247830591,1592.3196235931707,-0.9452988101115807,0.13504268715879725,False
1746,2023,F,3,3,28,1603.3705220078762,1700.199367935016,-96.82884592713981,3.458173068826422,False
1747,2023,F,2,2,21,1604.8246065199753,1657.2667575915355,-52.44215107156015,2.4972452891219117,False
1749,2023,F,2,2,21,1610.5197708590294,1686.2190081759659,-75.69923731693643,3.6047255865207823,False
1750,2023,F,3,3,28,1616.820803744792,1633.4719517235144,-16.651147978722292,0.594683856382939,False
1751,2023,F,4,4,28,1618.6384093849158,1712.0071411663291,-93.36873178141332,3.3345975636219043,False
1752,2023,F,3,3,28,1624.818268561337,1699.2995376294969,-74.48126906815992,2.660045323862854,False
1754,2023,F,3,3,28,1635.9662498207629,1742.431403607384,-106.46515378662116,3.8023269209507555,False
1755,2023,F,2,2,28,1639.2379399729855,1821.8164327831894,-182.5784928102039,6.520660457507282,False
1756,2023,F,3,3,28,1641.0555456131099,1657.6973831709925,-16.64183755788258,0.5943513413529493,False
1757,2023,F,3,3,28,1642.0249352878423,1659.327075835433,-17.302140547590852,0.6179335909853876,False
1759,2023,F,4,4,28,1652.8093954192436,1627.0631603253164,25.746235093927226,-0.9195083962116867,True
1760,2023,F,3,3,28,1655.9599118621247,1684.9522433137183,-28.9923314515936,1.0354404089854856,False
1761,2023,F,2,2,28,1656.9293015368578,1569.6039962606626,87.3253052761952,-3.118760902721257,True
1762,2023,F,3,3,28,1662.2609447478874,1576.022785773366,86.23815897452141,-3.0799342490900505,True
1763,2023,F,3,3,28,1668.804325052333,1656.8875358960252,11.916789156307914,-0.42559961272528263,True
1764,2023,F,2,2,28,1669.410193599041,1678.4234745414515,-9.013280942410574,0.32190289080037765,False
1765,2023,F,4,4,28,1682.1334330799077,1740.7717165994263,-58.63828351951861,2.094224411411379,False
1766,2023,F,2,2,28,1683.1028227546403,1691.381030940928,-8.278208186287657,0.2956502923674163,False
1767,2023,F,4,4,28,1697.7648415849721,1680.563071045686,17.201770539286144,-0.6143489478316481,True
1768,2023,F,4,4,28,1707.0952172042741,1658.24727946881,48.84793773546426,-1.7445692048380093,True
1769,2023,F,4,4,28,1710.6092547751805,1778.954515896958,-68.34526112177741,2.4409021829206217,False
1771,2023,F,3,3,28,1713.8809449274036,1712.7370035252502,1.1439414021533594,-0.040855050076905694,True
1772,2023,F,2,2,28,1717.3949824983092,1776.2050344078714,-58.81005190956216,2.100358996770077,False
1773,2023,F,2,2,28,1723.2113205467056,1728.9239509100903,-5.712630363384733,0.20402251297802618,False
1776,2023,F,3,3,28,1748.9001469271216,1730.8935794677266,18.006567459395,-0.6430916949783929,True
1777,2023,F,4,4,28,1751.0812736952703,1790.452347578592,-39.37107388332174,1.406109781547205,False
1778,2023,F,2,2,28,1757.8670014183995,1803.399905863563,-45.53290444516347,1.6261751587558382,False
1779,2023,F,2,2,28,1758.1093488370825,1831.5945887698313,-73.48523993274875,2.6244728547410268,False
1780,2023,F,2,2,21,1770.9537620272906,1796.0378897031158,-25.08412767582513,1.1944822702773872,False
827,2023,F,2,2,7,1672.4347768589985,1700.7941843185115,-28.359407459513022,4.0513439227875745,False
1781,2023,F,3,3,21,1784.282870054865,1810.0148382611167,-25.731968206251622,1.2253318193453153,False
1782,2023,F,3,3,21,1787.3122127884048,1726.1531469131114,61.159065875293436,-2.912336470252068,True
1783,2023,F,4,4,28,1790.7050766499694,1864.008475997534,-73.30339934756466,2.6179785481273092,False
1784,2023,F,2,2,28,1792.2803348714097,1789.9924343113269,2.2879005600827895,-0.08171073428867105,True
1785,2023,F,2,2,21,1802.9436212934697,1790.0477688925441,12.895852400925605,-0.614088209567886,True
1786,2023,F,2,2,7,1807.9117433764745,1657.4033871028098,150.50835627366473,-21.501193753380676,True
1788,2023,F,2,2,7,1819.907940601292,1789.8732647148477,30.034675886444347,-4.290667983777764,True
1791,2023,F,4,4,28,1839.2957340959458,1798.0809089464938,41.214825149452054,-1.4719580410518591,True
1792,2023,F,2,2,7,1842.3250768294854,1775.0425388186238,67.28253801086157,-9.611791144408796,True
1793,2023,F,2,2,21,1852.5036684141785,1821.9950798822604,30.50858853191812,-1.4527899300913392,True
1795,2023,F,4,4,28,1864.499865638996,1920.3178568940248,-55.8179912550288,1.9934996876796,False
1796,2023,F,4,4,28,1879.7677530160356,1935.4250079122414,-55.657254896205814,1.9877591034359219,False
1797,2023,F,3,3,28,1886.5534807391646,1836.2037195569906,50.34976118217401,-1.7982057565062146,True
1798,2023,F,3,3,28,1901.8213681162042,1848.4114173685346,53.409950747669654,-1.907498240988202,True
1799,2023,F,3,3,28,1926.540804821888,1937.994523340224,-11.453718518336018,0.4090613756548578,False
1800,2023,F,3,3,28,1930.781884648844,1844.3521828791925,86.4297017696515,-3.086775063201839,True
1804,2023,F,4,4,28,1968.5880819634185,1901.7213639132942,66.86671805012429,-2.3880970732187246,True
863,2023,M,5,5+,35,1599.560058247921,1545.819275044703,53.740783203217916,-1.535450948663369,True
1809,2023,M,4,4,28,1562.2434105612936,1619.0526594054297,-56.809248844136164,2.0289017444334343,False
1810,2023,M,2,2,28,1577.4678208680375,1645.3666891170244,-67.8988682489869,2.424959580320961,False
1811,2023,M,3,3,28,1579.855963661252,1610.5045988418226,-30.648635180570636,1.0945941135918085,False
1812,2023,M,2,2,28,1585.1297789962678,1611.944272199904,-26.814493203636175,0.9576604715584348,False
1813,2023,M,2,2,28,1591.8961835770428,1603.2162524665366,-11.320068889493768,0.40428817462477745,False
1814,2023,M,3,3,28,1601.7472725990538,1625.0812915923946,-23.334018993340806,0.8333578211907431,False
1815,2023,M,3,3,28,1608.6131831295459,1647.8561242987064,-39.24294116916053,1.4015336131843046,False
1816,2023,M,2,2,28,1611.797373520499,1667.3816942176823,-55.58432069718333,1.9851543106136904,False
1817,2023,M,3,3,28,1621.4494506430751,1663.1126628017057,-41.663212158630586,1.4879718628082352,False
1818,2023,M,3,3,28,1626.6237600283737,1661.2730801774908,-34.6493201491171,1.237475719611325,False
1819,2023,M,4,4,28,1647.0224797204162,1649.1158384870275,-2.0933587666113453,0.07476281309326234,False
26830,2025,F,5,5+,43,1672.4653756317127,1566.396041108775,106.06933452293765,-2.4667287098357593,True
1822,2023,M,4,4,28,1662.9434316751808,1679.169019836972,-16.225588161791165,0.5794852914925416,False
1823,2023,M,3,3,28,1666.2271280158511,1750.952733107964,-84.7256050921128,3.0259144675754572,False
1824,2023,M,2,2,28,1672.4960028480396,1685.8175113864443,-13.321508538404714,0.47576816208588263,False
1825,2023,M,2,2,28,1675.7796991887096,1689.6666380729805,-13.886938884270876,0.49596210300967414,False
1826,2023,M,3,3,28,1677.4713003339034,1731.2671994825346,-53.79589914863118,1.9212821124511135,False
1827,2023,M,4,4,28,1683.5411632666578,1754.1520072370333,-70.61084397037553,2.52181585608484,False
1828,2023,M,3,3,28,1684.038693015244,1715.8606950047354,-31.822001989491355,1.1365000710532627,False
1829,2023,M,2,2,21,1684.038693015244,1680.1860134116282,3.8526796036157975,-0.18346093350551418,True
1831,2023,M,2,2,21,1686.8248596073279,1761.0505809020274,-74.2257212946995,3.5345581568904523,False
1832,2023,M,4,4,28,1698.666067623684,1768.8586704990987,-70.19260287541465,2.506878674121952,False
1834,2023,M,3,3,28,1714.8855374276009,1780.725977971615,-65.8404405440142,2.351444305143364,False
1835,2023,M,4,4,28,1715.9801028744907,1815.8780024647638,-99.89789959027303,3.5677821282240365,False
1836,2023,M,3,3,28,1722.2489777066796,1786.6646305737,-64.4156528670203,2.300559030965011,False
1837,2023,M,2,2,28,1728.9158763377372,1743.4844275629182,-14.568551225180954,0.5203054008993198,False
1838,2023,M,3,3,28,1730.1099477343446,1652.9849606368705,77.1249870974741,-2.7544638249097892,True
1839,2023,M,4,4,28,1739.6625189072033,1748.7632298758824,-9.100710968679095,0.3250253917385391,False
1841,2023,M,4,4,28,1745.3343580410883,1763.8897978673879,-18.555439826299562,0.6626942795106986,False
1843,2023,M,2,2,7,1751.4042209738425,1778.8319941949635,-27.427773221121015,3.918253317303002,False
1844,2023,M,2,2,7,1758.5686493534868,1738.3389709524354,20.229678401051387,-2.8899540572930555,True
1846,2023,M,2,2,21,1759.8622266998113,1826.9402284867972,-67.07800178698585,3.1941905612850405,False
1847,2023,M,4,4,28,1762.250369493026,1733.266745813203,28.98362367982304,-1.035129417136537,True
1848,2023,M,2,2,7,1762.4493813924605,1724.3428595214878,38.106521870972756,-5.443788838710394,True
1849,2023,M,4,4,28,1763.344934939916,1758.2610749465568,5.083859993359056,-0.181566428334252,True
1850,2023,M,2,2,28,1764.1409825376543,1777.1067991131056,-12.9658165754513,0.46306487769468924,False
1851,2023,M,3,3,28,1764.6385122862407,1809.8593680094523,-45.22085572321157,1.6150305615432703,False
1852,2023,M,2,2,21,1764.9370301353927,1775.0271728139483,-10.090142678555594,0.4804829846931235,False
1853,2023,M,2,2,28,1769.3152919229528,1794.2129179719727,-24.89762604901989,0.889200930322139,False
1855,2023,M,4,4,28,1777.176261950618,1874.024809760598,-96.84854780997989,3.458876707499282,False
1856,2023,M,4,4,28,1781.9525475370474,1721.3094587558064,60.64308878124098,-2.1658245993300347,True
1857,2023,M,4,4,28,1797.6744875923775,1770.7782349765405,26.896252615837057,-0.9605804505656091,True
1858,2023,M,3,3,28,1802.749291027959,1828.4051602264008,-25.65586919844168,0.9162810428014885,False
1859,2023,M,3,3,28,1802.848796977676,1849.4003966984178,-46.551599720741706,1.6625571328836324,False
1861,2023,M,2,2,7,1811.1077908042103,1888.5180441057305,-77.41025330152024,11.058607614502892,False
1863,2023,M,4,4,28,1828.4218260550172,1767.5089767258976,60.91284932911958,-2.1754589046114137,True
1864,2023,M,2,2,28,1828.4218260550172,2113.490478321434,-285.0686522664166,10.181023295229165,False
1865,2023,M,3,3,28,1834.6907008872058,1751.8625266884183,82.82817419878756,-2.9581490785281273,True
1866,2023,M,2,2,7,1838.0739031775934,1790.1365457353443,47.937357442249095,-6.848193920321299,True
1867,2023,M,3,3,28,1842.253153065719,1897.8094133638974,-55.55626029817836,1.98415215350637,False
1868,2023,M,3,3,28,1843.7457423114784,1872.6851137190502,-28.939371407571798,1.03354897884185,False
1869,2023,M,3,3,28,1846.830426752714,1860.6978334666937,-13.86740671397979,0.4952645254992782,False
1870,2023,M,3,3,28,1851.507206389426,1958.2457012083469,-106.7384948189208,3.8120891006757427,False
1871,2023,M,2,2,7,1861.9553311097407,1893.8413514448516,-31.88602033511097,4.55514576215871,False
1873,2023,M,3,3,28,1863.0498965566303,1893.2504477299738,-30.200551173343456,1.078591113333695,False
1874,2023,M,2,2,28,1864.9405096012588,2372.1717871199917,-507.2312775187329,18.115402768526174,False
1875,2023,M,3,3,28,1867.129640495039,1842.4419754676921,24.68766502734684,-0.8817023224052443,True
1876,2023,M,3,3,28,1884.7421935949974,1995.6772085184573,-110.9350149234599,3.9619648186949967,False
1877,2023,M,4,4,28,1888.6229256339714,1911.6262785088154,-23.00335287484404,0.8215483169587158,False
1878,2023,M,3,3,28,1897.2799432593747,1935.3109047955813,-38.03096153620663,1.358248626293094,False
1879,2023,M,2,2,7,1900.9616633989142,1875.9773687637557,24.98429463515845,-3.5691849478797786,True
1880,2023,M,4,4,28,1901.3596871977832,1947.858058020525,-46.49837082274189,1.6606561008122103,False
1881,2023,M,3,3,28,1902.95178239326,1917.1150331864999,-14.163250793239968,0.505830385472856,False
1882,2023,M,3,3,28,1907.5290560802546,1997.9666890670728,-90.43763298681824,3.229915463814937,False
1883,2023,M,4,4,28,1911.0117643203596,1920.954162141383,-9.942397821023405,0.35508563646512165,False
1884,2023,M,2,2,7,1931.509989962119,1957.9602892823552,-26.450299320236127,3.778614188605161,False
1886,2023,M,4,4,28,1950.0180966095331,1954.5765336915704,-4.558437082037244,0.162801324358473,False
1887,2023,M,2,2,21,1950.0180966095331,1953.7278836877936,-3.709787078260433,0.1766565275362111,False
1888,2023,M,2,2,7,1950.5156263581196,1884.4707355295448,66.04489082857481,-9.434984404082115,True
1889,2023,M,3,3,28,1955.291911944549,1967.6835598891012,-12.391647944552233,0.44255885516257976,False
1890,2023,M,2,2,7,1970.7153341507274,1924.5051967166428,46.21013743408457,-6.601448204869224,True
1891,2023,M,2,2,21,1983.5516016642564,1973.6944435619662,9.857158102290214,-0.46938848106143877,True
1892,2023,M,3,3,28,1985.5417206586021,2039.8871778895336,-54.345457230931515,1.9409091868189827,False
1894,2023,M,3,3,28,2002.1592142613877,1958.2556989400002,43.90351532138743,-1.567982690049551,True
1895,2023,M,3,3,28,2004.6468630043196,1960.245247539015,44.40161546530453,-1.5857719809037332,True
1896,2023,M,2,2,28,2009.721666439901,2021.9112563768253,-12.189589936924449,0.43534249774730177,False
1899,2023,M,3,3,28,2030.7174218302468,1998.85648718422,31.860934646026863,-1.137890523072388,True
1900,2023,M,3,3,28,2033.6030943720482,2020.4515875554378,13.151506816610436,-0.46969667202180126,True
1901,2023,M,3,3,28,2036.2897550144148,2031.119167229553,5.170587784861709,-0.18466384945934675,True
1905,2023,M,4,4,28,2050.021576075399,2045.665866785165,4.355709290234017,-0.15556104607978632,True
1906,2023,M,3,3,28,2051.215647472007,2228.694340162888,-177.47869269088096,6.338524738960034,False
1907,2023,M,2,2,28,2060.071676996845,1950.4774637137007,109.5942132831442,-3.9140790458265786,True
1908,2023,M,3,3,28,2062.9573495386458,2177.885867900606,-114.92851836196041,4.1045899414985865,False
1910,2023,M,2,2,21,2074.3010278064157,2052.562355064948,21.73867274146778,-1.0351748924508466,True
1911,2023,M,2,2,21,2089.2269202640077,2048.5690430901136,40.65787717389412,-1.9360893892330533,True
1912,2023,M,2,2,28,2142.1640855136006,2267.7654754641467,-125.60138995054604,4.485763926805215,False
1914,2023,M,3,3,28,2160.5726862112974,2040.7869737383342,119.78571247296327,-4.278061159748688,True
1917,2023,M,3,3,28,2187.9368223835495,2202.88019703396,-14.943374650410533,0.5336919518003762,False
1919,2023,M,4,4,28,2244.0581780240946,2312.6552905876492,-68.59711256355467,2.44989687726981,False
1920,2023,M,3,3,28,2252.6156896997813,2216.3571393026646,36.25855039711678,-1.2949482284684564,True
1922,2023,M,2,2,28,2389.3368646113236,2306.7066402539117,82.63022435741186,-2.951079441336138,True
1926,2023,F,3,3,35,1349.2216009848469,1387.1197872379523,-37.89818625310545,1.0828053215172986,False
1928,2023,F,2,2,35,1408.1624246192648,1481.5785040927758,-73.41607947351099,2.0976022706717425,False
1929,2023,F,3,3,35,1411.2230034009517,1453.509633541606,-42.286630140654324,1.2081894325901235,False
1930,2023,F,3,3,35,1439.0643974795207,1448.4333484419265,-9.368950962405734,0.2676843132115924,False
1931,2023,F,3,3,35,1446.567751912043,1433.104958140933,13.46279377111,-0.38465125060314287,True
1932,2023,F,2,2,35,1450.7143425194897,1508.3534196185371,-57.63907709904743,1.646830774258498,False
1933,2023,F,3,3,35,1468.090531731646,1457.5905686217407,10.499963109905366,-0.29999894599729615,True
1934,2023,F,3,3,35,1473.1256774692595,1535.1283351442983,-62.00265767503879,1.7715045050011082,False
1935,2023,F,3,3,35,1502.2505400691814,1539.010200220524,-36.75966015134259,1.050276004324074,False
1936,2023,F,3,3,35,1509.556437806111,1475.8054739794147,33.75096382669631,-0.964313252191323,True
1937,2023,F,3,3,35,1522.489851367432,1571.060470849874,-48.570619482442,1.3877319852126284,False
1939,2023,F,3,3,35,1546.9744816209256,1687.2178181307788,-140.24333650985318,4.006952471710091,False
1942,2023,F,3,3,35,1554.8727494446332,1591.2660762466382,-36.39332680200505,1.0398093372001442,False
1943,2023,F,3,3,35,1557.5384148351345,1600.3237614244977,-42.785346589363144,1.2224384739818042,False
1946,2023,F,3,3,35,1581.6281316974425,1549.660445429656,31.967686267786576,-0.9133624647939022,True
1947,2023,F,3,3,35,1584.6887104791292,1647.8019573567958,-63.1132468776666,1.8032356250761885,False
1948,2023,F,3,3,35,1590.5136829991136,1572.5534958791916,17.96018711992201,-0.5131482034263432,True
1949,2023,F,3,3,35,1592.9818916940224,1618.5386667821717,-25.55677508814938,0.7301935739471251,False
1951,2023,F,2,2,14,1603.6445532560274,1574.8207861415322,28.82376711449524,-2.0588405081782315,True
1952,2023,F,3,3,35,1608.97588403703,1606.8930715534952,2.0828124835347808,-0.05950892810099374,True
1953,2023,F,3,3,35,1609.469525776012,1578.9237360042796,30.545789771732416,-0.8727368506209262,True
1954,2023,F,3,3,35,1612.925017948884,1646.3089323274783,-33.38391437859423,0.9538261251026922,False
1955,2023,F,2,2,14,1630.9923055956149,1581.9835844107797,49.00872118483517,-3.5006229417739405,True
1956,2023,F,2,2,35,1637.5083765501736,1603.1107414792239,34.39763507094972,-0.9827895734557063,True
1960,2023,F,2,2,35,1687.168735491735,1793.7202702220968,-106.55153473036171,3.04432956372462,False
1961,2023,F,3,3,35,1691.0191410557925,2012.6972745220032,-321.67813346621074,9.190803813320306,False
1962,2023,F,3,3,35,1691.5127827947742,1697.8680633399106,-6.355280545136338,0.18157944414675253,False
1963,2023,F,2,2,14,1714.615216179119,1704.1789332179587,10.43628296116026,-0.7454487829400185,True
1965,2023,F,3,3,35,1731.1028502611086,1789.4402651380533,-58.33741487694465,1.6667832821984185,False
1967,2023,F,2,2,14,1731.4977636522938,1549.9499588177555,181.54780483453828,-12.967700345324163,True
1968,2023,F,2,2,14,1747.6892126908945,1755.2039225554188,-7.51470986452432,0.5367649903231657,False
1971,2023,F,3,3,35,1788.3652919829885,1829.5528709257178,-41.18757894272926,1.1767879697922645,False
1972,2023,F,2,2,35,1792.6106109382313,1915.650647616363,-123.04003667813163,3.5154296193751895,False
1973,2023,F,2,2,14,1821.9329302337458,1825.2202756373147,-3.2873454035689065,0.2348103859692076,False
1975,2023,F,3,3,35,1878.2080884776622,1807.0579604840002,71.15012799366195,-2.0328607998189128,True
1976,2023,F,2,2,14,1885.4152578667954,1804.6272306132275,80.78802725356786,-5.770573375254847,True
1979,2023,F,2,2,14,1939.419664111396,1839.1280422767704,100.29162183462563,-7.1636872739018305,True
1981,2023,F,2,2,14,1962.2259124523516,1797.6136573079225,164.61225514442913,-11.75801822460208,True
1983,2023,F,3,3,35,1997.1757475722577,1838.1128810938053,159.0628664784524,-4.544653327955783,True
1985,2023,F,2,2,35,2030.0522873884402,1968.8023386600676,61.2499487283726,-1.74999853509636,True
1986,2023,F,2,2,14,2076.5533392005186,1960.7463878900378,115.80695131048083,-8.271925093605773,True
1987,2023,F,3,3,35,2178.9346358653283,2149.7569722133544,29.177663651973944,-0.8336475329135412,True
1989,2023,M,3,3,35,1512.2767399246434,1493.7620898495832,18.514650075060217,-0.5289900021445776,True
1990,2023,M,3,3,35,1519.48699412192,1511.890028794214,7.596965327705902,-0.21705615222016864,True
1991,2023,M,3,3,35,1529.0677428498077,1528.723114957085,0.3446278927226558,-0.009846511220647308,True
1992,2023,M,2,2,14,1541.5128391355177,1536.6482170544764,4.8646220810412615,-0.3474730057886615,True
1993,2023,M,3,3,35,1545.7599751695298,1537.5878763091298,8.172098860399956,-0.23348853886857016,True
1994,2023,M,2,2,35,1562.8472899110204,1580.4176221673226,-17.57033225630221,0.502009493037206,False
1995,2023,M,2,2,35,1569.2673792647595,1639.7816420079807,-70.51426274322125,2.014693221234893,False
1996,2023,M,3,3,35,1572.9218916661189,1539.0819372111598,33.83995445495907,-0.9668558415702592,True
1997,2023,M,3,3,35,1583.391575842986,1582.310099309894,1.0814765330919727,-0.030899329516913505,True
1998,2023,M,3,3,35,1584.5768231082916,1562.0904751024216,22.486348005870013,-0.6424670858820004,True
1999,2023,M,3,3,35,1599.6887257409394,1589.1827794592318,10.505946281707566,-0.3001698937630733,True
2000,2023,M,3,3,35,1604.726026618489,1919.5694469281302,-314.84342030964126,8.995526294561179,False
2001,2023,M,2,2,35,1610.1584099178067,1601.434078855878,8.724331061928751,-0.2492666017693929,True
2002,2023,M,3,3,35,1636.4313909654165,1651.7341292242209,-15.302738258804311,0.4372210931086946,False
2003,2023,M,2,2,14,1643.7404157681353,1643.6947266034363,0.045689164699069806,-0.003263511764219272,True
2004,2023,M,3,3,35,1646.308451509631,1674.543458995212,-28.235007485581036,0.8067144995880297,False
2005,2023,M,3,3,35,1652.037146625275,1684.2050528283394,-32.167906203064376,0.9190830343732679,False
2006,2023,M,3,3,35,1653.0248526796966,1658.9056215539647,-5.880768874268142,0.16802196783623263,False
2007,2023,M,2,2,35,1653.8150175232338,1551.4328406679408,102.38217685529298,-2.925205053008371,True
2008,2023,M,3,3,35,1656.2842826592873,1681.6153472648205,-25.33106460553313,0.7237447030152323,False
2009,2023,M,2,2,35,1656.87690629194,1639.8812460681163,16.995660223823734,-0.48559029210924953,True
2011,2023,M,3,3,35,1683.0511167341078,1668.6668194472275,14.384297286880383,-0.41097992248229664,True
2013,2023,M,2,2,14,1700.2372020810408,1664.6980895235827,35.53911255745811,-2.5385080398184363,True
2014,2023,M,2,2,35,1710.4105744415813,1702.2333877128344,8.177186728746847,-0.2336339065356242,True
2019,2023,M,2,2,35,1744.8815157408887,1743.0710523683208,1.8104633725679378,-0.051727524930512504,True
2020,2023,M,3,3,35,1748.8323399585747,1695.559915683767,53.27242427480769,-1.5220692649945053,True
2021,2023,M,2,2,14,1754.4622644687768,1733.7375662184643,20.724698250312485,-1.4803355893080348,True
2022,2023,M,3,3,35,1773.3274501082262,1763.8883009366054,9.439149171620784,-0.2696899763320224,True
2023,2023,M,3,3,35,1782.4143458089031,1765.4819658987706,16.932379910132568,-0.4837822831466448,True
2029,2023,M,3,3,35,1806.9094559585544,1965.8853348910598,-158.97587893250534,4.542167969500152,False
2031,2023,M,2,2,35,1823.6016882782767,1844.2687774658186,-20.667089187541933,0.5904882625011981,False
2032,2023,M,3,3,35,1827.4537418905202,1745.9595701122457,81.49417177827445,-2.3284049079506985,True
2033,2023,M,2,2,14,1836.1455551694287,1836.0381714031844,0.10738376624431112,-0.007670269017450794,True
2034,2023,M,3,3,35,1853.3316405163616,1869.867020920599,-16.535380404237458,0.4724394401210702,False
2035,2023,M,2,2,14,1878.0242918768972,1837.7295838600414,40.29470801685579,-2.878193429775414,True
2037,2023,M,2,2,35,1887.703811210227,1888.4929801659064,-0.7891689556793153,0.02254768444798044,False
2038,2023,M,2,2,35,1892.6423414823341,1999.0534869161256,-106.41114543379149,3.0403184409654713,False
2040,2023,M,2,2,14,1908.9394913802878,1952.7854288664707,-43.84593748618295,3.1318526775844964,False
2041,2023,M,2,2,35,1928.4960712578318,1933.8128275274828,-5.316756269651023,0.15190732199002924,False
2042,2023,M,2,2,14,1934.9161606115713,1935.1350424049172,-0.2188817933458722,0.015634413810419443,False
2043,2023,M,2,2,14,1946.6698626591863,1927.016262612004,19.65360004718218,-1.4038285747987271,True
2044,2023,M,3,3,35,1977.5850621625766,1901.4415079834996,76.143554179077,-2.1755301194022,True
2045,2023,M,2,2,14,2006.7223907680088,1848.7834617398532,157.9389290281556,-11.281352073439686,True
2051,2023,M,3,3,35,2238.2406899243906,2080.4300040466924,157.81068587769823,-4.508876739362806,True
2053,2023,M,2,2,35,2353.2096746590446,2318.8821240106786,34.327550648366014,-0.9807871613818862,True
2054,2023,M,3,3,35,2534.058653223607,3472.09793225756,-938.0392790339529,26.80112225811294,False
2057,2023,M,2,2,29,1525.818194791195,1560.2976020199856,-34.47940722879048,1.1889450768548442,False
2059,2023,M,2,2,29,1722.2992800187874,1722.7518241007128,-0.4525440819254527,0.01560496834225699,False
2061,2023,F,3,3,29,1509.8658685535984,1400.0507331435917,109.81513541000663,-3.786728807241608,True
2062,2023,F,3,3,29,1717.660733501625,1698.9959676895542,18.664765812070755,-0.6436126142093364,True
2064,2023,F,2,2,8,1903.101613913615,1836.7049201288235,66.39669378479152,-8.29958672309894,True
2065,2023,M,2,2,29,1751.7282317186425,1740.8096788194673,10.91855289917521,-0.37650182410949,True
2067,2023,M,2,2,8,1932.0101809810144,1881.8045168579833,50.205664123031056,-6.275708015378882,True
2069,2023,M,2,2,28,1556.164127482631,1654.5146716992663,-98.35054421663517,3.512519436308399,False
2071,2023,M,2,2,28,1551.1850150885198,1610.9696384552803,-59.78462336676057,2.135165120241449,False
2073,2023,F,2,2,21,1492.8002700489528,1514.464394761347,-21.66412471239414,1.0316249863044828,False
2074,2023,F,2,2,21,1556.6581066195893,1664.3861217753517,-107.72801515576248,5.129905483607737,False
2075,2023,F,3,3,21,1565.2993965067037,1567.164456321255,-1.8650598145513868,0.0888123721214946,False
2079,2023,F,2,2,21,1589.7980015153853,1604.3574422827153,-14.559440767329988,0.6933067032061899,False
2082,2023,F,2,2,21,1627.6322995678493,1568.2742470313951,59.358052536454124,-2.8265739303073394,True
2083,2023,F,2,2,21,1629.9844845890248,1660.9967609578962,-31.012276368871426,1.4767750651843536,False
7706,2025,F,2,2,28,1791.5099843240785,1709.2433044525776,82.26667987150086,-2.938095709696459,True
16154,2024,F,3,3,35,1583.9097599240176,1468.9249873943836,114.98477252963403,-3.285279215132401,True
577,2024,F,4,4,28,1526.7928703199022,1433.981397385883,92.81147293401932,-3.3146954619292615,True
18921,2024,F,3,3,14,1483.5486731763688,1432.1243166432275,51.424356533141236,-3.6731683237958026,True
4231,2024,F,2,2,21,1570.6480077648846,1438.95324730842,131.69476045646456,-6.271179069355456,True
2386,2024,F,3,3,35,1634.0217906236935,1435.673821973189,198.34796865050453,-5.667084818585844,True
16155,2024,F,2,2,21,1596.4105918772989,1444.6115041452938,151.7990877320051,-7.228527987238338,True
574,2024,F,3,3,28,1496.9894371534128,1429.5014499488957,67.48798720451714,-2.4102852573041837,True
16153,2024,F,3,3,35,1560.538639315709,1448.4167835717308,112.12185574397813,-3.2034815926850895,True
7945,2024,F,3,3,50,1471.808928272056,1531.6390709389475,-59.83014266689156,1.1966028533378312,False
620,2024,F,4,4,28,1547.538397327949,1486.1478964299124,61.390500898036635,-2.192517889215594,True
18927,2024,F,2,2,14,1566.0437970064884,1481.5852858896933,84.45851111679508,-6.032750794056791,True
3002,2024,F,3,3,28,1623.8001233716134,1536.6219708866358,87.17815248497755,-3.1135054458920552,True
3000,2024,F,4,4,28,1589.808626067349,1495.7051176288187,94.1035084385303,-3.360839587090368,True
7944,2024,F,3,3,29,1465.5997914251805,1429.100075920071,36.49971550510941,-1.2586108794865312,True
578,2024,F,4,4,28,1586.6919271741215,1495.1077913038869,91.5841358702346,-3.2708619953655216,True
606,2024,F,3,3,28,1608.8984067883687,1490.826952641877,118.07145414649176,-4.216837648088991,True
18929,2024,F,4,4,28,1619.3198687125987,1496.9993246661704,122.32054404642827,-4.368590858801009,True
20403,2024,F,2,2,14,1512.2179177306996,1491.0260614168542,21.191856313845392,-1.513704022417528,True
28511,2025,F,3,3,21,1772.1139521612877,1727.9539516578031,44.160000503484525,-2.1028571668325964,True
4025,2024,F,2,2,21,1334.360402741506,1429.5066079928579,-95.14620525135183,4.530771678635801,False
2509,2023,F,2,2,15,1582.0426329516654,1691.3591991448786,-109.31656619321325,7.28777107954755,False
2537,2023,F,3,3,28,2448.58979781922,2637.161057615964,-188.57125979674402,6.734687849883715,False
2514,2023,F,3,3,28,1644.851480784149,1683.1510701038856,-38.29958931973647,1.367842475704874,False
2540,2023,M,3,3,34,1555.385388163342,1578.5477700883657,-23.162381925023737,0.6812465272065805,False
245,2024,F,5,5+,57,1603.0190325457354,1524.9490706761082,78.06996186962715,-1.369648453853108,True
6903,2024,M,6,5+,57,1505.4005471189992,1594.9998248886793,-89.59927776968016,1.5719171538540377,False
363,2024,M,4,4,57,1511.0567732904913,1625.113753874208,-114.05698058371672,2.000999659363451,False
364,2024,M,7,5+,57,1526.417649273603,1585.6541227897221,-59.23647351611908,1.0392363774757734,False
3360,2024,F,6,5+,50,1495.9493006261669,1427.0928834816345,68.85641714453232,-1.3771283428906462,True
7,2024,M,8,5+,57,1628.888099112172,1584.9223206318127,43.965778480359404,-0.7713294470238492,True
1,2024,M,5,5+,57,2035.6890719279056,2054.245426427635,-18.556354499729196,0.32555007894261745,False
28512,2025,F,2,2,14,1769.0836765512627,1803.1315667546685,-34.047890203405814,2.4319921573861296,False
3859,2023,M,3,3,28,1784.1375391437423,1800.0907309190031,-15.953191775260848,0.5697568491164589,False
18934,2024,F,2,2,14,1690.5169590547682,1515.3397146062161,175.17724444855207,-12.512660317753719,True
26831,2025,F,4,4,43,1673.064353275016,1798.16104045837,-125.0966871833541,2.9092252833338166,False
594,2024,F,3,3,28,1613.1838677665567,1475.0973594186771,138.08650834787954,-4.93166101242427,True
1512,2023,F,4,4,42,2181.602904822831,2100.98773811843,80.61516670440096,-1.9194087310571657,True
1542,2023,M,4,4,42,1679.8617571052546,1793.2100258917367,-113.3482687864821,2.69876830444005,False
1552,2023,M,3,3,42,1715.8310192654942,1807.7578022351001,-91.92678296960594,2.1887329278477603,False
20405,2024,F,2,2,14,1544.0212234000248,1578.5343680193387,-34.513144619313834,2.465224615665274,False
18950,2024,F,2,2,14,1929.5288054291643,1553.3866140265745,376.1421914025898,-26.86729938589927,True
7746,2024,F,2,2,56,1368.9758761581168,1355.214750669918,13.761125488198786,-0.24573438371783546,True
5202,2024,F,3,3,14,1709.3145492545475,1557.2888601209702,152.02568913357732,-10.858977795255523,True
18936,2024,F,2,2,14,1704.931691435946,1561.5813308248055,143.35036061114056,-10.239311472224326,True
20408,2024,F,2,2,21,1566.0689138333605,1546.4232318553463,19.64568197801418,-0.9355086656197229,True
2385,2024,F,2,2,14,1568.1175930329184,1422.8313059871589,145.28628704575954,-10.377591931839968,True
18937,2024,F,2,2,14,1722.073535348698,1568.8004860994374,153.27304924926057,-10.948074946375755,True
2387,2024,F,3,3,35,1783.0534480841168,1563.5016555085592,219.55179257555756,-6.272908359301645,True
18931,2024,F,4,4,28,1633.9293947746035,1570.2713538577846,63.65804091681889,-2.2735014613149604,True
7946,2024,F,2,2,29,1538.5267124306367,1573.5807375650722,-35.054025134435506,1.2087594873943277,False
7947,2024,F,3,3,50,1654.9175913642198,1828.3078999946893,-173.39030863046946,3.4678061726093894,False
7948,2024,F,2,2,29,1840.704705645232,1805.764380181617,34.940325463614954,-1.204838809090171,True
16161,2024,F,3,3,35,1798.9240695204567,1550.8582482975062,248.0658212229505,-7.0875948920843,True
506,2024,M,3,3,50,1629.351891194778,1653.150860171079,-23.798968976301012,0.47597937952602026,False
512,2024,M,3,3,50,1658.9018499267738,1706.1098387318361,-47.207988805062314,0.9441597761012462,False
7950,2024,M,2,2,50,1672.3634977935724,1774.6449874575214,-102.28148966394906,2.045629793278981,False
7953,2024,M,3,3,50,1812.0691360209528,1893.0238807109781,-80.95474469002534,1.6190948938005068,False
7955,2024,M,3,3,50,1892.182357472142,1882.6397672676924,9.542590204449652,-0.19085180408899305,True
7949,2024,M,4,4,50,1598.3244345261821,1672.8806757133218,-74.55624118713968,1.4911248237427934,False
7749,2024,F,4,4,56,1578.955894866174,1601.617432609903,-22.661537743729014,0.4046703168523038,False
16159,2024,F,3,3,35,1759.1388130430566,1594.0648524675614,165.07396057549522,-4.716398873585578,True
18942,2024,F,3,3,35,1765.5125261730589,1663.7109084587794,101.80161771427947,-2.9086176489794133,True
621,2024,F,4,4,28,1830.3788218883597,1559.8181431714809,270.5606787168788,-9.66288138274567,True
18945,2024,F,2,2,14,1778.9532901501032,1605.0913747773177,173.86191537278546,-12.418708240913247,True
16157,2024,F,2,2,21,1682.1771693654641,1617.4810061270243,64.6961632384398,-3.0807696780209426,True
18933,2024,F,3,3,28,1684.575751789553,1564.4971993834454,120.07855240610752,-4.288519728789554,True
626,2024,F,3,3,28,1778.5637027884495,1589.6844594180627,188.8792433703868,-6.7456872632281,True
27069,2025,F,2,2,28,1897.273118852886,1868.8250232257576,28.448095627128396,-1.0160034152545856,True
2524,2024,F,2,2,14,1789.1867231935744,2030.6267257782372,-241.4400025846628,17.24571447033306,False
7957,2024,M,2,2,13,1622.247835464166,1532.468601225452,89.77923423871403,-6.90609494143954,True
7958,2024,M,2,2,14,1776.3852808928377,1812.7942266960874,-36.40894580324971,2.6006389859464076,False
2590,2024,M,2,2,14,1871.696853161073,1900.7452061134668,-29.04835295239377,2.0748823537424124,False
3393,2024,M,5,5+,43,1566.093538241997,1566.344364190434,-0.2508259484368409,0.00583316159155444,False
3407,2024,M,4,4,43,1686.9250529526985,1694.6354264003169,-7.7103734476183945,0.1793110104097301,False
7965,2024,M,4,4,43,1840.1694009890812,1807.0144188787417,33.15498211033946,-0.7710460955892898,True
7966,2024,M,3,3,14,1958.0487264210642,2138.8779905368974,-180.8292641158332,12.9163760082738,False
4900,2024,M,2,2,8,1981.7397391390787,1899.6790329149264,82.06070622415223,-10.257588278019028,True
7967,2024,M,2,2,8,2065.430017778932,2034.0825537941532,31.347463984778642,-3.9184329980973303,True
7970,2024,F,4,4,36,1453.810816046892,1508.5069262807378,-54.69611023384596,1.51933639538461,False
7971,2024,F,6,5+,43,1454.070900112377,1480.795333452372,-26.724433339994903,0.6214984497673233,False
3379,2024,F,6,5+,43,1651.6638578632026,1572.2883963654804,79.3754614977222,-1.845940965063307,True
3460,2024,F,5,5+,43,1766.3018207272537,1699.5830925924135,66.71872813484015,-1.5515983287172128,True
3463,2024,F,3,3,36,1852.2596043700833,1833.229017759666,19.03058661041723,-0.5286274058449231,True
7974,2024,F,2,2,8,2384.036942263324,2286.9068565728558,97.13008569046815,-12.141260711308519,True
3325,2024,M,3,3,28,1625.4434152361657,1579.6048089726785,45.838606263487236,-1.6370930808388298,True
7975,2024,M,5,5+,50,1515.7027549329157,1568.7181973010102,-53.015442368094455,1.0603088473618891,False
7976,2024,M,5,5+,50,1538.6121190546162,1618.9211560866254,-80.3090370320092,1.606180740640184,False
454,2024,M,5,5+,50,1541.015199207242,1584.6240852330864,-43.60888602584441,0.8721777205168882,False
7977,2024,M,2,2,14,1545.0203327949519,1619.721728564515,-74.70139576956308,5.33581398354022,False
2059,2024,M,5,5+,50,1598.2085068397387,1689.6029455847886,-91.39443874504991,1.8278887749009982,False
7978,2024,M,3,3,28,1605.738157984633,1662.819467089351,-57.081309104718,2.038618182311357,False
458,2024,M,4,4,28,1687.2826778304056,1747.016588702088,-59.73391087168238,2.133353959702942,False
7980,2024,M,2,2,28,1718.5227198145424,1783.1712453572657,-64.64852554272329,2.3088759122401177,False
7981,2024,M,5,5+,50,1757.2924129435744,1817.3471080392753,-60.054695095700936,1.2010939019140188,False
7982,2024,M,5,5+,50,1785.328348057543,1854.1294738822014,-68.80112582465836,1.3760225164931672,False
7983,2024,M,5,5+,50,1827.4623534002505,1854.9247682788052,-27.462414878554682,0.5492482975710936,False
7984,2024,M,2,2,14,1835.1522098886533,2002.9086644685142,-167.75645457986093,11.982603898561495,False
7985,2024,M,3,3,28,2080.7470014870214,2203.6656216729184,-122.918620185897,4.389950720924893,False
282,2024,F,5,5+,50,1369.5128361131974,1340.9086387659509,28.604197347246554,-0.572083946944931,True
7987,2024,F,2,2,14,1387.5894478486075,1464.7487454279403,-77.15929757933282,5.511378398523773,False
7988,2024,F,5,5+,50,1395.2510581205695,1439.1961775374295,-43.94511941686005,0.878902388337201,False
7989,2024,F,5,5+,50,1400.5184151825438,1434.91848101195,-34.40006582940623,0.6880013165881246,False
7990,2024,F,4,4,28,1404.2295076580247,1411.9098006167135,-7.680292958688824,0.27429617709602944,False
291,2024,F,3,3,28,1409.2574393990003,1445.1428439096883,-35.88540451068798,1.2816215896674277,False
286,2024,F,4,4,50,1465.5223898337208,1512.414425043308,-46.89203520958722,0.9378407041917444,False
445,2024,F,3,3,28,1483.0004382666339,1488.2666738970008,-5.266235630366964,0.1880798439416773,False
446,2024,F,3,3,28,1484.3172775321273,1479.7605973398702,4.55668019225709,-0.16273857829489607,True
7995,2024,M,2,2,15,1866.1177590553832,1809.5351413738224,56.582617681560805,-3.7721745121040535,True
7997,2024,M,2,2,15,2088.400338697671,2061.926095000454,26.474243697216934,-1.7649495798144623,True
294,2024,F,5,5+,50,1516.8791211879652,1554.4950210962793,-37.61589990831408,0.7523179981662815,False
7991,2024,F,5,5+,50,1533.6388936578824,1649.5991578022847,-115.96026414440234,2.319205282888047,False
7992,2024,F,3,3,28,1533.7586063183817,1548.4026569985745,-14.644050680192777,0.5230018100068848,False
7993,2024,F,4,4,50,1543.6947571398325,1556.5841287017458,-12.889371561913322,0.2577874312382664,False
7994,2024,F,3,3,28,1555.3068852082747,1561.3595875681567,-6.052702359882005,0.21616794142435733,False
448,2024,F,5,5+,50,1583.1999351046359,1534.996683445257,48.20325165937879,-0.9640650331875759,True
466,2024,M,4,4,43,1506.3802017040257,1594.300593812754,-87.92039210872827,2.0446602815983317,False
669,2024,M,5,5+,43,1517.4015358163103,1551.0929968529229,-33.69146103661251,0.783522349688663,False
7721,2024,M,4,4,56,1558.5898171760032,1646.9203921051078,-88.33057492910461,1.5773316951625824,False
5571,2024,M,5,5+,56,1607.1001428109994,1643.805158072122,-36.705015261122526,0.6554467010914736,False
7724,2024,M,4,4,56,1652.480770017931,1719.6091862081073,-67.12841619017627,1.198721717681719,False
2561,2024,M,3,3,21,1735.4177783616344,1795.8390594444045,-60.421281082770065,2.877203861084289,False
7739,2024,M,2,2,14,2125.065232655635,2142.1150979865447,-17.049865330909597,1.2178475236363997,False
7712,2025,F,3,3,43,1919.843142316011,1916.4333844970051,3.4097578190057902,-0.07929669346525094,True
18940,2024,F,2,2,14,1744.182618122532,1631.6266482192084,112.55596990332356,-8.039712135951683,True
7711,2025,F,3,3,43,1920.681711016636,1953.8946107663453,-33.21289974970932,0.7723930174351005,False
28282,2025,F,3,3,21,2001.6226771133784,2085.3599885760027,-83.73731146262435,3.987491022029731,False
3109,2024,F,2,2,21,1800.9894243649114,1647.2356325967912,153.7537917681202,-7.321609131815248,True
18948,2024,F,4,4,28,1868.5583833303986,1730.0561457769973,138.5022375534013,-4.946508484050047,True
18923,2024,F,3,3,28,1516.3714083956725,1473.106271668905,43.26513672676742,-1.545183454527408,True
28515,2025,F,2,2,7,2233.7891903435707,2115.2712321443264,118.51795819924428,-16.931136885606325,True
18939,2024,F,3,3,14,1740.5789350272375,1666.9419753734899,73.63695965374768,-5.259782832410549,True
5203,2024,F,2,2,14,1672.0148952962043,1593.3679717551413,78.64692354106296,-5.6176373957902115,True
655,2024,F,4,4,28,1795.510753020375,1665.7440114593578,129.76674156101717,-4.634526484322042,True
18935,2024,F,3,3,28,1697.2373410432901,1677.1927660205477,20.044575022742492,-0.7158776793836604,True
648,2024,F,3,3,35,1812.9467418854413,1785.507939608151,27.43880227729028,-0.7839657793511509,True
5521,2024,F,2,2,14,1848.2024436840052,1711.9153616114004,136.2870820726048,-9.734791576614628,True
663,2024,F,3,3,28,1942.7747757253824,2034.194799554689,-91.42002382930673,3.265000851046669,False
4669,2024,F,2,2,14,1742.4504373000468,1752.4558829619339,-10.005445661887052,0.7146746901347895,False
643,2024,F,4,4,35,2080.2471399125616,1818.9582138043227,261.2889261082389,-7.465397888806826,True
631,2024,F,2,2,21,2026.8740226163773,1753.6693948214345,273.2046277949428,-13.00974418071156,True
638,2024,F,3,3,21,1987.9325198256113,1744.5910863503339,243.34143347527743,-11.587687308346544,True
647,2024,F,2,2,7,2019.0968840402754,1774.5464114264519,244.55047261382356,-34.93578180197479,True
18951,2024,F,2,2,14,1953.0014439687855,1775.0341921882512,177.9672517805343,-12.71194655575245,True
4115,2024,F,2,2,14,1812.6908669991697,1832.3980561152846,-19.707189116114932,1.4076563654367809,False
4223,2024,F,3,3,28,2002.1868483775345,1809.0027750554618,193.18407332207266,-6.899431190074024,True
4230,2024,F,2,2,21,2090.900022794488,1828.0071829196727,262.8928398748153,-12.51870666070549,True
19370,2024,F,2,2,7,2079.2627859310455,1828.9827444432717,250.28004148777381,-35.75429164111055,True
5679,2024,F,2,2,14,1841.3723757929783,1796.7575853943636,44.61479039861479,-3.186770742758199,True
5766,2024,F,3,3,21,2091.443537227239,1849.957317200649,241.48622002659022,-11.49934381079001,True
632,2024,F,4,4,28,2162.209857176693,1859.277740737208,302.93211643948484,-10.81900415855303,True
18925,2024,F,3,3,28,1536.6299512016521,2033.4979188422687,-496.8679676406166,17.74528455859345,False
4249,2024,F,2,2,21,2091.6609430003396,1884.1995266789713,207.46141632136823,-9.879115062922297,True
16172,2024,F,3,3,21,2087.74763908453,1911.1250247303017,176.6226143542283,-8.41060068353468,True
1502,2024,F,2,2,14,1756.8156596504855,1687.7859257561497,69.02973389433578,-4.930695278166842,True
357,2024,F,5,5+,49,1540.4371896559828,1512.9124671115085,27.524722544474344,-0.5617290315198845,True
4655,2024,F,5,5+,49,1550.1526309362239,1501.0851383783893,49.06749255783461,-1.0013773991394819,True
358,2024,F,4,4,49,1567.9043014235779,1548.3944533108663,19.509848112711552,-0.3981601655655419,True
7998,2024,F,4,4,49,1571.8624441673794,1581.9052180547042,-10.042773887324756,0.20495456912907667,False
7162,2024,F,5,5+,49,1590.5736644108063,1701.1641161136572,-110.59045170285094,2.2569479939357335,False
360,2024,F,5,5+,49,1591.413270447371,1590.775714604544,0.6375558428269414,-0.01301134373116207,True
7999,2024,F,4,4,49,1618.0407761784015,1586.8332716935042,31.2075044848973,-0.6368878466305571,True
8000,2024,F,4,4,49,1633.0337411170449,1611.4735398875025,21.560201229542372,-0.4400041067253545,True
4656,2024,F,4,4,49,1645.0281130679596,1529.6678494834275,115.36026358453205,-2.3542910935618786,True
3431,2024,F,6,5+,49,1724.0710242244882,1637.099418809261,86.97160541522726,-1.77493072275974,True
3433,2024,F,2,2,14,2099.734753727138,2115.642021781168,-15.907268054029828,1.136233432430702,False
5691,2024,F,2,2,21,1982.6319477904167,1801.9596902395813,180.6722575508354,-8.603440835754068,True
1552,2024,M,4,4,49,1674.6991503991883,1726.8780656184074,-52.17891521921911,1.06487582080039,False
367,2024,M,4,4,49,1702.5105372676041,1776.7218101461788,-74.21127287857462,1.514515773032135,False
368,2024,M,6,5+,49,1774.8990406768855,1735.1853563730358,39.71368430384973,-0.8104833531397905,True
370,2024,M,6,5+,49,1791.0730387138365,1761.14563998125,29.927398732586425,-0.6107632394405393,True
8001,2024,M,5,5+,49,1797.187598947318,1797.49003703275,-0.3024380854319588,0.006172205825142017,False
8002,2024,M,4,4,49,1841.0743619134355,1861.871540381121,-20.7971784676854,0.4244322136262326,False
8003,2024,M,4,4,49,1875.8879064685802,1877.4477105460496,-1.55980407746938,0.03183273627488531,False
5421,2024,M,4,4,41,2113.566780060362,2024.5788249474379,88.98795511292406,-2.1704379295835134,True
375,2024,M,5,5+,49,2168.0060905261976,2198.316815943577,-30.310725417379217,0.6185862330077391,False
19368,2024,F,2,2,7,1753.4624609865784,2003.70581331984,-250.24335233326156,35.749050333323076,False
3008,2024,F,2,2,7,2260.8419048726364,2072.385344581205,188.4565602914313,-26.922365755918754,True
18960,2024,F,3,3,28,2321.551088092957,2062.1695824389876,259.38150565396927,-9.263625201927473,True
2534,2024,F,3,3,21,2398.476320962635,2091.2394635856604,307.2368573769745,-14.630326541760692,True
2722,2024,F,2,2,14,2425.343503819297,2409.2161772242684,16.127326595028535,-1.1519518996448954,True
2584,2024,M,4,4,28,1561.2988354971044,1521.4251076961723,39.8737278009321,-1.4240617071761466,True
673,2024,M,4,4,28,1578.2904626951927,1539.9426492503856,38.347813444807116,-1.3695647658859684,True
19553,2024,M,4,4,21,1850.2474671865384,1752.3166791768535,97.93078800968487,-4.663370857604042,True
770,2024,M,2,2,21,1894.28802874375,1739.047783860629,155.24024488312102,-7.392392613481953,True
508,2024,M,3,3,35,1661.5108186312864,1591.8845908556937,69.62622777559272,-1.9893207935883634,True
2542,2024,M,3,3,35,1632.9339910708647,1584.6157114453936,48.31827962547118,-1.3805222750134623,True
683,2024,M,3,3,28,1640.2712846336756,1554.776593828761,85.49469080491463,-3.0533818144612366,True
706,2024,M,3,3,28,1603.9709901650315,1579.3670925593563,24.60389760567523,-0.8787106287741153,True
18967,2024,M,2,2,14,1684.8743060286583,1575.2469702523035,109.62733577635481,-7.830523984025343,True
700,2024,M,3,3,28,1587.0759063032956,1584.9422663606244,2.1336399426711523,-0.07620142652396973,True
18964,2024,M,3,3,28,1638.5335045793258,1607.3425182407213,31.19098633860449,-1.1139637978073031,True
2471,2024,M,3,3,35,1631.332729285165,1564.9313746810715,66.40135460409351,-1.8971815601169575,True
685,2024,M,3,3,21,1678.1550826614334,1648.2603116750313,29.894770986402136,-1.4235605231620065,True
18963,2024,M,3,3,28,1627.6241075714618,1654.7314955515037,-27.10738798004195,0.9681209992872125,False
515,2024,M,3,3,35,1695.5906163638165,1695.7257252885502,-0.13510892473368585,0.0038602549923910244,False
675,2024,M,2,2,14,1605.1295102012646,1608.8620838397771,-3.7325736385125765,0.2666124027508983,False
18971,2024,M,4,4,28,1757.9576116477103,1645.6718381244427,112.28577352326761,-4.010206197259557,True
717,2024,M,4,4,28,1668.4619388486863,1693.7577121603836,-25.295773311697303,0.9034204754177608,False
689,2024,M,4,4,28,1673.5787356753835,1601.966457789498,71.61227788588553,-2.5575813530673406,True
674,2024,M,4,4,35,1780.48315024838,1632.2316869963845,148.25146325199557,-4.235756092914159,True
730,2024,M,2,2,21,1679.5929891931846,1640.3398202627295,39.253168930455104,-1.869198520497862,True
705,2024,M,4,4,35,1758.0523252207092,1738.558215920577,19.494109300132322,-0.5569745514323521,True
695,2024,M,3,3,28,1715.4785436524885,1631.8334602962937,83.64508335619485,-2.9873244055783874,True
691,2024,M,3,3,28,1760.9504550746462,1675.3397272811928,85.6107277934534,-3.057525992623336,True
3596,2024,M,2,2,7,1787.2444659890189,1652.775469219945,134.46899676907378,-19.209856681296255,True
704,2024,M,4,4,28,1804.394956433396,1665.3840597789274,139.01089665446852,-4.964674880516733,True
696,2024,M,3,3,28,1752.0684681301907,1608.2385283159251,143.82993981426557,-5.136783564795199,True
2176,2024,M,4,4,35,1704.6455989643496,1719.7420043412958,-15.096405376946223,0.43132586791274924,False
523,2024,M,4,4,50,1689.6009737205698,1713.378718142136,-23.77774442156624,0.4755548884313248,False
18973,2024,M,2,2,14,1761.2400850837048,1664.531043624813,96.70904145889176,-6.907788675635126,True
710,2024,M,2,2,14,1678.618302209159,1657.319969102093,21.298333107066128,-1.5213095076475807,True
19384,2024,M,3,3,21,1865.4872104044057,1682.4082512078012,183.0789591966045,-8.718045676028785,True
18975,2024,M,3,3,35,1790.3961726622433,1771.5297534245356,18.86641923770776,-0.5390405496487931,True
18977,2024,M,4,4,28,1812.9873133687931,1709.7863368390306,103.20097652976256,-3.685749161777234,True
690,2024,M,2,2,21,1877.003670064419,1689.208034524288,187.79563554013112,-8.942649311434815,True
18979,2024,M,3,3,28,1822.9312770131291,1624.7649363696855,198.16634064344362,-7.077369308694415,True
681,2024,M,2,2,14,1703.6839071385466,1648.658538375122,55.025368763424694,-3.930383483101764,True
721,2024,M,2,2,14,1771.3771354007463,1706.404205347938,64.97293005280835,-4.640923575200596,True
3015,2024,M,2,2,14,1710.6789596769806,1750.405460248273,-39.72650057129226,2.837607183663733,False
19386,2024,M,3,3,21,1894.473258398091,1755.980634049541,138.49262434854995,-6.5948868737404736,True
20429,2024,M,2,2,21,1716.313863110719,1739.3390017503502,-23.025138639631223,1.0964351733157724,False
5230,2024,M,4,4,28,1834.9026507208732,1695.4501756357686,139.45247508510465,-4.980445538753737,True
18993,2024,M,2,2,14,1884.1397522607892,1717.6740122154145,166.4657400453748,-11.890410003241056,True
5314,2024,M,2,2,7,1820.1475474953643,1719.422775350023,100.72477214534138,-14.389253163620197,True
2173,2024,M,4,4,35,1797.3790963731192,1656.5235157019115,140.8555806712077,-4.024445162034506,True
2575,2024,M,2,2,21,1725.057678783761,1762.1840513255786,-37.126372541817545,1.7679225019913116,False
2445,2024,M,3,3,35,1716.2459206262583,1680.5166743823706,35.7292462438877,-1.02083560696822,True
18988,2024,M,3,3,14,1857.2041614183647,1729.2352796053258,127.96888181303893,-9.140634415217066,True
19381,2024,M,3,3,21,1787.048614313386,1673.945933830876,113.1026804825101,-5.385841927738576,True
535,2024,M,3,3,29,1721.6134290135653,1737.493327740977,-15.879898727411728,0.5475827147383354,False
4704,2024,M,2,2,14,1739.1449373681069,2054.8497724675435,-315.70483509943665,22.550345364245477,False
19385,2024,M,2,2,7,1877.5320884558357,1745.6542223691497,131.87786608668603,-18.83969515524086,True
20431,2024,M,2,2,14,1745.9456828915843,1756.3788607496317,-10.43317785804743,0.7452269898605307,False
2177,2024,M,4,4,35,1802.2342533055157,1708.5916567387585,93.64259656675722,-2.675502759050206,True
772,2024,M,2,2,14,1848.7083478193204,1757.9927178188873,90.71563000043307,-6.479687857173791,True
16118,2024,M,4,4,35,1791.9413206088357,1767.3300950021235,24.611225606712196,-0.7031778744774914,True
19007,2024,M,3,3,14,2041.0226738340511,1763.7247747601036,277.2978990739475,-19.80699279099625,True
2453,2024,M,3,3,35,2209.9703324881593,1742.9387096215737,467.0316228665856,-13.343760653331017,True
16119,2024,M,4,4,35,1834.9580110298668,1777.1862058293661,57.771805200500694,-1.6506230057285913,True
731,2024,M,3,3,28,1907.1170663127505,1753.790387199043,153.32667911370754,-5.475952825489555,True
2559,2024,M,4,4,50,1832.9182735707502,1850.4490155935068,-17.530742022756613,0.35061484045513225,False
714,2024,M,3,3,35,1875.5471229847,1745.5271831721627,130.01993981253736,-3.714855423215353,True
509,2024,M,3,3,35,1845.812047728737,1807.8741504760353,37.93789725270176,-1.0839399215057646,True
2460,2024,M,2,2,14,1782.5725552108836,1783.6573897058383,-1.0848344949547482,0.07748817821105344,False
19391,2024,M,2,2,7,2036.1719457185727,1799.574419019577,236.5975266989958,-33.79964667128512,True
19002,2024,M,4,4,28,2005.012009374466,1831.8428204168022,173.1691889576639,-6.184613891345139,True
742,2024,M,4,4,28,1921.1158500839028,1693.658155485361,227.45769459854182,-8.123489092805064,True
737,2024,M,3,3,14,1832.7786973211123,1808.6096952150538,24.169002106058542,-1.7263572932898958,True
2539,2024,M,3,3,21,1935.7000361188395,1743.735163021755,191.9648730970846,-9.141184433194505,True
18991,2024,M,2,2,14,1875.0646786436284,1810.1641513347058,64.90052730892262,-4.63575195063733,True
3011,2024,M,3,3,21,1918.0733853118686,1832.9379438420513,85.13544146981735,-4.054068641419874,True
5708,2024,M,4,4,35,1741.1563790959697,1690.2732285345908,50.8831505613789,-1.4538043017536828,True
2723,2024,M,3,3,28,1523.840020992227,1502.5093394418684,21.330681550358577,-0.7618100553699492,True
18961,2024,M,3,3,28,1555.9889519977014,1537.553289049842,18.435662947859328,-0.6584165338521188,True
467,2024,M,4,4,28,1689.5083861735916,1553.7810270785344,135.72735909505718,-4.847405681966328,True
694,2024,M,3,3,21,1659.395536354416,1591.860220031084,67.53531632333193,-3.215967443968187,True
676,2024,M,4,4,35,1663.9593838708684,1603.6589212648832,60.3004626059851,-1.722870360171003,True
16120,2024,M,2,2,21,1837.288486357417,1814.4389056637488,22.84958069366826,-1.0880752711270598,True
672,2024,M,2,2,14,1787.5964159080127,1829.3033923079208,-41.70697639990817,2.9790697428505837,False
18992,2024,M,3,3,28,1879.6987587885617,1793.6130572081038,86.08570158045791,-3.074489342159211,True
11408,2024,M,3,3,35,1943.8409076103446,1778.7791126297286,165.061794980616,-4.716051285160457,True
2168,2024,M,2,2,14,1838.144361488441,1857.5284425726466,-19.38408108420549,1.384577220300392,False
2730,2024,M,3,3,28,1926.5222769196582,1833.7343972422327,92.78787967742551,-3.3138528456223395,True
16126,2024,M,2,2,21,1895.4532664075252,1843.19634387731,52.256922530215206,-2.4884248823912003,True
18989,2024,M,2,2,14,1859.3281148181259,1852.2316200727869,7.096494745338987,-0.5068924818099276,True
740,2024,M,2,2,14,1853.3003086550475,1927.616341788594,-74.3160331335464,5.3082880809676,False
2464,2024,M,3,3,28,1911.9442331303892,1826.168089940511,85.77614318987821,-3.0634336853527935,True
19387,2024,M,3,3,21,1905.930581422622,1813.2257221875664,92.70485923505566,-4.414517106431222,True
1319,2024,M,2,2,14,1864.1815014926112,1796.4006441087379,67.78085738387335,-4.841489813133811,True
16130,2024,M,2,2,21,1962.8428446291862,1864.9587295524373,97.88411507674891,-4.6611483369880435,True
761,2024,M,3,3,21,2161.030350609604,1867.4847207468717,293.5456298627321,-13.978363326796766,True
19390,2024,M,2,2,7,2005.7170101576396,1875.742768882523,129.97424127511658,-18.567748753588084,True
4722,2024,M,2,2,21,1960.485870434319,1879.3374486592181,81.14842177510081,-3.864210560719086,True
2608,2024,M,4,4,28,2114.68523947122,1935.580875790406,179.104363680814,-6.396584417171929,True
4726,2024,M,2,2,7,2033.8217256109767,1884.1951240331305,149.62660157784626,-21.37522879683518,True
19001,2024,M,3,3,28,1990.7235955942547,1896.952885881617,93.77070971263765,-3.3489539183084878,True
19378,2024,M,2,2,7,1752.7745710776094,1888.6641853771298,-135.88961429952042,19.41280204278863,False
19006,2024,M,4,4,28,2040.443413815935,2043.6994248650064,-3.2560110490715033,0.11628610889541083,False
16122,2024,M,2,2,21,1861.8555804353427,1893.9104747809552,-32.05489434561241,1.5264235402672577,False
18710,2024,M,3,3,28,2075.295558239287,1900.2382561573643,175.05730208192267,-6.252046502925809,True
2750,2024,M,3,3,21,2181.227803448373,1911.8838736644311,269.3439297839418,-12.825901418282943,True
2184,2024,M,3,3,35,1983.8171225771382,1863.0040596988927,120.81306287824555,-3.4518017965213015,True
16134,2024,M,2,2,21,1981.6808535268835,1921.5020709047776,60.17878262210593,-2.8656563153383776,True
16133,2024,M,4,4,35,1978.4764499515022,1908.6010168592672,69.87543309223497,-1.9964409454924277,True
3613,2024,M,3,3,35,2089.1012553377345,1972.9815542242777,116.11970111345681,-3.317705746098766,True
4433,2024,M,3,3,28,2106.6721425539395,1960.2709311960236,146.40121135791583,-5.228614691354137,True
6849,2024,M,2,2,21,2209.776126210863,1948.3164389687738,261.4596872420891,-12.450461297242338,True
2450,2024,M,4,4,35,2245.801390649244,1980.77960625069,265.0217843985538,-7.5720509828158225,True
4361,2024,M,2,2,14,1982.2277819952103,1960.2663203885982,21.961461606612147,-1.5686758290437248,True
802,2024,M,2,2,21,2201.328153148493,1973.3820438981616,227.94610925033157,-10.85457663096817,True
11406,2024,M,2,2,21,1925.0201964219234,1973.964964943031,-48.94476852110756,2.330703262909884,False
781,2024,M,3,3,21,2121.2180637639544,1997.4761137527669,123.74195001118755,-5.892473810056551,True
10999,2024,M,3,3,21,2924.163443038633,1771.4119186780524,1152.7515243605806,-54.89292973145622,True
778,2024,M,3,3,14,2030.4994501715987,2008.6487671127654,21.850683058833283,-1.5607630756309487,True
19396,2024,M,3,3,21,2168.7635301221194,2007.3612384817382,161.40229164038124,-7.685823411446726,True
19398,2024,M,2,2,7,2188.9362527123194,2020.2100345026768,168.72621820964264,-24.103745458520375,True
753,2024,M,3,3,28,2200.5122654888387,2034.8388807879903,165.67338470084837,-5.916906596458871,True
19013,2024,M,4,4,28,2294.5454750964427,2126.530578483853,168.01489661258984,-6.000532021878208,True
20443,2024,M,2,2,14,2093.8523931711884,2111.9953039305456,-18.142910759357164,1.2959221970969403,False
801,2024,M,2,2,14,2103.470590411535,2250.2795255370106,-146.80893512547573,10.486352508962552,False
11421,2024,M,3,3,35,2269.695812882969,2114.683334156158,155.01247872681142,-4.428927963623184,True
4585,2024,M,4,4,50,2160.5944826211053,2157.8187735147626,2.775709106342674,-0.05551418212685348,True
3175,2024,M,4,4,35,2692.7671378456494,2279.6487446686924,413.11839317695694,-11.80338266219877,True
19016,2024,M,2,2,14,2371.97323085137,2168.563440421961,203.409790429409,-14.529270744957785,True
19400,2024,M,2,2,7,2400.260210720335,2194.6977339336095,205.5624767867257,-29.36606811238939,True
3595,2024,M,2,2,7,2189.5238077392182,2240.8456499857766,-51.32184224655839,7.331691749508342,False
2468,2024,M,3,3,35,2553.424133885875,2195.622910949574,357.8012229363012,-10.22289208389432,True
4723,2024,M,2,2,21,2422.5250612268937,2325.1748944768956,97.35016674999815,-4.6357222261903885,True
790,2024,M,3,3,21,2483.105469513098,2305.633036849605,177.47243266349278,-8.451068222071084,True
19399,2024,M,2,2,7,2399.7705815312534,2541.5357556309523,-141.76517409969892,20.252167728528416,False
4689,2024,M,2,2,14,2942.737435368985,2662.3947189338924,280.3427164350928,-20.024479745363774,True
1638,2024,M,5,5+,35,1940.0864244316933,1776.184783774041,163.90164065765225,-4.682904018790064,True
1639,2024,M,4,4,28,1801.287873982458,1785.5086265845905,15.779247397867493,-0.5635445499238391,True
2279,2024,M,4,4,21,1899.597640926037,1823.9209929684164,75.67664795762062,-3.6036499027438387,True
19555,2024,M,2,2,14,1866.4734970736497,1789.6899124678664,76.78358460578329,-5.48454175755595,True
11371,2024,M,4,4,28,1977.205806722934,1856.1922688971115,121.0135378258226,-4.3219120652079495,True
4627,2024,M,2,2,7,1836.5845299025102,1865.3512760700012,-28.766746167490965,4.109535166784424,False
2284,2024,M,3,3,21,1939.9226856158996,1894.530802401763,45.39188321413667,-2.1615182482922224,True
1647,2024,M,4,4,28,2163.1020680363245,1911.046757508659,252.05531052766537,-9.00197537598805,True
19566,2024,M,3,3,21,2072.515273036616,1951.2175508200833,121.29772221653252,-5.776082010311073,True
19557,2024,M,2,2,14,1892.3007280773954,1916.9204686304038,-24.61974055300834,1.758552896643453,False
2276,2024,M,3,3,21,1933.777916901254,1920.3879157153826,13.39000118587137,-0.6376191040891128,True
1662,2024,M,3,3,21,2010.1074657784943,1935.305481088625,74.80198468986941,-3.5619992709461625,True
2788,2024,M,5,5+,35,2275.458047767337,2021.8273602534298,253.63068751390733,-7.246591071825923,True
11374,2024,M,2,2,28,2237.340832618805,2036.5848884327277,200.7559441860774,-7.169855149502764,True
21476,2024,M,2,2,7,2259.188584504272,2180.9480575680136,78.24052693625845,-11.177218133751207,True
4081,2024,M,3,3,28,3080.1104638871325,2291.6433273125563,788.4671365745762,-28.15954059194915,True
19503,2024,M,2,2,14,2358.081200087278,2321.509655050241,36.57154503703714,-2.6122532169312245,True
19575,2024,M,3,3,21,1683.5209838040514,1632.9761561909158,50.54482761313557,-2.4068965530064554,True
18772,2024,M,4,4,29,1977.25290072454,1803.0364014458771,174.21649927866292,-6.007465492367687,True
18771,2024,M,3,3,22,1864.0184168512794,1824.5180563913866,39.50036045989282,-1.7954709299951281,True
18774,2024,M,3,3,29,2205.4481255833343,2106.3602307018023,99.08789488153207,-3.41682396143214,True
19583,2024,M,2,2,14,2015.0005614833753,2178.3097289975985,-163.3091675142232,11.664940536730228,False
18777,2024,F,4,4,29,1358.2812551954696,1342.5612492684368,15.720005927032844,-0.5420691698976843,True
19588,2024,F,2,2,14,1619.220498754297,1711.4084665087637,-92.18796775446663,6.584854839604759,False
288,2024,F,3,3,35,1510.3723226834315,1548.4490732134695,-38.076750530038,1.0879071580010857,False
18794,2024,F,3,3,36,1448.8286058521505,1501.2725178141527,-52.443911962002176,1.4567753322778383,False
4774,2024,F,2,2,22,1756.2023850112253,1758.3939459967394,-2.1915609855141156,0.0996164084324598,False
307,2024,F,3,3,35,1874.2285692804396,1903.7496831048807,-29.521113824441045,0.8434603949840298,False
18787,2024,M,2,2,22,1798.972990226703,1933.538527262424,-134.56553703572104,6.1166153198055015,False
344,2024,M,3,3,35,2054.176561658695,1989.2851650998641,64.89139655883082,-1.8540399016808806,True
8019,2024,M,4,4,49,2153.9572904522397,2004.3407030407457,149.61658741149404,-3.053399743091715,True
1687,2024,F,3,3,28,1553.5235752192368,1505.355259437651,48.16831578158576,-1.7202969921994915,True
11428,2024,F,4,4,28,1546.5641785443108,1561.9908167374401,-15.426638193129293,0.5509513640403318,False
1046,2024,F,5,5+,35,1742.7701549414785,1510.6382757521096,232.13187918936887,-6.632339405410539,True
1060,2024,F,5,5+,35,1537.0170625423705,1562.7052204086506,-25.688157866280108,0.733947367608003,False
1016,2024,F,5,5+,35,1553.0530807961431,1529.752718149922,23.300362646221174,-0.6657246470348906,True
11437,2024,F,3,3,28,1686.8597343305257,1657.1107807488197,29.74895358170602,-1.062462627918072,True
1050,2024,F,3,3,35,1732.0271989475086,1615.369491390123,116.65770755738572,-3.333077358782449,True
1080,2024,F,4,4,35,1681.4490484649496,1628.8093337010848,52.63971476386473,-1.5039918503961351,True
11440,2024,F,3,3,28,1709.3160410660957,1727.731650796893,-18.415609730797314,0.6577003475284755,False
1112,2024,F,2,2,28,1714.3052423443173,1795.4761090031207,-81.17086665880333,2.8989595235286907,False
1062,2024,F,2,2,28,1933.8104946517644,1797.5590279230778,136.25146672868664,-4.866123811738809,True
11448,2024,F,5,5+,35,1827.6845963427204,1782.222644821027,45.461951521693436,-1.2989129006198123,True
11446,2024,F,4,4,35,1785.967424161757,1831.7011754028642,-45.73375124110726,1.3066786068887788,False
1128,2024,F,3,3,21,1890.756986930051,1809.998318930348,80.758667999703,-3.845650857128714,True
1216,2024,M,4,4,35,1664.4962823974422,1654.2337121763903,10.262570221051874,-0.29321629203005356,True
1187,2024,M,4,4,35,1615.0589866007958,1638.105530822721,-23.04654422192516,0.6584726920550046,False
1205,2024,M,4,4,35,1694.2347622845898,1664.0898230036332,30.144939280956578,-0.8612839794559022,True
1254,2024,M,5,5+,35,1698.6447993282218,1763.8456113763307,-65.2008120481089,1.8628803442316828,False
1074,2024,F,5,5+,35,1641.1629634875624,1657.6801060727807,-16.51714258521838,0.471918359577668,False
1042,2024,F,5,5+,35,1584.782048453516,1721.6935772279546,-136.9115287744387,3.9117579649839627,False
1090,2024,F,3,3,14,1755.0043127184376,1817.7930974312337,-62.78878471279609,4.484913193771149,False
1070,2024,F,5,5+,35,1526.0976711397407,1534.4317743618863,-8.334103222145586,0.23811723491844533,False
1096,2024,F,5,5+,35,1529.6263793129424,1701.1853734053016,-171.55899409235917,4.901685545495976,False
268,2024,F,4,4,49,1778.30518038718,1933.618310831203,-155.31313044402305,3.169655723347409,False
8033,2024,F,2,2,13,1800.6305261860603,1816.5262873797299,-15.895761193669614,1.2227508610515088,False
309,2024,F,2,2,49,1831.9702207815735,1825.3826406051214,6.587580176452093,-0.13444041176432842,True
274,2024,F,2,2,14,1857.587430684532,2030.0738603184104,-172.48642963387852,12.320459259562751,False
8034,2024,F,4,4,49,1954.2859387418332,1933.717792145749,20.56814659608426,-0.419758093797638,True
275,2024,F,4,4,28,1974.907936254301,2306.9038467249006,-331.9959104705997,11.856996802521419,False
8004,2024,M,4,4,49,1680.6962315480635,1595.459971386813,85.23626016125036,-1.7395155134949052,True
145,2024,M,2,2,14,1713.0596954687635,1732.9145377469754,-19.85484227821189,1.418203019872278,False
8005,2024,M,3,3,49,1724.5556743706563,1777.980035407387,-53.424361036730716,1.0902930823822594,False
8007,2024,M,2,2,13,1750.8038334523528,1618.468223238206,132.33561021414675,-10.179662324165134,True
8009,2024,M,3,3,49,1777.0718474198904,1796.3712183288499,-19.299370908959418,0.39386471242774324,False
8010,2024,M,2,2,13,1786.224949792555,1827.5143422718925,-41.289392479337494,3.176107113795192,False
8011,2024,M,2,2,49,1802.1386407940524,1732.6482548009699,69.49038599308255,-1.4181711427159704,True
4154,2024,M,3,3,49,1832.7846570895128,1768.0388554498393,64.74580163967357,-1.321342890605583,True
8013,2024,M,3,3,49,1878.5998061674366,1872.5206568036645,6.079149363772103,-0.12406427273004292,True
8014,2024,M,4,4,49,1878.6692982678799,1731.0576660077622,147.61163226011763,-3.012482291022809,True
335,2024,M,4,4,49,2026.3995763672474,1811.183576465596,215.21599990165146,-4.392163263299009,True
345,2024,M,2,2,13,2058.6339835299814,1885.5612812286636,173.0727023013178,-13.313284792409062,True
333,2024,M,3,3,49,2059.6664375937094,1901.3500786805525,158.31635891315682,-3.2309461002685067,True
334,2024,M,3,3,49,2065.4044996017356,1974.0201041702255,91.38439543151003,-1.8649876618675516,True
3350,2024,M,3,3,49,2091.940554528125,2079.595435319381,12.345119208744109,-0.2519412083417165,True
984,2024,M,3,3,49,2129.7442571692372,2004.638938439472,125.10531872976526,-2.5531697699952094,True
225,2024,M,2,2,14,2269.7609121194077,2297.7091955166857,-27.94828339727792,1.9963059569484227,False
353,2024,M,3,3,49,2271.091189470749,1998.9724658636699,272.11872360707935,-5.553443338919987,True
8022,2024,M,4,4,49,2285.873151979314,2094.9048524540044,190.9682995253097,-3.897312235210402,True
221,2024,M,3,3,49,2768.0589820689847,2420.1802606649617,347.87872140402305,-7.099565742939246,True
8023,2024,M,2,2,49,3711.870907960052,3347.692350704152,364.17855725590016,-7.432215454202044,True
241,2024,F,2,2,14,1491.951280821947,1643.4529143716668,-151.50163354971983,10.821545253551417,False
4766,2024,F,3,3,49,1554.8411962056762,1597.3714676656186,-42.53027145994247,0.8679647236722953,False
293,2024,F,3,3,49,1560.994302656032,1631.5930398694532,-70.59873721342115,1.4407905553759417,False
302,2024,F,3,3,49,1574.4488402442125,1587.0254109528314,-12.576570708618874,0.2566647083391607,False
3314,2024,F,3,3,49,1604.9177219517283,1585.533191234641,19.384530717087273,-0.3956026676956586,True
289,2024,F,3,3,49,1616.7071887430786,1486.54928326134,130.15790548173868,-2.6562837853416057,True
8028,2024,F,2,2,49,1631.118663570817,1761.6151179811154,-130.49645441029838,2.6631929471489464,False
256,2024,F,2,2,21,1663.6353909709862,1607.9239383323961,55.71145263859012,-2.652926316123339,True
304,2024,F,2,2,49,1699.7693411366834,1813.4448828595978,-113.67554172291443,2.319909014753356,False
8032,2024,F,3,3,49,1733.5875031826506,1802.3029756304425,-68.71547244779185,1.4023565805671807,False
11385,2024,M,4,4,35,1681.687621492309,1679.919334332235,1.7682871600741237,-0.0505224902878321,True
408,2024,F,4,4,43,1607.0849552874172,1546.934441190781,60.15051409663624,-1.3988491650380521,True
3869,2024,F,4,4,43,1616.1422828962409,1610.5030011856948,5.639281710546129,-0.13114608629177044,True
11341,2024,F,4,4,43,1618.2097163721683,1583.3446023146282,34.86511405754004,-0.8108166059893033,True
11342,2024,F,3,3,43,1654.7343744468822,1636.865549540393,17.86882490648918,-0.41555406759277164,True
1947,2024,F,3,3,43,1659.5583858907125,1551.5105816598982,108.04780423081434,-2.512739633274752,True
409,2024,F,4,4,43,1669.304857991512,1535.1956460743493,134.10921191716284,-3.1188188817944846,True
11343,2024,F,4,4,43,1672.1598851725546,1582.7477144273519,89.41217074520273,-2.0793528080279704,True
3866,2024,F,3,3,22,1685.4505289463723,1622.962159622419,62.48836932395329,-2.840380423816059,True
11344,2024,F,3,3,43,1710.7519767231959,1639.4520637185897,71.2999130046062,-1.6581375117350279,True
11345,2024,F,4,4,43,1742.7479709934978,1650.1960456895608,92.55192530393697,-2.1523703559055107,True
11346,2024,F,3,3,43,1754.5618765702247,1742.2162616446396,12.345614925585096,-0.28710732385081617,True
3864,2024,F,3,3,43,1777.7958908711207,1684.5170992079416,93.27879166317916,-2.169274224725097,True
2838,2024,F,2,2,22,1784.195089725181,1652.2575054639788,131.93758426120235,-5.997162920963743,True
11347,2024,F,4,4,43,1807.2322055997988,1836.0271412615466,-28.794935661747786,0.6696496665522741,False
2842,2024,F,2,2,22,1820.0306033079196,1775.2979579985306,44.732645309389,-2.033302059517682,True
11348,2024,F,4,4,43,1863.8405031549485,1748.4835844610395,115.35691869390894,-2.682719039393231,True
11352,2024,F,3,3,22,2048.7281254307245,1933.9893568284042,114.7387686023203,-5.215398572832741,True
161,2024,M,2,2,21,1715.2752944716924,1679.3532719505172,35.92202252117522,-1.710572501008344,True
11289,2024,M,2,2,43,1770.0219315689658,1789.1827462781216,-19.16081470915583,0.4456003420733914,False
11290,2024,M,2,2,8,1831.5893394474895,1823.6346360098585,7.954703437630997,-0.9943379297038746,True
11291,2024,M,2,2,43,1860.8133357204956,1821.3734979523072,39.439837768188454,-0.9172055294927547,True
11292,2024,M,2,2,8,1887.082096415332,1893.3321378631717,-6.250041447839749,0.7812551809799686,False
11293,2024,M,2,2,43,2023.679652028483,1853.5642496264923,170.11540240199065,-3.9561721488835033,True
11294,2024,M,2,2,43,2302.62105465678,2235.6996243394055,66.92143031737442,-1.5563123329621957,True
11295,2024,F,2,2,43,1654.5485651061074,1690.3223981082976,-35.77383300219026,0.831949604702099,False
11296,2024,F,2,2,43,1799.6822680722182,1634.1425866259813,165.53968144623695,-3.8497600336334177,True
11298,2024,F,2,2,43,1942.7461111805908,1863.789886194047,78.9562249865437,-1.8361912787568302,True
11390,2024,M,5,5+,35,1742.7744399219127,1800.8806944847577,-58.106254562844924,1.6601787017955694,False
1993,2024,M,3,3,43,1521.2696870570833,1545.1576008016223,-23.88791374453899,0.5555328777799765,False
1997,2024,M,3,3,43,1558.5906696822071,1671.2117626633258,-112.62109298111864,2.61909518560741,False
11300,2024,M,2,2,15,1597.2794370108697,1580.6048944286513,16.674542582218464,-1.1116361721478976,True
426,2024,M,2,2,22,1603.043672547211,1607.0130575939547,-3.9693850467438097,0.18042659303380953,False
1995,2024,M,4,4,43,1604.509156158145,1571.004668691246,33.504487466899036,-0.7791741271371869,True
421,2024,M,3,3,22,1605.486145232101,1581.1254876623398,24.360657569761315,-1.1073026168073326,True
417,2024,M,4,4,43,1611.7388753054204,1588.7993808152564,22.939494490163952,-0.5334766160503245,True
2861,2024,M,3,3,43,1619.9455835266517,1699.2458901436098,-79.3003066169581,1.8441931771385605,False
11301,2024,M,3,3,22,1624.2443354520587,1602.84724174289,21.397093709168757,-0.9725951685985799,True
2859,2024,M,2,2,43,1629.4223775440262,1726.9817822251678,-97.55940468114159,2.2688233646777114,False
2001,2024,M,3,3,43,1647.9851699491926,1595.9570303846906,52.028139564502,-1.209956734058186,True
11302,2024,M,4,4,43,1659.318243207084,1651.13057914908,8.187664058003975,-0.19041079204660408,True
2005,2024,M,3,3,22,1661.956113706765,1617.0308528548476,44.92526085191753,-2.042057311450797,True
11303,2024,M,3,3,22,1665.3755754656115,1653.7297067808915,11.645868684719971,-0.5293576674872714,True
435,2024,M,4,4,43,1668.2088437800844,1615.73997850021,52.46886527987431,-1.2202061692994024,True
11304,2024,M,3,3,43,1670.1628219279967,1673.5976458531372,-3.434823925140563,0.0798796261660596,False
5500,2024,M,4,4,43,1684.9153569447342,1705.0117745189875,-20.096417574253337,0.4673585482384497,False
3884,2024,M,4,4,43,1695.6622367582513,1713.064130284601,-17.401893526349795,0.4046951982872045,False
1990,2024,M,4,4,43,1699.2770963318892,1698.052948548704,1.224147783185117,-0.028468553097328306,True
2853,2024,M,4,4,43,1699.4724941466804,1606.1964457409645,93.27604840571598,-2.1692104280399067,True
419,2024,M,3,3,43,1712.0756532007144,1707.8947167066763,4.180936494038178,-0.09723108125670182,True
2013,2024,M,4,4,43,1721.4547483106933,1749.4488489292253,-27.994100618532002,0.651025595779814,False
420,2024,M,4,4,43,1716.1790073113302,1900.2565488852224,-184.07754157389218,4.280873059857957,False
11305,2024,M,4,4,43,1717.4490931074733,1635.4235148161542,82.0255782913191,-1.9075715881702118,True
414,2024,M,3,3,22,1720.5754581441327,1706.099963194273,14.475494949859694,-0.6579770431754407,True
11306,2024,M,3,3,43,1739.724443993673,1757.2029692961123,-17.478525302439266,0.4064773326148666,False
11307,2024,M,3,3,22,1742.46001340075,1667.8141318011571,74.64588159959294,-3.3929946181633155,True
11308,2024,M,3,3,22,1753.3045921216628,1675.947391319902,77.35720080176088,-3.51623640008004,True
3333,2024,M,2,2,22,1756.333258250927,1692.7098408158515,63.62341743507545,-2.891973519776157,True
11309,2024,M,3,3,43,1757.9941396766524,1829.2765239883324,-71.28238431168006,1.6577298677134897,False
11310,2024,M,3,3,43,1781.1487807294127,1723.104722041724,58.044058687688675,-1.3498618299462484,True
11312,2024,M,2,2,15,1802.6425403564472,1704.695863147235,97.94667720921211,-6.529778480614141,True
2022,2024,M,4,4,43,1806.1597010226894,1798.1606307212087,7.999070301480742,-0.1860248907321103,True
2045,2024,M,4,4,43,1797.1714015422929,1714.2570718795068,82.91432966278603,-1.9282402247159542,True
2000,2024,M,3,3,22,1813.0963234477779,1635.9753963680218,177.12092707975603,-8.050951230898,True
429,2024,M,2,2,22,1826.7741704831637,1737.9386986274087,88.83547185575503,-4.0379759934434105,True
437,2024,M,4,4,43,1834.4923841674172,1815.7565192460677,18.735864921349503,-0.4357177888685931,True
11315,2024,M,4,4,43,1838.2049426484502,1622.9970398692199,215.20790277923038,-5.004834948354195,True
11316,2024,M,3,3,22,1862.5319705899578,1732.185905309272,130.34606528068593,-5.924821149122088,True
11317,2024,M,2,2,15,1866.6353247005736,2031.3501337298976,-164.714809029324,10.980987268621599,False
3887,2024,M,4,4,43,1887.8359876054215,1838.322997749701,49.512989855720434,-1.1514648803655916,True
11319,2024,M,3,3,43,1919.3927346942041,1826.1947582014927,93.1979764927114,-2.167394802156079,True
5645,2024,M,4,4,43,1920.5651215829516,1777.6818000086605,142.88332157429113,-3.322867943588166,True
436,2024,M,2,2,22,1933.07058172959,1893.065746033713,40.00483569587709,-1.8184016225398678,True
11322,2024,M,4,4,43,1941.961182302591,2142.920751648959,-200.9595693463682,4.673478356892284,False
2874,2024,M,3,3,22,2001.0690212769364,1877.9894600965274,123.07956118040897,-5.594525508200408,True
3336,2024,M,3,3,22,2051.481657493073,1848.2336325889241,203.24802490414868,-9.238546586552213,True
11323,2024,M,3,3,22,2054.6080225297324,1899.9095863604616,154.69843616927074,-7.031747098603216,True
5662,2024,M,2,2,15,2077.1764701381185,1979.8270982630584,97.34937187506011,-6.489958125004008,True
2042,2024,M,2,2,15,2092.1244029696472,2034.2481196543756,57.87628331527162,-3.858418887684775,True
11324,2024,M,2,2,15,2106.290744542011,1886.5494084557697,219.7413360862413,-14.64942240574942,True
11325,2024,M,4,4,43,2156.9964774803343,2004.1418794415947,152.8545980387396,-3.5547580939241765,True
1219,2024,M,2,2,28,1643.9876588007282,1773.8830616912744,-129.89540289054617,4.639121531805221,False
11383,2024,M,4,4,35,1673.628571496645,1833.4357272171646,-159.80715572051963,4.56591873487199,False
1251,2024,M,4,4,35,1793.0410568440207,1787.0423166566086,5.998740187412068,-0.17139257678320194,True
3828,2023,M,2,2,21,1594.594017929385,1599.04358141263,-4.449563483244901,0.21188397539261436,False
2934,2023,F,3,3,50,1567.262153950528,1667.7247313453122,-100.46257739478415,2.009251547895683,False
5787,2023,M,2,2,7,1651.3049108934927,1774.721400549061,-123.41648965556828,17.630927093652613,False
18979,2025,M,5,5+,42,1631.0724554409937,1552.153062176804,78.9193932641897,-1.8790331729568974,True
1278,2024,M,4,4,28,1778.201087057816,1819.8586470900127,-41.65756003219667,1.4877700011498811,False
11328,2024,M,2,2,22,2272.9650805589263,2136.468415045907,136.49666551301925,-6.204393886955421,True
11330,2024,M,2,2,15,2304.0333331107313,2185.012387392142,119.02094571858925,-7.934729714572616,True
404,2024,F,3,3,43,1368.1487149981153,1335.4371664659193,32.71154853219605,-0.7607336867952569,True
3862,2024,F,2,2,43,1424.6585633401257,1350.5583262769157,74.10023706320999,-1.723261327051395,True
1929,2024,F,3,3,43,1439.4259453110342,1680.3388839970082,-240.91293868597404,5.602626481069164,False
1930,2024,F,3,3,43,1449.073968198695,1454.21785603388,-5.143887835185069,0.11962529849267602,False
1946,2024,F,4,4,43,1514.3457965101109,1471.9255300230736,42.420266487037225,-0.9865178252799355,True
11336,2024,F,4,4,43,1514.7395933626683,1408.0585260845219,106.68106727814643,-2.4809550529801494,True
11337,2024,F,3,3,22,1542.0100254022796,1550.3692856896046,-8.359260287325014,0.37996637669659156,False
11338,2024,F,3,3,22,1543.880560451928,1506.7738388270795,37.10672162484843,-1.6866691647658378,True
11339,2024,F,2,2,15,1547.424732124946,1497.0808851515278,50.343846973418295,-3.3562564648945528,True
1928,2024,F,3,3,43,1549.1968179614553,1459.4903657048196,89.70645225663566,-2.086196564107806,True
1953,2024,F,4,4,43,1553.0363372738916,1533.4049824125207,19.631354861370937,-0.456543136310952,True
11340,2024,F,4,4,43,1562.3890125221337,1555.8877594999237,6.501253022209994,-0.15119193074906964,True
2826,2024,F,2,2,15,1592.9082685953447,1537.868527142603,55.03974145274174,-3.669316096849449,True
1948,2024,F,3,3,22,1593.8927607267387,1496.2473755755361,97.64538515120262,-4.4384265977819375,True
27000,2025,M,4,4,42,1718.0262638241702,1602.8079353353432,115.21832848882696,-2.743293535448261,True
19481,2024,M,2,2,14,1756.8313383974607,1885.9919945534245,-129.1606561559638,9.225761153997414,False
11402,2024,M,2,2,28,1867.1530953029362,1892.8436476690033,-25.690552366067095,0.9175197273595391,False
3699,2024,M,3,3,35,1910.4143878946727,1866.588099999708,43.82628789496471,-1.2521796541418488,True
1299,2024,M,2,2,7,1950.5365528885861,1877.3402209021542,73.19633198643191,-10.456618855204558,True
1321,2024,M,3,3,35,2002.4592761018089,1860.216472798258,142.24280330355077,-4.064080094387165,True
1395,2024,M,4,4,28,1992.312288213806,1998.8953219796995,-6.5830337658935605,0.23510834878191286,False
6841,2024,M,2,2,28,1908.0825320242566,2006.7399683004348,-98.65743627617826,3.5234798670063663,False
5271,2024,M,2,2,28,2052.1307331574094,2012.1021316082788,40.0286015491306,-1.42959291246895,True
11419,2024,M,5,5+,35,2161.6108784374896,2009.0537019571234,152.55717648036625,-4.358776470867607,True
1309,2024,M,4,4,28,2277.8719435081102,2195.110779318591,82.76116418951915,-2.9557558639113983,True
1363,2024,M,3,3,35,2060.638592232735,1989.938820352774,70.69977187996096,-2.019993482284599,True
11354,2024,M,2,2,14,1997.2079859778275,1860.328728359004,136.87925761882366,-9.777089829915976,True
3169,2024,M,4,4,35,1680.4483659540829,1631.5347902712258,48.91357568285707,-1.3975307337959164,True
11355,2024,M,2,2,35,1681.1470555811725,1571.6016719075892,109.54538367358327,-3.129868104959522,True
2442,2024,M,3,3,35,1769.082135790578,1691.6670219849077,77.41511380567022,-2.2118603944477204,True
1704,2024,M,3,3,35,1774.172588787944,1702.0209161872635,72.15167260068051,-2.061476360019443,True
11357,2024,M,2,2,35,1828.370941289314,1795.2059640084663,33.16497728084778,-0.9475707794527937,True
1323,2024,M,3,3,35,1873.1868902269111,1743.3369363216643,129.84995390524682,-3.709998683007052,True
11358,2024,M,3,3,35,1916.2062086948495,1855.2386390471258,60.96756964772362,-1.741930561363532,True
1266,2024,M,4,4,35,1954.5343253809012,1772.2083720782334,182.3259533026678,-5.209312951504795,True
4732,2024,M,3,3,35,2006.237357785523,1774.896402303845,231.34095548167807,-6.609741585190802,True
11359,2024,M,2,2,35,2011.4276235867594,1999.2971478049035,12.130475781855921,-0.3465850223387406,True
1284,2024,M,3,3,35,2022.1075936008415,1830.5485836415078,191.5590099593337,-5.473114570266677,True
1379,2024,M,2,2,35,2595.631964637439,2246.8945985862397,348.7373660511994,-9.963924744319982,True
1008,2024,F,2,2,14,1445.203294561825,1342.4648459860273,102.73844857579775,-7.338460612556982,True
11360,2024,F,2,2,35,1473.1434259211644,1411.5816602009465,61.56176572021786,-1.7589075920062247,True
11362,2024,F,2,2,35,1690.4777334234536,1773.4618587220298,-82.98412529857615,2.370975008530747,False
1100,2024,F,3,3,35,1845.5454624677868,1735.0338651514278,110.51159731635903,-3.1574742090388295,True
11364,2024,F,3,3,35,1864.005906401636,1839.068200077021,24.937706324614965,-0.712505894988999,True
2420,2024,F,2,2,35,1895.4385541808927,1734.3369844390074,161.1015697418852,-4.602901992625291,True
11365,2024,F,3,3,35,1911.5041297125126,1866.1469934739218,45.35713623859078,-1.295918178245451,True
1130,2024,F,2,2,21,2018.075773611707,1863.3826080373904,154.6931655743167,-7.366341217824605,True
11366,2024,M,2,2,35,1800.589390982354,1802.041897087661,-1.4525061053070658,0.04150017443734474,False
11367,2024,M,3,3,35,1851.578649989945,1638.9431823402126,212.6354676497324,-6.075299075706639,True
11372,2024,M,4,4,35,2003.0496777267817,1830.8825234759292,172.1671542508525,-4.919061550024357,True
28516,2025,M,3,3,21,1616.4176171133904,1658.669819945743,-42.25220283235262,2.0120096586834584,False
2061,2024,F,4,4,35,1648.0001968781842,1627.9798259647637,20.020370913420493,-0.5720105975262998,True
2062,2024,F,4,4,35,1760.4205238488103,1826.8777888193467,-66.45726497053647,1.898778999158185,False
1674,2024,F,4,4,35,2169.303327977112,1912.4039128468175,256.8994151302945,-7.3399832894369865,True
3386,2024,M,5,5+,35,1542.3623554555186,1520.597163712491,21.76519174302757,-0.6218626212293592,True
2905,2024,M,3,3,35,1748.884838757745,1738.3936181618276,10.491220595917412,-0.2997491598833546,True
3369,2024,F,4,4,35,1919.737334677586,1640.9081935503116,278.8291411272744,-7.966546889350697,True
1415,2024,M,3,3,35,2276.3108684484178,2118.6656011570635,157.64526729135423,-4.504150494038693,True
11380,2024,M,4,4,35,1594.10155392442,1625.3622764198212,-31.260722495401296,0.8931634998686084,False
4665,2024,F,4,4,35,1636.1958483546987,1435.7733763606775,200.42247199402118,-5.726356342686319,True
11381,2024,M,4,4,35,1662.9937476524879,1594.300593812754,68.6931538397339,-1.9626615382781114,True
16156,2024,F,4,4,35,1661.4149180343618,1494.0126930415124,167.40222499284937,-4.782920714081411,True
1029,2024,F,2,2,21,1677.7051019448984,1574.7986249337528,102.90647701114563,-4.900308429102172,True
1201,2024,M,2,2,28,1578.5200734848615,1637.0485980207316,-58.52852453587002,2.0903044477096437,False
11386,2024,M,3,3,35,1688.1758397091571,1807.7501050613205,-119.57426535216337,3.416407581490382,False
1195,2024,M,4,4,35,1636.1237431875256,1589.6214300866893,46.50231310083632,-1.328637517166752,True
11382,2024,M,3,3,42,1665.4817110288732,1723.6380029956351,-58.156291966761955,1.3846736182562371,False
1231,2024,M,2,2,35,1638.855624541988,1716.6557474155936,-77.80012287360569,2.222860653531591,False
11379,2024,M,3,3,35,1564.32404716078,1581.9555661099448,-17.63151894916473,0.5037576842618494,False
1122,2024,F,4,4,35,1762.8227164074572,1730.8525808769061,31.970135530551033,-0.9134324437300295,True
1179,2024,M,2,2,35,1830.8662613860622,1682.4082512078012,148.45801017826102,-4.2416574336646,True
1288,2024,M,3,3,35,1765.8881260667401,1726.8105282679041,39.077597798835995,-1.116502794252457,True
1337,2024,M,3,3,35,2054.446942054698,1890.0834753050538,164.3634667496442,-4.696099049989835,True
1207,2024,M,3,3,35,1672.2723875385368,1706.8991932633737,-34.62680572483691,0.9893373064239118,False
18982,2025,M,4,4,42,1720.977184923147,1657.949952769737,63.02723215341007,-1.5006483846050016,True
11387,2024,M,2,2,14,1695.3080013881286,1952.2636255947227,-256.95562420659417,18.35397315761387,False
16160,2024,F,4,4,35,1764.7913631436709,1561.012795821344,203.7785673223268,-5.8222447806379085,True
2400,2024,F,4,4,35,1799.9023954994088,1575.8463995571467,224.05599594226214,-6.401599884064633,True
11395,2024,M,3,3,42,1797.8803895290685,1816.6607827912173,-18.78039326214889,0.44715222052735454,False
11396,2024,M,2,2,21,1798.96338535173,1768.7000129517746,30.263372399955415,-1.4411129714264483,True
16164,2024,F,4,4,35,1849.2535059932325,1585.104957593587,264.1485483996455,-7.547101382847014,True
2406,2024,F,4,4,35,1903.6049492683687,1588.589361155688,315.0155881126807,-9.00044537464802,True
2403,2024,F,4,4,35,1853.2755127955925,1693.1214680187245,160.15404477686798,-4.575829850767657,True
1213,2024,M,2,2,35,1734.998334780818,1688.5807650592055,46.41756972161238,-1.3262162777603537,True
1325,2024,M,2,2,35,1991.1512386381594,1945.0387599175579,46.11247872060153,-1.3174993920171865,True
1305,2024,M,5,5+,35,1839.7659847244506,1776.1906390791396,63.57534564531102,-1.8164384470088861,True
1032,2024,F,3,3,35,1482.9102038866097,1510.4391669771323,-27.528963090522666,0.7865418025863619,False
1274,2024,M,4,4,35,1862.9674627991349,1827.1636566907375,35.80380610839734,-1.0229658888113526,True
11422,2024,M,2,2,35,2436.360088943421,2239.0296212594503,197.3304676839707,-5.638013362399163,True
1273,2024,M,4,4,28,2491.6514162139156,1885.3961986303307,606.2552175835849,-21.651972056556605,True
994,2024,F,2,2,35,1431.645915703706,1409.3914636761972,22.254452027508705,-0.6358414865002487,True
1020,2024,F,3,3,35,1481.459512748738,1446.7243589844243,34.735153764313736,-0.9924329646946782,True
11424,2024,F,3,3,21,1486.4095061583682,1494.7619499131144,-8.352443754746218,0.39773541689267705,False
11425,2024,F,2,2,35,1488.722770405245,1516.810647776403,-28.0878773711579,0.8025107820330829,False
996,2024,F,2,2,14,1507.8562102777169,1428.630628392678,79.22558188503876,-5.658970134645626,True
1004,2024,F,4,4,35,1542.868836929597,1557.1301747092884,-14.26133777969153,0.4074667937054723,False
11427,2024,F,2,2,35,1543.3687372541337,1616.5641440399863,-73.19540678585258,2.0912973367386454,False
11430,2024,F,2,2,21,1589.457586783008,1583.6637865015225,5.793800281485574,-0.27589525149931304,True
1333,2024,M,2,2,14,1950.0559376917467,1974.1308609409289,-24.07492324918212,1.71963737494158,False
11394,2024,M,2,2,14,1796.036369614806,1704.8598821934725,91.1764874213336,-6.512606244380971,True
11389,2024,M,3,3,42,1712.7530151801957,1744.2420393622108,-31.4890241820151,0.7497386710003595,False
11397,2024,M,2,2,35,1805.5881976363014,1873.3579539012483,-67.76975626494686,1.9362787504270533,False
2354,2024,M,3,3,42,1813.5106535642424,1874.8274855536686,-61.31683198942619,1.459924571176814,False
1341,2024,M,4,4,35,1829.3458087010013,1970.1270420232665,-140.78123332226528,4.022320952064722,False
11392,2024,M,2,2,14,1767.458939303305,1760.361475045279,7.097464258026093,-0.5069617327161495,True
1697,2024,M,4,4,35,2010.0012199839498,2015.5248858335958,-5.523665849646022,0.15781902427560063,False
1436,2024,M,3,3,35,2615.542235638785,2373.1324625149628,242.4097731238221,-6.925993517823489,True
1203,2024,M,2,2,14,1704.2841829813622,1706.5268911660532,-2.2427081846910824,0.16019344176364875,False
11400,2024,M,4,4,35,1854.605954510655,1773.303495503483,81.30245900717205,-2.322927400204916,True
11405,2024,M,2,2,35,1889.4179283418046,1813.623948887657,75.79397945414757,-2.165542270118502,True
1257,2024,M,3,3,35,1752.092106684454,1786.4449766064731,-34.35286992201918,0.981510569200548,False
1260,2024,M,2,2,14,1833.1997127546178,2058.166050071567,-224.9663373169492,16.0690240940678,False
11388,2024,M,2,2,14,1700.8693312882842,1740.5534860769665,-39.684154788682235,2.834582484905874,False
11431,2024,F,3,3,35,1595.4073808417127,1639.1629899999,-43.755609158187326,1.250160261662495,False
1053,2024,F,3,3,21,1604.2683591433083,1797.7905180089056,-193.52215886559725,9.215340898361774,False
11432,2024,F,4,4,35,1617.1971538112334,1619.8494388271104,-2.6522850158769415,0.07577957188219833,False
11433,2024,F,3,3,42,1628.5772376698094,1605.1382499912265,23.438987678582862,-0.5580711352043538,True
11441,2024,F,2,2,14,1729.9883897807697,1640.0840013361278,89.90438844464188,-6.421742031760134,True
11445,2024,F,3,3,35,1785.9576221946093,1831.8007297903528,-45.843107595743504,1.3098030741641,False
11447,2024,F,3,3,42,1817.774807556312,1684.188190250692,133.58661730561994,-3.180633745371903,True
1102,2024,F,3,3,35,1883.8498680995158,1890.2391552461647,-6.38928714664894,0.18255106133282684,False
11453,2024,F,2,2,21,2119.5479701351,1966.9617082104785,152.58626192462157,-7.266012472601027,True
1134,2024,F,3,3,35,2137.3385405083254,2067.5455193633725,69.79302114495295,-1.994086318427227,True
1144,2024,F,2,2,35,2226.5070356517053,2218.8681883460536,7.63884730565178,-0.21825278016147942,True
2401,2024,F,3,3,35,1966.1091090347752,1659.7707482100416,306.3383608247336,-8.752524594992389,True
21481,2024,F,2,2,7,1750.7429455316585,1675.2016782707756,75.54126726088293,-10.791609608697561,True
2894,2024,F,4,4,35,1936.5419238931013,1688.1437486442944,248.39817524880687,-7.097090721394482,True
2404,2024,F,3,3,35,1986.436548819676,1711.3399209291395,275.09662789053664,-7.859903654015333,True
16168,2024,F,4,4,35,1968.1744638792302,1766.3934972103384,201.78096666889178,-5.765170476254051,True
5344,2024,F,3,3,35,2030.8960294187375,1807.6090136306216,223.28701578811592,-6.379629022517598,True
16173,2024,F,3,3,35,2089.704291042435,1834.3891438650567,255.31514717737855,-7.294718490782245,True
2416,2024,F,3,3,29,1979.0153047746526,1865.0518952115474,113.96340956310519,-3.9297727435553513,True
16167,2024,F,4,4,35,1959.2608271821082,1692.1259241438386,267.1349030382696,-7.632425801093418,True
2428,2024,F,3,3,35,2288.195761883232,1983.6211707104771,304.57459117275494,-8.702131176364427,True
2437,2024,M,4,4,35,1697.2657604271071,1580.9599993597183,116.30576106738886,-3.323021744782539,True
2896,2024,M,2,2,7,1674.9809384577036,1638.105530822721,36.875407634982594,-5.267915376426084,True
16124,2024,M,3,3,35,1880.3051767784486,1678.724654231963,201.58052254648555,-5.759443501328159,True
16114,2024,M,3,3,35,1740.6708634027302,1663.293369603452,77.37749379927823,-2.210785537122235,True
2899,2024,M,4,4,35,1877.8775983122505,1768.6243317774179,109.25326653483262,-3.1215219009952175,True
2897,2024,M,2,2,7,1788.6786604481038,1778.5799992796833,10.098661168420449,-1.4426658812029214,True
2438,2024,M,4,4,35,1750.284074128875,1640.7935610483325,109.49051308054254,-3.128300373729787,True
2456,2024,M,4,4,35,1839.03634285308,1769.719455202667,69.31688765041304,-1.9804825042975154,True
2473,2024,M,3,3,35,1926.6233739135093,1854.2430722968993,72.38030161661004,-2.06800861761743,True
16123,2024,M,3,3,35,1867.3904593382742,1796.2015307586928,71.18892857958144,-2.033969387988041,True
28517,2025,M,3,3,21,1656.1162097734782,1769.9520249707073,-113.83581519722907,5.420753104629956,False
2474,2024,M,3,3,29,2029.8354760608206,1868.280563475093,161.5549125857276,-5.5708590546802625,True
2469,2024,M,4,4,35,1990.4201360051973,1928.711465213843,61.70867079135428,-1.7631048797529794,True
2900,2024,M,4,4,35,1880.2080736398007,1824.1769564400581,56.03111719974254,-1.600889062849787,True
16132,2024,M,2,2,28,1966.4356607591594,1968.3111312608846,-1.8754705017252036,0.0669810893473287,False
2467,2024,M,4,4,35,1934.2945218666957,1903.3245130830667,30.970008783629055,-0.884857393817973,True
21482,2024,M,2,2,7,2000.186213146403,1979.7840395004635,20.402173645939456,-2.914596235134208,True
2463,2024,M,4,4,35,2216.670449054866,1983.5671931513243,233.1032559035416,-6.660093025815474,True
1154,2024,F,4,4,35,2130.3203320305133,2148.184573229143,-17.86424119862977,0.510406891389422,False
28518,2025,M,2,2,7,1686.5214818651775,1656.978903351692,29.542578513485523,-4.220368359069361,True
18725,2024,F,4,4,36,1340.461220039437,1436.5101820446864,-96.04896200524945,2.6680267223680403,False
18726,2024,F,3,3,36,1455.8124822980235,1369.8577012988458,85.95478099917773,-2.3876328055327147,True
66,2024,F,3,3,36,1458.2692536037337,1467.647833497594,-9.378579893860433,0.2605161081627898,False
18727,2024,F,2,2,15,1463.767741764133,1626.808288408224,-163.0405466440909,10.869369776272727,False
71,2024,F,2,2,15,1658.0866531348352,1677.1747855531257,-19.08813241829057,1.2725421612193712,False
86,2024,F,3,3,15,1674.1141611768496,1681.5116267945655,-7.397465617715852,0.49316437451439016,False
2,2024,M,2,2,14,1416.733386043696,1444.2467751651764,-27.51338912148026,1.9652420801057329,False
8,2024,M,4,4,18,1545.1428706946037,1537.2655413630064,7.877329331597366,-0.4376294073109648,True
18728,2024,M,3,3,36,1562.6357795317783,1656.39940452658,-93.7636249948016,2.604545138744489,False
9,2024,M,2,2,18,1600.7933883689118,1704.427546368943,-103.63415800003122,5.7574532222239565,False
471,2024,M,2,2,15,1615.8834251130677,1771.577830765916,-155.69440565284822,10.379627043523215,False
27,2024,M,3,3,18,1633.953023252567,1624.7521981885434,9.200825064023547,-0.5111569480013082,True
16141,2024,M,3,3,35,2114.5179471972474,1977.0960092748521,137.42193792239527,-3.926341083497008,True
18730,2024,M,3,3,36,1650.0042088339303,1745.3729651466308,-95.3687563127005,2.649132119797236,False
18731,2024,M,5,5+,18,1657.6933995315894,1606.005057440214,51.68834209137549,-2.871574560631972,True
18732,2024,M,3,3,18,1672.7834362757455,1721.612425388245,-48.82898911249936,2.7127216173610753,False
26999,2025,M,3,3,28,1704.550390805511,1686.9784422252196,17.57194858029129,-0.6275695921532604,True
150,2024,M,4,4,18,1759.8635209267352,1723.174687117272,36.688833809463176,-2.0382685449701765,True
18736,2024,M,4,4,36,1790.6202837173719,1691.5911815762984,99.02910214107351,-2.7508083928075973,True
18737,2024,M,2,2,18,1889.1380395311294,1751.2953982397662,137.84264129136318,-7.657924516186843,True
2487,2024,M,2,2,7,2612.763721407345,2010.1488253823725,602.6148960249727,-86.08784228928182,True
19364,2024,M,3,3,22,1599.5458769711295,1616.0695821012412,-16.523705130111694,0.7510775059141679,False
18919,2024,M,2,2,22,1901.3580008301672,1758.3665876237583,142.99141320640888,-6.499609691200404,True
18773,2024,M,2,2,22,1983.6689892979016,1896.660629985458,87.00835931244364,-3.954925423292893,True
26835,2025,M,5,5+,57,1706.4070249739823,1700.3285375972546,6.078487376727708,-0.10664012941627557,True
689,2025,M,4,4,42,1953.3130394492375,1649.9728073904396,303.34023205879794,-7.222386477590427,True
28519,2025,M,3,3,21,1628.799646213841,1701.977177889852,-73.17753167601109,3.4846443655243373,False
1584,2025,M,4,4,43,1702.379440417303,1750.615139321526,-48.235698904223,1.121760439633093,False
26180,2025,M,5,5+,42,1845.4076912633268,1778.9034195833349,66.50427167999192,-1.5834350399998076,True
1557,2025,M,5,5+,57,1719.1341921730896,1739.5162642730534,-20.382072099963807,0.3575802122800668,False
27014,2025,M,4,4,42,1873.047985557074,1766.2397012937,106.80828426337416,-2.5430543872231945,True
27016,2025,M,3,3,28,1882.4909330737992,1830.414325674106,52.0766073996931,-1.8598788357033251,True
19390,2025,M,4,4,42,1887.9009550885894,1846.4100123556395,41.49094273294986,-0.9878795888797586,True
19010,2025,M,6,5+,57,1882.0097116452098,1777.3079905074753,104.70172113773447,-1.8368723006620082,True
1589,2025,M,6,5+,57,1880.3986778225376,1984.2151987830032,-103.8165209604656,1.8213424729906245,False
7697,2025,M,5,5+,57,1869.1214410638354,1873.4325923280098,-4.311151264174441,0.07563423270481476,False
26097,2025,M,3,3,21,2043.557985902564,1948.2641530974977,95.29383280506636,-4.537801562146017,True
26837,2025,M,3,3,43,1972.5498124793655,1978.3105395938394,-5.760727114473866,0.13397039801102015,False
557,2025,M,3,3,21,1920.4669821434093,1941.9381357221064,-21.471153578697113,1.0224358846998625,False
26112,2025,M,3,3,21,2044.984852252168,1968.5949384989124,76.38991375325554,-3.637614940631216,True
11517,2025,M,2,2,43,2438.944104142855,2227.4830767881344,211.4610273547205,-4.917698310574895,True
7701,2025,M,3,3,43,2288.4735451053075,2260.17561037289,28.297934732417616,-0.6580915054050608,True
731,2025,M,5,5+,42,1812.1606468815237,1792.165423776417,19.99522310510679,-0.47607674059778066,True
27003,2025,M,4,4,42,1740.7483562862903,1823.9742909763654,-83.22593469007506,1.981569873573216,False
4603,2024,M,2,2,36,1743.5239906942095,1717.0406022676202,26.483388426589272,-0.7356496785163686,True
19,2024,M,6,5+,36,1646.4479581362627,1652.2241089444099,-5.776150808147122,0.16044863355964228,False
16113,2024,M,2,2,35,1708.6268276489143,1777.484875854434,-68.85804820551971,1.9673728058719917,False
16115,2024,M,2,2,35,1745.8173297510707,1773.6021655285506,-27.784835777479884,0.7938524507851396,False
16117,2024,M,2,2,35,1783.7846569624094,1609.433208416197,174.3514485462124,-4.981469958463212,True
735,2024,M,3,3,35,1840.6870962100945,1716.257520715503,124.42957549459152,-3.5551307284169007,True
4700,2024,M,3,3,35,1916.913060048717,1857.7275559226919,59.18550412602508,-1.6910144036007166,True
752,2024,M,2,2,7,1934.2945218666957,2005.301639383524,-71.0071175168282,10.143873930975458,False
2465,2024,M,2,2,35,1948.277373831997,1938.766689391131,9.510684440866044,-0.27173384116760124,True
16129,2024,M,2,2,35,1956.7253468943666,2024.1863165605666,-67.46096966620007,1.927456276177145,False
16131,2024,M,2,2,35,1963.8138760156655,1834.9290773425043,128.88479867316119,-3.6824228192331767,True
16135,2024,M,2,2,35,2011.977032785037,1920.647374537008,91.32965824802886,-2.609418807086539,True
16139,2024,M,2,2,35,2060.237292693056,1966.8416717475188,93.3956209455373,-2.668446312729637,True
5408,2024,M,3,3,35,2084.221767939094,2015.2262158085277,68.99555213056647,-1.9713014894447562,True
787,2024,M,2,2,35,2086.358036989349,2159.0856112162605,-72.72757422691166,2.077930692197476,False
784,2024,M,2,2,35,2090.53347195121,1965.7465483222695,124.78692362894026,-3.5653406751125787,True
16140,2024,M,2,2,35,2103.545292530032,1878.0371176273131,225.5081749027188,-6.443090711506251,True
16142,2024,M,2,2,35,2117.916557049925,2013.8324223582106,104.08413469171433,-2.9738324197632666,True
16143,2024,M,2,2,35,2146.5619829510624,2061.1218429939713,85.4401399570911,-2.4411468559168887,True
4369,2024,M,2,2,7,2182.9756599440357,2157.7435674845583,25.23209245947737,-3.604584637068196,True
16146,2024,M,2,2,35,2239.3925834984802,1924.7291982129368,314.6633852855434,-8.990382436729812,True
799,2024,M,2,2,35,2275.223641659566,2135.78934926096,139.43429239860598,-3.9838369256744564,True
16147,2024,M,2,2,35,2300.179148292083,2215.633802629127,84.54534566295615,-2.41558130465589,True
16148,2024,M,2,2,35,2326.7854082816143,2480.056331489291,-153.2709232076768,4.379169234505051,False
2478,2024,M,4,4,35,2435.929336121884,2195.025570899438,240.9037652224456,-6.8829647206413025,True
16112,2024,M,2,2,7,1671.9218412399982,1681.1091159108998,-9.187274670901616,1.3124678101288023,False
18879,2024,M,3,3,35,1789.2521985988149,1822.1538608336878,-32.9016622348729,0.94004749242494,False
913,2024,M,2,2,28,1878.1498565970614,1827.0476939987977,51.1021625982637,-1.825077235652275,True
18565,2024,M,3,3,42,1853.4687572011173,1828.9253279478605,24.543429253256818,-0.5843673631727814,True
18564,2024,M,2,2,42,1842.6918809652107,1832.21118735872,10.480693606490604,-0.249540323964062,True
4315,2024,M,3,3,42,1957.6954487651183,1833.339765211082,124.3556835540362,-2.9608496084294336,True
18596,2024,F,3,3,42,1454.7088839374028,1468.071745869823,-13.362861932420174,0.3181633793433375,False
18821,2024,F,2,2,35,1569.973367658694,1468.2415309594514,101.73183669924265,-2.9066239056926473,True
2083,2024,F,2,2,35,1536.262655045029,1470.3189014678496,65.94375357717945,-1.88410724506227,True
2093,2023,F,2,2,21,1764.5374413087986,1840.772857886127,-76.23541657732835,3.630257932253731,False
2094,2023,F,3,3,21,1776.5575054424316,1825.07581811207,-48.51831266963836,2.3103958414113506,False
2096,2023,F,3,3,21,1791.2686287104605,1832.2244699836945,-40.955841273234,1.9502781558682858,False
2097,2023,F,2,2,21,1801.8335275343832,1847.3216228874057,-45.48809535302257,2.1660997787153606,False
2106,2023,F,2,2,21,2074.7467913048167,1885.5544127574663,189.19237854735047,-9.009160883207166,True
2108,2023,M,3,3,21,1642.0110330911484,1595.1280875589835,46.88294553216497,-2.2325212158173793,True
2110,2023,M,2,2,21,1696.869011157035,1690.7963817498082,6.072629407226714,-0.2891728289155578,True
2112,2023,M,2,2,21,1706.329345735361,1629.1403706436513,77.18897509170961,-3.6756654805576003,True
2113,2023,M,3,3,21,1712.3504648979622,1675.0299589324889,37.32050596547333,-1.7771669507368253,True
2114,2023,M,2,2,21,1717.6039910547352,1706.6527841520078,10.951206902727336,-0.521486042987016,True
2115,2023,M,2,2,21,1722.2892990123887,1754.1720027003398,-31.882703687951107,1.5182239851405288,False
2116,2023,M,3,3,21,1726.2867638868972,1704.8231992594463,21.463564627450978,-1.0220745060690941,True
2117,2023,M,2,2,21,1729.6063544185963,1791.6235054737572,-62.017151055160866,2.953197669293375,False
2119,2023,M,2,2,14,1780.387117687291,1802.98035663779,-22.59323895049897,1.613802782178498,False
2121,2023,M,2,2,14,1810.3930260969437,1897.82151604011,-87.42848994316637,6.2448921387975975,False
2122,2023,M,3,3,21,1817.0920196023546,1784.9650161926318,32.127003409722874,-1.5298573052248987,True
2123,2023,M,3,3,21,1830.161038182107,1852.0797887815136,-21.91875059940662,1.0437500285431724,False
2127,2023,M,3,3,21,1877.6321796594377,1805.5403479352087,72.091831724229,-3.4329443678204283,True
2128,2023,M,3,3,21,1882.0084566666928,1852.5496821692204,29.458774497472405,-1.4027987855939241,True
2129,2023,M,3,3,21,1887.5411075528582,1877.4840249126541,10.057082640204044,-0.4789086971525735,True
928,2023,M,3,3,35,2006.8233697001046,2269.6650444782813,-262.84167477817664,7.509762136519332,False
2132,2023,M,2,2,21,1919.919576162344,2091.4054890992024,-171.48591293685854,8.16599585413612,False
2134,2023,M,3,3,21,1963.4829714281852,2176.856101540312,-213.37313011212677,10.160625243434609,False
2138,2023,M,3,3,21,2031.250468228457,2041.5268058806816,-10.276337652224584,0.48934941201069443,False
2140,2023,M,3,3,21,2051.6664484354237,2072.4397921528134,-20.773343717389707,0.9892068436852242,False
2141,2023,M,3,3,21,2073.517927250692,2007.874441135534,65.64348611515811,-3.1258802911980053,True
2142,2023,M,2,2,21,2103.8428353510785,1955.8262501482382,148.01658520284036,-7.048408819182875,True
2144,2023,M,2,2,21,2149.170697656292,2209.108783853992,-59.93808619770016,2.8541945808428646,False
2157,2023,M,2,2,21,2400.353047888192,2415.7419016652543,-15.388853777062195,0.7328025608124855,False
2159,2023,M,2,2,21,2472.1578845243143,2501.7723825422577,-29.614498017943333,1.410214191330635,False
2160,2023,F,2,2,21,1494.5736630549259,1475.1967604838417,19.3769025710842,-0.9227096462421048,True
2161,2023,F,2,2,21,1557.2388110197976,1543.4041384563886,13.834672563408958,-0.6587939315909027,True
2165,2023,F,2,2,21,1706.7851341599405,1665.9377442723699,40.84738988757067,-1.945113804170032,True
2168,2023,M,3,3,21,1687.7804280312937,1701.6474134674474,-13.866985436153755,0.6603326398168454,False
2169,2023,M,2,2,7,1710.6498132304507,1633.6441751038797,77.00563812657106,-11.000805446653008,True
2170,2023,M,2,2,21,1727.0840900402345,1659.1187072112357,67.96538282899883,-3.2364468013808967,True
2171,2023,M,2,2,7,1742.3303468396725,1681.9411792213102,60.38916761836231,-8.62702394548033,True
2172,2023,M,3,3,21,1744.21137852272,1774.7249087246005,-30.513530201880485,1.4530252477085945,False
2173,2023,M,3,3,21,1776.8819288072302,1822.8442430332723,-45.962314226042054,2.1886816298115264,False
2174,2023,M,2,2,21,1791.9301822716104,1741.879968916399,50.050213355211326,-2.3833434931053015,True
2175,2023,M,2,2,21,1795.593243970177,1797.4867515096153,-1.8935075394383603,0.09016702568754097,False
2176,2023,M,3,3,21,1800.5433273466178,1767.8364563028194,32.7068710437984,-1.5574700497046858,True
2177,2023,M,3,3,21,1838.5599676776837,1824.0422347587992,14.517732918884576,-0.6913206151849798,True
2179,2023,M,2,2,21,1851.9251927940745,1833.4265032754283,18.498689518646188,-0.8808899770783899,True
2180,2023,M,2,2,21,1940.7296885674243,2107.6667757773394,-166.93708720991503,7.949385105234049,False
2181,2023,M,2,2,21,1952.0158786657098,1865.7722798646598,86.24359880104998,-4.106838038145237,True
2182,2023,M,2,2,7,1996.7646323887357,1848.9318503769239,147.8327820118118,-21.118968858830254,True
2184,2023,M,3,3,21,2054.0865978879215,1960.8129567564763,93.27364113144517,-4.441601958640247,True
2187,2023,F,2,2,28,1346.7040174304827,1350.6790678314794,-3.975050400996679,0.1419660857498814,False
2193,2023,M,2,2,28,1554.5087725904307,1665.0678124837536,-110.55903989332296,3.948537139047249,False
2194,2023,M,2,2,28,1678.2233460569798,1765.5662783348434,-87.34293227786361,3.1193904384951288,False
2195,2023,M,2,2,28,1686.8700635573298,1681.031790877558,5.838272679771762,-0.20850973856327723,True
2197,2023,M,2,2,28,1717.751197487152,2965.3214196541394,-1247.5702221669874,44.55607936310669,False
2199,2023,M,2,2,28,1728.6783679546274,1824.2600082425317,-95.58164028790429,3.4136300102822963,False
2200,2023,M,2,2,28,1847.927054360556,1832.207185025491,15.719869335064914,-0.5614239048237469,True
2201,2023,M,2,2,28,1898.2870573845737,1911.7286848750025,-13.4416274904288,0.48005812465817144,False
2202,2023,M,2,2,28,2334.613725094553,2160.9855687059917,173.62815638856137,-6.201005585305763,True
2203,2023,F,2,2,28,1464.5584101918505,1412.6224061803584,51.93600401149206,-1.8548572861247163,True
2205,2023,F,2,2,14,1616.3300628550667,1668.4231789550922,-52.093116100025554,3.72093686428754,False
2207,2023,F,2,2,28,1785.9795793658297,1641.4984662452914,144.48111312053834,-5.1600397543049406,True
2210,2023,M,3,3,28,1563.4531236320327,1650.5659554755503,-87.1128318435176,3.1111725658399143,False
2211,2023,M,2,2,28,1603.9630310153116,1737.9152752602167,-133.95224424490516,4.784008723032327,False
2213,2023,M,2,2,28,1683.4541700315579,1809.1812598032748,-125.72708977171692,4.490253206132747,False
2214,2023,M,2,2,28,1688.9000773920457,1810.941773308386,-122.04169591634036,4.358631997012155,False
2215,2023,M,2,2,28,1692.5306822990376,1778.0390689303765,-85.50838663133891,3.053870951119247,False
2218,2023,M,2,2,28,1804.2195543062394,1894.3025850955974,-90.08303078935796,3.217251099619927,False
2219,2023,M,3,3,28,1821.4171564972542,1880.4273515383654,-59.010195041111274,2.107506965753974,False
2220,2023,M,2,2,28,1826.480894920164,1918.8503101273166,-92.36941520715254,3.2989076859697337,False
2223,2023,M,2,2,28,1939.698442677678,2032.8659389922257,-93.16749631454763,3.3274105826624156,False
2233,2023,F,2,2,28,1664.715961631532,1635.4596171144372,29.25634451709493,-1.0448694470391047,True
2235,2023,M,2,2,28,1703.9244796365494,1737.991245301419,-34.066765664869536,1.216670202316769,False
2236,2023,M,2,2,28,1708.202765250793,1703.926656735135,4.276108515657825,-0.15271816127349375,True
2238,2023,F,4,4,28,1309.745224934255,1255.1582230173124,54.587001916942654,-1.949535782747952,True
2239,2023,F,3,3,28,1429.0504748119104,1373.5447927614848,55.50568205042555,-1.9823457875151982,True
2240,2023,F,3,3,28,1480.2365876953484,1353.5534456065,126.6831420888484,-4.524397931744586,True
2241,2023,F,3,3,28,1493.9765272595228,1386.693330542027,107.28319671749568,-3.83154273991056,True
2244,2023,F,2,2,28,1566.159590040326,1486.8290933064,79.33049673392611,-2.833232026211647,True
2246,2023,F,2,2,28,1587.350060213243,1515.821519653057,71.528540560186,-2.5545907342923573,True
2247,2023,F,2,2,28,1610.1854527283497,1455.7181809179456,154.4672718104041,-5.516688278943003,True
2251,2023,F,2,2,28,1705.9779891264666,1633.2134950114093,72.76449411505723,-2.5987319326806153,True
2257,2023,F,2,2,28,1907.1423155625125,1594.891773325759,312.2505422367535,-11.151805079884054,True
2258,2023,M,3,3,28,1603.13774788438,1684.3439434041231,-81.20619551974323,2.9002212685622584,False
2259,2023,M,4,4,28,1606.9361909079216,1659.8360039883387,-52.89981308041706,1.8892790385863236,False
2260,2023,M,3,3,28,1622.5195469019375,1707.2107261626006,-84.69117926066315,3.0246849735951122,False
2261,2023,M,3,3,28,1633.6226880476736,1701.869507223365,-68.24681917569137,2.4373863991318347,False
2263,2023,M,3,3,28,1665.1789839355556,1826.2095034233328,-161.03051948777716,5.751089981706327,False
2264,2023,M,2,2,28,1672.3862860827878,1774.2594354165788,-101.87314933379093,3.6383267619211046,False
2265,2023,M,3,3,28,1703.0660181960066,1789.1889877960805,-86.12296960007393,3.075820342859783,False
2267,2023,M,3,3,28,1763.6463146227431,1797.81252004993,-34.166205427186924,1.220221622399533,False
2268,2023,M,3,3,28,1771.8275765196017,1833.5797887752387,-61.752212255637005,2.205436151987036,False
2269,2023,M,2,2,7,1776.599979292769,1730.567649855174,46.03232943759485,-6.576047062513551,True
2270,2023,M,2,2,28,1777.2817511175072,2116.6047141308172,-339.3229630133101,12.11867725047536,False
2272,2023,M,2,2,7,1830.3625574721236,1762.8049820320887,67.55757544003495,-9.651082205719279,True
2273,2023,M,2,2,7,1867.860007832724,1686.8880547142312,180.97195311849282,-25.85313615978469,True
2275,2023,M,3,3,28,1883.6381557766651,1917.8954553448834,-34.257299568218286,1.2234749845792245,False
2276,2023,M,3,3,28,1896.7866123966162,1875.981308957661,20.805303438955207,-0.7430465513912574,True
2277,2023,M,2,2,28,1923.4731095363684,2017.9761722286585,-94.50306269229009,3.375109381867503,False
2279,2023,M,3,3,28,2011.713862852483,1952.1110850487382,59.60277780374486,-2.1286706358480307,True
2283,2023,M,2,2,28,2128.88122073249,2190.6159061733706,-61.73468544088064,2.2048101943171656,False
2284,2023,M,2,2,28,2137.6468584791237,2104.1418699392675,33.504988539856186,-1.1966067335662924,True
2285,2023,M,2,2,7,2151.2822949738875,2011.6493270150008,139.63296795888664,-19.94756685126952,True
2288,2023,M,2,2,28,2387.175346333302,2494.428815854837,-107.25346952153495,3.830481054340534,False
2289,2023,M,3,3,28,2440.5483406128064,2356.392621369344,84.1557192434625,-3.005561401552232,True
2321,2023,F,2,2,21,1485.803546586274,1475.79594682035,10.007599765923942,-0.476552369805902,True
2322,2023,F,2,2,21,1516.6523951735182,1583.949080560128,-67.29668538660985,3.2046040660290407,False
2324,2023,F,2,2,21,1556.130985970056,1520.3354645008128,35.79552146924311,-1.7045486413925293,True
2326,2023,F,2,2,21,1605.9255904420709,1588.5428424733598,17.3827479687111,-0.8277499032719572,True
2327,2023,F,3,3,21,1672.6821020151103,1630.2861572501163,42.395944764994056,-2.0188545126187645,True
2328,2023,F,2,2,21,1711.6647306157115,1604.7208735590884,106.94385705662307,-5.092564621743956,True
2329,2023,F,2,2,7,1718.806586237196,1705.0379189949679,13.768667242228048,-1.9669524631754354,True
2330,2023,F,2,2,21,1720.3936652641924,1749.5242382153008,-29.130572951108434,1.3871701405289731,False
2331,2023,F,2,2,7,1731.4040260139805,1943.193185315502,-211.78915930152152,30.255594185931646,False
2333,2023,F,2,2,21,1789.9275651344758,1799.4564329243397,-9.528867789863853,0.4537556090411358,False
2334,2023,F,2,2,21,1792.7049534317198,1684.5125207041322,108.19243272758763,-5.1520206060756015,True
2335,2023,F,2,2,21,1796.3750736816492,1776.986945305272,19.388128376377153,-0.9232442083989121,True
2338,2023,F,2,2,21,1843.5906747347947,1971.868135285769,-128.2774605509744,6.1084505024273525,False
2339,2023,F,2,2,21,1844.1858293699183,1707.5811946597082,136.60463471021012,-6.504982605248101,True
2340,2023,F,2,2,21,1868.091207214053,1750.6227464988995,117.46846071515347,-5.593736224531118,True
2342,2023,F,3,3,21,2224.886410970701,1932.4757996292187,292.4106113414823,-13.924314825784872,True
2343,2023,M,2,2,21,1670.8618149646018,1644.7428065049105,26.11900845969126,-1.2437623076043456,True
2344,2023,M,2,2,21,1705.9009773647979,1664.2101720447258,41.69080532007206,-1.985276443812955,True
2345,2023,M,3,3,21,1733.694080685067,1698.4527688660419,35.24131181902521,-1.6781577056678674,True
2347,2023,M,2,2,21,1763.4724056710695,1838.4628782696625,-74.99047259859299,3.570974885647285,False
2348,2023,M,2,2,21,1815.3859522300008,1738.6955141009673,76.69043812903351,-3.6519256251920718,True
2349,2023,M,2,2,21,1820.746050727481,1788.1024829929863,32.64356773449458,-1.5544556064045039,True
1239,2023,M,4,4,35,1729.5204158170786,1800.221554695631,-70.70113887855246,2.020032539387213,False
2350,2023,M,2,2,21,1827.9921098074085,1805.4733630131293,22.518746794279195,-1.072321275918057,True
2351,2023,M,2,2,21,1835.436691053909,1783.5101813784659,51.926509675443185,-2.472690936925866,True
2352,2023,M,2,2,21,1842.484227967263,1806.2720241634806,36.21220380378236,-1.7243906573229695,True
2353,2023,M,2,2,21,1883.9753607810933,1920.6802339513185,-36.704873170225255,1.7478511033440598,False
2354,2023,M,3,3,21,1900.3534395233944,1974.3320514385732,-73.97861191517882,3.522791043579944,False
1222,2023,M,4,4,35,1685.9606572046282,1740.9350059913158,-54.97434878668764,1.570695679619647,False
2361,2023,M,2,2,21,2006.8605818899969,1856.388011348031,150.47257054196598,-7.16536050199838,True
2363,2023,M,2,2,21,2016.5881680520909,1950.3305291581141,66.25763889397672,-3.155125661617939,True
2365,2023,M,2,2,7,2056.987428949768,2160.4011046939086,-103.41367574414062,14.773382249162946,False
2366,2023,M,3,3,21,2063.9357047798353,1945.5385622560057,118.39714252382964,-5.637959167801411,True
2367,2023,M,2,2,21,2073.166985525496,2030.7956400560176,42.37134546947823,-2.0176831175942014,True
2368,2023,M,2,2,21,2085.2768376864706,2000.1470184112827,85.12981927518786,-4.053800917866089,True
2369,2023,M,2,2,21,2130.7384138317675,2037.2847619026227,93.45365192914483,-4.450173901387849,True
2370,2023,M,2,2,21,2137.388906411975,1734.192855344267,403.1960510677079,-19.19981195560514,True
2371,2023,M,2,2,14,2172.8251131453176,2082.512194876207,90.31291826911047,-6.45092273350789,True
2373,2023,M,3,3,21,2234.8632901994897,2228.644351504621,6.218938694868484,-0.2961399378508802,True
2375,2023,M,2,2,21,2273.575112681293,2190.3230460773634,83.2520666039295,-3.964384123996643,True
2380,2023,F,2,2,21,1398.0502953420284,1389.0137924160408,9.036502925987634,-0.43030966314226826,True
2383,2023,F,3,3,21,1497.242130070164,1572.8641333347214,-75.6220032645574,3.601047774502734,False
2385,2023,F,2,2,21,1512.8925727560795,1527.425836149496,-14.533263393416519,0.6920601615912628,False
2386,2023,F,2,2,21,1513.6918702703035,1544.4027823505696,-30.710912080266098,1.4624243847745761,False
2387,2023,F,3,3,21,1518.7639557309342,1501.26136612196,17.502589608974176,-0.8334566480463893,True
2388,2023,F,2,2,21,1548.33796375722,1537.0128175336317,11.325146223588263,-0.5392926773137268,True
2389,2023,F,2,2,21,1550.8740064875356,1523.9305825198635,26.94342396767206,-1.2830201889367647,True
2390,2023,F,3,3,21,1553.5975387582246,1565.0747109601116,-11.477172201887015,0.5465320096136674,False
2391,2023,F,2,2,21,1554.6830045182815,1577.2581664691172,-22.575161950835763,1.0750077119445602,False
2393,2023,F,3,3,21,1580.8723329472978,1669.1334047337482,-88.26107178645043,4.202908180307164,False
2395,2023,F,2,2,14,1597.3122052768913,1612.5416135315375,-15.22940825464616,1.0878148753318686,False
2399,2023,F,2,2,21,1623.3140441655341,1648.4614761242062,-25.147431958672087,1.197496759936766,False
2400,2023,F,2,2,13,1625.4751078151025,1725.1570832379696,-99.68197542286703,7.6678442632974635,False
2402,2023,F,3,3,21,1644.9542842728563,1675.324996877669,-30.370712604812752,1.4462244097529882,False
2403,2023,F,2,2,21,1666.9004283671036,1672.1293364162907,-5.228908049187112,0.24899562138986248,False
2404,2023,F,3,3,21,1667.4530291176782,1673.0281159210533,-5.575086803375143,0.2654803239702449,False
2406,2023,F,3,3,21,1701.812954358761,1720.7632940628941,-18.950339704133057,0.9023971287682409,False
2408,2023,F,3,3,21,1726.660252393525,1675.524725656505,51.13552673701997,-2.435025082715237,True
2409,2023,F,3,3,21,1734.00194807973,1759.3109483782725,-25.309000298542514,1.2051904904067865,False
2415,2023,F,2,2,21,1788.8574404448023,1798.1581958619042,-9.300755417101982,0.4428931151000944,False
2416,2023,F,2,2,21,1793.1400962617554,1696.5961118237196,96.54398443803575,-4.597332592287417,True
2420,2023,F,2,2,21,1874.9348752173378,1862.6705914259826,12.264283791355183,-0.5840135138740563,True
2421,2023,F,3,3,21,1875.7045691199237,1997.2877883615513,-121.5832192416276,5.789677106744172,False
2422,2023,F,2,2,13,1876.0795482006708,2089.525601050158,-213.44605284948716,16.41892714226824,False
2423,2023,F,2,2,21,1892.0753663556955,1942.861696128699,-50.786329773003445,2.4183966558573067,False
2426,2023,F,2,2,21,1907.5975267245135,1924.886106033445,-17.288579308931503,0.8232656813776906,False
2427,2023,F,2,2,21,1910.1631730664667,1856.3791348926438,53.784038173822864,-2.5611446749439457,True
2428,2023,F,2,2,21,1934.092759140455,1982.3081299488395,-48.21537080838448,2.2959700384944988,False
2430,2023,F,3,3,21,1961.9793613033787,2060.102489305522,-98.12312800214318,4.672529904863961,False
2431,2023,F,2,2,21,2042.9255033920076,1989.9976879340315,52.92781545797607,-2.520372164665527,True
2437,2023,M,2,2,21,1537.2847201559348,1650.4332672011642,-113.1485470452294,5.3880260497728285,False
2438,2023,M,3,3,21,1537.481517790212,1639.3518437400385,-101.87032594982657,4.850967902372694,False
2439,2023,M,2,2,21,1577.480636957042,1695.8571201274,-118.37648317035814,5.636975389064673,False
2440,2023,M,2,2,21,1619.9889259609058,1726.6055744159287,-106.61664845502287,5.076983259762994,False
2441,2023,M,2,2,13,1649.3511329950563,1915.801416883067,-266.45028388801074,20.496175683693135,False
2442,2023,M,2,2,21,1664.7013484686736,1729.1013905107768,-64.40004204210322,3.066668668671582,False
2443,2023,M,3,3,21,1668.8931380787767,1727.6039008538678,-58.7107627750911,2.7957506083376713,False
2445,2023,M,2,2,21,1687.844750259666,1804.8743671503657,-117.0296168906998,5.572838899557134,False
2447,2023,M,3,3,21,1708.5183417404803,1836.1219846578642,-127.60364291738392,6.076363948446853,False
2448,2023,M,2,2,21,1718.555021088615,1851.4962118021285,-132.9411907135136,6.330532891119695,False
2449,2023,M,3,3,21,1719.0076556474526,1788.901144143338,-69.89348849588532,3.32826135694692,False
2450,2023,M,2,2,21,1723.5733607626821,2004.0404915192457,-280.4671307565636,13.355577655074459,False
2453,2023,M,3,3,21,1742.8398491584148,1833.8258338506039,-90.98598469218905,4.332665937723288,False
2454,2023,M,3,3,21,1746.0082910702772,1725.8069132655776,20.201377804699632,-0.9619703716523634,True
2455,2023,M,3,3,21,1746.5396446828254,1854.4911911159463,-107.95154643312094,5.1405498301486166,False
2456,2023,M,3,3,21,1757.4028740949236,1776.621728956685,-19.21885486176143,0.9151835648457823,False
2459,2023,M,3,3,21,1793.8497959630515,1922.1777236082273,-128.3279276451758,6.110853697389324,False
2460,2023,M,3,3,21,1794.0662733607562,1912.5937898040106,-118.5275164432544,5.644167449678781,False
2463,2023,M,3,3,21,1798.6713380028416,1925.1727029220451,-126.50136491920352,6.023874519962073,False
2464,2023,M,3,3,21,1809.5739269417954,1943.741574667715,-134.16764772591955,6.388935605996169,False
2465,2023,M,2,2,21,1828.1614634992723,2054.8553072103537,-226.6938437110814,10.794944938622924,False
2466,2023,M,3,3,21,1828.722336756962,1917.485589349913,-88.76325259295095,4.226821552045283,False
2467,2023,M,3,3,21,1832.6681293242186,1999.1486919733434,-166.48056264912475,7.927645840434512,False
2468,2023,M,3,3,21,1847.7329882281342,1969.4983967665476,-121.76540853841334,5.798352787543492,False
2469,2023,M,3,3,21,1871.9882966527925,2061.0449311255766,-189.05663447278403,9.002696879656382,False
2470,2023,M,2,2,21,1880.2144377655775,2013.2250947482867,-133.01065698270918,6.333840808700437,False
2471,2023,M,3,3,21,1880.9917884209722,1878.6506909140762,2.3410975068959488,-0.11148083366171184,True
2473,2023,M,2,2,21,1913.3354796144213,2136.618242477578,-223.28276286315668,10.632512517293176,False
2474,2023,M,3,3,21,1914.713063054361,2123.240668209192,-208.52760515483078,9.929885959753847,False
2476,2023,M,3,3,21,2041.5589782276966,2149.8959841021697,-108.3370058744731,5.158905041641576,False
2478,2023,M,3,3,21,2050.660868813015,2154.8876162918664,-104.2267474788514,4.963178451373876,False
2481,2023,M,3,3,21,2106.689155291718,2277.881433445981,-171.19227815426302,8.152013245441097,False
2482,2023,M,2,2,21,2175.2436111921625,2289.6616854136646,-114.41807422150214,5.448479724833435,False
2484,2023,M,3,3,21,2201.368497142454,2289.2623548384886,-87.8938576960345,4.185421795049262,False
2487,2023,M,3,3,21,2329.9560713791416,2518.5779376331343,-188.62186625399272,8.98199363114251,False
2489,2023,M,2,2,21,2475.497761808806,2748.3926836467485,-272.89492183794255,12.994996277997265,False
2491,2023,M,2,2,13,2769.405188720011,3099.443063914576,-330.037875194565,25.387528861120384,False
2492,2023,M,2,2,28,1731.9606454548507,1631.2185703926643,100.74207506218636,-3.5979312522209415,True
2493,2023,M,2,2,28,1785.4668051112628,1736.7882446681524,48.67856044311043,-1.7385200158253724,True
2495,2023,M,2,2,28,2012.507224789116,2061.459226169024,-48.9520013799081,1.7482857635681464,False
2496,2023,M,3,3,28,2375.1810578722248,2560.9001153624636,-185.7190574902388,6.632823481794243,False
2497,2023,M,3,3,28,1715.8541137478355,1716.637608516872,-0.7834947690364515,0.027981956037016125,False
2499,2023,F,3,3,21,1351.1066791341307,1362.5497292202504,-11.443050086119683,0.5449071469580802,False
2500,2023,F,3,3,21,1413.1990762308822,1399.1999601366845,13.999116094197689,-0.6666245759141757,True
1379,2023,M,2,2,14,2041.3686877016696,2067.1918700922947,-25.823182390625107,1.8445130279017934,False
2503,2023,F,3,3,28,1480.9036707575328,1551.2539944196303,-70.35032366209748,2.5125115593606244,False
5264,2023,F,3,3,28,1495.5909108400338,1519.9381946454841,-24.347283805450388,0.8695458501946567,False
2506,2023,F,2,2,15,1509.561700186803,1632.6411413648284,-123.07944117802549,8.205296078535033,False
1478,2023,F,3,3,28,1614.5522313561028,1563.8112313767335,50.740999979369235,-1.8121785706917584,True
2508,2023,F,3,3,28,1579.1768300087385,1603.3494370345654,-24.172607025826892,0.8633073937795318,False
2511,2023,F,3,3,21,1592.1923517078653,1644.7664937157374,-52.57414200787207,2.5035305718034317,False
2512,2023,F,2,2,21,1617.9845781942083,1600.8261623717833,17.158415822425013,-0.8170674201154768,True
2513,2023,F,2,2,28,1633.9853112922176,1630.372728428455,3.6125828637625546,-0.12902081656294836,True
2515,2023,F,3,3,28,1665.747960576325,1745.3924416176094,-79.64448104128428,2.8444457514744386,False
2516,2023,F,2,2,14,1594.3851571951523,1668.3749466073416,-73.98978941218934,5.284984958013524,False
2518,2023,F,2,2,28,1683.659228969619,1755.1481424818294,-71.48891351221027,2.5531754825789386,False
2522,2023,F,3,3,28,1708.3767793523646,1803.3413047510764,-94.96452539871188,3.391590192811139,False
2524,2023,F,3,3,28,1715.3024697977717,1934.9457094094053,-219.6432396116336,7.8444014147012,False
2527,2023,F,3,3,28,1792.9179661687112,1929.482516925442,-136.5645507567308,4.877305384168957,False
2530,2023,F,2,2,28,1819.6654603026968,1843.437235303021,-23.77177500032417,0.8489919642972917,False
2532,2023,F,2,2,15,1888.0865055650793,1977.771728859793,-89.68522329471375,5.97901488631425,False
2533,2023,F,2,2,15,1931.6705919887606,2006.8815300003273,-75.21093801156667,5.014062534104444,False
2534,2023,F,3,3,21,1934.0587611078665,2005.077210736161,-71.01844962829455,3.3818309346806927,False
2535,2023,F,2,2,28,2034.3618641103121,2178.54555998898,-144.183695878668,5.149417709952429,False
2541,2023,M,2,2,14,1583.4947626482217,1646.219235756871,-62.72447310864936,4.480319507760669,False
2542,2023,M,3,3,28,1596.0955167276506,1606.1531449361937,-10.057628208543065,0.3592010074479666,False
2543,2023,M,3,3,28,1605.7884044810573,1613.8202162522905,-8.031811771233151,0.28685042040118397,False
2544,2023,M,3,3,28,1626.305016892435,1673.0925752728856,-46.78755838045049,1.6709842278732319,False
2545,2023,M,3,3,28,1630.0206238645742,1631.6117535370795,-1.5911296725053035,0.05682605973233227,False
2546,2023,M,3,3,28,1630.989912639915,1667.1948281066573,-36.20491546674225,1.2930326952407947,False
2548,2023,M,2,2,28,1645.044599882355,1758.609909183197,-113.56530930084205,4.055903903601502,False
2549,2023,M,3,3,28,1650.214140017505,1680.2681676584634,-30.05402764095834,1.0733581300342263,False
2538,2023,M,2,2,28,1523.7219548355467,1607.9224690860622,-84.20051425051543,3.0071612232326936,False
2551,2023,M,2,2,28,1675.2541000471394,1819.2584092092454,-144.00430916210598,5.143011041503785,False
1546,2023,M,3,3,42,1709.026023721665,1724.4029756190725,-15.37695189740748,0.3661179023192257,False
2555,2023,M,3,3,28,1703.5250226612425,1709.0688329868788,-5.5438103256362865,0.19799322591558166,False
2556,2023,M,3,3,28,1727.2725976570891,1784.5599967146018,-57.28739905751263,2.0459785377683084,False
2557,2023,M,2,2,28,1730.5035602415583,1821.8140996479444,-91.31053940638617,3.26109069308522,False
2559,2023,M,2,2,15,1737.9347741858364,1868.3502468464476,-130.41547266061116,8.694364844040743,False
1562,2023,M,2,2,14,1735.2738636764348,1740.6810923826351,-5.407228706200385,0.38623062187145607,False
2563,2023,M,2,2,28,1761.682349181683,1802.9413087160137,-41.25895953433064,1.4735342690832371,False
2564,2023,M,2,2,14,1764.5902155077054,1899.3851103188103,-134.794894811105,9.628206772221786,False
2565,2023,M,3,3,28,1768.4673706090678,1844.7170178101312,-76.24964720106345,2.723201685752266,False
2566,2023,M,3,3,28,1768.9520149967382,1811.1981547487333,-42.24613975199509,1.508790705428396,False
2569,2023,M,2,2,14,1792.376493734138,1901.7520682422564,-109.37557450811846,7.812541036294176,False
2570,2023,M,2,2,14,1793.0226862510317,1883.5067675823582,-90.48408133132648,6.4631486665233195,False
2571,2023,M,2,2,28,1793.9919750263725,1897.0103760173563,-103.01840099098376,3.679228606820849,False
2572,2023,M,3,3,21,1794.3150712848194,1824.1420674025933,-29.826996117773888,1.4203331484654231,False
2576,2023,M,3,3,21,1806.1080847181308,1794.2921069082097,11.81597780992115,-0.5626656099962453,True
2579,2023,M,2,2,28,1821.455156994358,1827.0237763114465,-5.568619317088405,0.19887926132458592,False
2580,2023,M,3,3,28,1826.1400527418384,1854.546596420512,-28.406543678673643,1.0145194170954872,False
2079,2024,F,4,4,35,1573.0049065628007,1480.0765504423912,92.92835612040949,-2.655095889154557,True
2584,2023,M,3,3,21,1843.1026063103002,1578.8532616009202,264.24934470938,-12.583302129018096,True
2586,2023,M,2,2,28,1867.9810182107108,1985.5748792968857,-117.59386108617491,4.199780753077675,False
2587,2023,M,2,2,28,1889.466919397429,2061.950705099543,-172.48378570211412,6.160135203646933,False
2589,2023,M,2,2,14,1894.4749114033561,1971.18283399668,-76.70792259332393,5.479137328094566,False
2590,2023,M,3,3,28,1895.6057483079205,1857.2988784314186,38.30686987650188,-1.3681024955893528,True
2591,2023,M,2,2,28,1896.0903926955907,2277.4150682390864,-381.3246755434957,13.618738412267703,False
2593,2023,M,3,3,28,1902.2292216060814,2277.7099555973978,-375.48073399131636,13.410026213975584,False
2598,2023,M,2,2,28,1938.0929062936868,2168.994816166588,-230.90190987290111,8.24649678117504,False
2599,2023,M,2,2,28,1952.632237923797,2159.3618291284156,-206.7295912046186,7.3831996858792355,False
2560,2023,M,2,2,15,1741.4888330287527,1823.16752947396,-81.67869644520738,5.445246429680492,False
2602,2023,M,2,2,15,1970.4025321383758,2139.3468099834217,-168.94427784504592,11.262951856336395,False
2605,2023,M,2,2,28,1997.0579734602447,2039.735857440083,-42.67788397983827,1.524210142137081,False
2606,2023,M,3,3,28,2002.7121579830655,2088.2939757753634,-85.5818177922979,3.0564934925820677,False
2607,2023,M,3,3,21,2006.4277649552046,2021.3115388955946,-14.883773940390029,0.7087511400185728,False
2608,2023,M,3,3,21,2014.3436232871536,1986.8692767866908,27.474346500462843,-1.3083022143077545,True
2612,2023,M,2,2,15,2055.6999443683553,2228.315869357062,-172.61592498870687,11.507728332580458,False
2615,2023,M,2,2,28,2173.9531749599187,2174.3027886161935,-0.34961365627486884,0.012486202009816745,False
2616,2023,M,3,3,28,2181.222840774973,2484.3276979875986,-303.1048572126256,10.825173471879484,False
2621,2023,M,2,2,14,2337.60142986327,2536.6885312067147,-199.08710134344483,14.220507238817488,False
2622,2023,M,2,2,28,2362.964486151351,2426.8246631168718,-63.86017696552062,2.280720605911451,False
2625,2023,M,3,3,28,2425.1605159023775,2246.7467829746984,178.41373292767912,-6.371919033131397,True
2627,2023,M,3,3,28,1556.622412400969,1646.552713024858,-89.9303006238888,3.2117964508531713,False
2629,2023,M,2,2,28,1592.9121615654979,1652.4504601910862,-59.53829862558837,2.1263678080567274,False
2630,2023,M,3,3,28,1596.1094962936502,1699.8290290931209,-103.7195327994707,3.704269028552525,False
2631,2023,M,2,2,28,1616.5724385538254,1669.6522227592525,-53.07978420542713,1.8957065787652547,False
2632,2023,M,2,2,28,1620.0895067547929,1678.7937308669066,-58.70422411211371,2.0965794325754894,False
2633,2023,M,3,3,28,1622.4875078009072,1716.2444253724566,-93.75691757154937,3.3484613418410487,False
2635,2023,M,3,3,28,1649.185252780979,1687.050576899626,-37.865324118647095,1.3523330042373962,False
2636,2023,M,3,3,28,1664.5324594761105,1757.626951322159,-93.09449184604841,3.3248032802160146,False
2637,2023,M,2,2,28,1673.8047301877523,1739.8354140373701,-66.03068384961784,2.358238708914923,False
2638,2023,M,2,2,28,1700.9820753770473,1809.6254221710724,-108.64334679402509,3.880119528358039,False
2639,2023,M,2,2,28,1713.6115475532495,1725.3859334801105,-11.774385926860987,0.4205137831021781,False
2640,2023,M,3,3,28,1715.689815126548,1765.785501568775,-50.095686442227134,1.7891316586509691,False
2641,2023,M,2,2,28,1724.8022191017822,2014.9653193419238,-290.1631002401416,10.362967865719343,False
2642,2023,M,2,2,28,1752.1394310274848,1824.8612690171626,-72.72183798967785,2.597208499631352,False
2643,2023,M,2,2,28,1766.0478370949477,1880.9881628824357,-114.94032578748806,4.105011635267431,False
2644,2023,M,2,2,28,1769.4050385595074,1857.3971742175222,-87.99213565801483,3.14257627350053,False
2645,2023,M,2,2,28,1788.908780401237,1832.3317487610516,-43.422968359814604,1.5508202985648072,False
2647,2023,M,3,3,28,1812.5690573895638,1863.0983298115432,-50.529272421979385,1.8046168722135494,False
2648,2023,M,2,2,28,1817.205192745385,1748.0922600700899,69.11293267529504,-2.46831902411768,True
2649,2023,M,2,2,28,1820.7222609463524,1889.048417342948,-68.32615639659548,2.4402198713069816,False
2651,2023,M,2,2,28,1843.2634707798268,1994.1266126879168,-150.86314190809003,5.387969353860358,False
2652,2023,M,2,2,28,1878.4341527895026,1924.1400129820067,-45.70586019250413,1.6323521497322904,False
2653,2023,M,2,2,28,1891.0636249657043,1959.526495979377,-68.46287101367261,2.4451025362025933,False
2654,2023,M,3,3,28,1904.8121642967594,2013.9823614808856,-109.17019718412621,3.8989356137187934,False
2655,2023,M,2,2,28,1908.6489659705421,2010.345417395045,-101.69645142450281,3.6320161223036718,False
2656,2023,M,2,2,28,2033.3450203684838,2136.1640236079165,-102.81900323943273,3.672107258551169,False
2657,2023,M,2,2,28,2142.2142678620708,2300.1213948290656,-157.90712696699484,5.639540248821244,False
2658,2023,M,2,2,28,2172.1093475702955,2215.193835635377,-43.08448806508159,1.5387317166100567,False
2659,2023,M,2,2,28,2417.504787955988,2484.229402201495,-66.72461424550693,2.383021937339533,False
2660,2023,F,3,3,28,1388.764329975681,1407.1622926551004,-18.39796267941938,0.6570700956935492,False
2661,2023,F,2,2,28,1396.0528685350375,1475.8424267392095,-79.78955820417195,2.849627078720427,False
2662,2023,F,2,2,28,1480.1092495022563,1506.0850994182915,-25.97584991603526,0.9277089255726878,False
2664,2023,F,2,2,28,1537.3576234480515,1736.8074248570958,-199.4498014090443,7.123207193180154,False
2665,2023,F,2,2,28,1545.991921578008,1580.3259829950064,-34.33406141699834,1.2262164791785122,False
2666,2023,F,2,2,28,1558.5205858989937,1515.060344213374,43.46024168561962,-1.5521514887721293,True
2667,2023,F,2,2,28,1562.6769583781038,1612.7149098642167,-50.03795148611289,1.7870696959326031,False
2668,2023,F,2,2,28,1580.862576646302,1699.1504195212065,-118.28784287490453,4.224565816960876,False
2669,2023,F,2,2,28,1621.128179373727,1649.298788105042,-28.170608731314815,1.006093168975529,False
2670,2023,F,2,2,28,1642.1720480573592,1749.2947219632974,-107.1226739059382,3.8258097823549355,False
2671,2023,F,2,2,13,1645.1493922401028,1781.0723594078204,-135.92296716771762,10.4556128590552,False
2672,2023,F,2,2,28,1656.6776689156861,1632.5189826185835,24.158686297102577,-0.8628102248965206,True
2673,2023,F,2,2,28,1684.6647042334764,1778.4642675473156,-93.79956331383914,3.3499844040656837,False
2674,2023,F,2,2,28,1719.4043561577296,1678.2732196717755,41.13113648595413,-1.4689691602126476,True
2675,2023,F,2,2,28,1748.272685353612,1981.9681875749457,-233.69550222133375,8.346267936476206,False
5297,2023,M,3,3,28,1575.6465540334755,1612.3457794607334,-36.69922542725794,1.3106866224020695,False
2677,2023,F,2,2,14,1521.761718787377,1513.045364073293,8.716354714083991,-0.6225967652917136,True
2679,2023,F,2,2,14,1660.1036932225932,1657.9485931189238,2.1551001036693833,-0.15393572169067024,True
2682,2023,F,2,2,14,1856.1710958394103,1843.2968998788756,12.874195960534735,-0.919585425752481,True
2684,2023,F,2,2,14,2075.1296165282415,2078.8769945161202,-3.7473779878787354,0.26766985627705253,False
2685,2023,F,2,2,14,2176.6467488476087,2049.1174064695338,127.52934237807494,-9.109238741291067,True
2688,2023,M,2,2,14,1710.0587738838492,1715.9234815299787,-5.8647076461295455,0.41890768900925324,False
1241,2023,M,3,3,35,1736.4503774145142,1814.5581335983763,-78.1077561838622,2.231650176681777,False
2692,2023,M,2,2,14,1982.7922453880255,2062.342755494898,-79.55051010687248,5.682179293348034,False
2694,2023,M,2,2,14,2037.538015215506,1923.3757153337542,114.16229988175178,-8.1544499915537,True
2697,2023,M,2,2,14,2581.0142029574044,2767.4607186113885,-186.44651565398408,13.317608260998863,False
2698,2023,F,2,2,14,1376.347628624702,1408.7869415208202,-32.439312896118054,2.3170937782941468,False
2699,2023,F,2,2,14,1402.1579978428063,1444.0390709854016,-41.88107314259537,2.991505224471098,False
2700,2023,F,2,2,14,1422.353096129748,1450.8298494658306,-28.47675333608254,2.0340538097201812,False
2705,2023,F,2,2,14,1644.847025927859,1664.3399140416805,-19.492888113821436,1.3923491509872454,False
2709,2023,F,2,2,14,1725.806312662813,1842.9973067106214,-117.19099404780832,8.370785289129165,False
2712,2023,F,2,2,14,1745.2162668726537,1813.9367693899608,-68.72050251730707,4.908607322664791,False
2727,2023,M,2,2,14,1693.020846146108,1766.8381298648803,-73.81728371877239,5.2726631227694565,False
2728,2023,M,2,2,14,1702.35004504688,1782.3121896529387,-79.9621446060587,5.711581757575622,False
2730,2023,M,2,2,14,1770.1707351368223,1794.2921069082097,-24.12137177138743,1.7229551265276737,False
2735,2023,M,2,2,14,1806.4631091122144,1815.4566273925218,-8.993518280307399,0.6423941628790999,False
2738,2023,M,2,2,7,1827.7472089497971,1855.5963887350545,-27.84917978525732,3.97845425503676,False
2742,2023,M,2,2,14,1912.5852330687596,1923.0762174023725,-10.490984333612914,0.7493560238294938,False
2743,2023,M,2,2,14,1930.9850390031186,1904.0081824377332,26.976856565385333,-1.9269183260989524,True
2745,2023,M,3,3,14,1943.6162571310297,1863.3762964136056,80.23996071742408,-5.731425765530291,True
2749,2023,M,3,3,14,1950.0810538106693,1982.4766404597578,-32.3955866490885,2.313970474934893,False
2750,2023,M,2,2,14,1966.3922331254523,1943.8414073115089,22.550825813943447,-1.610773272424532,True
2752,2023,M,2,2,14,1967.4862756404682,2061.2445964131643,-93.75832077269615,6.69702291233544,False
2753,2023,M,2,2,14,1970.867861595972,1987.268607361866,-16.400745765894044,1.1714818404210032,False
2770,2023,M,3,3,14,2811.9876388223115,2837.6430671985177,-25.655428376206146,1.832530598300439,False
2772,2023,F,2,2,21,1544.3322959475631,1499.1023880274204,45.22990792014275,-2.1538051390544166,True
2773,2023,F,2,2,21,1639.6344306755818,1615.0124177509006,24.622012924681258,-1.1724768059372028,True
2779,2023,M,2,2,21,1698.3303176782595,1802.954810909492,-104.62449323123246,4.982118725296784,False
2780,2023,M,2,2,21,1700.5192723322473,1773.1951701903251,-72.67589785807786,3.4607570408608503,False
2782,2023,M,2,2,21,1713.3545064397226,1759.548703924718,-46.19419748499536,2.199723689761684,False
2796,2023,M,2,2,21,1760.8917761357325,1682.8105959864445,78.081180149288,-3.718151435680381,True
1172,2023,M,2,2,21,1520.631573380099,1644.884703160052,-124.25312977995281,5.916815703807277,False
2822,2023,M,2,2,14,2071.0192333979453,1874.657385162319,196.3618482356262,-14.02584630254473,True
2823,2023,M,2,2,14,2191.6389256297457,2063.6405798642186,127.99834576552712,-9.142738983251936,True
2824,2023,F,2,2,21,1416.09516616119,1437.484498226931,-21.389332065740973,1.0185396221781415,False
2825,2023,F,2,2,21,1524.1837817103228,1502.1822494973578,22.001532212965003,-1.0476920101411906,True
2830,2023,F,2,2,21,1585.3461202649542,1650.0912624017494,-64.74514213679527,3.08310200651406,False
2832,2023,F,2,2,21,1612.7239269829674,1627.894956965895,-15.171029982927621,0.7224299991870295,False
2833,2023,F,2,2,21,1632.4514672161872,1779.486764942603,-147.03529772641582,7.001680844115039,False
2836,2023,F,2,2,21,1690.7486864631194,1824.5761208279928,-133.8274343648734,6.372734969755876,False
2837,2023,F,2,2,21,1698.4884879262786,1789.6393351419624,-91.15084721568383,4.340516534080182,False
2838,2023,F,2,2,21,1716.634243541706,1743.5546292370275,-26.920385695321556,1.2819231283486456,False
2841,2023,F,2,2,21,1745.2058499712605,1756.295109487204,-11.089259515943468,0.528059976949689,False
2842,2023,F,2,2,21,1746.0614064311985,1792.7249202025519,-46.66351377135334,2.2220720843501587,False
2850,2023,F,2,2,21,2180.6343464250112,1768.8365197334713,411.79782669153997,-19.60942031864476,True
2851,2023,M,2,2,21,1531.2754951326956,1519.2607292442283,12.01476588846731,-0.5721317089746337,True
2852,2023,M,2,2,21,1573.4613117037143,1529.1215311976266,44.33978050608766,-2.111418119337508,True
2853,2023,M,2,2,21,1584.246553487437,1561.6920588618802,22.5544946255568,-1.0740235535979428,True
2854,2023,M,2,2,21,1585.4106432371561,1585.1986170538185,0.21202618333768442,-0.010096484920842115,True
2855,2023,M,2,2,21,1589.7685176848227,1577.4295003632626,12.33901732156005,-0.5875722534076214,True
2857,2023,M,2,2,21,1603.9465338672994,1633.4069821593196,-29.460448292020146,1.4028784900961975,False
2859,2023,M,2,2,21,1647.346187613239,1610.6972564484636,36.64893116477538,-1.745187198322637,True
2860,2023,M,2,2,21,1651.6145166955425,1659.0052256141,-7.390708918557493,0.3519385199313092,False
2863,2023,M,2,2,21,1716.7040478294116,1699.2452659087746,17.458781920636966,-0.8313705676493793,True
2868,2023,M,2,2,21,1769.5756113337495,1685.9979259107754,83.57768542297413,-3.979889782046387,True
2869,2023,M,2,2,21,1770.878993874033,1723.4490525216602,47.42994135237291,-2.2585686358272814,True
2871,2023,M,2,2,21,1799.742449976044,1634.9010430613496,164.84140691469452,-7.849590805461643,True
2874,2023,M,2,2,21,1844.345991411864,1878.1341579118318,-33.78816649996793,1.6089603095222824,False
2875,2023,M,2,2,21,1955.0141135155056,1996.9618016532838,-41.94768813777819,1.9975089589418185,False
2876,2023,M,2,2,21,1998.1053332251947,1947.1597715856174,50.94556163957736,-2.4259791256941603,True
2880,2023,M,2,2,21,2141.4873621414567,2183.1217900462207,-41.634427904763925,1.9825918049887583,False
2882,2023,M,2,2,21,2169.863293476491,2183.320998166491,-13.4577046899999,0.6408430804761858,False
2885,2023,M,2,2,21,2224.1277848864756,2296.9692307809055,-72.84144589442985,3.468640280687136,False
2891,2023,F,2,2,8,1644.6524161994214,1570.86684554636,73.78557065306131,-9.223196331632664,True
2892,2023,F,2,2,8,1730.7504596078936,1654.7529326575452,75.9975269503484,-9.49969086879355,True
2895,2023,M,2,2,8,1699.4497031724977,1630.366905798585,69.08279737391263,-8.635349671739078,True
2896,2023,M,2,2,8,1813.4189115491179,1742.8782953543384,70.54061619477943,-8.817577024347429,True
2899,2023,M,2,2,8,1917.9988950463323,1817.1537823370186,100.84511270931375,-12.60563908866422,True
2900,2023,M,2,2,8,2001.1035237661818,1948.7332068574115,52.37031690877029,-6.5462896135962865,True
2905,2023,M,4,4,43,1902.9135644945668,1823.7427952353803,79.1707692591865,-1.8411806804461976,True
2906,2023,M,2,2,28,1976.3401168610048,1908.0455647882245,68.29455207278033,-2.4390911454564406,True
2921,2023,F,2,2,7,1397.0895244713258,1601.7671394395225,-204.67761496819662,29.239659281170947,False
2922,2023,F,2,2,7,1431.4238504509462,1514.7771521556112,-83.353301704665,11.907614529237858,False
2924,2023,F,2,2,7,1475.8798563436342,1565.735641528889,-89.85578518525472,12.836540740750674,False
2925,2023,F,2,2,7,1482.5284107963353,1615.0716318301397,-132.54322103380446,18.934745861972065,False
2927,2023,F,2,2,7,1502.275609842418,1556.361202446069,-54.085592603651094,7.726513229093014,False
2928,2023,F,2,2,7,1508.3287713590562,1656.1989786781012,-147.870207319045,21.12431533129214,False
2929,2023,F,2,2,7,1520.0381657682908,1574.1245626568484,-54.0863968885576,7.7266281269368005,False
2930,2023,F,2,2,7,1531.0529350854524,1615.9249461569093,-84.87201107145688,12.124573010208126,False
2931,2023,F,2,2,7,1536.510703666028,1629.9385307345608,-93.4278270685329,13.346832438361844,False
2932,2023,F,2,2,7,1554.8686525279638,1666.522880180848,-111.65422765288417,15.950603950412026,False
2933,2023,F,2,2,7,1566.3795826251776,1627.9674948248398,-61.58791219966224,8.79827317138032,False
2935,2023,F,2,2,7,1601.6069980088923,1748.7174813185472,-147.1104833096549,21.0157833299507,False
2936,2023,F,2,2,7,1637.8267349527118,1743.3091510784589,-105.48241612574702,15.068916589392432,False
2938,2023,F,2,2,7,1658.566255558899,1757.635216958871,-99.06896139997207,14.152708771424582,False
2939,2023,F,2,2,7,1667.0009888197883,1750.1597027159044,-83.15871389611607,11.879816270873723,False
2940,2023,F,2,2,7,1689.1297596101217,1852.0766814624596,-162.94692185233794,23.278131693191135,False
2942,2023,F,2,2,7,1947.7287581733915,2041.8129247964062,-94.08416662301465,13.440595231859236,False
2943,2023,F,2,2,7,2046.0678247797616,2099.7421509235755,-53.674326143813914,7.667760877687702,False
2944,2023,M,2,2,7,1491.0806653358163,1622.8562955045034,-131.77563016868703,18.82509002409815,False
2945,2023,M,2,2,7,1511.9794799737742,1657.6371359810569,-145.65765600728264,20.80823657246895,False
2946,2023,M,2,2,7,1536.4609485496676,1648.4021801315237,-111.94123158185607,15.991604511693724,False
2947,2023,M,2,2,7,1552.3838549404925,1673.4488779558665,-121.06502301537398,17.295003287910568,False
2949,2023,M,2,2,7,1567.212061516948,1674.8091619931624,-107.59710047621434,15.371014353744906,False
2951,2023,M,2,2,7,1575.372551042246,1732.3279613316756,-156.95541028942966,22.422201469918523,False
2952,2023,M,2,2,7,1579.8508684646656,1701.6529323071443,-121.80206384247867,17.400294834639812,False
2953,2023,M,2,2,7,1586.4190673508808,1749.7994994253875,-163.38043207450664,23.34006172492952,False
2954,2023,M,2,2,7,1594.2810023813508,1716.1043902446575,-121.8233878633066,17.403341123329515,False
2955,2023,M,2,2,7,1605.3275186899855,1688.025132594049,-82.69761390406347,11.813944843437639,False
2956,2023,M,2,2,7,1615.7769260089644,1743.6595017524548,-127.8825757434904,18.2689393919272,False
2959,2023,M,2,2,7,1652.399610707862,1774.2222137463837,-121.82260303852172,17.403229005503103,False
2961,2023,M,2,2,7,1671.4075802119091,1792.5673287447812,-121.15974853287207,17.30853550469601,False
2962,2023,M,2,2,7,1673.796016170533,1736.9204799163088,-63.124463745775756,9.017780535110822,False
2963,2023,M,2,2,7,1674.094570665361,1764.038802971763,-89.944232306402,12.849176043771715,False
2964,2023,M,2,2,7,1675.786379469386,1812.459922831479,-136.67354336209291,19.524791908870416,False
2965,2023,M,2,2,7,1679.2695152423792,1770.6280687671058,-91.35855352472663,13.051221932103804,False
2967,2023,M,2,2,7,1692.1073585199815,1817.8261809602623,-125.71882244028075,17.959831777182963,False
2968,2023,M,2,2,7,1696.7847122722865,1777.2422939025823,-80.45758163029586,11.493940232899408,False
2969,2023,M,2,2,7,1698.8745937360823,1795.4750918703778,-96.60049813429555,13.80007116204222,False
2970,2023,M,2,2,7,1709.9211100447174,1846.4420644237487,-136.5209543790313,19.502993482718757,False
2971,2023,M,2,2,7,1723.853653136689,1859.6829943647692,-135.82934122808024,19.404191604011462,False
2972,2023,M,2,2,7,1737.5871598987756,1842.9477568050063,-105.36059690623074,15.051513843747248,False
2973,2023,M,2,2,7,1743.5582497953349,1901.0406209665987,-157.48237117126382,22.497481595894833,False
2976,2023,M,2,2,7,1774.4088809275584,1897.5213540077225,-123.11247308016414,17.58749615430916,False
2977,2023,M,2,2,7,1804.4633667402404,1933.4877631406353,-129.02439640039483,18.432056628627834,False
2979,2023,M,2,2,7,1821.2819366155493,1983.0070939662419,-161.7251573506926,23.103593907241798,False
2981,2023,M,2,2,7,1841.2850877690232,1995.062455250903,-153.77736748187976,21.96819535455425,False
2982,2023,M,2,2,7,1848.3508774799516,1970.1655134673636,-121.81463598741198,17.402090855344568,False
2985,2023,M,2,2,7,1871.0410190868774,2090.6317686235075,-219.59074953663003,31.370107076661434,False
2986,2023,M,2,2,7,1882.5851262202257,1971.7878705760654,-89.20274435583974,12.743249193691392,False
2987,2023,M,2,2,7,2003.3006602956673,2088.6225417427304,-85.3218814470631,12.1888402067233,False
2988,2023,M,2,2,7,2013.2524767899329,2079.4624639135986,-66.20998712366577,9.45856958909511,False
2989,2023,M,2,2,7,2029.3744195106433,2185.052952349954,-155.67853283931072,22.239790405615818,False
2990,2023,M,2,2,7,2148.4976629470025,2198.0068498794344,-49.50918693243193,7.072740990347419,False
2991,2023,M,2,2,7,2253.8873996212756,2534.558592244595,-280.67119262331926,40.09588466047418,False
2994,2023,M,2,2,14,1800.2353195971998,1831.1429197992375,-30.907600202037656,2.2076857287169753,False
2995,2023,M,2,2,14,1903.5699828553807,1989.609028067207,-86.0390452118263,6.1456460865590214,False
2996,2023,F,2,2,7,1471.0854029850013,1445.4371724372547,25.648230547746607,-3.6640329353923726,True
18825,2024,F,2,2,35,1612.0511276476927,1481.3649196519264,130.68620799576638,-3.7338916570218967,True
2999,2023,F,2,2,7,1748.473732173885,1678.3209285602113,70.15280361367377,-10.021829087667681,True
3000,2023,F,2,2,7,1752.8140900986048,1688.207503112601,64.60658698600378,-9.229512426571969,True
3002,2023,F,2,2,7,1784.5776185476873,1804.8491099529158,-20.271491405228517,2.895927343604074,False
3003,2023,F,2,2,14,1818.7086149557078,2298.1504525843175,-479.4418376286096,34.24584554490069,False
3006,2023,F,2,2,14,2006.0345172066643,2409.1703284191417,-403.1358112124774,28.795415086605527,False
3008,2023,F,2,2,7,2175.7030542638763,2015.5629716250594,160.14008263881692,-22.87715466268813,True
3011,2023,M,2,2,7,1822.9520940408584,1776.921226888067,46.030867152791416,-6.575838164684488,True
1752,2024,F,3,3,35,1593.861894223054,1483.8218097724355,110.04008445061845,-3.144002412874813,True
3014,2023,M,2,2,7,1978.5795775074496,1917.0862587747372,61.493318732712396,-8.784759818958914,True
3015,2023,M,2,2,7,2012.505974410179,1646.4399614494073,366.0660129607718,-52.29514470868168,True
3016,2023,M,2,2,14,2050.57454767894,2252.8411217131347,-202.26657403419495,14.447612431013924,False
3017,2023,M,2,2,14,2061.8175978153095,2045.633604606311,16.183993208998345,-1.1559995149284532,True
3021,2023,M,2,2,14,2315.3779653644897,2238.096753797564,77.28121156692578,-5.520086540494698,True
3024,2023,M,2,2,7,2573.869495254183,2545.6325841012876,28.236911152895573,-4.033844450413653,True
3028,2023,F,2,2,7,1553.4379968749574,1523.1627543813659,30.275242493591577,-4.325034641941654,True
3030,2023,F,2,2,7,1593.3721356121027,1855.8100221028035,-262.43788649070075,37.49112664152868,False
3032,2023,F,2,2,7,1658.265111059964,1644.7498248860215,13.515286173942513,-1.9307551677060732,True
3033,2023,F,2,2,7,1673.2404130863936,1674.3642400521094,-1.123826965715807,0.16054670938797244,False
3035,2023,F,2,2,7,1689.2140685812517,1744.121084958859,-54.907016377607306,7.843859482515329,False
3036,2023,F,2,2,7,1695.2041893918235,1877.7658815574719,-182.5616921656483,26.08024173794976,False
3038,2023,F,2,2,7,1728.1498538499686,1883.6447728868643,-155.49491903689568,22.213559862413668,False
3041,2023,F,2,2,7,1764.0905787133995,1785.263326150098,-21.1727474366985,3.024678205242643,False
3052,2023,M,2,2,7,1746.075660996398,1723.7888962058353,22.286764790562756,-3.183823541508965,True
3053,2023,M,2,2,7,1752.0656289586498,1650.3355617487352,101.73006720991452,-14.532866744273504,True
3054,2023,M,2,2,7,1765.043892876862,1755.2717531822077,9.772139694654243,-1.3960199563791775,True
3058,2023,M,2,2,7,1805.9753406189159,1812.368798654441,-6.3934580355251,0.9133511479321571,False
3064,2023,M,2,2,7,1916.7897479205742,1873.7848642009178,43.00488371965639,-6.14355481709377,True
3066,2023,M,2,2,7,1921.7813878891172,1885.5421966252472,36.23919126387,-5.17702732341,True
3079,2023,M,2,2,7,2062.5456350020345,1861.877565801788,200.66806920024646,-28.66686702860664,True
3083,2023,M,2,2,7,2247.2363138381315,2058.562940617976,188.67337322015555,-26.953339031450792,True
3085,2023,M,2,2,7,2390.9955449321747,2367.672807875988,23.322737056186725,-3.3318195794552463,True
19603,2024,F,2,2,28,1556.2680253521737,1483.8417844888622,72.42624086331148,-2.5866514594039813,True
829,2024,F,4,4,42,1503.8477891168757,1484.7706088027132,19.077180314162433,-0.4542185789086294,True
819,2024,F,3,3,42,1444.6799438328733,1485.7993066986987,-41.11936286582545,0.9790324491863203,False
18820,2024,F,3,3,35,1558.9385660477462,1489.0152360434301,69.92333000431609,-1.9978094286947452,True
3089,2023,M,2,2,13,1694.0028076254573,1715.4580590836263,-21.45525145816896,1.650403958320689,False
1744,2024,F,3,3,35,1605.7455267271512,1489.85417413336,115.89135259379123,-3.3111815026797493,True
3094,2023,M,2,2,13,2208.866355256322,2307.3952830007474,-98.52892774442535,7.579148288032719,False
1108,2023,F,2,2,35,1760.2437307291343,1808.8436855296386,-48.59995480050429,1.3885701371572654,False
3028,2024,F,4,4,42,1508.1804459797775,1500.8502555263697,7.330190453407795,-0.174528344128757,True
18726,2025,F,2,2,7,1371.855382190936,1402.9147857723754,-31.059403581439256,4.437057654491322,False
2074,2024,F,4,4,42,1512.986987187059,1511.2770575012128,1.7099296858461912,-0.040712611567766455,True
3359,2023,F,2,2,29,1405.2775408537632,1352.1908512979262,53.08668955583698,-1.8305755019254133,True
3360,2023,F,3,3,43,1465.8822590723444,1393.1581940498581,72.72406502248623,-1.6912573261043309,True
3371,2023,F,2,2,43,1677.5609754599568,1591.132206547359,86.42876891259789,-2.009971370060416,True
3373,2023,F,2,2,42,1530.7951365595586,1600.0537181881657,-69.25858162860709,1.6490138483001688,False
3379,2023,F,2,2,43,1777.3363722264048,1652.4091666577385,124.9272055686663,-2.9052838504341,True
3386,2023,M,3,3,43,1610.1079339939804,1651.2025253305055,-41.09459133652513,0.9556881706168634,False
3388,2023,M,2,2,42,1710.5444813771826,1721.4042446473102,-10.859763270127587,0.2585657921458949,False
3390,2023,M,2,2,42,1660.7569179995794,1738.0545249159884,-77.297606916409,1.8404192122954524,False
3393,2023,M,2,2,43,1796.713768917512,1854.8253076843764,-58.11153876686444,1.3514311341131267,False
3402,2023,M,2,2,42,1873.6719684438,1936.455445178428,-62.78347673462781,1.4948446841578051,False
3405,2023,M,3,3,43,2029.7679428596743,2002.8576381734672,26.910304686207155,-0.6258210392141199,True
3406,2023,M,2,2,42,1821.541460907251,2009.1338190871684,-187.59235817991748,4.466484718569464,False
3407,2023,M,3,3,43,2125.248890970891,2011.7994553547942,113.44943561609671,-2.6383589678162025,True
3409,2023,M,2,2,42,1792.840394960162,2034.3380067818102,-241.4976118216482,5.749943138610671,False
3410,2023,M,2,2,42,1844.8732798234219,2056.21014914192,-211.33686931849797,5.031830221868999,False
1742,2024,F,3,3,35,1544.6297024203634,1518.8374876687951,25.79221475156828,-0.7369204214733794,True
68,2025,F,4,4,36,1509.265717411632,1518.0682682992317,-8.802550887599637,0.24451530243332323,False
27188,2025,F,3,3,21,1545.275289673435,1566.0809251988976,-20.80563552546255,0.9907445488315499,False
1759,2024,F,2,2,35,1573.0049065628007,1534.6275010042611,38.37740555853952,-1.0964973016725577,True
3456,2023,M,2,2,15,2246.1237290569293,2101.8587942576887,144.26493479924056,-9.617662319949371,True
3460,2023,F,2,2,14,1896.054202528215,2104.07571877072,-208.02151624250496,14.858679731607497,False
3461,2023,F,2,2,14,1915.3302135094827,1898.4854826838748,16.84473082560794,-1.2031950589719957,True
18829,2024,F,2,2,35,1631.210453521646,1541.418904589408,89.79154893223813,-2.565472826635375,True
245,2025,F,4,4,36,1593.5978124505646,1635.631456814733,-42.03364436416837,1.1676012323380103,False
18823,2024,F,2,2,35,1604.896695834001,1545.2340754269464,59.662620407054646,-1.7046462973444185,True
1763,2024,F,2,2,14,1695.8532011994796,1548.7995623091485,147.05363889033106,-10.503831349309362,True
18818,2024,F,2,2,35,1545.1147486450204,1548.879461174856,-3.764712529835606,0.10756321513816017,False
72,2025,F,3,3,21,1536.0986567422017,1570.3080272565796,-34.20937051437795,1.6290176435418071,False
18600,2024,F,2,2,42,1525.4627178860392,1549.3089175780344,-23.846199691995253,0.5677666593332203,False
27189,2025,F,3,3,21,1563.2800758043368,1632.2652659877458,-68.98519018340903,3.285009056352811,False
3975,2025,F,2,2,13,1895.278086513182,1858.7171619349915,36.56092457819045,-2.8123788137069576,True
1,2025,M,2,2,13,2374.0078484473643,2069.1550275346312,304.852820912733,-23.450216993287157,True
1791,2024,F,3,3,42,1623.0248661738806,1549.7283866229996,73.29647955088103,-1.745154275020977,True
1764,2024,F,2,2,35,1594.8319866723677,1551.6958961910493,43.13609048131843,-1.2324597280376695,True
3349,2025,M,3,3,28,2061.362832489268,2080.6408268337364,-19.277994344468425,0.6884997980167294,False
1746,2024,F,2,2,35,1636.667223549038,1558.3574641194211,78.30975942961686,-2.237421697989053,True
27960,2025,M,2,2,13,2084.9306401438344,2107.9077034826146,-22.977063338780226,1.767466410675402,False
18828,2024,F,3,3,35,1621.5095290285053,1559.4860355975413,62.02349343096398,-1.7720998123132565,True
18831,2024,F,4,4,35,1666.0125201407893,1561.7331911955678,104.27932894522155,-2.9794093984349015,True
18863,2024,F,2,2,35,2240.1859885785675,1568.1750372432437,672.0109513353239,-19.200312895294967,True
3035,2024,F,2,2,14,1671.0556578254696,1570.3722560502029,100.6834017752667,-7.191671555376193,True
3033,2024,F,2,2,35,1691.3561853791198,1572.9989312603407,118.35725411877911,-3.3816358319651174,True
18826,2024,F,4,4,35,1613.0212200970068,1575.6955179779725,37.325702119034304,-1.0664486319724087,True
18832,2024,F,3,3,35,1668.6802743764028,1581.3283880103588,87.35188636604403,-2.495768181886972,True
1741,2024,F,3,3,28,1630.2159874940144,1582.307149115277,47.9088383787373,-1.7110299420977608,True
1762,2024,F,3,3,35,1705.1800027818458,1582.4469721302653,122.73303065158052,-3.5066580186165863,True
18601,2024,F,3,3,42,1531.971374289461,1588.2096778194266,-56.238303529965606,1.339007226903943,False
1756,2024,F,3,3,35,1658.615565214769,1598.2969096150123,60.31865559975677,-1.7233901599930506,True
841,2024,F,3,3,42,1756.6795935071448,1599.065936197448,157.6136573096967,-3.7527061264213497,True
18603,2024,F,2,2,42,1596.361618470711,1599.4953926006265,-3.133774129915537,0.07461366975989374,False
18609,2024,F,3,3,42,1700.1809743261804,1601.6826240493724,98.49835027680797,-2.3451988161144754,True
3193,2024,F,4,4,35,1713.5470501571795,1607.9247229327793,105.62232722440012,-3.0177807778400036,True
3040,2024,F,2,2,35,1657.7667343216192,1608.9034840376976,48.863250283921616,-1.3960928652549034,True
1765,2024,F,4,4,35,1699.359448085961,1610.2517773965133,89.10767068944779,-2.545933448269937,True
22577,2024,F,2,2,14,1774.24929013129,1623.9444455071548,150.30484462413528,-10.736060330295377,True
2086,2024,F,2,2,35,1644.670486255879,1625.5024733884532,19.168012867425887,-0.5476575104978825,True
18836,2024,F,3,3,35,1720.701481970871,1629.0080361213745,91.69344584949658,-2.6198127385570453,True
18835,2024,F,4,4,35,1704.4524334448602,1637.896784931346,66.55564851351414,-1.9015899575289754,True
27422,2025,F,3,3,34,1536.5069111437624,1552.5055503439182,-15.998639200155822,0.47054821176928885,False
28526,2025,F,2,2,14,1709.428292392473,1632.458639111389,76.96965328108399,-5.497832377220285,True
27427,2025,F,3,3,34,1707.4095748722852,1620.3958913048255,87.0136835674598,-2.559225987278229,True
28527,2025,F,2,2,14,1757.8879431188632,1693.7692994505344,64.11864366832879,-4.5799031191663415,True
2820,2025,F,2,2,9,1752.4283149442915,1764.2759412219739,-11.847626277682366,1.3164029197424851,False
27439,2025,F,2,2,20,2015.3260360556537,2080.6155496118417,-65.28951355618801,3.2644756778094006,False
27446,2025,M,4,4,34,1576.4175326636357,1635.0156598042568,-58.598127140621045,1.7234743276653248,False
27445,2025,M,4,4,34,1575.0819293543202,1622.5513701491045,-47.469440794784305,1.396160023376009,False
2345,2025,M,2,2,14,1743.8268025266368,1657.6508098180134,86.17599270862343,-6.155428050615959,True
3140,2025,M,2,2,14,1800.9427692255908,1719.3739721903273,81.56879703526351,-5.8263426453759655,True
27460,2025,M,3,3,34,1822.0003544942344,1759.1599847695736,62.84036972466083,-1.8482461683723774,True
27476,2025,M,3,3,34,2044.3634654584423,1763.8465576799108,280.5169077785315,-8.250497287603867,True
1234,2025,M,3,3,20,1735.7995275752476,1888.7328579294197,-152.93333035417209,7.646666517708605,False
1290,2025,M,3,3,34,1859.5654342384546,1764.843700852323,94.72173338613152,-2.785933334886221,True
27459,2025,M,3,3,20,1811.2957413040192,1948.9439246243523,-137.64818332033315,6.882409166016657,False
27468,2025,M,3,3,34,1908.1715013396806,1848.7034416521876,59.468059687492996,-1.7490605790439115,True
1286,2025,M,4,4,34,1954.8879370921718,1916.908034645181,37.979902446990764,-1.1170559543232577,True
27467,2025,M,2,2,20,1868.380416079935,1944.1282259085644,-75.74780982862944,3.787390491431472,False
1750,2024,F,3,3,35,1738.1631460585247,1643.4497560980249,94.71338996049985,-2.7060968560142817,True
1268,2025,M,3,3,34,1979.9280258023696,1914.8140339831152,65.11399181925435,-1.9151174064486574,True
27482,2025,M,3,3,34,2321.753432766436,2391.049613127174,-69.29618036073771,2.038122951786403,False
18851,2024,F,3,3,35,1849.9663008419739,1644.7481126657735,205.21818817620033,-5.863376805034295,True
18839,2024,F,3,3,35,1752.8357943544004,1647.8941305030107,104.94166385138965,-2.998333252896847,True
1800,2024,F,3,3,42,1774.4744341940627,1647.9240925776512,126.55034161641152,-3.0131033718193216,True
18610,2024,F,3,3,42,1781.582699359761,1651.3497564448649,130.23294291489606,-3.1007843551165726,True
18607,2024,F,3,3,42,1657.628094422681,1654.385913341754,3.242181080926912,-0.07719478764111695,True
835,2024,F,2,2,28,1757.302584450209,1656.4333217755116,100.86926267469744,-3.60247366695348,True
22581,2024,F,2,2,14,1898.077665357171,1657.9014634328887,240.1762019242824,-17.1554429945916,True
1769,2024,F,4,4,35,1791.2757076584712,1660.0687201652077,131.20698749326357,-3.748771071236102,True
2415,2024,F,2,2,35,1974.0444197529448,1720.3993701906024,253.64504956234236,-7.247001416066925,True
2418,2024,F,2,2,35,1990.8933671682373,1745.088858287777,245.8045088804604,-7.022985968013154,True
16169,2024,F,3,3,35,2041.114100754463,1806.5139153682467,234.60018538621625,-6.702862439606179,True
16171,2024,F,2,2,35,2073.9423724926455,1805.3192627183837,268.6231097742618,-7.674945993550338,True
2412,2024,F,2,2,35,2098.183116193356,1996.8619042464618,101.32121194689421,-2.894891769911263,True
2423,2024,F,2,2,35,2122.7499685537173,1891.3342535085392,231.4157150451781,-6.611877572719375,True
662,2024,F,2,2,35,2140.577241947962,1821.6461822665149,318.9310596814473,-9.112315990898495,True
16175,2024,F,2,2,7,2172.861999253393,2254.444665048149,-81.58266579475594,11.654666542107991,False
4251,2024,F,2,2,35,2218.6259144910578,1885.5600990342,333.06581545685776,-9.516166155910222,True
16176,2024,F,2,2,35,2230.148420465386,1896.710190432924,333.4382300324621,-9.52680657235606,True
16177,2024,F,2,2,35,2262.650583543918,1915.5259696682704,347.1246138756476,-9.917846110732787,True
17562,2024,F,3,3,35,1798.672662584491,1686.665055087628,112.0076074968631,-3.2002173570532313,True
855,2024,F,4,4,42,1740.1806814354698,1702.874537468059,37.30614396741066,-0.8882415230335872,True
1804,2024,F,4,4,42,1863.0714643749623,1707.828267141931,155.2431972330312,-3.696266600786457,True
1796,2024,F,4,4,35,1794.307246562578,1714.25013847318,80.05710808939807,-2.2873459454113734,True
6870,2024,F,2,2,42,1675.0360907468398,1718.1352208182127,-43.09913007137288,1.0261697636041163,False
18837,2024,F,2,2,35,1721.3077897516923,1720.3024775505314,1.0053122011609048,-0.028723205747454423,True
861,2024,F,3,3,42,1992.6836681173936,1725.8854107918507,266.79825732554286,-6.352339460131973,True
19610,2024,F,2,2,28,1886.3620523631305,1730.9090519732165,155.453000389914,-5.551892871068357,True
3046,2024,F,2,2,14,1905.7858173939114,1736.8015933191527,168.98422407475869,-12.07030171962562,True
3198,2024,F,2,2,35,1757.9287797132993,1739.1286477828867,18.80013193041259,-0.5371466265832169,True
1783,2024,F,3,3,28,1919.62326874413,1740.506903216343,179.1163655277869,-6.397013054563819,True
1781,2024,F,4,4,35,1817.5894653461162,1741.6154999780363,75.97396536807992,-2.170684724802283,True
18271,2024,F,3,3,42,1879.0481365569124,1741.985032231934,137.06310432497844,-3.26340724583282,True
1760,2024,F,3,3,42,1844.8124104527333,1757.6352225524117,87.17718790032154,-2.0756473309600367,True
18844,2024,F,3,3,35,1810.0712488639317,1759.5727700458212,50.49847881811047,-1.442813680517442,True
18849,2024,F,2,2,35,1831.898328973499,1759.5927447622482,72.30558421125079,-2.0658738346071654,True
6867,2024,F,4,4,42,1957.432475560972,1792.0816210306048,165.35085453036731,-3.9369251078658882,True
18854,2024,F,3,3,35,1893.4991995049438,1829.54420168926,63.95499781568378,-1.8272856518766796,True
18860,2024,F,3,3,35,2065.3268245897025,1829.5741637639003,235.7526608258022,-6.735790309308634,True
2085,2024,F,4,4,35,1581.978261718956,1842.138260396422,-260.1599986774661,7.433142819356174,False
3036,2024,F,3,3,35,1775.1479206886247,1846.1332036818023,-70.98528299317763,2.028150942662218,False
1797,2024,F,2,2,35,1869.6106729405842,1846.302988771431,23.307684169153163,-0.6659338334043761,True
18856,2024,F,3,3,35,1962.7395480747368,1872.399955783179,90.33959229155789,-2.5811312083302256,True
18612,2024,F,2,2,42,1976.2427827001327,1875.106529859024,101.13625284110867,-2.408006020026397,True
3537,2024,F,3,3,35,1905.1403088967127,1878.362408636609,26.777900260103706,-0.7650828645743916,True
839,2024,F,4,4,42,1568.4991532429876,1886.3522952073702,-317.85314196438253,7.567931951532917,False
18613,2024,F,3,3,42,2182.885370176967,1899.6055195566198,283.27985062034736,-6.744758348103509,True
867,2024,M,4,4,42,1518.94297218547,1518.376657670447,0.5663145150228956,-0.013483678929116564,True
18841,2024,F,3,3,35,1801.7042014885978,1715.4586088170079,86.24559267158997,-2.4641597906168564,True
845,2024,F,2,2,28,1670.2385003196762,1716.037875593388,-45.7993752737118,1.6356919740611358,False
591,2024,F,2,2,7,1687.6123136929775,1569.0630990593024,118.54921463367509,-16.935602090525013,True
3100,2024,F,2,2,35,1700.1131456462592,1614.7721650651915,85.3409805810677,-2.4383137308876486,True
2390,2024,F,3,3,35,1715.8750641960485,1571.665115282625,144.20994891342343,-4.120284254669241,True
589,2024,F,2,2,7,1721.2015056370117,1703.1785483085055,18.02295732850621,-2.5747081897866013,True
604,2024,F,2,2,35,1743.1594887201668,1537.5179603740332,205.64152834613355,-5.875472238460959,True
588,2024,F,2,2,7,1747.0727926359766,1654.9671123038902,92.10568033208642,-13.157954333155203,True
5685,2024,F,2,2,35,1783.8143682899686,1647.9237760988974,135.89059219107116,-3.882588348316319,True
2409,2024,F,3,3,35,1908.17047050348,1717.9105105033873,190.25996000009263,-5.435998857145504,True
16165,2024,F,3,3,35,1911.2141513268878,1639.5612075498545,271.6529437770332,-7.761512679343806,True
16166,2024,F,3,3,35,1936.6506267796515,1713.6296718413773,223.02095493827414,-6.37202728395069,True
1809,2024,M,4,4,35,1545.0278392710318,1524.8584897605622,20.1693495104696,-0.5762671288705601,True
1815,2024,M,2,2,35,1547.717096082553,1566.0965247375816,-18.379428655028505,0.5251265330008145,False
868,2024,M,4,4,42,1586.3946707691346,1574.2162928258151,12.178377943319447,-0.28996137960284396,True
885,2024,M,2,2,35,1624.5103183671047,1575.2449965319506,49.265321835154054,-1.4075806238615445,True
18865,2024,M,2,2,35,1594.2312787114577,1577.6819256998829,16.549353011574794,-0.47283865747356557,True
866,2024,M,3,3,42,1574.6074623861118,1578.4010195527155,-3.793557166603705,0.0903227896810406,False
1813,2024,M,2,2,35,1627.7971878034084,1582.5258217918797,45.2713660115287,-1.2934676003293915,True
1817,2024,M,5,5+,42,1601.1358979061067,1591.8041299763436,9.331767929763146,-0.22218495070864633,True
22565,2024,M,2,2,14,1653.67738377439,1593.991373778709,59.686009995680934,-4.263286428262924,True
2113,2024,M,2,2,14,1653.5179797394692,1598.6554964074978,54.86248333197136,-3.9187488094265257,True
18869,2024,M,4,4,35,1708.4748921490464,1599.1448797240087,109.3300124250377,-3.1237146407153626,True
1814,2024,M,4,4,42,1632.677505317983,1600.722891234391,31.954614083592105,-0.7608241448474311,True
882,2024,M,3,3,35,1654.689755918621,1606.2159692768616,48.47378664175926,-1.384965332621693,True
891,2024,M,3,3,42,1677.2860751658961,1614.0560897556602,63.22998541023594,-1.5054758431008557,True
4482,2024,M,2,2,42,1632.215639193587,1614.9050199985877,17.31061919499939,-0.41215759988093786,True
5025,2024,M,3,3,42,1619.100565702926,1615.1247431202864,3.9758225826394664,-0.09466244244379682,True
1847,2024,M,3,3,35,1683.375161908181,1616.6528175575554,66.72234435062569,-1.9063526957321626,True
3205,2024,M,2,2,35,1650.0084570244915,1619.1696460424694,30.838810982022096,-0.8811088852006314,True
2110,2024,M,2,2,35,1652.8969180442734,1620.7776197967196,32.11929824755384,-0.9176942356443956,True
5013,2024,M,4,4,42,1634.1208369567203,1622.815052379745,11.305784576975157,-0.2691853470708371,True
18555,2024,M,2,2,42,1578.6199243418018,1622.8649894528585,-44.24506511105665,1.0534539312156344,False
2111,2024,M,3,3,35,1626.6019625538434,1626.2407355953221,0.3612269585212289,-0.010320770243463681,True
18867,2024,M,2,2,35,1654.9885622310123,1635.04963529252,19.938926938492386,-0.5696836268140681,True
3543,2024,M,4,4,42,1682.8092242367982,1638.7449787029095,44.06424553388865,-1.049148703187825,True
2114,2024,M,3,3,42,1687.6203296992562,1639.3342361656473,48.28609353360889,-1.1496688936573545,True
1835,2024,M,4,4,35,1681.0843135131818,1641.2518197732004,39.83249373998137,-1.1380712497137535,True
1863,2024,M,4,4,42,1726.9463057493901,1648.3328967406762,78.61340900871392,-1.8717478335408075,True
2112,2024,M,3,3,35,1657.8770232507943,1652.5076360529536,5.3693871978407515,-0.15341106279545005,True
22566,2024,M,2,2,14,1692.0240169250633,1655.9133444392853,36.11067248577797,-2.5793337489841406,True
2122,2024,M,2,2,28,1697.620064853014,1657.7510287298574,39.86903612315655,-1.423894147255591,True
3051,2024,M,2,2,14,1751.7108652507798,1667.8982419864938,83.812623264286,-5.986615947449001,True
2116,2024,M,3,3,35,1721.7219719983918,1674.190313198778,47.53165879961375,-1.3580473942746787,True
18870,2024,M,3,3,35,1719.0327151868707,1675.328878465763,43.70383672110779,-1.2486810491745084,True
18566,2024,M,3,3,42,1870.451959483595,1675.3788155388763,195.0731439447186,-4.6445986653504425,True
18559,2024,M,3,3,42,1668.8570183956692,1676.2077709525581,-7.350752556888892,0.1750179180211641,False
1827,2024,M,4,4,35,1688.9528797394846,1678.1253545601114,10.827525179373197,-0.30935786226780565,True
18561,2024,M,4,4,42,1686.7062196613892,1681.2114656785177,5.4947539828715435,-0.1308274757826558,True
1856,2024,M,3,3,35,1743.8336391153443,1686.2251478190997,57.608491296244665,-1.645956894178419,True
18873,2024,M,2,2,35,1730.1881508494773,1696.502197465831,33.68595338364639,-0.9624558109613255,True
19635,2024,M,2,2,28,1953.5895408809565,1697.0315304408327,256.5580104401238,-9.162786087147278,True
18568,2024,M,2,2,42,1907.516715966373,1698.6994286828192,208.81728728355392,-4.9718401734179505,True
18562,2024,M,4,4,42,1771.0545206292072,1700.3373646809378,70.71715594826946,-1.68374180829213,True
18872,2024,M,2,2,35,1728.2957108709995,1703.263677165381,25.03203370561846,-0.7152009630176703,True
1844,2024,M,4,4,35,1742.240005449258,1713.1612050564506,29.078800392807352,-0.8308228683659243,True
890,2024,M,4,4,42,1704.2378879665873,1715.717983199855,-11.480095233267775,0.2733356007920899,False
872,2024,M,4,4,42,1738.0407149458188,1652.218001028896,85.8227139169228,-2.0433979504029236,True
930,2024,M,4,4,42,1709.7033037719395,1676.727116512937,32.97618725900247,-0.7851473156905351,True
1857,2024,M,4,4,35,1720.4271446446965,1682.2501567992756,38.176987845420854,-1.0907710812977387,True
918,2024,M,3,3,35,1713.7538036679584,1647.294205619918,66.45959804804033,-1.898845658515438,True
909,2024,M,4,4,42,1892.4868225016537,1653.3365914666356,239.15023103501812,-5.694053119881384,True
878,2024,M,2,2,42,1598.9805226589253,1616.1834090702898,-17.20288641136449,0.4095925336039164,False
886,2024,M,3,3,42,1730.97801212693,1706.629435893222,24.348576233707945,-0.5797280055644749,True
880,2024,M,4,4,42,1624.806536781401,1611.649122831596,13.157413949805004,-0.31327176070964297,True
876,2024,M,3,3,42,1607.9772898737222,1605.6267118141238,2.3505780595983197,-0.055966144276150466,True
18877,2024,M,4,4,35,1764.25207046208,1721.3209228031749,42.93114765890505,-1.2266042188258586,True
874,2024,M,3,3,42,1759.228823402485,1726.1648188951715,33.064004507313484,-0.7872382025550829,True
19624,2024,M,2,2,28,1802.2459584926187,1733.6254176183088,68.62054087430988,-2.450733602653924,True
1837,2024,M,4,4,42,1769.0434785458997,1734.604184251331,34.439294294568754,-0.8199831974897323,True
18876,2024,M,3,3,35,1757.6783315894727,1737.4705722480383,20.20775934143444,-0.5773645526124126,True
18878,2024,M,3,3,35,1781.2840302683815,1743.652781899473,37.63124836890847,-1.0751785248259564,True
18882,2024,M,2,2,35,1823.6149245238087,1743.7826182895678,79.83230623424083,-2.2809230352640237,True
1858,2024,M,3,3,35,1733.475020285781,1747.517911358448,-14.042891072666862,0.40122545921905317,False
18874,2024,M,4,4,35,1739.1523402212147,1750.1945384773244,-11.042198256109714,0.3154913787459918,False
2359,2024,M,3,3,42,1884.8660314491194,1753.2107376933718,131.6552937557476,-3.1346498513273238,True
1870,2024,M,2,2,35,1773.4154640420784,1755.0484219839436,18.367042058134757,-0.5247726302324216,True
18571,2024,M,3,3,42,1929.76326762478,1756.6863579820622,173.07690964271774,-4.120878801017089,True
1823,2024,M,2,2,28,1904.9853661806362,1759.572720808015,145.41264537262123,-5.193308763307901,True
936,2024,M,4,4,42,1777.0972690900546,1761.6001659764174,15.497103113637195,-0.36897864556279036,True
1852,2024,M,3,3,35,1831.3838886459812,1768.1618973835143,63.22199126246687,-1.8063426074990534,True
1239,2024,M,3,3,42,1707.1038748079325,1769.669996991538,-62.56612218360556,1.4896695758001324,False
1876,2024,M,4,4,42,1834.012646710936,1773.405290060418,60.607356650517886,-1.4430323012028068,True
1853,2024,M,2,2,35,1866.3442271957576,1776.5313508373147,89.81287635844296,-2.566082181669799,True
19627,2024,M,2,2,28,1841.8621634759522,1776.9608096660895,64.90135380986271,-2.3179054932093828,True
3052,2024,M,2,2,35,1727.1004856214345,1777.5300922995818,-50.429606678147366,1.4408459050899247,False
18889,2024,M,2,2,35,1899.412125767056,1778.0094882014703,121.40263756558579,-3.4686467875881655,True
1874,2024,M,2,2,42,2468.0586133973843,1778.5488085910947,689.5098048062896,-16.416900114435467,True
2119,2024,M,4,4,35,1758.773954734907,1781.4851084901607,-22.71115375525369,0.6488901072929626,False
19626,2024,M,3,3,28,1834.3853578981953,1782.4439002939375,51.94145760425772,-1.8550520572949185,True
1836,2024,M,2,2,28,1898.6740335991474,1785.2503638029089,113.42366979623853,-4.050845349865662,True
4997,2024,M,2,2,28,1800.4286107696234,1786.7484759963097,13.680134773313739,-0.4885762419040621,True
2124,2024,M,4,4,35,1901.5037699537947,1788.4463364821645,113.05743347163025,-3.230212384903721,True
18887,2024,M,2,2,35,1877.2008565459732,1788.5961477015044,88.60470884446886,-2.5315631098419673,True
18563,2024,M,3,3,42,1806.7721675824973,1789.7247255538664,17.04744202863094,-0.4058914768721652,True
18581,2024,M,3,3,42,2094.5340075030504,1790.07428506566,304.4597224373904,-7.249041010414056,True
18883,2024,M,2,2,35,1824.7105476692432,1790.7734040892472,33.93714357999602,-0.9696326737141719,True
18573,2024,M,2,2,42,1931.6973320206882,1793.1104591109527,138.58687290973558,-3.2996874502317994,True
1811,2024,M,2,2,35,1602.2990491460218,1800.970554418997,-198.67150527297508,5.676328722085002,False
2120,2024,M,3,3,42,1854.4790893482334,1804.8756335364626,49.6034558117708,-1.181034662185019,True
5735,2024,M,4,4,42,1915.5512620886784,1805.0054699265572,110.54579216212119,-2.632042670526695,True
19628,2024,M,2,2,28,1852.3119128831745,1805.9942239742018,46.31768890897274,-1.6542031753204551,True
18884,2024,M,2,2,35,1825.7065687105473,1807.572235484584,18.134333225963246,-0.5181238064560928,True
19634,2024,M,2,2,28,1893.488666454732,1839.7716602280839,53.71700622664821,-1.9184645080945788,True
11399,2024,M,3,3,42,1818.828065486321,1840.8403135927101,-22.012248106389052,0.5241011453902156,False
18583,2024,M,3,3,42,2161.110084892548,1843.8764876380028,317.2335972545452,-7.553180887012981,True
19637,2024,M,3,3,28,1967.644355064772,1844.3259212960231,123.31843376874895,-4.40422977745532,True
924,2024,M,4,4,42,1912.9243985061762,1852.5156012866153,60.40879721956094,-1.438304695703832,True
1877,2024,M,4,4,42,1826.3341223928526,1854.9325556253027,-28.598433232450134,0.6809150769630984,False
19638,2024,M,2,2,28,1973.649504062495,1856.9899630375733,116.65954102492174,-4.16641217946149,True
5732,2024,M,3,3,35,1997.520198335517,1858.4281507432383,139.09204759227873,-3.9740585026365354,True
19640,2024,M,2,2,28,1996.8503182000795,1863.3719209814617,133.47839721861783,-4.767085614950637,True
1894,2024,M,3,3,35,1882.9777785855374,1864.6403226385414,18.337455946995988,-0.5239273127713139,True
18569,2024,M,3,3,42,1916.4749943374704,1865.689001173922,50.78599316354848,-1.209190313417821,True
18899,2024,M,3,3,35,2034.6717831761628,1871.2120414602603,163.4597417159025,-4.670278334740072,True
3216,2024,M,4,4,35,1938.3565484820492,1881.9285373503892,56.428011131660014,-1.6122288894760004,True
18885,2024,M,2,2,35,1859.0732735942372,1887.0021439787076,-27.92887038447043,0.7979677252705837,False
2373,2024,M,4,4,42,1888.1568275854413,1890.6675251452289,-2.510697559787559,0.05977851332827521,False
18888,2024,M,3,3,35,1879.3921028368422,1892.0258135339125,-12.633710697070228,0.3609631627734351,False
18115,2024,M,3,3,28,2063.865015485524,1898.098161624498,165.766853861026,-5.920244780750928,True
19636,2024,M,2,2,28,1963.7528604840106,1902.10311488819,61.649745595820605,-2.2017766284221643,True
1883,2024,M,4,4,35,1889.2527111457534,1918.2028272599396,-28.95011611418613,0.8271461746910322,False
19653,2024,M,2,2,28,2213.4110039304646,1920.010549306644,293.4004546238207,-10.478587665136454,True
2141,2024,M,4,4,35,2033.6757621348586,1922.477440718444,111.1983214164145,-3.177094897611843,True
18577,2024,M,3,3,42,2005.3072455962995,1925.913111348644,79.39413424765553,-1.8903365297060841,True
18585,2024,M,3,3,42,2182.1346157634903,1927.8606572000651,254.27395856342514,-6.054141870557741,True
19641,2024,M,3,3,28,2001.324549278975,1929.8781149538454,71.44643432512953,-2.551658368754626,True
1901,2024,M,4,4,42,2037.3492079762718,1931.5759754397,105.77323253657187,-2.5184102984898065,True
19648,2024,M,2,2,28,2178.792505185367,1948.4447187373958,230.34778644797143,-8.226706658856122,True
18894,2024,M,3,3,35,1966.7431481592182,1948.524618054377,18.218530104841193,-0.5205294315668912,True
1895,2024,M,2,2,35,2140.6484219709264,1959.5507237978088,181.09769817311758,-5.174219947803359,True
18578,2024,M,3,3,42,2005.9904225719688,1968.050013641704,37.940408930264766,-0.9033430697682088,True
926,2024,M,3,3,35,2001.4046803966035,1968.4894598851015,32.91522051150196,-0.9404348717571988,True
3073,2024,M,3,3,35,1892.738784790318,1969.2285285671794,-76.48974377686136,2.1854212507674675,False
899,2024,M,3,3,42,1790.2412092134907,1757.635162371216,32.606046842274736,-0.776334448625589,True
1859,2024,M,3,3,35,1763.7540599414278,1738.818873222099,24.93518671932884,-0.7124339062665382,True
18892,2024,M,3,3,35,1934.0736580044413,1863.581656688538,70.49200131590328,-2.0140571804543796,True
2121,2024,M,3,3,35,1763.1564473166454,1718.3546606602408,44.8017866564046,-1.2800510473258457,True
18895,2024,M,4,4,35,1983.675505861389,1981.2733506021239,2.4021552592651005,-0.0686330074075743,True
946,2024,M,3,3,28,2277.620664513026,1982.9012991856196,294.7193653274064,-10.525691618835944,True
19649,2024,M,3,3,28,2190.3089586908695,1988.8737731299786,201.4351855608909,-7.194113770031818,True
19644,2024,M,2,2,28,2085.01143654494,1996.4841830724558,88.52725347248406,-3.1616876240172878,True
18570,2024,M,3,3,42,1917.9953036636073,1998.1121316559515,-80.11682799234427,1.9075435236272444,False
3082,2024,M,2,2,35,2067.44087543507,1998.7812884356706,68.65958699939961,-1.9617024856971317,True
3231,2024,M,3,3,35,2142.7400661576658,2008.7587156437214,133.98135051394434,-3.828038586112695,True
1908,2024,M,3,3,28,2109.308585450201,2029.182978547089,80.12560690311193,-2.8616288179682834,True
895,2024,M,4,4,42,2192.4688702968506,2069.731881915144,122.7369883817064,-2.9223092471834855,True
18579,2024,M,3,3,42,2044.9699990288057,2084.0837967279263,-39.113797699120596,0.9312808975981094,False
19656,2024,M,2,2,28,2257.876761805052,2092.063741011442,165.81302079361012,-5.92189359977179,True
3084,2024,M,3,3,28,2250.923431386636,2113.4168334747183,137.50659791191765,-4.910949925425631,True
18910,2024,M,3,3,35,2299.8125843713333,2124.902360290793,174.9102240805405,-4.997434973729729,True
5006,2024,M,3,3,28,2171.1774231504255,2156.123018401271,15.0544047491544,-0.5376573124698,True
5001,2024,M,2,2,28,2280.7022541302786,2156.162968059761,124.53928607051739,-4.447831645375621,True
4999,2024,M,2,2,28,2428.6185557584026,2159.159192446564,269.45936331183884,-9.62354868970853,True
964,2024,M,4,4,42,2517.0452892161343,2190.859246458929,326.1860427572051,-7.766334351362026,True
1881,2024,M,2,2,14,2328.0660417640534,2213.4208160915496,114.64522567250378,-8.188944690893127,True
1906,2024,M,4,4,42,1782.8032401685302,2216.237267015143,-433.4340268466128,10.31985778206221,False
19657,2024,M,2,2,28,2290.9840964109194,2221.560559009028,69.42353740189128,-2.4794120500675456,True
18590,2024,M,3,3,42,2601.3647235511776,2302.3787181357034,298.9860054154742,-7.118714414654148,True
3559,2024,M,3,3,28,2425.211028777787,2304.695798328163,120.51523044962369,-4.304115373200846,True
19662,2024,M,2,2,28,2668.3800556263723,2572.7580068007233,95.62204882564902,-3.415073172344608,True
19666,2024,M,2,2,28,3212.221361732661,3244.9110109066573,-32.68964917399626,1.1674874704998663,False
4082,2025,M,4,4,29,1774.4332916137876,1782.288155593468,-7.854863979680431,0.27085737860967,False
21472,2025,M,3,3,21,1690.064926604797,1788.5550397109641,-98.4901131061672,4.690005386007962,False
950,2024,M,2,2,42,2229.754937630902,1990.7813693229089,238.97356830799322,-5.689846864476029,True
7624,2024,M,2,2,14,2065.7268512928854,1979.7552635794775,85.97158771340787,-6.140827693814848,True
2238,2025,F,5,5+,43,1327.1574367087924,1305.9373346430405,21.220102065751917,-0.49349074571516083,True
2245,2025,F,4,4,22,1475.2848502308393,1408.584779933078,66.70007029776139,-3.031821377170972,True
28018,2025,F,3,3,21,1448.8570119593817,1458.935364267073,-10.078352307691375,0.47992153846149405,False
2243,2025,F,3,3,14,1491.9126684468538,1425.8765643064626,66.03610414039122,-4.716864581456515,True
28021,2025,F,4,4,21,1557.9118153528204,1550.094366763188,7.817448589632477,-0.37225945664916554,True
20763,2025,F,2,2,7,1576.0427156305332,1548.3103479157157,27.73236771481743,-3.96176681640249,True
28531,2025,F,2,2,7,1565.800888431323,1609.5854479156746,-43.784559484351576,6.254937069193082,False
28414,2025,F,3,3,14,1858.406613223966,1841.650558262352,16.756054961613927,-1.1968610686867092,True
19504,2025,F,2,2,7,1498.840420281416,1460.9570234087892,37.88339687262692,-5.4119138389467025,True
28376,2025,F,3,3,14,1515.0851474684594,1540.4384389392271,-25.353291470767772,1.8109493907691265,False
7115,2025,F,2,2,7,1458.5650315750795,1462.8452067599058,-4.280175184826248,0.6114535978323212,False
28377,2025,F,3,3,14,1557.5713570345713,1585.108111121805,-27.536754087233703,1.9669110062309787,False
19506,2025,F,3,3,21,1422.7893015690074,1411.6242528621356,11.165048706871858,-0.531668986041517,True
19360,2025,F,3,3,21,1457.1557212596883,1462.692077827763,-5.536356568074552,0.2636360270511692,False
19524,2025,F,3,3,22,1633.6069120608022,1477.9506735688396,155.65623849196254,-7.075283567816479,True
2061,2025,F,5,5+,29,1635.7522888555332,1682.6946157256625,-46.942326870129364,1.618700926556185,False
1671,2025,F,4,4,22,1645.0164159236908,1578.223147320249,66.7932686034419,-3.0360576637928136,True
2064,2025,F,4,4,29,1956.6811539219193,1858.9666598311564,97.71449409076286,-3.3694653134745813,True
28029,2025,F,2,2,14,1835.5768653536613,1795.463610769784,40.11325458387728,-2.8652324702769483,True
27226,2025,F,4,4,29,1935.5199373557066,1759.0909079012538,176.4290294544528,-6.083759636360441,True
8146,2025,M,5,5+,29,1557.1236772645118,1540.6953733353637,16.428303929148115,-0.5664932389361419,True
27989,2025,M,4,4,21,1601.369790777345,1690.9832713917588,-89.61348061441367,4.267308600686365,False
2259,2025,M,4,4,29,1625.9955238918876,1658.592963932688,-32.59744004080039,1.1240496565793239,False
1657,2025,M,3,3,21,1627.113723958369,1613.111614611952,14.002109346417,-0.6667671117341429,True
8147,2025,M,5,5+,43,1623.4899794255077,1676.3963897953406,-52.906410369832884,1.2303816365077416,False
2261,2025,M,3,3,14,1605.9268420572344,1626.9554647061398,-21.02862264890541,1.5020444749218151,False
1656,2025,M,5,5+,43,1586.3407246125596,1569.2043188683097,17.13640574424994,-0.3985210638197661,True
27212,2025,M,2,2,22,1629.8701706782379,1599.6493429262334,30.220827752004425,-1.3736739887274738,True
2275,2025,M,4,4,21,1729.1179875058217,1724.0286197804276,5.0893677253941405,-0.24235084406638766,True
1663,2025,M,5,5+,43,1737.7745960500697,1812.3124943217526,-74.53789827168293,1.733439494690301,False
27996,2025,M,2,2,14,1786.6289627630522,1679.149838319225,107.47912444382723,-7.677080317416231,True
28536,2025,M,2,2,7,1680.1435945116375,1771.807500719902,-91.6639062082645,13.094843744037787,False
28411,2025,M,3,3,14,1790.6186034137236,1755.715002658438,34.90360075528565,-2.493114339663261,True
26865,2025,M,3,3,36,1751.0132395834116,1708.6643972338734,42.348842349538245,-1.176356731931618,True
2268,2025,M,3,3,14,1581.2720562660968,1600.0303494805794,-18.758293214482592,1.3398780867487565,False
2260,2025,M,3,3,14,1673.952999792286,1663.9994957844435,9.953504007842412,-0.7109645719887437,True
2263,2025,M,3,3,14,1600.966756765412,1622.761247410655,-21.79449064524306,1.5567493318030756,False
19502,2025,M,3,3,14,1665.0710760376928,1665.0260524651565,0.045023572536365464,-0.0032159694668832473,True
11367,2025,M,2,2,14,1846.0828763735674,1579.575467839503,266.5074085340643,-19.03624346671888,True
2783,2025,M,5,5+,29,1726.8741824769734,1659.8052784889587,67.06890398801465,-2.312720827172919,True
27215,2025,M,4,4,29,1679.5103879567375,1744.5304232038116,-65.02003524707402,2.242070180933587,False
1631,2025,M,4,4,29,1818.086108419036,1730.2563969767534,87.82971144228259,-3.028610739389055,True
1632,2025,M,5,5+,29,1772.8707746811613,1804.0707106851703,-31.199936004009032,1.075859862207208,False
1625,2025,M,4,4,29,1707.928664668879,1691.4818846366766,16.44678003220247,-0.5671303459380161,True
26867,2025,F,5,5+,43,1526.1714815511255,1478.5407131619233,47.6307683892021,-1.1076922881209792,True
7971,2025,F,3,3,22,1638.7451135514332,1585.6363989662768,53.10871458515635,-2.4140324811434706,True
3379,2025,F,5,5+,43,1650.3355685349693,1662.7664242591904,-12.430855724221146,0.28908966800514296,False
28244,2025,F,3,3,22,1686.141935346124,1761.6442991495353,-75.5023638034113,3.4319256274277863,False
3371,2025,F,3,3,28,1650.978323755532,1712.3961323148665,-61.41780855933439,2.193493162833371,False
3407,2025,M,4,4,43,1698.0912405975491,1732.1530826534997,-34.06184205595059,0.7921358617662928,False
7965,2025,M,3,3,22,1849.8897430285683,1807.4241291754997,42.46561385306859,-1.9302551751394814,True
1954,2024,F,3,3,28,1594.906186443,1584.5383780891805,10.367808353819555,-0.3702788697792698,True
19456,2024,F,2,2,7,1600.6513411375631,1513.6259705662922,87.02537057127097,-12.432195795895852,True
19458,2024,F,2,2,7,1605.9924626546358,1527.528846558897,78.46361609573887,-11.20908801367698,True
19459,2024,F,3,3,28,1611.0083867361668,1645.0230173331672,-34.014630597000405,1.2148082356071572,False
19366,2024,F,3,3,35,1371.0305839475725,1416.3226157910344,-45.29203184346193,1.2940580526703407,False
18922,2024,F,3,3,28,1495.1388971855588,1394.756968715372,100.38192847018672,-3.58506887393524,True
19367,2024,F,2,2,21,1594.0031589165949,1473.7035979938366,120.29956092275825,-5.728550520131345,True
18763,2024,F,3,3,35,1515.225179845507,1542.4807889443066,-27.255609098799596,0.7787316885371313,False
18954,2024,F,2,2,7,2076.3058439321053,2086.734368518789,-10.42852458668358,1.4897892266690829,False
18768,2024,F,2,2,7,2353.2085281376008,2117.505491544624,235.7030365929768,-33.67186237042525,True
652,2024,F,2,2,21,2348.3380693869926,2035.5885609795296,312.74950840746305,-14.892833733688716,True
19376,2024,M,2,2,21,1725.2574106511715,1642.7846945487854,82.47271610238613,-3.9272721953517205,True
712,2024,M,2,2,7,1791.9408660438876,1753.9496811314073,37.99118491248032,-5.4273121303543315,True
19380,2024,M,2,2,21,1776.1788463157536,1655.6275056267077,120.5513406890459,-5.74054003281171,True
18970,2024,M,2,2,7,1734.9802975957493,1827.9816145206846,-93.00131692493528,13.285902417847897,False
18745,2024,M,3,3,35,1784.772264120097,1805.7973277873784,-21.02506366728153,0.6007161047794722,False
18986,2024,M,2,2,7,1852.4735379370786,1848.2522629487012,4.221274988377445,-0.6030392840539207,True
19010,2024,M,2,2,7,2083.501741829273,1902.1114737477783,181.39026808149492,-25.91289544021356,True
19388,2024,M,2,2,28,1913.7646484479421,1884.7165899563495,29.048058491592656,-1.0374306604140233,True
734,2024,M,3,3,28,1930.577097046475,1777.584432529457,152.99266451701806,-5.464023732750645,True
4681,2024,F,3,3,14,2345.3159171538177,2035.9921764971905,309.32374065662725,-22.094552904044804,True
1597,2024,M,2,2,28,2027.3586203150871,1976.0967882572634,51.26183205782377,-1.8307797163508488,True
1558,2024,M,4,4,42,1581.004124844042,1647.958803449436,-66.95467860539384,1.594159014414139,False
11458,2024,F,4,4,42,1580.0396803464464,1646.9555260868603,-66.91584574041394,1.5932344223908081,False
11470,2024,F,4,4,42,1779.9207128282796,1678.4950693751784,101.4256434531012,-2.4148962726928858,True
1514,2024,F,2,2,14,2586.2336211514043,3026.0892583330274,-439.855637181623,31.41825979868736,False
19394,2024,M,2,2,21,2124.011422239977,1999.1975911298805,124.81383111009654,-5.9435157671474546,True
771,2024,M,2,2,7,2429.6096026539776,2143.106960614195,286.5026420397826,-40.92894886282608,True
19397,2024,M,2,2,28,2179.7312239575676,2080.976334034449,98.75488992311875,-3.526960354397098,True
19012,2024,M,3,3,28,2264.810127499788,2131.0106288598727,133.79949863991533,-4.778553522854119,True
19018,2024,M,2,2,7,2482.2257209662407,2415.9283447709763,66.2973761952644,-9.47105374218063,True
2007,2024,M,3,3,28,1509.2296696696346,1535.6140680423766,-26.384398372741998,0.9422999418836427,False
1991,2024,M,2,2,28,1519.579619399916,1542.7717176118108,-23.192098211894745,0.8282892218533837,False
19403,2024,M,2,2,28,1577.194339565149,1572.8934928831802,4.300846681968778,-0.15360166721317065,True
2871,2024,M,2,2,28,1581.8567454912666,1584.4252616339352,-2.5685161426686136,0.09173271938102191,False
2003,2024,M,2,2,7,1589.3875660569188,1579.1417658284995,10.245800228419284,-1.4636857469170406,True
19404,2024,M,4,4,28,1602.9607858460593,1621.4064510760124,-18.445665229953192,0.658773758212614,False
4910,2024,M,4,4,36,1577.5846649032044,1624.6870404620029,-47.102375558798485,1.3083993210777356,False
19405,2024,M,2,2,7,1631.0042210676313,1671.5832032854532,-40.57898221782193,5.796997459688847,False
1609,2024,M,4,4,42,1953.5585324223223,2047.7471710159346,-94.18863859361227,2.2425866331812445,False
11512,2024,M,3,3,42,2008.6511914966425,2077.861100001463,-69.20990850482053,1.647854964400489,False
2855,2024,M,4,4,43,1511.5974952249176,1671.1123508637504,-159.51485563883284,3.709647805554252,False
11516,2024,M,2,2,14,2126.8870214466356,2399.6726556934364,-272.7856342468008,19.48468816048577,False
1612,2024,M,4,4,42,2161.222939249996,2257.5062625703054,-96.28332332030914,2.2924600790549796,False
11520,2024,M,3,3,14,2180.8157511038926,2504.6491538327286,-323.83340272883606,23.130957337774003,False
11524,2024,M,2,2,14,2340.8560459500686,2707.0618605994437,-366.20581464937504,26.157558189241076,False
11525,2024,M,3,3,42,2400.7014168107294,2523.3395667184186,-122.63814990768924,2.919955950183077,False
19407,2024,M,3,3,28,1643.2171617493632,1654.112933136344,-10.895771386980869,0.38913469239217385,False
415,2024,M,2,2,28,1656.267955504499,1653.715285938042,2.552669566457098,-0.09116677023061064,True
2020,2024,M,3,3,28,1678.5745614470009,1664.2529366930423,14.321624753958531,-0.5114865983556618,True
18786,2024,M,3,3,14,1789.5234885360658,1692.195125621683,97.32836291438275,-6.952025922455911,True
19409,2024,M,2,2,7,1683.2172531831554,1912.803778280423,-229.58652509726767,32.79807501389538,False
2032,2024,M,2,2,7,1703.2074418050709,1695.6854235666121,7.522018238458713,-1.0745740340655305,True
18784,2024,M,3,3,14,1726.6553752473374,1743.9709518642876,-17.31557661695024,1.2368269012107314,False
2006,2024,M,2,2,7,1760.427878171055,1808.955940278888,-48.528062107832966,6.932580301118995,False
19417,2024,M,3,3,28,1778.9099312608432,1769.629444243047,9.280487017796304,-0.3314459649212966,True
19418,2024,M,2,2,7,1779.392928914923,1748.2540521633775,31.138876751545467,-4.448410964506495,True
2876,2024,M,3,3,28,1797.204699545988,1816.1541664443698,-18.949466898381843,0.6767666749422087,False
4841,2024,M,3,3,28,1812.4240541969925,1858.6030048630978,-46.178950666105266,1.649248238075188,False
19422,2024,M,3,3,28,1836.4852230461513,1774.5006224222452,61.98460062390609,-2.2137357365680748,True
38,2024,M,2,2,28,1853.252141609207,1802.037690904652,51.21445070455502,-1.8290875251626793,True
19425,2024,M,3,3,28,1869.3290635235778,1946.781271086545,-77.45220756296726,2.7661502701059737,False
433,2024,M,3,3,28,1872.5720477723994,1771.4188566354055,101.15319113699388,-3.6126139691783528,True
2036,2024,M,2,2,7,1906.7465960722907,1919.5484325154796,-12.801836443188904,1.828833777598415,False
52,2024,M,2,2,7,1937.0275918545995,2133.1683829541703,-196.14079109957083,28.020113014224403,False
19429,2024,M,2,2,7,1939.955149064022,1812.1623225936125,127.79282647040941,-18.256118067201346,True
19430,2024,M,2,2,7,1942.4785653792142,2027.066155909619,-84.5875905304049,12.083941504343557,False
35,2024,M,4,4,28,1946.9931148806133,1888.6253683348916,58.36774654572173,-2.084562376632919,True
19431,2024,M,2,2,7,1950.206527844491,1927.2849476674564,22.921580177034457,-3.274511453862065,True
2029,2024,M,3,3,28,1972.1484212726875,1834.2471139671063,137.9013073055812,-4.925046689485043,True
19432,2024,M,2,2,7,1987.150919834105,1783.6668283316128,203.48409150249222,-29.06915592892746,True
2034,2024,M,2,2,7,1991.23175715633,1972.6129915707054,18.618765585624715,-2.659823655089245,True
2037,2024,M,2,2,28,2007.3481074506255,2000.463642857302,6.884464593323628,-0.24587373547584385,True
18789,2024,M,2,2,8,1968.5819032249753,2020.1919022111558,-51.60999898618047,6.451249873272559,False
50,2024,M,2,2,7,2087.387718698135,1874.2263725960738,213.1613461020611,-30.451620871723012,True
2040,2024,M,2,2,7,2091.557269875191,2051.4659344658535,40.09133540933772,-5.727333629905388,True
19436,2024,M,2,2,28,2095.5691075325476,2044.4036582696624,51.165449262885204,-1.8273374736744716,True
2883,2024,M,3,3,28,2129.0339449937915,2208.631951168348,-79.59800617455676,2.8427859348055984,False
19437,2024,M,3,3,28,2130.0787970618007,2227.1225458893873,-97.04374882758657,3.465848172413806,False
19438,2024,M,2,2,7,2185.436242476334,2145.097605023112,40.33863745322196,-5.762662493317423,True
19439,2024,M,2,2,28,2231.7448746981077,2241.636668627407,-9.891793929299183,0.35327835461782797,False
2877,2024,M,3,3,28,2297.3339847031484,2380.6143644339218,-83.28037973077335,2.9742992760990483,False
19440,2024,M,2,2,28,2392.9280918310233,3182.2711162105597,-789.3430243795365,28.19082229926916,False
19442,2024,M,3,3,28,2473.677413917181,2596.238557713129,-122.56114379594783,4.377183706998137,False
19446,2024,F,2,2,28,1416.964062395441,1517.5874533997016,-100.62339100426061,3.59369253586645,False
19447,2024,F,3,3,28,1424.443603412891,1485.2560261722417,-60.81242275935074,2.1718722414053837,False
64,2024,F,3,3,28,1463.8713288553392,1444.0707619501848,19.800566905154483,-0.7071631037555173,True
19448,2024,F,2,2,7,1474.228374453943,1503.6953448572885,-29.466970403345613,4.209567200477944,False
297,2024,F,2,2,28,1482.525836294118,1569.3177369636378,-86.79190066951969,3.099710738197132,False
1935,2024,F,2,2,28,1483.6295366814097,1545.2432588434983,-61.61372216208861,2.20049007721745,False
19449,2024,F,3,3,28,1498.9335250873387,1531.8132813797843,-32.87975629244556,1.1742770104444844,False
19450,2024,F,2,2,28,1508.9555187826575,1491.6228303031878,17.332688479469653,-0.6190245885524875,True
1937,2024,F,3,3,28,1539.1988802879994,1482.8684746231368,56.33040566486261,-2.011800202316522,True
19454,2024,F,3,3,28,1572.2113472293142,1622.0428336730342,-49.831486443719996,1.7796959444185714,False
1962,2024,F,2,2,7,1641.517818870588,1711.7419534609091,-70.22413459032123,10.032019227188746,False
19462,2024,F,2,2,28,1648.3765284201868,1652.0861906659356,-3.7096622457488593,0.13248793734817355,False
19463,2024,F,2,2,28,1656.6444268571308,1699.3398150753003,-42.695388218169455,1.524835293506052,False
19465,2024,F,3,3,28,1675.6142772637072,1670.092308598767,5.521968664940232,-0.1972131666050083,True
18037,2024,F,2,2,7,1723.3493190140744,1715.0190599448802,8.330259069194199,-1.1900370098848856,True
18740,2024,F,2,2,7,1955.8982703890824,1750.5377955188767,205.36047487020573,-29.337210695743675,True
11384,2024,M,2,2,35,1679.9314120501544,1709.089440113872,-29.15802806371744,0.8330865161062125,False
1961,2024,F,3,3,28,1779.1945877174867,1876.6155175963274,-97.42092987884075,3.4793189242443128,False
19468,2024,F,3,3,28,1782.2100548470514,1754.2535007047095,27.95655414234193,-0.9984483622264975,True
19469,2024,F,3,3,28,1782.2987450567446,1629.4044509494406,152.89429410730395,-5.460510503832284,True
1983,2024,F,3,3,28,1870.4371045561836,1889.8465324309495,-19.409427874765925,0.6931938526702116,False
19473,2024,F,2,2,7,1871.1860441047027,1715.023581842054,156.16246226264866,-22.30892318037838,True
18741,2024,F,3,3,35,2160.6538050898307,1946.451400407641,214.2024046821898,-6.120068705205423,True
2316,2024,M,3,3,15,2000.505080107582,1842.622948602432,157.88213150515003,-10.525475433676668,True
2299,2024,F,3,3,29,1436.465434222358,1465.3866094165692,-28.921175194211173,0.9972819032486612,False
19477,2024,F,2,2,8,1478.7144175818394,1449.5693045919932,29.14511298984621,-3.6431391237307764,True
11417,2024,M,2,2,14,2126.554986628263,2108.2760535580155,18.278933070247604,-1.3056380764462574,True
19485,2024,M,2,2,21,1525.5093286140486,1521.524664371195,3.984664242853569,-0.18974591632636043,True
1702,2024,M,2,2,21,1679.0702727941348,1683.1051479329597,-4.034875138824873,0.192136911372613,False
19488,2024,M,2,2,21,1758.9886441266829,1811.632815387204,-52.644171260521034,2.5068652981200494,False
19489,2024,M,2,2,21,1838.907015459231,1875.149974051656,-36.24295859242511,1.7258551710678625,False
2323,2024,F,2,2,21,1465.4051280350172,1506.7556546400538,-41.35052660503652,1.9690726954779296,False
2263,2024,M,2,2,21,1700.1126963456234,1659.8277738627519,40.28492248287148,-1.918329642041499,True
1056,2024,F,2,2,21,1641.2576555800322,1671.020393996254,-29.762738416221737,1.4172732579153209,False
26627,2024,M,3,3,35,1547.727867932421,1574.3892588082235,-26.661390875802454,0.7617540250229272,False
23523,2024,F,3,3,29,1309.4230367078344,1288.098070863731,21.324965844103417,-0.7353436497966696,True
19479,2024,M,2,2,21,1687.6014363596953,1735.8701856949654,-48.26874933527006,2.2985118731080982,False
1703,2024,M,3,3,21,1709.3706123545733,1717.750870840843,-8.380258486269668,0.3990599279176032,False
19482,2024,M,2,2,7,1864.5985655072402,1965.84816575336,-101.24960024611983,14.464228606588547,False
1701,2024,M,2,2,21,1551.6911754186997,1591.9112336122103,-40.22005819351057,1.9152408663576461,False
19487,2024,M,2,2,21,1668.283744148024,1668.8685434047204,-0.5847992566964422,0.027847583652211533,False
3097,2024,F,2,2,21,1272.5346139533876,1819.8542032917203,-547.3195893383327,26.06283758753965,False
19490,2024,F,2,2,21,1341.4868007827736,1390.0779125034073,-48.59111172063376,2.313862462887322,False
19491,2024,F,2,2,21,1357.7223511567852,1414.5682918256048,-56.845940668819594,2.706949555658076,False
1381,2024,M,3,3,35,2330.9387388185423,2028.8654802866313,302.07325853191105,-8.630664529483173,True
3789,2024,M,3,3,21,1565.3214252533303,1604.5549313400873,-39.23350608675696,1.8682621946074742,False
3787,2024,M,3,3,21,1637.5911671822726,1669.96366682997,-32.372499647697396,1.5415476022713046,False
4397,2024,M,2,2,21,1677.4032638215542,1676.9326340815553,0.47062973999891256,-0.022410939999948216,True
19496,2024,M,2,2,21,1741.0437828336076,1743.5360496717096,-2.4922668381020685,0.11867937324295565,False
19497,2024,M,2,2,7,1974.6211576975702,1893.5616764921729,81.05948120539733,-11.579925886485332,True
19498,2024,M,2,2,21,2809.7926529605297,2754.036301151631,55.75635180889867,-2.6550643718523177,True
1049,2024,F,2,2,21,1475.1855800675542,1439.456888697756,35.72869136979807,-1.70136625570467,True
1078,2024,F,2,2,21,1712.7527599378777,1699.9907207554381,12.762039182439594,-0.6077161515447426,True
1108,2024,F,2,2,21,1751.2877409460732,1733.44099495161,17.846745994463163,-0.8498450473553887,True
3115,2024,F,2,2,21,1592.2575908970218,1658.4765411726896,-66.2189502756678,3.153283346460371,False
1116,2024,F,2,2,21,1742.48533411679,1775.2538376968248,-32.7685035800348,1.5604049323826097,False
2051,2024,M,2,2,21,2213.238450015523,2255.951967766275,-42.71351775075209,2.0339770357500995,False
406,2024,F,2,2,21,1484.429930981822,1539.8712678580127,-55.44133687619069,2.640063660770985,False
21215,2024,F,2,2,21,1496.346681832626,1517.5874533997016,-21.240771567075626,1.011465312717887,False
21217,2024,F,2,2,21,1501.709219715488,1493.4134939650162,8.295725750471775,-0.395034559546275,True
1957,2024,F,2,2,21,1608.6620586014544,1564.1447086072442,44.517349994210235,-2.1198738092481064,True
21224,2024,F,2,2,21,1761.2957757488357,1701.6278853098588,59.66789043897688,-2.8413281161417565,True
3755,2024,F,2,2,21,1779.1709020250416,1853.23740867801,-74.06650665296843,3.526976507284211,False
2210,2024,M,2,2,21,1605.8968987682028,1617.0640864594575,-11.16718769125464,0.5317708424406972,False
2214,2024,M,3,3,21,1640.7492588215844,1640.932191056645,-0.1829322350606617,0.008711058812412461,False
19534,2024,M,2,2,21,1673.8734026739714,1694.6354264003169,-20.762023726345433,0.9886677964926397,False
19536,2024,M,3,3,21,1680.3062074221161,1689.6629046092362,-9.356697187120062,0.44555700891047917,False
3399,2024,M,3,3,21,1687.8911563042573,1727.45407022145,-39.562913917192645,1.8839482817710784,False
19538,2024,M,2,2,21,1696.052177253396,1727.45407022145,-31.40189296805397,1.4953282365739986,False
19539,2024,M,2,2,21,1704.5012342360342,1600.1575123697828,104.34372186625137,-4.968748660297685,True
4138,2024,M,2,2,21,1706.9015345151927,1692.6464176838847,14.255116831307987,-0.6788150872051423,True
19542,2024,M,2,2,21,1722.3594683129736,1714.52551356464,7.833954748333554,-0.3730454642063597,True
19543,2024,M,3,3,21,1753.6593839532004,1725.4650615050175,28.194322448182902,-1.3425867832468048,True
19363,2024,M,2,2,8,1891.3480913780431,1755.1955761318618,136.15251524618134,-17.019064405772667,True
1987,2024,F,2,2,21,1953.0561581896907,2063.2424636846813,-110.18630549499062,5.246966928332887,False
25549,2024,M,3,3,21,1683.282579768273,1633.970660549132,49.311919219141146,-2.3481866294829117,True
1428,2024,M,2,2,14,2767.8870747572455,2716.702548018136,51.184526739109515,-3.656037624222108,True
19548,2024,M,2,2,21,1781.6948912137718,1752.3166791768535,29.378212036918285,-1.3989624779484897,True
19551,2024,M,3,3,21,1791.2000803192393,1775.190279415825,16.009800903414316,-0.7623714715911579,True
3914,2024,M,2,2,8,1865.940458822705,1800.2252093688753,65.71524945382976,-8.21440618172872,True
19402,2024,M,2,2,7,1504.9221191628412,1515.6626671456127,-10.740547982771432,1.534363997538776,False
1698,2024,M,2,2,14,2699.250299306375,2676.581207984007,22.669091322367876,-1.6192208087405626,True
1617,2024,F,2,2,21,1391.7526867009324,1345.5447187112554,46.207967989676945,-2.2003794280798545,True
19360,2024,F,3,3,29,1535.572600064098,1445.98818995282,89.58441011127798,-3.089117590044068,True
19510,2024,F,2,2,14,1570.1098381534407,1432.6746976361949,137.43514051724583,-9.816795751231846,True
19511,2024,F,2,2,21,1612.8457815332597,1479.8008436380992,133.0449378951605,-6.335473233102881,True
1621,2024,F,3,3,21,1641.5181108926788,1799.032074019705,-157.51396312702627,7.500664910810775,False
4520,2024,F,2,2,21,1695.9192224909682,1590.1892130223928,105.73000946857542,-5.034762355646448,True
19514,2024,F,2,2,21,1703.1145598967541,1548.4206408229302,154.69391907382396,-7.366377098753522,True
2243,2024,F,2,2,21,1709.5467554564716,1489.7457417808282,219.8010136756434,-10.4667149369354,True
19516,2024,F,2,2,21,1743.0159764197483,1620.0239074505803,122.99206896916803,-5.8567651890080015,True
19518,2024,F,3,3,21,1763.5117859998652,1608.0900296793052,155.42175632056,-7.401036015264762,True
2244,2024,F,2,2,21,1763.9478670547614,1628.9743157790365,134.97355127572496,-6.427311965510713,True
19522,2024,F,2,2,21,1799.488473028794,1672.7318676070447,126.75660542174933,-6.036028829607111,True
19361,2024,F,3,3,29,2059.491144262213,1709.5279907351428,349.96315352707006,-12.067694949209313,True
2207,2024,F,3,3,21,1989.510792699774,1760.2469712630614,229.26382143671253,-10.917324830319645,True
19525,2024,F,2,2,21,1995.7249477320431,1798.0375842054323,197.68736352661085,-9.41368397745766,True
19528,2024,M,3,3,21,1556.3547010063714,1541.48175523503,14.872945771341392,-0.7082355129210187,True
19529,2024,M,2,2,21,1574.5969831279763,1568.333372906866,6.263610221110184,-0.29826715338619925,True
2217,2024,M,3,3,21,1597.6398658078979,1601.1520167279991,-3.5121509201012486,0.16724528190958327,False
4468,2024,M,2,2,21,1860.2327163478376,1852.7616193566846,7.47109699115299,-0.3557665233882376,True
19554,2024,M,2,2,21,1860.328728359004,1791.1023491472833,69.22637921172054,-3.2964942481771686,True
1641,2024,M,3,3,29,1903.7085612698288,1756.2946966097181,147.41386466011068,-5.08323671241761,True
19556,2024,M,2,2,21,1873.6743979111252,1891.5472893271144,-17.872891415989216,0.8510900674280579,False
19558,2024,M,2,2,21,1901.61389316053,1788.1188360726348,113.49505708789525,-5.404526527995012,True
19559,2024,M,2,2,7,1913.2313465116574,2054.985398093299,-141.75405158164153,20.25057879737736,False
162,2024,M,2,2,21,1935.98619315808,1860.7176542224138,75.26853893566613,-3.584216139793625,True
19561,2024,M,2,2,21,1954.3244872908508,1864.6956716552784,89.62881563557244,-4.268038839789163,True
2219,2024,M,2,2,21,1967.0940847759741,1856.7396367895492,110.35444798642493,-5.2549737136392825,True
2277,2024,M,2,2,21,1967.2861087983065,2000.9427687308907,-33.65665993258426,1.602698092027822,False
1646,2024,M,3,3,29,2311.800265633556,1872.6517065210076,439.1485591125486,-15.143053762501676,True
4044,2024,M,2,2,21,2092.7738073927126,2113.3217612093154,-20.547953816602785,0.9784739912667992,False
4136,2024,M,2,2,21,2108.9038252686582,2031.7724038355914,77.13142143306686,-3.672924830146041,True
19569,2024,M,2,2,21,2261.4669110119726,2096.415187119641,165.05172389233167,-7.8596058996348415,True
2227,2024,M,2,2,21,2563.9047461859436,2915.8867782897473,-351.9820321038037,16.761049147800176,False
2285,2024,M,2,2,21,2011.4516339348233,1959.1735856858124,52.27804824901091,-2.4894308690005196,True
21233,2024,M,2,2,21,1766.2067347596314,1717.9353084637994,48.27142629583204,-2.2986393474205733,True
2038,2024,M,2,2,21,1772.8522029029962,1872.62006860324,-99.76786570024387,4.75085074763066,False
21234,2024,M,2,2,14,1786.7382557398776,1895.758205781345,-109.01995004146738,7.787139288676242,False
18769,2024,M,3,3,29,1618.4408804920254,1583.2509382801084,35.189942211917014,-1.2134462831695523,True
19581,2024,M,2,2,21,1841.9228244955582,1893.5362980435466,-51.613473547988406,2.4577844546661147,False
18778,2024,F,2,2,8,1765.419642427811,1644.74714542039,120.67249700742082,-15.084062125927602,True
21237,2024,M,2,2,21,1842.1832809957116,1748.752966332197,93.43031466351454,-4.449062603024502,True
21239,2024,M,2,2,21,1980.6470649977582,1979.6865767460276,0.9604882517305668,-0.04573753579669366,True
18779,2024,F,3,3,29,2397.6453313769075,2196.8279997288714,200.8173316480361,-6.92473557407021,True
19595,2024,F,3,3,21,1529.5773524078975,1507.6465584377406,21.930793970156856,-1.0443235223884217,True
246,2024,F,3,3,21,1575.4675959255812,1448.9716593956387,126.49593652994258,-6.023616025235361,True
2188,2024,F,3,3,21,1612.3941400725075,1546.4316611943846,65.96247887812297,-3.1410704227677604,True
3364,2024,F,2,2,21,1690.8265095666382,1542.4537019372929,148.3728076293453,-7.065371791873585,True
19597,2024,F,3,3,21,2195.034599171764,2082.461671087486,112.57292808427792,-5.360615623060854,True
2198,2024,M,3,3,21,1594.8049635679663,1574.300399056163,20.50456451180321,-0.976407833895391,True
19598,2024,M,2,2,7,1636.417871231631,1633.4178585865232,3.000012645107745,-0.42857323501539213,True
19600,2024,M,3,3,21,1705.0597235927223,1749.333166102205,-44.27344250948272,2.108259167118225,False
147,2024,M,2,2,21,1750.9505937264835,1702.5914612660463,48.359132460437195,-2.30281583144939,True
4332,2024,M,3,3,29,1965.706595676699,1885.9020949541025,79.80450072259646,-2.751879335261947,True
19365,2024,M,2,2,22,1941.2233753025266,1912.4318808496535,28.791494452873167,-1.3087042933124167,True
1810,2024,M,4,4,42,1527.1218514716488,1521.652529666684,5.46932180496492,-0.13022194773726,True
5583,2024,M,2,2,14,1748.0189476749574,1744.357507381345,3.661440293612486,-0.261531449543749,True
1530,2024,M,5,5+,56,1567.978912460196,1617.8448744639077,-49.86596200371173,0.890463607209138,False
27641,2025,F,4,4,35,1523.0291881208257,1488.5796273374674,34.449560783358265,-0.9842731652388076,True
228,2024,M,2,2,35,3179.780471176083,2362.8196523099123,816.9608188661709,-23.3417376818906,True
91,2024,M,4,4,35,1567.8319647816809,1802.7504397573953,-234.9184749757144,6.711956427877554,False
2946,2024,M,4,4,35,1503.2036255872915,1541.075313787639,-37.871688200347535,1.082048234295644,False
2945,2024,M,3,3,21,1520.1754693352382,1588.5711414465331,-68.39567211129497,3.2569367672045226,False
20488,2024,M,3,3,21,1559.379943140848,1584.9865506798242,-25.606607538976277,1.219362263760775,False
5175,2024,M,3,3,21,1568.7655528299715,1618.6418751005917,-49.87632227062022,2.3750629652676296,False
20489,2024,M,3,3,21,1573.9471915125087,1610.277829978271,-36.33063846576238,1.7300304031315417,False
2952,2024,M,3,3,21,1579.4221304978307,1625.6119127025258,-46.18978220469512,2.199513438318815,False
18780,2024,M,4,4,35,1659.124450054737,1624.4170491136233,34.70740094111375,-0.9916400268889642,True
18781,2024,M,4,4,35,1713.7413440671735,1614.7585684366572,98.98277563051624,-2.8280793037290355,True
20491,2024,M,2,2,14,1611.4896302690029,1716.663290789918,-105.17366052091506,7.512404322922505,False
20492,2024,M,3,3,21,1614.5204000644492,1677.887194717032,-63.36679465258271,3.017466412027748,False
2968,2024,M,2,2,14,1729.6896522914033,1723.453652244965,6.236000046438221,-0.4454285747455872,True
20493,2024,M,2,2,14,1731.351687340519,1794.8523057796513,-63.50061843913227,4.535758459938019,False
20494,2024,M,3,3,21,1746.2122360149644,1843.6745176773227,-97.46228166235824,4.641061031540868,False
4637,2024,M,3,3,21,1802.8191944524915,1782.73647464327,20.082719809221544,-0.9563199909153116,True
2991,2024,M,2,2,14,2381.793992150303,2357.853157008408,23.94083514189515,-1.7100596529925107,True
20495,2024,F,3,3,21,1329.6199082954067,1332.9913030350938,-3.371394739687048,0.1605426066517642,False
20496,2024,F,3,3,21,1373.1222435520438,1373.216433631116,-0.09419007907217747,0.004485241860579879,False
2928,2024,F,3,3,21,1444.4150096836884,1428.439082054297,15.975927629391435,-0.7607584585424493,True
2925,2024,F,4,4,35,1467.554341287863,1426.3533345419107,41.20100674595233,-1.1771716213129235,True
2929,2024,F,2,2,14,1505.993444241375,1517.6717638630362,-11.678319621661103,0.8341656872615074,False
4631,2024,F,3,3,21,1547.1315845785919,1544.4463722670225,2.6852123115693303,-0.12786725293187287,True
2934,2024,F,4,4,35,1510.8133944549818,1565.5024900111132,-54.689095556131406,1.5625455873180403,False
2932,2024,F,2,2,21,1649.8481594734953,1615.6597516184988,34.18840785499651,-1.6280194216665005,True
4252,2024,F,2,2,29,2467.831365324823,2100.3984672346123,367.43289809021053,-12.67009993414519,True
18746,2024,M,3,3,43,1832.700015502382,1850.4490155935068,-17.7490000911248,0.4127674439796465,False
18747,2024,M,4,4,43,1892.5472858158969,1795.4132143440927,97.13407147180419,-2.2589318946931205,True
18766,2024,F,2,2,8,2316.784031860633,2123.915482201541,192.86854965909197,-24.108568707386496,True
2492,2024,M,5,5+,43,1785.6070814851903,1634.459455973165,151.14762551202534,-3.515061058419194,True
18748,2024,M,4,4,43,1885.679566271723,1823.450320640964,62.229245630758896,-1.447191758854858,True
19019,2024,F,2,2,43,1745.9475539073428,1869.703550560607,-123.75599665326422,2.8780464337968423,False
18767,2024,F,2,2,8,2325.1435618725013,2206.650086405274,118.4934754672272,-14.8116844334034,True
27047,2025,F,4,4,42,1450.7176619534764,1406.855347489461,43.8623144640153,-1.0443408205717928,True
27331,2025,F,4,4,28,1394.990378098881,1417.9732809583238,-22.982902859442902,0.8208179592658179,False
5924,2025,F,4,4,35,1391.6264278784347,1484.5081346372338,-92.88170675879906,2.6537630502514014,False
16156,2025,F,3,3,36,1538.9642289240317,1800.738955619482,-261.77472669545045,7.271520185984735,False
27858,2025,F,3,3,34,1519.3798775878643,1531.8692793029377,-12.489401715073427,0.36733534456098316,False
2400,2025,F,3,3,36,1569.0033495698003,1553.6021637808785,15.401185788921794,-0.4278107163589387,True
27193,2025,F,3,3,36,1576.453051489951,1525.688367203707,50.76468428624389,-1.4101301190623303,True
22363,2025,F,3,3,34,1574.4830762771453,1567.75844633073,6.724629946415234,-0.19778323371809514,True
592,2025,F,4,4,42,1711.3062739730663,1580.3196547904574,130.98661918260882,-3.118729028157353,True
27346,2025,F,4,4,35,1580.8006454181598,1734.92058885415,-154.1199434359903,4.403426955314009,False
27347,2025,F,3,3,14,1616.6785142619,1622.7837732608234,-6.105258998923318,0.4360899284945227,False
2406,2025,F,3,3,36,1803.3084906067977,1598.3639304349863,204.94456017181142,-5.692904449216984,True
27349,2025,F,4,4,21,1669.9517134541215,1652.0184397079497,17.933273746171835,-0.8539654164843731,True
16159,2025,F,2,2,7,1670.190612416268,1679.504293214372,-9.31368079810386,1.3305258283005514,False
27937,2025,F,2,2,28,1671.2391355841544,1678.8154798556209,-7.576344271466496,0.27058372398094627,False
27196,2025,F,3,3,36,1824.8165009891682,1736.0387628388232,88.77773815034493,-2.4660482819540257,True
11469,2025,F,2,2,7,1941.072367736275,1741.0435946313892,200.0287731048859,-28.575539014983697,True
27351,2025,F,3,3,14,1698.2191252704024,1777.470066167582,-79.25094089717959,5.660781492655685,False
27861,2025,F,3,3,34,1697.2632914581125,1813.4995483404748,-116.23625688236234,3.4187134377165393,False
27198,2025,F,3,3,36,1959.3917614822128,1801.4368005339113,157.9549609483015,-4.387637804119486,True
27942,2025,F,2,2,28,1852.6142265327558,1821.0761502685646,31.538076264191204,-1.1263598665782573,True
27199,2025,F,2,2,8,2056.5983558919206,1917.564411654592,139.03394423732857,-17.37924302966607,True
648,2025,F,3,3,42,1770.1614997617821,1861.0526946523,-90.89119489051791,2.164076068821855,False
660,2025,F,3,3,34,3626.4629678520178,1962.0408229832824,1664.4221448687354,-48.95359249613927,True
27201,2025,F,2,2,8,2579.0387421631335,2181.1029430644935,397.93579909864,-49.74197488733,True
16168,2025,F,2,2,8,2107.304391541979,1912.807223207701,194.49716833427783,-24.31214604178473,True
27943,2025,F,2,2,28,1966.2236534827896,1914.5873688020902,51.63628468069942,-1.8441530243106936,True
27873,2025,F,3,3,34,2121.824809645666,2056.7483470844013,65.07646256126463,-1.9140136047430776,True
2438,2025,M,3,3,36,2647.2961244015596,1555.643063280247,1091.6530611213127,-30.323696142258687,True
27905,2025,M,3,3,28,1541.7866880994786,1582.1670716664112,-40.38038356693255,1.4421565559618768,False
11484,2025,M,3,3,21,1544.62652203054,1639.980218297378,-95.35369626683814,4.540652203182769,False
2437,2025,M,3,3,36,2873.6958173210814,1574.5887835560784,1299.107033765003,-36.08630649347231,True
27227,2025,M,4,4,29,901.3408292930628,1608.5092765116267,-707.1684472185639,24.385118869605652,False
504,2025,M,5,5+,35,1658.8682832850322,1604.9981379369203,53.87014534811192,-1.539147009946055,True
11483,2025,M,5,5+,35,1629.461859076643,1619.0526388039452,10.409220272697667,-0.2974062935056476,True
2553,2025,M,5,5+,35,1684.8151281747876,1646.1371440133641,38.67798416142341,-1.1050852617549545,True
27175,2025,M,4,4,42,1631.4292961841663,1655.4570948387066,-24.02779865454022,0.5720904441557195,False
26109,2025,M,3,3,28,1573.7386197679102,1673.0426109951773,-99.30399122726703,3.5465711152595367,False
539,2025,M,5,5+,35,1669.2470212409346,1644.8540367155254,24.392984525409247,-0.6969424150116927,True
694,2025,M,4,4,42,1649.5648943279136,1609.4887945905045,40.076099737409095,-0.9541928508906927,True
3092,2025,M,4,4,21,1651.9491246477644,1635.738571647033,16.210553000731352,-0.7719310952729215,True
507,2025,M,5,5+,35,1664.0576522629835,1640.7858903216022,23.271761941381328,-0.6649074840394665,True
27906,2025,M,2,2,28,1608.4838836447427,1658.5482386731842,-50.06435502844147,1.7880126795871953,False
677,2025,M,4,4,42,1731.0103166596675,1626.0413712525472,104.96894540712037,-2.4992606049314374,True
5709,2025,M,2,2,28,1615.5542920963915,1734.231405459269,-118.67711336287744,4.23846833438848,False
2896,2025,M,3,3,36,2773.396238264143,1606.9959366594744,1166.4003016046686,-32.40000837790746,True
676,2025,M,3,3,42,1671.4017104603406,1592.8365036112214,78.56520684911925,-1.870600163074268,True
706,2025,M,3,3,28,1632.593295682758,1595.6285044939755,36.964791188782556,-1.3201711138850913,True
16114,2025,M,3,3,36,2888.208618149256,1623.0499417353105,1265.1586764139454,-35.14329656705404,True
16124,2025,M,3,3,36,2791.6178659706284,1594.431932687081,1197.1859332835475,-33.255164813431875,True
530,2025,M,4,4,21,1783.4131387558589,1664.718385390104,118.69475336575488,-5.6521311126549945,True
24596,2025,M,2,2,7,1708.7513058993086,1649.7101029384687,59.04120296083988,-8.434457565834268,True
27382,2025,M,4,4,35,1710.7619730645433,1754.405538873637,-43.643565809093616,1.2469590231169605,False
18991,2025,M,2,2,14,1700.0256451204132,1655.8468673579878,44.1787777624254,-3.1556269830303854,True
529,2025,M,4,4,35,1731.5194489763476,1727.1419954366131,4.377453539734461,-0.1250701011352703,True
27330,2025,M,4,4,35,1724.6002903390795,1726.1672317529835,-1.5669414139040327,0.04476975468297236,False
674,2025,M,4,4,42,1686.5497721017534,1595.030218590528,91.51955351122547,-2.179036988362511,True
16118,2025,M,3,3,28,1663.889821676438,1738.2199781489178,-74.33015647247976,2.6546484454457056,False
11485,2025,M,5,5+,35,1875.091990699661,1682.2034003076544,192.88859039200656,-5.511102582628759,True
18974,2025,M,4,4,28,1714.9974444036084,1718.3293360111466,-3.331891607538182,0.11899612884064936,False
1213,2025,M,3,3,35,1675.645921646456,1705.3142534593158,-29.668331812859833,0.8476666232245667,False
27908,2025,M,2,2,28,1699.3099421453578,1690.1576772386504,9.152264906707387,-0.3268666038109781,True
11493,2025,M,3,3,28,1798.9839836768056,1856.0395727443097,-57.055589067504116,2.0376996095537185,False
27021,2025,M,2,2,14,1951.1490306433213,1721.678497081798,229.47053356152333,-16.390752397251667,True
27880,2025,M,2,2,14,1773.0344007999565,1728.3112598933858,44.723140906570734,-3.1945100647550526,True
714,2025,M,3,3,21,1783.6350762580832,1731.3228386707892,52.31223758729402,-2.491058932728287,True
27203,2025,M,3,3,36,2978.1879832839377,1684.7731041076245,1293.4148791763132,-35.928191088230925,True
4365,2025,M,3,3,28,1734.6619844036013,1759.1599847695736,-24.498000365972302,0.8749285844990108,False
26995,2025,M,2,2,14,1668.9426095445267,1741.2266690045133,-72.28405945998657,5.1631471042847545,False
705,2025,M,4,4,42,1791.1107430421575,1607.5942225629217,183.51652047923585,-4.369440963791329,True
3142,2025,M,3,3,34,1731.8137837527802,1729.1459752799667,2.6678084728134763,-0.07846495508274931,True
3141,2025,M,3,3,36,3127.5085784716,1813.4045733487962,1314.1040051228035,-36.502889031188985,True
16123,2025,M,3,3,36,3067.038575020873,1876.1248788935225,1190.9136961273505,-33.080936003537516,True
27009,2025,M,3,3,42,1787.9630938699158,1764.5445579005993,23.41853596931651,-0.5575841897456312,True
24594,2025,M,3,3,36,3140.8926059020273,1748.6899814592457,1392.2026244427816,-38.6722951234106,True
27909,2025,M,2,2,28,1748.5791157575345,1731.2399759420325,17.339139815501994,-0.6192549934107855,True
16117,2025,M,3,3,28,1762.6226780741515,1665.6279551973107,96.9947228768408,-3.464097245601457,True
2456,2025,M,3,3,36,3049.7844673695986,1746.2968378454564,1303.4876295241422,-36.207989709003954,True
2899,2025,M,3,3,36,3098.644230157786,1777.5074191419576,1321.1368110158282,-36.69824475043967,True
25480,2025,M,2,2,28,1784.6119401225392,1717.778543114468,66.83339700807119,-2.3869070360025426,True
20431,2025,M,4,4,42,1751.6667643525036,1640.4999472525237,111.16681709997988,-2.6468289785709493,True
2460,2025,M,3,3,35,1756.1592195757528,1725.556259859283,30.60295971646974,-0.8743702776134211,True
11490,2025,M,4,4,28,1708.655211460781,1960.6575770750724,-252.00236561429142,9.000084486224694,False
27391,2025,M,3,3,14,1906.2282045673678,1801.184121692841,105.0440828745268,-7.503148776751914,True
27910,2025,M,2,2,28,1804.101759293246,1712.0948270317185,92.00693226152748,-3.2859618664831243,True
27384,2025,M,3,3,14,1783.4131387558589,1804.8797959866874,-21.46665723082856,1.533332659344897,False
2453,2025,M,3,3,13,1692.6767490917005,1699.9853451655702,-7.308596073869694,0.5621996979899765,False
16127,2025,M,3,3,14,2033.676457378033,1820.9268027889163,212.74965458911674,-15.196403899222625,True
27911,2025,M,2,2,7,1827.5887419765086,1786.4336031110022,41.15513886550639,-5.8793055522151985,True
2463,2025,M,3,3,36,3264.735172969116,1837.43572380393,1427.299449165186,-39.64720692125516,True
27020,2025,M,3,3,21,1935.6075128553775,1859.6199123943509,75.98760046102666,-3.6184571648107933,True
27843,2025,M,3,3,13,1862.9228498673974,1777.297594032678,85.62525583471938,-6.58655814113226,True
27842,2025,M,3,3,34,1840.4190549372765,2019.9129243553596,-179.49386941808302,5.27923145347303,False
2467,2025,M,3,3,36,3377.4512594012717,1961.6797630864878,1415.771496314784,-39.326986008744,True
11422,2025,M,2,2,7,1899.1840706884836,1859.7119319569701,39.472138731513496,-5.638876961644785,True
2474,2025,M,2,2,28,1862.0752184132987,1925.2840372934431,-63.20881888014446,2.2574578171480164,False
16119,2025,M,2,2,7,1869.8458598890443,2016.9950365177394,-147.14917662869516,21.02131094695645,False
2469,2025,M,3,3,36,3279.409227139826,1896.865456879696,1382.5437702601298,-38.40399361833694,True
2900,2025,M,3,3,36,3168.628180818094,1778.6042766316111,1390.0239041864827,-38.611775116291184,True
24908,2025,M,4,4,42,2180.377011882803,1946.3237582313404,234.05325365146246,-5.57269651551101,True
2470,2025,M,3,3,36,3254.092452361788,1852.5923000245953,1401.500152337193,-38.93055978714425,True
19000,2025,M,2,2,28,1898.4873356663556,1866.4525901211243,32.03474554523132,-1.1440980551868327,True
27457,2025,M,3,3,34,1768.8136627099498,1751.2825537075173,17.53110900243246,-0.5156208530127193,True
27396,2025,M,3,3,14,1862.9834630844418,1903.7196324297493,-40.73616934530742,2.9097263818076726,False
21482,2025,M,2,2,8,3529.835668097103,1904.0891998591337,1625.746468237969,-203.21830852974614,True
16132,2025,M,3,3,36,3812.190270876364,1915.8111771555275,1896.3790937208366,-52.677197047801016,True
761,2025,M,3,3,42,2031.709176645382,1972.8477666175045,58.86141002787758,-1.4014621435208947,True
16126,2025,M,4,4,42,1989.6093689666493,2330.622736878996,-341.01336791234667,8.11936590267492,False
5828,2025,M,3,3,28,1887.4869615608043,1890.5342712629524,-3.047309702148141,0.1088324893624336,False
2478,2025,M,3,3,13,1902.0598845284774,1894.6903988563045,7.369485672172914,-0.5668835132440703,True
27471,2025,M,3,3,34,1972.3596070495837,1991.0954866726474,-18.735879623063738,0.5510552830312864,False
16135,2025,M,3,3,36,3439.211289592281,1938.0474699003191,1501.1638196919619,-41.698994991443385,True
2173,2025,M,2,2,28,1958.9116103707483,1672.3088144524722,286.6027959182761,-10.235814139938432,True
16133,2025,M,4,4,42,2047.0539663600603,2021.2092104794951,25.844755880565117,-0.6153513304896456,True
25471,2025,M,4,4,42,1978.690960900436,1917.905177817593,60.785783082842954,-1.4472805495914989,True
16147,2025,M,3,3,42,1980.3631495231893,1858.3757304245858,121.9874190986036,-2.904462359490562,True
27204,2025,M,2,2,8,3343.9105641539345,1900.6366620319875,1443.273902121947,-180.40923776524338,True
16141,2025,M,3,3,36,3443.2426231556624,1971.0529089071626,1472.1897142484997,-40.894158729124996,True
24911,2025,M,2,2,28,1975.4643410237143,1993.78777323816,-18.323432214445802,0.6544082933730644,False
16146,2025,M,2,2,28,1980.0353065976822,2106.2655230862547,-126.23021648857252,4.508222017449019,False
16120,2025,M,2,2,28,1981.6400072779052,1872.734592107321,108.90541517058409,-3.8894791132351463,True
2455,2025,M,3,3,28,1985.0439178117115,1937.6486126313544,47.39530518035713,-1.6926894707270403,True
551,2025,M,4,4,21,2042.8815876534131,1929.7608853182583,113.12070233515487,-5.386700111197851,True
27917,2025,M,2,2,28,1995.7516478051987,1948.9163304796118,46.83531732558686,-1.6726899044852448,True
11408,2025,M,3,3,35,1940.8254692489677,1866.0537328521598,74.77173639680791,-2.136335325623083,True
27918,2025,M,2,2,28,1998.270541600215,1993.4886302864365,4.781911313778437,-0.17078254692065847,True
27920,2025,M,2,2,28,2004.1349931770296,2235.7944211825966,-231.65942800556695,8.27355100019882,False
27206,2025,M,3,3,36,3387.287713295923,2043.8443604932518,1343.4433528026711,-37.31787091118531,True
2596,2025,M,2,2,7,1941.8764137674743,2044.6415285293224,-102.76511476184805,14.680730680264007,False
27030,2025,M,3,3,14,2061.611843781678,2076.910600389804,-15.298756608126041,1.0927683291518602,False
27209,2025,M,3,3,36,3739.626266735492,1974.9417672795698,1764.6844994559224,-49.01901387377562,True
753,2025,M,3,3,21,2147.1885556519996,2130.7530850413877,16.4354706106119,-0.7826414576481857,True
2184,2025,M,3,3,42,1909.1475870012212,1853.5894431970073,55.55814380421384,-1.322812947719377,True
4589,2025,M,2,2,21,2127.307927207471,2201.613191727357,-74.3052645198859,3.538345929518376,False
26522,2025,M,3,3,28,2208.4668797920767,2183.344690313716,25.122189478360724,-0.8972210527985973,True
27208,2025,M,3,3,36,3642.2292478441877,2051.522362920826,1590.706884923362,-44.186302358982275,True
27043,2025,M,2,2,14,2472.7735169057496,2307.7151854991953,165.05833140655432,-11.78988081475388,True
802,2025,M,3,3,14,2298.8659001393958,2333.011103494709,-34.14520335531324,2.4389430968080887,False
27514,2025,M,2,2,7,2406.101333449719,2406.691178363609,-0.5898449138903743,0.08426355912719632,False
27929,2025,M,2,2,28,2418.857727157299,2241.5778515825878,177.27987557471124,-6.331424127668258,True
3682,2025,M,3,3,36,4608.620529658072,2428.043624823666,2180.576904834406,-60.57158068984461,True
25491,2025,M,2,2,28,2641.6388088655754,2448.185916906392,193.4528919591835,-6.909031855685124,True
17920,2025,F,4,4,42,1384.3219163881693,1377.0474004302666,7.274515957902622,-0.17320276090244338,True
27190,2025,F,3,3,36,1475.4014496375846,1405.2602733993367,70.14117623824791,-1.9483660066179975,True
27191,2025,F,3,3,36,1550.3790947694238,1544.829256285196,5.549838484227848,-0.15416218011744023,True
576,2025,F,3,3,42,1514.9589732969002,1440.2522112514346,74.70676204546567,-1.7787324296539444,True
27338,2025,F,4,4,35,1382.9287627041947,1508.6485730587149,-125.71981035452018,3.5919945815577194,False
583,2025,F,3,3,42,1662.831503980696,1534.2618904381238,128.56961354257214,-3.0611812748231464,True
2509,2025,F,3,3,14,1478.3505104216754,1550.7755836267395,-72.42507320506411,5.173219514647436,False
27192,2025,F,3,3,36,1560.4722393064021,1483.5185959460507,76.9536433603514,-2.1376012044542057,True
604,2025,F,2,2,14,1637.6637951159703,1550.7366396600542,86.92715545591614,-6.209082532565438,True
2410,2025,F,3,3,36,1648.5469410397964,1586.6002590203211,61.94668201947525,-1.7207411672076458,True
27933,2025,F,2,2,28,1588.3087198426413,1643.7238498728905,-55.4151300302492,1.9791117867946144,False
2385,2025,F,4,4,34,1696.2805101660117,1584.0082636238694,112.27224654214228,-3.3021248982983025,True
27348,2025,F,4,4,35,1580.8006454181598,1715.7350844272257,-134.93443900906595,3.855269685973313,False
16157,2025,F,2,2,7,1637.4533890633786,1691.3686904113886,-53.91530134800996,7.702185906858566,False
27195,2025,F,3,3,36,1798.8627007512237,1700.84744072546,98.01526002576361,-2.722646111826767,True
27935,2025,F,2,2,28,1656.287971893926,1647.5121508369352,8.775821056990708,-0.313422180606811,True
27936,2025,F,2,2,28,1664.384900801491,1666.6530399184246,-2.2681391169335257,0.08100496846191163,False
20420,2025,F,3,3,35,1674.8452135214766,1666.0548871346282,8.790326386848392,-0.2511521824813826,True
2393,2025,F,2,2,8,2056.2378864441716,1693.374624683973,362.8632617601986,-45.357907720024826,True
27938,2025,F,2,2,28,1702.34532289811,1801.237416272646,-98.89209337453599,3.5318604776619997,False
27866,2025,F,3,3,34,1758.1957315683633,1727.066471081875,31.129260486488192,-0.9155664848967116,True
20419,2025,F,2,2,14,1919.6988205261239,1728.9273269135938,190.7714936125301,-13.626535258037864,True
646,2025,F,3,3,21,1837.1448182966935,1675.351754195416,161.79306410127742,-7.704431623870353,True
18959,2025,F,3,3,34,1780.799701286682,1865.0403798776101,-84.24067859092816,2.4776670173802398,False
21481,2025,F,2,2,28,1783.081606825343,1875.408361463417,-92.32675463807391,3.2973840942169255,False
18611,2024,F,2,2,14,1920.1503501000652,1907.0226708245323,13.127679275532955,-0.9376913768237826,True
18572,2024,M,2,2,14,1929.994200686978,1754.3627967476168,175.63140393936123,-12.545100281382945,True
18574,2024,M,2,2,14,1945.1588051046465,1823.0466884090738,122.1121166955727,-8.722294049683764,True
18575,2024,M,2,2,14,1991.8265280904918,1968.9184738488284,22.90805424166342,-1.6362895886902444,True
18576,2024,M,2,2,14,2002.0838049364527,1963.802244933005,38.28156000344757,-2.7343971431033975,True
3077,2024,M,2,2,7,2085.1812184840314,1992.739297337257,92.44192114677435,-13.205988735253479,True
5038,2024,M,3,3,14,2167.18169998617,2210.7442436847655,-43.56254369859562,3.1116102641854013,False
18586,2024,M,2,2,7,2189.4956071210513,2023.1179390970344,166.37766802401688,-23.76823828914527,True
2371,2024,M,2,2,14,2341.921050382654,2177.8640775442723,164.05697283838163,-11.718355202741545,True
18592,2024,M,2,2,14,2705.342334805825,2275.289718520489,430.05261628533617,-30.718044020381154,True
18593,2024,F,2,2,14,1323.6653560527625,1349.4437344012313,-25.778378348468777,1.8413127391763413,False
833,2024,F,2,2,14,1533.1028940505314,1549.962769430172,-16.859875379640698,1.2042768128314785,False
1761,2024,F,2,2,7,1593.2185080232932,1601.8651569298947,-8.646648906601513,1.2352355580859304,False
901,2024,M,3,3,42,2237.4623285817597,1866.3781327828865,371.0841957988732,-8.835337995211267,True
825,2024,F,3,3,42,1490.2695519840318,1438.159608020537,52.10994396349474,-1.2407129515117796,True
7625,2024,M,2,2,7,2181.210883514698,2390.450499130013,-209.23961561531542,29.891373659330775,False
1768,2024,F,4,4,42,1537.2614709501916,1563.62080189791,-26.35933094771849,0.6276031178028212,False
1755,2024,F,2,2,7,1500.0953987981122,1601.8651569298947,-101.76975813178251,14.53853687596893,False
18817,2024,F,2,2,7,1529.229484787502,1586.4856669406347,-57.25618215313261,8.179454593304659,False
4957,2024,F,2,2,7,1654.8564569736773,1717.0123956655946,-62.1559386919173,8.879419813131042,False
19606,2024,F,2,2,14,1766.6613290891548,1818.476555241322,-51.81522615216727,3.7010875822976623,False
18834,2024,F,2,2,7,1673.8945212914662,1778.0920839288844,-104.19756263741829,14.885366091059755,False
823,2024,F,3,3,35,1589.2539550888114,1500.1611278096414,89.09282727917002,-2.5455093508334294,True
851,2024,F,2,2,7,1864.2751644693567,1869.627347966371,-5.352183497014266,0.7645976424306095,False
18812,2024,F,2,2,7,1409.7868519657043,1515.5317099693043,-105.74485800360003,15.106408286228575,False
1792,2024,F,2,2,7,1677.2898448640656,1653.444312376483,23.84553248758266,-3.406504641083237,True
5065,2024,F,2,2,14,1716.6455804625848,1863.0922156090191,-146.44663514643435,10.460473939031024,False
1773,2024,F,2,2,7,1755.7460717023425,1748.7766094613387,6.969462241003839,-0.9956374630005485,True
18852,2024,F,3,3,21,1854.69550153238,1951.7757994425779,-97.08029791019794,4.622871329057045,False
18847,2024,F,2,2,7,1822.197404480358,1897.4160780754448,-75.21867359508678,10.745524799298112,False
18875,2024,M,2,2,7,1744.431251740127,1625.8743373539023,118.55691438622466,-16.93670205517495,True
5007,2024,M,2,2,14,1653.8654430439467,1748.6323748263685,-94.7669317824218,6.769066555887272,False
831,2024,F,3,3,35,1745.196316316052,1599.195771854223,146.0005444618289,-4.171444127480825,True
20497,2024,M,2,2,7,1662.183920061436,1695.0819651734114,-32.89804511197531,4.699720730282187,False
2309,2024,M,3,3,21,1685.2119070108124,1610.3774019440127,74.8345050667997,-3.563547860323795,True
20498,2024,M,2,2,7,1790.2274681851225,1827.8688502595296,-37.64138207440715,5.377340296343879,False
23924,2024,F,2,2,7,1475.564583638392,1522.396926098862,-46.832342460470045,6.6903346372100065,False
18893,2024,M,2,2,7,1959.3725924535672,1978.2027502597816,-18.8301578062144,2.6900225437449143,False
19639,2024,M,2,2,14,1978.973147664095,1999.9228731270775,-20.949725462982542,1.49640896164161,False
18904,2024,M,2,2,7,2126.604525288538,1980.25714333795,146.34738195058776,-20.906768850083967,True
11413,2024,M,2,2,14,2004.3520796116863,2003.9122944062833,0.4397852054030409,-0.03141322895736006,True
18900,2024,M,2,2,7,2055.7874292518113,2007.4383440644858,48.3490851873255,-6.9070121696179285,True
19642,2024,M,2,2,14,2047.3212250723893,2046.209819767251,1.1114053051383053,-0.07938609322416466,True
18898,2024,M,2,2,7,2014.7513623500793,2051.7855792614864,-37.03421691140716,5.290602415915308,False
1562,2024,M,4,4,56,1782.363254782598,1803.720505098721,-21.3572503161231,0.38137946993076965,False
3012,2024,M,3,3,42,1880.6189556197016,1797.49003703275,83.12891858695161,-1.9792599663559909,True
11481,2024,M,3,3,20,1584.2049307409657,1464.2434245423733,119.96150619859236,-5.998075309929618,True
2574,2024,M,2,2,7,1545.407283505529,1614.7460450466494,-69.33876154112045,9.905537363017206,False
18871,2024,M,3,3,21,1724.112422497522,2016.6901850503257,-292.57776255280373,13.932274407276369,False
11488,2024,M,3,3,42,1687.5036665053158,1713.378718142136,-25.875051636820217,0.6160726580195289,False
18742,2024,M,3,3,35,1601.6671051179223,1608.4991723649507,-6.8320672470283625,0.1952019213436675,False
18744,2024,M,3,3,35,1674.1043108770245,1642.7667467277934,31.337564149231184,-0.8953589756923196,True
2071,2024,M,2,2,35,1743.5232997294972,1705.0714273875074,38.45187234198988,-1.0986249240568537,True
4575,2024,M,2,2,35,1754.5900950538048,1799.566859721407,-44.97676466760208,1.2850504190743453,False
2493,2024,M,3,3,35,1789.8026256311462,1734.1469450287073,55.655680602438906,-1.590162302926826,True
1534,2024,M,5,5+,56,1575.8031585303568,1626.152165218536,-50.349006688179315,0.8990894051460592,False
1542,2024,M,3,3,56,1733.852929147602,1860.8331290367926,-126.98019988919054,2.2675035694498313,False
1572,2024,M,2,2,35,1848.1548191593117,1843.180136183207,4.974682976104759,-0.14213379931727885,True
1280,2024,M,2,2,14,1845.210233995129,1911.95845037865,-66.74821638352091,4.767729741680065,False
1478,2024,F,3,3,42,1557.53972909182,1607.5310969764628,-49.99136788464284,1.1902706639200678,False
5005,2024,M,2,2,14,1810.7203299400633,1792.4684844296323,18.25184551043094,-1.3037032507450672,True
1842,2024,M,2,2,7,1840.8460885383709,1857.833094280752,-16.987005742381143,2.426715106054449,False
1868,2024,M,2,2,7,1864.750593529671,1862.3172022494464,2.4333912802246687,-0.3476273257463812,True
11401,2024,M,2,2,14,1859.718475331149,1887.7897010407746,-28.07122570962565,2.0050875506875463,False
1880,2024,M,2,2,7,1836.2643917483715,1904.728567045865,-68.46417529749351,9.780596471070501,False
476,2024,F,2,2,42,1420.891318239368,1529.6678494834275,-108.77653124405947,2.5899174105728444,False
11455,2024,F,2,2,42,1452.7985766995928,1867.732329105087,-414.93375240549426,9.879375057273673,False
11456,2024,F,2,2,42,1522.3350639822104,1522.768574389108,-0.4335104068975397,0.010321676354703328,False
11457,2024,F,2,2,7,1541.5376085874518,1662.6614626965456,-121.12385410909383,17.303407729870546,False
4545,2024,F,2,2,42,1579.263819958356,1622.315257892862,-43.05143793450611,1.0250342365358598,False
3076,2024,M,3,3,21,1954.492089351177,1931.498691137256,22.993398213920955,-1.0949237244724264,True
1855,2024,M,3,3,21,1879.9897154616249,1935.52364301901,-55.53392755738514,2.644472740827864,False
1887,2024,M,2,2,7,2219.832094754608,2162.1795765436405,57.65251821096763,-8.236074030138232,True
19661,2024,M,2,2,14,2521.708242112908,3013.91186476366,-492.2036226507521,35.157401617910864,False
1512,2024,F,4,4,42,2355.124208048926,2067.811306840355,287.312901208571,-6.840783362108834,True
2523,2024,F,2,2,35,1781.1578362146481,1815.4949605338102,-34.33712431916206,0.9810606948332017,False
1490,2024,F,2,2,35,1751.6097632847436,1849.0057252776483,-97.39596199290463,2.7827417712258464,False
4550,2024,F,2,2,7,1793.692234716887,1758.7013007879207,34.99093392896634,-4.998704846995191,True
18750,2024,M,2,2,35,1913.5495188029452,1843.180136183207,70.36938261973819,-2.010553789135377,True
18751,2024,M,3,3,35,1939.7073986603991,2037.3630575726488,-97.65565891224969,2.790161683207134,False
2586,2024,M,2,2,35,1974.9199292377402,1835.9112567729069,139.00867246483335,-3.971676356138096,True
18758,2024,F,3,3,35,1290.6598255782321,1321.7039859260801,-31.044160347847992,0.8869760099385141,False
18760,2024,F,3,3,35,1436.0363443933627,1490.24342037303,-54.20707597966725,1.5487735994190643,False
18761,2024,F,2,2,35,1482.1313381640139,1575.9915536881447,-93.86021552413081,2.6817204435465944,False
1486,2024,F,2,2,35,1594.4140152976513,1683.423123013978,-89.00910771632675,2.5431173633236215,False
2563,2024,M,3,3,42,1920.3865440360241,1879.524533234707,40.86201080131718,-0.9729050190789805,True
11511,2024,M,3,3,14,1999.4367502782263,2026.477287774739,-27.04053749651257,1.9314669640366122,False
1536,2024,M,2,2,7,1766.3598845113406,1866.2641205990872,-99.90423608774654,14.272033726820935,False
1578,2024,M,3,3,42,1909.5232028101018,1916.907341630535,-7.384138820433236,0.1758128290579342,False
11518,2024,M,2,2,7,2170.243392232236,2203.2983418393533,-33.05494960711712,4.722135658159589,False
1488,2024,F,4,4,43,1613.389292290575,1544.4520103998266,68.93728189074841,-1.6031926021104281,True
3371,2024,F,2,2,29,1834.034788822455,1711.5169703636884,122.51781845876667,-4.224752360647127,True
95,2024,M,3,3,35,1572.0942632254828,1558.7991236897,13.29513953578271,-0.3798611295937917,True
2959,2024,M,3,3,35,1608.6707312664792,1608.2863906634327,0.38434060304643936,-0.010981160087041125,True
2971,2024,M,2,2,28,1823.966364288279,1764.8948287720907,59.071535516188305,-2.1096976970067254,True
504,2024,M,3,3,42,1530.17920696562,1621.998519841222,-91.81931287560201,2.186174116085762,False
11480,2024,M,3,3,42,1546.8621952768578,1576.308420690765,-29.446225413907086,0.7011006050930259,False
2553,2024,M,2,2,42,1647.2511074985503,1672.8806757133218,-25.629568214771552,0.6102278146374179,False
11484,2024,M,4,4,70,1658.6964134330037,1662.0700349703325,-3.373621537328745,0.04819459339041064,False
531,2024,M,2,2,42,1666.4559428800912,1818.2582639193213,-151.80232103923004,3.6143409771245247,False
532,2024,M,2,2,42,1698.3670077312381,1788.1443349337928,-89.77732720255472,2.1375554095846363,False
3444,2024,M,2,2,42,1701.66480774625,1749.723115193636,-48.058307447385914,1.1442454154139503,False
11490,2024,M,3,3,42,1712.9161254445266,1805.7973277873784,-92.8812023428518,2.2114571986393283,False
521,2024,M,3,3,42,1740.0744785093323,1710.2634841091503,29.810994400181926,-0.7097855809567125,True
513,2024,M,3,3,42,1757.2424374110128,1827.6039660182785,-70.36152860726565,1.6752744906491823,False
2566,2024,M,2,2,42,1783.5278434130212,1814.1046185420068,-30.576775128985673,0.7280184554520398,False
11498,2024,M,2,2,42,1819.900637696243,1871.2172424800783,-51.31660478383537,1.2218239234246517,False
11500,2024,M,2,2,42,1829.3090671508364,1867.063597102764,-37.75452995192768,0.8989173798078018,False
11501,2024,M,2,2,42,1851.3267319569468,2010.3643626201062,-159.03763066315946,3.7866102538847493,False
11503,2024,M,3,3,42,1869.755614393779,1945.9828592717352,-76.22724487795608,1.8149344018560971,False
548,2024,M,2,2,7,1927.1761323022254,2103.293125781592,-176.11699347936678,25.159570497052396,False
5215,2024,M,2,2,42,2032.026773955993,2071.6306319354917,-39.6038579794988,0.9429489995118762,False
21,2024,M,2,2,42,1686.2427429701638,1733.1085336843787,-46.86579071421488,1.115852159862259,False
11494,2024,M,2,2,21,1745.7971314765591,1709.6815122987969,36.115619177762255,-1.7197913894172503,True
11463,2024,F,2,2,42,1649.2852199835297,1643.9986939035805,5.286526079949226,-0.12586966857021967,True
11464,2024,F,2,2,42,1651.0309058567336,1740.5885452240548,-89.55763936732114,2.13232474684098,False
11465,2024,F,2,2,42,1660.8261432563768,1616.4015935263021,44.42454973007466,-1.057727374525587,True
497,2024,F,2,2,42,1717.0760213929434,1803.667631800691,-86.59161040774757,2.0617050097082754,False
11468,2024,F,2,2,42,1720.7613582363736,1792.8259137953314,-72.06455555895786,1.7158227514037587,False
4549,2024,F,2,2,7,1736.1815834496736,1709.0605382656809,27.121045183992692,-3.87443502628467,True
11475,2024,F,2,2,42,1989.8879303552903,2203.825587271227,-213.9376569159367,5.093753736093731,False
11476,2024,F,3,3,21,2071.935166395868,2003.2651695308855,68.6699968649823,-3.2699998507134427,True
11478,2024,F,2,2,42,2259.3054501197407,1697.2216732026175,562.0837769171233,-13.382947069455316,True
507,2024,M,4,4,70,1570.9167365628286,1597.2630505425802,-26.346313979751585,0.3763759139964512,False
11485,2024,M,4,4,70,1661.4122487394845,1636.8673188039845,24.544929935500022,-0.3506418562214289,True
11486,2024,M,2,2,42,1679.162172349697,1696.764136632879,-17.601964283182042,0.4190943876948105,False
530,2024,M,2,2,7,1711.5582077912861,1778.4247989544988,-66.86659116321266,9.552370166173237,False
11491,2024,M,2,2,42,1713.6920783892353,1728.9548883070643,-15.262809917828918,0.36340023613878375,False
11493,2024,M,2,2,42,1744.5362079414074,1760.1072286369215,-15.571020695514108,0.3707385879884311,False
3092,2024,M,3,3,42,1790.8024022696657,1846.2953702161929,-55.49296794652719,1.3212611415839806,False
552,2024,M,2,2,42,1792.839278749526,1884.7165899563495,-91.87731120682338,2.18755502873389,False
11502,2024,M,2,2,42,1858.892273167857,1835.9112567729069,22.981016394950075,-0.5471670570226208,True
11506,2024,M,2,2,42,1903.024596898166,1889.9086466779922,13.115950220173772,-0.31228452905175647,True
11507,2024,M,2,2,42,1931.3468793800348,1913.7921075975494,17.55477178248543,-0.4179707567258436,True
11508,2024,M,2,2,42,1959.4751736257265,2093.4372701663915,-133.96209654066502,3.189573727158691,False
551,2024,M,2,2,42,1995.5569855546826,2101.7445609210204,-106.1875753663378,2.5282756039604237,False
11528,2024,M,2,2,42,2560.3537351845507,2347.8480495268905,212.50568565766025,-5.059659182325244,True
2527,2024,F,2,2,14,1877.55184598535,1926.899090738004,-49.34724475265398,3.5248031966181412,False
2535,2024,F,2,2,14,2034.8819842893136,2242.6596473581317,-207.77766306881813,14.841261647772724,False
7959,2024,M,2,2,14,1900.7683460330634,1965.7188714788854,-64.950525445822,4.639323246130142,False
7961,2024,M,2,2,14,2124.852973975885,2264.810127499788,-139.9571535239029,9.996939537421635,False
4340,2024,M,2,2,14,2236.748954929484,2272.726681080715,-35.977726151230854,2.5698375822307753,False
7964,2024,M,2,2,14,2400.4468241885415,3122.597670994209,-722.1508468056672,51.582203343261945,False
677,2024,M,4,4,35,1655.9969265017385,1608.1389716409026,47.85795486083589,-1.3673701388810253,True
3859,2024,M,4,4,50,1684.1834812863706,1860.8331290367926,-176.649647750422,3.53299295500844,False
537,2024,M,2,2,15,1802.0549833395544,1884.5259256062004,-82.47094226664603,5.498062817776402,False
7952,2024,M,2,2,15,1806.9799764615539,1935.3077205277607,-128.32774406620683,8.555182937747123,False
2688,2024,M,3,3,35,1582.7642463034013,1597.4864074134784,-14.722161110077195,0.42063317457363414,False
2944,2025,M,2,2,28,1595.305254884099,1574.401801542692,20.90345334140693,-0.7465519050502475,True
2928,2025,F,3,3,28,1378.9117959809837,1302.0126217788513,76.89917420213237,-2.7463990786475847,True
27946,2025,F,2,2,21,1390.3957495173916,1373.8154574483863,16.58029206900528,-0.7895377175716801,True
2925,2025,F,2,2,8,1444.180639919188,1427.3597249627048,16.820914956483193,-2.102614369560399,True
27947,2025,F,2,2,21,1576.0529983559866,1678.0103969840463,-101.95739862805976,4.855114220383799,False
27948,2025,F,2,2,21,1708.477337572691,1674.356107125988,34.121230446703066,-1.6248204974620508,True
7717,2025,M,4,4,57,1603.7764978178632,1537.414361799274,66.36213601858913,-1.164248000326125,True
7720,2025,M,5,5+,57,1637.7494203954104,1650.0502306866508,-12.300810291240396,0.21580368932000693,False
90,2025,M,4,4,36,1643.4213889461964,1548.0135096277138,95.40787931848263,-2.650218869957851,True
27949,2025,M,2,2,28,1565.433200835145,1607.813025054522,-42.37982421937704,1.5135651506920371,False
20489,2025,M,3,3,28,1577.4213277890017,1607.364752824936,-29.943425035934297,1.0694080369976535,False
20490,2025,M,2,2,28,1586.265028000863,1709.0229328899998,-122.75790488913685,4.384210888897745,False
26543,2025,M,4,4,36,1653.7091505494736,1616.0014644482978,37.707686101175796,-1.047435725032661,True
2971,2025,M,2,2,21,1723.5389079560887,1705.2954574813289,18.24345047475981,-0.8687357368933244,True
102,2025,M,3,3,50,1693.6529904005383,1668.4113415337122,25.241648866826154,-0.5048329773365231,True
18780,2025,M,3,3,28,1568.774154248515,1602.9517617647866,-34.177607516271564,1.2206288398668417,False
27747,2025,F,3,3,28,1358.8038479391582,1350.7843759921323,8.019471947025977,-0.2864097123937849,True
4655,2025,F,4,4,36,1394.9757979931296,1463.6478625201494,-68.67206452701976,1.907557347972771,False
357,2025,F,3,3,36,1509.0674104765474,1517.9242094965255,-8.856799019978098,0.2460221949993916,False
26935,2025,F,4,4,36,1512.5960170481994,1526.6448933269455,-14.048876278746093,0.3902465632985026,False
3431,2025,F,5,5+,36,1604.339787911154,1627.9039244397104,-23.564136528556446,0.6545593480154568,False
26941,2025,F,4,4,36,1698.4359631552102,1690.6432986787897,7.792664476420441,-0.21646290212279004,True
26940,2025,F,4,4,36,1645.5068645804286,1634.9498405799702,10.557024000458341,-0.29325066667939836,True
360,2025,F,3,3,20,1804.6056353207719,1735.9456489334962,68.6599863872757,-3.432999319363785,True
26942,2025,F,4,4,36,1720.7838047756734,1666.7109674850797,54.072837290593725,-1.5020232580720478,True
18766,2025,F,3,3,28,1873.556311769128,1838.9642928718556,34.59201889727228,-1.235429246331153,True
364,2025,M,5,5+,36,1609.852204824326,1610.1504602646762,-0.29825544035020357,0.00828487334306121,False
18131,2024,M,2,2,36,1889.4182206942296,1895.981841503477,-6.563620809247368,0.18232280025687134,False
1718,2024,M,3,3,36,1844.3819667846885,1897.075371298807,-52.69340451411858,1.4637056809477385,False
323,2024,M,2,2,36,1834.9389507431076,1902.9406674737602,-68.00171673065256,1.88893657585146,False
4918,2024,M,3,3,36,1831.0820112775414,1983.9612841277733,-152.87927285023193,4.246646468061998,False
18790,2024,M,2,2,36,2009.2726145866986,1994.598346682349,14.674267904349563,-0.40761855289859894,True
27744,2025,M,4,4,28,1685.069378383669,1689.1162652068633,-4.046886823194427,0.14453167225694383,False
26020,2025,M,5,5+,36,1733.7614545041297,1669.5812052614726,64.18024924265706,-1.7827847011849183,True
1552,2025,M,4,4,28,1716.4195063535979,1781.0822347868436,-64.66272843324577,2.3093831583302062,False
26931,2025,M,4,4,28,1795.7160793440316,1737.4533481798362,58.26273116419543,-2.080811827292694,True
367,2025,M,5,5+,36,1767.6428899634511,1741.4849467814465,26.1579431820046,-0.7266095328334612,True
368,2025,M,5,5+,36,1781.1954641471796,1765.9037717131848,15.29169243399474,-0.4247692342776317,True
370,2025,M,5,5+,36,1856.7026631708102,1765.6053746671757,91.09728850363445,-2.530480236212068,True
371,2025,M,5,5+,36,1871.223278367662,1831.5809615397704,39.64231682789159,-1.1011754674414331,True
18752,2025,M,5,5+,36,1976.73974879812,1897.1188994115514,79.62084938656858,-2.211690260738016,True
26932,2025,M,3,3,28,1830.5655558164765,1821.2822288502016,9.283326966274899,-0.33154739165267494,True
8001,2025,M,5,5+,36,1913.8170829450946,1800.5576153230322,113.2594676220624,-3.1460963228350667,True
4535,2024,M,2,2,36,1656.7483474339501,1579.8523188534634,76.8960285804867,-2.1360007939024084,True
4144,2024,M,2,2,14,1732.8264783922427,1672.84059474921,59.98588364303282,-4.284705974502344,True
18791,2024,M,2,2,36,2016.0222586514396,2018.0595313821614,-2.0372727307217247,0.056590909186714576,False
287,2024,F,2,2,36,1516.8248646427226,1499.0839288941402,17.740935748582388,-0.4928037707939552,True
18795,2024,F,2,2,36,1696.8375271954787,1680.0404400533703,16.797087142108467,-0.4665857539474574,True
18796,2024,F,2,2,14,1717.3610806245092,1616.945808790335,100.41527183417429,-7.172519416726735,True
305,2024,F,2,2,36,2073.646131974263,2321.0980309879938,-247.45189901373078,6.873663861492521,False
18974,2024,M,3,3,63,1766.1637952376964,1721.9673993656795,44.196395872016865,-0.7015300932066169,True
256,2025,F,4,4,42,1588.3982858684958,1491.7882668021168,96.61001906637898,-2.3002385491994994,True
7993,2025,F,4,4,50,1528.8121243694432,1539.5700877059617,-10.757963336518515,0.21515926673037028,False
18727,2025,F,3,3,36,1510.1949966958077,1603.3787277046376,-93.18373100882991,2.5884369724674974,False
26876,2025,F,3,3,22,1616.877063207661,1604.3362324474226,12.54083076023835,-0.5700377618290159,True
26875,2025,F,5,5+,50,1589.8353836187516,1563.3614526976678,26.47393092108382,-0.5294786184216764,True
399,2024,M,2,2,14,1678.5093424982274,1569.909208432204,108.60013406602343,-7.757152433287388,True
27952,2025,M,2,2,28,1498.765871221749,1513.6639614900296,-14.898090268280612,0.5320746524385933,False
2363,2024,M,3,3,21,2019.9570482453903,1905.9129866336557,114.0440616117346,-5.430669600558791,True
20397,2025,M,4,4,50,1526.7359806007423,1560.1570600177752,-33.42107941703284,0.6684215883406569,False
21207,2024,M,2,2,14,2145.513957951363,1986.255223376936,159.25873457442685,-11.375623898173346,True
21208,2024,F,2,2,14,1594.0307901447036,1451.901187133832,142.1296030108715,-10.152114500776536,True
21210,2024,M,3,3,21,2212.971392041329,2011.144392132599,201.82699990873016,-9.610809519463341,True
385,2024,F,2,2,14,1654.9937231847205,1532.241577837137,122.75214534758356,-8.768010381970255,True
17703,2024,M,2,2,7,2421.770552772961,2467.6794607857005,-45.90890801273963,6.558415430391376,False
7976,2025,M,4,4,28,1503.267654809678,1527.1534637957604,-23.88580898608234,0.8530646066457978,False
27183,2025,M,3,3,14,1497.1101653634103,1485.9769558352396,11.13320952817071,-0.7952292520121935,True
8,2025,M,3,3,28,1535.3722161987225,1616.7054111179027,-81.33319491918019,2.9047569613992925,False
2334,2024,F,2,2,21,1876.242626110449,1848.0280949509956,28.214531159453372,-1.343549102831113,True
2350,2024,M,2,2,21,1843.4268487177378,1752.7948204488162,90.63202826892166,-4.315810869948651,True
3151,2024,M,3,3,21,2046.1318712653363,1880.6255911779017,165.50628008743456,-7.881251432734979,True
26506,2025,M,4,4,28,1567.1986112749905,1556.5666025912165,10.632008683774075,-0.3797145958490741,True
7975,2025,M,4,4,50,1525.2793258964693,1608.740854624927,-83.46152872845755,1.6692305745691511,False
27,2025,M,4,4,36,1588.5943891200532,1633.3314227969893,-44.73703367693611,1.2426953799148919,False
7,2025,M,5,5+,57,1605.9198949467827,1589.526362085623,16.393532861159656,-0.2876058396694676,True
4910,2025,M,2,2,8,1524.4830127526902,1605.9501758129088,-81.46716306021858,10.183395382527323,False
2059,2025,M,5,5+,50,1652.6556872590033,1711.7823042528,-59.12661699379669,1.1825323398759338,False
26887,2025,M,3,3,22,1546.9672959378663,1622.1349479000123,-75.16765196214601,3.416711452824819,False
312,2025,M,3,3,22,1594.3894990880856,1622.18320303444,-27.793703946354526,1.2633501793797512,False
27186,2025,M,2,2,8,1621.5745951765232,1647.816330442519,-26.241735265995885,3.2802169082494856,False
8004,2025,M,5,5+,42,1573.695616223233,1606.5506015893584,-32.85498536612545,0.7822615563363202,False
27185,2025,M,2,2,8,1612.8754683616285,1666.288395901503,-53.412927539874545,6.676615942484318,False
26507,2025,M,4,4,28,1676.2858635727646,1658.1050289280054,18.180834644759216,-0.6493155230271148,True
18736,2025,M,3,3,36,1783.1298074531444,1758.2754027805452,24.85440467259923,-0.6904001297944231,True
20475,2025,M,2,2,7,1884.6023396066073,1813.1287699654772,71.4735696411301,-10.210509948732872,True
26,2025,M,2,2,7,1876.6101286091034,1814.4702627025715,62.139865906531895,-8.877123700933128,True
24644,2025,M,2,2,8,1668.981941161613,1824.352914233397,-155.3709730717842,19.421371633973024,False
8014,2025,M,5,5+,42,1785.375447136854,1634.9243340955845,150.45111304126954,-3.582169358125465,True
21205,2024,M,2,2,14,2010.1503012982805,2047.781248540935,-37.63094724265443,2.687924803046745,False
2803,2024,M,3,3,36,1783.7913575851708,1816.1541664443698,-32.36280885919905,0.8989669127555291,False
27573,2025,M,2,2,7,1962.2827318628374,1860.341593489694,101.9411383731433,-14.5630197675919,True
26890,2025,M,4,4,28,1773.5580277136576,1812.742422001146,-39.18439428748843,1.3994426531245867,False
27763,2025,M,3,3,14,1816.3785753541367,1782.5526986830375,33.825876671099195,-2.416134047935657,True
27091,2025,M,5,5+,42,1955.9333867536568,1831.8479933844083,124.08539336924855,-2.954414127839251,True
27958,2025,M,3,3,28,1996.1701458772307,1923.7390639221153,72.43108195511536,-2.5868243555398345,True
20468,2025,M,2,2,7,2052.828634505294,2005.406178606723,47.42245589857089,-6.774636556938698,True
26888,2025,M,4,4,28,1575.9385395006286,1563.0704979684294,12.868041532199186,-0.45957291186425664,True
27584,2025,M,2,2,7,2073.5888899012502,2032.1202210259853,41.46866887526494,-5.924095553609277,True
4918,2025,M,2,2,8,1744.8052424991827,2064.875806275616,-320.07056377643335,40.00882047205417,False
2,2025,M,3,3,28,2090.325564172869,1528.0001631773857,562.325400995483,-20.083050035552965,True
8022,2025,M,5,5+,42,2190.817713470482,2018.6168431446881,172.20087032579386,-4.100020722042711,True
18739,2025,M,5,5+,42,2309.190014846323,2018.6168431446881,290.5731717016347,-6.918408850038921,True
3400,2025,M,2,2,7,2086.356934299702,2242.27133145931,-155.91439715960814,22.27348530851545,False
5670,2025,M,2,2,7,2466.7666845833487,2365.8237776483998,100.94290693494895,-14.420415276421279,True
27602,2025,F,2,2,7,1470.5500923281531,1357.980827131215,112.5692651969382,-16.0813235995626,True
282,2025,F,2,2,22,1381.3990745750348,1388.988631493259,-7.589556918224162,0.3449798599192801,False
448,2025,F,2,2,8,1444.399072188786,1425.9128451955742,18.486226993211858,-2.3107783741514822,True
27605,2025,F,2,2,7,1563.9852705392825,1461.867155727353,102.11811481192944,-14.58830211598992,True
26874,2025,F,5,5+,50,1540.059548623237,1481.9332662406991,58.126282382537966,-1.1625256476507593,True
20462,2025,F,2,2,7,1839.5847311389518,1683.9749817801544,155.60974935879744,-22.229964194113922,True
26878,2025,F,3,3,50,1709.9674469252334,1715.5664613684564,-5.599014443223041,0.11198028886446082,False
26622,2025,F,2,2,28,1697.8445971188228,1690.5805508541541,7.26404626466865,-0.2594302237381661,True
27620,2025,F,2,2,7,1795.3672438638002,1700.5700250280295,94.79721883577076,-13.542459833681537,True
27106,2025,F,3,3,14,1848.7452813085786,1707.7667065534085,140.97857475517003,-10.06989819679786,True
20463,2025,F,2,2,7,1719.579843279117,1737.6009280791036,-18.02108479998651,2.5744406857123585,False
27622,2025,F,2,2,7,1848.212533534103,1737.6882193644517,110.52431416965123,-15.789187738521605,True
26633,2025,F,2,2,28,1780.8198133581989,1797.7910115071556,-16.971198148956773,0.6061142196055991,False
27969,2025,F,2,2,28,1799.0054978057535,1722.9328254244656,76.07267238128793,-2.7168811564745687,True
18741,2025,F,5,5+,42,2039.3686129195012,1931.1819281970554,108.18668472244576,-2.575873445772518,True
27107,2025,F,4,4,28,2054.517486954806,2076.453028391141,-21.935541436334915,0.7834121941548184,False
49,2025,M,2,2,7,2245.5188923353653,2124.461246267136,121.05764606822913,-17.293949438318446,True
635,2024,F,2,2,14,1669.7714320467217,1567.0259248761379,102.74550717058378,-7.338964797898841,True
18897,2024,M,2,2,21,1991.5440720876923,2105.5280462622127,-113.98397417452043,5.427808294024782,False
18911,2024,F,2,2,36,1588.6280011797678,1456.804370212077,131.82363096769086,-3.661767526880302,True
1706,2024,F,2,2,15,1609.1817863978956,1460.7747114064587,148.40707499143696,-9.89380499942913,True
18912,2024,F,2,2,36,1624.0483592012988,1516.1947149960572,107.85364420524161,-2.9959345612567114,True
18913,2024,F,2,2,36,1853.8316958874566,1739.6297474664427,114.20194842101387,-3.172276345028163,True
18914,2024,F,2,2,36,1865.3058963733047,1678.0508137624497,187.25508261085497,-5.201530072523749,True
1712,2024,M,3,3,36,1602.6885114762022,1588.8987926148318,13.789718861370375,-0.3830477461491771,True
1715,2024,M,3,3,36,1609.8561702931797,1573.291140081482,36.56503021169783,-1.015695283658273,True
18915,2024,M,2,2,36,1681.2460521102773,1645.6629301724286,35.58312193784877,-0.9884200538291326,True
2796,2024,M,3,3,36,1695.2946633915533,1665.6447018870992,29.64996150445404,-0.82361004179039,True
4117,2024,F,2,2,28,1519.6829009697267,1477.0884471684494,42.59445380127727,-1.5212304929027596,True
570,2024,F,2,2,28,1555.5249382418447,1443.8372817472548,111.68765649458987,-3.988844874806781,True
18928,2024,F,2,2,28,1571.4980200696368,1497.7957597660793,73.70226030355752,-2.6322235822699116,True
2700,2024,F,2,2,28,1573.0563695162505,1478.2830998183126,94.77326969793785,-3.384759632069209,True
18932,2024,F,2,2,28,1649.8050797619817,1587.7929260557792,62.012153706202525,-2.2147197752215186,True
623,2024,F,2,2,28,1657.1098427929842,1591.2773296178807,65.83251317510349,-2.3511611848251244,True
3098,2024,F,2,2,28,1667.239114195974,1594.8612875674703,72.37782662850373,-2.5849223795894187,True
18824,2024,F,2,2,14,1609.2621118559148,1505.6889724547382,103.5731394011766,-7.398081385798329,True
1751,2024,F,2,2,21,1664.7999045791466,1765.405828879836,-100.60592430068937,4.790758300032827,False
18842,2024,F,2,2,21,1805.9483559543469,1893.9049060504599,-87.956550096113,4.188407147433953,False
2096,2024,F,2,2,21,1824.986420272136,1846.8792033146865,-21.89278304255049,1.04251347821669,False
18850,2024,F,2,2,21,1837.112575888562,1875.500946148785,-38.38837026022293,1.828017631439187,False
1821,2024,M,2,2,14,1659.2714527086205,1672.1642839947683,-12.892831286147839,0.9209165204391313,False
1452,2024,F,2,2,56,1463.9947673053382,1491.2290311007898,-27.234263795451625,0.4863261392044933,False
3440,2024,M,2,2,35,1692.3393419877636,1625.113753874208,67.22558811355566,-1.920731088958733,True
25996,2024,M,2,2,22,1479.8440345587364,1556.5786051485222,-76.73457058978579,3.487935026808445,False
22586,2024,M,2,2,35,1794.2356897474854,1714.4171294864645,79.81856026102082,-2.2805302931720233,True
17931,2024,F,2,2,14,1670.8427972912687,1613.8627791572567,56.98001813401197,-4.070001295286569,True
18938,2024,F,2,2,28,1729.767885741354,1590.0826769680173,139.68520877333663,-4.988757456190593,True
18941,2024,F,2,2,14,1756.746810535856,1604.5444008264315,152.2024097094245,-10.871600693530322,True
3116,2024,F,2,2,28,1758.5973505037098,1625.1258213640067,133.47152913970308,-4.7668403264179675,True
2713,2024,F,2,2,14,1761.2270651948706,1590.6893146436905,170.53775055118012,-12.181267896512866,True
18943,2024,F,2,2,28,1769.2136061087667,1710.145268279276,59.0683378294907,-2.109583493910382,True
612,2024,F,3,3,28,1819.8599631237162,1691.727706593884,128.13225652983215,-4.576152018922577,True
2405,2024,F,2,2,28,1983.7788455394086,1816.2702453421302,167.50860019727838,-5.9824500070456565,True
650,2024,F,2,2,28,2022.0558038218608,1754.7456338741715,267.31016994768925,-9.546791783846045,True
18958,2024,F,2,2,14,2125.2964546600274,1765.5044437711888,359.7920108888386,-25.699429349202756,True
18965,2024,M,3,3,28,1645.8707981421367,1567.918074931751,77.95272321038556,-2.784025828942341,True
699,2024,M,3,3,28,1683.4261559833667,1623.172029569323,60.25412641404364,-2.1519330862158443,True
747,2024,M,2,2,28,1692.4046862641749,1656.4239590268887,35.980727237286146,-1.2850259727602196,True
5409,2024,M,2,2,14,1705.6311233445053,1649.5402444704519,56.09087887405349,-4.006491348146677,True
709,2024,M,2,2,28,1706.4034700353275,1750.2063468982274,-43.80287686289989,1.5643884593892818,False
18968,2024,M,3,3,28,1726.9672006784688,1740.9475761211208,-13.980375442652075,0.49929912295185985,False
4368,2024,M,2,2,28,1731.215107477991,1621.3800094189153,109.83509805907579,-3.922682073538421,True
18969,2024,M,3,3,28,1733.7252342231634,1723.1269312920658,10.598302931097578,-0.37851081896777067,True
678,2024,M,3,3,28,1743.8622845402047,1754.9850672993146,-11.122782759109896,0.397242241396782,False
2728,2024,M,2,2,14,1747.3378446489048,1654.861184562408,92.47666008649685,-6.605475720464061,True
1529,2024,M,2,2,14,1757.0887216205354,1624.6929187199428,132.39580290059257,-9.45684306432804,True
711,2024,M,2,2,28,1784.9897458264877,1890.5812586801671,-105.59151285367943,3.77112545905998,False
3142,2024,M,2,2,28,1794.45099278906,1710.1845635391212,84.26642924993871,-3.009515330354954,True
18976,2024,M,2,2,28,1798.312726243171,1765.2394048266476,33.07332141652341,-1.1811900505901218,True
18980,2024,M,2,2,28,1832.1028939666428,1763.8456113763307,68.25728259031212,-2.437760092511147,True
18990,2024,M,3,3,28,1862.0313282360034,1664.2889363536783,197.74239188232514,-7.062228281511612,True
693,2024,M,2,2,14,1881.243452170206,1668.4710753664199,212.77237680378607,-15.198026914556149,True
3137,2024,M,2,2,14,1883.367405569967,1679.171534707307,204.19587086266006,-14.585419347332861,True
18994,2024,M,3,3,28,1889.1600057511337,1837.4179942180706,51.74201153306308,-1.8479289833236814,True
3153,2024,M,3,3,28,1900.7452061134668,1789.6307902071974,111.11441590626941,-3.968371996652479,True
760,2024,M,2,2,28,1935.2111771914083,1817.1084325134498,118.10274467795853,-4.217955167069947,True
3437,2024,M,2,2,8,1722.0452233500253,1735.1853563730358,-13.140133023010549,1.6425166278763186,False
18997,2024,M,2,2,28,1943.3208174450417,1977.992019350056,-34.671201905014186,1.2382572108933638,False
19000,2024,M,2,2,28,1976.724811823102,1923.0367347375516,53.6880770855505,-1.9174313244839465,True
19005,2024,M,2,2,28,2038.8987204342905,2117.072694356701,-78.1739739224106,2.791927640086093,False
529,2024,M,3,3,63,1842.819204301801,1774.1730257102572,68.64617859154373,-1.089621882405456,True
786,2024,M,2,2,28,2120.381296316034,2010.04926870735,110.33202760868403,-3.940429557453001,True
2626,2024,M,2,2,28,2131.9664966783675,1920.9460445620762,211.02045211629138,-7.536444718438978,True
19014,2024,M,2,2,28,2303.6205487136035,2090.491062125653,213.1294865879504,-7.611767378141086,True
4589,2024,M,2,2,35,2389.5441180675753,2290.735425588819,98.80869247875626,-2.823105499393036,True
371,2024,M,3,3,14,1658.6051742316563,1780.875455523493,-122.27028129183668,8.733591520845478,False
2641,2024,M,2,2,35,1872.9328690280556,1917.9457529748638,-45.01288394680819,1.2860823984802339,False
20764,2024,F,2,2,14,1471.0763077687254,1371.1625788805723,99.91372888815317,-7.13669492058237,True
20765,2024,M,2,2,14,1681.9750551845548,1554.0796971036023,127.89535808095252,-9.135382720068037,True
20766,2024,M,2,2,14,1777.092680842689,1650.4505585255297,126.64212231715942,-9.045865879797102,True
20394,2024,F,2,2,22,1366.5535750669578,1399.105207775379,-32.551632708421266,1.479619668564603,False
1719,2024,M,2,2,21,1811.3446376259487,1792.2953345462554,19.049303079693345,-0.9071096704615879,True
20482,2024,M,2,2,21,2214.341103765857,2119.6583905482976,94.68271321755947,-4.508700629407594,True
27986,2025,M,3,3,28,1816.936660540652,1848.2048700659814,-31.26820952532944,1.1167217687617657,False
11358,2025,M,4,4,35,1765.2590026341009,1797.0514253212366,-31.79242268713574,0.908354933918164,False
27501,2025,M,3,3,28,1836.6725175050497,1875.5969411133265,-38.92442360827681,1.390157986009886,False
19498,2025,M,2,2,7,2914.106613750539,2895.5336997227023,18.57291402783676,-2.6532734325481084,True
1676,2025,F,4,4,42,1514.179652300783,1434.9685283278984,79.21112397288448,-1.8859791422115353,True
27177,2025,M,4,4,42,1886.2456163200895,1661.8388111421443,224.40680517794522,-5.343019170903458,True
27176,2025,M,4,4,42,1817.468623327813,1707.6076827558636,109.86094057194941,-2.6157366802845097,True
27988,2025,M,2,2,28,1760.4101860798148,1809.9145722453536,-49.50438616553879,1.7680137916263854,False
27475,2025,M,3,3,34,2038.8033983485527,1999.172346369186,39.6310519793667,-1.1656191758637267,True
19488,2025,M,3,3,14,1860.6859394917542,1806.5501705337138,54.135768958040444,-3.866840639860032,True
20492,2025,M,2,2,7,1592.2634892547624,1634.8886677215328,-42.62517846677042,6.089311209538631,False
20488,2025,M,2,2,7,1628.850152654414,1552.2870382164363,76.56311443797767,-10.937587776853954,True
28685,2025,M,2,2,7,1648.184568272116,1672.7626903190217,-24.57812204690572,3.5111602924151026,False
22531,2025,M,3,3,36,1739.7963632108613,1658.6869423100127,81.10942090084859,-2.2530394694680163,True
5137,2025,M,3,3,57,1522.711426076627,1500.6261541578942,22.085271918732815,-0.38746091085496165,True
28690,2025,M,2,2,7,1517.0079946197063,1503.754098159896,13.253896459810221,-1.8934137799728887,True
3268,2025,M,2,2,7,1599.0057470086276,1592.5916924587927,6.414054549834873,-0.9162935071192676,True
28691,2025,M,2,2,7,1632.320432380668,1542.8633597900225,89.45707259064557,-12.779581798663653,True
22524,2025,M,2,2,7,1694.3888640559583,1620.3945322982436,73.99433175771469,-10.57061882253067,True
22525,2025,M,2,2,7,1756.258994032605,1735.9690746906858,20.28991934191913,-2.898559905988447,True
3298,2025,M,2,2,7,2047.1675859420307,1939.0862027187752,108.08138322325544,-15.440197603322206,True
28694,2025,M,2,2,7,2168.726527210251,2088.3210087505954,80.40551845965547,-11.486502637093638,True
28695,2025,M,2,2,7,1555.577675005789,1531.6764772605695,23.901197745219406,-3.4144568207456296,True
2950,2025,M,2,2,7,1686.3576452609127,1648.9743773356433,37.383267925269365,-5.340466846467052,True
28699,2025,M,2,2,7,1840.8346685038866,1806.4673539969529,34.36731450693378,-4.909616358133397,True
22519,2025,M,2,2,7,1871.8688843415318,1764.5788045433917,107.29007979814014,-15.327154256877163,True
1686,2025,F,2,2,28,1401.2274238107932,1377.2467846915322,23.980639119261014,-0.8564513971164648,True
1060,2025,F,3,3,35,1610.542412789375,1622.2900417868477,-11.747628997472702,0.33564654278493433,False
11448,2025,F,3,3,35,1683.0688382684168,1570.8489023803454,112.2199358880714,-3.206283882516326,True
11437,2025,F,3,3,35,1644.0313906745064,1639.935548908846,4.095841765660452,-0.1170240504474415,True
24603,2025,F,2,2,7,1760.1529352939556,1704.3790277935177,55.77390750043787,-7.967701071491125,True
27975,2025,F,2,2,28,1403.0247653363824,1404.761812746173,-1.737047409790648,0.06203740749252314,False
1016,2025,F,2,2,28,1478.2135524902008,1471.8546166620183,6.358935828182439,-0.22710485100651567,True
11428,2025,F,3,3,35,1500.5638167760744,1508.1425522123416,-7.578735436267152,0.2165352981790615,False
1004,2025,F,3,3,35,1551.4908423173686,1522.1991426315603,29.291699685808226,-0.8369057053088065,True
1050,2025,F,3,3,35,1546.4377716897302,1585.4039534527278,-38.96618176299762,1.1133194789427892,False
11381,2025,M,2,2,7,1605.4193350005091,1593.1277749103765,12.291560090132634,-1.7559371557332335,True
11380,2025,M,3,3,35,1611.5517974963525,1583.862215059512,27.68958243684051,-0.7911309267668717,True
1216,2025,M,2,2,7,1605.1226029442587,1605.711407034167,-0.588804089908308,0.08411486998690114,False
1195,2025,M,3,3,35,1617.3875279359452,1595.2296472250107,22.157880710934478,-0.6330823060266993,True
11386,2025,M,3,3,35,1643.2032168297367,1689.3599627007206,-46.15674587098397,1.3187641677423991,False
27492,2025,M,2,2,7,1680.3936345464638,1791.7693962930707,-111.37576174660694,15.910823106658134,False
20451,2025,M,2,2,28,1617.2963381957522,1593.9333611008747,23.36297709487758,-0.8343920391027707,True
1273,2025,M,3,3,35,1722.331765163198,1782.8919922729835,-60.5602271097855,1.7302922031367285,False
11402,2025,M,3,3,35,1701.263789169414,1697.0379651282947,4.225824041119267,-0.12073782974626478,True
1703,2025,M,2,2,7,1710.0668401715118,1713.17163056749,-3.1047903959781706,0.4435414851397387,False
27977,2025,M,2,2,28,1731.2481179834112,1756.667126838543,-25.41900885513178,0.907821744826135,False
1254,2025,M,3,3,35,1691.2738099423148,1753.875125955789,-62.60131601347416,1.7886090289564045,False
11390,2025,M,3,3,35,1897.304767665564,1691.7531063145098,205.55166135105424,-5.872904610030121,True
27979,2025,M,2,2,28,1762.407588004226,1756.4676982040605,5.939889800165474,-0.21213892143448124,True
19479,2025,M,2,2,28,1790.8705654270857,1710.1005406868942,80.7700247401915,-2.884643740721125,True
19482,2025,M,2,2,7,1988.4015089344612,1842.6032752693359,145.79823366512528,-20.828319095017896,True
1278,2025,M,2,2,7,1872.280364255107,1872.7640443279452,-0.48368007283806946,0.06909715326258135,False
27981,2025,M,2,2,28,1894.9352056889095,1860.7688740383749,34.16633165053463,-1.2202261303762367,True
27982,2025,M,2,2,28,1907.8184481013616,1792.5642810453817,115.2541670559799,-4.116220251999282,True
11419,2025,M,2,2,28,1947.7664865895858,1918.3040350865579,29.462451503027978,-1.0522304108224279,True
1299,2025,M,3,3,35,1957.9370178260785,1948.1186159416823,9.81840188439628,-0.28052576812560803,True
1395,2025,M,3,3,35,1966.4433367719255,1901.5520297900332,64.89130698189228,-1.8540373423397796,True
26490,2025,M,2,2,28,2028.9608748169012,1990.4972007692002,38.46367404770103,-1.3737026445607512,True
27983,2025,M,2,2,28,2045.139830404632,2087.9180887138705,-42.77825830923848,1.52779493961566,False
27508,2025,M,3,3,35,2020.5474816949297,2284.3552936790707,-263.8078119841409,7.5373660566897405,False
1341,2025,M,3,3,35,2029.1527113261936,2134.085817596554,-104.93310627036044,2.998088750581727,False
1008,2025,F,4,4,35,1427.5419922158917,1505.2514804239918,-77.70948820810008,2.2202710916600026,False
1049,2025,F,4,4,35,1423.8760390154482,1427.8903870529725,-4.014348037524314,0.11469565821498041,False
27520,2025,F,3,3,28,1462.5171673444456,1459.8788244266395,2.638342917806085,-0.09422653277878876,True
27528,2025,F,4,4,35,1593.8970036630378,1636.645708597965,-42.74870493492722,1.2213915695693491,False
27535,2025,F,3,3,28,1697.9308107026466,1808.7751172138546,-110.84430651120806,3.958725232543145,False
11365,2025,F,3,3,28,1912.4712355339645,1871.5203683687394,40.95086716522519,-1.462530970186614,True
27485,2025,M,4,4,35,1586.3295727150617,1612.5799384249826,-26.25036570992097,0.7500104488548849,False
27486,2025,M,3,3,35,1588.8023398504824,1622.5513701491045,-33.749030298622074,0.9642580085320592,False
3169,2025,M,4,4,35,1638.8511466713967,1646.6822349214792,-7.83108825008253,0.22374537857378657,False
1305,2025,M,2,2,28,1961.748300060464,1858.5751590590683,103.17314100139583,-3.684755035764137,True
1251,2025,M,3,3,35,1761.2036645320106,1855.9825868107964,-94.77892227878579,2.707969207965308,False
27541,2025,F,3,3,35,1762.8280903321172,1652.4967573685728,110.33133296354436,-3.15232379895841,True
1207,2025,M,3,3,35,1688.4054000652266,1732.7356907006506,-44.330290635424035,1.2665797324406867,False
1032,2025,F,3,3,35,1455.3834205760156,1419.915016602352,35.468403973663726,-1.0133829706761064,True
1020,2025,F,3,3,35,1477.7754590435884,1382.6301597457013,95.14529929788705,-2.718437122796773,True
1074,2025,F,2,2,28,1581.560690211584,1580.818115443621,0.7425747679628785,-0.02652052742724566,True
1042,2025,F,3,3,35,1467.3720783396277,1521.1025291946,-53.73045085497233,1.5351557387134953,False
1096,2025,F,3,3,35,1700.8041253732645,1683.8000863872587,17.004038986005753,-0.4858296853144501,True
1056,2025,F,2,2,7,1782.644053577757,1719.356873840095,63.28717973766197,-9.041025676808854,True
1381,2025,M,3,3,35,1970.9932283010996,1930.76832474171,40.22490355938953,-1.1492829588397009,True
1704,2025,M,4,4,35,1626.4873109942932,1678.0922448524632,-51.60493385816994,1.4744266816619984,False
27491,2025,M,2,2,7,1669.1178164089456,1715.4686427805627,-46.35082637161713,6.621546624516733,False
27495,2025,M,2,2,7,1717.4851415777737,1725.855132787501,-8.369991209727232,1.195713029961033,False
27985,2025,M,2,2,21,1770.1974555094298,1717.5118914685586,52.68556404087121,-2.5088363828986293,True
1266,2025,M,4,4,35,1731.6293695923796,1727.6502605213484,3.979109071031189,-0.11368883060089112,True
27499,2025,M,3,3,28,1799.185367732072,1977.6283190709332,-178.44295133886112,6.372962547816469,False
19496,2025,M,3,3,35,1813.0328636904278,1891.0820264797053,-78.04916278927749,2.2299760796936425,False
27987,2025,M,2,2,21,1926.194545805945,1904.2596388521363,21.93490695380865,-1.0445193787527929,True
27511,2025,M,4,4,35,2094.3348530158823,2107.6615235276313,-13.326670511748944,0.3807620146213984,False
3097,2025,F,3,3,34,1465.4851331422246,1450.9192692291394,14.565863913085195,-0.42840776214956455,True
3102,2025,F,4,4,42,1540.8370545937157,1562.474763407194,-21.637708813478184,0.515183543178052,False
19486,2025,M,3,3,34,1692.367686627887,1690.9553917765802,1.4122948513067968,-0.041538083861964614,True
2946,2025,M,3,3,36,1556.7518501563213,1527.193754964707,29.558095191614257,-0.8210581997670627,True
2945,2025,M,3,3,36,1548.5992843574977,1531.3278210820026,17.27146327549508,-0.47976286876375224,True
2965,2025,M,2,2,7,1593.254997747978,1618.6014433798985,-25.34644563192046,3.6209208045600656,False
18781,2025,M,2,2,50,1770.703970425119,1707.2784744677597,63.42549595735932,-1.2685099191471862,True
26005,2025,M,2,2,7,1536.3424102374083,1525.9087079065596,10.433702330848746,-1.4905289044069636,True
26006,2025,M,2,2,7,1661.9665363278116,1636.532332563349,25.43420376446261,-3.6334576806375156,True
3279,2025,M,2,2,7,1720.2672357288825,1706.5424932196224,13.724742509260068,-1.9606775013228668,True
3276,2025,M,2,2,7,1762.5054975398625,1759.9865045914078,2.518992948454752,-0.359856135493536,True
28696,2025,M,2,2,7,1577.589163555173,1535.3423479380754,42.24681561709758,-6.035259373871083,True
28698,2025,M,2,2,7,1636.1873155042088,1602.4636431147928,33.723672389415924,-4.817667484202275,True
2987,2025,M,2,2,7,1914.8012020977626,1854.7512539259453,60.04994817181728,-8.578564024545326,True
28701,2025,M,2,2,7,2113.896107535434,2133.686158384726,-19.790050849291674,2.827150121327382,False
28702,2025,F,2,2,7,1539.4436761501079,1370.3300953028458,169.11358084726203,-24.15908297818029,True
2940,2025,F,2,2,7,1687.491797696846,1694.96995273908,-7.478155042233993,1.0683078631762848,False
22552,2025,F,2,2,7,1388.8276752436527,1387.357217983043,1.4704572606096917,-0.21006532294424168,True
28708,2025,F,2,2,7,1393.3708464185358,1360.0700348216749,33.30081159686097,-4.7572587995515665,True
3238,2025,F,2,2,7,1406.0127140356024,1344.2370995883648,61.77561444723756,-8.825087778176794,True
3237,2025,F,2,2,7,1434.6544453555182,1447.4646528096896,-12.810207454171405,1.8300296363102007,False
3240,2025,F,2,2,7,1438.70379357661,1409.6984748018876,29.005318774722355,-4.143616967817479,True
28709,2025,F,2,2,7,1512.974765826875,1488.863150968439,24.11161485843604,-3.4445164083480058,True
1288,2025,M,3,3,35,1671.3927621735324,1659.6450961628377,11.74766601069473,-0.3356476003055637,True
28711,2025,F,2,2,7,1300.630895696463,1285.5726412600402,15.058254436422885,-2.1511792052032694,True
2924,2025,F,2,2,7,1353.173657979895,1333.7182984937017,19.4553594861934,-2.7793370694562003,True
20451,2024,M,2,2,14,1580.0263115260016,1621.8777927940284,-41.85148126802687,2.989391519144777,False
758,2024,M,2,2,14,1880.2152014477736,1977.992019350056,-97.77681790228235,6.984058421591596,False
2699,2024,F,2,2,14,1480.1621773443137,1412.3780953008552,67.78408204345851,-4.841720145961323,True
587,2024,F,2,2,14,1559.1577252971128,1606.7082596786147,-47.55053438150185,3.3964667415358463,False
2705,2024,F,2,2,14,1658.8771114935455,1597.5492560296627,61.32785546388277,-4.380561104563055,True
28712,2025,F,2,2,7,1394.6547860983942,1367.3943844959153,27.26040160247885,-3.894343086068407,True
20478,2024,M,2,2,14,2191.886371130412,2088.4591522539117,103.42721887650032,-7.387658491178594,True
5670,2024,M,2,2,14,2221.4612401750633,2140.1733788811516,81.28786129391165,-5.8062758067079745,True
20479,2024,M,2,2,14,2257.080608002563,2099.3987001942896,157.68190780827354,-11.26299341487668,True
3366,2024,F,2,2,14,1543.7183528051867,1531.5143139802908,12.20403882489586,-0.8717170589211329,True
20462,2024,F,2,2,14,1662.5872286501012,1667.7594185356802,-5.172189885578973,0.3694421346842124,False
20463,2024,F,2,2,14,1684.6656931519763,1625.9908463362178,58.67484681575843,-4.191060486839888,True
20464,2024,F,2,2,14,1709.4054011429162,1711.5169703636884,-2.111569220772253,0.1508263729123038,False
20466,2024,F,2,2,14,2253.383283222588,1861.6849323188987,391.6983509036893,-27.978453635977807,True
2193,2024,M,2,2,14,1614.2049874553263,1554.4103118918401,59.79467556348618,-4.271048254534727,True
20468,2024,M,2,2,14,1751.717334765128,1874.64071523744,-122.92338047231192,8.780241462307995,False
42,2024,M,2,2,14,1772.6572055485674,2008.89880359662,-236.24159804805254,16.87439986057518,False
26,2024,M,2,2,14,1807.3051360716809,1811.9869406698226,-4.681804598141753,0.33441461415298235,False
20472,2024,M,2,2,14,1807.4130735499457,1713.5310092064237,93.88206434352196,-6.705861738822997,True
20476,2024,M,2,2,14,1862.3532499869075,1926.3549418646796,-64.00169187777215,4.571549419840868,False
27746,2025,F,3,3,28,1211.392056911638,1184.050847075293,27.341209836345115,-0.9764717798694684,True
23384,2025,F,2,2,15,1359.015335599257,1348.584385298549,10.430950300707991,-0.6953966867138661,True
1466,2025,F,2,2,36,1302.5544430004077,1407.8553057414388,-105.3008627410311,2.9250239650286414,False
19366,2025,F,4,4,35,1350.3125183007937,1421.1741683188075,-70.86165001801373,2.0246185719432495,False
26990,2025,F,4,4,36,1306.1020265945986,1423.6119958441295,-117.50996924953097,3.2641658124869712,False
27334,2025,F,3,3,28,1424.7270334888838,1450.8344032102252,-26.107369721341456,0.9324060614764805,False
7945,2025,F,2,2,28,1452.5137442631485,1468.9793714982925,-16.465627235143984,0.5880581155408565,False
27333,2025,F,2,2,28,1423.3620722578673,1482.9621952309321,-59.6001229730648,2.1285758204666,False
27337,2025,F,2,2,28,1495.0225368862343,1483.8144438779957,11.20809300823862,-0.40028903600852217,True
27335,2025,F,2,2,28,1474.6456156517736,1500.978335235141,-26.332719583367407,0.9404542708345502,False
18760,2025,F,4,4,36,1536.1200608592133,1508.4107362269765,27.709324632236758,-0.7697034620065766,True
27339,2025,F,2,2,28,1498.5324371945626,1509.6395598576264,-11.10712266306382,0.3966829522522793,False
27336,2025,F,3,3,28,1486.9302667309223,1510.571087448603,-23.640820717680754,0.8443150256314554,False
25098,2025,F,4,4,36,1419.6760439946943,1522.8890533590716,-103.21300936437729,2.867028037899369,False
1478,2025,F,5,5+,43,1585.1934958703798,1524.3755335574388,60.81796231294106,-1.4143712165800246,True
27341,2025,F,2,2,28,1530.7065233542376,1526.7737216108044,3.932801743433174,-0.14045720512261337,True
26937,2025,F,4,4,36,1523.534697420321,1533.0367581799242,-9.502060759603182,0.2639461322111995,False
26936,2025,F,3,3,36,1518.477028000953,1538.1403401943178,-19.663312193364845,0.5462031164823569,False
26938,2025,F,4,4,36,1563.1727112418798,1542.5700511854513,20.602660056428476,-0.5722961126785688,True
358,2025,F,4,4,36,1537.0610226116537,1548.3772338270721,-11.316211215418434,0.31433920042828983,False
7998,2025,F,3,3,36,1578.4633397190385,1568.1771500693217,10.286189649716789,-0.2857274902699108,True
18934,2025,F,2,2,28,1467.1383288811826,1574.370817562518,-107.23248868133533,3.829731738619119,False
4656,2025,F,4,4,36,1600.8111813395021,1585.3311315584776,15.48004978102449,-0.43000138280623584,True
7749,2025,F,2,2,28,1546.01358858778,1598.7292730797592,-52.71568449197912,1.8827030175706827,False
2636,2025,M,2,2,35,1943.2098419169113,1967.6798542244846,-24.47001230757337,0.6991432087878106,False
27402,2025,M,2,2,28,2011.5448817000467,2083.1495644617753,-71.60468276172855,2.5573100986331627,False
1592,2025,M,2,2,14,2147.8483106000476,2110.5424132854037,37.30589731464397,-2.6647069510459978,True
28328,2025,M,2,2,14,2186.551506078894,2118.0421257084304,68.50938037046353,-4.893527169318824,True
28393,2025,M,2,2,14,2205.495326803103,2123.00546324038,82.48986356272326,-5.89213311162309,True
27400,2025,M,3,3,35,2091.31569811429,2125.2633342218487,-33.94763610755854,0.9699324602159582,False
2606,2025,M,3,3,28,2094.1860988338562,2155.888817710574,-61.70271887671788,2.203668531311353,False
2559,2025,M,2,2,28,2127.819152318547,2261.5412651341685,-133.72211281562159,4.775789743415056,False
4585,2025,M,2,2,28,2396.0187302493177,2307.484463651357,88.5342665979606,-3.161938092784307,True
27412,2025,M,2,2,28,2544.100260020481,2374.852570071994,169.24768994848728,-6.044560355303117,True
25677,2025,M,2,2,35,1674.4363902188857,2394.3378971763827,-719.9015069574971,20.568614484499918,False
23458,2025,M,2,2,28,2754.643174834641,2607.681838504632,146.96133633000863,-5.2486191546431655,True
28395,2025,F,2,2,14,1611.3206926435278,1604.2193399457283,7.101352697799484,-0.5072394784142489,True
27889,2025,F,2,2,35,1407.9345500801353,1609.6103081318063,-201.67575805167098,5.762164515762028,False
27890,2025,F,2,2,35,1481.864704061177,1613.9607401790272,-132.0960361178502,3.7741724605100053,False
27342,2025,F,2,2,28,1558.4932341285023,1619.6390945367893,-61.145860408287035,2.183780728867394,False
7748,2025,F,2,2,35,1623.2017631425804,1626.1102383336806,-2.9084751911002513,0.08309929117429289,False
4545,2025,F,2,2,28,1578.4801664398155,1632.1948972789967,-53.71473083918113,1.918383244256469,False
1494,2025,F,2,2,28,1579.5526359784715,1640.231800218168,-60.67916423969655,2.167113008560591,False
7753,2025,F,3,3,28,1615.4316169080487,1649.0912222004354,-33.659605292386686,1.2021287604423816,False
2507,2025,F,2,2,28,1622.548914755492,1654.680387746296,-32.13147299080401,1.147552606814429,False
4555,2025,F,2,2,28,1643.9008082978216,1654.710117350263,-10.80930905244145,0.3860467518729089,False
7751,2025,F,2,2,28,1592.6172649039154,1664.451517583562,-71.83425267964662,2.565509024273094,False
11458,2025,F,4,4,35,1544.9227765744183,1666.9388944488294,-122.01611787441107,3.4861747964117447,False
28545,2025,F,2,2,21,1652.9358709943886,1672.0226567272448,-19.086785732856242,0.9088945587074401,False
18942,2025,F,2,2,28,1636.5885159888046,1693.0216669961771,-56.433151007372544,2.0154696788347337,False
11470,2025,F,5,5+,43,1633.375668997139,1752.7880808385223,-119.41241184138335,2.777032833520543,False
27893,2025,F,2,2,35,1746.0562837287237,1771.844756981588,-25.788473252864378,0.7368135215104108,False
27354,2025,F,3,3,35,1676.4749623348016,1801.9608458005048,-125.48588346570318,3.585310956162948,False
1512,2025,F,4,4,35,2165.718628385814,2063.9083863567494,101.81024202906474,-2.908864057973278,True
2508,2025,F,2,2,28,1743.5429781620273,1856.3561111927504,-112.81313303072307,4.029040465382967,False
18955,2025,F,2,2,28,1775.0345837061943,1859.3290715894843,-84.29448788329,3.0105174244032145,False
7755,2025,F,2,2,14,1843.3429737533495,1875.1551307680993,-31.8121570147498,2.2722969296249858,False
7947,2025,F,2,2,28,1810.3285812510499,1930.174717843659,-119.84613659260913,4.280219164021754,False
27364,2025,F,2,2,28,1895.5411609587954,1949.4395012144962,-53.89834025570076,1.9249407234178844,False
27900,2025,F,2,2,35,2072.2187277627318,1950.044003161832,122.17472460089971,-3.490706417168563,True
28086,2025,F,2,2,35,1977.164886732568,1950.9259814128634,26.2389053197046,-0.7496830091344171,True
23398,2025,F,2,2,35,1974.942433153445,1954.8899286085086,20.052504544936482,-0.5729287012838995,True
27366,2025,F,3,3,35,1751.4923244626239,1959.3196395996429,-207.827315137019,5.937923289629115,False
4551,2025,F,2,2,35,1889.5677591036872,1975.1556086462463,-85.58784954255907,2.445367129787402,False
27359,2025,F,2,2,28,1858.4922132597758,2013.3977892162366,-154.90557595646078,5.532341998445028,False
27360,2025,F,2,2,28,1882.2815375717778,2021.5238809673099,-139.2423433955321,4.972940835554717,False
27370,2025,F,3,3,28,2109.352588074454,2058.041744507194,51.310843567260235,-1.8325301274021513,True
28399,2025,F,2,2,14,2132.6303284987866,2068.407466423807,64.22286207497973,-4.587347291069981,True
28546,2025,F,2,2,21,2141.1393575624725,2120.5928312544806,20.546526307991826,-0.9784060146662774,True
23403,2025,F,2,2,28,1828.9505523313467,2029.1544793189273,-200.20392698758064,7.150140249556451,False
2203,2024,F,3,3,21,1556.9183862428335,1470.8504353096428,86.06795093319079,-4.098473853961466,True
2204,2024,F,2,2,14,1483.8697711666944,1487.7567621522824,-3.8869909855879996,0.2776422132562857,False
20485,2024,M,2,2,14,1571.0504384859025,2117.29977864218,-546.2493401562776,39.01781001116269,False
2211,2024,M,3,3,21,1797.056813000386,1811.9869406698226,-14.930127669436615,0.7109584604493626,False
27904,2025,F,2,2,35,2716.933158803288,3010.6278049607567,-293.6946461574689,8.391275604499112,False
25852,2025,M,2,2,42,1506.316534554446,1540.4250171805684,-34.108482626122395,0.8121067291933903,False
1522,2025,M,2,2,15,1537.7120857910706,1547.3378820797775,-9.625796288706852,0.6417197525804568,False
26919,2025,M,2,2,42,1480.0128050297817,1569.4689963254466,-89.4561912956649,2.1299093165634497,False
28257,2025,M,2,2,15,1564.8716055959283,1588.377422474218,-23.505816878289806,1.5670544585526538,False
18742,2025,M,2,2,15,1551.572483164928,1594.633813872207,-43.06133070727901,2.8707553804852677,False
3440,2025,M,2,2,15,1573.7835097269272,1603.2972747746692,-29.513765047742027,1.9675843365161352,False
27386,2025,M,2,2,28,1754.0117864458487,1615.4818208200375,138.5299656258112,-4.9474987723504,True
7725,2025,M,3,3,28,1604.969312289408,1619.0924250767464,-14.123112787338414,0.5043968852620863,False
20429,2025,M,3,3,28,1618.5186281218118,1623.17051803887,-4.651889917058043,0.1661389256092158,False
23446,2025,M,4,4,43,1622.3152706965327,1628.4421991850293,-6.12692848849656,0.14248670903480373,False
7721,2025,M,2,2,28,1644.5602209628146,1632.967887716166,11.59233324664865,-0.4140119016660232,True
506,2025,M,4,4,42,1611.2201659131665,1633.9923842407968,-22.7722183276303,0.542195674467388,False
28310,2025,M,2,2,14,1672.0861346468168,1638.2893017033268,33.79683294349002,-2.414059495963573,True
27374,2025,M,4,4,35,2112.073174026094,1638.498179635533,473.57499439056096,-13.530714125444598,True
26920,2025,M,3,3,42,1587.406730307997,1643.2128529624756,-55.80612265447871,1.3287172060590169,False
27879,2025,M,2,2,35,1769.5748214813225,1645.7691209899529,123.80570049136963,-3.5373057283248466,True
1558,2025,M,5,5+,43,1653.447021315333,1647.8081674710147,5.6388538443181915,-0.13113613591437653,True
27375,2025,M,3,3,28,1625.821805449916,1651.170107522716,-25.348302072800152,0.9052965026000054,False
27377,2025,M,3,3,28,1640.3320656675962,1654.0745054372042,-13.742439769607927,0.4908014203431402,False
2627,2025,M,2,2,35,1715.7055375982704,1655.9643533952612,59.7411842030092,-1.7068909772288343,True
11482,2025,M,2,2,28,1663.5869197912964,1660.1717517439884,3.4151680473080432,-0.1219702874038587,True
23416,2025,M,2,2,35,1648.2042604927396,1662.379889884455,-14.175629391715347,0.4050179826204385,False
27373,2025,M,2,2,28,1613.6178117568998,1663.5237452274896,-49.905933470589844,1.78235476680678,False
27749,2025,M,2,2,35,1690.4165976000445,1665.552845140351,24.863752459693387,-0.7103929274198111,True
2579,2025,M,2,2,14,1852.8415830781748,1674.1765197700117,178.6650633081631,-12.761790236297363,True
7950,2025,M,2,2,28,1668.872113910319,1683.546187014695,-14.67407310437602,0.5240740394420007,False
7724,2025,M,3,3,28,1623.035066732613,1687.2562569534073,-64.22119022079437,2.293613936456942,False
26917,2025,M,4,4,43,1754.8842554478263,1687.5646005676165,67.31965488020978,-1.5655733693072043,True
27387,2025,M,3,3,28,1778.9963404630469,1691.712319507142,87.28402095590491,-3.1172864627108896,True
27385,2025,M,2,2,28,1713.0755556330546,1695.28313749105,17.792418142004635,-0.6354435050715941,True
27372,2025,M,2,2,28,1578.8316250098776,1700.8930019560194,-122.06137694614176,4.359334890933634,False
26923,2025,M,3,3,42,1657.290603423821,1701.24113184303,-43.95052841920892,1.0464411528383077,False
2582,2025,M,2,2,28,1719.0334108217712,1703.0414606872844,15.991950134486842,-0.571141076231673,True
23414,2025,M,2,2,28,1675.4065357302018,1704.0560106437151,-28.64947491351336,1.0231955326254771,False
512,2025,M,2,2,42,1620.0918380013668,1706.0254311473745,-85.93359314600775,2.0460379320478035,False
27376,2025,M,2,2,28,1629.5694885524956,1711.267272588933,-81.6977840364375,2.9177780013013392,False
27750,2025,M,2,2,35,1692.628177904072,1712.023211772156,-19.395033868084056,0.5541438248024017,False
515,2025,M,3,3,28,1693.2801012963512,1712.5205401821709,-19.240438885819685,0.6871585316364174,False
3442,2025,M,2,2,15,1674.7524455407702,1726.8336518224035,-52.081206281633285,3.4720804187755525,False
27381,2025,M,3,3,28,1693.1840068578235,1728.5146218482544,-35.33061499043083,1.2618076782296725,False
7726,2025,M,3,3,28,1643.1188043848992,1728.8130188942635,-85.6942145093642,3.0605076610487214,False
2563,2025,M,3,3,28,1739.1171484740573,1730.5437217611156,8.573426712941682,-0.30619381117648864,True
27383,2025,M,4,4,35,1752.276924888152,1736.7802200227043,15.496704865447782,-0.4427629961556509,True
28081,2025,M,2,2,35,1790.5146452736305,1739.8039767555958,50.71066851803471,-1.4488762433724203,True
26922,2025,M,3,3,42,1644.0609169765048,1739.913389005799,-95.85247202929418,2.2822017149831946,False
11510,2025,M,3,3,35,1670.9768109002516,1740.7190610300233,-69.74225012977172,1.9926357179934777,False
23423,2025,M,3,3,35,1679.6257591968367,1744.7573677193457,-65.13160852250894,1.8609031006431127,False
27877,2025,M,2,2,35,1677.8959695375197,1753.768958508818,-75.87298897129835,2.1677996848942387,False
363,2025,M,2,2,8,1812.300563064091,1760.6320905670252,51.66847249706575,-6.458559062133219,True
28318,2025,M,2,2,14,1803.5267813865762,1761.8256787510613,41.70110263551487,-2.9786501882510623,True
3859,2025,M,3,3,42,1774.6457043800156,1739.028144435972,35.61755994404348,-0.8480371415248447,True
11514,2025,M,2,2,35,1818.0089319421988,1763.4171296631096,54.59180227908928,-1.5597657794025508,True
531,2025,M,3,3,35,1767.8450318220052,1763.7752061183205,4.069825703684728,-0.11628073439099224,True
2497,2025,M,2,2,14,1758.2339941931903,1777.6805084623406,-19.446514269150384,1.3890367335107416,False
5932,2025,M,2,2,14,1740.8517943761378,1780.724158331633,-39.872363955495075,2.8480259968210766,False
3012,2025,M,4,4,43,1862.0591346273013,1786.9606565932213,75.09847803408002,-1.746476233350698,True
28315,2025,M,2,2,14,1749.3001468571688,1787.7563820492453,-38.45623519207652,2.74687394229118,False
27752,2025,M,3,3,35,2025.903714154456,1789.168794733688,236.73491942076816,-6.7638548405933765,True
1536,2025,M,5,5+,43,1732.877061642286,1797.7924693633488,-64.91540772106282,1.5096606446758796,False
27745,2025,M,3,3,28,1866.3123057098194,1801.5522721430623,64.7600335667571,-2.3128583416698967,True
28316,2025,M,2,2,14,1755.2925829192952,1804.6854411261572,-49.392858206862,3.528061300490143,False
8002,2025,M,2,2,36,1826.6933917639826,1813.2394897784156,13.453901985566972,-0.37371949959908257,True
27751,2025,M,2,2,35,1929.2672704349995,1814.2938260076476,114.97344442735198,-3.2849555550671994,True
7953,2025,M,3,3,42,1819.9379250408283,1817.7054989003507,2.232426140477628,-0.05315300334470543,True
26925,2025,M,3,3,42,1807.486455443354,1818.6902091521806,-11.203753708826525,0.26675604068634584,False
18975,2025,M,2,2,28,1970.1281786946138,1821.1569580658552,148.9712206287586,-5.320400736741378,True
27389,2025,M,2,2,28,1787.0682732993725,1825.792058847195,-38.723785547822445,1.3829923409936586,False
1562,2025,M,3,3,28,1799.2722669923887,1830.9045949021497,-31.63232790976099,1.1297259967771782,False
28082,2025,M,2,2,35,1822.2460148531538,1841.099827307458,-18.85381245430426,0.5386803558372646,False
26918,2025,M,4,4,43,1790.2689774626367,1842.7111713559066,-52.44219389326986,1.219585904494648,False
27881,2025,M,2,2,35,1818.0089319421988,1845.665302111396,-27.65637016919709,0.7901820048342025,False
27395,2025,M,3,3,28,1892.9643445568825,1847.018035386637,45.94630917024551,-1.640939613223054,True
25853,2025,M,2,2,28,2021.3465144298707,1848.679112276087,172.66740215378377,-6.166692934063706,True
27394,2025,M,3,3,28,1858.17815780986,1857.8498481567642,0.32830965309585736,-0.011725344753423477,True
25172,2025,M,2,2,28,1922.0809594307711,1869.8653025427277,52.21565688804344,-1.8648448888586944,True
28083,2025,M,2,2,35,1976.1912351465364,1873.4659602312365,102.7252749152999,-2.9350078547228544,True
26088,2025,M,2,2,21,1785.7232365291568,1879.374221742215,-93.65098521305822,4.459570724431344,False
28390,2025,M,2,2,14,1844.7045184977733,1879.841710447629,-35.13719194985583,2.509799424989702,False
11499,2025,M,2,2,28,1868.1719794167393,1885.4217352079977,-17.249755791258394,0.6160627068306569,False
518,2025,M,2,2,28,1750.264103343269,1900.6598776908584,-150.3957743475894,5.37127765527105,False
11507,2025,M,3,3,35,1918.336732182587,1901.3163511920782,17.020380990508784,-0.4862965997288224,True
26089,2025,M,2,2,28,1866.0579017691305,1906.8267499750448,-40.76884820591431,1.4560302930683682,False
7735,2025,M,3,3,28,1757.7594695484286,1910.5169267773565,-152.75745722892793,5.455623472461712,False
23429,2025,M,2,2,35,1814.549352623565,1912.8941565772284,-98.34480395366336,2.809851541533239,False
5358,2025,M,2,2,28,2169.1397608854513,1913.8291339880566,255.31062689739474,-9.118236674906955,True
26924,2025,M,4,4,42,1762.661164892447,1918.8521509292086,-156.19098603676161,3.7188330008752764,False
552,2025,M,3,3,35,1901.038835589417,1920.7817851600666,-19.74294957064967,0.5640842734471334,False
11502,2025,M,2,2,35,1987.528318555268,1924.660946758184,62.86737179708393,-1.7962106227738266,True
27399,2025,M,3,3,35,1824.9280905794674,1930.6089945419637,-105.68090396249636,3.0194543989284672,False
25118,2025,M,2,2,43,1896.5932623629103,1932.0015140900061,-35.40825172709583,0.823447714583624,False
28542,2025,M,2,2,21,1810.8202302116329,1939.6902113088383,-128.86998109720548,6.136665766533595,False
28543,2025,M,2,2,21,1869.179063910428,1941.9779219949078,-72.79885808447966,3.4666122897371268,False
26934,2025,M,3,3,36,2022.237676414923,1953.8043915850649,68.43328482985817,-1.9009245786071713,True
1609,2025,M,3,3,43,1919.7912881593334,1966.3868003584455,-46.595512199112136,1.0836165627700496,False
11501,2025,M,2,2,43,1870.2248397076423,2052.6334932232526,-182.40865351561024,4.242061709665355,False
7954,2025,M,4,4,42,1747.5637580055093,2095.9706908719627,-348.4069328664534,8.295403163486986,False
28259,2025,M,2,2,15,2160.6960532112753,2113.506490609093,47.18956260218238,-3.145970840145492,True
27410,2025,M,2,2,28,2303.5758803856834,2122.7269593307715,180.8489210549119,-6.458890037675425,True
26544,2025,M,3,3,43,2265.457337876571,2124.447715629424,141.00962224714704,-3.2792935406313264,True
2645,2025,M,2,2,35,2284.562454060265,2150.1198081544,134.442645905865,-3.8412184544532857,True
2598,2025,M,2,2,35,2011.7453737857068,2171.7138077172526,-159.96843393154586,4.5705266837584535,False
1612,2025,M,5,5+,43,2265.998625145154,2188.9909966811747,77.00762846397947,-1.790875080557662,True
11528,2025,M,2,2,28,2533.914249536547,2239.0819141378893,294.8323353986575,-10.529726264237768,True
27887,2025,M,3,3,35,2321.3777228034546,2273.9545822481437,47.423140555310965,-1.3549468730088847,True
7743,2025,M,2,2,14,2347.6250391658086,2322.3645296790073,25.26050948680131,-1.8043221062000936,True
25849,2025,M,3,3,28,2469.530975722997,2400.5147160287697,69.0162596942273,-2.464866417650975,True
27885,2025,M,2,2,35,2096.5050670922415,2417.3542559918787,-320.8491888996373,9.16711968284678,False
19539,2025,M,2,2,21,1616.233269179974,1605.5737555564303,10.659513623543717,-0.5075958868354151,True
19569,2025,M,2,2,21,1644.4058753026038,2163.0429168350965,-518.6370415324927,24.69700197773775,False
27216,2025,M,4,4,29,1680.1939891147613,1665.0847128469113,15.109276267849964,-0.5210095264775849,True
27217,2025,M,3,3,29,1703.1434565627108,1708.8649110967515,-5.721454534040731,0.19729153565657695,False
2210,2025,M,2,2,22,1605.4695639975578,1666.9439602007076,-61.47439620314981,2.7942907365068095,False
28071,2025,M,3,3,28,1955.1099081725445,1872.8637736015396,82.24613457100486,-2.937361948964459,True
5374,2025,M,3,3,28,1972.6063922022856,1731.8993946243654,240.70699757792022,-8.596678484925722,True
18892,2025,M,3,3,35,1917.3991476378903,1937.6341570908037,-20.235009452913346,0.5781431272260956,False
25921,2025,M,3,3,28,2000.0729397573546,1930.7001742619316,69.37276549542298,-2.477598767693678,True
24654,2025,M,4,4,42,2177.8383899293194,1934.910448727808,242.92794120151143,-5.783998600035987,True
2128,2025,M,2,2,28,2039.5622109753178,1907.0148861529492,132.54732482236864,-4.733833029370309,True
18578,2025,M,3,3,35,2045.7493818414882,2098.4935672218253,-52.74418538033706,1.5069767251524873,False
18878,2025,M,5,5+,42,1832.8945743102129,1790.0450808497862,42.84949346042663,-1.0202260347720626,True
27134,2025,M,3,3,42,2172.8396311845822,2038.0821270492006,134.75750413538162,-3.208512003223372,True
18570,2025,M,3,3,42,2062.385722339688,2039.0199606979977,23.36576164169037,-0.556327658135485,True
28075,2025,M,2,2,7,2102.9991837982348,1950.4941551922873,152.50502860594747,-21.786432657992496,True
1894,2025,M,5,5+,35,2004.1457549413205,1933.972615079011,70.17313986230965,-2.0049468532088475,True
18583,2025,M,4,4,42,2026.098072905893,1937.6341570908037,88.46391581508942,-2.1062837098830816,True
26774,2025,M,3,3,42,2168.9800787549534,2123.115703524709,45.864375230244605,-1.092008934053443,True
19642,2025,M,5,5+,35,2130.7758598555233,2361.754459328731,-230.97859947320785,6.5993885563773675,False
19650,2025,M,2,2,28,2291.452933571091,1980.5350580464162,310.9178755246746,-11.10420984016695,True
1900,2025,M,4,4,28,2308.949417600832,1906.5559462822612,402.39347131857085,-14.371195404234673,True
27742,2025,M,4,4,35,2164.67683282468,2361.7943671435733,-197.11753431889338,5.6319295519683825,False
27735,2025,M,5,5+,35,2073.9418757601725,1926.5397845646082,147.40209119556425,-4.211488319873264,True
27736,2025,M,4,4,35,2111.8311984904067,1980.086095129439,131.74510336096773,-3.7641458103133636,True
27213,2025,M,2,2,8,1633.9385498039057,1705.6084334310754,-71.66988362716961,8.958735453396201,False
11370,2025,M,2,2,8,1766.6207069506559,1711.8258361615867,54.79487078906914,-6.849358848633642,True
27992,2025,M,2,2,7,1718.9175611510766,1665.4554431025185,53.46211804855807,-7.637445435508296,True
27994,2025,M,2,2,21,1732.3238357887417,1705.3843951126191,26.939440676122558,-1.2828305083867886,True
19574,2025,M,3,3,22,1638.8635463737546,1761.3707641703495,-122.50721779659489,5.568509899845222,False
4084,2025,M,2,2,8,1850.3130201544543,1783.3259675624681,66.98705259198618,-8.373381573998273,True
27995,2025,M,3,3,21,1785.1717589980885,1706.029659311925,79.14209968616365,-3.76867141362684,True
19536,2025,M,2,2,7,1786.3375220100595,1752.0497751248686,34.28774688519093,-4.8982495550272755,True
27997,2025,M,2,2,7,1791.8748963169212,1723.7044988385876,68.1703974783336,-9.738628211190514,True
27998,2025,M,2,2,7,1801.2010004126882,1847.021061651068,-45.82006123837982,6.5457230340542605,False
19553,2025,M,2,2,7,1806.8355216372145,1849.7277190629668,-42.89219742575233,6.1274567751074756,False
27999,2025,M,2,2,7,1823.253350722471,1771.823284011862,51.430066710609026,-7.347152387229861,True
28000,2025,M,2,2,7,1827.3335212643692,1791.596792898855,35.73672836551418,-5.105246909359169,True
28001,2025,M,2,2,7,1829.8593411236393,1826.2734882868829,3.5858528367564304,-0.5122646909652043,True
1639,2025,M,2,2,8,1918.5754786485672,1832.1908671475812,86.38461150098601,-10.798076437623251,True
11372,2025,M,2,2,8,2038.3033386110606,1843.9456441849543,194.35769442610626,-24.294711803263283,True
28002,2025,M,3,3,21,1847.7343739738596,1768.4149753084025,79.31939866545713,-3.777114222164625,True
27220,2025,M,3,3,14,1828.5354404059747,1674.9158815925452,153.61955881342942,-10.972825629530673,True
2786,2025,M,2,2,7,1871.34107496627,1850.5998207692671,20.741254197002945,-2.9630363138575637,True
134,2025,M,3,3,29,1960.81923936362,2009.8248774252154,-49.00563806159539,1.6898495883308755,False
28005,2025,M,2,2,7,1885.815965698242,1817.9444568777997,67.87150882044239,-9.69592983149177,True
27221,2025,M,3,3,29,1832.2464181209623,1887.69108487697,-55.44466675600779,1.9118850605519928,False
28006,2025,M,3,3,21,1899.6108280065644,1858.5662053355961,41.04462267096824,-1.954505841474678,True
28007,2025,M,2,2,7,1914.0857187385361,1837.4752297745883,76.61048896394777,-10.944355566278253,True
28008,2025,M,3,3,21,1946.5327892383925,1977.4707991530488,-30.938009914656277,1.4732385673645847,False
2788,2025,M,4,4,29,2125.2183429884008,2086.432458263023,38.785884725377855,-1.3374443008750985,True
28010,2025,M,2,2,7,2075.543895896504,1973.6630615472004,101.88083434930377,-14.554404907043395,True
1652,2025,M,4,4,29,2192.504228399622,2090.9493076581603,101.55492074146196,-3.501893818671102,True
28011,2025,M,2,2,7,2140.1465961432245,2037.9376991806582,102.20889696256631,-14.60127099465233,True
21474,2025,M,2,2,21,2183.2798275861473,2227.1880442842253,-43.90821669807792,2.0908674618132346,False
28013,2025,M,3,3,21,2215.5326042506754,1946.4687873955136,269.0638168551618,-12.812562707388658,True
28014,2025,M,3,3,21,2222.818623075493,1981.928988166431,240.88963490906212,-11.470934995669625,True
4081,2025,M,3,3,29,2478.444827070243,2103.737270880758,374.7075561894849,-12.920950213430514,True
11354,2025,M,2,2,22,2086.5852858933285,2264.7860915064452,-178.2008056131167,8.100036618778033,False
28016,2025,M,2,2,7,4071.427319308331,3334.044823186102,737.382496122229,-105.34035658888986,True
28020,2025,F,2,2,7,1554.1041722620914,1540.4004690507506,13.70370321134078,-1.9576718873343972,True
28022,2025,F,2,2,21,1567.3821071425818,1604.0971241981044,-36.715017055522594,1.748334145501076,False
26868,2025,F,3,3,29,1662.5021869077905,1566.703008411903,95.79917849588742,-3.303419948134049,True
19361,2025,F,4,4,29,1719.617018104118,1681.2858481404037,38.331169963714274,-1.3217644815073888,True
28025,2025,F,2,2,7,1732.5752381557404,1746.1986660678608,-13.623427912120405,1.9462039874457722,False
2207,2025,F,3,3,21,1750.3442392458082,1744.357546905423,5.9866923403851615,-0.28508058763738864,True
19517,2025,F,2,2,7,1898.4517922877478,1770.2821395627784,128.1696527249694,-18.309950389281344,True
1621,2025,F,2,2,7,2553.2687720189856,2079.295031920566,473.9737400984195,-67.71053429977421,True
1726,2025,F,4,4,35,1376.1873301426426,1344.495855103945,31.691475038697718,-0.9054707153913634,True
839,2025,F,3,3,35,1447.7879055204346,1425.4824889395172,22.30541658091738,-0.6372976165976395,True
18596,2025,F,4,4,35,1424.7300931106372,1382.4399438653938,42.290149245243356,-1.2082899784355245,True
27148,2025,F,6,5+,42,1384.0939192048897,1427.6974738737908,-43.6035546689011,1.0381798730690737,False
18822,2025,F,4,4,35,1434.4386457042358,1379.8557947754084,54.58285092882738,-1.5595100265379251,True
27147,2025,F,5,5+,42,1372.5117905608868,1438.6526696297915,-66.14087906890472,1.574782834973922,False
1767,2025,F,5,5+,35,1457.4964581140334,1389.2545146316495,68.24194348238393,-1.949769813782398,True
7986,2024,F,5,5+,50,1303.7905854990238,1357.72098092423,-53.93039542520614,1.078607908504123,False
28034,2025,F,2,2,28,1467.0667593363341,1435.290282589926,31.776476746408207,-1.1348741695145788,True
27145,2025,F,5,5+,42,1333.3334676477543,1384.425448378549,-51.0919807307946,1.2164757316855859,False
823,2025,F,4,4,42,1498.073489610541,1519.7989420191855,-21.725452408644514,0.5172726763962979,False
27637,2025,F,3,3,28,1478.1271323754308,1429.17220279725,48.95492957818078,-1.748390342077885,True
27150,2025,F,3,3,42,1412.8325683402645,1446.0259753344221,-33.19340699415761,0.7903192141466098,False
18595,2025,F,3,3,35,1470.8457179302318,1432.027669646199,38.818048284032784,-1.109087093829508,True
27634,2025,F,2,2,7,1433.225076630036,1521.4134454551208,-88.18836882508481,12.598338403583544,False
27636,2025,F,3,3,35,1470.8457179302318,1475.21987586453,-4.374157934298182,0.12497594097994806,False
2083,2025,F,5,5+,35,1514.5342046014268,1455.6641530213956,58.87005158003126,-1.6820014737151787,True
1742,2025,F,4,4,35,1492.6899612658292,1501.1212312220691,-8.43126995623993,0.24089342732114086,False
28036,2025,F,2,2,28,1534.828753560119,1491.034070102473,43.79468345764599,-1.564095837773071,True
28037,2025,F,2,2,28,1546.0897786117594,1474.711027974224,71.3787506375354,-2.549241094197693,True
2087,2025,F,4,4,42,1452.168471234948,1543.864454007777,-91.69598277282921,2.183237685067362,False
27646,2025,F,2,2,7,1577.6397964598195,1629.7151298648116,-52.07533340499208,7.439333343570297,False
27642,2025,F,2,2,7,1524.242757195026,1556.861193878546,-32.61843668352003,4.65977666907429,False
27648,2025,F,4,4,35,1583.7076418308188,1501.4804179681678,82.22722386265104,-2.3493492532186013,True
27647,2025,F,3,3,35,1581.2805036824193,1531.67205945966,49.60844422275932,-1.4173841206502662,True
1752,2025,F,5,5+,42,1518.982383412597,1498.706698095519,20.275685317078114,-0.48275441231138366,True
5065,2025,F,4,4,35,1594.6297634986176,1609.206509568842,-14.576746070224317,0.4164784591492662,False
3036,2025,F,4,4,35,1632.2504047988134,1584.6121948707166,47.638209928096785,-1.3610917122313366,True
27653,2025,F,5,5+,35,1618.901144982615,1557.3539118056947,61.54723317692037,-1.7584923764834393,True
27638,2025,F,5,5+,35,1493.9035303400292,1468.2755987732944,25.627931566734787,-0.7322266161924225,True
1756,2025,F,4,4,35,1641.9589573924122,1567.4211181060632,74.53783928634903,-2.129652551038544,True
1751,2025,F,2,2,7,1603.1247470180167,1652.2371799680925,-49.1124329500758,7.0160618500108285,False
18598,2025,F,2,2,7,1655.3082172086106,1656.0561362899534,-0.7479190813428431,0.1068455830489776,False
28042,2025,F,4,4,28,1662.6169074069962,1609.7652445072174,52.85166289977883,-1.8875593892778153,True
23548,2025,F,3,3,28,1665.0649563312659,1591.8957038888227,73.16925244244317,-2.613187587230113,True
18832,2025,F,2,2,7,1612.8332996116158,1675.150917899257,-62.31761828764115,8.90251689823445,False
28043,2025,F,2,2,21,1682.5929866290364,1621.5934305209482,60.9995561080882,-2.904740767051819,True
18606,2025,F,2,2,14,1499.058364495235,1685.236879467248,-186.17851497201286,13.298465355143776,False
27659,2025,F,2,2,7,1680.7931677668078,1693.2664799388524,-12.473312172044643,1.7819017388635205,False
27654,2025,F,2,2,7,1656.5217862828104,1718.8241107082279,-62.30232442541751,8.90033206077393,False
28046,2025,F,3,3,28,1722.1534572452347,1542.4376844329977,179.715772812237,-6.418420457579892,True
2096,2025,F,4,4,28,1730.9664333726055,1627.1159598256922,103.85047354691324,-3.70894548381833,True
27661,2025,F,2,2,7,1705.064549250805,1747.2214782297563,-42.15692897895133,6.022418425564475,False
2085,2025,F,3,3,14,1792.441522593195,2044.5207395838067,-252.0792169906117,18.005658356472264,False
851,2025,F,5,5+,42,1634.390022401055,1654.7633618656541,-20.373339464599212,0.485079511061886,False
5368,2025,F,5,5+,42,1499.5311044398882,1500.2631739952787,-0.7320695553905807,0.01743022750929954,False
845,2025,F,5,5+,42,1675.3608176043306,1628.9318483754118,46.42896922891873,-1.105451648307589,True
27669,2025,F,2,2,7,1734.1902070316019,1774.052094439752,-39.861887408150096,5.694555344021443,False
3047,2025,F,5,5+,42,1676.5525162148106,1649.3156962164953,27.23681999831524,-0.6484957142456009,True
27670,2025,F,3,3,35,1746.3258977736004,1688.636667504655,57.689230268945494,-1.6482637219698713,True
18854,2025,F,5,5+,42,1672.770596657585,1680.7146042712627,-7.944007613677741,0.18914303842089858,False
27676,2025,F,4,4,35,1809.431489631993,1713.1312081066421,96.30028152535078,-2.7514366150100225,True
19610,2025,F,5,5+,42,1650.6700042450486,1652.927518496707,-2.257514251658449,0.05375033932520117,False
18841,2025,F,4,4,35,1758.4615885155988,1676.6238663295867,81.83772218601212,-2.3382206338860603,True
27671,2025,F,3,3,14,1749.9666049962,2070.815876263425,-320.8492712672248,22.917805090516058,False
28048,2025,F,2,2,28,1851.6062843606155,1733.5350107669533,118.07127359366223,-4.216831199773651,True
27672,2025,F,4,4,35,1764.529433886598,1765.3130603870466,-0.783626500448463,0.0223893285842418,False
1776,2025,F,3,3,28,1906.8342680921394,1624.6116300126173,282.2226380795221,-10.079379931411504,True
27681,2025,F,2,2,7,1849.4792690805884,1948.5490217616948,-99.06975268110637,14.152821811586623,False
28050,2025,F,2,2,28,1969.4063985964726,2045.428835295719,-76.02243669924633,2.715087024973083,False
27170,2025,F,5,5+,42,1790.7093640997066,1804.0353870983754,-13.326022998668805,0.3172862618730668,False
27685,2025,F,2,2,7,2018.1653703943696,2034.8182658529583,-16.652895458588773,2.378985065512682,False
1796,2025,F,5,5+,35,1796.0822298157946,1701.3678421719198,94.71438764387472,-2.706125361253563,True
18839,2025,F,2,2,7,2049.7181663235656,2054.500579204086,-4.782412880520496,0.6832018400743566,False
18844,2025,F,4,4,35,1800.9365061125939,1799.8249202413333,1.1115858712605586,-0.03175959632173025,True
23567,2025,F,2,2,28,2197.270792467494,2020.225898611149,177.0448938563452,-6.3230319234409,True
27683,2025,F,2,2,7,1957.4869166843762,2197.270792467494,-239.783875783118,34.254839397588285,False
1809,2025,M,4,4,35,1553.4622319395908,1554.1499873161813,-0.6877553765905304,0.019650153616872296,False
18572,2025,M,2,2,7,1718.978747024297,1579.766340160217,139.2124068640801,-19.887486694868585,True
27690,2025,M,4,4,35,1572.4068933047079,1571.3303016058474,1.0765916988605113,-0.030759762824586038,True
22565,2025,M,4,4,35,1589.3573797892861,1564.5260191752132,24.83136061407299,-0.7094674461163711,True
27109,2025,M,3,3,42,1610.494003517869,1530.584422651726,79.90958086614296,-1.9026090682414991,True
27694,2025,M,3,3,35,1600.3253416322484,1599.465311069761,0.8600305624875091,-0.024572301785357402,True
23572,2025,M,4,4,35,1646.191363884637,1643.0246909702732,3.166672914363744,-0.09047636898182125,True
1827,2025,M,5,5+,35,1626.2496150792506,1592.5313282408886,33.71828683836202,-0.9633796239532005,True
27112,2025,M,3,3,42,1640.9383102146928,1597.0907960866361,43.84751412805667,-1.043988431620397,True
1847,2025,M,4,4,35,1650.1797136457144,1682.9724136275458,-32.79269998183145,0.9369342851951842,False
18566,2025,M,3,3,42,1641.1838288170864,1626.4928786717967,14.690950145289662,-0.3497845272688015,True
27117,2025,M,5,5+,42,1744.9007072122972,1613.3532306349264,131.54747657737084,-3.132082775651687,True
2111,2025,M,5,5+,35,1686.0748614954096,1601.3210244599336,84.75383703547595,-2.4215382010135986,True
5013,2025,M,3,3,42,1657.1327172285837,1615.2089440250995,41.92377320348419,-0.998185076273433,True
18869,2025,M,5,5+,35,1671.1185498913699,1602.9073600999202,68.21118979144967,-1.948891136898562,True
885,2025,M,4,4,42,1673.2780205219958,1617.0945882764042,56.183432245591575,-1.3377007677521804,True
3543,2025,M,4,4,42,1756.7052416153879,1624.6172113742023,132.0880302411856,-3.1449531009806098,True
25000,2025,M,4,4,42,1663.5947668435867,1583.801493744107,79.79327309947985,-1.899839835701901,True
28052,2025,M,3,3,28,1683.2790585261168,1592.0025496942262,91.27650883189062,-3.259875315424665,True
27696,2025,M,3,3,14,1665.136025249754,1773.2932378673788,-108.15721261762474,7.725515186973196,False
874,2025,M,4,4,42,1685.0727341809907,1620.3370982323515,64.73563594863913,-1.5413246654437889,True
1835,2025,M,4,4,28,1694.519816422319,1641.1889314875216,53.330884934797496,-1.9046744619570535,True
2116,2025,M,5,5+,35,1686.0748614954096,1660.624037315785,25.450824179624533,-0.7271664051321295,True
23583,2025,M,4,4,42,1744.2820003342647,1634.0354556770158,110.24654465724893,-2.6249177299344986,True
19626,2025,M,4,4,35,1713.9933098229503,1705.959314976786,8.033994846164433,-0.22954270989041237,True
27698,2025,M,5,5+,35,1731.940883747798,1750.1272890536454,-18.18640530584753,0.5196115801670723,False
18875,2025,M,2,2,28,1729.903767365148,1671.888018055061,58.01574931008713,-2.0719910467888263,True
27116,2025,M,4,4,42,1728.5688097810653,1735.2915588859719,-6.7227491049065975,0.1600654548787285,False
18876,2025,M,2,2,28,1740.3625594946582,1706.557932199422,33.80462729523606,-1.2073081176870022,True
27701,2025,M,3,3,35,1743.90593303103,1732.0290950226033,11.876838008426603,-0.33933822881218867,True
3204,2025,M,3,3,28,1747.2047599532161,1588.7400858308577,158.46467412235847,-5.659452647227089,True
28056,2025,M,3,3,28,1750.8213516241685,1700.9109763992183,49.91037522495026,-1.7825134008910806,True
28057,2025,M,4,4,28,1751.7010631116973,1657.1720113319147,94.52905177978255,-3.3760375635636626,True
2114,2025,M,2,2,7,2624.3341427888336,1754.4379432951205,869.8961994937131,-124.27088564195901,True
28059,2025,M,2,2,28,1767.340378445544,1690.2555898362896,77.08478860925447,-2.7530281646162313,True
27709,2025,M,3,3,14,1770.8272939183014,1875.0306653170194,-104.20337139871799,7.443097957051285,False
18559,2025,M,5,5+,42,1748.1219112757028,1671.6785020271382,76.44340924856465,-1.8200811725848727,True
924,2025,M,3,3,42,1831.902679156542,1747.3736498295177,84.52902932702432,-2.0125959363577217,True
1855,2025,M,3,3,35,1712.996222382681,1766.2500462499872,-53.25382386730621,1.5215378247801774,False
18571,2025,M,3,3,42,1929.304819098186,1735.012204182075,194.292614916111,-4.626014640859786,True
3055,2025,M,2,2,7,1792.7632176042262,1793.731723071411,-0.9685054671847411,0.13835792388353443,False
23585,2025,M,3,3,35,1761.8535069558775,1766.3797466482251,-4.5262396923476444,0.12932113406707554,False
18564,2025,M,5,5+,42,1770.464104093533,1744.6299875591008,25.83411653443227,-0.6150980127245779,True
18565,2025,M,5,5+,42,1808.8435720197222,1908.7009913300417,-99.85741931031953,2.3775576026266556,False
2124,2025,M,3,3,28,1815.9200017013063,2362.323145690236,-546.4031439889295,19.514397999604626,False
28065,2025,M,2,2,28,1833.4164857310477,1729.315363613318,104.1011221177298,-3.71789721849035,True
27718,2025,M,4,4,35,1853.5855514606542,1822.4202956407078,31.165255819946424,-0.8904358805698979,True
23582,2025,M,2,2,28,1858.9281188693853,1772.6951583470398,86.23296052234559,-3.079748590083771,True
28067,2025,M,2,2,28,1862.1537276569916,1830.3519738406408,31.80175381635081,-1.1357769220125289,True
27715,2025,M,3,3,35,1824.6700156928441,1777.5838656652375,47.086150027606664,-1.3453185722173333,True
18567,2025,M,5,5+,42,1892.1136612075825,1817.0626714981115,75.05098970947097,-1.7869283264159754,True
27720,2025,M,2,2,7,1891.4748741908884,1881.99610898681,9.4787652040784,-1.3541093148683427,True
28068,2025,M,2,2,28,1890.8909695829352,1746.3160927361932,144.57487684674197,-5.163388458812213,True
3855,2025,M,3,3,14,1919.935829230841,1891.7706810704642,28.165148160376702,-2.0117962971697643,True
3547,2025,M,3,3,14,1783.8694197842312,1900.37230450408,-116.50288471984868,8.321634622846334,False
27706,2025,M,4,4,35,1762.8505943961468,1659.376918101959,103.47367629418773,-2.9563907512625063,True
27713,2025,M,3,3,35,1790.7690427236873,1798.0865055405359,-7.317462816848547,0.20907036619567276,False
918,2025,M,4,4,42,1639.2098592538407,1647.40457364923,-8.194714395389383,0.19511224750927103,False
882,2025,M,5,5+,42,1648.9422166527283,1658.1796836566862,-9.237467003957818,0.21993969057042423,False
24451,2025,M,2,2,21,1833.7097228935572,1891.2522140282601,-57.542491134702914,2.7401186254620433,False
880,2025,M,3,3,14,1709.418358794354,1650.5342420458746,58.8841167484793,-4.206008339177093,True
27677,2025,F,3,3,35,1823.9943185223915,1751.594122168011,72.40019635438057,-2.0685770386965876,True
5733,2025,M,3,3,28,1858.3416445443663,1745.917014587769,112.4246299565973,-4.015165355592761,True
28070,2025,M,2,2,28,1920.6056687172445,1809.5300714466027,111.07559727064177,-3.9669856168086346,True
2123,2025,M,3,3,28,1925.4929547590718,1723.9677164244324,201.52523833463943,-7.197329940522836,True
5002,2025,M,4,4,28,1834.6408900955373,1915.9333202186222,-81.29243012308484,2.9033010758244586,False
18577,2025,M,5,5+,42,1817.6626002177052,1767.167925991363,50.49467422634211,-1.2022541482462408,True
18901,2025,M,5,5+,42,1953.7584718966023,1876.6550160115703,77.10345588503196,-1.8357965686912372,True
18895,2025,M,2,2,7,1964.262257330548,1965.9596831854008,-1.6974258548527814,0.24248940783611164,False
28072,2025,M,2,2,28,1969.0875462521701,1904.2612469288215,64.82629932334862,-2.315224975833879,True
27734,2025,M,2,2,7,2072.9447883199036,1984.8246073068535,88.12018101305011,-12.588597287578589,True
5038,2025,M,3,3,14,2049.5696512947347,2001.9301084532487,47.63954284148599,-3.4028244886775707,True
27733,2025,M,2,2,7,2048.0176023131708,2035.3591449793469,12.65845733382389,-1.8083510476891271,True
5006,2025,M,4,4,35,2093.883624565559,1899.5321708699937,194.35145369556517,-5.552898677016148,True
2141,2025,M,3,3,35,1986.1981810164732,2361.3653581340172,-375.16717711754404,10.719062203358401,False
27724,2025,M,3,3,28,1939.3350713238153,2027.2481068423597,-87.91303551854435,3.139751268519441,False
1849,2025,M,3,3,35,2017.1078916648216,1950.0255335993784,67.08235806544326,-1.9166388018698075,True
19657,2025,M,4,4,35,2104.8515864085216,2361.40526594886,-256.5536795403382,7.330105129723948,False
27738,2025,M,4,4,28,2121.8020728930996,2137.263887877131,-15.461814984031207,0.5522076780011146,False
27729,2025,M,5,5+,35,1991.1836182178197,2183.8454207611767,-192.661802543357,5.5046229298102,False
27137,2025,M,3,3,42,2227.2465534750354,2189.183090996352,38.063462478683505,-0.9062729161591311,True
28077,2025,M,2,2,28,2192.632009805345,2484.3313126172557,-291.69930281191046,10.417832243282517,False
964,2025,M,3,3,42,2290.9831826564496,2007.183501407449,283.7996812490005,-6.757135267833346,True
2142,2025,M,5,5+,42,2289.0190338373,1914.6771866026957,374.3418472346043,-8.912901124633436,True
27138,2025,M,3,3,42,2267.413396826651,2178.956713442979,88.45668338367204,-2.1061115091350486,True
2119,2025,M,3,3,28,2255.4117898891877,2321.7226815103622,-66.3108916211745,2.368246129327661,False
7780,2025,M,4,4,28,2220.513729479762,2371.7843584389907,-151.27062895922882,5.402522462829601,False
25780,2025,M,4,4,42,1958.973287011445,1858.8361766844255,100.13711032701963,-2.3842169125480863,True
25778,2025,M,4,4,28,1866.5476881841553,2135.665111767634,-269.1174235834785,9.611336556552804,False
2121,2025,M,3,3,42,1864.37005913709,1731.4703856148094,132.89967352228064,-3.1642779410066817,True
25804,2025,M,2,2,28,2691.7216603967368,2096.676776191599,595.0448842051378,-21.25160300732635,True
28080,2025,F,2,2,7,1624.3511391220452,1569.5608791886825,54.79025993336268,-7.827179990480382,True
26832,2025,F,2,2,29,1776.5676900378414,2186.264345977649,-409.69665593980767,14.127470894476126,False
22553,2024,F,2,2,7,1505.2718589951878,1454.9578718546375,50.31398714055035,-7.187712448650051,True
3240,2024,F,2,2,7,1507.2674467706024,1492.4020057674777,14.865441003124715,-2.1236344290178164,True
22554,2024,F,2,2,7,1547.3787610564345,1482.9664813066825,64.41227974975209,-9.201754249964583,True
3250,2024,F,2,2,7,1722.5913677378314,1597.086666627249,125.50470111058235,-17.92924301579748,True
22558,2024,F,2,2,7,1873.2582447816292,1797.020463885996,76.23778089563325,-10.891111556519036,True
2953,2024,M,2,2,7,1573.2668341803942,1586.1814142687272,-12.914580088332968,1.8449400126189954,False
22515,2024,M,2,2,7,1626.691001510544,1567.063596846279,59.627404664264986,-8.518200666323569,True
22516,2024,M,2,2,7,1647.8609519292204,1665.5402709650346,-17.67931903581416,2.5256170051163087,False
22517,2024,M,2,2,7,1649.558542292982,1608.883822457884,40.67471983509813,-5.810674262156875,True
2962,2024,M,2,2,7,1661.3418165826226,1646.2233096111026,15.118506971519992,-2.1597867102171415,True
3265,2024,M,2,2,7,1666.7341624439832,1608.5851065606585,58.14905588332476,-8.30700798333211,True
22518,2024,M,2,2,7,1674.822681236025,1674.3026039503231,0.5200772857017455,-0.07429675510024936,True
2967,2024,M,2,2,7,1701.8842687995214,1699.8925991459957,1.991669653525605,-0.2845242362179436,True
22519,2024,M,2,2,7,1704.0811504467424,1666.137702759486,37.943447687256366,-5.42049252675091,True
2972,2024,M,2,2,7,1726.0499669189535,1757.0469074818554,-30.996940562901955,4.428134366128851,False
2949,2024,M,2,2,7,1798.4472030205586,1869.4636568044791,-71.0164537839205,10.145207683417214,False
4057,2024,M,2,2,7,1813.2262250109552,1876.5332663721551,-63.307041361199936,9.04386305159999,False
2973,2024,M,2,2,7,1850.4733547570222,1778.9527399450772,71.52061481194505,-10.217230687420722,True
5137,2024,M,2,2,7,1554.7930566923983,1563.777721976796,-8.984665284397806,1.2835236120568294,False
6344,2024,M,2,2,7,1620.59964785234,1591.3591564873068,29.240491365033222,-4.177213052147603,True
3268,2024,M,2,2,7,1650.956557886668,1637.1622607285885,13.794297158079416,-1.970613879725631,True
5138,2024,M,2,2,7,1652.0549987102788,1606.494095280078,45.560903430200824,-6.508700490028689,True
3276,2024,M,2,2,7,1656.6484785181049,1623.7200453534297,32.9284331646752,-4.7040618806678856,True
3277,2024,M,2,2,7,1712.868677035627,1696.4075803450285,16.461096690598424,-2.351585241514061,True
22523,2024,M,2,2,7,1750.4153815517695,1711.9408070007673,38.474574551002206,-5.496367793000315,True
22524,2024,M,2,2,7,1767.3912851893874,1708.2566442683167,59.13464092107074,-8.447805845867249,True
3285,2024,M,2,2,7,1840.1879543177597,1711.4429471720578,128.74500714570195,-18.39214387795742,True
4065,2024,M,2,2,7,1921.1730004948654,1853.0342824570628,68.13871803780262,-9.734102576828946,True
22525,2024,M,2,2,7,1926.4654880995345,1869.9615166331887,56.503971466345774,-8.071995923763682,True
22527,2024,M,2,2,7,1522.6386980376165,1656.47922208252,-133.84052404490353,19.120074863557647,False
89,2024,M,2,2,7,1550.2994351412644,1578.9126607695673,-28.61322562830287,4.087603661186124,False
22528,2024,M,2,2,7,1588.645005710942,1673.5060282243878,-84.86102251344573,12.123003216206532,False
2965,2024,M,2,2,7,1760.3013489642647,1697.9011598311574,62.40018913310723,-8.914312733301033,True
4638,2024,M,2,2,7,1925.1673307625401,1890.5729135417653,34.59441722077486,-4.942059602967837,True
22543,2024,F,2,2,7,1581.0044150721699,1605.1316927464534,-24.127277674283505,3.4467539534690723,False
2940,2024,F,2,2,7,1761.7048881359563,1705.644858581452,56.060029554504354,-8.008575650643479,True
2924,2024,F,2,2,7,1438.020550963718,1400.6291152224792,37.391435741238865,-5.341633677319838,True
22546,2024,F,2,2,7,1444.2068730675032,1497.0701073428188,-52.86323427531556,7.551890610759366,False
2926,2024,F,2,2,7,1518.8418558680069,1439.4637474769106,79.37810839109625,-11.339729770156607,True
22549,2024,F,2,2,7,1567.9333151432045,1555.3717163795225,12.561598763682014,-1.7945141090974306,True
2931,2024,F,2,2,7,1692.6575511066135,1602.2513747531582,90.4061763534553,-12.915168050493614,True
3256,2024,F,2,2,7,1808.3018626918858,1750.6374120629287,57.664450628957184,-8.237778661279597,True
22552,2024,F,2,2,7,1447.200254730625,1421.5859116564561,25.6143430741688,-3.6591918677384,True
26863,2025,M,2,2,49,1617.325645881274,1566.4615840121583,50.86406186911586,-1.038042078961548,True
23725,2025,M,2,2,49,1864.5660820846415,1958.395390049645,-93.82930796500341,1.9148838360204776,False
26864,2025,M,2,2,49,2000.3150763019628,2035.3155353409013,-35.000459038938516,0.7142950824273167,False
23714,2025,F,2,2,49,1355.6467844616525,1375.2423544754924,-19.59557001383996,0.39990959211918287,False
26856,2025,F,2,2,49,1559.806982581037,1546.6363759350763,13.17060664596056,-0.268787890733889,True
26861,2025,F,2,2,49,1767.1968335520273,1573.5298079057386,193.66702564628872,-3.9523882784956883,True
23716,2025,F,2,2,49,1635.81916933848,1595.8433873058884,39.975782032591496,-0.8158322863794183,True
26857,2025,F,2,2,49,1652.313467830611,1692.2603254884632,-39.946857657852206,0.815241993017392,False
26860,2025,F,2,2,49,1722.0970383742424,1760.7276812124164,-38.630642838174026,0.7883804660851842,False
28775,2025,F,2,2,7,1470.1101307136776,1356.8823537282497,113.22777698542791,-16.175396712203987,True
28356,2025,F,4,4,20,1506.592228614069,1515.9644440695524,-9.372215455483456,0.4686107727741728,False
28358,2025,F,2,2,14,1658.8503433727026,1550.932489025846,107.91785434685653,-7.708418167632609,True
28779,2025,F,3,3,13,1611.1628810551058,1632.6146026875067,-21.451721632400904,1.650132433261608,False
28359,2025,F,3,3,20,1670.3575199057736,1728.2175777636617,-57.86005785788802,2.893002892894401,False
5619,2025,M,3,3,14,1556.809109160479,1483.8407776633815,72.96833149709755,-5.212023678364111,True
22591,2025,M,3,3,20,1643.0971266798642,1675.733385663895,-32.636258984030746,1.6318129492015374,False
28362,2025,M,2,2,14,1660.3049390599563,1584.8069763019073,75.49796275804897,-5.392711625574926,True
22595,2025,M,3,3,14,1993.4673065300713,1769.8953520796126,223.57195445045863,-15.969425317889902,True
2291,2025,F,3,3,14,1362.8130860376978,1298.4323382021826,64.3807478355152,-4.5986248453939425,True
23925,2025,F,2,2,7,1741.271883525216,1585.3954797547835,155.8764037704325,-22.268057681490355,True
28784,2025,M,2,2,7,1632.7868832811585,1537.8983350333779,94.88854824778059,-13.555506892540084,True
28349,2025,M,2,2,14,1648.623941419998,1585.1007673745703,63.523174045427595,-4.5373695746733995,True
28786,2025,M,2,2,7,1619.672129198579,1588.9200513191897,30.752077879389162,-4.3931539827698805,True
28787,2025,M,2,2,7,1832.786883040497,1716.2295161398338,116.55736690066328,-16.65105241438047,True
27526,2025,F,2,2,28,1568.0371716274778,1564.1839714109267,3.8532002165511585,-0.13761429344825565,True
27539,2025,F,2,2,28,1727.9519950197912,1731.40645493616,-3.4544599163687053,0.12337356844173948,False
22375,2025,F,2,2,28,1941.3699191753317,2214.198704549576,-272.8287853742445,9.743885191937304,False
3787,2025,M,3,3,35,1601.462907583836,1646.3830919697555,-44.920184385919356,1.2834338395976959,False
1284,2025,M,3,3,35,2003.5348438032354,1909.2300322176072,94.30481158562816,-2.6944231881608047,True
27518,2025,M,2,2,28,2577.0189978499952,1933.0201614979048,643.9988363520904,-22.999958441146084,True
4397,2025,M,2,2,28,1784.2498542341316,1997.5846000904462,-213.3347458563146,7.61909806629695,False
3869,2025,F,5,5+,49,1488.4502289570494,1534.4932692349282,-46.043040277878845,0.9396538832220173,False
1116,2025,F,2,2,21,1809.6233593474672,1830.9928016798763,-21.369442332409108,1.0175924920194812,False
28355,2025,F,4,4,20,1505.2598186997134,1492.9667886723428,12.293030027370605,-0.6146515013685303,True
22600,2025,F,3,3,20,1539.0545792547323,1572.5380792634674,-33.483500008735064,1.6741750004367533,False
28778,2025,F,2,2,7,1603.867049140894,1526.8475580050547,77.01949113583942,-11.00278444797706,True
28357,2025,F,4,4,20,1556.13365179329,1620.951577103115,-64.81792530982489,3.2408962654912443,False
2302,2025,M,4,4,20,1556.590028215825,1666.2205496121735,-109.63052139634851,5.481526069817425,False
22588,2025,M,4,4,20,1594.4113658429021,1635.3312254274733,-40.91985958457121,2.0459929792285605,False
22592,2025,M,2,2,14,1611.8083844933772,1564.1436708579413,47.664713635435874,-3.404622402531134,True
28364,2025,M,3,3,20,1718.7198854845046,1771.768204904364,-53.048319419859354,2.6524159709929678,False
23922,2025,F,3,3,14,1329.987350874938,1280.7113117194049,49.276039155533226,-3.5197170825380875,True
28348,2025,F,2,2,14,1556.860420837484,1433.0533957370942,123.80702510038986,-8.843358935742133,True
28783,2025,F,2,2,7,1544.2844218414975,1509.5181564169243,34.76626542457325,-4.966609346367607,True
2303,2025,M,3,3,14,1580.6789739030025,1571.488447674517,9.190526228485624,-0.6564661591775446,True
25504,2025,M,2,2,14,1647.448870898672,1605.666142460982,41.78272843769014,-2.9844806026921527,True
2316,2025,M,3,3,14,1856.860379313577,1801.526857569665,55.33352174391189,-3.9523944102794206,True
27522,2025,F,3,3,35,1519.388981859432,1496.9770335814728,22.411948277959254,-0.6403413793702644,True
27537,2025,F,2,2,28,1721.511806964958,1758.6378646577882,-37.12605769283027,1.3259306318867954,False
27543,2025,F,2,2,28,1763.7198086781707,1825.4875347325435,-61.767726054372815,2.2059902162276006,False
11364,2025,F,3,3,35,1853.5852019971474,1818.6835391333782,34.90166286376916,-0.9971903675362618,True
27509,2025,M,2,2,28,2041.1209042616297,1647.1757833654717,393.94512089615796,-14.069468603434213,True
27512,2025,M,2,2,28,2190.179307184787,2152.83272743342,37.34657975136679,-1.333806419691671,True
11303,2025,M,2,2,27,1639.2560610300834,1637.6,1.6560610300834924,-0.06133559370679601,True
27291,2025,F,3,3,41,1928.982993258553,1937.3,-8.317006741446903,0.2028538229621196,False
28354,2025,F,4,4,20,1504.7753060035839,1497.4946697652592,7.280636238324632,-0.36403181191623163,True
1198,2023,M,3,3,35,1634.4809424808227,1757.5536939920453,-123.07275151122258,3.516364328892074,False
9,2025,M,2,2,14,1577.4097975009024,1566.5554715047524,10.85432599615001,-0.7753089997250007,True
19,2025,M,4,4,57,1651.3742528316418,1662.103383127864,-10.729130296222138,0.1882303560740726,False
2947,2024,M,2,2,7,1531.3263663698092,1545.0581924173157,-13.731826047506502,1.9616894353580716,False
23486,2024,M,2,2,7,1497.0749843244982,1517.6759018382886,-20.600917513790364,2.9429882162557663,False
2917,2025,M,2,2,14,1811.6554784545767,1826.951228742718,-15.295750288141335,1.0925535920100953,False
5726,2025,M,2,2,14,1976.8128636671383,1879.4989233928318,97.31394027430656,-6.95099573387904,True
28379,2025,M,2,2,14,2058.3178380480417,1886.4523045374594,171.86553351058228,-12.276109536470162,True
5559,2025,M,2,2,14,2233.1386872889984,2211.175203991567,21.963483297431594,-1.568820235530828,True
28381,2025,M,2,2,14,2176.231621344008,2252.8954908593323,-76.66386951532422,5.475990679666016,False
3504,2025,F,2,2,14,1569.054436627711,1488.9551141791178,80.09932244859328,-5.7213801748995206,True
24364,2025,F,2,2,14,1721.2454791032576,1621.430463472543,99.8150156307147,-7.129643973622478,True
28383,2025,F,2,2,14,1771.0303381135745,1710.1913693519582,60.83896876161634,-4.345640625829739,True
24365,2025,F,2,2,14,1852.6031719340153,1771.5853383572294,81.01783357678596,-5.786988112627569,True
25294,2025,F,2,2,14,1822.7713801891298,2147.214710851018,-324.44333066188824,23.174523618706303,False
4878,2025,M,2,2,8,1872.453743052624,1703.7290386515667,168.72470440105735,-21.09058805013217,True
5708,2023,M,3,3,35,1735.9960297378407,1689.7673288559704,46.22870088187028,-1.3208200251962938,True
1993,2025,M,3,3,43,1520.3607836654821,1514.0621893146783,6.298594350803796,-0.14647893839078596,True
26627,2025,M,3,3,35,1539.0502650858186,1541.583344549235,-2.5330794634164704,0.0723736989547563,False
26906,2025,M,2,2,42,1769.3235460510323,1839.4624743440404,-70.13892829300812,1.66997448316686,False
2200,2025,M,4,4,42,1825.6038911909554,1842.796339373785,-17.192448182829594,0.40934400435308554,False
1647,2025,M,2,2,29,1935.7631649074572,1882.1867857222899,53.5763791851673,-1.8474613512126654,True
28374,2025,M,2,2,14,1897.449233399711,1901.3296236350154,-3.880390235304503,0.2771707310931788,False
27757,2025,M,2,2,28,1995.8605531190926,1912.885718840757,82.97483427833572,-2.96338693851199,True
8095,2025,M,3,3,42,1805.2124617924328,1917.1092663271195,-111.89680453468668,2.664209631778254,False
25546,2025,M,2,2,28,2041.6152504975944,1954.5345898868306,87.08066061076374,-3.110023593241562,True
26911,2025,M,3,3,42,2093.465707769952,2006.7129994579327,86.75270831201942,-2.0655406740957005,True
27758,2025,M,2,2,28,2043.8726907142614,2135.648518555496,-91.77582784123479,3.2777081371869565,False
28369,2025,M,2,2,14,2789.889485437308,2667.55153011926,122.33795531804799,-8.73842537986057,True
28256,2025,F,2,2,15,1413.585331982105,1435.5146031621473,-21.929271180042406,1.461951412002827,False
8120,2025,F,2,2,14,1533.7329408074313,1546.0148106308761,-12.281869823444822,0.8772764159603444,False
26898,2025,F,4,4,42,1560.2284074595134,1553.26409383002,6.96431362949329,-0.16581699117841167,True
3364,2025,F,4,4,42,1591.3264918954594,1570.2280035025099,21.098488392949548,-0.502344961736894,True
2188,2025,F,3,3,28,1627.8113996215964,1613.2247641775932,14.58663544400315,-0.5209512658572554,True
28413,2025,F,2,2,14,1625.4924748683607,1652.2006673697501,-26.708192501389476,1.907728035813534,False
26901,2025,F,4,4,42,1649.0455046423333,1691.5581117829151,-42.51260714058185,1.0122049319186155,False
3460,2025,F,3,3,43,1704.3430783328488,1712.3374336654808,-7.99435533263204,0.18591524029376838,False
27617,2025,F,2,2,28,1745.8554233007148,1739.0159698113173,6.839453489397556,-0.2442661960499127,True
8135,2025,F,4,4,42,1763.152483720534,1762.5834775397075,0.5690061808265909,-0.013547766210156928,True
18805,2025,M,2,2,28,1924.9319769607912,1985.0673185903256,-60.13534162953442,2.1476907724833723,False
26899,2025,F,2,2,42,1630.7738674834698,1669.252625016319,-38.47875753284916,0.9161608936392657,False
24987,2025,M,4,4,42,1891.6721224421697,1945.5008910965557,-53.82876865438607,1.281637348913954,False
27621,2025,F,2,2,28,1821.3486942582906,1816.7623309227815,4.586363335509077,-0.1637986905538956,True
4763,2025,F,2,2,28,1763.0615600129456,1846.1116556156708,-83.05009560272515,2.9660748429544697,False
2258,2025,M,2,2,14,1510.120123579845,1535.0346464960028,-24.914522916157694,1.7796087797255495,False
3393,2025,M,2,2,22,1692.5382692806788,1544.4789679585633,148.05930132211552,-6.729968241914341,True
382,2025,M,2,2,43,1551.6230573873675,1550.432996706699,1.1900606806684664,-0.02767582978298759,True
2193,2025,M,4,4,42,1557.4158117415827,1556.0350631643046,1.3807485772781547,-0.03287496612567035,True
127,2025,M,4,4,42,1590.531493084784,1587.8583202664101,2.673172818373814,-0.06364697186604319,True
19528,2025,M,2,2,14,1526.4564422072503,1600.3529815802324,-73.89653937298203,5.278324240927288,False
8065,2025,M,3,3,42,1634.4138491504052,1614.2848222470527,20.129026903352496,-0.47926254531791657,True
8051,2025,M,4,4,42,1661.983061697208,1622.4386153110022,39.54444638620589,-0.9415344377668069,True
26902,2025,M,4,4,42,1598.524933409005,1629.917813984769,-31.39288057576414,0.7474495375181938,False
3390,2025,M,2,2,28,1636.5659773356663,1637.4752265008758,-0.9092491652095305,0.032473184471768946,False
27325,2025,M,3,3,28,1603.3682811762687,1637.8956259034535,-34.527344727184754,1.2331194545423128,False
8041,2025,M,4,4,42,1626.9098031317487,1638.1302674304736,-11.220464298724892,0.2671539118744022,False
26903,2025,M,3,3,42,1613.2067625759414,1646.3622743367634,-33.15551176082204,0.789416946686239,False
203,2025,M,4,4,42,1631.3143518818297,1648.7477965281348,-17.433444646305134,0.4150820153882175,False
2994,2025,M,2,2,14,1644.7005769918323,1659.3653256257958,-14.664748633963427,1.047482045283102,False
28372,2025,M,2,2,14,1646.4383446829486,1659.482646389306,-13.044301706357373,0.9317358361683838,False
28243,2025,M,2,2,22,1622.6809149367505,1663.5888731121581,-40.90795817540766,1.8594526443367116,False
130,2025,M,2,2,28,1656.824326177737,1679.1045440863645,-22.280217908627492,0.7957220681652676,False
26904,2025,M,3,3,42,1683.0270168364839,1685.3714282038604,-2.3444113673765514,0.05581931827087027,False
2066,2025,M,3,3,29,1715.9365639485889,1699.7529984641362,16.18356548445263,-0.5580539822225045,True
129,2025,M,4,4,42,1626.5835402613725,1700.8577689871895,-74.27422872581701,1.7684340172813573,False
128,2025,M,2,2,14,1700.5987710560653,1704.758684373899,-4.159913317833798,0.297136665559557,False
28400,2025,M,2,2,14,1618.4081288541554,1731.097195781909,-112.68906692775363,8.049219066268117,False
24998,2025,M,2,2,29,1785.0779382173046,1737.34452643882,47.73341177848465,-1.6459797164994707,True
27565,2025,M,3,3,28,1873.9785469391934,1752.2247099440133,121.75383699518011,-4.348351321256432,True
8059,2025,M,3,3,42,1803.9074103109274,1753.0948389400464,50.81257137088096,-1.2098231278781182,True
8056,2025,M,4,4,42,1706.1916806332063,1767.6132834244172,-61.421602791210944,1.462419114076451,False
28367,2025,M,2,2,14,1762.96532263723,1768.2976545448926,-5.332331907662592,0.380880850547328,False
27755,2025,M,2,2,28,1673.0856920096219,1780.6358881740346,-107.55019616441268,3.84107843444331,False
27560,2025,M,3,3,28,1810.0408589591593,1795.340090533963,14.70076842519643,-0.5250274437570154,True
28373,2025,M,2,2,14,1798.2999323565898,1837.3995842523216,-39.09965189573177,2.792832278266555,False
18804,2025,M,2,2,28,1845.501353233225,1840.3326033400733,5.168749893151698,-0.1845982104697035,True
19551,2025,M,2,2,14,1886.6654858727736,1847.6260441382826,39.03944173449099,-2.7885315524636423,True
4901,2025,M,2,2,22,1867.8220963298306,1866.5831241754506,1.2389721543800079,-0.05631691610818217,True
28375,2025,M,2,2,14,1998.529387432961,1913.6483038035724,84.88108362938851,-6.062934544956322,True
3409,2025,M,2,2,28,1839.54991993474,1922.7993233573577,-83.24940342261766,2.9731929793792022,False
3410,2025,M,2,2,28,1932.1733760973718,1984.1580826731224,-51.98470657575058,1.8565966634196636,False
18807,2025,M,2,2,28,1994.9712584882843,2001.3749047182246,-6.40364622994025,0.22870165106929466,False
27588,2025,M,3,3,28,2167.741034091361,2040.1200868674243,127.62094722393681,-4.557890972283458,True
8099,2025,M,2,2,14,1948.7133802876344,2111.6270922268095,-162.91371193917507,11.636693709941076,False
27759,2025,M,2,2,28,2244.3548813849084,2380.94668159446,-136.59180020955182,4.878278578912565,False
230,2025,F,2,2,42,1466.8131499320784,1475.8992739395633,-9.086124007484841,0.2163362858924962,False
4790,2025,F,3,3,42,1490.8929896315078,1505.8649344510034,-14.971944819495548,0.3564748766546559,False
22356,2025,F,4,4,42,1531.4294031958736,1561.3351581205645,-29.905754924690882,0.7120417839212114,False
253,2025,F,3,3,42,1692.0020025986016,1578.5632117152907,113.43879088331096,-2.7009235924597848,True
28832,2025,F,2,2,7,1699.2490741177453,1580.9405070154146,118.3085671023307,-16.901223871761527,True
1673,2025,F,2,2,29,1893.002469969215,1609.497399941596,283.505070027619,-9.776036897504104,True
27607,2025,F,2,2,28,1605.8497207975745,1612.960620255357,-7.11089945778258,0.2539606949208064,False
26900,2025,F,4,4,42,1646.7464244700259,1660.9467661282313,-14.200341658205389,0.338103372814414,False
3368,2025,F,4,4,42,1661.1459266018458,1684.0446846615355,-22.898758059689726,0.5452085252307077,False
3377,2025,F,2,2,7,1850.694431965901,1696.4887983313206,154.2056336345804,-22.02937623351149,True
27450,2025,M,3,3,34,1685.6402032920773,1687.4653906731376,-1.825187381060232,0.05368198179588918,False
2822,2025,M,2,2,23,1767.2686310133329,1790.3705660660748,-23.101935052741965,1.004431958814868,False
27497,2025,M,2,2,12,1780.0956054466246,1770.955838600312,9.139766846312568,-0.761647237192714,True
1401,2025,M,2,2,12,1778.1173917382882,1790.3884191262848,-12.271027387996583,1.022585615666382,False
27503,2025,M,2,2,12,1888.204984607216,1821.978819263379,66.22616534383701,-5.5188471119864175,True
27473,2025,M,3,3,34,2010.9832760834097,1959.785191058905,51.198085024504735,-1.5058260301324922,True
1815,2025,M,3,3,34,1546.1438576524915,1539.1446489354275,6.999208717063993,-0.20585907991364685,True
27419,2025,F,3,3,34,1523.9374750873374,1508.9400892574038,14.997385829933592,-0.4410995832333409,True
27532,2025,F,2,2,12,1627.385981548169,1542.3520734722567,85.03390807591222,-7.086159006326018,True
27437,2025,F,2,2,11,1996.6950961077716,1997.0690209923323,-0.3739248845606653,0.03399317132369684,False
7978,2025,M,3,3,28,1610.7364018804822,1601.802651035713,8.933750844769065,-0.31906253017032377,True
24642,2025,M,3,3,28,1608.9560461308151,1641.796753952307,-32.84070782149183,1.172882422196137,False
27762,2025,M,2,2,14,1651.9820672311514,1714.9898452122868,-63.007777981135405,4.5005555700811,False
26891,2025,M,3,3,28,1834.0901232023334,1736.8312849118831,97.25883829045029,-3.4735299389446532,True
27760,2025,F,2,2,14,1463.1199046316392,1384.5816643959029,78.53824023573634,-5.609874302552596,True
26873,2025,F,3,3,28,1406.4066455223006,1403.2161575659586,3.19048795634194,-0.11394599844078357,True
26871,2025,F,4,4,50,1383.552836666187,1478.3496296729106,-94.79679300672365,1.895935860134473,False
443,2025,F,2,2,28,1481.0703980155722,1537.054522573806,-55.984124558233816,1.999433019936922,False
7992,2025,F,3,3,28,1610.77473728273,1674.6780190068207,-63.903281724090675,2.282260061574667,False
26877,2025,F,2,2,28,1692.139082948475,1749.2159916870432,-57.076908738568136,2.0384610263774334,False
7981,2025,M,3,3,28,1799.6159618678737,1847.7857985858313,-48.16983671795765,1.7203513113556304,False
22404,2025,M,2,2,12,2113.9191687284138,2309.5871090766323,-195.6679403482185,16.305661695684876,False
24997,2025,M,4,4,29,1754.1205714896453,1774.0365952265934,-19.91602373694809,0.6867594392051066,False
27225,2025,F,2,2,14,1794.8027230467444,1693.7786509811954,101.02407206554903,-7.216005147539216,True
27644,2025,F,3,3,35,1572.7855201630202,1500.113512851071,72.6720073119493,-2.0763430660556943,True
27645,2025,F,3,3,35,1576.4262273856198,1684.1368557688113,-107.71062838319153,3.077446525234044,False
1775,2025,F,2,2,7,1579.2327864114739,1552.4150940468417,26.817692364632194,-3.8310989092331704,True
18826,2025,F,4,4,35,1870.109943341986,1587.5056436587313,282.6042996832548,-8.074408562378709,True
18831,2025,F,3,3,21,1792.107124191066,1643.209521532823,148.89760265824316,-7.090362031344912,True
1779,2025,F,2,2,28,1680.7931677668078,1670.3481341186457,10.445033648162052,-0.3730369160057876,True
27655,2025,F,3,3,35,1660.16249350541,1595.278045747916,64.88444775749417,-1.8538413644998335,True
1769,2025,F,4,4,35,1702.6374111024054,1622.1073001995426,80.53011090286282,-2.300860311510366,True
27163,2025,F,3,3,42,1694.7727015816517,1727.7082035524681,-32.935501970816404,0.7841786183527715,False
27649,2025,F,3,3,35,1604.3383160922165,1771.349393203422,-167.01107711120562,4.7717450603201605,False
18850,2025,F,4,4,35,1766.956572034998,1754.0485649330167,12.908007101981411,-0.3688002029137546,True
18851,2025,F,4,4,35,1709.9188255476045,1677.4420139179217,32.47681162968274,-0.9279089037052213,True
18555,2025,M,2,2,7,1630.7516316870717,1567.8882525756878,62.86337911138389,-8.980482730197698,True
903,2025,M,4,4,42,1619.3326732040437,1648.5020385573969,-29.169365353353214,0.6945086988893623,False
27692,2025,M,2,2,28,1586.3661174684783,1656.032278918495,-69.66616145001672,2.4880771946434543,False
28846,2025,M,2,2,7,1755.356244721004,1638.5350618004998,116.82118292050427,-16.688740417214895,True
18879,2025,M,4,4,42,1741.286673385061,1732.1288645597094,9.157808825351594,-0.21804306727027606,True
2122,2025,M,2,2,7,1782.3355915687682,1662.4398428911156,119.89574867765259,-17.127964096807514,True
28847,2025,M,2,2,7,1785.633067294606,1680.478175199894,105.15489209471207,-15.022127442101723,True
18884,2025,M,2,2,28,1749.8884576726457,1786.832149376729,-36.94369170408322,1.319417560860115,False
1874,2025,M,3,3,42,1793.0714570019484,1759.0267317635073,34.04472523844106,-0.8105886961533586,True
18874,2025,M,4,4,35,1945.317595965431,1760.0543579956998,185.26323796973134,-5.293235370563752,True
27123,2025,M,2,2,35,1914.121948726157,1869.169119015831,44.95282971032589,-1.2843665631521681,True
926,2025,M,4,4,42,2024.7820931970625,1756.77194022491,268.0101529721526,-6.3811941183845855,True
841,2025,F,5,5+,42,1554.703795480453,1551.5071497719819,3.1966457084711237,-0.07611061210645532,True
831,2025,F,6,5+,42,1645.2433436303843,1678.2501840966431,-33.006840466258836,0.7858771539585437,False
930,2025,M,6,5+,42,1674.8886225536987,1611.0685082351972,63.82011431850151,-1.5195265313928932,True
25776,2025,M,3,3,35,1844.6117644982305,1727.6192814825147,116.99248301571583,-3.342642371877595,True
3887,2025,M,2,2,21,2033.8297520753724,1871.7703328054488,162.05941926992364,-7.717115203329697,True
28299,2025,M,2,2,21,2079.5711295548895,2015.53057750366,64.0405520512295,-3.049550097677595,True
26846,2025,M,4,4,36,1800.5633896950333,2087.096954482075,-286.53356478704177,7.959265688528938,False
28301,2025,M,2,2,21,2110.7495471103725,2132.0122162134294,-21.26266910305685,1.0125080525265167,False
2877,2025,M,3,3,22,2337.411293284305,2210.6377688711987,126.77352441310632,-5.762432927868469,True
26988,2025,M,2,2,22,2343.0488527865773,2320.1043132666246,22.94453951995274,-1.0429336145433064,True
2882,2025,M,3,3,35,2498.9329821379556,2275.075562218505,223.85741991945042,-6.395926283412869,True
2880,2025,M,3,3,35,2419.8167914080004,2340.7831532855544,79.03363812244606,-2.2581039463556016,True
19442,2025,M,3,3,35,2571.472516814676,2770.3714191254307,-198.8989023107547,5.682825780307277,False
18563,2025,M,4,4,42,1887.0952609746544,1822.589903853788,64.50535712086639,-1.5358418362111046,True
18581,2025,M,2,2,7,1937.1171036694589,1819.6067946943162,117.5103089751426,-16.787186996448945,True
23593,2025,M,4,4,42,2039.1105588327614,1958.885068494398,80.22549033836344,-1.9101307223419868,True
18585,2025,M,3,3,42,2146.8048385867505,1964.372393035232,182.4324455515184,-4.343629655988534,True
27739,2025,M,2,2,28,2124.7933352139075,2270.3619989927665,-145.568663778859,5.198880849244964,False
1883,2025,M,2,2,7,2291.945476470978,2119.1548529015977,172.7906235693804,-24.684374795625768,True
4999,2025,M,3,3,35,2061.976826476941,2250.381725057219,-188.40489858027786,5.382997102293653,False
26989,2025,M,2,2,22,2350.9612170002933,2331.637395622571,19.323821377722197,-0.8783555171691908,True
135,2025,M,3,3,35,1549.3193416625274,1508.1883289011087,41.13101276141879,-1.175171793183394,True
1991,2025,M,3,3,35,1522.9375920288467,1517.0488979995441,5.888694029302542,-0.16824840083721548,True
27294,2025,M,3,3,35,1542.471242097409,1513.1661767092187,29.305065388190314,-0.8372875825197232,True
2860,2025,M,3,3,22,1550.3288631249304,1524.0284167481032,26.300446376827267,-1.1954748353103304,True
23472,2025,M,2,2,14,1626.025074041013,1541.7189922262928,84.3060818147203,-6.021862986765735,True
27295,2025,M,3,3,35,1588.50783447005,1565.6326926066959,22.8751418633542,-0.65357548181012,True
19403,2025,M,3,3,35,1588.7041525611917,1573.4976921435095,15.206460417682138,-0.43447029764806105,True
2013,2025,M,3,3,43,1611.8474948865705,1549.4049087522578,62.442586134312705,-1.452153165914249,True
11301,2025,M,4,4,43,1640.4309106086184,1639.0061692982345,1.424741310383979,-0.03313351884613905,True
1996,2025,M,4,4,43,1664.1680032497657,1639.205283210559,24.962720039206715,-0.5805283730048073,True
2002,2025,M,3,3,35,1558.2748484342856,1574.3937047489694,-16.118856314683853,0.4605387518481101,False
27548,2025,M,3,3,35,1649.9042410457514,1591.5175012088669,58.386739836884544,-1.6681925667681299,True
26970,2025,M,4,4,43,1658.6293483001648,1595.0019946745438,63.627353625621026,-1.4797058982702564,True
417,2025,M,3,3,22,1654.87097529865,1592.640482967379,62.23049233127085,-2.8286587423304934,True
2005,2025,M,3,3,22,1690.1799006023566,1601.632377685575,88.54752291678165,-4.024887405308257,True
435,2025,M,3,3,22,1671.9814629108103,1603.1961854626522,68.78527744815801,-3.1266035203708187,True
26979,2025,M,4,4,43,1683.0587728100122,1684.901926089007,-1.843153278994805,0.04286402974406523,False
26966,2025,M,4,4,43,1555.966422627203,1556.3738956836116,-0.40747305640866216,0.00947611759089912,False
11307,2025,M,4,4,43,1619.6609545476147,1609.0395254934135,10.621429054201144,-0.24700997800467778,True
19421,2025,M,3,3,43,1638.9473423185468,1643.8844601501821,-4.937117831635305,0.11481669375896059,False
26978,2025,M,3,3,22,1613.2321586239707,1623.1347346203909,-9.902575996420182,0.4501170907463719,False
27296,2025,M,3,3,35,1648.090375131443,1579.4711095132411,68.61926561820178,-1.9605504462343366,True
28291,2025,M,2,2,21,1633.690437115664,1613.1213606960634,20.569076419600606,-0.9794798295047907,True
166,2025,M,3,3,35,1717.3507045856652,1636.716359306504,80.63434527916115,-2.3038384365474616,True
26969,2025,M,4,4,43,1647.6509429536343,1759.4700862544917,-111.81914330085738,2.600445193043195,False
142,2025,M,3,3,35,1797.2728145607077,1698.4416721270657,98.83114243364207,-2.8237469266754878,True
8058,2025,M,3,3,35,1822.516505394288,1694.5589508367398,127.95755455754829,-3.6559301302156655,True
11315,2025,M,3,3,22,1667.2340443825808,1656.6588638414898,10.575180541090958,-0.48069002459504356,True
5500,2025,M,4,4,43,1729.3461034602494,1643.7849031940198,85.56120026622966,-1.9897953550285967,True
2872,2025,M,2,2,14,1707.8692338839774,1663.3050468940692,44.564186989908194,-3.183156213564871,True
188,2025,M,2,2,21,1672.003727654063,1663.9949652949458,8.0087623591171,-0.38136963614843333,True
19424,2025,M,4,4,43,1742.1047907548661,1699.238127776363,42.8666629785032,-0.9968991390349582,True
433,2025,M,3,3,22,1789.9745942478464,1680.800146400124,109.17444784772238,-4.962474902169199,True
8057,2025,M,2,2,21,1681.1910983443934,1656.2295227142943,24.961575630099105,-1.1886464585761478,True
27298,2025,M,2,2,14,1697.2680569623453,1682.6571681354035,14.610888826941846,-1.043634916210132,True
26981,2025,M,3,3,22,1754.6656689441395,1683.5368100100095,71.12885893413,-3.2331299515513634,True
26980,2025,M,2,2,22,1738.4453223060227,1690.0852550765217,48.360067229501055,-2.1981848740682297,True
15,2025,M,3,3,35,1750.0992764778775,1737.9657837234574,12.133492754420104,-0.34667122155486013,True
19405,2025,M,2,2,22,1619.067527231586,1695.2653683380909,-76.19784110650494,3.463538232113861,False
8060,2025,M,3,3,35,1777.682151018045,1700.5323682064716,77.14978281157346,-2.204279508902099,True
421,2025,M,3,3,36,1574.7660193232566,1701.3251234742663,-126.5591041510097,3.5155306708613807,False
153,2025,M,3,3,35,1766.5710284117583,1700.8310390749584,65.73998933679991,-1.8782854096228545,True
8068,2025,M,3,3,35,1746.7854328935466,1744.8352136986489,1.950219194897727,-0.055720548425649344,True
26982,2025,M,4,4,43,1754.6656689441395,1975.2100102579707,-220.54434131383118,5.128938170089097,False
6,2025,M,2,2,14,1846.2982064112516,1710.2192802063946,136.078926204857,-9.71992330034693,True
26977,2025,M,2,2,22,1600.5723758820254,1710.2192802063946,-109.64690432436919,4.983950196562236,False
27302,2025,M,2,2,14,1782.4701085176819,1716.4745113147048,65.99559720297702,-4.713971228784073,True
8064,2025,M,2,2,14,1842.984362826921,1736.2175845003082,106.76677832661267,-7.626198451900905,True
2045,2025,M,3,3,35,1819.3779096522512,1655.4330670649967,163.94484258725447,-4.684138359635842,True
18738,2025,M,2,2,14,1805.5574235215352,1740.615793873339,64.94162964819611,-4.638687832014008,True
2032,2025,M,3,3,35,1773.3413172796097,1694.0611660559287,79.28015122368106,-2.265147177819459,True
26845,2025,M,4,4,36,1782.2532934322905,1761.8249368499526,20.428356582337983,-0.5674543495093884,True
420,2025,M,3,3,36,1709.0291985025497,1763.0955306688281,-54.06633216627847,1.5018425601744019,False
2876,2025,M,3,3,35,1782.2737904265402,1742.1471758822695,40.12661454427075,-1.1464747012648786,True
2022,2025,M,3,3,43,1773.3586293990431,1754.2931245340574,19.06550486498577,-0.4433838340694365,True
26847,2025,M,4,4,36,1851.6980802366254,1772.5761153173603,79.12196491926511,-2.1978323588684754,True
24735,2025,M,3,3,22,1767.3254516860852,1790.4621667676845,-23.136715081599277,1.0516688673454218,False
156,2025,M,2,2,14,1884.9922035577051,1792.5146644750987,92.47753908260643,-6.605538505900459,True
11323,2025,M,3,3,28,1854.2255408905107,1796.2287079456576,57.99683294485317,-2.0713154623161847,True
3336,2025,M,2,2,22,1809.2609820187783,1797.2060878063314,12.054894212446925,-0.5479497369294056,True
437,2025,M,4,4,43,1800.3595722783482,1771.4169209939553,28.942651284392923,-0.6730849135905331,True
26983,2025,M,3,3,22,1899.461934055138,1814.1147593959818,85.34717465915628,-3.8794170299616493,True
26987,2025,M,3,3,22,2063.346777831726,1816.5582090476653,246.78856878406054,-11.217662217457297,True
27305,2025,M,2,2,14,1839.500513994237,1817.9265408526082,21.573973141628812,-1.5409980815449151,True
27569,2025,M,3,3,35,1896.4931901150894,1815.918880398457,80.57430971663234,-2.302123134760924,True
19422,2025,M,3,3,35,1844.4084662727705,1813.1312856259156,31.27718064685496,-0.8936337327672845,True
27301,2025,M,2,2,14,1779.132700968279,1822.2270122395716,-43.094311271292554,3.078165090806611,False
11319,2025,M,3,3,35,1714.3477308916408,1763.8505923256284,-49.50286143398762,1.4143674695425035,False
2020,2025,M,2,2,14,1762.5438222668367,1826.3320076543998,-63.78818538756309,4.556298956254507,False
416,2025,M,4,4,43,1575.3517149508066,1558.962376543829,16.389338406977686,-0.38114740481343456,True
2038,2025,M,2,2,21,1839.5266357734913,1788.3416035415287,51.18503223196262,-2.4373824872363152,True
28295,2025,M,2,2,21,1858.3900670844891,1967.345010721157,-108.95494363666785,5.1883306493651355,False
27572,2025,M,3,3,35,1956.3373066085967,1861.4164093645804,94.92089724401626,-2.7120256355433217,True
38,2025,M,3,3,35,1851.463903763297,1800.0893243686676,51.374579394629336,-1.4678451255608382,True
26975,2025,M,2,2,22,1988.6738405647832,1873.3439789527927,115.32986161199051,-5.242266436908659,True
19417,2025,M,4,4,43,1863.4606768827314,1855.542548951011,7.918127931720392,-0.18414251004000912,True
28297,2025,M,2,2,21,1876.1783805487455,1837.721853797978,38.45652675076758,-1.83126317860798,True
26848,2025,M,4,4,36,1883.1217240896776,1883.2155155455944,-0.09379145591674387,0.002605318219909552,False
4848,2025,M,2,2,14,1891.230331009977,1888.2978908210962,2.932440188880719,-0.2094600134914799,True
2037,2025,M,2,2,21,1890.7413404727802,1864.10444718096,26.636893291820115,-1.2684234900866722,True
27308,2025,M,2,2,14,1882.7886530908995,1903.6427546336695,-20.854101542769968,1.4895786816264263,False
27585,2025,M,3,3,35,2081.093770959882,1831.7484364282461,249.3453345316359,-7.124152415189597,True
26849,2025,M,4,4,57,1913.1932878806235,1797.301729596126,115.89155828449748,-2.033185233061359,True
27311,2025,M,2,2,14,1917.5369552229147,1927.4908232341015,-9.953868011186842,0.7109905722276315,False
19437,2025,M,3,3,35,2055.352255204127,1914.978051779842,140.37420342428481,-4.010691526408138,True
27313,2025,M,2,2,14,2030.0272214468955,1957.2031709985743,72.82405044832126,-5.2017178891658045,True
52,2025,M,2,2,14,2005.0948238719468,1975.6756503653025,29.419173506644256,-2.1013695361888756,True
26985,2025,M,2,2,22,1992.7289272243127,1987.5996846655185,5.129242558794203,-0.23314738903610016,True
26986,2025,M,3,3,22,1999.3555322532993,1994.930033620569,4.425498632730296,-0.20115902876046798,True
27317,2025,M,2,2,14,2137.7076944379137,1996.787055355849,140.92063908206478,-10.0657599344332,True
986,2025,M,2,2,14,1765.6938345217884,1695.1676303520237,70.5262041697647,-5.03758601212605,True
18740,2025,F,2,2,21,1934.4905574856182,1932.7496668152066,1.7408906704115452,-0.0828995557338831,True
8034,2025,F,4,4,42,2017.7134917023664,1824.6682857655683,193.04520593679808,-4.596314427066621,True
22598,2025,F,2,2,20,1428.5856845372512,1455.887920645513,-27.302236108261923,1.3651118054130962,False
28859,2025,F,2,2,13,1544.2844218414975,1607.7759406920784,-63.49151885058086,4.88396298850622,False
28860,2025,M,2,2,13,1575.4098341698727,1602.9477385121363,-27.537904342263573,2.118300334020275,False
28360,2025,M,3,3,20,1612.3760033045264,1637.8115355603306,-25.43553225580422,1.271776612790211,False
28365,2025,M,3,3,20,1989.962011415608,1993.3624989426871,-3.4004875270791217,0.1700243763539561,False
2311,2025,M,2,2,20,1998.6555416284673,2098.6910103677174,-100.03546873925006,5.0017734369625035,False
28861,2025,M,2,2,13,2208.1967186543375,2274.9524071585174,-66.75568850417994,5.135052961859996,False
26944,2025,F,4,4,43,1377.9422307857901,1302.2537105502001,75.68852023558998,-1.7601981450137203,True
404,2025,F,4,4,43,1357.2405661366975,1371.8359872414237,-14.595421104726256,0.33942839778433154,False
63,2025,F,2,2,14,1419.0774075843515,1356.9859777800832,62.09142980426827,-4.435102128876305,True
26946,2025,F,4,4,43,1431.2736620960718,1404.7855345730334,26.48812752303843,-0.6160029656520565,True
409,2025,F,4,4,43,1431.3722414515435,1382.9850787856542,48.387162665889264,-1.125282852695099,True
26953,2025,F,3,3,22,1449.0179460810082,1388.0338479995617,60.98409808144652,-2.772004458247569,True
27242,2025,F,3,3,35,1400.1313096983101,1410.9573531064466,-10.826043408136456,0.3093155259467559,False
27245,2025,F,2,2,14,1430.0932918289793,1400.3559714929174,29.737320336061885,-2.124094309718706,True
11335,2025,F,2,2,22,1510.6300432509265,1415.8799066026565,94.75013664826997,-4.306824393103181,True
26947,2025,F,4,4,43,1463.8048494017887,1422.0068991904607,41.79795021132804,-0.972045353751815,True
1930,2025,F,4,4,43,1455.129866120264,1435.3459908594507,19.783875260813375,-0.4600901223444971,True
27244,2025,F,2,2,14,1429.107700311523,1438.4866371062144,-9.378936794691299,0.6699240567636642,False
19448,2025,F,4,4,43,1433.6395666273966,1394.4328067105334,39.20675991686312,-0.911785114345654,True
19449,2025,F,2,2,14,1487.5532772966772,1445.9575308777767,41.59574641890049,-2.9711247442071778,True
27601,2025,F,3,3,35,1464.0792405317893,1447.0923551649792,16.986885366810156,-0.4853395819088616,True
408,2025,F,4,4,43,1494.1672908871244,1487.9059938536798,6.2612970334446345,-0.14561155891731709,True
26531,2025,F,3,3,35,1515.6426355441793,1466.9019017480312,48.740733796148106,-1.3925923941756602,True
27604,2025,F,2,2,14,1547.0237953760868,1485.5435654076116,61.480229968475214,-4.39144499774823,True
27243,2025,F,3,3,35,1417.182042950303,1470.0873564749543,-52.90531352465132,1.511580386418609,False
5290,2025,F,2,2,14,1571.9267704711833,1505.0455088892215,66.88126158196178,-4.777232970140127,True
27248,2025,F,3,3,35,1523.2316902285922,1478.5487205933432,44.68296963524904,-1.2766562752928297,True
26852,2025,F,4,4,36,1472.5957330370475,1396.0868893377392,76.50884369930827,-2.125245658314119,True
27251,2025,F,4,4,49,1566.4195566327628,1528.7196325423804,37.69992409038241,-0.7693862059261717,True
27247,2025,F,3,3,35,1518.7965284000395,1526.5296324176209,-7.733104017581354,0.220945829073753,False
1954,2025,F,4,4,43,1549.1745712404274,1549.6241791878124,-0.4496079473849477,0.010455998776394132,False
11341,2025,F,2,2,14,1455.6201121310955,1516.4944110326542,-60.87429890155863,4.348164207254188,False
11342,2025,F,2,2,14,1559.402898919236,1518.6289521102433,40.773946808992605,-2.9124247720709002,True
27249,2025,F,2,2,14,1541.1694558462957,1519.114075082423,22.05538076387279,-1.5753843402766279,True
19469,2025,F,2,2,14,1541.268014998041,1525.4206737207544,15.84734127728666,-1.1319529483776185,True
11340,2025,F,3,3,22,1593.4367018472967,1528.1373623649588,65.29933948233793,-2.968151794651724,True
26958,2025,F,3,3,22,1588.7048927846467,1534.0558626255468,54.64903015909999,-2.484046825413636,True
26955,2025,F,2,2,22,1469.1281345972693,1536.4814774864433,-67.35334288917397,3.061515585871544,False
21215,2025,F,3,3,35,1565.1193297204818,1530.610996286491,34.508333433990856,-0.9859523838283102,True
27250,2025,F,3,3,35,1550.8282527173665,1604.3741823068012,-53.54592958943476,1.529883702555279,False
28334,2025,F,2,2,21,1555.2072242125666,1542.6559969726684,12.551227239898253,-0.5976774876142026,True
28335,2025,F,2,2,21,1564.4245606839745,1562.4655435557206,1.9590171282538904,-0.09328652991685192,True
26957,2025,F,2,2,22,1580.5228062804817,1574.5151185053048,6.007687775176919,-0.2730767170534963,True
25587,2025,F,2,2,14,1671.1464980154255,1601.7790295417844,69.36746847364111,-4.954819176688651,True
19453,2025,F,3,3,35,1631.9292144011006,1623.486910668339,8.442303732761502,-0.24120867807890006,True
85,2025,F,2,2,14,1750.114857547015,1602.749275486143,147.36558206087193,-10.526113004347994,True
27259,2025,F,3,3,35,1617.6513576008986,1607.5596370337241,10.091720567174434,-0.28833487334784097,True
27265,2025,F,2,2,14,1658.257728120095,1606.2421608858344,52.015567234260516,-3.7153976595900366,True
27609,2025,F,3,3,35,1684.9705904894752,1641.1064571266315,43.86413336284363,-1.2532609532241037,True
19454,2025,F,2,2,14,1606.3170551501519,1628.7518667949564,-22.43481164480454,1.602486546057467,False
19457,2025,F,3,3,22,1633.7556582352913,1647.4776135210793,-13.721955285787999,0.6237252402630908,False
1947,2025,F,2,2,21,1655.6276794536925,1777.4837376230216,-121.85605816932912,5.80266943663472,False
27275,2025,F,2,2,14,1717.8860149261961,1659.7027124199988,58.18330250619738,-4.1559501790140985,True
11346,2025,F,3,3,22,1667.96269458403,1661.6432043087163,6.319490275313683,-0.28724955796880375,True
28336,2025,F,2,2,21,1661.7402289031522,1727.71100751485,-65.97077861169782,3.1414656481760868,False
26950,2025,F,4,4,43,1727.3074665780953,1707.5032790909324,19.804187487162835,-0.4605624997014613,True
27260,2025,F,2,2,14,1624.550498223092,1672.1218605077906,-47.57136228469858,3.3979544489070412,False
81,2025,F,2,2,14,1789.6807377397233,1677.6522623906349,112.02847534908847,-8.002033953506318,True
8125,2025,F,3,3,35,1728.3056888833041,1730.7969167815568,-2.491227898252646,0.0711779399500756,False
27281,2025,F,2,2,14,1761.1534825425247,1732.9562812190811,28.19720132344355,-2.0140858088173963,True
21224,2025,F,2,2,36,1730.0763529162882,1735.9640436465932,-5.887690730304939,0.16354696473069275,False
11347,2025,F,3,3,36,1802.7028113310523,1736.2551174299006,66.44769390115175,-1.8457692750319932,True
1971,2025,F,3,3,35,1721.4341443890387,1777.583283083238,-56.14913869419934,1.6042611055485525,False
27273,2025,F,3,3,28,1712.9000353765603,1776.3262749319153,-63.426239555355096,2.265222841262682,False
264,2025,F,3,3,35,1883.900261623139,1715.168279527591,168.7319820955479,-4.8209137741585115,True
27627,2025,F,3,3,35,1944.1968351801638,1713.476006703913,230.72082847625074,-6.592023670750021,True
27286,2025,F,2,2,14,1863.556441206226,1783.0209719479903,80.53546925823571,-5.752533518445408,True
11348,2025,F,4,4,49,1753.8854673429541,1730.000553099826,23.88491424312815,-0.4874472294515949,True
26948,2025,F,3,3,22,1550.7518409279774,1804.8515056960612,-254.0996647680838,11.549984762185629,False
3820,2025,F,2,2,14,1755.4370517412785,1804.948530290497,-49.51147854921851,3.536534182087036,False
11344,2025,F,4,4,43,1650.2184105990934,1674.6532772195392,-24.434866620445746,0.5682527121033895,False
26962,2025,F,3,3,22,1729.3776330430046,1814.74801432852,-85.37038128551535,3.880471876614334,False
27278,2025,F,2,2,14,1737.8935227305576,1841.3327532039484,-103.43923047339081,7.388516462385057,False
1961,2025,F,2,2,14,1750.3119758505063,1932.1477735959231,-181.8357977454168,12.988271267529772,False
2841,2025,F,2,2,14,1914.8072001139496,1939.9097411507928,-25.10254103684315,1.7930386454887963,False
1983,2025,F,2,2,14,2112.713976819159,2040.039122608611,72.67485421054812,-5.191061015039152,True
28342,2025,M,2,2,21,1468.5088570875362,1488.1773807125073,-19.668523624971158,0.9365963630938646,False
1715,2025,M,3,3,42,1567.1356954687406,1514.9582019201382,52.17749354860234,-1.2423212749667225,True
27079,2025,M,2,2,21,1601.6976660110663,1543.1379957264112,58.55967028465511,-2.78855572784072,True
1712,2025,M,3,3,42,1579.276444327801,1568.8185152038861,10.457929123914937,-0.24899831247416518,True
18915,2025,M,3,3,42,1587.30500405718,1612.7231328714147,-25.418128814234706,0.6051935431960644,False
27078,2025,M,3,3,42,1588.7736430320663,1570.9092112832923,17.864431748773995,-0.4253436130660475,True
28343,2025,M,2,2,21,1579.9229389006696,1627.0593345587708,-47.136395658101264,2.2445902694333935,False
27081,2025,M,3,3,42,1648.7920224724223,1673.25376221803,-24.4617397456077,0.5824223748954215,False
27083,2025,M,3,3,42,1688.5431840593465,1663.098952689486,25.444231369860518,-0.6058150326157266,True
28344,2025,M,2,2,21,1650.2187727153516,1660.4109148731068,-10.192142157755143,0.4853401027502449,False
27084,2025,M,2,2,21,1808.3841244100736,1704.240639523621,104.1434848864526,-4.959213566021552,True
2803,2025,M,3,3,42,1788.802271411589,1764.647047974926,24.155223436662936,-0.5751243675395937,True
24711,2025,M,2,2,21,1839.5192706776645,1790.2326663681565,49.28660430950799,-2.3469811575956188,True
1719,2025,M,2,2,21,1836.2882649329144,1830.6768447272887,5.611420205625791,-0.2672104859821805,True
27094,2025,M,3,3,42,2044.834999366778,1911.2944444018408,133.5405549649372,-3.1795370229746953,True
23485,2025,M,3,3,42,2314.477115155914,2236.2483493152486,78.22876584066535,-1.8625896628729843,True
27101,2025,F,3,3,42,1469.2465650908077,1434.4500817175035,34.79648337330423,-0.8284876993643864,True
18911,2025,F,2,2,21,1428.4611349957556,1425.4871969937578,2.9739380019977943,-0.1416160953332283,True
28347,2025,F,2,2,21,1659.4456630030634,1524.040995912212,135.40466709085126,-6.447841290040536,True
23464,2025,F,3,3,42,1730.2733176991414,1641.0069116664154,89.26640603272608,-2.1253906198268115,True
8075,2025,M,3,3,28,1708.6386521610286,1667.677727574367,40.96092458666158,-1.4628901638093421,True
26905,2025,M,3,3,28,1724.6255328094705,1743.8498780349535,-19.22434522548292,0.6865837580529615,False
19600,2025,M,2,2,28,1791.8356841070022,1769.7233081026811,22.11237600432105,-0.7897277144400375,True
24986,2025,M,3,3,28,1896.7291969330035,1812.395159184531,84.33403774847261,-3.0119299195883076,True
6820,2025,M,2,2,28,1839.1438003115748,1852.2672734306936,-13.123473119118898,0.46869546853996064,False
26907,2025,M,3,3,28,1773.238700495549,1828.7108669511206,-55.472166455571596,1.9811488019847,False
20497,2025,M,2,2,7,1657.944839792548,1645.901637363738,12.043202428809991,-1.7204574898299987,True
28350,2025,M,2,2,7,1706.2621463135008,1699.9999979543788,6.262148359121966,-0.8945926227317094,True
28351,2025,M,2,2,7,1815.7229528424193,1824.590161738885,-8.867208896465627,1.2667441280665181,False
28352,2025,M,2,2,7,1876.8365781761142,1826.2295059992073,50.60707217690697,-7.229581739558138,True
25503,2025,M,2,2,7,1898.8243384395653,1827.8688502595296,70.95548818003567,-10.136498311433668,True
28361,2025,M,2,2,7,1642.5792989925003,1621.3114734589014,21.267825533598852,-3.038260790514122,True
22593,2025,M,2,2,7,1658.0245055906037,1640.9836045827708,17.040901007832872,-2.43441442969041,True
27568,2025,M,2,2,14,1895.5185302373447,1864.5281899180125,30.99034031933229,-2.2135957370951638,True
3412,2025,M,3,3,28,2034.9015225373946,1951.3200318243084,83.58149071308617,-2.9850532397530776,True
22351,2025,F,2,2,14,1369.7616734393375,1333.4133463825951,36.34832705674239,-2.5963090754815994,True
19595,2025,F,3,3,28,1560.1074032399179,1464.2362676936325,95.87113554628536,-3.4239691266530485,True
267,2025,F,2,2,14,1743.8945591199986,1633.0276342051552,110.86692491484337,-7.919066065345954,True
27629,2025,F,2,2,14,2192.7363700859487,2324.0533368539786,-131.31696676802994,9.379783340573567,False
162,2025,M,2,2,29,1920.0193334765731,1950.4511479787504,-30.431814502177303,1.0493729138681829,False
179,2025,M,2,2,29,1956.1063789476243,1991.0956034209648,-34.98922447334053,1.2065249818393284,False
26869,2025,M,3,3,29,2006.466658821405,2390.6856297281493,-384.2189709067443,13.248930031267044,False
28245,2025,F,2,2,21,1612.8192188609082,1634.661719188467,-21.84250032755881,1.0401190632170862,False
28246,2025,F,2,2,21,1640.6738185404656,1689.7399953906893,-49.066176850223655,2.336484611915412,False
19514,2025,F,2,2,21,1624.188443219911,1647.6382764088858,-23.449833188974708,1.11665872328451,False
19375,2025,M,5,5+,50,1418.3829688927058,1498.4070451837877,-80.02407629108188,1.6004815258216376,False
666,2025,M,4,4,50,1426.1549303660904,1506.4839048803262,-80.32897451423582,1.6065794902847166,False
18961,2025,M,3,3,42,1561.4307175051463,1524.9310535699517,36.499663935194576,-0.8690396175046328,True
673,2025,M,5,5+,50,1489.4964163741756,1531.6119128251132,-42.1154964509376,0.842309929018752,False
466,2025,M,5,5+,50,1497.0093124651141,1548.2642038043966,-51.254891339282494,1.0250978267856499,False
22379,2025,M,2,2,21,1549.7814969853819,1538.6916293492397,11.089867636142117,-0.5280889350543865,True
467,2025,M,3,3,42,1565.8570991536112,1564.5176375147153,1.3394616388959548,-0.03189194378323702,True
18963,2025,M,4,4,42,1613.170200773869,1587.0530732112306,26.117127562638416,-0.6218363705390099,True
8108,2025,M,5,5+,50,1497.3979105387834,1567.4093527147106,-70.01144217592719,1.4002288435185437,False
19384,2025,M,5,5+,49,1566.4993729669786,1600.6142203560364,-34.114847389057786,0.6962213752868935,False
695,2025,M,4,4,42,1671.9918946801358,1598.719648328453,73.27224635168272,-1.744577294087684,True
26996,2025,M,3,3,42,1684.287399259205,1608.9902230042987,75.29717625490616,-1.7927899108310992,True
18965,2025,M,2,2,21,1637.7612099320074,1625.521959344391,12.239250587616425,-0.5828214565531631,True
675,2025,M,4,4,42,1675.3362719256427,1596.3265047146642,79.00976721097845,-1.881184933594725,True
27005,2025,M,3,3,21,1745.9616502278157,1628.5672957038323,117.39435452398334,-5.590207358284921,True
18964,2025,M,4,4,42,1562.9061780546344,1539.2899152526873,23.616262801947187,-0.562291971474933,True
18969,2025,M,3,3,42,1708.3865882341804,1631.027087114608,77.35950111957231,-1.841892883799341,True
3615,2025,M,2,2,15,992.4309377095275,1646.9375505172368,-654.5066128077093,43.63377418718062,False
699,2025,M,2,2,21,1716.3540752014171,1647.723443771286,68.63063143013119,-3.2681253061967235,True
711,2025,M,4,4,42,1729.5348561101791,1675.2005296524676,54.33432645771154,-1.2936744394693225,True
575,2025,F,2,2,21,1429.2643823339588,1379.8387800879837,49.42560224597514,-2.3536001069511974,True
18922,2025,F,5,5+,50,1295.5093711788884,1391.1039908494854,-95.59461967059701,1.9118923934119403,False
20764,2025,F,4,4,57,1413.6941609903083,1398.182132124411,15.512028865897264,-0.2721408572964432,True
570,2025,F,2,2,42,1411.546130646511,1405.958118313766,5.588012332745166,-0.13304791268440871,True
7704,2025,F,3,3,57,1540.0913164616645,1566.6618328937698,-26.57051643210525,0.4661494110895658,False
27058,2025,F,4,4,42,1700.3382452071157,1585.6033377139934,114.73490749312236,-2.7317835117410088,True
18931,2025,F,3,3,42,1680.6545507253654,1587.098719673485,93.55583105188043,-2.227519786949534,True
24666,2025,F,4,4,57,1647.034055414813,1587.6968724572812,59.33718295753192,-1.0410032097812618,True
2323,2025,F,2,2,34,1649.165566121478,1592.2827104663882,56.88285565508977,-1.6730251663261697,True
28271,2025,F,2,2,21,1551.0721935566648,1596.868548475495,-45.79635491883005,2.1807788056585737,False
26228,2025,F,3,3,42,1735.2988368985827,1604.0463818810535,131.2524550175292,-3.1250584527983145,True
18933,2025,F,2,2,34,1695.2977288739107,1622.589118178746,72.70861069516468,-2.138488549857785,True
27525,2025,F,2,2,35,1559.4172276156246,1622.7885024400116,-63.371274824387,1.8106078521253428,False
27059,2025,F,2,2,42,1717.182003669111,1624.1841922688702,92.99781140024083,-2.2142336047676388,True
18932,2025,F,2,2,42,1676.051895796797,1625.3804978364635,50.67139796033348,-1.2064618561984162,True
5521,2025,F,2,2,42,1867.013110918255,1625.6795742283616,241.33353668989344,-5.746036587854606,True
27051,2025,F,3,3,42,1532.6840912133023,1626.5768034040564,-93.89271219075408,2.2355407664465257,False
27049,2025,F,3,3,42,1492.0436274823253,1626.6764955346894,-134.63286805236407,3.2055444774372397,False
18930,2025,F,3,3,42,1636.1948626919593,1627.174956187853,9.019906504106302,-0.21475967866919768,True
27060,2025,F,3,3,42,1736.0822675247218,1627.3743404491186,108.70792707560327,-2.588283977990554,True
3116,2025,F,3,3,42,1666.9445147679273,1651.3004518009802,15.644062966947104,-0.37247768968921674,True
18945,2025,F,2,2,21,1632.0467044263048,1662.5656625624817,-30.518958136176934,1.4532837207703302,False
612,2025,F,2,2,21,1717.9647141280348,1667.749653355385,50.21506077264985,-2.3911933701261834,True
26825,2025,F,4,4,57,1717.1206109643797,1672.235799233859,44.884811730520596,-0.7874528373775543,True
16160,2025,F,2,2,36,1791.0525293833239,1677.519482157395,113.53304722592884,-3.153695756275801,True
27425,2025,F,2,2,34,1685.8123670626262,1681.5071673827053,4.305199679920861,-0.12662351999767238,True
11440,2025,F,2,2,35,1702.5875620653721,1684.9963919548518,17.591170110520352,-0.5026048603005815,True
27066,2025,F,2,2,42,1834.6965975900082,1685.5945447386482,149.10205285135999,-3.550048877413333,True
27068,2025,F,3,3,42,1891.1036026720387,1686.4917739143432,204.61182875769555,-4.871710208516561,True
655,2025,F,4,4,42,1860.647737080873,1692.4733017523085,168.1744353285644,-4.004153222108677,True
28277,2025,F,2,2,21,1712.032515529526,1698.3551374596411,13.67737806988498,-0.6513037176135705,True
28280,2025,F,2,2,21,1771.651111444536,1705.1342023426687,66.51690910186721,-3.167471861993677,True
28275,2025,F,2,2,21,1682.8658724201932,1708.9225033067135,-26.056630886520225,1.2407919469771536,False
2330,2025,F,2,2,34,1798.6991964912477,1713.109572793289,85.58962369795859,-2.51734187346937,True
27232,2025,F,2,2,36,1642.225945593511,1718.4929478474578,-76.26700225394688,2.1185278403874133,False
27540,2025,F,2,2,35,1747.867038081659,1729.8578507395923,18.009187342066753,-0.5145482097733358,True
4115,2025,F,2,2,21,1844.3915515884826,1741.3968985921429,102.99465299633971,-4.904507285539986,True
27065,2025,F,4,4,42,1820.6927751477679,1791.866355993167,28.8264191546009,-0.6863433132047833,True
2499,2025,F,3,3,42,1339.274655385159,1303.4746080232924,35.80004736186652,-0.8523820800444409,True
25052,2025,F,3,3,42,1495.6669941282196,1338.1674694834917,157.4995246447279,-3.7499886820173307,True
567,2025,F,4,4,42,1395.9754469519917,1343.9496130601915,52.025833891800175,-1.238710330757147,True
27228,2025,F,3,3,36,1411.4746604597333,1370.2683355472393,41.20632491249398,-1.1446201364581663,True
26994,2025,M,4,4,42,1668.450789361364,1650.670807611128,17.779981750235947,-0.4233328988151416,True
27002,2025,M,4,4,42,1730.7152245497698,1663.434240218004,67.2809843317657,-1.6019281983753737,True
18977,2025,M,4,4,42,1696.189447691744,1620.6567981215212,75.5326495702227,-1.7983964183386358,True
681,2025,M,3,3,42,1683.7955790760423,1663.1350972662806,20.660481809761677,-0.4919162335657542,True
26921,2025,M,2,2,28,1641.726266426978,1687.8039997278045,-46.07773330082637,1.6456333321723702,False
28312,2025,M,2,2,21,1697.8241387169344,1650.271950342163,47.552188374771276,-2.264389922608156,True
704,2025,M,4,4,42,1808.3244494528542,1675.39995828695,132.9244911659041,-3.164868837283431,True
523,2025,M,2,2,14,1753.339125376155,1705.584834600672,47.754290775483014,-3.411020769677358,True
2176,2025,M,3,3,42,1792.7829316649108,1774.316560990239,18.466370674671907,-0.439675492254093,True
28314,2025,M,2,2,21,1714.7208436789958,1744.4022658178733,-29.68142213887745,1.4134010542322595,False
3137,2025,M,2,2,21,1715.1137903060207,1684.0751038869362,31.03868641908457,-1.4780326866230749,True
5708,2025,M,3,3,42,1757.0767863672938,1686.0693902317607,71.0073961355331,-1.6906522889412643,True
691,2025,M,4,4,42,1877.7694593154367,1752.8779827833769,124.89147653205987,-2.9736065840966637,True
717,2025,M,4,4,42,1680.9430220136983,1625.542799666341,55.400222347357385,-1.3190529130323188,True
27236,2025,M,2,2,15,1774.6964167098488,1727.688082370811,47.0083343390379,-3.13388895593586,True
24595,2025,M,5,5+,42,1550.399719013879,1571.5779509651381,-21.17823195125925,0.504243617887125,False
26182,2025,M,2,2,15,1816.38849774623,1741.932397600456,74.45610014577414,-4.9637400097182764,True
740,2025,M,4,4,42,1804.586616060817,1758.561698866126,46.02491719469094,-1.0958313617783557,True
19385,2025,M,4,4,42,1992.7570181388912,1739.4165499558123,253.34046818307888,-6.031915909120926,True
27022,2025,M,4,4,42,1959.8050658669858,1736.125977486852,223.67908838013386,-5.3256925804793775,True
19002,2025,M,4,4,42,1855.8342791463774,1765.8408440247351,89.99343512164228,-2.142700836229578,True
18968,2025,M,3,3,42,1796.0289448737851,1761.7525570178452,34.2763878559399,-0.8161044727604738,True
27004,2025,M,4,4,42,1744.387825641695,1728.248546424796,16.139279216899013,-0.38426855278330985,True
20434,2025,M,2,2,13,1740.619616551523,1777.1993573759216,-36.57974082439864,2.813826217261434,False
28387,2025,M,2,2,21,1779.9499837650949,1741.2114076661542,38.73857609894071,-1.8446940999495578,True
25030,2025,M,3,3,21,1817.669032932947,1786.2371297974896,31.431903135457333,-1.4967572921646348,True
19007,2025,M,3,3,42,1970.6251098965668,1785.0857072522904,185.53940264427638,-4.417604824863723,True
27018,2025,M,4,4,42,1886.523858575734,1771.225417155761,115.29844141997296,-2.7452009861898325,True
734,2025,M,4,4,42,1868.1297837254465,1763.3479860937048,104.78179763174171,-2.4948047055176596,True
28319,2025,M,2,2,21,1811.876897210851,1733.4336909213393,78.44320628951164,-3.7353907756910303,True
743,2025,M,5,5+,49,1716.9767014645213,1905.7400311141644,-188.76332964964308,3.852312849992716,False
760,2025,M,4,4,42,1951.5424867898514,1945.5260436934104,6.01644309644098,-0.14324864515335667,True
725,2025,M,2,2,21,1848.322696867391,1838.5325812935832,9.790115573807725,-0.46619597970512977,True
27017,2025,M,4,4,42,1885.146762062878,1838.6322956108245,46.51446645205351,-1.1074872964774645,True
27013,2025,M,2,2,21,1859.572112538414,1860.9952255889373,-1.4231130505231704,0.06776728812015097,False
27405,2025,M,2,2,14,2074.678927812736,1863.74585197811,210.93307583462615,-15.066648273901867,True
3153,2025,M,2,2,21,1866.2017683970143,1892.9765985072886,-26.77483011027425,1.2749919100130596,False
778,2025,M,4,4,42,2049.7097953491393,1900.5548866176212,149.15490873151816,-3.5513073507504322,True
27024,2025,M,4,4,42,1992.2651979557286,1913.6174621762207,78.64773577950791,-1.8725651376073311,True
513,2025,M,3,3,21,1722.8705006797625,1898.0304451860143,-175.1599445062518,8.340949738392943,False
2754,2025,M,2,2,21,1902.2546214265299,1864.2588751418175,37.99574628471237,-1.80932125165297,True
24464,2025,M,2,2,21,1908.3606747081603,1908.4435308021687,-0.08285609400832072,0.0039455282861105105,False
27023,2025,M,3,3,42,1986.2649917211425,1940.8394707830735,45.425520938068985,-1.0815600223349757,True
2608,2025,M,3,3,21,1931.181131206913,1922.0001894345205,9.180941772392543,-0.437187703447264,True
27029,2025,M,3,3,42,2042.3324926016978,1956.8934758589094,85.43901674278845,-2.034262303399725,True
27237,2025,M,3,3,36,1788.873824618946,1717.778543114468,71.09528150447795,-1.9748689306799432,True
26836,2025,M,4,4,36,1813.3796707993906,1834.8642748917953,-21.484604092404652,0.5967945581223515,False
737,2025,M,2,2,21,2032.2993608651775,1930.3503052587953,101.94905560638222,-4.854716933637248,True
2730,2025,M,2,2,21,1937.3251078884834,1968.3606223416496,-31.035514453166115,1.477881640626958,False
759,2025,M,2,2,21,1990.6913733696074,1938.8968943965824,51.79447897302498,-2.466403760620237,True
28321,2025,M,2,2,21,1939.9774976209,1950.7111881899539,-10.733690569053806,0.5111281223358956,False
19013,2025,M,4,4,42,1967.0840045777948,1922.6914650451715,44.39253953262323,-1.0569652269672198,True
28322,2025,M,2,2,21,1988.702879371962,2010.3403499002025,-21.637470528240556,1.0303557394400265,False
19387,2025,M,3,3,21,1850.5226211682195,1992.1411623584281,-141.6185411902086,6.743740056676599,False
28388,2025,M,2,2,21,2009.0378673204896,2040.1549307553269,-31.11706343483729,1.4817649254684424,False
27027,2025,M,4,4,42,2037.8077469166,2004.9557767691767,32.851970147423344,-0.7821897654148415,True
27038,2025,M,4,4,42,2265.6188557575933,1991.893201210577,273.72565454701635,-6.517277489214675,True
27015,2025,M,2,2,21,1873.3430776669718,2039.7859408851716,-166.44286321819982,7.925850629438086,False
27031,2025,M,2,2,21,2069.8744228588125,2044.6977737229804,25.176649135832122,-1.198888054087244,True
19009,2025,M,2,2,15,2109.4932790372645,2048.823713306739,60.66956573052539,-4.044637715368359,True
756,2025,M,2,2,21,2060.317402147212,2023.3032111415607,37.01419100565113,-1.7625805240786252,True
20441,2025,M,3,3,42,2163.221893623105,2140.567248217233,22.65464540587209,-0.5393963191874307,True
28327,2025,M,2,2,21,2071.221671047147,2223.5295601619273,-152.3078891147802,7.252756624513343,False
27044,2025,M,2,2,21,2586.088887106451,2153.936936035844,432.15195107060663,-20.578664336695553,True
27042,2025,M,4,4,42,2462.838749205862,2303.0018710031777,159.83687820268415,-3.8056399572067656,True
27039,2025,M,3,3,42,2309.8826722422423,2282.061864382522,27.82080785972039,-0.6624001871361997,True
4304,2025,M,2,2,21,2361.216281791369,2266.805573844616,94.41070794675306,-4.495747997464432,True
26843,2025,M,3,3,36,2353.076001394447,2408.075167064064,-54.999165669617014,1.527754601933806,False
27048,2025,F,3,3,42,1478.3335915248872,1430.7814588413225,47.55213268356465,-1.1321936353229678,True
27229,2025,F,3,3,36,1457.6453469938047,1496.3788807976764,-38.73353380387175,1.075931494551993,False
25022,2025,F,3,3,42,1467.169705102402,1445.0374335218066,22.132271580595443,-0.5269588471570343,True
3000,2025,F,4,4,42,1486.8533995841522,1444.8380492605413,42.015350323610846,-1.0003654838954963,True
28265,2025,F,2,2,21,1457.9366755600827,1492.391195572366,-34.45452001228341,1.6406914291563528,False
18937,2025,F,2,2,21,1591.0496728606813,1459.41972520971,131.62994765097142,-6.268092745284354,True
27052,2025,F,4,4,42,1551.0947109275764,1469.9604661799958,81.13424474758062,-1.9317677320852529,True
481,2025,F,3,3,21,1464.4693737126968,1473.0637819862795,-8.594408273582758,0.40925753683727417,False
28267,2025,F,2,2,21,1496.298226497104,1501.6625637212126,-5.364337224108567,0.2554446297194556,False
18938,2025,F,3,3,42,1602.4094169397013,1503.8557905951332,98.5536263445681,-2.3465149129659073,True
7946,2025,F,3,3,28,1441.9995709557452,1507.9648837408372,-65.96531278509201,2.3559040280390002,False
26927,2025,F,2,2,28,1471.5553668055984,1508.6569735773298,-37.10160677173144,1.3250573847046943,False
27056,2025,F,2,2,21,1639.916158166121,1518.6428412181522,121.27331694796885,-5.774919854665184,True
580,2025,F,3,3,36,1539.874113940547,1482.9204431622543,56.95367077829269,-1.5820464105081302,True
20408,2025,F,2,2,14,1523.2967338144338,1521.80668047069,1.4900533437437389,-0.10643238169598135,True
18929,2025,F,3,3,36,1542.6320974282019,1524.5917537667465,18.04034366145538,-0.5011206572626494,True
3002,2025,F,2,2,21,1554.63151271577,1546.7234067672184,7.908105948551565,-0.3765764737405507,True
28272,2025,F,2,2,21,1559.8716214777858,1539.0471127084961,20.82450876928965,-0.9916432747280786,True
27231,2025,F,2,2,15,1609.232291278234,1563.826420543458,45.405870734776045,-3.0270580489850696,True
27053,2025,F,2,2,21,1568.1343270461061,1572.9224583945042,-4.78813134839811,0.2280062546856243,False
27057,2025,F,2,2,21,1650.1007563059322,1594.970463185627,55.13029312030517,-2.6252520533478654,True
18928,2025,F,2,2,21,1678.9897606448194,1600.1117019710011,78.87805867381826,-3.7560980320865838,True
28273,2025,F,2,2,21,1601.0015317607772,1516.6163833161258,84.38514844465135,-4.018340402126254,True
27064,2025,F,2,2,21,1807.3744545033996,1618.3037776730935,189.07067683030618,-9.003365563347913,True
568,2025,F,3,3,42,1455.51617453858,1430.6817667106895,24.834407827890345,-0.5912954244735796,True
3586,2025,F,2,2,21,1565.196462198084,1646.7783309459337,-81.58186874784974,3.8848508927547494,False
27234,2025,F,2,2,15,1794.2214800242596,1715.4929647119893,78.72851531227025,-5.248567687484683,True
18950,2025,F,2,2,21,1838.5158218924375,1720.1398536141544,118.37596827828315,-5.636950870394436,True
24817,2025,F,2,2,21,1873.868128896974,1745.7471775643826,128.1209513325914,-6.100997682504352,True
28278,2025,F,2,2,21,1746.8347473074423,1857.5634700801534,-110.72872277271108,5.272796322510051,False
4223,2025,F,2,2,21,1766.41100268252,1863.6446900487515,-97.2336873662316,4.6301755888681715,False
647,2025,F,2,2,21,1783.7132485948362,1939.8094778521775,-156.0962292573413,7.433153774159109,False
18948,2025,F,3,3,21,2035.6465531947422,1791.3262367962554,244.32031639848674,-11.63430078088032,True
26198,2025,F,3,3,21,2294.7662327903217,1805.5635134326756,489.2027193576462,-23.295367588459342,True
28281,2025,F,2,2,21,1891.0860432278384,1884.5800374816306,6.5060057462078476,-0.3098097974384689,True
19368,2025,F,3,3,42,2262.449719462074,2094.531664594216,167.9180548678578,-3.9980489254251856,True
28283,2025,F,2,2,21,2020.9023225585308,1981.0820199341388,39.82030262439207,-1.8962048868758128,True
652,2025,F,3,3,21,2385.7421142507487,2202.625339626172,183.11677462457692,-8.719846410694139,True
27875,2025,F,2,2,13,2423.538666320617,2273.3173729250634,150.2212933955534,-11.555484107350262,True
1053,2025,F,3,3,35,1717.944933580743,1511.9308531763863,206.01408040435672,-5.886116582981621,True
19367,2025,F,3,3,42,1512.7066102467497,1461.4866350762115,51.21997517053819,-1.2195232183461475,True
16153,2025,F,2,2,42,1509.1811724291226,1467.866931436708,41.314240992414625,-0.9836724045813006,True
27178,2025,F,3,3,42,1518.2958688313092,1488.2041260857904,30.091742745518786,-0.7164700653694949,True
26823,2025,F,3,3,57,1541.9042220904632,1518.9093023206792,22.99491976978402,-0.40341964508393013,True
27393,2025,M,3,3,21,1862.9834630844418,1818.8627526136452,44.120710470796666,-2.100986212895079,True
2586,2025,M,2,2,14,1917.852804135553,1971.925519773482,-54.07271563792892,3.862336831280637,False
1597,2025,M,2,2,14,2096.876743112631,1986.834230860479,110.04251225215216,-7.860179446582298,True
19397,2025,M,3,3,21,2324.837302122089,2152.81788096238,172.01942115970905,-8.191401007605194,True
4550,2025,F,3,3,21,1641.6843016378411,1662.6617931444243,-20.977491506583192,0.998928166980152,False
4549,2025,F,3,3,21,1723.224912646343,1752.5087190209938,-29.283806374650794,1.3944669702214665,False
19371,2025,F,2,2,14,2093.2655449946164,2273.8183548762527,-180.55280988163622,12.89662927725973,False
27524,2025,F,2,2,35,1539.1058652888437,1531.5702029110394,7.535662377804329,-0.21530463936583796,True
1484,2025,F,2,2,42,1574.205914398686,1549.5147864249354,24.691127973750554,-0.5878839993750132,True
2700,2025,F,2,2,42,1554.0325757755988,1557.7892332674544,-3.756657491855549,0.08944422599656068,False
1572,2025,M,2,2,21,1882.011149336929,1860.607143657237,21.40400567969209,-1.0192383656996233,True
4205,2025,M,2,2,21,1736.2369737859913,1630.0373660368991,106.19960774909214,-5.057124178528197,True
4182,2025,M,2,2,21,1837.9254733352793,1770.4461899484206,67.4792833868587,-3.213299208898033,True
4194,2025,M,2,2,21,1958.544288102807,1788.9648138328844,169.57947426992268,-8.075213060472509,True
3296,2025,M,2,2,21,2103.742779174646,1984.2820050661733,119.4607741084726,-5.688608290879648,True
1198,2025,M,4,4,57,1569.4605024080963,1565.8139236388513,3.646578769245025,-0.0639750661271057,True
2442,2025,M,4,4,57,1666.86967526124,1639.5028040801117,27.366871181128317,-0.4801205470373389,True
20766,2025,M,4,4,57,1618.8166552082678,1621.5542269766922,-2.737571768424459,0.048027574884639636,False
26817,2025,M,4,4,57,1628.1014760320625,1614.8733677215307,13.228108310531752,-0.23207207562336407,True
26818,2025,M,4,4,57,1669.9646155358382,1705.4139677765568,-35.449352240718554,0.6219184603634834,False
7641,2025,M,4,4,57,1727.9540227862046,1719.7728294592923,8.181193326912307,-0.1435297074896896,True
26821,2025,M,4,4,57,1852.891874923933,1928.375181127921,-75.48330620398792,1.324268529894525,False
27092,2025,M,2,2,21,1969.7385931175886,2027.3288222716199,-57.59022915403125,2.7423918644776784,False
26820,2025,M,4,4,57,1817.0557243759538,1883.5037383693727,-66.44801399341895,1.1657546314634903,False
7644,2025,M,3,3,36,1898.5015210759068,2144.7072059399584,-246.2056848640516,6.839046801779211,False
2420,2025,F,4,4,57,1735.850638740557,1745.908283771466,-10.057645030908816,0.17644991282296169,False
26824,2025,F,4,4,57,1655.3719387474343,1804.7266408447924,-149.35470209735809,2.620257931532598,False
4237,2025,F,2,2,36,1875.419555395297,1985.6801231683871,-110.26056777309009,3.0627935492525022,False
26829,2025,F,3,3,36,2007.375622050688,2174.0844739847976,-166.7088519341096,4.630801442614155,False
26828,2025,F,4,4,57,1927.6219553908365,2215.258834790484,-287.63687939964734,5.0462610420990766,False
1294,2025,M,3,3,35,1689.0977748631444,1667.2233842731703,21.874390589974155,-0.6249825882849759,True
27110,2025,M,3,3,42,1612.566180522072,1558.4600313191636,54.106149202908455,-1.2882416476882965,True
747,2025,M,3,3,42,1740.9450843595555,1773.7182750867912,-32.773190727235715,0.7803140649341836,False
27516,2025,M,2,2,35,2522.7170315561575,2879.9489105608673,-357.23187900470975,10.206625114420278,False
27435,2025,F,2,2,34,1906.7646005659444,1736.8362998838854,169.928300682059,-4.997891196531147,True
11362,2025,F,3,3,57,1694.1612220774525,1743.814749028178,-49.65352695072556,0.871114507907466,False
27536,2025,F,2,2,35,1718.3412528456558,1743.9144411588109,-25.573188313155015,0.7306625232330004,False
11438,2025,F,2,2,35,1720.6200886189042,1745.908283771466,-25.288195152561684,0.7225198615017624,False
4241,2025,F,2,2,57,1627.0956387498502,1752.2885801319626,-125.1929413821124,2.1963673926686385,False
27197,2025,F,2,2,36,1891.383192340192,1752.9864250463918,138.39676729380017,-3.8443546470500047,True
18698,2025,F,2,2,34,1747.6575638864267,1775.417154438762,-27.75959055233534,0.8164585456569218,False
26826,2025,F,3,3,57,1773.5523720706688,1779.3051475334394,-5.7527754627706145,0.10092588531176516,False
27182,2025,F,3,3,42,1855.6296140234965,1783.4922170200155,72.13739700348106,-1.7175570715114536,True
2333,2025,F,3,3,42,1786.4379742484573,1794.15927499772,-7.721300749262809,0.1838404940300669,False
3124,2025,F,2,2,34,1725.7639489290361,1823.8675299262818,-98.10358099724567,2.885399441095461,False
22371,2025,F,2,2,42,1874.063986553509,1852.9776320710469,21.086354482462184,-0.5020560591062425,True
2426,2025,F,2,2,35,1828.2207690427285,1870.1246785398807,-41.9039094971522,1.1972545570614914,False
27531,2025,F,2,2,35,1621.6393522069336,1870.423754931779,-248.78440272484545,7.108125792138441,False
27867,2025,F,2,2,34,1771.9546696577745,1920.469204509423,-148.51453485164848,4.368074554460249,False
27368,2025,F,2,2,35,2001.6181480549362,1959.2494433255652,42.368704729371075,-1.2105344208391735,True
1687,2025,F,2,2,35,1719.3320510079377,1967.02542951492,-247.6933785069823,7.076953671628066,False
1153,2025,F,3,3,57,2050.7567831580923,1973.306033744784,77.45074941330836,-1.3587850774264625,True
1154,2025,F,2,2,35,2068.7865628447958,2053.6578910347857,15.128671810010019,-0.43224776600028625,True
27235,2025,M,2,2,36,1575.687616800673,1561.5262079974787,14.161408803194263,-0.39337246675539617,True
26993,2025,M,3,3,42,1634.0233765399703,1565.215637735404,68.80773880456627,-1.638279495346816,True
26992,2025,M,2,2,42,1602.3501567442881,1615.6710822594603,-13.32092551517212,0.3171648932183838,False
22385,2025,M,2,2,35,1624.3112759151231,1632.423087555985,-8.111811640861788,0.23176604688176536,False
700,2025,M,3,3,42,1565.9554631902436,1635.9130886594276,-69.957625469184,1.6656577492662856,False
22384,2025,M,2,2,42,1665.6965963356527,1638.804803859423,26.89179247622974,-0.6402807732435652,True
4303,2025,M,3,3,42,1626.7444378291614,1644.8873772111372,-18.142939381975793,0.43197474718989987,False
19386,2025,M,3,3,42,1755.109505634643,1658.9470959421492,96.16240969249384,-2.289581183154615,True
710,2025,M,3,3,42,1705.4356671352039,1667.3230985904113,38.112568544792566,-0.9074421082093468,True
18990,2025,M,2,2,42,1835.0794674169085,1671.7105285490252,163.36893886788334,-3.8897366397115083,True
27012,2025,M,2,2,42,1844.1289587871036,1673.904243528332,170.22471525877154,-4.052969410923132,True
27487,2025,M,2,2,35,1620.2559378130331,1681.5822459559058,-61.326308142872676,1.752180232653505,False
1231,2025,M,2,2,35,1708.682090575676,1696.339964907606,12.342125668070139,-0.35263216194486113,True
1205,2025,M,2,2,35,1728.9587810861256,1698.4339655696715,30.524815516454055,-0.8721375861844015,True
22389,2025,M,3,3,42,1911.1224010194235,1701.824252355873,209.29814866355036,-4.983289253894056,True
732,2025,M,2,2,42,1759.3391592098428,1702.1233953075966,57.21576390224618,-1.3622800929106234,True
27202,2025,M,2,2,36,2841.6064021565626,1704.6162532386272,1136.9901489179354,-31.58305969216487,True
27453,2025,M,2,2,34,1720.9495974472322,1712.792827252407,8.156770194825185,-0.2399050057301525,True
24859,2025,M,2,2,35,1769.6110727924408,1730.7414043558263,38.869668436614575,-1.110561955331845,True
5230,2025,M,3,3,49,1639.0994868223286,1735.8268345351285,-96.72734771279988,1.9740275043428548,False
27500,2025,M,2,2,35,1834.694303796713,1737.422263610988,97.27204018572502,-2.779201148163572,True
742,2025,M,3,3,42,1792.3894755183806,1747.892266921316,44.49720859706463,-1.0594573475491578,True
27496,2025,M,2,2,35,1720.254640769445,1823.6751480246417,-103.42050725519675,2.9548716358627645,False
27010,2025,M,2,2,42,1819.5379496289652,1827.065434810843,-7.527485181877864,0.17922583766375869,False
18989,2025,M,2,2,42,2035.5453740740518,1841.623725128061,193.92164894599068,-4.617182117761683,True
4732,2025,M,3,3,57,1800.766565035963,1845.1137262315037,-44.34716119554082,0.7780203718515933,False
2344,2025,M,4,4,42,1698.2551688078674,1649.5739501214744,48.681218686393095,-1.1590766353903117,True
27494,2025,M,2,2,35,1685.8337222443893,1730.5419757213438,-44.708253476954496,1.2773786707701285,False
2540,2025,M,2,2,49,1610.6351250023897,1883.104881100408,-272.46975609801825,5.560607267306495,False
19381,2025,M,2,2,36,1800.6358222916779,1886.8940251555741,-86.25820286389626,2.3960611906637848,False
18994,2025,M,2,2,42,1872.3594373006463,1891.4808837486703,-19.121446448024017,0.4552725344767623,False
27466,2025,M,2,2,34,1866.9557725499988,1912.022033100361,-45.06626055036236,1.3254782514812458,False
27502,2025,M,2,2,35,1844.4864616529787,1932.6628967692934,-88.17643511631468,2.519326717608991,False
5271,2025,M,2,2,35,1972.6747099531856,1937.7483269485956,34.92638300458998,-0.9978966572739995,True
27506,2025,M,2,2,35,1938.9461662260478,2018.0183523277763,-79.07218610172845,2.2592053171922415,False
27205,2025,M,2,2,36,3377.4512594012717,2034.1720717208536,1343.279187680418,-37.3133107689005,True
7642,2025,M,3,3,57,1709.2214895452155,1900.8540295693447,-191.63254002412918,3.361974386388231,False
19006,2025,M,3,3,42,2065.448041210348,2038.5595016794673,26.888539530880735,-0.640203322163827,True
27507,2025,M,2,2,35,1960.8054277031667,2046.5366470587646,-85.73121935559789,2.4494634101599395,False
19396,2025,M,3,3,42,2144.335998589655,2055.1120783415095,89.22392024814553,-2.1243790535272744,True
27028,2025,M,2,2,42,2041.8406724185352,2110.3538100931446,-68.51313767460942,1.6312651827287958,False
2367,2025,M,2,2,42,2109.161118429808,2119.527527279336,-10.366408849527943,0.2468192583220939,False
27040,2025,M,2,2,42,2363.2943441337184,2158.8149682723765,204.47937586134185,-4.868556568127187,True
20448,2025,M,2,2,42,2230.7979867896693,2160.310683030995,70.48730375867444,-1.6782691371112963,True
26822,2025,M,3,3,57,2243.343024303508,2229.7118478308826,13.631176472625611,-0.23914344688816863,True
27211,2025,M,2,2,36,3980.055000455582,2236.592135720527,1743.462864735055,-48.4295240204182,True
3175,2025,M,2,2,42,2657.107721555154,2317.2610183686725,339.8467031864816,-8.091588171106704,True
27483,2025,M,2,2,34,2331.082869215949,2436.0207702029634,-104.93790098701447,3.086408852559249,False
28501,2025,F,2,2,15,1595.3776101694473,1540.0141799434327,55.36343022601454,-3.6908953484009697,True
26819,2025,M,2,2,22,1710.1988391056154,1721.7383010506971,-11.539461945081712,0.5245209975037142,False
26838,2025,M,2,2,15,2027.3249624502073,2062.693848184636,-35.36888573442866,2.357925715628577,False
26839,2025,M,2,2,15,2116.8984429907596,2276.340535750541,-159.44209275978164,10.62947285065211,False
26840,2025,M,2,2,15,2202.6054423569003,2272.0125181387093,-69.407075781809,4.627138385453933,False
26844,2025,M,2,2,14,1663.1887973607722,1692.751418971814,-29.562621611041777,2.111615829360127,False
3884,2025,M,4,4,57,1720.4485734849186,1700.0345834256607,20.413990059257912,-0.358140176478209,True
5645,2025,M,3,3,22,1925.1339467423586,1882.494175954188,42.63977078817061,-1.9381713994623004,True
25014,2025,M,4,4,57,1985.4562656577825,1887.002547098265,98.45371855951748,-1.727258220342412,True
26851,2025,M,3,3,22,2241.5206812752676,2167.351726200254,74.16895507501386,-3.371316139773357,True
11325,2025,M,3,3,57,2455.263361936698,2660.7592103908532,-205.4958484541553,3.6051903237571103,False
3864,2025,F,3,3,57,1640.1999017988162,1625.8760017135312,14.323900085285004,-0.2512964927242983,True
3755,2025,F,3,3,22,1839.9589273154572,1821.570242562591,18.38868475286631,-0.8358493069484687,True
5787,2025,M,2,2,36,1658.4648139321207,1696.879736270763,-38.41492233864233,1.067081176073398,False
23500,2025,M,2,2,15,1980.8578469549427,1925.428842124047,55.42900483089579,-3.6952669887263863,True
23506,2025,M,2,2,15,2014.974866968204,1930.1406813372537,84.83418563095029,-5.655612375396686,True
24832,2025,F,3,3,14,1492.3178222693664,1585.4808094643076,-93.16298719494125,6.654499085352946,False
26880,2025,F,3,3,14,1692.498043297,1796.331422287163,-103.83337899016283,7.4166699278687735,False
26881,2025,F,2,2,14,1709.3691796776914,1732.7384914632444,-23.36931178555301,1.6692365561109292,False
26882,2025,F,3,3,14,1719.5397228859092,1805.4023410996795,-85.86261821377025,6.133044158126446,False
26883,2025,F,2,2,14,1723.3686332701798,1782.435546659478,-59.06691338929818,4.219065242092727,False
26884,2025,F,3,3,50,1752.3247680512243,1720.145552538408,32.1792155128162,-0.643584310256324,True
26885,2025,F,3,3,50,1853.7908932343885,1818.197830851506,35.59306238288241,-0.7118612476576481,True
26886,2025,F,2,2,8,1872.3371779081979,1903.2229629355413,-30.885785027343445,3.8607231284179306,False
26889,2025,M,2,2,14,1684.3783897076146,1773.202759178476,-88.82436947086148,6.344597819347249,False
7691,2025,M,4,4,50,1698.7830862276464,1800.8857800179653,-102.10269379031888,2.0420538758063778,False
24835,2025,M,2,2,8,1809.9743953204813,1863.5070406008085,-53.53264528032719,6.6915806600408985,False
26894,2025,M,4,4,50,1850.1133249493357,1892.2790657748612,-42.16574082552552,0.8433148165105103,False
26895,2025,M,2,2,14,2031.3859103699688,2021.1497840619681,10.236126308000621,-0.7311518791429015,True
446,2025,F,2,2,14,1434.6448596062944,1459.4529374521112,-24.808077845816797,1.7720055604154854,False
7982,2025,M,3,3,50,1771.453970918597,1893.473749248808,-122.01977833021101,2.44039556660422,False
7689,2025,M,2,2,14,1576.4240910687192,1548.0510197926483,28.37307127607096,-2.026647948290783,True
345,2025,M,3,3,14,1864.0324699012774,1867.5713775310946,-3.5389076298172313,0.25277911641551654,False
335,2025,M,2,2,8,1759.9625838071106,1926.854335050907,-166.8917512437963,20.86146890547454,False
26910,2025,M,2,2,14,2045.341934389438,2102.633754258034,-57.29181986859612,4.092272847756866,False
26915,2025,M,2,2,15,1597.0916552605113,1632.4880309699702,-35.39637570945888,2.359758380630592,False
26928,2025,F,2,2,14,1552.141091427465,1549.2309972037476,2.9100942237173513,-0.20786387312266794,True
490,2025,F,2,2,14,1671.8651550848792,1889.4963326500078,-217.6311775651286,15.545084111794901,False
26959,2025,F,2,2,8,1646.8667125130498,1587.1965797115013,59.67013280154856,-7.45876660019357,True
26960,2025,F,2,2,8,1651.302783509284,1657.46925490613,-6.166471396845964,0.7708089246057455,False
26964,2025,F,2,2,8,1960.743380335482,1822.7529523835385,137.9904279519435,-17.248803493992938,True
1997,2025,M,2,2,8,1579.4068016103358,1731.7218819576485,-152.3150803473127,19.039385043414086,False
11302,2025,M,3,3,43,1601.9570396194258,1602.1700955182218,-0.2130558987960285,0.004954788344093686,False
11308,2025,M,2,2,8,1736.8628494632792,1741.243309378003,-4.380459914723815,0.5475574893404769,False
27447,2025,M,2,2,34,1615.733736746736,1604.4537879250645,11.279948821671496,-0.33176320063739695,True
26021,2025,M,2,2,8,1805.3964894752662,1736.0133363348032,69.38315314046304,-8.67289414255788,True
26933,2025,M,3,3,28,1976.73974879812,1964.988881427971,11.75086737014908,-0.4196738346481815,True
26939,2025,F,2,2,28,1600.8111813395021,1810.770892422009,-209.95971108250683,7.49856111008953,False
3862,2025,F,3,3,43,1281.1373037124142,1270.0009814401046,11.136322272309599,-0.2589842388909209,True
26945,2025,F,2,2,8,1415.106647798685,1395.9918253249941,19.114822473690765,-2.3893528092113456,True
11338,2025,F,3,3,43,1461.044627448576,1474.7659931051226,-13.721365656546595,0.31910152689643245,False
1946,2025,F,3,3,43,1522.7553039739664,1465.8069016856516,56.94840228831481,-1.3243814485654608,True
1953,2025,F,3,3,43,1533.8947711422877,1460.8296286748343,73.06514246745337,-1.699189359708218,True
26949,2025,F,2,2,8,1555.3850706351552,1604.6415495704764,-49.256478935321184,6.157059866915148,False
1957,2025,F,2,2,8,1598.7599870427778,1777.7114200357892,-178.9514329930114,22.368929124126424,False
1952,2025,F,2,2,8,1636.4173008330317,1585.5210741318258,50.89622670120593,-6.362028337650742,True
2838,2025,F,2,2,8,1689.2558353659535,1631.8438754522683,57.41195991368522,-7.176494989210653,True
26951,2025,F,2,2,43,1745.840385406807,1697.449187609082,48.391197797725,-1.1253766929703488,True
2834,2025,F,2,2,8,1773.1468668725147,1777.8099791875345,-4.663112315019816,0.582889039377477,False
26952,2025,F,2,2,8,1782.4133262868702,1757.3096756244454,25.103650662424798,-3.1379563328030997,True
26956,2025,F,2,2,8,1529.9515969234128,1498.6904614439325,31.261135479480345,-3.907641934935043,True
23462,2025,F,3,3,43,1316.5272923268158,1289.3128007220753,27.214491604740488,-0.632895153598616,True
19465,2025,F,2,2,8,1734.7994975939573,1717.196100863977,17.603396729980204,-2.2004245912475255,True
2871,2025,M,4,4,43,1583.165174611851,1830.2550820858132,-247.08990747396228,5.746276917999123,False
2001,2025,M,3,3,43,1606.7044581476553,1647.966295352832,-41.26183720517679,0.9595776094227161,False
19411,2025,M,3,3,43,1615.7047724407569,1636.716359306504,-21.011586865747176,0.4886415550173762,False
26967,2025,M,3,3,43,1617.9795771522004,1611.2297785289818,6.749798623218567,-0.15697206100508296,True
24421,2025,M,3,3,43,1657.6403027734505,1633.8292075778002,23.811095195650296,-0.5537463998988441,True
26971,2025,M,3,3,43,1745.1708318876808,1717.1583798855584,28.012452002122473,-0.651452372142383,True
19426,2025,M,2,2,8,1869.098236385004,1836.6539016726879,32.44433471231605,-4.055541839039506,True
11300,2025,M,2,2,8,1537.4712712776422,1548.7534210139313,-11.282149736289057,1.410268717036132,False
415,2025,M,2,2,8,1706.696960898488,1627.5751346071743,79.12182629131371,-9.890228286414214,True
26984,2025,M,2,2,8,1910.8359576123544,1868.3592733920125,42.476684220341895,-5.309585527542737,True
19425,2025,M,2,2,8,1983.135185615182,1903.205734569598,79.92945104558407,-9.99118138069801,True
8038,2025,M,3,3,50,1537.9360153704774,1513.0666197530563,24.869395617421105,-0.4973879123484221,True
27122,2025,M,3,3,42,1900.873764940991,1806.0979993701537,94.77576557083717,-2.2565658469246945,True
1725,2025,F,2,2,34,1406.3482678443943,1354.5830162235413,51.76525162085295,-1.5225074006133221,True
1754,2025,F,2,2,34,1466.4970372288508,1368.9504860674767,97.54655116137405,-2.8690162106286485,True
28473,2025,F,2,2,21,1537.0344500329707,1382.8889272980168,154.14552273495383,-7.340262987378754,True
3179,2025,F,2,2,34,1553.7688043862092,1383.3678429594815,170.4009614267277,-5.01179298313905,True
28471,2025,F,2,2,21,1508.8681238518063,1409.7281591592575,99.1399646925488,-4.720950699645181,True
27633,2025,F,3,3,35,1423.5165240364372,1418.7876470886279,4.72887694780934,-0.13511076993740972,True
28472,2025,F,2,2,21,1520.489195492986,1436.8068488512304,83.68234664175566,-3.984873649607412,True
1740,2025,F,4,4,42,1434.7361857758617,1441.5461184178062,-6.809932641944442,0.1621412533796296,False
1044,2025,F,3,3,35,1589.8347311976815,1524.4583923088505,65.37633888883101,-1.8678953968237433,True
2079,2025,F,4,4,42,1453.1631948684887,1448.4604632802002,4.702731588288543,-0.1119697997211558,True
23543,2025,F,2,2,42,1384.7833316241756,1449.6677298434754,-64.88439821929978,1.5448666242690425,False
27149,2025,F,2,2,42,1390.4956059554015,1450.2264647818506,-59.730858826449094,1.4221633053916451,False
1744,2025,F,3,3,42,1444.5455396274153,1450.8949512259783,-6.349411598562938,0.1511764666324509,False
23542,2025,F,2,2,42,1477.3911170319643,1455.9534979001971,21.43761913176718,-0.5104195031373138,True
27420,2025,F,2,2,34,1527.6378694433329,1458.777104820915,68.86076462241795,-2.025316606541704,True
18264,2025,F,2,2,42,1443.9152197012108,1461.4809828262667,-17.56576312505581,0.41823245535847164,False
18816,2025,F,2,2,34,1584.1457682415953,1462.4188593299682,121.7269089116271,-3.5802032032831503,True
1735,2025,F,4,4,42,1402.314104571731,1472.605794545703,-70.2916899739721,1.6736116660469547,False
25885,2025,F,2,2,21,1580.7611941743585,1473.2144165321474,107.54677764221105,-5.121275125819574,True
27146,2025,F,3,3,42,1342.807964038512,1476.0779330913208,-133.26996905280885,3.1730945012573537,False
18600,2025,F,2,2,42,1457.4572493657552,1484.2893412035144,-26.832091837759208,0.6388593294704573,False
18817,2025,F,2,2,35,1441.7200601494353,1491.6726243177588,-49.95256416832353,1.4272161190949582,False
819,2025,F,2,2,34,1536.9533394172743,1492.311178533045,44.64216088422927,-1.3130047318890963,True
18828,2025,F,4,4,42,1427.310229145268,1496.142503824761,-68.83227467949291,1.6388636828450693,False
3032,2025,F,2,2,34,1557.2608655478998,1496.2123456920579,61.04851985584196,-1.7955447016424106,True
1764,2025,F,2,2,34,1489.3541648326423,1516.5063968466168,-27.152232013974526,0.7985950592345449,False
4977,2025,F,2,2,21,1674.0252182777238,1532.360500723015,141.66471755470866,-6.745938931176603,True
27428,2025,F,2,2,34,1713.4809993920423,1533.5378350574485,179.9431643345938,-5.292446009840994,True
1743,2025,F,2,2,34,1552.449360822275,1533.9868184900718,18.462542332203157,-0.5430159509471517,True
3185,2025,F,2,2,42,1488.2345895124465,1544.5528952711325,-56.31830575868594,1.3409120418734748,False
1746,2025,F,2,2,34,1576.5068844503976,1566.9521798542125,9.554704596185047,-0.2810207234172073,True
27651,2025,F,3,3,35,1607.979023314816,1576.7998831430764,31.17914017173962,-0.8908325763354177,True
1741,2025,F,2,2,21,1739.4183671738533,1579.852970484913,159.56539668894038,-7.598352223282875,True
27668,2025,F,3,3,35,1731.7630688832019,1593.2326767770778,138.53039210612405,-3.958011203032116,True
27423,2025,F,2,2,34,1616.9632066588447,1601.3343333835192,15.628873275325532,-0.45967274339192743,True
1771,2025,F,2,2,35,1663.8032007280094,1621.4587685746428,42.3444321533666,-1.2098409186676171,True
28480,2025,F,2,2,21,1853.2654757942232,1630.3486405405777,222.91683525364556,-10.615087393030741,True
17562,2025,F,2,2,35,1662.5896316538096,1641.7029326811323,20.886698972677323,-0.5967628277907806,True
18849,2025,F,2,2,35,1838.5571474127898,1650.1937082625136,188.36343915027624,-5.38181254715075,True
27155,2025,F,2,2,42,1534.435070353448,1651.071720308532,-116.63664995508384,2.7770630941686627,False
23554,2025,F,2,2,34,1899.2943674558508,1654.204626927279,245.08974052857184,-7.208521780252113,True
28476,2025,F,2,2,21,1749.5621839453916,1682.7899054709421,66.77227847444942,-3.179632308307115,True
11447,2025,F,4,4,42,1570.7966510963552,1687.608994314429,-116.81234321807392,2.781246267096998,False
27658,2025,F,2,2,35,1674.7253223958085,1695.6707412824148,-20.945418886606376,0.598440539617325,False
27416,2025,F,2,2,34,1492.0525757303121,1442.5937464272597,49.458829303052426,-1.4546714500897773,True
27165,2025,F,4,4,42,1714.4701992755342,1706.5161855326635,7.954013742870757,-0.18938127959216086,True
27662,2025,F,2,2,35,1706.2781183250047,1712.63233762595,-6.35421930094526,0.1815491228841503,False
27666,2025,F,3,3,35,1730.549499809002,1714.4781584045109,16.07134140449125,-0.4591811829854643,True
28482,2025,F,2,2,21,1966.3247151507842,1723.4578270569707,242.8668880938135,-11.565089909229213,True
28481,2025,F,2,2,21,1964.2565583332862,1730.861064990443,233.3954933428431,-11.114071111563957,True
1217,2025,M,2,2,42,1663.77154023731,1632.2495809628172,31.52195927449293,-0.7505228398688792,True
27686,2025,F,3,3,35,2146.8036922595547,1775.4401311450983,371.3635611144564,-10.61038746041304,True
3198,2025,F,3,3,42,1658.3126333502753,1785.1980377474379,-126.88540439716257,3.0210810570752993,False
18852,2025,F,3,3,42,1747.9854916016752,1790.8652064081014,-42.879714806426136,1.0209455906291938,False
27169,2025,F,3,3,42,1788.8282530699407,1798.178647655049,-9.350394585108234,0.222628442502577,False
18856,2025,F,3,3,42,1844.2077678362914,1861.4454020164344,-17.237634180143004,0.4104198614319763,False
27680,2025,F,2,2,35,1847.0521309321887,1864.2989411659937,-17.246810233805036,0.49276600668014386,False
3048,2025,F,2,2,35,1827.6350257449908,1882.5476233497145,-54.912597604723715,1.5689313601349633,False
17971,2025,F,2,2,21,2174.5191681122565,1967.6649047654182,206.85426334683825,-9.850203016516108,True
18837,2025,F,2,2,34,2099.1553451928226,2011.58546188556,87.56988330726244,-2.575584803154778,True
28483,2025,F,2,2,21,2165.458671578456,2044.840168128502,120.61850344995378,-5.743738259521608,True
27691,2025,M,3,3,35,1580.3835928268622,1533.7970017465418,46.58659108032043,-1.3310454594377266,True
27689,2025,M,3,3,35,1570.4127184241693,1535.5030608310556,34.90965759311371,-0.9974187883746773,True
1817,2025,M,4,4,42,1644.375570648205,1535.6327612292937,108.74280941891129,-2.5891145099740784,True
1814,2025,M,4,4,42,1583.359287581313,1544.851466457895,38.507821123418125,-0.9168528838909078,True
27444,2025,M,2,2,34,1556.3636963082145,1552.4040204168248,3.9596758913896792,-0.11646105562910822,True
18865,2025,M,2,2,34,1573.8254729077796,1559.3479801994079,14.477492708371756,-0.42580860906975754,True
27699,2025,M,3,3,35,1733.9350586283367,1637.3278504015163,96.60720822682038,-2.760205949337725,True
22568,2025,M,3,3,42,1993.1494764646534,1646.3669704633269,346.7825060013265,-8.256726333364917,True
28487,2025,M,2,2,21,1723.7085887608548,1647.1451728527543,76.56341590810052,-3.645876948004787,True
866,2025,M,2,2,21,1700.101554624482,1652.7222899769838,47.3792646474983,-2.256155459404681,True
27448,2025,M,2,2,34,1627.2792853539272,1653.9295013759674,-26.65021602204024,0.7838298830011835,False
27119,2025,M,3,3,42,1873.886360165871,1658.7483700181908,215.13799014768028,-5.122333098754292,True
28486,2025,M,2,2,21,1703.9537484793711,1662.5495893819325,41.40415909743865,-1.9716266236875548,True
11389,2025,M,4,4,42,1692.8605842489203,1666.899541199757,25.96104304916321,-0.618120072599124,True
18867,2025,M,2,2,34,1768.0221940822073,1668.0568678301877,99.96532625201962,-2.9401566544711653,True
1818,2025,M,2,2,34,1690.1416811123618,1671.8680641476396,18.273616964722123,-0.5374593224918272,True
18870,2025,M,3,3,35,1740.9146707102218,1678.0737293556376,62.840941354584174,-1.7954554672738336,True
23576,2025,M,2,2,42,1726.0743407807452,1679.6301341344924,46.444206646252724,-1.1058144439583981,True
28489,2025,M,2,2,21,1813.2967894373833,1693.54798456079,119.74880487659334,-5.70232404174254,True
3207,2025,M,2,2,42,1718.5025470829223,1696.1320155718372,22.37053151108512,-0.5326317026448838,True
18877,2025,M,3,3,35,1734.932146068606,1696.9900335909497,37.94211247765634,-1.0840603565044669,True
27115,2025,M,3,3,42,1719.4846214924971,1701.1304693808515,18.35415211164559,-0.4370036217058474,True
28488,2025,M,2,2,21,1775.0711734927122,1702.2778190575716,72.7933544351406,-3.4663502111971716,True
18561,2025,M,3,3,42,1756.9114772413986,1702.9163440950504,53.99513314634828,-1.2855984082463876,True
3213,2025,M,2,2,42,1818.4286182571736,1704.9815735131463,113.44704474402738,-2.7011201129530327,True
5025,2025,M,3,3,34,1934.1019922560888,1706.6776556439495,227.4243366121393,-6.688951076827627,True
11401,2025,M,4,4,42,1812.54599254382,1709.4811796366303,103.06481290718966,-2.453924116837849,True
27712,2025,M,3,3,35,1782.792343201533,1714.3100252325642,68.4823179689688,-1.9566376562562515,True
27708,2025,M,2,2,35,1770.8272939183014,1719.5678798380545,51.25941408024687,-1.4645546880070535,True
1853,2025,M,2,2,34,1699.2534636892453,1719.6377185140286,-20.384254824783284,0.599536906611273,False
11382,2025,M,2,2,21,1796.900272003752,1724.9255039806508,71.9747680231012,-3.427369905861962,True
27461,2025,M,2,2,34,1825.4333496670665,1728.2079217514406,97.22542791562591,-2.8595714092831153,True
897,2025,M,2,2,42,1695.8755526863154,1528.7287092615531,167.1468434247622,-3.979686748208624,True
3218,2025,M,2,2,42,1829.0939463451575,1736.6284706831934,92.46547566196409,-2.2015589443324783,True
27449,2025,M,2,2,34,1650.8254770292615,1745.8272220043734,-95.00174497511193,2.7941689698562335,False
1870,2025,M,2,2,34,1807.645092258558,1747.7427971168102,59.9022951417478,-1.761832210051406,True
1811,2025,M,2,2,34,1590.159406712812,1747.90242837618,-157.74302166336815,4.639500637157887,False
1852,2025,M,4,4,42,1836.8425134367042,1748.530976459948,88.31153697675609,-2.1026556423037164,True
27498,2025,M,3,3,35,1797.3060647091525,1755.6944292241644,41.61163548498803,-1.188903870999658,True
27455,2025,M,2,2,34,1739.272096179467,1762.0198178766896,-22.74772169722246,0.6690506381536018,False
27454,2025,M,2,2,34,1735.0278456631988,1764.7934110082383,-29.765565345039477,0.875457804265867,False
27717,2025,M,3,3,35,1848.6001142593077,1769.332924946565,79.26718931274263,-2.264776837506932,True
18883,2025,M,4,4,42,1869.074195558954,1774.1817244499202,94.89247110903375,-2.259344550215089,True
5583,2025,M,4,4,42,1864.8119926213985,1777.0451101648646,87.76688245653395,-2.0896876775365225,True
23587,2025,M,2,2,35,1823.6729282525748,1786.4434005602568,37.229527692318015,-1.0637007912090861,True
27469,2025,M,2,2,34,1914.9979182539582,1802.9253280901805,112.0725901637777,-3.2962526518758146,True
19627,2025,M,2,2,35,1827.661278013652,1804.7012258506686,22.960052162983402,-0.6560014903709543,True
11393,2025,M,4,4,42,1926.5255485190887,1815.576105395231,110.94944312385769,-2.6416534077108973,True
28494,2025,M,2,2,21,1961.7544141527326,1823.9966543269838,137.75775982574874,-6.559893325035654,True
1833,2025,M,2,2,34,1783.8119932056668,1830.2522043035347,-46.44021109786786,1.3658885617019958,False
28493,2025,M,2,2,21,1958.1985429020658,1831.3796000728332,126.81894282923258,-6.038997277582504,True
18885,2025,M,4,4,42,1826.89409966771,1838.094089920072,-11.199990252362113,0.2666664345800503,False
27711,2025,M,2,2,35,1780.7981683209944,1842.473972599029,-61.67580427803455,1.7621658365152728,False
1837,2025,M,4,4,42,1852.4771380371374,1847.5821728988599,4.894965138277485,-0.11654678900660678,True
27126,2025,M,4,4,42,1969.12793640645,1856.78092422004,112.34701218640998,-2.67492886158119,True
1239,2025,M,4,4,42,1918.7278777070635,1857.9981125727343,60.72976513432923,-1.4459467889126008,True
18569,2025,M,3,3,42,2046.073466396648,1863.2060824096714,182.86738398697662,-4.353985333023253,True
11399,2025,M,3,3,42,1907.7090028316327,1865.9198138189568,41.789189012675934,-0.9949806907779984,True
27719,2025,M,2,2,35,1861.5622509828088,1869.6911023215664,-8.128851338757613,0.23225289539307467,False
28491,2025,M,2,2,21,1889.1553761182804,1882.481556978565,6.673819139715306,-0.31780091141501454,True
27113,2025,M,2,2,42,1701.0805470570629,1886.143098990358,-185.06255193329525,4.40625123650703,False
4315,2025,M,3,3,35,2027.174497617857,1899.901318157286,127.2731794605711,-3.6363765560163173,True
27722,2025,M,2,2,35,1934.3496341224688,1904.0417539471882,30.307880175280616,-0.8659394335794461,True
27129,2025,M,3,3,42,2009.7465339864702,1910.836059424112,98.91047456235833,-2.35501129910377,True
18873,2025,M,2,2,35,2097.871974326636,1917.8797887438009,179.9921855828352,-5.142633873795291,True
3212,2025,M,3,3,42,1920.0536781599899,1920.6334279679284,-0.5797498079384695,0.013803566855677846,False
23594,2025,M,2,2,34,1857.497722448478,1924.2351082574578,-66.73738580897975,1.9628642884994045,False
11413,2025,M,4,4,42,2077.588234199908,1942.792242159188,134.7959920407202,-3.209428381921909,True
3079,2025,M,3,3,35,2062.97391391721,1949.7162480343495,113.25766588286069,-3.235933310938877,True
25915,2025,M,2,2,34,1985.6364932799613,1977.2426633219156,8.393829958045671,-0.24687735170722563,True
2354,2025,M,3,3,42,2022.9161518188705,1845.0979114249185,177.818240393952,-4.233767628427429,True
5134,2025,M,2,2,42,2155.967592828085,1982.7599187238816,173.2076741042033,-4.1239922405762695,True
2816,2025,M,2,2,21,2119.7931364046017,1998.5035516792204,121.28958472538125,-5.77569451073244,True
3082,2025,M,2,2,34,2056.4630421050533,2078.0797344750263,-21.616692369972952,0.6357850697050869,False
1887,2025,M,2,2,35,2276.3506261348434,2097.8041719608977,178.54645417394568,-5.101327262112734,True
18872,2025,M,2,2,35,1833.643802655268,2123.005957033892,-289.36215437862415,8.267490125103548,False
1917,2025,M,2,2,35,2059.9826515964023,2229.320375774126,-169.33772417772389,4.838220690792111,False
27143,2025,M,3,3,42,2715.90713819134,2464.606875131384,251.3002630599558,-5.983339596665614,True
27576,2025,M,2,2,35,1984.3100450998616,1856.8367893811196,127.47325571874194,-3.642093020535484,True
27587,2025,M,2,2,35,2148.6377004875703,1858.5292576358768,290.10844285169355,-8.28881265290553,True
27577,2025,M,2,2,35,1995.4211677061478,1881.1286866846954,114.29248102145243,-3.2654994577557837,True
333,2025,M,3,3,42,2198.356726874899,1895.6640022843758,302.6927245905231,-7.2069696331076925,True
27086,2025,M,3,3,42,1818.5666879692858,1908.6064065854616,-90.03971861617583,2.1438028241946627,False
8084,2025,M,2,2,35,1974.8558442857404,1935.7854556177413,39.07038866799917,-1.1162968190856906,True
340,2025,M,2,2,35,1949.0460088510974,1938.0752656094714,10.970743241625996,-0.3134498069035999,True
18791,2025,M,3,3,42,2042.9747233319217,1939.6681769080667,103.30654642385502,-2.459679676758453,True
27314,2025,M,2,2,35,2034.4443784975751,1980.1878580660805,54.256520431494664,-1.5501862980427046,True
27581,2025,M,2,2,35,2062.282835319415,1984.5683641372173,77.71447118219771,-2.220413462348506,True
27574,2025,M,2,2,35,1969.3977489703718,1984.9665919618658,-15.568842991493966,0.4448240854712562,False
27582,2025,M,2,2,35,2063.8422911238063,2023.0969061719868,40.74538495181946,-1.1641538557662703,True
344,2025,M,3,3,42,1963.9619464830357,2029.0703235417188,-65.10837705868312,1.5501994537781694,False
27096,2025,M,2,2,42,2257.2001951353463,2046.1941200016167,211.0060751337296,-5.023954169850705,True
27097,2025,M,2,2,42,2257.885559990293,2046.6919047824276,211.1936552078655,-5.028420362092036,True
8104,2025,M,2,2,35,2166.18157828697,2106.0278506550962,60.15372763187361,-1.718677932339246,True
984,2025,M,3,3,42,2014.189399424149,1896.0622301090248,118.12716931512432,-2.8125516503601027,True
27575,2025,M,2,2,35,1972.6141265669285,1889.591027958482,83.02309860844639,-2.3720885316698967,True
237,2025,F,2,2,35,1525.454289388208,1504.0323584087273,21.42193097948075,-0.6120551708423071,True
27256,2025,F,2,2,35,1605.5285819361868,1506.8196312947848,98.708950641402,-2.8202557326114857,True
18912,2025,F,2,2,42,1549.652127278196,1507.416904056083,42.23522322211306,-1.0056005529074539,True
27252,2025,F,2,2,35,1568.3717817280872,1523.3441776906977,45.02760403738944,-1.286502972496841,True
21216,2025,F,2,2,35,1650.668673435682,1567.0446347256725,83.62403871000947,-2.3892582488574137,True
27261,2025,F,2,2,35,1625.536089740548,1571.822816816057,53.71327292449109,-1.5346649406997455,True
27606,2025,F,2,2,35,1598.3984369108528,1587.750090450672,10.648346460180846,-0.3042384702908813,True
27103,2025,F,3,3,42,1631.0287711345145,1604.0755459261522,26.953225208362255,-0.6417434573419585,True
27102,2025,F,3,3,42,1614.034841928243,1606.365091511128,7.669750417114983,-0.18261310516940435,True
27258,2025,F,2,2,35,1607.6968832745906,1616.2200920725459,-8.523208797955249,0.24352025137014996,False
27253,2025,F,2,2,35,1579.6075250270885,1637.3237296384104,-57.71620461132193,1.6490344174663407,False
27262,2025,F,2,2,35,1628.6899825964083,1646.1832755976652,-17.493293001256916,0.4998083714644833,False
8117,2025,F,2,2,35,1747.5221578543237,1668.182822305477,79.33933554884675,-2.2668381585384787,True
8119,2025,F,2,2,35,1696.9318619918445,1679.3319138497072,17.599948142137237,-0.502855661203921,True
2836,2025,F,2,2,35,1682.996075208246,1699.5396422736248,-16.54356706537874,0.4726733447251068,False
19462,2025,F,2,2,35,1836.839521285949,1701.829187858601,135.0103334273481,-3.857438097924231,True
27279,2025,F,2,2,35,1748.0451153603567,1721.4396435212204,26.60547183913627,-0.7601563382610363,True
8033,2025,F,3,3,42,1898.6588790915712,1728.0096438954993,170.6492351960719,-4.0630770284779025,True
1929,2025,F,2,2,35,1633.4208218801982,1777.4837376230216,-144.0629157428234,4.116083306937812,False
27287,2025,F,2,2,35,1866.6117749103405,1832.1341952817938,34.477579628546664,-0.9850737036727618,True
275,2025,F,3,3,42,2024.5110633848751,2029.8314792714511,-5.320415886576029,0.1266765687280007,False
27076,2025,M,2,2,42,1517.104061057612,1517.546682780355,-0.44262172274306977,0.010538612446263565,False
2855,2025,M,2,2,35,1557.7840532064324,1541.2412383469577,16.542814859474674,-0.47265185312784785,True
27547,2025,M,2,2,35,1614.913951434727,1591.4179442527047,23.496007182022367,-0.6713144909149248,True
27082,2025,M,3,3,42,1677.6752556451875,1616.1080693809292,61.567186264258225,-1.4658853872442434,True
27546,2025,M,2,2,35,1612.8671656914635,1617.1036389425515,-4.236473251088,0.12104209288822858,False
158,2025,M,2,2,35,1637.233662635074,1632.2362962792051,4.997366355868962,-0.14278189588197035,True
27557,2025,M,2,2,35,1761.6002630352618,1651.0525609938602,110.54770204140164,-3.158505772611475,True
154,2025,M,2,2,35,1746.7854328935466,1661.207370522404,85.57806237114255,-2.4450874963183584,True
164,2025,M,2,2,35,1771.0544638493827,1669.271483971542,101.78297987784072,-2.9080851393668774,True
27553,2025,M,2,2,35,1718.617762426733,1670.6652813578128,47.95248106892018,-1.3700708876834338,True
8006,2025,M,2,2,42,1603.5579420459223,1677.5347113330045,-73.9767692870821,1.761351649692431,False
8005,2025,M,2,2,36,1651.4991162672177,1679.8245213247346,-28.325405057516946,0.7868168071532485,False
27558,2025,M,2,2,35,1765.1090385951416,1682.1143313164653,82.99470727867629,-2.3712773508193226,True
27554,2025,M,2,2,35,1730.8010108985382,1695.4549634421996,35.34604745633851,-1.0098870701811002,True
27304,2025,M,2,2,35,1809.9546412774675,1752.5010993231379,57.453541954329694,-1.6415297701237055,True
24720,2025,M,2,2,35,1714.8385261194944,1754.3926814902197,-39.55415537072531,1.1301187248778661,False
27088,2025,M,3,3,42,1842.3586393624448,1755.6869219203284,86.67171744211646,-2.063612320050392,True
18730,2025,M,2,2,36,1637.252142403367,1768.9279970899004,-131.67585468653328,3.65766263018148,False
27566,2025,M,2,2,35,1880.508768120081,1791.7265400510435,88.7822280690375,-2.536635087686786,True
8009,2025,M,3,3,42,1751.009295124513,1811.1401465026718,-60.130851378158695,1.431686937575207,False
31,2025,M,2,2,35,1825.63541700307,1824.3812216722436,1.2541953308264056,-0.03583415230932587,True
24808,2025,M,2,2,35,1859.3286411995114,1831.2506516474352,28.077989552076133,-0.8022282729164609,True
27089,2025,M,3,3,42,1842.7502764224146,1832.8435629460303,9.906713476384311,-0.23587413039010266,True
18787,2025,M,3,3,42,1904.4331133676417,1834.9342590254364,69.49885434220528,-1.6547346271953638,True
160,2025,M,2,2,35,1907.1169827825036,1848.9717898443062,58.1451929381974,-1.66129122680564,True
27570,2025,M,2,2,35,1912.770010073421,1851.4607137483608,61.30929632506013,-1.7516941807160038,True
27318,2025,M,2,2,35,2164.701431969846,2125.740127975211,38.96130399463482,-1.1131801141324233,True
27321,2025,M,2,2,35,2365.142203025141,2223.305945014163,141.83625801097787,-4.052464514599368,True
27098,2025,M,2,2,42,2346.395535543444,2275.175119174668,71.22041636877611,-1.6957241992565741,True
19440,2025,M,2,2,35,2309.5841832321457,2324.4558124749547,-14.871629242808922,0.4249036926516835,False
27322,2025,M,2,2,35,2745.4103455658924,2378.1170118463783,367.29333371951407,-10.494095249128973,True
8023,2025,M,2,2,42,2904.2825274702773,3119.1194365616043,-214.83690909132702,5.115164502174453,False
1534,2025,M,3,3,28,1584.9816690756495,1639.3137982279577,-54.3321291523082,1.9404331840110072,False
19581,2025,M,2,2,13,1681.4060773618107,1735.4684118941293,-54.06233453231857,4.158641117870659,False
18771,2025,M,2,2,13,1770.312374647221,1836.0655103204308,-65.75313567320973,5.0579335133238255,False
19583,2025,M,2,2,13,2159.86491181683,2174.822629327278,-14.957717510447765,1.150593654649828,False
27632,2025,F,2,2,14,1398.03157347824,1465.1413797104187,-67.1098062321787,4.7935575880127645,False
4316,2025,M,2,2,21,1861.6202507902801,1925.8006048404325,-64.18035405015235,3.0562073357215405,False
18897,2025,M,2,2,21,2197.4504158885306,2058.158034726373,139.29238116215765,-6.632970531531317,True
27139,2025,M,3,3,21,2304.6634791818287,2123.7441044608986,180.91937472093014,-8.615208320044292,True
27743,2025,M,2,2,14,2166.6710077052185,2179.9466250617197,-13.275617356501243,0.9482583826072316,False
18818,2025,F,3,3,21,1499.3045832164087,1697.8582635079397,-198.553680291531,9.454937156739572,False
22577,2025,F,2,2,14,1707.491687399205,1860.060848194574,-152.56916079536904,10.897797199669217,False
27159,2025,F,3,3,21,1612.3189762350594,1892.6589389846624,-280.33996274960305,13.349522035695383,False
27166,2025,F,3,3,21,1744.026294565205,2040.2859422908343,-296.2596477256293,14.107602272649014,False
18271,2025,F,2,2,14,1857.9742525999875,2085.096006669959,-227.12175406997153,16.222982433569396,False
27675,2025,F,2,2,14,1803.3636442609939,2187.617494623078,-384.2538503620842,27.44670359729173,False
22579,2025,F,2,2,14,1803.3636442609939,2187.617494623078,-384.2538503620842,27.44670359729173,False
19612,2025,F,2,2,21,1866.3280577465216,2204.655167452943,-338.3271097064212,16.11081474792482,False
11395,2025,M,3,3,21,1698.4780498716889,1761.1440110942663,-62.66596122257738,2.984093391551304,False
27114,2025,M,3,3,21,1703.2902144786062,1774.972399291305,-71.68218481269878,3.4134373720332754,False
27504,2025,M,2,2,14,1896.4145714968124,1859.1280188904254,37.28655260638698,-2.6633251861704985,True
27006,2025,M,2,2,8,1747.1420186674063,1651.5828626975665,95.55915596983982,-11.944894496229978,True
16134,2025,M,2,2,8,2060.2347472688225,1914.7794207933282,145.4553264754943,-18.181915809436788,True
27070,2025,F,2,2,8,1903.93227917507,1753.281825107859,150.65045406721106,-18.831306758401382,True
1227,2025,M,2,2,7,1822.887236076644,1786.7226213695521,36.164614707091914,-5.166373529584559,True
27120,2025,M,2,2,42,1888.6272970535913,1828.8254999229177,59.80179713067355,-1.4238523126350846,True
25092,2025,M,2,2,7,1966.2013546659166,1880.5069123479257,85.69444231799093,-12.242063188284419,True
27142,2025,M,2,2,7,2459.3893024103622,2626.3283176693726,-166.93901525901038,23.848430751287196,False
27156,2025,F,2,2,8,1537.655611226398,1633.1239101599629,-95.46829893356494,11.933537366695617,False
1736,2025,F,2,2,7,1542.0875482075214,1617.6875759084148,-75.6000277008934,10.800003957270487,False
25800,2025,M,2,2,7,1989.1818958499707,1974.2331317332412,14.948764116729535,-2.1355377309613623,True
3134,2025,M,2,2,8,1711.6203433326077,1705.0608647453048,6.5594785873029195,-0.8199348234128649,True
27179,2025,F,2,2,8,1561.0261166243927,1579.2648191178691,-18.238702493476467,2.2798378116845583,False
27180,2025,F,2,2,8,1982.5462903813939,2019.1355573229523,-36.589266941558435,4.573658367694804,False
27181,2025,F,2,2,8,1754.684303870111,1734.800429609294,19.883874260817038,-2.4854842826021297,True
4603,2025,M,2,2,8,1699.579952110087,1820.6276178555663,-121.04766574547921,15.130958218184901,False
1183,2024,M,3,3,42,1625.4303790286299,1674.809532905384,-49.37915387675412,1.175694139922717,False
1183,2025,M,4,4,42,1703.7026857306278,1591.3340937956154,112.36859193501232,-2.675442665119341,True
27343,2025,F,2,2,7,1529.701862519498,1577.310199670373,-47.60833715087506,6.80119102155358,False
3429,2025,F,2,2,7,1712.3528311785426,1748.0278507782248,-35.67501959968217,5.096431371383168,False
11467,2025,F,2,2,7,1798.2422747741648,1877.6016704940068,-79.35939571984204,11.337056531406006,False
27371,2025,F,2,2,7,1822.1608540033255,2116.859874845045,-294.6990208417194,42.09986012024563,False
27378,2025,M,2,2,7,1745.357766250884,1644.9445987169254,100.41316753395859,-14.344738219136941,True
18745,2025,M,2,2,7,1795.521666371078,1675.7909134843126,119.73075288676546,-17.104393269537923,True
394,2025,M,2,2,15,1640.516526997934,1609.4811345875714,31.035392410362647,-2.0690261606908433,True
2174,2025,M,2,2,15,1675.8349493380454,1662.3017721315255,13.533177206519895,-0.902211813767993,True
21205,2025,M,2,2,15,2232.317817496894,2052.3375118829463,179.98030561394762,-11.998687040929841,True
2566,2025,M,2,2,7,1814.549352623565,1764.8704579994771,49.67889462408789,-7.09698494629827,True
27406,2025,M,2,2,7,2106.883805048143,2078.426610915316,28.457194132827226,-4.065313447546747,True
27748,2025,F,2,2,20,1873.556311769128,1820.7475915538105,52.80872021531741,-2.64043601076587,True
1323,2025,M,3,3,35,2007.4912712199084,2011.0383501208908,-3.547078900982342,0.10134511145663834,False
962,2024,M,3,3,14,2518.3827765346978,2466.308767230954,52.07400930374388,-3.7195720931245626,True
1434,2024,M,2,2,21,2670.335970234002,2634.80312281007,35.53284742393225,-1.6920403535205835,True
