athlete_id,year,gender,num_races,season_duration,alpha_first,alpha_last,field_adj_improve_sec,std_improve_sec,raw_improve_sec,conv_improve_sec
1387,2023,M,2,21,1.0234888428130102,0.985229846808658,-5.316592063876669,-93.44458202168289,-87.09999999999991,-87.09999999999991
667,2024,M,5,43,1.3809096120446966,1.0253560601168834,-14.737235202904003,-46.52922071348712,-403.3000000000002,-5.583103364736189
11483,2024,M,3,42,0.9625423563450438,1.0048666813813316,32.10013184605964,-8.552797261911337,103.0,25.533356459069864
11495,2024,M,3,42,0.9625423563450438,1.0048666813813316,103.45320657170737,61.7220592513288,179.9000000000001,99.35229677278267
5158,2024,M,5,29,0.9410977151352165,0.992562623192748,-69.38463749399921,-2.4094360862095527,14.0,14.0
2303,2024,M,5,29,0.9410977151352165,0.992562623192748,-55.070439654482925,11.132246609089407,27.40000000000009,27.40000000000009
22588,2024,M,2,7,0.9466661317421086,0.9470509182286515,-39.36200779375213,-47.317951703837025,-40.90000000000009,-40.90000000000009
2306,2024,M,5,29,0.9410977151352165,0.992562623192748,-89.7908953978083,-19.87003131696588,-2.7999999999999545,-2.7999999999999545
22589,2024,M,2,7,0.9466661317421086,0.9470509182286515,-32.945033303044056,-40.76182898262573,-34.100000000000136,-34.100000000000136
22591,2024,M,2,7,0.9466661317421086,0.9470509182286515,30.01923087267278,25.51569897397826,32.399999999999864,32.399999999999864
22592,2024,M,2,7,0.9466661317421086,0.9470509182286515,-47.734034300386156,-56.499469634099114,-49.700000000000045,-49.700000000000045
2308,2024,M,3,22,0.9410977151352165,0.9466661317421086,-4.932326887532781,-11.238415770637857,5.0,5.0
5793,2024,M,2,7,0.9466661317421086,0.9470509182286515,14.660498657096014,9.163255992806853,16.200000000000045,16.200000000000045
2302,2024,M,2,7,0.9466661317421086,0.9470509182286515,194.69480125506539,199.05686560964796,206.30000000000018,206.30000000000018
22593,2024,M,2,7,0.9466661317421086,0.9470509182286515,32.08427314142159,27.523150447958187,34.59999999999991,34.59999999999991
666,2024,M,5,78,1.3809096120446966,1.6315829941684272,36.206076282902586,-44.175609390120144,191.5,-2.182753253887313
2560,2024,M,2,7,0.9625423563450438,0.9456467721094698,-57.16676757128516,-81.14561457185982,-92.40000000000009,-92.40000000000009
5171,2024,M,5,29,0.9410977151352165,0.992562623192748,24.245178057243493,100.46269019897318,119.5,119.5
5794,2024,M,2,7,0.9466661317421086,0.9470509182286515,-4.676424594771106,-11.390587367508942,-4.2000000000000455,-4.2000000000000455
2311,2024,M,2,7,0.9466661317421086,0.9470509182286515,-90.95691893945559,-102.43484845091234,-95.29999999999995,-95.29999999999995
22594,2024,M,2,7,0.9466661317421086,0.9470509182286515,-0.13600567673370278,-6.651640883880191,0.6000000000001364,0.6000000000001364
22595,2024,M,2,7,0.9466661317421086,0.9470509182286515,-12.48514581749555,-20.02346599171733,-12.400000000000091,-12.400000000000091
2312,2024,M,2,7,0.9466661317421086,0.9470509182286515,153.4266699402167,154.86859118238863,162.79999999999995,162.79999999999995
22596,2024,M,2,7,0.9466661317421086,0.9470509182286515,23.15306770376901,16.960263755734104,25.299999999999727,25.299999999999727
1282,2025,M,3,42,0.9909721001134402,1.0477424660211891,67.15810905045237,140.96392433439541,172.65999999999985,172.65999999999985
119,2024,M,2,49,1.0001191486060566,1.0151912758821142,-32.34632409123742,-5.552728583625139,-7.599999999999909,-7.599999999999909
124,2024,M,2,27,1.0001191486060566,1.0259960842894698,36.530788173807196,101.39962137767156,79.18000000000006,79.18000000000006
2259,2024,M,5,43,1.3948709568265052,1.0321616043911979,21.324720188624497,-29.9620020378145,-390.0999999999999,-29.353252214577196
8146,2024,M,4,43,1.3948709568265052,1.0321616043911979,43.69819291415911,-8.90604151253524,-372.5,-8.173251979902943
1657,2024,M,5,43,1.3948709568265052,1.0321616043911979,-2.5536257348476283,-53.604367430165894,-418.4000000000001,-53.11652777925724
1656,2024,M,6,43,1.3948709568265052,1.0321616043911979,44.53597356146338,-8.764267522537011,-377.0999999999999,-8.02049304766274
4006,2024,M,2,21,1.0001191486060566,1.013848832148773,-148.95112777933355,-97.0662002781678,-118.7800000000002,-118.7800000000002
58,2024,M,3,49,1.0001191486060566,1.0151912758821142,-125.34491381853695,-88.64610581182478,-91.80000000000018,-91.80000000000018
217,2024,M,2,49,1.0001191486060566,1.0151912758821142,197.87849010367108,229.71247716656762,228.29999999999995,228.29999999999995
8095,2024,M,4,42,1.0001191486060566,1.0321616043911979,199.86303601262034,263.94017923022534,263.5,263.5
8097,2024,M,2,27,1.0001191486060566,1.0259960842894698,32.04534553524945,118.27671345362887,88.69000000000005,88.69000000000005
8099,2024,M,2,42,1.0001191486060566,1.0321616043911979,241.37574977478153,305.45103362772784,305.1999999999998,305.1999999999998
3355,2024,M,2,21,1.0001191486060566,1.013848832148773,-130.06197841514722,-72.88214284705782,-96.7199999999998,-96.7199999999998
8108,2024,M,5,43,1.3809096120446966,1.0253560601168834,-27.99050507735683,-60.55514386143955,-430.1999999999998,-18.19281187543379
394,2024,M,3,42,1.032096725807169,1.0253560601168834,-87.0170513664682,-121.25255494315275,-95.40000000000009,-95.40000000000009
2174,2024,M,3,42,1.032096725807169,1.0253560601168834,-41.64479782108356,-79.1186800078749,-51.700000000000045,-51.700000000000045
2179,2024,M,2,42,1.032096725807169,1.0253560601168834,-71.34696264865715,-110.5135892438177,-81.40000000000009,-81.40000000000009
393,2024,M,3,42,1.032096725807169,1.0253560601168834,342.59060363256185,288.2527294080819,321.4000000000001,321.4000000000001
6342,2024,M,2,27,1.0001191486060566,1.0259960842894698,-40.56763532460877,21.542108701313055,0.03999999999996362,0.03999999999996362
115,2024,M,3,49,1.0001191486060566,1.0151912758821142,5.729612244726013,30.86486199250635,29.100000000000136,29.100000000000136
127,2024,M,4,42,1.0001191486060566,1.0321616043911979,20.547408388425083,70.45843443005083,69.5,69.5
120,2024,M,3,49,1.0001191486060566,1.0151912758821142,5.6790032986143615,31.29963917243731,29.5,29.5
10,2024,M,3,49,1.0001191486060566,1.0151912758821142,-65.06723505370974,-37.88374340167775,-40.100000000000136,-40.100000000000136
135,2024,M,2,49,1.0001191486060566,1.0151912758821142,-21.573238865066287,4.983941841827118,3.0,3.0
8037,2024,M,3,49,1.0001191486060566,1.0151912758821142,5.5816707579467675,31.73821512936661,29.899999999999864,29.899999999999864
129,2024,M,4,42,1.0001191486060566,1.0321616043911979,-69.51669208638805,-14.626333391362778,-16.09999999999991,-16.09999999999991
128,2024,M,4,42,1.0001191486060566,1.0321616043911979,14.760323365043178,66.7281505481917,65.70000000000005,65.70000000000005
123,2024,M,4,42,1.0001191486060566,1.0321616043911979,-47.701474928516745,6.561056400851385,5.2000000000000455,5.2000000000000455
140,2024,M,2,21,1.0001191486060566,1.013848832148773,10.009798524482903,47.84390031036946,32.32999999999993,32.32999999999993
8038,2024,M,3,49,1.0001191486060566,1.0151912758821142,-17.93147889981242,8.994480276638114,7.0,7.0
8041,2024,M,4,42,1.0001191486060566,1.0321616043911979,12.370724975160556,65.4627318002963,64.40000000000009,64.40000000000009
8046,2024,M,3,49,1.0001191486060566,1.0151912758821142,26.45227485705982,53.40480981504356,51.59999999999991,51.59999999999991
142,2024,M,3,49,1.0001191486060566,1.0151912758821142,-56.83303275924163,-27.89431310554278,-30.200000000000045,-30.200000000000045
146,2024,M,2,49,1.0001191486060566,1.0151912758821142,27.446465566543566,54.723632107319645,52.899999999999864,52.899999999999864
8047,2024,M,2,21,1.0001191486060566,0.9829802997370838,-48.091035269626445,-36.89195132308828,-79.29999999999995,-79.29999999999995
16,2024,M,3,49,1.0001191486060566,1.0151912758821142,31.97865320255096,59.20010407686027,57.40000000000009,57.40000000000009
6,2024,M,3,49,1.0001191486060566,1.0151912758821142,-134.57246867638173,-103.72272351964057,-106.5,-106.5
8048,2024,M,2,27,1.0001191486060566,1.0259960842894698,-0.9849417426983109,66.84031214471429,43.49000000000001,43.49000000000001
158,2024,M,2,21,1.0001191486060566,1.013848832148773,33.27451498477967,72.9289305611594,56.73000000000002,56.73000000000002
177,2024,M,3,42,1.0001191486060566,1.0321616043911979,7.210903273478607,63.04401438737841,61.90000000000009,61.90000000000009
8050,2024,M,2,27,1.0001191486060566,1.0259960842894698,-69.26393728691232,1.7707726144924436,-22.8900000000001,-22.8900000000001
8051,2024,M,2,28,1.0001191486060566,1.0839380949029964,1.2490678349188329,0.2433957360342447,138.0,-18.58808178867116
8052,2024,M,2,27,1.0001191486060566,1.0259960842894698,-94.80733578661011,-22.46067218089297,-47.65000000000009,-47.65000000000009
8054,2024,M,2,28,1.0001191486060566,1.0839380949029964,-2.4391757912296725,-3.432995070906827,135.10000000000014,-22.390164260212032
1198,2024,M,4,50,1.5731073742905597,1.0253560601168834,7.970582967403743,24.734748467589952,-539.1999999999999,118.04094099255508
1294,2024,M,4,50,1.5731073742905597,1.0253560601168834,-21.434497945884686,-2.761999456832882,-601.8,96.20156190575676
7641,2024,M,3,50,1.5731073742905597,1.0253560601168834,-54.7150138763634,-34.521221113417596,-652.1000000000001,67.34100660655872
7642,2024,M,4,50,1.5731073742905597,1.0253560601168834,0.09658507084463963,19.259002405606452,-616.7,124.43721112413687
7643,2024,M,2,36,1.5731073742905597,0.94769532718966,-22.976160504967538,-158.82063861751453,-812.2,-45.77194692341982
4735,2024,M,4,50,1.5731073742905597,1.0253560601168834,39.244038351724384,59.5398637915016,-651.5999999999999,177.34906846155445
7644,2024,M,3,50,1.5731073742905597,1.0253560601168834,-52.001788054127246,-28.346251666222997,-763.4000000000001,92.95817890240005
2261,2024,M,4,43,1.3948709568265052,1.0321616043911979,75.08407655256792,19.403255896704195,-357.79999999999995,20.32209375198886
153,2024,M,3,49,1.0001191486060566,1.0151912758821142,0.6697321104743423,29.122933799923658,27.100000000000136,27.100000000000136
8056,2024,M,4,42,1.0001191486060566,1.0321616043911979,18.748200485738607,74.59167601552599,73.5,73.5
8057,2024,M,2,21,1.0001191486060566,1.013848832148773,8.503750399686169,49.257064782848374,32.539999999999964,32.539999999999964
166,2024,M,2,49,1.0001191486060566,1.0151912758821142,40.60345823294256,68.29645210398144,66.5,66.5
181,2024,M,3,49,1.0001191486060566,1.0151912758821142,-94.4245175230169,-63.92062862543412,-66.5,-66.5
8058,2024,M,2,49,1.0001191486060566,1.0151912758821142,35.51953032684355,63.54184149144817,61.700000000000045,61.700000000000045
8059,2024,M,2,21,1.0001191486060566,0.9829802997370838,81.88888602403517,92.03309272908973,51.899999999999864,51.899999999999864
31,2024,M,2,21,1.0001191486060566,1.013848832148773,-87.30560856337638,-43.38289714784446,-61.659999999999854,-61.659999999999854
2200,2024,M,2,42,1.0001191486060566,1.0321616043911979,-115.69399835464719,-53.97197868298326,-55.799999999999955,-55.799999999999955
8060,2024,M,2,49,1.0001191486060566,1.0151912758821142,17.841201748895855,46.460657896329394,44.5,44.5
160,2024,M,3,49,1.0001191486060566,1.0151912758821142,-0.704611257628585,28.373347268493717,26.299999999999955,26.299999999999955
156,2024,M,3,49,1.0001191486060566,1.0151912758821142,-10.87159614372581,18.43339272288108,16.299999999999955,16.299999999999955
8061,2024,M,3,49,1.0001191486060566,1.0151912758821142,-9.837782440273486,19.5336622838538,17.40000000000009,17.40000000000009
8062,2024,M,2,21,1.0001191486060566,1.013848832148773,10.161265090510597,51.946455702310004,34.81000000000017,34.81000000000017
8064,2024,M,3,49,1.0001191486060566,1.0151912758821142,17.071886971190224,46.092543125660086,44.100000000000136,44.100000000000136
6820,2024,M,4,42,1.0001191486060566,1.0321616043911979,-129.9335494196307,-66.57256558591143,-68.5,-68.5
164,2024,M,2,49,1.0001191486060566,1.0151912758821142,36.47667700476427,65.2943380929139,63.40000000000009,63.40000000000009
8065,2024,M,4,42,1.0001191486060566,1.0321616043911979,187.67995808328692,239.64027670073483,239.4000000000001,239.4000000000001
188,2024,M,3,49,1.0001191486060566,1.0151912758821142,123.10930222959792,150.5202729215032,149.10000000000014,149.10000000000014
15,2024,M,2,21,1.0001191486060566,1.013848832148773,26.753618337398848,69.13778330647324,51.799999999999955,51.799999999999955
8067,2024,M,3,49,1.0001191486060566,1.0151912758821142,37.496590742405715,66.9340659047134,65.0,65.0
8068,2024,M,2,21,1.0001191486060566,1.013848832148773,116.64038653453372,157.15946904643306,140.83000000000015,140.83000000000015
8069,2024,M,3,42,1.0001191486060566,1.0321616043911979,-128.69552704199555,-63.54038764179609,-65.5,-65.5
8071,2024,M,2,21,1.0001191486060566,1.013848832148773,-42.46429289058892,2.914296430309605,-15.839999999999918,-15.839999999999918
8073,2024,M,2,21,1.0001191486060566,1.013848832148773,-7.017606556960573,37.54263558335538,19.220000000000027,19.220000000000027
8074,2024,M,3,28,1.0001191486060566,1.0839380949029964,91.46690444989463,89.98588493683178,234.29999999999995,70.73517398994227
8075,2024,M,2,28,1.0001191486060566,1.0839380949029964,44.739078202858764,43.45251873950019,191.5,23.443954876312546
8077,2024,M,2,27,1.0001191486060566,1.0259960842894698,116.97944871674963,187.44322076428512,163.53999999999996,163.53999999999996
8079,2024,M,2,21,1.0001191486060566,1.013848832148773,-11.378547958877562,34.18755919880982,15.440000000000055,15.440000000000055
3415,2024,M,3,28,1.0001191486060566,1.0839380949029964,170.9091116179552,169.06945043957307,310.9000000000001,150.5788322386752
8081,2024,M,2,49,1.0001191486060566,1.0151912758821142,241.0800880590623,267.75898206322836,266.89999999999986,266.89999999999986
3412,2024,M,3,42,1.0001191486060566,1.0321616043911979,33.55097044991271,95.2476181686502,94.09999999999991,94.09999999999991
8084,2024,M,3,49,1.0001191486060566,1.0151912758821142,27.107140843352454,58.950179774613844,56.799999999999955,56.799999999999955
8085,2024,M,3,49,1.0001191486060566,1.0151912758821142,71.79719383519046,102.79727807065365,100.89999999999986,100.89999999999986
192,2024,M,3,49,1.0001191486060566,1.0151912758821142,162.43675996840943,191.78872970495559,190.4000000000001,190.4000000000001
182,2024,M,2,21,1.0001191486060566,1.013848832148773,59.995523041406614,105.58472198868708,87.01999999999998,87.01999999999998
8087,2024,M,2,49,1.0001191486060566,1.0151912758821142,95.56439234139089,126.59701422185276,124.79999999999995,124.79999999999995
671,2024,M,4,42,1.6644175826463798,1.0253560601168834,-8.253005340102163,-13.658270035459736,-607.0,9.865459804517286
680,2024,M,5,42,1.6644175826463798,1.0253560601168834,31.683456877299932,25.029820246042846,-577.4000000000001,49.0939529336199
2540,2024,M,2,28,1.6644175826463798,1.0050031333673184,-59.75867969005526,-56.579366222790895,-711.0,-73.59375485339683
5236,2024,M,3,28,1.6644175826463798,1.0050031333673184,-23.82745868336724,-21.805184534149248,-696.9000000000001,-38.31106996937069
743,2024,M,5,42,1.6644175826463798,1.0253560601168834,-6.232975993594437,-12.472312700430166,-687.3,14.296199340621797
5220,2024,M,5,42,1.6644175826463798,1.0253560601168834,-120.7963429129195,-123.47234521955238,-774.0999999999999,-98.17978233698568
732,2024,M,3,42,1.6644175826463798,1.0253560601168834,-17.936426256911318,-23.630152272602118,-676.9000000000001,2.229715372715191
708,2024,M,3,42,1.6644175826463798,1.0253560601168834,-81.18640093050271,-85.5007295536393,-787.2,-58.00212035595041
7689,2024,M,3,43,1.6227131381893192,0.957664301538399,-29.97861298729913,-160.0310130395144,-738.5999999999999,-84.82531653392198
7690,2024,M,5,57,1.6227131381893192,1.0151912758821142,-24.026741697446596,-66.52188321016524,-651.9000000000001,21.96613912880548
7691,2024,M,5,57,1.6227131381893192,1.0151912758821142,-40.643076196666016,-82.99397319036802,-671.2,5.811446884312545
3,2023,M,4,50,0.9978879881828867,1.0224771219587239,-23.716332083066163,-3.694846568326966,15.100000000000136,15.100000000000136
5,2023,M,3,28,0.9982291205447378,0.9832767564651493,-56.379404889517446,-115.19394409841425,-82.03999999999996,-82.03999999999996
312,2024,M,3,21,1.6227131381893192,0.983073465423635,8.391051991774248,-34.81591368119621,-634.6999999999999,-0.11811283793349503
310,2024,M,6,57,1.6227131381893192,1.0151912758821142,17.49428566774236,-23.782265370705545,-580.5999999999999,60.657642398244434
327,2024,M,5,57,1.6227131381893192,1.0151912758821142,3.375532189857722,-40.41331626750298,-635.5,49.72776102114699
346,2024,M,4,43,1.6227131381893192,0.957664301538399,-98.27485167867462,-266.4905176014088,-1007.0000000000002,-171.0542265312979
7694,2024,M,3,50,1.5707896584800602,1.0253560601168834,-95.5849249954615,-47.04887635225464,-648.2,21.493792106194405
2731,2024,M,2,36,1.5707896584800602,1.0076752831681022,-0.4923065469206449,55.679021333059154,-666.72,98.55263390108803
7698,2024,M,3,36,1.5707896584800602,1.0076752831681022,-171.24995095108147,-108.52161386541047,-850.9300000000003,-68.71121819169161
7699,2024,M,2,36,1.5707896584800602,1.0076752831681022,328.94313703497596,383.43608445956284,-441.5,440.5983505342017
4354,2024,M,2,36,1.5707896584800602,1.0076752831681022,-6.104704672670323,59.93031981721015,-787.2399999999998,110.07136967818406
7700,2024,M,2,22,1.5707896584800602,0.9456467721094698,-169.47149249725226,-221.82556795319988,-1110.6,-206.22773536047407
1615,2024,M,4,36,1.5707896584800602,1.0076752831681022,-141.7353543260365,-69.49214828861068,-945.4200000000001,-21.020469651940402
7701,2024,M,3,36,1.5707896584800602,1.0076752831681022,90.9013375454897,156.8381850311207,-725.6199999999999,211.48914127847547
7702,2024,M,2,36,1.5707896584800602,1.0076752831681022,-124.5064220080144,-51.263778875860226,-946.5399999999997,-1.2145445846899747
7703,2024,M,3,36,1.5707896584800602,1.0076752831681022,129.03659004521705,195.92053526387826,-713.0899999999999,253.0971905283659
93,2024,M,4,57,0.9736562922626373,0.992562623192748,-8.453455072889938,-2.4682080590962414,22.0,22.0
7718,2024,M,4,57,0.9736562922626373,0.992562623192748,-47.28628852845304,-41.40016444527282,-17.0,-17.0
90,2024,M,4,57,0.9736562922626373,0.992562623192748,37.03235823187424,43.39344531580764,69.0,69.0
7719,2024,M,4,57,0.9736562922626373,0.992562623192748,43.552062273465026,50.07798861831475,76.29999999999995,76.29999999999995
99,2024,M,3,57,0.9736562922626373,0.992562623192748,-4.613697764812969,1.8036848592357728,28.0,28.0
2970,2024,M,3,57,0.9736562922626373,0.992562623192748,38.933324629791514,45.57327640152448,72.30000000000018,72.30000000000018
106,2024,M,4,57,0.9736562922626373,0.992562623192748,46.6336994120104,53.5034141327269,81.09999999999991,81.09999999999991
7720,2024,M,4,57,0.9736562922626373,0.992562623192748,55.65750155882711,62.656114191591314,90.70000000000005,90.70000000000005
108,2024,M,4,57,0.9736562922626373,0.992562623192748,43.535887213792876,51.10912921186264,81.60000000000014,81.60000000000014
1584,2024,M,5,50,1.5707896584800602,1.0253560601168834,-163.6774664957893,-110.36050031774766,-748.5999999999999,-37.8888271638275
7717,2024,M,4,57,0.9736562922626373,0.992562623192748,-11.819662117890402,-5.8271092031611715,18.700000000000045,18.700000000000045
7697,2024,M,5,36,1.5707896584800602,1.0076752831681022,-84.20463329078507,-25.400153239810606,-750.1300000000001,15.527773626251928
1589,2024,M,4,36,1.5707896584800602,1.0076752831681022,22.66246800760632,82.90835425205432,-700.6300000000001,129.9880072705987
7693,2024,M,4,36,1.5707896584800602,1.0076752831681022,-47.20727290262175,1.482283193850435,-607.0699999999999,36.43429079503494
1520,2024,M,2,15,1.5707896584800602,0.9625423563450438,83.19629720185253,69.52742026884675,-566.4000000000001,96.74641677840441
1557,2024,M,4,50,1.5707896584800602,1.0253560601168834,-44.65541570775099,5.243118512061756,-633.0,78.2888824239185
2751,2024,M,4,36,1.5707896584800602,1.0076752831681022,-62.095353784382496,4.005079904910872,-822.9100000000001,51.54974598511308
1608,2024,M,3,36,1.5707896584800602,1.0076752831681022,-60.94171703944903,9.098298639936274,-868.9300000000001,59.70606732486476
7696,2024,M,5,36,1.5707896584800602,1.0076752831681022,-0.021072568397357827,56.06964786575327,-665.47,98.90397454237154
7722,2024,M,3,34,1.553783784833944,0.9625428105411482,-0.4340913468479357,50.09846277412612,-614.7,89.26528754668334
7723,2024,M,2,56,1.553783784833944,1.0048666813813316,-45.77803687408823,-88.27271734879037,-594.0,-27.684183363270904
1525,2024,M,3,56,1.553783784833944,1.0048666813813316,-31.506192184320298,-74.58533273649778,-594.0,-12.26634371478599
1546,2024,M,3,56,1.553783784833944,1.0048666813813316,-36.158655489131206,-79.71953187782628,-603.0,-16.962544437468978
2070,2024,M,4,56,1.553783784833944,1.0048666813813316,-10.572150826978714,-53.68692629421912,-583.0,9.94550807499445
530,2023,M,2,14,0.9575326442862653,1.6271325644226537,13.768486365904664,64.75759031712573,739.9000000000001,73.92922523705874
7726,2024,M,3,56,1.553783784833944,1.0048666813813316,-87.92022114426891,-134.96355430521544,-678.0,-70.13173783216575
1554,2024,M,3,56,1.553783784833944,1.0048666813813316,-198.9115056741441,-249.7007756559833,-789.0,-185.9672777325136
2497,2024,M,3,56,1.553783784833944,1.0048666813813316,1.065851970431595,-43.49656963383018,-596.0,22.99445632254651
7727,2024,M,2,56,1.553783784833944,1.0048666813813316,-5.596344697142058,-50.707591463816016,-607.0,16.200444181251214
7729,2024,M,3,56,1.553783784833944,1.0048666813813316,3.633390486337703,-41.3329605747017,-600.0,25.914759476930385
5932,2024,M,2,56,1.553783784833944,1.0048666813813316,57.4580178023823,13.349975545951565,-559.0,82.55875170906529
7730,2024,M,2,56,1.553783784833944,1.0048666813813316,92.19017817218173,48.30309612436213,-537.0,119.27353546438303
7731,2024,M,2,56,1.553783784833944,1.0048666813813316,-12.400036167309736,-60.145799580119956,-646.0,10.279757643720131
7732,2024,M,3,56,1.553783784833944,1.0048666813813316,40.968641570806085,-5.974836934091627,-606.0,66.46783799918262
7733,2024,M,2,56,1.553783784833944,1.0048666813813316,-37.123168950675336,-87.36718010571644,-693.0,-14.706063555672927
7734,2024,M,3,56,1.553783784833944,1.0048666813813316,8.188799237008425,-40.624205215852044,-649.0,32.63177531906558
1592,2024,M,3,56,1.553783784833944,1.0048666813813316,-20.394529369906877,-70.65134783090912,-684.0,3.036001484958888
2600,2024,M,2,56,1.553783784833944,1.0048666813813316,-234.67448288193918,-293.6349633550585,-918.0,-219.87416885258472
7736,2024,M,3,56,1.553783784833944,1.0048666813813316,126.75009256169847,77.93700552675045,-584.0,158.33104818946708
7737,2024,M,2,56,1.553783784833944,1.0048666813813316,-39.4158919186259,-93.8983753670093,-751.0,-15.057223766757033
7740,2024,M,2,56,1.553783784833944,1.0048666813813316,-91.4030318521909,-151.82369997502792,-859.0,-67.26067561051377
7741,2024,M,2,56,1.553783784833944,1.0048666813813316,181.23029357748464,127.87056152632067,-615.0,218.32200909188668
7742,2024,M,2,56,1.553783784833944,1.0048666813813316,-337.09497896423454,-407.9207633570627,-1133.0,-322.6391729981592
7744,2024,M,3,56,1.553783784833944,1.0048666813813316,34.10824876633524,-26.447725716436253,-792.0,65.8733531722055
7725,2024,M,3,21,1.553783784833944,0.9717474068984722,13.306035247658428,-32.80318700948328,-623.0,-7.945039832170096
556,2023,M,3,29,0.9575326442862653,0.9474131512266276,281.8251040478781,235.63721293995945,274.6999999999998,274.6999999999998
2568,2023,M,2,28,1.6271325644226537,0.9490501297644769,-85.7336600646995,-165.993568626762,-880.7,-170.63072670576798
2585,2023,M,3,28,1.6271325644226537,0.9490501297644769,61.95891943940046,-15.536498954846593,-750.8,-17.622343195921076
550,2023,M,4,42,0.9575326442862653,0.9490501297644769,72.4352630505723,50.445950846654114,58.5,58.5
551,2023,M,4,42,0.9575326442862653,0.9490501297644769,31.95493158514273,8.455248396693833,15.800000000000182,15.800000000000182
548,2023,M,3,29,0.9575326442862653,0.9474131512266276,-67.29668119750522,-127.6176853775712,-92.20000000000005,-92.20000000000005
2596,2023,M,2,28,1.6271325644226537,0.9490501297644769,-5.102012651429732,-88.6013034096884,-858.4000000000001,-92.03613687761367
2617,2023,M,2,28,1.6271325644226537,0.9490501297644769,-27.591753636198973,-122.892767112623,-994.6999999999998,-127.17276906784036
513,2023,M,4,42,0.9575326442862653,0.9490501297644769,-129.35647956534922,-155.07378347341887,-151.5999999999999,-151.5999999999999
2604,2023,M,2,15,1.6271325644226537,0.9474131512266276,-61.489675616003524,-184.05030279843913,-942.6999999999998,-157.33591043618412
517,2023,M,4,42,0.9575326442862653,0.9490501297644769,-24.71337501688845,-46.91382145494208,-41.5,-41.5
2554,2023,M,3,28,1.6271325644226537,0.9490501297644769,15.830924160574341,-56.78760670081715,-732.5999999999999,-59.43995036732849
534,2023,M,4,42,0.9575326442862653,0.9490501297644769,1.1896015617373905,-21.041753584038588,-14.900000000000091,-14.900000000000091
504,2023,M,4,42,0.9575326442862653,0.9490501297644769,-23.896244556437978,-44.08327084277448,-39.200000000000045,-39.200000000000045
507,2023,M,4,42,0.9575326442862653,0.9490501297644769,9.123858893636907,-10.976595530640907,-5.199999999999818,-5.199999999999818
7694,2023,M,2,21,0.9798361238155985,1.0302154563585435,-60.7175223683098,-13.221569255689928,25.809999999999945,25.809999999999945
1520,2023,M,2,35,0.9798361238155985,1.0102464666879931,-129.14639833373826,-121.68239525030071,-81.59999999999991,-81.59999999999991
1584,2023,M,2,21,0.9798361238155985,1.0302154563585435,47.10732678976683,94.98663326054589,138.1500000000001,138.1500000000001
539,2023,M,2,14,0.9575326442862653,1.6271325644226537,27.421785767696292,80.03195126351466,772.9000000000001,89.72631751306176
561,2023,M,4,42,0.9575326442862653,0.9490501297644769,142.36642127897744,119.72426980255977,129.9000000000001,129.9000000000001
1625,2024,M,5,35,0.9655227461563045,1.0321616043911979,-78.50650658276004,35.82607064931608,30.5,30.5
5,2024,M,2,7,1.0470665166849034,1.0321616043911979,16.99646804337067,-4.994868100623535,-6.7000000000000455,-6.7000000000000455
2260,2024,M,3,21,0.978050079861193,1.0321616043911979,-38.281891511123376,34.0848711601343,52.700000000000045,52.700000000000045
2066,2024,M,4,28,0.9655227461563045,1.0470665166849034,-41.627767810624846,98.84425680504614,95.29999999999995,95.29999999999995
2994,2024,M,3,21,0.978050079861193,1.0321616043911979,-19.509705380541163,53.84210860823487,73.0,73.0
2265,2024,M,2,14,0.9813140218290621,1.0470665166849034,203.90666338245137,247.1811871167872,318.29999999999995,272.3987419954665
19502,2024,M,3,21,0.978050079861193,1.0321616043911979,-14.915202769625239,60.1253882227345,79.79999999999995,79.79999999999995
2783,2024,M,4,29,0.9350640738471723,1.0321616043911979,9.143680073960695,157.3169541117809,183.4000000000001,183.4000000000001
19362,2024,M,3,22,0.9350640738471723,1.0470665166849034,16.745939798493282,190.5739581659111,219.20000000000005,219.20000000000005
1631,2024,M,5,35,0.9655227461563045,1.0321616043911979,-36.18581044525695,87.79347826586218,82.20000000000005,82.20000000000005
2269,2024,M,4,21,0.9813140218290621,1.0321616043911979,8.421755648942735,33.77675680385619,94.70000000000005,53.71873351465547
1632,2024,M,5,35,0.9655227461563045,1.0321616043911979,53.534651542082656,175.67911012665104,170.5,170.5
2784,2024,M,2,7,1.0167079198234956,1.0470665166849034,27.754198245548878,83.57751806939723,78.39999999999986,78.39999999999986
1636,2024,M,2,7,1.0470665166849034,1.0321616043911979,16.64583748275186,-6.956563478633143,-8.799999999999955,-8.799999999999955
1663,2024,M,4,21,0.9813140218290621,1.0321616043911979,15.780911753868168,42.25228165760609,106.5,63.30718682893166
18,2024,M,3,21,0.978050079861193,1.0321616043911979,117.08828256925358,192.77434506704526,214.5999999999999,214.5999999999999
11370,2024,M,4,35,0.9655227461563045,1.0321616043911979,43.998780267531174,171.23893312802625,165.79999999999995,165.79999999999995
2275,2024,M,3,21,0.9813140218290621,1.0321616043911979,46.16600880115561,72.28844029978018,138.5,94.0941021489989
505,2023,M,3,42,0.9575326442862653,0.9490501297644769,1.651215514057185,-17.924996664416312,-12.5,-12.5
516,2023,M,4,42,0.9575326442862653,0.9490501297644769,59.175022191221615,39.982838384913066,46.899999999999864,46.899999999999864
1,2023,M,5,50,0.9978879881828867,1.0224771219587239,33.62327859744437,58.203856381038804,83.09999999999991,83.09999999999991
6,2023,M,4,50,0.9978879881828867,1.0224771219587239,-45.17424442860829,-23.844733676715123,-4.399999999999864,-4.399999999999864
8,2023,M,4,43,0.9874308639618954,1.0224771219587239,2.8653559537444835,35.66736343505636,58.600000000000136,48.63425415055849
9,2023,M,4,28,0.9978879881828867,1.0072571435606,2.844880761534341,-2.712398868468199,18.40000000000009,18.40000000000009
12,2023,M,4,50,0.9978879881828867,1.0224771219587239,-48.993317288984144,-26.381600900357398,-5.7999999999999545,-5.7999999999999545
13,2023,M,2,22,1.0072571435606,0.9832767564651493,-36.156036958353525,-74.00217814463122,-78.17000000000007,-78.17000000000007
14,2023,M,4,50,0.9978879881828867,1.0224771219587239,-38.7183411521828,-16.44785410281088,4.099999999999909,4.099999999999909
15,2023,M,2,28,0.9978879881828867,1.0072571435606,47.912446133887215,41.54977517335806,64.10000000000014,64.10000000000014
16,2023,M,4,50,0.9978879881828867,1.0224771219587239,74.8419581677042,94.80276914058027,116.40000000000009,116.40000000000009
17,2023,M,4,50,0.9978879881828867,1.0224771219587239,-19.470561089972534,2.1377285377107,22.59999999999991,22.59999999999991
18,2023,M,4,28,0.9982291205447378,0.9832767564651493,128.19358777551065,61.26451767639196,101.31999999999994,101.31999999999994
19,2023,M,4,50,0.9978879881828867,1.0224771219587239,21.342842205149736,42.647890581484944,64.0,64.0
20,2023,M,3,28,0.9978879881828867,1.0072571435606,203.37686546019927,194.7491427119478,220.30000000000018,220.30000000000018
21,2023,M,2,22,1.0072571435606,1.0224771219587239,42.21232749129467,68.86628259837698,67.69999999999982,67.69999999999982
22,2023,M,3,28,0.9982291205447378,0.9832767564651493,-89.17399760147373,-155.4964789555463,-118.42000000000007,-118.42000000000007
23,2023,M,2,21,0.9874308639618954,1.0072571435606,80.92711682143977,89.50349079552461,118.40000000000009,106.56403155887324
24,2023,M,3,14,0.9982291205447378,1.0301316886957128,123.56060325476096,135.86373949091217,180.5999999999999,180.5999999999999
25,2023,M,2,28,0.9978879881828867,1.0072571435606,-38.128372643651346,-43.71585036918191,-21.0,-21.0
26,2023,M,2,22,1.0072571435606,0.9832767564651493,-146.70947009966608,-188.84957965946,-193.94000000000005,-193.94000000000005
27,2023,M,2,21,0.9874308639618954,1.0072571435606,-87.53608970072855,-77.9487130923219,-51.799999999999955,-62.71830439368455
28,2023,M,4,50,0.9978879881828867,1.0224771219587239,22.517556534960477,43.97017814084211,65.5,65.5
30,2023,M,2,22,1.0072571435606,1.0224771219587239,1.636422299376136,30.37293715149349,29.0,29.0
31,2023,M,2,28,0.9978879881828867,1.0072571435606,-42.792673716776335,-48.34284785178647,-25.59999999999991,-25.59999999999991
32,2023,M,2,8,1.0072571435606,1.0301316886957128,31.26102124283875,71.93729985592677,71.5,71.5
33,2023,M,4,28,0.9982291205447378,0.9832767564651493,-6.334310669345996,-72.75569271020368,-34.61999999999989,-34.61999999999989
34,2023,M,2,22,1.0072571435606,0.9832767564651493,26.657275515690344,-14.098828752453983,-18.309999999999945,-18.309999999999945
35,2023,M,4,50,0.9978879881828867,1.0224771219587239,-3.5585250605445253,19.68473088350038,42.200000000000045,42.200000000000045
37,2023,M,2,28,0.9978879881828867,1.0072571435606,65.35873815213813,58.18426730444821,83.20000000000005,83.20000000000005
38,2023,M,4,50,0.9978879881828867,1.0224771219587239,122.87247600757632,143.73288516907724,167.60000000000014,167.60000000000014
39,2023,M,4,28,0.9982291205447378,0.9832767564651493,-18.662450220879464,-88.81046965031874,-48.680000000000064,-48.680000000000064
40,2023,M,2,22,1.0072571435606,0.9832767564651493,1.7521814453489242,-40.775650900938444,-45.27999999999997,-45.27999999999997
42,2023,M,2,22,1.0072571435606,0.9832767564651493,-64.92888445491917,-108.59335843234612,-113.50000000000023,-113.50000000000023
43,2023,M,3,50,0.9978879881828867,1.0224771219587239,49.08894518713373,72.44573860647779,96.59999999999991,96.59999999999991
44,2023,M,3,28,0.9978879881828867,1.0072571435606,-20.827346298028715,-27.06336335770925,-2.5,-2.5
45,2023,M,2,28,0.9978879881828867,1.0072571435606,234.60996845569844,224.84608575844504,253.60000000000014,253.60000000000014
49,2023,M,2,22,1.0072571435606,0.9832767564651493,-30.772866704920034,-75.59485685501454,-80.47999999999979,-80.47999999999979
50,2023,M,3,43,0.9874308639618954,1.0224771219587239,187.584634122863,231.42567504165436,266.0999999999999,251.34024003746936
53,2023,M,2,22,1.0072571435606,0.9832767564651493,24.190498364068844,-21.41403999786189,-26.15000000000009,-26.15000000000009
54,2023,M,3,28,0.9978879881828867,1.0072571435606,97.83006985339489,89.48155484943345,117.79999999999973,117.79999999999973
55,2023,M,2,22,1.0072571435606,0.9832767564651493,-41.260846815100194,-89.04617019065654,-94.28999999999996,-94.28999999999996
56,2023,M,2,28,0.9978879881828867,1.0072571435606,-140.60656563097564,-145.85906221880668,-120.70000000000005,-120.70000000000005
57,2023,M,2,22,1.0072571435606,0.9832767564651493,42.79772600902379,-4.89148783648443,-9.769999999999982,-9.769999999999982
58,2023,M,3,50,0.9978879881828867,1.0224771219587239,-85.7790185225931,-55.13248500419513,-27.800000000000182,-27.800000000000182
61,2023,M,2,22,1.0072571435606,1.0224771219587239,275.8041965190996,312.21899412988296,311.1999999999998,311.1999999999998
89,2023,M,3,50,0.9593773227546725,1.1641117222307442,-39.679262472245455,-109.17232127277725,239.3599999999999,-99.61421943653477
90,2023,M,3,50,0.9593773227546725,1.1641117222307442,-128.5884982272355,-204.4945904958554,163.01999999999998,-195.6777239336402
91,2023,M,3,50,0.9593773227546725,1.1641117222307442,-26.595786394269908,-96.42354688248179,255.83999999999992,-86.56663490428286
93,2023,M,3,50,0.9593773227546725,1.1641117222307442,-0.9230181690770678,-70.0800547335773,282.73,-59.83382510213005
94,2023,M,3,50,0.9593773227546725,1.1641117222307442,-19.057692829650705,-91.8867703171295,276.8599999999999,-81.44088310628786
95,2023,M,3,50,0.9593773227546725,1.1641117222307442,-20.576315278596212,-93.7376436838365,276.47,-83.27136377180682
96,2023,M,3,50,0.9593773227546725,1.1641117222307442,-11.4598278571641,-84.39303669367655,286.05999999999995,-73.78701619986828
98,2023,M,3,50,0.9593773227546725,1.1641117222307442,50.658875535810694,-18.956844765592678,344.1700000000001,-7.660316109654332
99,2023,M,2,43,0.9593773227546725,0.9965837069646781,-25.416029466413647,22.082994729646998,38.700000000000045,38.700000000000045
100,2023,M,3,50,0.9593773227546725,1.1641117222307442,19.958728022270407,-53.818453226904694,325.79999999999995,-42.488902890816235
102,2023,M,3,50,0.9593773227546725,1.1641117222307442,85.86657600220383,16.29269142989915,384.6500000000001,28.25343748730529
103,2023,M,3,50,0.9593773227546725,1.1641117222307442,-5.586106456529478,-81.9962402994704,307.1099999999999,-70.76235118252475
105,2023,M,3,50,0.9593773227546725,1.1641117222307442,-93.47747190647169,-178.22447694662878,239.83999999999992,-167.42691817997456
106,2023,M,2,43,0.9593773227546725,0.9965837069646781,19.903468420635818,71.05365882356841,89.20000000000005,89.20000000000005
115,2023,M,3,50,0.9978879881828867,1.0224771219587239,-9.742820299518144,9.93443825379245,28.799999999999955,28.799999999999955
116,2023,M,3,50,0.9978879881828867,1.0224771219587239,-0.4124725137610312,19.314841478024164,38.5,38.5
117,2023,M,3,50,0.9978879881828867,1.0224771219587239,-3.877221197142944,16.085932044509036,35.40000000000009,35.40000000000009
119,2023,M,2,15,0.9978879881828867,1.0132596553006294,9.252054374105683,27.95797653693944,34.0,34.0
120,2023,M,3,50,0.9978879881828867,1.0224771219587239,-0.6393135801088192,19.35834670391,38.80000000000018,38.80000000000018
121,2023,M,2,50,0.9978879881828867,1.0224771219587239,9.75798718996134,29.502665951037443,49.0,49.0
123,2023,M,3,50,0.9978879881828867,0.9832767564651493,-13.930613682371586,-55.68929119842437,-38.75,-38.75
124,2023,M,3,50,0.9978879881828867,1.0224771219587239,2.3586471755847924,22.465271637492833,42.100000000000136,42.100000000000136
125,2023,M,3,50,0.9978879881828867,1.0224771219587239,29.934995858276352,49.394439327973714,69.19999999999982,69.19999999999982
126,2023,M,2,50,0.9978879881828867,0.9832767564651493,-2.085759275706323,-43.92128095277144,-26.830000000000155,-26.830000000000155
127,2023,M,3,50,0.9978879881828867,0.9832767564651493,33.93842225095386,-7.593924509518729,9.740000000000009,9.740000000000009
128,2023,M,3,50,0.9978879881828867,0.9832767564651493,-83.60887738809379,-126.59023049436473,-109.8599999999999,-109.8599999999999
129,2023,M,2,22,0.9978879881828867,0.9525691812401954,13.461425112988309,-5.159828284248533,-65.39999999999986,-65.39999999999986
130,2023,M,3,50,0.9978879881828867,0.9832767564651493,-25.554361468581874,-67.88489985427532,-50.82999999999993,-50.82999999999993
131,2023,M,4,50,0.9978879881828867,0.9832767564651493,27.013194310595964,-14.78023203794578,2.589999999999918,2.589999999999918
132,2023,M,2,50,0.9978879881828867,0.9832767564651493,0.48197952483951667,-41.69853030809463,-24.440000000000055,-24.440000000000055
133,2023,M,4,50,0.9978879881828867,1.0224771219587239,-7.960804823571607,12.763649418403475,32.700000000000045,32.700000000000045
134,2023,M,4,50,0.9978879881828867,0.9832767564651493,-37.52462668738144,-80.32542082892974,-63.19999999999982,-63.19999999999982
135,2023,M,2,15,0.9978879881828867,1.0132596553006294,-16.11106960477491,3.7913572398476845,9.700000000000045,9.700000000000045
138,2023,M,3,50,0.9978879881828867,0.9832767564651493,-23.594673878493268,-66.3476341370033,-49.09999999999991,-49.09999999999991
139,2023,M,2,50,0.9978879881828867,1.0224771219587239,-68.83180713929733,-46.31412547555806,-26.40000000000009,-26.40000000000009
140,2023,M,3,50,0.9978879881828867,1.0224771219587239,21.051714235059762,41.34292912412343,61.700000000000045,61.700000000000045
141,2023,M,3,50,0.9978879881828867,1.0224771219587239,-110.4486793023425,-86.75259832889151,-66.89999999999986,-66.89999999999986
142,2023,M,3,50,0.9978879881828867,1.0224771219587239,-41.7578880137371,-19.828082155902848,0.2999999999999545,0.2999999999999545
143,2023,M,2,50,0.9978879881828867,0.9832767564651493,-156.3527059916605,-201.2559960822639,-184.48000000000002,-184.48000000000002
145,2023,M,4,50,0.9978879881828867,1.0224771219587239,-13.67789293175656,7.848878359877517,28.40000000000009,28.40000000000009
146,2023,M,2,15,0.9978879881828867,1.0132596553006294,40.91906102195662,60.004798569796094,66.79999999999995,66.79999999999995
148,2023,M,2,22,0.9978879881828867,0.9525691812401954,-75.72529401988459,-95.07545763375015,-163.10000000000014,-163.10000000000014
149,2023,M,2,50,0.9978879881828867,1.0224771219587239,19.841928853288437,40.76407648991153,61.700000000000045,61.700000000000045
150,2023,M,3,50,0.9978879881828867,1.0224771219587239,-83.16823668212919,-59.55956613151079,-39.0,-39.0
151,2023,M,3,50,0.9978879881828867,1.0224771219587239,-93.43502485069325,-69.28667103684256,-48.5,-48.5
153,2023,M,3,50,0.9978879881828867,1.0224771219587239,-9.682880645048726,12.345126673589903,33.5,33.5
155,2023,M,2,50,0.9978879881828867,1.0224771219587239,-1.327669591465792,20.600097399245897,41.899999999999864,41.899999999999864
156,2023,M,2,15,0.9978879881828867,1.0132596553006294,-7.1719496073405935,13.782829804708399,20.199999999999818,20.199999999999818
157,2023,M,2,50,0.9978879881828867,0.9832767564651493,-0.08551898204791542,-45.52637452686372,-26.940000000000055,-26.940000000000055
158,2023,M,3,50,0.9978879881828867,1.0224771219587239,3.1646642331245403,25.182258758949956,46.700000000000045,46.700000000000045
159,2023,M,2,50,0.9978879881828867,1.0224771219587239,-42.7308317122197,-19.482715252475145,1.8999999999998636,1.8999999999998636
160,2023,M,3,50,0.9978879881828867,1.0224771219587239,21.753049896089806,43.35097527649896,65.0,65.0
161,2023,M,3,50,0.9978879881828867,1.0224771219587239,64.05163687127265,84.57176128585047,106.40000000000009,106.40000000000009
162,2023,M,3,50,0.9978879881828867,0.9832767564651493,-40.42801516214104,-86.89584300976958,-68.29999999999995,-68.29999999999995
164,2023,M,2,15,0.9978879881828867,1.0132596553006294,0.4697762506618801,21.656997226701606,28.300000000000182,28.300000000000182
165,2023,M,4,50,0.9978879881828867,0.9832767564651493,-136.42046450480075,-184.27678011464627,-166.08999999999992,-166.08999999999992
166,2023,M,2,50,0.9978879881828867,1.0224771219587239,12.113474831303847,34.27874372131873,56.200000000000045,56.200000000000045
168,2023,M,2,50,0.9978879881828867,0.9832767564651493,-55.074567449456026,-102.27743090221452,-83.52999999999997,-83.52999999999997
170,2023,M,4,50,0.9978879881828867,0.9832767564651493,-37.80664722737697,-84.8803533872915,-66.00999999999999,-66.00999999999999
172,2023,M,2,50,0.9978879881828867,1.0224771219587239,-147.24666346282288,-120.7295063804113,-99.20000000000005,-99.20000000000005
176,2023,M,2,50,0.9978879881828867,1.0224771219587239,9.013646748402834,31.781931258293298,54.200000000000045,54.200000000000045
177,2023,M,3,50,0.9978879881828867,0.9832767564651493,-4.507827410296159,-52.42378719492467,-32.86999999999989,-32.86999999999989
178,2023,M,3,50,0.9978879881828867,0.9832767564651493,103.24042975243037,56.53450371801864,76.69000000000005,76.69000000000005
179,2023,M,4,50,0.9978879881828867,0.9832767564651493,-94.59007518420458,-143.60745593203933,-124.51999999999998,-124.51999999999998
181,2023,M,3,50,0.9978879881828867,1.0224771219587239,134.7389649062211,154.88426112804473,178.4000000000001,178.4000000000001
183,2023,M,2,50,0.9978879881828867,1.0224771219587239,55.35437097851991,77.62287579799067,100.90000000000009,100.90000000000009
184,2023,M,2,50,0.9978879881828867,1.0224771219587239,223.65410525292577,241.57115878074796,265.5,265.5
187,2023,M,2,50,0.9978879881828867,1.0224771219587239,104.10766961703507,125.32771254757154,149.0,149.0
188,2023,M,3,50,0.9978879881828867,1.0224771219587239,152.021477373195,172.07338208600663,196.0,196.0
189,2023,M,2,50,0.9978879881828867,1.0224771219587239,104.74123281128323,126.03630529782959,149.80000000000018,149.80000000000018
190,2023,M,3,15,0.9978879881828867,1.0132596553006294,87.65047948805773,108.20800470177687,116.40000000000009,116.40000000000009
191,2023,M,3,50,0.9978879881828867,1.0224771219587239,13.279114277581357,37.015758223084276,60.5,60.5
192,2023,M,3,50,0.9978879881828867,1.0224771219587239,-40.283527818737866,-15.068153957872937,8.300000000000182,8.300000000000182
194,2023,M,2,15,0.9978879881828867,1.0132596553006294,150.15682375354777,169.75608795075414,178.9000000000001,178.9000000000001
195,2023,M,2,50,0.9978879881828867,1.0224771219587239,125.52924361033206,147.13268688503535,171.79999999999995,171.79999999999995
197,2023,M,3,50,0.9978879881828867,1.0224771219587239,-79.00225325397196,-51.88996902881286,-27.799999999999727,-27.799999999999727
201,2023,M,2,15,0.9978879881828867,1.0132596553006294,-2.672954732886865,21.4125177345652,28.90000000000009,28.90000000000009
202,2023,M,4,50,0.9978879881828867,1.0224771219587239,72.60527272751051,96.11457877917064,121.10000000000014,121.10000000000014
203,2023,M,2,50,0.9978879881828867,0.9832767564651493,387.09127891777484,338.91335154690296,362.5600000000002,362.5600000000002
205,2023,M,3,50,0.9978879881828867,1.0224771219587239,68.70364869102286,92.87935935414589,118.40000000000009,118.40000000000009
207,2023,M,2,50,0.9978879881828867,0.9832767564651493,37.40980316824607,-15.928322690961977,6.269999999999982,6.269999999999982
208,2023,M,2,15,0.9978879881828867,1.0132596553006294,142.21716706305028,163.49085846440948,173.00000000000023,173.00000000000023
209,2023,M,3,50,0.9978879881828867,1.0224771219587239,46.71115072194607,71.9161947229095,97.79999999999973,97.79999999999973
210,2023,M,3,50,0.9978879881828867,1.0224771219587239,140.19403997984227,163.0186138544086,189.29999999999995,189.29999999999995
211,2023,M,2,50,0.9978879881828867,0.9832767564651493,-192.11552878049952,-249.27550964914008,-227.8499999999999,-227.8499999999999
217,2023,M,2,50,0.9978879881828867,1.0224771219587239,107.63249768925289,132.538489424634,159.9000000000001,159.9000000000001
220,2023,M,2,15,0.9978879881828867,1.0132596553006294,77.43275444805795,102.34821288948933,111.69999999999982,111.69999999999982
221,2023,M,4,50,0.9978879881828867,1.0224771219587239,238.98962798608136,261.3256844940438,290.0,290.0
224,2023,M,2,15,0.9978879881828867,1.0132596553006294,71.49578462545514,97.59614039876851,107.19999999999982,107.19999999999982
225,2023,M,3,50,0.9978879881828867,1.0224771219587239,142.9002905479465,168.9761438335513,198.5,198.5
228,2023,M,3,50,0.9978879881828867,1.0224771219587239,228.17475637398547,255.0867318824271,287.9000000000001,287.9000000000001
310,2023,M,4,50,0.997313276960555,1.0224771219587239,1.8039247071503723,20.873969864142055,41.700000000000045,41.700000000000045
311,2023,M,2,50,0.997313276960555,1.0224771219587239,4.735628045162684,24.176364840881206,45.5,45.5
312,2023,M,2,7,0.997313276960555,1.0125819649639913,-4.1622400122048475,15.582143609326977,21.100000000000136,21.100000000000136
313,2023,M,3,50,0.997313276960555,1.0224771219587239,-0.02666664890307402,20.139199338248545,42.100000000000136,42.100000000000136
314,2023,M,2,50,0.997313276960555,1.0224771219587239,15.310234408087581,35.22328482490343,57.40000000000009,57.40000000000009
315,2023,M,2,50,0.997313276960555,1.0224771219587239,1.6785756875390234,21.959392660653066,44.100000000000136,44.100000000000136
316,2023,M,2,15,0.997313276960555,1.0132596553006294,-15.579609258951677,4.202345353306555,12.0,12.0
317,2023,M,2,8,0.997313276960555,0.9968819346165931,-110.40080794386517,-118.63253506841966,-111.5,-111.5
318,2023,M,2,15,0.997313276960555,1.0132596553006294,-20.375151181096726,-0.16573261847111098,7.7000000000000455,7.7000000000000455
319,2023,M,2,50,0.997313276960555,1.0224771219587239,5.900829464303797,26.58494284005087,49.299999999999955,49.299999999999955
320,2023,M,3,50,0.997313276960555,1.0224771219587239,9.223496452084873,30.037289493981916,53.0,53.0
324,2023,M,2,50,0.997313276960555,1.0224771219587239,-14.365470753300997,7.953563641369783,31.799999999999955,31.799999999999955
325,2023,M,2,50,0.997313276960555,1.0224771219587239,-35.18466594155848,-12.297891655047351,11.5,11.5
327,2023,M,2,50,0.997313276960555,1.0224771219587239,71.22978283695647,91.52067897661118,115.90000000000009,115.90000000000009
330,2023,M,3,50,0.997313276960555,1.0224771219587239,56.61221293725953,77.47072240499551,102.0,102.0
331,2023,M,2,50,0.997313276960555,1.0224771219587239,217.36733991737265,234.10716520402434,259.29999999999995,259.29999999999995
332,2023,M,2,15,0.997313276960555,1.0132596553006294,11.127523821468003,32.1074154278615,41.0,41.0
333,2023,M,2,50,0.997313276960555,1.0224771219587239,-48.84410392886889,-25.049284707278275,-0.7000000000000455,-0.7000000000000455
334,2023,M,2,8,0.997313276960555,0.9968819346165931,-186.48477358972195,-195.00313913070977,-187.89999999999986,-187.89999999999986
335,2023,M,2,50,0.997313276960555,1.0224771219587239,92.0655696271524,112.35495284335434,137.39999999999986,137.39999999999986
339,2023,M,2,50,0.997313276960555,1.0224771219587239,34.653508078101595,56.88203963534329,82.20000000000005,82.20000000000005
340,2023,M,2,15,0.997313276960555,1.0132596553006294,14.061857539043785,35.678883744488985,44.90000000000009,44.90000000000009
342,2023,M,2,50,0.997313276960555,1.0224771219587239,162.48400537671023,182.4029092610167,209.30000000000018,209.30000000000018
344,2023,M,2,50,0.997313276960555,1.0224771219587239,66.69382237120954,89.5606480924464,116.60000000000014,116.60000000000014
346,2023,M,2,50,0.997313276960555,1.0224771219587239,73.28774786935196,96.10424927861914,123.29999999999995,123.29999999999995
347,2023,M,3,50,0.997313276960555,1.0224771219587239,67.90534180090799,91.41823861023454,119.20000000000005,119.20000000000005
350,2023,M,4,50,0.997313276960555,1.0224771219587239,184.86286376853627,206.07629951904346,235.10000000000014,235.10000000000014
351,2023,M,3,50,0.997313276960555,1.0224771219587239,-7.240967916289264,19.217409405926446,47.80000000000018,47.80000000000018
363,2023,M,4,49,0.9438046612336496,0.9490501297644769,1.7997781777150976,-4.65059487708595,10.900000000000091,10.900000000000091
364,2023,M,4,49,0.9438046612336496,0.9490501297644769,40.95455794758459,35.727145450686294,52.40000000000009,52.40000000000009
365,2023,M,4,49,0.9438046612336496,0.9490501297644769,54.316642641405,49.33467881991078,66.79999999999995,66.79999999999995
366,2023,M,4,49,0.9438046612336496,0.9490501297644769,10.576409175745766,3.9677041556849417,20.799999999999955,20.799999999999955
367,2023,M,3,49,0.9438046612336496,0.9490501297644769,-1.8981112724154627,-8.984500352151372,7.7000000000000455,7.7000000000000455
368,2023,M,4,49,0.9438046612336496,0.9490501297644769,-4.305995138277694,-11.722363674247617,5.5,5.5
369,2023,M,3,21,0.9438046612336496,0.9311860485419261,28.290591814307845,22.521809759150074,5.0,5.0
370,2023,M,4,49,0.9438046612336496,0.9490501297644769,71.77256672738213,66.83038811150391,86.0,86.0
371,2023,M,4,49,0.9438046612336496,0.9490501297644769,-51.41597952862685,-61.26734413428335,-43.09999999999991,-43.09999999999991
372,2023,M,4,49,0.9438046612336496,0.9490501297644769,102.81613065400552,98.33920961159902,119.59999999999991,119.59999999999991
374,2023,M,3,49,0.9438046612336496,0.9490501297644769,46.965746965919834,40.313435983431646,61.0,61.0
375,2023,M,4,49,0.9438046612336496,0.9490501297644769,52.535129658609776,45.84185076008498,67.19999999999982,67.19999999999982
376,2023,M,3,21,0.9438046612336496,0.9311860485419261,-217.15793908341698,-232.58589217461258,-262.3000000000002,-262.3000000000002
378,2023,M,4,49,0.9438046612336496,0.9490501297644769,125.86387904506091,121.18661773667145,145.30000000000018,145.30000000000018
379,2023,M,4,49,1.0213096539874875,0.9832767564651493,-22.542895187750673,-95.3659258110556,-82.75999999999999,-82.75999999999999
380,2023,M,4,34,1.0213096539874875,0.9751598556907894,0.872227004182605,-86.41438766917827,-72.90000000000009,-72.90000000000009
381,2023,M,3,49,1.0213096539874875,0.9832767564651493,-65.01791973209902,-140.86957138895605,-128.04999999999995,-128.04999999999995
382,2023,M,5,49,1.0213096539874875,0.9832767564651493,53.72019370800331,-23.048338925687858,-9.180000000000064,-9.180000000000064
393,2023,M,2,42,0.9889991800350304,1.0102464666879931,-4.656378656344714,-37.060479149815365,29.700000000000045,29.700000000000045
394,2023,M,3,42,0.9889991800350304,1.0102464666879931,-26.45565476961474,-59.338755953572445,8.899999999999864,8.899999999999864
395,2023,M,3,42,0.9889991800350304,1.0102464666879931,16.129239834850978,-17.58463730767403,51.399999999999864,51.399999999999864
396,2023,M,3,42,0.9889991800350304,1.0102464666879931,-25.15368224397048,-59.387278101650736,11.600000000000136,11.600000000000136
397,2023,M,2,42,0.9889991800350304,1.0102464666879931,29.521412744319832,-7.892262653043872,68.39999999999986,68.39999999999986
398,2023,M,3,42,0.9889991800350304,1.0102464666879931,29.292142118601987,-8.52275044547764,68.59999999999991,68.59999999999991
399,2023,M,3,42,0.9889991800350304,1.0102464666879931,290.07892564662416,247.5235322778983,328.5,328.5
400,2023,M,3,42,0.9889991800350304,1.0102464666879931,139.53889154912486,98.27423677827824,180.0,180.0
401,2023,M,3,42,0.9889991800350304,1.0102464666879931,76.59343825074257,34.74033202534224,119.09999999999991,119.09999999999991
402,2023,M,3,42,0.9889991800350304,1.0102464666879931,45.1079442188568,3.469147950104343,88.10000000000014,88.10000000000014
403,2023,M,2,42,0.9889991800350304,1.0102464666879931,-19.859088369487836,-64.05025877451362,27.299999999999727,27.299999999999727
414,2023,M,4,43,0.9726336813638685,1.0224771219587239,7.576673422999875,77.7010990420431,87.79999999999995,87.79999999999995
415,2023,M,4,43,0.9726336813638685,1.0224771219587239,-74.20841754276148,-1.1933306420226018,8.700000000000045,8.700000000000045
416,2023,M,3,22,0.9726336813638685,1.0192318476292113,-87.27041124102789,-17.354604798961645,-9.360000000000127,-9.360000000000127
417,2023,M,3,43,0.9726336813638685,1.0224771219587239,-63.09574649082151,9.747150647812305,19.700000000000045,19.700000000000045
418,2023,M,3,22,0.9726336813638685,1.0192318476292113,-40.8083570694705,28.573888639443567,36.87000000000012,36.87000000000012
419,2023,M,2,22,0.9726336813638685,1.0192318476292113,11.865363466618646,81.55832873273107,90.30999999999995,90.30999999999995
420,2023,M,4,43,0.9726336813638685,1.0224771219587239,-114.00143089152039,-35.13044776273841,-24.700000000000045,-24.700000000000045
421,2023,M,3,22,0.9726336813638685,1.0192318476292113,-14.22580311998945,58.56947320773111,67.5,67.5
422,2023,M,4,43,0.9726336813638685,1.0224771219587239,41.66838017766713,118.30967621693503,129.5999999999999,129.5999999999999
423,2023,M,4,43,0.9726336813638685,1.0224771219587239,7.610335282181268,85.66523501077404,96.89999999999986,96.89999999999986
424,2023,M,2,22,0.9726336813638685,1.0192318476292113,0.011136544218288691,74.82590015486835,84.12000000000012,84.12000000000012
426,2023,M,2,22,0.9726336813638685,1.0192318476292113,56.99653715890554,131.6898914605904,141.41999999999985,141.41999999999985
427,2023,M,3,22,0.9726336813638685,1.0192318476292113,2.8459016837914533,78.93513669809158,88.41000000000008,88.41000000000008
428,2023,M,2,22,0.9726336813638685,1.0192318476292113,-146.72205798860364,-66.60167490105732,-57.809999999999945,-57.809999999999945
429,2023,M,2,22,0.9726336813638685,1.0192318476292113,4.0208668095128814,80.631112238789,90.18000000000006,90.18000000000006
430,2023,M,2,43,0.9726336813638685,1.0224771219587239,-36.11971970400259,45.66271230073812,57.09999999999991,57.09999999999991
433,2023,M,4,43,0.9726336813638685,1.0224771219587239,-26.997950808945006,56.80437710694855,68.60000000000014,68.60000000000014
434,2023,M,2,8,0.9726336813638685,1.0132596553006294,18.88319844338548,100.33058931583469,96.79999999999995,96.79999999999995
435,2023,M,4,43,0.9726336813638685,1.0224771219587239,109.59758482762754,189.96199672451257,202.29999999999995,202.29999999999995
436,2023,M,3,22,0.9726336813638685,1.0192318476292113,-46.31910991208406,35.00411902227984,44.74000000000001,44.74000000000001
437,2023,M,4,43,0.9726336813638685,1.0224771219587239,110.86612815198578,196.49809685366336,209.60000000000014,209.60000000000014
438,2023,M,2,22,0.9726336813638685,1.0192318476292113,83.72929115856164,167.4116061410814,178.47000000000025,178.47000000000025
440,2023,M,3,43,0.9726336813638685,1.0224771219587239,275.8873181013114,374.2282390956734,390.4000000000001,390.4000000000001
451,2023,M,3,43,1.0125819649639913,1.0224771219587239,-33.69622948951769,-32.77001501716745,-18.200000000000045,-18.200000000000045
453,2023,M,2,43,1.0125819649639913,1.0224771219587239,-54.01879978450734,-52.56499202940995,-37.5,-37.5
454,2023,M,3,14,1.0125819649639913,1.0135045522460309,-2.420307526971328,20.82798337422105,-0.8999999999998636,-0.8999999999998636
455,2023,M,2,43,1.0125819649639913,1.0224771219587239,-122.3539352558796,-119.12982100901877,-103.40000000000009,-103.40000000000009
457,2023,M,2,8,1.0125819649639913,1.0132596553006294,46.14627946788619,43.93000056587198,46.700000000000045,46.700000000000045
458,2023,M,3,14,1.0125819649639913,1.0135045522460309,-92.23742643943069,-63.54149963715258,-89.39999999999986,-89.39999999999986
459,2023,M,2,14,1.0125819649639913,1.0135045522460309,37.85411905398587,62.02303565187367,39.0,39.0
460,2023,M,2,8,1.0125819649639913,1.0132596553006294,-72.43070563680999,-71.77046537861975,-70.20000000000005,-70.20000000000005
461,2023,M,2,14,1.0125819649639913,1.0135045522460309,63.56378739308161,88.77706039401687,64.5,64.5
462,2023,M,3,14,1.0125819649639913,1.0135045522460309,77.66683258735338,108.30674797897564,78.79999999999973,78.79999999999973
463,2023,M,3,43,1.0125819649639913,1.0224771219587239,-41.82988701320937,-40.69056088771163,-25.399999999999864,-25.399999999999864
464,2023,M,2,43,1.0125819649639913,1.0224771219587239,-18.93036427438119,-18.38198130341584,-2.7000000000000455,-2.7000000000000455
465,2023,M,2,43,1.0125819649639913,1.0224771219587239,39.63611287286835,38.67404282529833,55.59999999999991,55.59999999999991
467,2023,M,4,50,1.3318346731856745,1.0102464666879931,-42.09299203980959,-64.42954825051902,-416.39999999999986,-26.647187142571056
471,2023,M,2,43,0.9874308639618954,1.0224771219587239,9.582963828315542,44.99825035186359,69.90000000000009,59.08944001748955
472,2023,M,2,43,0.9874308639618954,1.0224771219587239,-133.04313117730703,-93.70996714721582,-69.20000000000005,-80.08034897611196
506,2023,M,4,42,0.9575326442862653,0.9490501297644769,-38.573792264266785,-60.02221713118729,-55.200000000000045,-55.200000000000045
508,2023,M,3,42,0.9575326442862653,0.9490501297644769,10.310419430011507,-10.092724196869085,-4.199999999999818,-4.199999999999818
509,2023,M,4,42,0.9575326442862653,0.9490501297644769,-172.6079162383794,-199.63141755637002,-197.0,-197.0
510,2023,M,3,29,0.9575326442862653,0.9474131512266276,19.994780189765606,-27.504076601124552,3.0,3.0
511,2023,M,2,29,0.9575326442862653,0.9474131512266276,1.5647495103089568,-47.032755163206275,-16.5,-16.5
512,2023,M,4,42,0.9575326442862653,0.9490501297644769,-38.34012651624744,-60.67125584422229,-55.600000000000136,-55.600000000000136
515,2023,M,4,42,0.9575326442862653,0.9490501297644769,-46.321280072907484,-69.2000699859625,-64.20000000000005,-64.20000000000005
3325,2023,M,2,43,1.0125819649639913,1.0224771219587239,-48.43079144866647,-47.122451838040206,-32.299999999999955,-32.299999999999955
518,2023,M,2,42,0.9575326442862653,0.9490501297644769,-31.986282706535576,-54.49710608357077,-49.200000000000045,-49.200000000000045
520,2023,M,2,42,0.9575326442862653,0.9490501297644769,-21.76613095623793,-44.00670576546145,-38.5,-38.5
523,2023,M,4,42,0.9575326442862653,0.9490501297644769,-86.61659357209487,-111.40584877201877,-107.0,-107.0
5050,2023,M,3,42,0.9575326442862653,0.9490501297644769,-46.63364586520015,-71.13809017294307,-65.70000000000005,-65.70000000000005
525,2023,M,4,42,0.9575326442862653,0.9490501297644769,37.77174403451272,17.33544387033271,24.0,24.0
526,2023,M,4,42,0.9575326442862653,0.9490501297644769,8.012286029612596,-13.546419228079685,-7.400000000000091,-7.400000000000091
527,2023,M,3,42,0.9575326442862653,0.9490501297644769,-179.2268220583967,-207.4875440154342,-204.70000000000005,-204.70000000000005
528,2023,M,3,42,0.9575326442862653,0.9490501297644769,-149.68930848496484,-176.92675542896836,-173.60000000000014,-173.60000000000014
531,2023,M,4,42,0.9575326442862653,0.9490501297644769,45.142398940495696,24.602171452670746,31.5,31.5
532,2023,M,4,42,0.9575326442862653,0.9490501297644769,-28.217479587393882,-51.38117896648055,-45.799999999999955,-45.799999999999955
533,2023,M,2,42,0.9575326442862653,0.9490501297644769,-59.95806734446887,-84.33220789943607,-79.29999999999995,-79.29999999999995
535,2023,M,3,42,0.9575326442862653,0.9490501297644769,11.980879892798157,-9.962286310215632,-3.599999999999909,-3.599999999999909
536,2023,M,2,29,0.9575326442862653,0.9474131512266276,-73.971496064951,-129.964083345581,-97.5,-97.5
537,2023,M,3,29,0.9575326442862653,0.9474131512266276,-39.10062040397543,-93.27015445287634,-60.700000000000045,-60.700000000000045
538,2023,M,4,42,0.9575326442862653,0.9490501297644769,-187.82960068428042,-217.13591387365818,-214.29999999999995,-214.29999999999995
541,2023,M,2,14,0.9575326442862653,1.6271325644226537,24.837936244588036,79.58208380005999,801.5999999999999,89.60502807994726
542,2023,M,2,29,0.9575326442862653,0.9474131512266276,23.341143225794667,-30.50368539809483,4.100000000000136,4.100000000000136
543,2023,M,2,14,0.9575326442862653,1.6271325644226537,76.14822736105202,131.08832315200902,841.2,142.04301891875116
544,2023,M,2,14,0.9575326442862653,1.6271325644226537,53.049721839802714,109.34230043413709,844.0,120.12988655405388
545,2023,M,2,14,0.9575326442862653,1.6271325644226537,1.192406132366159,57.882183716583995,812.5,67.83234139519209
546,2023,M,2,42,0.9575326442862653,0.9490501297644769,-1.523833505669927,-25.976858076201324,-19.299999999999955,-19.299999999999955
549,2023,M,4,42,0.9575326442862653,0.9490501297644769,-219.06044437270748,-251.40271425540845,-248.60000000000014,-248.60000000000014
552,2023,M,4,42,0.9575326442862653,0.9490501297644769,14.972122920738911,-9.279750995624681,-2.2000000000000455,-2.2000000000000455
553,2023,M,2,14,0.9575326442862653,1.6271325644226537,13.025095233198272,71.89508684185239,852.2,82.4340693053307
554,2023,M,3,42,0.9575326442862653,0.9490501297644769,103.34041131836307,81.263512642038,90.20000000000005,90.20000000000005
563,2023,M,3,42,0.9575326442862653,0.9490501297644769,269.73737615378036,250.53058665369508,263.3000000000002,263.3000000000002
565,2023,M,4,42,0.9575326442862653,0.9490501297644769,379.608738930468,364.09327810333616,378.9000000000001,378.9000000000001
566,2023,M,2,14,0.9575326442862653,1.6271325644226537,348.0611045378264,414.9455975758983,1207.1999999999998,432.7482026491673
529,2023,M,4,42,0.9575326442862653,0.9490501297644769,-44.149844546441955,-67.62396456426268,-62.399999999999864,-62.399999999999864
666,2023,M,3,29,1.3318346731856745,1.6271325644226537,23.210904015955293,-6.9330740450379835,227.0,8.373942723239452
667,2023,M,4,35,0.9684185121164528,1.0102464666879931,-13.794486218864904,36.14728856317447,53.200000000000045,53.200000000000045
668,2023,M,4,35,0.9684185121164528,1.0102464666879931,-47.33821415266607,3.076419025174573,20.100000000000136,20.100000000000136
669,2023,M,5,50,1.3318346731856745,1.0102464666879931,-27.877460404026124,-50.80652448176306,-409.3000000000002,-12.296433998179964
670,2023,M,4,35,0.9684185121164528,1.0102464666879931,-5.7266954444010025,44.42817287302046,61.600000000000136,61.600000000000136
671,2023,M,3,35,0.9684185121164528,1.0102464666879931,-41.281633070544785,9.958651271001827,27.299999999999955,27.299999999999955
672,2023,M,3,35,0.9684185121164528,1.0102464666879931,-45.83901544561786,5.612268125752735,23.0,23.0
673,2023,M,4,35,0.9684185121164528,1.0102464666879931,-6.172061796802836,45.06089827538335,62.59999999999991,62.59999999999991
674,2023,M,4,35,0.9684185121164528,1.0102464666879931,-24.473616469987064,27.06160621720096,44.59999999999991,44.59999999999991
675,2023,M,4,35,0.9684185121164528,1.0102464666879931,-35.70826622750951,15.974929867633364,33.5,33.5
676,2023,M,4,35,0.9684185121164528,1.0102464666879931,-13.283702351098782,38.285963770739045,55.90000000000009,55.90000000000009
677,2023,M,4,35,0.9684185121164528,1.0102464666879931,-8.63338082584869,43.251359281616715,61.0,61.0
678,2023,M,2,21,0.9684185121164528,1.0302154563585435,-99.62574557107837,-6.838423358026148,4.6099999999999,4.6099999999999
680,2023,M,4,35,0.9684185121164528,1.0102464666879931,-58.981019931602304,-5.953471649742369,11.900000000000091,11.900000000000091
681,2023,M,3,35,0.9684185121164528,1.0102464666879931,-15.248978660264356,37.866811036444915,56.0,56.0
682,2023,M,2,21,0.9684185121164528,1.0302154563585435,-2.525410072388013,88.45342762607493,100.61999999999989,100.61999999999989
683,2023,M,3,35,0.9684185121164528,1.0102464666879931,1.2688698479328195,54.226757686387145,72.39999999999986,72.39999999999986
684,2023,M,3,35,0.9684185121164528,1.0102464666879931,-58.2758374388643,-4.510556505847262,13.600000000000136,13.600000000000136
685,2023,M,4,35,0.9684185121164528,1.0102464666879931,-9.055282978176365,44.18781268950761,62.399999999999864,62.399999999999864
686,2023,M,2,35,0.9684185121164528,1.0102464666879931,4.238142427533603,57.355215893421246,75.59999999999991,75.59999999999991
687,2023,M,3,35,0.9684185121164528,1.0102464666879931,-71.45441470013975,-17.42573777435905,0.7000000000000455,0.7000000000000455
688,2023,M,3,35,0.9684185121164528,1.0102464666879931,-38.3727069337167,15.305711880098897,33.5,33.5
689,2023,M,4,35,0.9684185121164528,1.0102464666879931,41.913245155475806,94.73992843172118,113.09999999999991,113.09999999999991
690,2023,M,2,35,0.9684185121164528,1.0102464666879931,28.62464010092026,81.64819458476723,100.0,100.0
691,2023,M,4,35,0.9684185121164528,1.0102464666879931,-36.707751614198514,17.213065652460273,35.5,35.5
692,2023,M,3,35,0.9684185121164528,1.0102464666879931,-101.90629387468857,-47.188444793817325,-29.0,-29.0
693,2023,M,3,35,0.9684185121164528,1.0102464666879931,29.577602542602108,82.78105049361102,101.19999999999982,101.19999999999982
694,2023,M,2,35,0.9684185121164528,1.0102464666879931,-89.01859962832282,-34.12294762568217,-15.800000000000182,-15.800000000000182
695,2023,M,4,35,0.9684185121164528,1.0102464666879931,-15.068558266761556,38.95454763147086,57.399999999999864,57.399999999999864
696,2023,M,3,35,0.9684185121164528,1.0102464666879931,-75.3587207950518,-20.56566904578858,-2.2000000000000455,-2.2000000000000455
697,2023,M,2,35,0.9684185121164528,1.0102464666879931,-72.53648361214823,-17.548599837121174,0.900000000000091,0.900000000000091
699,2023,M,3,35,0.9684185121164528,1.0102464666879931,22.487793615711553,76.60726853389156,95.29999999999995,95.29999999999995
701,2023,M,4,35,0.9684185121164528,1.0102464666879931,-54.971100939423195,0.26579054789658585,18.90000000000009,18.90000000000009
702,2023,M,3,35,0.9684185121164528,1.0102464666879931,-38.53690834036911,16.604725644070413,35.30000000000018,35.30000000000018
704,2023,M,4,35,0.9684185121164528,1.0102464666879931,-20.76911891303189,34.17211921873559,52.90000000000009,52.90000000000009
705,2023,M,4,35,0.9684185121164528,1.0102464666879931,-36.55406056610764,18.591923320752585,37.299999999999955,37.299999999999955
706,2023,M,4,35,0.9684185121164528,1.0102464666879931,-3.7496924112508623,51.10479728923087,69.90000000000009,69.90000000000009
707,2023,M,4,35,0.9684185121164528,1.0102464666879931,22.993196943478097,77.62771263007289,96.5,96.5
708,2023,M,4,35,0.9684185121164528,1.0102464666879931,-121.74520460901431,-65.35049310353065,-46.700000000000045,-46.700000000000045
709,2023,M,3,35,0.9684185121164528,1.0102464666879931,25.3096733373402,80.07099984049955,99.0,99.0
710,2023,M,2,28,0.9684185121164528,0.9518325863478846,23.263429612477466,-3.769497911285498,-6.7000000000000455,-6.7000000000000455
711,2023,M,3,35,0.9684185121164528,1.0102464666879931,-27.00790769502919,28.43546086758306,47.299999999999955,47.299999999999955
712,2023,M,3,35,0.9684185121164528,1.0102464666879931,-25.74896362927757,29.719627726954513,48.600000000000136,48.600000000000136
714,2023,M,3,21,0.9684185121164528,1.0302154563585435,-12.420427446118538,82.97893729112661,95.6400000000001,95.6400000000001
715,2023,M,4,35,0.9684185121164528,1.0102464666879931,14.206245444806427,69.68740983502744,88.79999999999995,88.79999999999995
717,2023,M,4,35,0.9684185121164528,1.0102464666879931,42.91871926487647,99.08769531536768,118.60000000000014,118.60000000000014
718,2023,M,2,14,0.9684185121164528,1.0479976806680726,-184.36205942526772,-28.237618141489747,-35.87999999999988,-35.87999999999988
720,2023,M,4,35,0.9684185121164528,1.0102464666879931,-82.98890262531677,-25.01370835628427,-5.600000000000136,-5.600000000000136
721,2023,M,3,28,0.9684185121164528,0.9518325863478846,84.69599372477433,58.86166720479332,56.69999999999982,56.69999999999982
722,2023,M,2,35,0.9684185121164528,1.0102464666879931,-11.643312988464459,45.62262860921123,65.19999999999982,65.19999999999982
723,2023,M,3,35,0.9684185121164528,1.0102464666879931,3.8189158587135807,61.047311245913306,80.70000000000005,80.70000000000005
724,2023,M,2,21,0.9684185121164528,1.0302154563585435,-0.7078480881261839,97.89394070057801,111.09999999999991,111.09999999999991
725,2023,M,2,21,0.9684185121164528,1.0302154563585435,-216.93145337881447,-110.60267579965853,-98.5,-98.5
726,2023,M,3,35,0.9684185121164528,1.0102464666879931,-57.63916425224261,0.6380837370968493,20.299999999999955,20.299999999999955
727,2023,M,3,35,0.9684185121164528,1.0102464666879931,25.3654501503961,82.69106173650721,102.5,102.5
728,2023,M,3,35,0.9684185121164528,1.0102464666879931,-29.015089325617964,28.973745331556756,48.700000000000045,48.700000000000045
730,2023,M,3,35,0.9684185121164528,1.0102464666879931,4.244208517096922,61.97317558674308,81.79999999999995,81.79999999999995
731,2023,M,3,35,0.9684185121164528,1.0102464666879931,15.071852003881077,72.80870834198936,92.69999999999982,92.69999999999982
732,2023,M,3,35,0.9684185121164528,1.0102464666879931,41.23305269564321,98.66431250692744,118.60000000000014,118.60000000000014
733,2023,M,3,21,0.9684185121164528,1.0302154563585435,-40.84066407748469,60.00079912791466,73.11000000000013,73.11000000000013
734,2023,M,4,35,0.9684185121164528,1.0102464666879931,20.159734479464078,78.18183904955026,98.20000000000005,98.20000000000005
735,2023,M,2,14,0.9684185121164528,1.0479976806680726,-7.681961901435443,141.79087256353796,136.71000000000004,136.71000000000004
736,2023,M,3,28,0.9684185121164528,0.9518325863478846,0.8277606431868207,-28.74261288808566,-32.200000000000045,-32.200000000000045
737,2023,M,4,35,0.9684185121164528,1.0102464666879931,-7.865002952245277,51.113590598231895,71.29999999999995,71.29999999999995
738,2023,M,2,21,0.9684185121164528,1.0302154563585435,-65.29131183126015,38.00385271445248,51.19999999999982,51.19999999999982
739,2023,M,2,21,0.9684185121164528,1.0302154563585435,-24.406150862250115,77.57544953327852,91.0,91.0
740,2023,M,4,35,0.9684185121164528,1.0102464666879931,-8.401038326457865,50.904497874840445,71.20000000000005,71.20000000000005
741,2023,M,2,35,0.9684185121164528,1.0102464666879931,-138.6552702461977,-77.78818459703598,-57.700000000000045,-57.700000000000045
742,2023,M,3,28,0.9684185121164528,0.9518325863478846,-113.30681823900159,-147.4403738256808,-152.5999999999999,-152.5999999999999
743,2023,M,4,35,0.9684185121164528,1.0102464666879931,-11.940166105203389,48.005204420847576,68.5,68.5
744,2023,M,2,14,0.9684185121164528,0.9965042066929889,54.83285738488871,104.70960453592625,110.09999999999991,110.09999999999991
745,2023,M,3,21,0.9684185121164528,1.0302154563585435,68.26047935145698,169.7189188306004,183.99,183.99
746,2023,M,3,35,0.9684185121164528,1.0102464666879931,-112.89505772947746,-50.990874135765125,-30.40000000000009,-30.40000000000009
748,2023,M,3,35,0.9684185121164528,1.0102464666879931,51.94207069767708,112.22502045380998,133.20000000000005,133.20000000000005
750,2023,M,3,35,0.9684185121164528,1.0102464666879931,184.86186370131418,243.67204442206776,264.9000000000001,264.9000000000001
751,2023,M,3,35,0.9684185121164528,1.0102464666879931,100.9103823195419,160.71111742931657,181.80000000000018,181.80000000000018
752,2023,M,4,35,0.9684185121164528,1.0102464666879931,48.18870270049706,108.6762478812243,129.70000000000005,129.70000000000005
753,2023,M,2,35,0.9684185121164528,1.0102464666879931,-105.1995357507003,-42.80349124018949,-22.0,-22.0
754,2023,M,4,35,0.9684185121164528,1.0102464666879931,38.91789940704166,99.79537265771091,120.89999999999986,120.89999999999986
755,2023,M,2,35,0.9684185121164528,1.0102464666879931,18.0096228807829,79.57772806799721,100.79999999999995,100.79999999999995
756,2023,M,3,35,0.9684185121164528,1.0102464666879931,-32.44577388988523,29.973538798070194,51.200000000000045,51.200000000000045
757,2023,M,3,35,0.9684185121164528,1.0102464666879931,27.079932086717463,88.92945643967687,110.29999999999995,110.29999999999995
758,2023,M,3,35,0.9684185121164528,1.0102464666879931,16.780876033351205,78.89681490892781,100.29999999999995,100.29999999999995
760,2023,M,4,35,0.9684185121164528,1.0102464666879931,35.065342063432354,97.33856675429706,118.90000000000009,118.90000000000009
762,2023,M,4,35,0.9684185121164528,1.0102464666879931,38.46508511384559,101.02189656118026,122.70000000000005,122.70000000000005
763,2023,M,2,35,0.9684185121164528,1.0102464666879931,-25.299830688664088,38.32072055585718,60.0,60.0
764,2023,M,4,35,0.9684185121164528,1.0102464666879931,-8.265305577722984,55.55502547650349,77.40000000000009,77.40000000000009
765,2023,M,2,21,0.9684185121164528,1.0302154563585435,58.75333285146439,166.30627224728255,181.29999999999973,181.29999999999973
767,2023,M,2,35,0.9684185121164528,1.0102464666879931,4.367238145756573,68.55643740564415,90.60000000000014,90.60000000000014
769,2023,M,3,35,0.9684185121164528,1.0102464666879931,83.19474709864812,146.8052969273931,169.0999999999999,169.0999999999999
770,2023,M,2,14,0.9684185121164528,1.0479976806680726,106.79850810081189,265.26426930129605,261.4000000000001,261.4000000000001
771,2023,M,3,35,0.9684185121164528,1.0102464666879931,-20.845540361055328,44.279300669801614,66.5,66.5
772,2023,M,3,35,0.9684185121164528,1.0102464666879931,100.56999130871054,164.34855497861713,186.80000000000018,186.80000000000018
775,2023,M,2,35,0.9684185121164528,1.0102464666879931,-79.6798873426851,-13.386091119518369,8.900000000000091,8.900000000000091
778,2023,M,3,35,0.9684185121164528,1.0102464666879931,79.1304997593927,143.9974870224719,166.70000000000005,166.70000000000005
781,2023,M,4,35,0.9684185121164528,1.0102464666879931,27.328320218372482,93.08706876171618,115.79999999999995,115.79999999999995
782,2023,M,2,14,0.9684185121164528,1.6271325644226537,128.9823083951958,184.80886962454179,951.6000000000001,179.26647113757008
784,2023,M,2,14,0.9684185121164528,1.0479976806680726,126.71722858104908,289.30787270119026,285.57000000000016,285.57000000000016
786,2023,M,3,35,0.9684185121164528,1.0102464666879931,57.6510929225949,123.85976962725636,146.89999999999986,146.89999999999986
787,2023,M,2,14,0.9684185121164528,1.0479976806680726,116.27366515711515,281.8351488429796,277.8599999999999,277.8599999999999
790,2023,M,4,35,0.9684185121164528,1.0102464666879931,-113.77207367635219,-44.212038286459574,-21.0,-21.0
792,2023,M,3,35,0.9684185121164528,1.0102464666879931,19.19038756512373,88.8093340903165,112.79999999999973,112.79999999999973
794,2023,M,3,35,0.9684185121164528,1.0102464666879931,199.6441508100961,267.93544478900594,292.5,292.5
795,2023,M,2,35,0.9684185121164528,1.0102464666879931,-140.9653818351926,-67.27406865644298,-42.79999999999973,-42.79999999999973
796,2023,M,3,35,0.9684185121164528,1.0102464666879931,10.975686754681192,82.87422760961908,107.59999999999991,107.59999999999991
801,2023,M,4,35,0.9684185121164528,1.0102464666879931,-53.88774904724323,20.567268107992277,45.80000000000018,45.80000000000018
802,2023,M,4,35,0.9684185121164528,1.0102464666879931,227.16182296838497,298.6737264613589,324.5,324.5
804,2023,M,2,14,0.9684185121164528,1.0479976806680726,109.58265641522121,308.92918757886036,303.7399999999998,303.7399999999998
806,2023,M,2,14,0.9684185121164528,0.9965042066929889,272.0343673505354,341.7823284977876,351.4000000000001,351.4000000000001
866,2023,M,4,35,0.9743925848238568,1.013899401687934,-31.13435812907028,17.775537841397863,34.679999999999836,34.679999999999836
867,2023,M,5,35,0.9743925848238568,1.013899401687934,39.58072385091805,87.88669115881248,104.94000000000005,104.94000000000005
890,2023,M,4,35,0.9743925848238568,1.013899401687934,-52.57839394341431,0.6485240791969318,18.950000000000045,18.950000000000045
913,2023,M,2,35,0.9743925848238568,1.013899401687934,88.73579172563586,143.25812581194123,162.73000000000002,162.73000000000002
885,2023,M,5,35,0.9743925848238568,1.013899401687934,57.191444497403154,107.4099452594769,125.22000000000003,125.22000000000003
906,2023,M,3,35,0.9743925848238568,1.013899401687934,-10.833785397840757,44.500948714088054,63.75,63.75
897,2023,M,2,14,0.9743925848238568,1.0222066434678903,-119.52217242188817,-44.06539647260183,-30.99000000000001,-30.99000000000001
922,2023,M,4,35,0.9743925848238568,1.013899401687934,-45.123993840314824,11.578226409974604,31.12999999999988,31.12999999999988
934,2023,M,4,35,0.9743925848238568,1.013899401687934,89.13528032176919,148.23071727215483,169.29999999999973,169.29999999999973
903,2023,M,3,14,0.9743925848238568,1.0222066434678903,112.07120336228809,184.14034584299816,198.3599999999999,198.3599999999999
911,2023,M,3,35,0.9743925848238568,1.013899401687934,-7.257023479220379,48.46696710676201,67.86999999999989,67.86999999999989
872,2023,M,2,35,0.9743925848238568,1.013899401687934,-38.378312438688454,11.340254271116692,28.49000000000001,28.49000000000001
874,2023,M,3,35,0.9743925848238568,1.013899401687934,-126.24758847472731,-75.21233588816426,-58.049999999999955,-58.049999999999955
930,2023,M,3,14,0.9743925848238568,1.0222066434678903,114.16508987232851,191.36335561156943,206.54999999999995,206.54999999999995
870,2023,M,4,35,0.9743925848238568,1.013899401687934,0.2187394651643899,49.34177459170087,66.48000000000002,66.48000000000002
932,2023,M,3,35,0.9743925848238568,1.013899401687934,-13.164940312748058,46.52384282613889,67.2800000000002,67.2800000000002
907,2023,M,2,7,0.9743925848238568,1.0170732349698821,7.760463517681956,77.30892490249084,88.0,88.0
899,2023,M,3,35,0.9743925848238568,1.013899401687934,13.414581026912856,66.7908840323912,85.48000000000002,85.48000000000002
924,2023,M,4,35,0.9743925848238568,1.013899401687934,-27.963208934870863,29.77096728192737,49.76999999999998,49.76999999999998
893,2023,M,3,35,0.9743925848238568,1.013899401687934,-26.335980556179038,26.990401647409726,45.460000000000036,45.460000000000036
868,2023,M,3,35,0.9743925848238568,1.013899401687934,-25.494380584133523,23.80202469002097,40.87000000000012,40.87000000000012
895,2023,M,4,35,0.9743925848238568,1.013899401687934,-30.423847508260906,23.020152986323183,41.50999999999999,41.50999999999999
891,2023,M,4,35,0.9743925848238568,1.013899401687934,16.106930227028442,68.6484268532688,87.05999999999995,87.05999999999995
936,2023,M,2,7,0.9743925848238568,1.0170732349698821,-53.939357126093455,23.766215859322983,35.19999999999982,35.19999999999982
916,2023,M,2,35,0.9743925848238568,1.013899401687934,-1.8847497726462734,54.28436617290845,73.86999999999989,73.86999999999989
926,2023,M,4,35,0.9743925848238568,1.013899401687934,-47.618930998648466,11.498380178934667,31.88000000000011,31.88000000000011
918,2023,M,4,35,0.9743925848238568,1.013899401687934,82.8389218630416,137.8333958229298,157.44000000000005,157.44000000000005
909,2023,M,5,35,0.9743925848238568,1.013899401687934,47.177415703472434,101.98122401189084,121.34000000000015,121.34000000000015
882,2023,M,5,35,0.9743925848238568,1.013899401687934,-14.099707778268112,36.67008404261196,54.309999999999945,54.309999999999945
878,2023,M,3,35,0.9743925848238568,1.013899401687934,-106.25505737739718,-54.70394611203983,-37.25999999999999,-37.25999999999999
888,2023,M,3,14,0.9743925848238568,1.0222066434678903,-34.32250206536537,36.805215632434056,49.73000000000002,49.73000000000002
886,2023,M,4,35,0.9743925848238568,1.013899401687934,-12.679051509614965,38.88557440543582,56.81000000000017,56.81000000000017
880,2023,M,4,35,0.9743925848238568,1.013899401687934,-95.86971933873997,-44.3246426445005,-26.830000000000155,-26.830000000000155
876,2023,M,4,35,0.9743925848238568,1.013899401687934,-92.98804871149787,-42.09264738187994,-24.809999999999945,-24.809999999999945
962,2023,M,4,35,0.9743925848238568,1.013899401687934,102.5094413840061,177.29800056634986,203.9100000000003,203.9100000000003
964,2023,M,4,35,0.9743925848238568,1.013899401687934,62.51990579810672,139.83863871557378,167.12999999999965,167.12999999999965
958,2023,M,2,7,0.9743925848238568,1.0170732349698821,31.63784224342635,115.26291630018204,128.29999999999973,128.29999999999973
948,2023,M,4,35,0.9743925848238568,1.013899401687934,88.92773979086974,150.85415458003695,172.90999999999985,172.90999999999985
968,2023,M,3,35,0.9743925848238568,1.013899401687934,302.26474797755054,393.94836510318737,427.4699999999998,427.4699999999998
954,2023,M,3,28,0.9743925848238568,1.0105281107549364,78.2740031678627,139.14518431907572,159.0999999999999,159.0999999999999
946,2023,M,4,35,0.9743925848238568,1.013899401687934,45.950986434893366,107.98509085349042,129.8599999999999,129.8599999999999
960,2023,M,2,14,0.9743925848238568,0.987750608761983,46.43203645030417,72.08478384338468,79.70000000000027,79.70000000000027
940,2023,M,5,35,0.9743925848238568,1.013899401687934,2.688021007408679,63.5974177226949,84.86000000000013,84.86000000000013
938,2023,M,3,14,0.9743925848238568,1.0222066434678903,-57.558135263500844,27.044680574023005,42.289999999999964,42.289999999999964
950,2023,M,3,28,0.9743925848238568,1.0105281107549364,-21.385690236311802,38.50910186577357,57.59999999999991,57.59999999999991
944,2023,M,4,35,0.9743925848238568,1.013899401687934,7.7958036919249025,68.85069205815125,90.19000000000028,90.19000000000028
952,2023,M,4,35,0.9743925848238568,1.013899401687934,115.42147300627539,178.66868044814078,201.31999999999994,201.31999999999994
966,2023,M,4,35,0.9743925848238568,1.013899401687934,333.2941176435306,406.846044204412,434.2000000000003,434.2000000000003
984,2023,M,2,42,0.9968819346165931,1.0224771219587239,-4.442630435966748,32.3520754333249,49.5,49.5
982,2023,M,2,42,0.9968819346165931,1.0224771219587239,-21.15208263104637,11.947957087485747,27.09999999999991,27.09999999999991
1183,2023,M,4,35,1.0234888428130102,1.013899401687934,-62.55154338317402,-93.05148696813285,-77.11999999999989,-77.11999999999989
1201,2023,M,3,35,1.0234888428130102,1.0102464666879931,1.944651561062301,-33.73934960814472,-19.90000000000009,-19.90000000000009
1205,2023,M,4,35,1.0234888428130102,1.0102464666879931,-5.657180980478643,-41.7012662284892,-27.700000000000045,-27.700000000000045
1195,2023,M,3,14,1.0234888428130102,0.9965042066929889,-35.46765356329183,-79.53492744560776,-80.29999999999995,-80.29999999999995
1189,2023,M,2,35,1.0234888428130102,1.0102464666879931,-30.99579832616655,-65.62717126517123,-52.09999999999991,-52.09999999999991
1173,2023,M,4,35,1.0234888428130102,1.0102464666879931,-22.211156198587787,-55.468334703580695,-42.5,-42.5
1179,2023,M,4,35,1.0234888428130102,1.0102464666879931,-6.236431878516896,-41.010017423726595,-27.5,-27.5
1191,2023,M,2,35,1.0234888428130102,1.0102464666879931,-24.921077149913344,-59.64554456155565,-46.09999999999991,-46.09999999999991
1209,2023,M,4,35,1.0234888428130102,1.0102464666879931,-4.734716784334296,-40.81110435836399,-26.799999999999955,-26.799999999999955
1175,2023,M,2,21,1.0234888428130102,1.0168190452477837,-61.57583448875198,-79.24173789678707,-71.0,-71.0
1193,2023,M,3,35,1.0234888428130102,1.0102464666879931,19.27133493505812,-16.21016303162355,-2.5,-2.5
1181,2023,M,4,35,1.0234888428130102,1.0102464666879931,-39.93893673752086,-74.37911622295724,-60.90000000000009,-60.90000000000009
1207,2023,M,4,35,1.0234888428130102,1.0102464666879931,-14.648374534001505,-50.58637152614847,-36.59999999999991,-36.59999999999991
1203,2023,M,2,35,1.0234888428130102,1.0102464666879931,-42.536091376921604,-77.97369317731841,-64.09999999999991,-64.09999999999991
1199,2023,M,3,35,1.0234888428130102,1.0102464666879931,16.048374966319216,-19.737783704935964,-5.900000000000091,-5.900000000000091
1227,2023,M,4,35,1.0234888428130102,1.013899401687934,-110.5979017135594,-142.12107032504923,-125.33999999999992,-125.33999999999992
1297,2023,M,3,21,1.0234888428130102,0.985229846808658,25.937684670202316,-53.226708161433635,-47.299999999999955,-47.299999999999955
1313,2023,M,3,21,1.0234888428130102,0.985229846808658,-92.72899783559205,-173.78497979894928,-168.5999999999999,-168.5999999999999
1280,2023,M,3,21,1.0234888428130102,0.985229846808658,-55.00220082274973,-133.15397600582696,-127.90000000000009,-127.90000000000009
1311,2023,M,4,35,1.0234888428130102,1.013899401687934,26.25301620543678,-10.908329466934674,7.7999999999999545,7.7999999999999545
1264,2023,M,4,35,1.0234888428130102,1.013899401687934,17.404588600049237,-17.402275154315475,0.17000000000007276,0.17000000000007276
1282,2023,M,2,21,1.0234888428130102,0.985229846808658,-12.500535429292086,-90.34656240794698,-84.79999999999995,-84.79999999999995
1217,2023,M,4,35,1.0234888428130102,1.013899401687934,-1.4929836927769884,-34.20927922293595,-17.569999999999936,-17.569999999999936
1231,2023,M,2,21,1.0234888428130102,1.0168190452477837,-27.14706251453049,-47.09946462959215,-38.0,-38.0
1223,2023,M,4,35,1.0234888428130102,1.013899401687934,-8.13952030275118,-40.95555728655654,-24.220000000000027,-24.220000000000027
1238,2023,M,2,7,1.0234888428130102,1.0335847240893141,0.0646821764073593,7.719024088481547,17.0,17.0
1294,2023,M,3,35,1.0234888428130102,1.0102464666879931,-64.83578951678032,-104.4652290343538,-88.90000000000009,-88.90000000000009
1257,2023,M,3,35,1.0234888428130102,1.0102464666879931,-58.71560239037217,-96.06126910761895,-81.40000000000009,-81.40000000000009
1296,2023,M,2,7,1.0234888428130102,1.0335847240893141,109.85967854775049,114.15813859645164,124.79999999999995,124.79999999999995
1225,2023,M,2,35,1.0234888428130102,1.0102464666879931,-37.80308830020658,-74.08900332671055,-59.90000000000009,-59.90000000000009
1273,2023,M,3,35,1.0234888428130102,1.0102464666879931,-23.511382437185603,-62.49325724302571,-47.299999999999955,-47.299999999999955
1254,2023,M,4,35,1.0234888428130102,1.0102464666879931,28.349486299676528,-9.83071019728277,4.900000000000091,4.900000000000091
1216,2023,M,2,21,1.0234888428130102,1.0168190452477837,21.48683692066743,0.8186228672973357,10.0,10.0
1266,2023,M,4,35,1.0234888428130102,1.0102464666879931,-9.85639910931036,-48.69953810697916,-33.59999999999991,-33.59999999999991
1288,2023,M,4,35,1.0234888428130102,1.0102464666879931,65.38347932843294,24.710180999855083,40.299999999999955,40.299999999999955
1213,2023,M,4,35,1.0234888428130102,1.0102464666879931,-55.52362930649019,-91.0435880347477,-77.09999999999991,-77.09999999999991
1303,2023,M,3,35,1.0234888428130102,1.0102464666879931,-91.50970988880567,-131.1456911438363,-115.5,-115.5
1286,2023,M,4,35,1.0234888428130102,1.0102464666879931,-161.64538648860912,-199.5971057570539,-184.4000000000001,-184.4000000000001
1234,2023,M,3,35,1.0234888428130102,1.0102464666879931,-117.00149692621403,-152.5242840971007,-138.4000000000001,-138.4000000000001
1247,2023,M,4,35,1.0234888428130102,1.0102464666879931,110.0254559502348,70.96722632808223,85.79999999999995,85.79999999999995
1268,2023,M,3,35,1.0234888428130102,1.0102464666879931,-35.907515573735736,-74.46469212983175,-59.40000000000009,-59.40000000000009
1290,2023,M,4,35,1.0234888428130102,1.0102464666879931,-197.2408748820701,-234.8796886364089,-219.69999999999982,-219.69999999999982
1292,2023,M,4,35,1.0234888428130102,1.0102464666879931,133.7389387057042,91.83074443656233,107.70000000000005,107.70000000000005
1305,2023,M,3,35,1.0234888428130102,1.0102464666879931,25.327751164826395,-15.772482614139108,0.09999999999990905,0.09999999999990905
1251,2023,M,3,35,1.0234888428130102,1.0102464666879931,-166.42603247776879,-202.30804743196995,-187.9000000000001,-187.9000000000001
1278,2023,M,4,35,1.0234888428130102,1.0102464666879931,-55.76322876591371,-94.81433894908764,-79.5,-79.5
1299,2023,M,3,35,1.0234888428130102,1.0102464666879931,160.78364560922978,118.27791267348721,134.29999999999995,134.29999999999995
1301,2023,M,4,35,1.0234888428130102,1.0102464666879931,-17.67393555003855,-58.1596966064576,-42.40000000000009,-42.40000000000009
1307,2023,M,2,35,1.0234888428130102,1.0102464666879931,-78.77569004620568,-118.7332660617551,-103.0,-103.0
1309,2023,M,4,35,1.0234888428130102,1.0102464666879931,18.221213131966806,-22.902259943607078,-7.0,-7.0
1229,2023,M,2,35,1.0234888428130102,1.0102464666879931,-50.84359573427514,-87.12557048806025,-72.90000000000009,-72.90000000000009
1317,2023,M,2,7,1.0234888428130102,1.0335847240893141,27.510366779322567,34.98267972625308,45.40000000000009,45.40000000000009
1258,2023,M,3,21,1.0234888428130102,1.0168190452477837,-34.848078034772925,-55.41238845040061,-46.0,-46.0
1243,2023,M,3,35,1.0234888428130102,1.0102464666879931,49.998659090511865,11.84145587446369,26.5,26.5
1262,2023,M,3,35,1.0234888428130102,1.0102464666879931,-71.72471070985966,-109.28098815296153,-94.5,-94.5
1276,2023,M,3,35,1.0234888428130102,1.0102464666879931,-146.7432946346646,-184.46390263158696,-169.4000000000001,-169.4000000000001
1270,2023,M,2,35,1.0234888428130102,1.0102464666879931,-109.60253813745908,-147.3758497954766,-132.4000000000001,-132.4000000000001
1255,2023,M,3,35,1.0234888428130102,1.0102464666879931,-48.12125686627337,-85.570509585237,-70.90000000000009,-70.90000000000009
1236,2023,M,3,35,1.0234888428130102,1.0102464666879931,-52.029406742050696,-88.34022606162694,-74.09999999999991,-74.09999999999991
1219,2023,M,3,35,1.0234888428130102,1.0102464666879931,-121.92672057160394,-156.94161530720316,-143.0,-143.0
1245,2023,M,3,35,1.0234888428130102,1.0102464666879931,-18.90847795140303,-56.402563304925934,-41.799999999999955,-41.799999999999955
1260,2023,M,4,35,1.0234888428130102,1.013899401687934,-106.9074188293414,-139.9053574236632,-122.40000000000009,-122.40000000000009
1323,2023,M,3,35,1.0234888428130102,1.0102464666879931,19.242789034186444,-22.72804176141426,-6.5,-6.5
1385,2023,M,2,35,1.0234888428130102,1.0102464666879931,-119.10733114614823,-162.6370406701426,-145.4000000000001,-145.4000000000001
1347,2023,M,3,35,1.0234888428130102,1.0102464666879931,60.79831935138236,17.137758586216478,33.90000000000009,33.90000000000009
1411,2023,M,2,21,1.0234888428130102,1.0168190452477837,-171.31095347093287,-194.07233302752002,-183.0,-183.0
1365,2023,M,2,35,1.0234888428130102,1.0102464666879931,16.617236701942147,-27.121731199462147,-10.200000000000045,-10.200000000000045
1377,2023,M,2,21,1.0234888428130102,1.0168190452477837,20.85751630110144,-4.121582341036856,7.0,7.0
1319,2023,M,5,35,1.0234888428130102,1.0102464666879931,18.81561934672345,-22.786064340663188,-6.7000000000000455,-6.7000000000000455
1393,2023,M,4,35,1.0234888428130102,1.0102464666879931,89.51006493579143,43.026236580472414,60.80000000000018,60.80000000000018
1357,2023,M,3,35,1.0234888428130102,1.0102464666879931,45.285165255093716,1.5720476339390643,18.40000000000009,18.40000000000009
1329,2023,M,4,35,1.0234888428130102,1.0102464666879931,-44.9725727702571,-86.57124313429631,-70.29999999999995,-70.29999999999995
1405,2023,M,2,35,1.0234888428130102,1.0102464666879931,223.15693223509493,173.6397596923357,192.20000000000005,192.20000000000005
1403,2023,M,3,35,1.0234888428130102,1.0102464666879931,-65.6857749671276,-111.7734369904756,-93.69999999999982,-93.69999999999982
1424,2023,M,3,21,1.0234888428130102,1.0168190452477837,176.8850266253462,144.1725367744989,158.0,158.0
1341,2023,M,4,35,1.0234888428130102,1.0102464666879931,0.5562308221967669,-42.1793452309696,-25.59999999999991,-25.59999999999991
1325,2023,M,2,21,1.0234888428130102,1.0168190452477837,83.1732891718541,58.17859092355911,69.0,69.0
1413,2023,M,2,7,1.0234888428130102,1.0335847240893141,174.57539919441388,178.05317913347017,190.9000000000001,190.9000000000001
1321,2023,M,2,35,1.0234888428130102,1.0102464666879931,-44.016796518938236,-85.04845681643769,-69.0,-69.0
1375,2023,M,3,21,1.0234888428130102,1.0168190452477837,-66.60226118533865,-89.71329255993669,-79.0,-79.0
1355,2023,M,3,35,1.0234888428130102,1.0102464666879931,45.13117110392477,1.5055426862247714,18.299999999999955,18.299999999999955
1395,2023,M,4,35,1.0234888428130102,1.0102464666879931,86.46758387047112,39.54845700683518,57.5,57.5
1419,2023,M,3,35,1.0234888428130102,1.0102464666879931,-69.54219202757804,-118.49720670964416,-99.30000000000018,-99.30000000000018
1373,2023,M,3,35,1.0234888428130102,1.0102464666879931,147.3446302022378,101.57057768603704,118.90000000000009,118.90000000000009
1339,2023,M,2,21,1.0234888428130102,1.0168190452477837,30.48545315079582,6.268226655146691,17.0,17.0
1333,2023,M,2,21,1.0234888428130102,1.0168190452477837,67.04425019675932,42.13950328646911,53.0,53.0
1409,2023,M,2,7,1.0234888428130102,1.0335847240893141,148.1743031284318,152.37828637016264,164.79999999999995,164.79999999999995
1331,2023,M,2,7,1.0234888428130102,1.0335847240893141,22.40492086348695,30.26504355684051,40.90000000000009,40.90000000000009
1399,2023,M,2,35,1.0234888428130102,1.0102464666879931,78.91872083343014,31.553212690410874,49.69999999999982,49.69999999999982
1363,2023,M,2,35,1.0234888428130102,1.0102464666879931,-106.44402531678043,-148.70955941644206,-132.0,-132.0
1381,2023,M,2,21,1.0234888428130102,1.0168190452477837,63.683972557681955,37.58738210695719,49.0,49.0
1401,2023,M,3,35,1.0234888428130102,1.0102464666879931,60.37482733707748,12.992522424315666,31.199999999999818,31.199999999999818
1367,2023,M,3,35,1.0234888428130102,1.0102464666879931,129.070910820441,83.98366941915629,101.09999999999991,101.09999999999991
1371,2023,M,2,21,1.0234888428130102,1.0168190452477837,110.31091309264548,83.49318186016262,95.0,95.0
1351,2023,M,2,21,1.0234888428130102,1.0168190452477837,58.13966129944265,32.981929173045955,44.0,44.0
1369,2023,M,2,21,1.0234888428130102,1.0168190452477837,43.19418630872633,17.80364118649345,29.0,29.0
1530,2023,M,3,42,0.9798361238155985,0.9490501297644769,22.209883407681218,-46.899051956663016,-29.700000000000045,-29.700000000000045
1533,2023,M,2,21,0.9798361238155985,1.0302154563585435,-40.998244996897256,3.9296501064661697,41.430000000000064,41.430000000000064
1529,2023,M,2,21,0.9798361238155985,1.0302154563585435,-141.79154721393456,-94.73972434058874,-58.950000000000045,-58.950000000000045
1539,2023,M,4,42,0.9798361238155985,0.9490501297644769,-24.836867847883923,-99.08551918262424,-81.90000000000009,-81.90000000000009
1525,2023,M,2,42,0.9798361238155985,0.9490501297644769,-22.56767512561464,-90.79973591320663,-75.0,-75.0
1440,2023,M,2,35,1.0234888428130102,1.0102464666879931,115.07609545156129,53.083793533362496,76.80000000000018,76.80000000000018
1438,2023,M,5,35,1.0234888428130102,1.0102464666879931,121.07518825225088,60.74696444455094,83.80000000000018,83.80000000000018
1434,2023,M,3,35,1.0234888428130102,1.0102464666879931,183.94174063253604,126.25579839918964,148.0999999999999,148.0999999999999
1534,2023,M,3,42,0.9798361238155985,0.9490501297644769,15.14361292343142,-56.39556615715219,-38.799999999999955,-38.799999999999955
1536,2023,M,4,42,0.9798361238155985,0.9490501297644769,-49.6892460935976,-124.1853016039363,-107.59999999999991,-107.59999999999991
1522,2023,M,2,29,0.9798361238155985,0.9474131512266276,5.400432076719426,-85.6166574890583,-46.90000000000009,-46.90000000000009
1540,2023,M,2,14,0.9798361238155985,1.6271325644226537,-889.4386540537682,-884.2387102649063,139.5999999999999,-878.0675337919688
1428,2023,M,2,35,1.0234888428130102,1.0102464666879931,34.51687171444382,-19.756797184552852,1.199999999999818,1.199999999999818
1432,2023,M,2,7,1.0234888428130102,1.0335847240893141,34.90193496762322,44.78959564541583,58.5,58.5
1426,2023,M,3,35,1.0234888428130102,1.0102464666879931,145.89108606389118,91.37420098390567,112.09999999999991,112.09999999999991
1526,2023,M,3,28,0.9798361238155985,0.9518325863478846,18.199181959305406,-50.327979680395856,-28.09999999999991,-28.09999999999991
1436,2023,M,3,35,1.0234888428130102,1.0102464666879931,171.60608055483135,111.79537489710538,134.5,134.5
1581,2023,M,2,21,0.9798361238155985,1.0302154563585435,-37.79260977665217,12.787317153871072,55.299999999999955,55.299999999999955
1589,2023,M,2,21,0.9798361238155985,1.0302154563585435,-2.240112761896171,47.58169470201506,90.69000000000005,90.69000000000005
1551,2023,M,2,21,0.9798361238155985,1.0302154563585435,-112.51258732918359,-62.41318859843295,-22.950000000000045,-22.950000000000045
1578,2023,M,4,42,0.9798361238155985,0.9490501297644769,6.862292982946428,-72.57363914960911,-53.299999999999955,-53.299999999999955
1623,2023,M,3,35,0.9619552150022979,0.9832767564651493,-92.38002796623596,-87.9082649924544,-57.36999999999989,-57.36999999999989
1625,2023,M,4,35,0.9619552150022979,0.9832767564651493,-60.45015377491404,-55.564395113714,-24.59999999999991,-24.59999999999991
1628,2023,M,2,35,0.9619552150022979,0.9832767564651493,111.62127442414658,118.81546744410684,152.51,152.51
1631,2023,M,3,35,0.9619552150022979,0.9832767564651493,-5.939252534782554,-0.049188712720251715,33.309999999999945,33.309999999999945
1632,2023,M,2,14,0.9619552150022979,1.0456592804124711,-1.001147852109625,110.2388752386521,144.89999999999986,144.89999999999986
1635,2023,M,3,14,0.9619552150022979,1.0456592804124711,-27.90188380486302,87.25375474894167,122.60000000000014,122.60000000000014
1636,2023,M,2,35,0.9619552150022979,0.9832767564651493,-76.17058857592906,-70.8157050493594,-36.289999999999964,-36.289999999999964
1583,2023,M,2,21,0.9798361238155985,1.0302154563585435,50.41556903704122,97.97089550750798,140.97000000000003,140.97000000000003
1554,2023,M,3,42,0.9798361238155985,0.9490501297644769,-23.29502111450438,-99.49555849959916,-81.79999999999995,-81.79999999999995
1576,2023,M,3,28,0.9798361238155985,0.9518325863478846,-84.12632166143908,-167.0418484123602,-142.9000000000001,-142.9000000000001
1592,2023,M,4,42,0.9798361238155985,0.9490501297644769,105.55885566515371,26.233036720366954,48.09999999999991,48.09999999999991
1560,2023,M,2,14,0.9798361238155985,1.6271325644226537,78.56473769325089,76.79794150688349,755.2,99.30704804551965
1548,2023,M,4,42,0.9798361238155985,0.9490501297644769,42.3176758770951,-31.45324323478303,-12.599999999999909,-12.599999999999909
1586,2023,M,4,42,0.9798361238155985,0.9490501297644769,97.3428720293723,19.773186650566913,41.0,41.0
1566,2023,M,4,42,0.9798361238155985,0.9490501297644769,17.737720764543155,-60.07130809849696,-40.90000000000009,-40.90000000000009
1572,2023,M,2,14,0.9798361238155985,1.6271325644226537,-56.73000054697786,-57.57476241700988,699.5,-36.43782483442146
1574,2023,M,4,42,0.9798361238155985,0.9490501297644769,-69.86979433601027,-151.32128950261767,-133.5999999999999,-133.5999999999999
1590,2023,M,2,14,0.9798361238155985,1.6271325644226537,-0.35563586854186724,-1.6494770060962765,760.8,21.203347776519422
1558,2023,M,4,42,0.9798361238155985,0.9490501297644769,117.50813808684666,46.12471830378695,66.40000000000009,66.40000000000009
1594,2023,M,4,42,0.9798361238155985,0.9490501297644769,-474.1952707372061,-574.7897070585839,-563.1999999999998,-563.1999999999998
1595,2023,M,2,21,0.9798361238155985,1.0302154563585435,38.17440524642825,88.2487094731323,133.0,133.0
1597,2023,M,3,42,0.9798361238155985,0.9490501297644769,-128.61256384091143,-218.3545509189537,-200.19999999999982,-200.19999999999982
1598,2023,M,3,28,0.9798361238155985,0.9518325863478846,-64.31573662517644,-152.98117306881522,-126.5,-126.5
1599,2023,M,2,21,0.9798361238155985,1.0302154563585435,-66.89911574038706,-11.802370372809946,33.59999999999991,33.59999999999991
1602,2023,M,2,42,0.9798361238155985,0.9490501297644769,34.64997203515736,-51.13782800746594,-29.59999999999991,-29.59999999999991
1604,2023,M,2,21,0.9798361238155985,1.0302154563585435,-136.20379446661127,-76.85021000865117,-30.199999999999818,-30.199999999999818
1605,2023,M,3,42,0.9798361238155985,0.9490501297644769,362.89861620580996,285.84939821083935,314.0,314.0
1606,2023,M,3,42,0.9798361238155985,0.9490501297644769,95.1051301736768,6.7374033464161585,30.5,30.5
1607,2023,M,2,14,0.9798361238155985,1.6271325644226537,-24.064643982118014,-25.352710778900928,842.5,0.006851203507721948
1608,2023,M,2,21,0.9798361238155985,1.0302154563585435,-88.87736509074239,-27.860055546705553,21.90000000000009,21.90000000000009
1609,2023,M,3,28,0.9798361238155985,0.9518325863478846,113.34278454136893,22.088925684588503,54.0,54.0
1611,2023,M,2,21,0.9798361238155985,1.0302154563585435,-71.19279437051227,-9.215428085825806,42.0,42.0
1612,2023,M,3,42,0.9798361238155985,0.9490501297644769,52.41448626425881,-46.1896129433203,-21.09999999999991,-21.09999999999991
1613,2023,M,2,14,0.9798361238155985,1.6271325644226537,94.96944248712589,92.62571647000095,1035.0,123.5026504449379
1615,2023,M,2,21,0.9798361238155985,1.0302154563585435,-11.603467223764255,54.075827004144685,110.59999999999991,110.59999999999991
1638,2023,M,3,35,0.9619552150022979,0.9832767564651493,-61.98399509023898,-56.410322666654565,-21.5,-21.5
1639,2023,M,3,35,0.9619552150022979,0.9832767564651493,20.525077057422777,27.141284357219547,63.0,63.0
1641,2023,M,3,35,0.9619552150022979,0.9832767564651493,-18.280963249666456,-11.980577478665282,24.409999999999854,24.409999999999854
1643,2023,M,3,14,0.9619552150022979,1.0456592804124711,74.66122275048292,194.0056179100593,232.70000000000005,232.70000000000005
1646,2023,M,2,35,0.9619552150022979,0.9832767564651493,45.94765147963176,53.335425344877876,92.00999999999976,92.00999999999976
1647,2023,M,2,14,0.9619552150022979,1.0456592804124711,21.28819647925775,151.25625517569642,192.19999999999982,192.19999999999982
1649,2023,M,2,14,0.9619552150022979,1.0456592804124711,41.37490827785177,173.3351833771003,215.30000000000018,215.30000000000018
1650,2023,M,3,35,0.9619552150022979,0.9832767564651493,121.94632206573442,131.01326969819638,174.5899999999997,174.5899999999997
1651,2023,M,4,35,0.9619552150022979,0.9832767564651493,338.46345075761405,350.11147335890246,395.30999999999995,395.30999999999995
1652,2023,M,4,35,0.9619552150022979,0.9832767564651493,175.59303369093595,185.38307584131326,229.82999999999993,229.82999999999993
1653,2023,M,4,35,0.9619552150022979,0.9832767564651493,-62.20417640157575,-57.49104669552935,-27.3900000000001,-27.3900000000001
1654,2023,M,3,35,0.9619552150022979,0.9832767564651493,-67.51701472297805,-62.640688498225245,-31.309999999999945,-31.309999999999945
1655,2023,M,4,35,0.9619552150022979,0.9832767564651493,55.78868619823561,62.181985521884826,94.70000000000005,94.70000000000005
1656,2023,M,4,35,0.9619552150022979,0.9832767564651493,-24.794113962706433,-19.2710283919796,13.149999999999864,13.149999999999864
1657,2023,M,3,35,0.9619552150022979,0.9832767564651493,36.268366953449004,42.55756395460753,75.65000000000009,75.65000000000009
1658,2023,M,3,35,0.9619552150022979,0.9832767564651493,74.87502483384856,81.93546944943773,117.05999999999995,117.05999999999995
1660,2023,M,3,14,0.9619552150022979,1.0456592804124711,-2.737029692174019,113.6643079950245,149.89999999999986,149.89999999999986
1661,2023,M,2,7,0.9619552150022979,0.9982291205447378,-52.1731222977719,21.852867651876068,17.700000000000045,17.700000000000045
1663,2023,M,3,35,0.9619552150022979,0.9832767564651493,-9.728855389832006,-3.2156936235326157,33.8599999999999,33.8599999999999
1664,2023,M,3,14,0.9619552150022979,1.0456592804124711,55.91470457330297,181.06789852756856,221.20000000000027,221.20000000000027
1665,2023,M,2,7,0.9619552150022979,0.9982291205447378,98.85293403958713,181.9001941271972,181.20000000000027,181.20000000000027
1692,2023,M,3,28,1.0335847240893141,1.0102464666879931,-52.22679772779361,-98.70558200586993,-93.39999999999986,-93.39999999999986
1693,2023,M,3,28,1.0335847240893141,1.0102464666879931,-176.3948236291301,-223.6573646246136,-218.29999999999973,-218.29999999999973
1694,2023,M,2,14,1.0335847240893141,1.0168190452477837,9.79502550336656,-22.345736034125366,-22.299999999999955,-22.299999999999955
1695,2023,M,2,28,1.0335847240893141,1.0102464666879931,8.955340024862153,-42.38037227460859,-36.5,-36.5
1696,2023,M,3,28,1.0335847240893141,1.0102464666879931,-75.70400735085605,-126.94347620961207,-121.10000000000014,-121.10000000000014
1697,2023,M,3,28,1.0335847240893141,1.0102464666879931,46.83253439359828,-6.523234203330276,-0.40000000000009095,-0.40000000000009095
1699,2023,M,3,28,1.0335847240893141,1.0102464666879931,-11.524077332174556,-54.29330029648304,-49.40000000000009,-49.40000000000009
1700,2023,M,2,28,1.0335847240893141,1.0102464666879931,-60.42435056514273,-102.95052606841296,-98.09999999999991,-98.09999999999991
1701,2023,M,2,28,1.0335847240893141,1.0102464666879931,-18.872557643433538,-62.26207411090809,-57.299999999999955,-57.299999999999955
1702,2023,M,3,28,1.0335847240893141,1.0102464666879931,75.78118162043256,30.604358208250005,35.80000000000018,35.80000000000018
1703,2023,M,3,28,1.0335847240893141,1.0102464666879931,26.472465555519648,-18.790424314526263,-13.599999999999909,-13.599999999999909
1704,2023,M,2,28,1.0335847240893141,1.0102464666879931,12.702750546519383,-33.15423605552428,-27.90000000000009,-27.90000000000009
1705,2023,M,2,7,1.0335847240893141,0.987750608761983,5.417516854062569,-78.28533236174212,-84.10000000000014,-84.10000000000014
1712,2023,M,2,42,0.9990421710781221,1.0224771219587239,-6.8828137009511465,33.826710834103096,31.059999999999945,31.059999999999945
1714,2023,M,3,42,0.9990421710781221,1.0224771219587239,-32.691114350393946,11.303630416978422,8.259999999999991,8.259999999999991
1715,2023,M,3,42,0.9990421710781221,1.0224771219587239,77.91955898017113,119.60234744940726,116.95000000000005,116.95000000000005
1716,2023,M,2,21,0.9990421710781221,0.9656895463583715,9.712108954402538,-45.39515390027918,-51.98000000000002,-51.98000000000002
1718,2023,M,3,42,0.9990421710781221,1.0224771219587239,-37.002961966542216,9.223673395179048,6.019999999999982,6.019999999999982
1719,2023,M,2,42,0.9990421710781221,1.0224771219587239,32.43149798243644,76.87566235884128,73.94000000000005,73.94000000000005
1720,2023,M,2,42,0.9990421710781221,1.0224771219587239,0.05695833841127751,50.40345653233726,46.99999999999977,46.99999999999977
1722,2023,M,2,21,0.9990421710781221,0.9656895463583715,216.80324604743782,146.11465434248066,138.1500000000001,138.1500000000001
863,2023,M,5,35,0.9743925848238568,1.013899401687934,7.152457684484489,53.740783203217916,70.02999999999997,70.02999999999997
1809,2023,M,4,28,1.0170732349698821,1.013899401687934,-45.12399017875896,-56.809248844136164,-49.42000000000007,-49.42000000000007
1810,2023,M,2,28,1.0170732349698821,1.013899401687934,-56.248601936146315,-67.8988682489869,-60.440000000000055,-60.440000000000055
1811,2023,M,3,28,1.0170732349698821,1.013899401687934,-18.452954035360108,-30.648635180570636,-23.169999999999845,-23.169999999999845
1812,2023,M,2,28,1.0170732349698821,1.013899401687934,-14.522481028450557,-26.814493203636175,-19.309999999999945,-19.309999999999945
1813,2023,M,2,28,1.0170732349698821,1.013899401687934,1.244958746080556,-11.320068889493768,-3.7799999999999727,-3.7799999999999727
1814,2023,M,3,28,1.0170732349698821,1.013899401687934,-10.859996142633008,-23.334018993340806,-15.75,-15.75
1815,2023,M,3,28,1.0170732349698821,1.013899401687934,-26.938819191792163,-39.24294116916053,-31.63000000000011,-31.63000000000011
1816,2023,M,2,28,1.0170732349698821,1.013899401687934,-43.48564015485363,-55.58432069718333,-47.960000000000036,-47.960000000000036
1817,2023,M,3,28,1.0170732349698821,1.013899401687934,-29.290679330438252,-41.663212158630586,-33.99000000000001,-33.99000000000001
1818,2023,M,3,28,1.0170732349698821,1.013899401687934,-22.136323609488954,-34.6493201491171,-26.950000000000045,-26.950000000000045
1819,2023,M,4,28,1.0170732349698821,1.013899401687934,11.04269443191879,-2.0933587666113453,5.710000000000036,5.710000000000036
1822,2023,M,4,28,1.0170732349698821,1.013899401687934,-3.161949823302166,-16.225588161791165,-8.349999999999909,-8.349999999999909
1823,2023,M,3,28,1.0170732349698821,1.013899401687934,-72.60358518909538,-84.7256050921128,-76.84999999999991,-76.84999999999991
1824,2023,M,2,28,1.0170732349698821,1.013899401687934,-0.1404777888164972,-13.321508538404714,-5.400000000000091,-5.400000000000091
1825,2023,M,2,28,1.0170732349698821,1.013899401687934,-0.6876488099144353,-13.886938884270876,-5.9500000000000455,-5.9500000000000455
1826,2023,M,3,28,1.0170732349698821,1.013899401687934,-41.14697841470047,-53.79589914863118,-45.86000000000013,-45.86000000000013
1827,2023,M,4,28,1.0170732349698821,1.013899401687934,-58.15098898602082,-70.61084397037553,-62.649999999999864,-62.649999999999864
1828,2023,M,3,28,1.0170732349698821,1.013899401687934,-18.81010528388788,-31.822001989491355,-23.84999999999991,-23.84999999999991
1829,2023,M,2,21,1.0170732349698821,1.0105281107549364,20.575932462470746,3.8526796036157975,9.400000000000091,9.400000000000091
1831,2023,M,2,21,1.0170732349698821,1.0105281107549364,-58.42903945076364,-74.2257212946995,-68.79999999999995,-68.79999999999995
1832,2023,M,4,28,1.0170732349698821,1.013899401687934,-57.60593601330834,-70.19260287541465,-62.16000000000008,-62.16000000000008
1834,2023,M,3,28,1.0170732349698821,1.013899401687934,-53.06262818133473,-65.8404405440142,-57.73000000000002,-57.73000000000002
1835,2023,M,4,28,1.0170732349698821,1.013899401687934,-87.5925505862158,-99.89789959027303,-91.78999999999996,-91.78999999999996
1836,2023,M,3,28,1.0170732349698821,1.013899401687934,-51.55884868858402,-64.4156528670203,-56.26999999999998,-56.26999999999998
1837,2023,M,2,28,1.0170732349698821,1.013899401687934,-0.9541428553841342,-14.568551225180954,-6.380000000000109,-6.380000000000109
1838,2023,M,3,28,1.0170732349698821,1.013899401687934,92.04451886737183,77.1249870974741,85.34000000000015,85.34000000000015
1839,2023,M,4,28,1.0170732349698821,1.013899401687934,4.676859241378224,-9.100710968679095,-0.8600000000001273,-0.8600000000001273
1841,2023,M,4,28,1.0170732349698821,1.013899401687934,-4.866121266831669,-18.555439826299562,-10.289999999999964,-10.289999999999964
1843,2023,M,2,7,1.0170732349698821,1.0222066434678903,-33.88515580004878,-27.427773221121015,-24.310000000000173,-24.310000000000173
1844,2023,M,2,7,1.0170732349698821,1.0222066434678903,14.959805349400312,20.229678401051387,23.50999999999999,23.50999999999999
1846,2023,M,2,21,1.0170732349698821,1.0105281107549364,-50.470719313800146,-67.07800178698585,-61.40000000000009,-61.40000000000009
1847,2023,M,4,28,1.0170732349698821,1.013899401687934,43.47986240135765,28.98362367982304,37.33999999999992,37.33999999999992
1848,2023,M,2,7,1.0170732349698821,1.0222066434678903,33.27817224007208,38.106521870972756,41.450000000000045,41.450000000000045
1849,2023,M,4,28,1.0170732349698821,1.013899401687934,19.251157917626188,5.083859993359056,13.439999999999827,13.439999999999827
1850,2023,M,2,28,1.0170732349698821,1.013899401687934,0.9528127837847933,-12.9658165754513,-4.6099999999999,-4.6099999999999
1851,2023,M,3,28,1.0170732349698821,1.013899401687934,-31.75399499802711,-45.22085572321157,-36.86999999999989,-36.86999999999989
1852,2023,M,2,21,1.0170732349698821,1.0105281107549364,7.263815943802911,-10.090142678555594,-4.2999999999999545,-4.2999999999999545
1853,2023,M,2,28,1.0170732349698821,1.013899401687934,-11.106225157252538,-24.89762604901989,-16.519999999999982,-16.519999999999982
1855,2023,M,4,28,1.0170732349698821,1.013899401687934,-84.01093583773832,-96.84854780997989,-88.45000000000005,-88.45000000000005
1856,2023,M,4,28,1.0170732349698821,1.013899401687934,75.74414929794898,60.64308878124098,69.09999999999991,69.09999999999991
1857,2023,M,4,28,1.0170732349698821,1.013899401687934,41.64616401495414,26.896252615837057,35.419999999999845,35.419999999999845
1858,2023,M,3,28,1.0170732349698821,1.013899401687934,-11.607923999991726,-25.65586919844168,-17.11999999999989,-17.11999999999989
1859,2023,M,3,28,1.0170732349698821,1.013899401687934,-32.798104111941484,-46.551599720741706,-38.01999999999998,-38.01999999999998
1861,2023,M,2,7,1.0170732349698821,1.0222066434678903,-85.33415868262773,-77.41025330152024,-74.34000000000015,-74.34000000000015
1863,2023,M,4,28,1.0170732349698821,1.013899401687934,76.3891780190429,60.91284932911958,69.58999999999992,69.58999999999992
1864,2023,M,2,28,1.0170732349698821,1.013899401687934,-274.4808489290831,-285.0686522664166,-276.4699999999998,-276.4699999999998
1865,2023,M,3,28,1.0170732349698821,1.013899401687934,98.66426503576963,82.82817419878756,91.53999999999996,91.53999999999996
1866,2023,M,2,7,1.0170732349698821,1.0222066434678903,43.11009962890239,47.937357442249095,51.450000000000045,51.450000000000045
1867,2023,M,3,28,1.0170732349698821,1.013899401687934,-41.61501303686373,-55.55626029817836,-46.83999999999992,-46.83999999999992
1868,2023,M,3,28,1.0170732349698821,1.013899401687934,-14.61011121999104,-28.939371407571798,-20.20999999999981,-20.20999999999981
1869,2023,M,3,28,1.0170732349698821,1.013899401687934,0.6994696346537239,-13.86740671397979,-5.119999999999891,-5.119999999999891
1870,2023,M,3,28,1.0170732349698821,1.013899401687934,-93.44645078367944,-106.7384948189208,-97.99000000000001,-97.99000000000001
1871,2023,M,2,7,1.0170732349698821,1.0222066434678903,-38.820299851785194,-31.88602033511097,-28.579999999999927,-28.579999999999927
1873,2023,M,3,28,1.0170732349698821,1.013899401687934,-15.73480115429652,-30.200551173343456,-21.38000000000011,-21.38000000000011
1874,2023,M,2,28,1.0170732349698821,1.013899401687934,-499.4905923984247,-507.2312775187329,-498.51,-498.51
1875,2023,M,3,28,1.0170732349698821,1.013899401687934,39.96156670286109,24.68766502734684,33.54000000000019,33.54000000000019
1876,2023,M,3,28,1.0170732349698821,1.013899401687934,-97.43659833488186,-110.9350149234599,-102.0300000000002,-102.0300000000002
1877,2023,M,4,28,1.0170732349698821,1.013899401687934,-8.231490018594513,-23.00335287484404,-14.059999999999945,-14.059999999999945
1878,2023,M,3,28,1.0170732349698821,1.013899401687934,-23.402229700343696,-38.03096153620663,-29.049999999999955,-29.049999999999955
1879,2023,M,2,7,1.0170732349698821,1.0222066434678903,19.366914009978927,24.98429463515845,28.54000000000019,28.54000000000019
1880,2023,M,4,28,1.0170732349698821,1.013899401687934,-31.95666692815098,-46.49837082274189,-37.5,-37.5
1881,2023,M,3,28,1.0170732349698821,1.013899401687934,0.8480568497050172,-14.163250793239968,-5.149999999999864,-5.149999999999864
1882,2023,M,3,28,1.0170732349698821,1.013899401687934,-76.46745088393686,-90.43763298681824,-81.42000000000007,-81.42000000000007
1883,2023,M,4,28,1.0170732349698821,1.013899401687934,5.192976350479057,-9.942397821023405,-0.8900000000001,-0.8900000000001
1884,2023,M,2,7,1.0170732349698821,1.0222066434678903,-33.47521203524502,-26.450299320236127,-23.0,-23.0
1886,2023,M,4,28,1.0170732349698821,1.013899401687934,10.964810282533563,-4.558437082037244,4.680000000000064,4.680000000000064
1887,2023,M,2,21,1.0170732349698821,1.0105281107549364,15.554905823067429,-3.709787078260433,2.7000000000000455,2.7000000000000455
1888,2023,M,2,7,1.0170732349698821,1.0222066434678903,61.3079605091325,66.04489082857481,69.81999999999994,69.81999999999994
1889,2023,M,3,28,1.0170732349698821,1.013899401687934,3.06307727174476,-12.391647944552233,-3.130000000000109,-3.130000000000109
1890,2023,M,2,7,1.0170732349698821,1.0222066434678903,40.90272837735074,46.21013743408457,49.960000000000036,49.960000000000036
1891,2023,M,2,21,1.0170732349698821,1.0105281107549364,29.619711626453864,9.857158102290214,16.40000000000009,16.40000000000009
1892,2023,M,3,28,1.0170732349698821,1.013899401687934,-39.24171117507285,-54.345457230931515,-44.94999999999982,-44.94999999999982
1894,2023,M,3,28,1.0170732349698821,1.013899401687934,60.528297996743504,43.90351532138743,53.399999999999864,53.399999999999864
1895,2023,M,3,28,1.0170732349698821,1.013899401687934,61.05332127480892,44.40161546530453,53.909999999999854,53.909999999999854
1896,2023,M,2,28,1.0170732349698821,1.013899401687934,3.7030796770441157,-12.189589936924449,-2.6699999999998454,-2.6699999999998454
1899,2023,M,3,28,1.0170732349698821,1.013899401687934,48.54384513783202,31.860934646026863,41.49000000000001,41.49000000000001
1900,2023,M,3,28,1.0170732349698821,1.013899401687934,29.593130442785878,13.151506816610436,22.789999999999964,22.789999999999964
1901,2023,M,3,28,1.0170732349698821,1.013899401687934,21.520921561193973,5.170587784861709,14.820000000000164,14.820000000000164
1905,2023,M,4,28,1.0170732349698821,1.013899401687934,20.804295909219036,4.355709290234017,14.069999999999709,14.069999999999709
1906,2023,M,3,28,1.0170732349698821,1.013899401687934,-163.58977967582723,-177.47869269088096,-167.79999999999973,-167.79999999999973
1907,2023,M,2,28,1.0170732349698821,1.013899401687934,127.61009761712307,109.5942132831442,119.38000000000011,119.38000000000011
1908,2023,M,3,28,1.0170732349698821,1.013899401687934,-100.06194790940208,-114.92851836196041,-105.18000000000029,-105.18000000000029
1910,2023,M,2,21,1.0170732349698821,1.0105281107549364,42.545069906067056,21.73867274146778,28.59999999999991,28.59999999999991
1911,2023,M,2,21,1.0170732349698821,1.0105281107549364,61.84328087363474,40.65787717389412,47.59999999999991,47.59999999999991
1912,2023,M,2,28,1.0170732349698821,1.013899401687934,-110.25247461754452,-125.60138995054604,-115.48000000000002,-115.48000000000002
1914,2023,M,3,28,1.0170732349698821,1.013899401687934,138.74896139461043,119.78571247296327,130.05000000000018,130.05000000000018
1917,2023,M,3,28,1.0170732349698821,1.013899401687934,2.334965360616934,-14.943374650410533,-4.579999999999927,-4.579999999999927
1919,2023,M,4,28,1.0170732349698821,1.013899401687934,-51.62825849241699,-68.59711256355467,-57.98000000000002,-57.98000000000002
1920,2023,M,3,28,1.0170732349698821,1.013899401687934,54.777361698906134,36.25855039711678,46.940000000000055,46.940000000000055
1922,2023,M,2,28,1.0170732349698821,1.013899401687934,102.89713525322895,82.63022435741186,93.9699999999998,93.9699999999998
1989,2023,M,3,35,1.0132596553006294,1.0224771219587239,17.992918429295287,18.514650075060217,31.399999999999864,31.399999999999864
1990,2023,M,3,35,1.0132596553006294,1.0224771219587239,6.780630293341346,7.596965327705902,20.5,20.5
1991,2023,M,3,35,1.0132596553006294,1.0224771219587239,-0.6706144113450137,0.3446278927226558,13.299999999999955,13.299999999999955
1992,2023,M,2,14,1.0132596553006294,1.0192318476292113,7.241716956757045,4.8646220810412615,16.25,16.25
1993,2023,M,3,35,1.0132596553006294,1.0224771219587239,7.353427377802973,8.172098860399956,21.299999999999955,21.299999999999955
1994,2023,M,2,35,1.0132596553006294,1.0224771219587239,-19.083696829721248,-17.57033225630221,-4.400000000000091,-4.400000000000091
1995,2023,M,2,35,1.0132596553006294,1.0224771219587239,-73.43714553900713,-70.51426274322125,-57.5,-57.5
1996,2023,M,3,35,1.0132596553006294,1.0224771219587239,33.684352215632316,33.83995445495907,47.299999999999955,47.299999999999955
1997,2023,M,3,35,1.0132596553006294,1.0224771219587239,0.049397468810184364,1.0814765330919727,14.5,14.5
1998,2023,M,3,35,1.0132596553006294,1.0224771219587239,22.02159463093335,22.486348005870013,36.0,36.0
1999,2023,M,3,35,1.0132596553006294,1.0224771219587239,9.71308963975548,10.505946281707566,24.09999999999991,24.09999999999991
2000,2023,M,3,35,1.0132596553006294,1.0224771219587239,-324.2749474719201,-314.84342030964126,-302.5,-302.5
2001,2023,M,2,35,1.0132596553006294,1.0224771219587239,7.877173385850028,8.724331061928751,22.40000000000009,22.40000000000009
2002,2023,M,3,35,1.0132596553006294,1.0224771219587239,-16.805214442068745,-15.302738258804311,-1.5,-1.5
2003,2023,M,2,14,1.0132596553006294,1.0192318476292113,2.454936793945535,0.045689164699069806,12.160000000000082,12.160000000000082
2004,2023,M,3,35,1.0132596553006294,1.0224771219587239,-30.087343981917684,-28.235007485581036,-14.400000000000091,-14.400000000000091
2005,2023,M,3,35,1.0132596553006294,1.0224771219587239,-34.12846606417361,-32.167906203064376,-18.300000000000182,-18.300000000000182
2006,2023,M,3,35,1.0132596553006294,1.0224771219587239,-7.14428751112132,-5.880768874268142,8.099999999999909,8.099999999999909
2007,2023,M,2,35,1.0132596553006294,1.0224771219587239,103.99160167246578,102.38217685529298,116.80000000000018,116.80000000000018
2008,2023,M,3,35,1.0132596553006294,1.0224771219587239,-27.113009029287696,-25.33106460553313,-11.399999999999864,-11.399999999999864
2009,2023,M,2,35,1.0132596553006294,1.0224771219587239,16.336738173962885,16.995660223823734,31.09999999999991,31.09999999999991
2011,2023,M,3,35,1.0132596553006294,1.0224771219587239,13.638530214822595,14.384297286880383,28.700000000000045,28.700000000000045
2013,2023,M,2,14,1.0132596553006294,1.0192318476292113,38.89740477368878,35.53911255745811,48.25,48.25
2014,2023,M,2,35,1.0132596553006294,1.0224771219587239,7.248343656640827,8.177186728746847,22.700000000000045,22.700000000000045
2019,2023,M,2,35,1.0132596553006294,1.0224771219587239,0.6895436263250758,1.8104633725679378,16.59999999999991,16.59999999999991
2020,2023,M,3,35,1.0132596553006294,1.0224771219587239,53.514740964958946,53.27242427480769,68.29999999999995,68.29999999999995
2021,2023,M,2,14,1.0132596553006294,1.0192318476292113,23.80086194270234,20.724698250312485,33.75999999999999,33.75999999999999
2022,2023,M,3,35,1.0132596553006294,1.0224771219587239,8.501649850045851,9.439149171620784,24.5,24.5
2023,2023,M,3,35,1.0132596553006294,1.0224771219587239,16.18767528367789,16.932379910132568,32.09999999999991,32.09999999999991
2029,2023,M,3,35,1.0132596553006294,1.0224771219587239,-164.40588220296172,-158.97587893250534,-144.29999999999995,-144.29999999999995
2031,2023,M,2,35,1.0132596553006294,1.0224771219587239,-22.437337437221004,-20.667089187541933,-5.2999999999999545,-5.2999999999999545
2032,2023,M,3,35,1.0132596553006294,1.0224771219587239,82.43286715577733,81.49417177827445,97.29999999999995,97.29999999999995
2033,2023,M,2,14,1.0132596553006294,1.0192318476292113,2.8000168628288975,0.10738376624431112,13.6400000000001,13.6400000000001
2034,2023,M,3,35,1.0132596553006294,1.0224771219587239,-18.215883847011128,-16.535380404237458,-0.8999999999998636,-0.8999999999998636
2035,2023,M,2,14,1.0132596553006294,1.0192318476292113,44.029532106605984,40.29470801685579,54.340000000000146,54.340000000000146
2037,2023,M,2,35,1.0132596553006294,1.0224771219587239,-2.074770023177507,-0.7891689556793153,15.200000000000045,15.200000000000045
2038,2023,M,2,35,1.0132596553006294,1.0224771219587239,-110.50343228409247,-106.41114543379149,-90.79999999999995,-90.79999999999995
2040,2023,M,2,14,1.0132596553006294,1.0192318476292113,-42.11941154232636,-43.84593748618295,-30.0,-30.0
2041,2023,M,2,35,1.0132596553006294,1.0224771219587239,-6.749855308383303,-5.316756269651023,11.0,11.0
2042,2023,M,2,14,1.0132596553006294,1.0192318476292113,2.6104903690225,-0.2188817933458722,14.039999999999964,14.039999999999964
2043,2023,M,2,14,1.0132596553006294,1.0192318476292113,22.985212143754325,19.65360004718218,34.100000000000136,34.100000000000136
2044,2023,M,3,35,1.0132596553006294,1.0224771219587239,76.83965602371632,76.143554179077,93.20000000000005,93.20000000000005
2045,2023,M,2,14,1.0132596553006294,1.0192318476292113,164.73359936511702,157.9389290281556,173.52999999999997,173.52999999999997
2051,2023,M,3,35,1.0132596553006294,1.0224771219587239,160.49974024157018,157.81068587769823,177.4000000000001,177.4000000000001
2053,2023,M,2,35,1.0132596553006294,1.0224771219587239,33.66214112164471,34.327550648366014,54.40000000000009,54.40000000000009
2054,2023,M,3,35,1.0132596553006294,1.0224771219587239,-964.634027796621,-938.0392790339529,-920.3000000000002,-920.3000000000002
2057,2023,M,2,29,1.0135045522460309,1.0224771219587239,-12.636624081789023,-34.47940722879048,1.400000000000091,1.400000000000091
2059,2023,M,2,29,1.0135045522460309,1.0224771219587239,25.22392642521686,-0.4525440819254527,40.200000000000045,40.200000000000045
2065,2023,M,2,29,0.9864972740516365,0.9832767564651493,51.41985616343027,10.91855289917521,46.409999999999854,46.409999999999854
2067,2023,M,2,8,0.9864972740516365,1.0456592804124711,-22.911048510788987,50.205664123031056,90.20000000000005,90.20000000000005
2069,2023,M,2,28,1.0072587026468027,0.9490501297644769,-1.3692559665232693,-98.35054421663517,-98.63000000000011,-98.63000000000011
2071,2023,M,2,28,1.0072587026468027,0.9490501297644769,35.56686315962361,-59.78462336676057,-59.40000000000009,-59.40000000000009
3859,2023,M,3,28,1.6271325644226537,0.9490501297644769,59.009701510692366,-15.953191775260848,-726.8999999999999,-17.986145881259972
1542,2023,M,4,42,0.9798361238155985,0.9490501297644769,-38.19532977598101,-113.3482687864821,-96.29999999999995,-96.29999999999995
1552,2023,M,3,42,0.9798361238155985,0.9490501297644769,-15.987335115318047,-91.92678296960594,-74.09999999999991,-74.09999999999991
506,2024,M,3,50,1.6623194710183307,1.0048666813813316,50.10431822661326,-23.798968976301012,-599.5,-40.27259383974615
512,2024,M,3,50,1.6623194710183307,1.0048666813813316,28.77786795449515,-47.207988805062314,-632.5,-64.21259325943606
7950,2024,M,2,50,1.6623194710183307,1.0048666813813316,-23.912313354322123,-102.28148966394906,-690.3,-119.97679382973206
7953,2024,M,3,50,1.6623194710183307,1.0048666813813316,2.996271951865765,-80.95474469002534,-719.2,-99.82639367152274
7955,2024,M,3,50,1.6623194710183307,1.0048666813813316,94.1661289513736,9.542590204449652,-660.4000000000001,-9.212638931780475
7949,2024,M,4,50,1.6623194710183307,1.0048666813813316,-0.40598672187866214,-74.55624118713968,-637.4,-91.23370365923256
7958,2024,M,2,14,0.9751704039494574,0.9456467721094698,0.04684456161567141,-36.40894580324971,-56.799999999999955,-56.799999999999955
2590,2024,M,2,14,0.9751704039494574,0.9456467721094698,9.172572088304833,-29.04835295239377,-50.200000000000045,-50.200000000000045
3393,2024,M,5,43,1.2516930481324298,1.0321616043911979,-25.40251567026894,-0.2508259484368409,-296.53,32.91746269159103
3407,2024,M,4,43,1.2516930481324298,1.0321616043911979,-35.08436036895091,-7.7103734476183945,-326.8900000000001,27.975890750050212
7965,2024,M,4,43,1.2516930481324298,1.0321616043911979,4.86817865621083,33.15498211033946,-314.78999999999996,72.31276575119864
4900,2024,M,2,8,1.2516930481324298,1.7190660188348899,32.56646357804493,82.06070622415223,458.78,131.70229691336976
7967,2024,M,2,8,1.2516930481324298,1.7190660188348899,-22.881280918008542,31.347463984778642,445.0999999999999,82.9918366331749
3325,2024,M,3,28,1.6983960786346795,1.0105417519178095,98.44363264929189,45.838606263487236,-593.1999999999999,58.071275252511214
7975,2024,M,5,50,1.6983960786346795,1.0151912758821142,4.88069665429407,-53.015442368094455,-631.9,-24.598843370391478
7976,2024,M,5,50,1.6983960786346795,1.0151912758821142,-22.099398853276853,-80.3090370320092,-668.1,-51.61967992064683
454,2024,M,5,50,1.6983960786346795,1.0151912758821142,15.472294282608118,-43.60888602584441,-632.1,-14.656830607736538
7977,2024,M,2,14,1.6983960786346795,0.983073465423635,-13.433628983337258,-74.70139576956308,-715.4,-96.35208175288608
2059,2024,M,5,50,1.6983960786346795,1.0151912758821142,-31.099164443284963,-91.39443874504991,-701.9999999999999,-61.641016960471916
7978,2024,M,3,28,1.6983960786346795,1.0105417519178095,-8.039525505353367,-57.081309104718,-690.2,-46.82408911335324
458,2024,M,4,28,1.6983960786346795,1.0105417519178095,-8.194593242204292,-59.73391087168238,-725.0,-48.9514024285977
7980,2024,M,2,28,1.6983960786346795,1.0105417519178095,-12.263806179403446,-64.64852554272329,-742.3,-53.73436136076407
7981,2024,M,5,50,1.6983960786346795,1.0151912758821142,7.099487214287137,-60.054695095700936,-731.1999999999998,-27.100392445811394
7982,2024,M,5,50,1.6983960786346795,1.0151912758821142,-0.7406586172442076,-68.80112582465836,-750.6999999999998,-35.367150461858046
7983,2024,M,5,50,1.6983960786346795,1.0151912758821142,43.11500523014183,-27.462414878554682,-725.2,7.01480749116854
7984,2024,M,2,14,1.6983960786346795,0.983073465423635,-96.52749430194922,-167.75645457986093,-931.6999999999998,-196.40407470751848
7985,2024,M,3,28,1.6983960786346795,1.0105417519178095,-60.76832262092512,-122.918620185897,-944.2,-110.50087492808825
466,2024,M,4,43,1.3809096120446966,1.0253560601168834,-56.58286908266109,-87.92039210872827,-453.3000000000002,-46.186261566560006
669,2024,M,5,43,1.3809096120446966,1.0253560601168834,-0.48277533241275705,-33.69146103661251,-401.5,8.59235998456029
7721,2024,M,4,56,1.553783784833944,1.0048666813813316,-46.14990697618373,-88.33057492910461,-590.0,-28.23251118711869
5571,2024,M,5,56,1.553783784833944,1.0048666813813316,5.0319903978124785,-36.705015261122526,-556.0,25.81309174094531
7724,2024,M,4,56,1.553783784833944,1.0048666813813316,-23.263547582840147,-67.12841619017627,-600.0,-3.1419383221377757
2561,2024,M,3,21,1.553783784833944,0.9717474068984722,-11.422903932928875,-60.421281082770065,-676.0,-35.368515611429075
7739,2024,M,2,14,1.553783784833944,0.9625423563450438,-15.73641418353327,-17.049865330909597,-850.5,21.199577954770575
1552,2024,M,4,49,0.9528034309512552,1.0048666813813316,-53.13778503882804,-52.17891521921911,35.09999999999991,-46.23019457611554
367,2024,M,4,49,0.9528034309512552,1.0048666813813316,-74.50232899230673,-74.21127287857462,15.299999999999955,-68.37766862281046
368,2024,M,6,49,0.9528034309512552,1.0048666813813316,35.62811009476877,39.71368430384973,128.70000000000005,46.97855974943536
370,2024,M,6,49,0.9528034309512552,1.0048666813813316,26.132419327836033,29.927398732586425,120.09999999999991,37.155917016781586
8001,2024,M,5,49,0.9528034309512552,1.0048666813813316,-3.1305332486126645,-0.3024380854319588,91.29999999999995,6.644217191066673
8002,2024,M,4,49,0.9528034309512552,1.0048666813813316,-23.032514816924504,-20.7971784676854,73.79999999999995,-13.887936785914007
8003,2024,M,4,49,0.9528034309512552,1.0048666813813316,-4.471553925065109,-1.55980407746938,94.09999999999991,5.678477574493627
5421,2024,M,4,41,0.9528034309512552,0.9949004802540778,24.593329060441192,88.98795511292406,115.39999999999986,115.39999999999986
375,2024,M,5,49,0.9528034309512552,1.0048666813813316,-32.75498222413444,-30.310725417379217,81.30000000000018,-22.233386601104485
2584,2024,M,4,28,0.9456467721094698,1.0253560601168834,-37.6491712151867,39.8737278009321,89.0,89.0
673,2024,M,4,28,0.9456467721094698,1.0253560601168834,-40.07741074423416,38.347813444807116,88.0,88.0
19553,2024,M,4,21,0.9813140218290621,1.0321616043911979,72.42150452949477,97.93078800968487,165.0999999999999,120.1435483327216
770,2024,M,2,21,0.9602961339950643,1.0050031333673184,74.39008947007142,155.24024488312102,160.79999999999995,160.79999999999995
508,2024,M,3,35,0.9456467721094698,1.0048666813813316,86.997472242816,69.62622777559272,188.0,113.02754763368307
2542,2024,M,3,35,0.9456467721094698,1.0048666813813316,66.04039455804514,48.31827962547118,165.4000000000001,90.76988759882624
683,2024,M,3,28,0.9456467721094698,1.0253560601168834,5.355306729452195,85.49469080491463,137.29999999999995,137.29999999999995
706,2024,M,3,28,0.9456467721094698,1.0253560601168834,-55.52730658675068,24.60389760567523,75.0,75.0
18967,2024,M,2,14,0.9456467721094698,1.0050031333673184,20.830666243676433,109.62733577635481,123.79999999999995,123.79999999999995
700,2024,M,3,28,0.9456467721094698,1.0253560601168834,-77.81811903532093,2.1336399426711523,51.90000000000009,51.90000000000009
18964,2024,M,3,28,0.9456467721094698,1.0253560601168834,-50.48565743451627,31.19098633860449,82.70000000000005,82.70000000000005
2471,2024,M,3,35,0.9602961339950643,1.0253560601168834,1.5403142139789452,66.40135460409351,108.09999999999991,108.09999999999991
685,2024,M,3,21,0.9410138356312567,1.0253560601168834,-84.96408300822736,29.894770986402136,58.100000000000136,58.100000000000136
18963,2024,M,3,28,0.9456467721094698,1.0253560601168834,-109.97841442091658,-27.10738798004195,23.800000000000182,23.800000000000182
515,2024,M,3,35,0.9456467721094698,1.0048666813813316,19.892135160147063,-0.13510892473368585,123.29999999999995,43.436976703068694
675,2024,M,2,14,0.9456467721094698,1.0050031333673184,-92.05286554707504,-3.7325736385125765,6.599999999999909,6.599999999999909
18971,2024,M,4,28,0.9456467721094698,1.0253560601168834,27.01463996092548,112.28577352326761,167.9000000000001,167.9000000000001
717,2024,M,4,28,0.9456467721094698,1.0253560601168834,-110.17151351726784,-25.295773311697303,26.90000000000009,26.90000000000009
689,2024,M,4,28,0.9456467721094698,1.0253560601168834,-10.621756882311274,71.61227788588553,124.40000000000009,124.40000000000009
674,2024,M,4,35,0.9602961339950643,1.0253560601168834,79.72773073171948,148.25146325199557,194.0999999999999,194.0999999999999
730,2024,M,2,21,0.9602961339950643,1.0050031333673184,-35.823067406117616,39.253168930455104,41.299999999999955,41.299999999999955
705,2024,M,4,35,0.9602961339950643,1.0253560601168834,-51.9631371840494,19.494109300132322,64.20000000000005,64.20000000000005
695,2024,M,3,28,0.9456467721094698,1.0253560601168834,-0.34136877626656315,83.64508335619485,137.80000000000018,137.80000000000018
691,2024,M,3,28,0.9456467721094698,1.0253560601168834,-0.6094656370185021,85.6107277934534,141.20000000000005,141.20000000000005
3596,2024,M,2,7,0.9410138356312567,1.0050031333673184,7.733020926124482,134.46899676907378,123.89999999999986,123.89999999999986
704,2024,M,4,28,0.9456467721094698,1.0253560601168834,52.198199709076334,139.01089665446852,196.20000000000005,196.20000000000005
696,2024,M,3,28,0.9456467721094698,1.0253560601168834,59.79958251145217,143.82993981426557,199.39999999999986,199.39999999999986
2176,2024,M,4,35,0.9602961339950643,1.0253560601168834,-85.4001950175691,-15.096405376946223,28.09999999999991,28.09999999999991
523,2024,M,4,50,1.6623194710183307,1.0048666813813316,52.82917529286874,-23.77774442156624,-620.8,-40.85141179029779
18973,2024,M,2,14,0.9456467721094698,1.0050031333673184,3.271537961079275,96.70904145889176,111.0,111.0
710,2024,M,2,14,1.0050031333673184,1.0253560601168834,29.53418055547695,21.298333107066128,63.09999999999991,63.09999999999991
19384,2024,M,3,21,0.9410138356312567,1.0253560601168834,59.8821508860226,183.0789591966045,215.0999999999999,215.0999999999999
18975,2024,M,3,35,0.9456467721094698,1.0048666813813316,39.39938044046016,18.86641923770776,148.5,65.06685992372013
18977,2024,M,4,28,0.9456467721094698,1.0253560601168834,14.883575699637731,103.20097652976256,160.5,160.5
690,2024,M,2,21,0.9602961339950643,1.0050031333673184,108.85347902670287,187.79563554013112,194.29999999999995,194.29999999999995
18979,2024,M,3,28,0.9456467721094698,1.0253560601168834,112.18914498634717,198.16634064344362,256.20000000000005,256.20000000000005
681,2024,M,2,14,1.0050031333673184,1.0253560601168834,64.38385911937053,55.025368763424694,97.59999999999991,97.59999999999991
721,2024,M,2,14,0.9456467721094698,1.0050031333673184,-30.11480597990294,64.97293005280835,78.39999999999986,78.39999999999986
3015,2024,M,2,14,1.0050031333673184,1.0253560601168834,-33.17150766433042,-39.72650057129226,2.599999999999909,2.599999999999909
19386,2024,M,3,21,0.9410138356312567,1.0253560601168834,11.962347578070421,138.49262434854995,170.79999999999995,170.79999999999995
20429,2024,M,2,21,1.0050031333673184,1.0048666813813316,92.2868440929742,-23.025138639631223,91.59999999999991,9.682936912210835
5230,2024,M,4,28,0.9456467721094698,1.0253560601168834,51.114884692205806,139.45247508510465,197.5999999999999,197.5999999999999
18993,2024,M,2,14,0.9456467721094698,1.0050031333673184,68.67870065542206,166.4657400453748,183.5999999999999,183.5999999999999
5314,2024,M,2,7,0.9410138356312567,1.0050031333673184,-29.592129145663193,100.72477214534138,88.90000000000009,88.90000000000009
2173,2024,M,4,35,0.9602961339950643,1.0253560601168834,71.41819559638179,140.8555806712077,187.0999999999999,187.0999999999999
2575,2024,M,2,21,1.0050031333673184,1.0048666813813316,79.22480530289067,-37.126372541817545,78.59999999999991,-4.392988692524568
2445,2024,M,3,35,1.0040216126289132,1.0253560601168834,35.31314800146424,35.7292462438877,71.03999999999996,71.03999999999996
18988,2024,M,3,14,0.9456467721094698,1.0050031333673184,30.33561842649715,127.96888181303893,143.79999999999995,143.79999999999995
19381,2024,M,3,21,0.9410138356312567,1.0253560601168834,-6.7775308370473795,113.1026804825101,143.5,143.5
535,2024,M,3,29,1.6623194710183307,1.0050031333673184,-54.07317445718877,-15.879898727411728,-739.7,-66.53995036732863
4704,2024,M,2,14,1.0050031333673184,1.0253560601168834,-317.2787990404106,-315.70483509943665,-273.9000000000001,-273.9000000000001
19385,2024,M,2,7,0.9410138356312567,1.0050031333673184,-1.5838029785891194,131.87786608668603,120.5,120.5
20431,2024,M,2,14,1.0050031333673184,1.0253560601168834,-2.8420302837978397,-10.43317785804743,32.899999999999864,32.899999999999864
2177,2024,M,4,35,0.9602961339950643,1.0253560601168834,22.593554322244017,93.64259656675722,139.79999999999995,139.79999999999995
772,2024,M,2,14,0.9456467721094698,1.0050031333673184,-7.734165915738913,90.71563000043307,105.40000000000009,105.40000000000009
16118,2024,M,4,35,0.9602961339950643,1.0253560601168834,-48.08159224499968,24.611225606712196,70.20000000000005,70.20000000000005
19007,2024,M,3,14,0.9456467721094698,1.0050031333673184,174.70915260160018,277.2978990739475,298.6999999999998,298.6999999999998
2453,2024,M,3,35,0.9602961339950643,1.0253560601168834,390.44711691273915,467.0316228665856,525.2,525.2
16119,2024,M,4,35,0.9602961339950643,1.0253560601168834,-15.691498504175343,57.771805200500694,104.60000000000014,104.60000000000014
731,2024,M,3,28,0.9456467721094698,1.0253560601168834,61.76339812314495,153.32667911370754,213.80000000000018,213.80000000000018
2559,2024,M,4,50,1.6623194710183307,1.0048666813813316,65.30726317043309,-17.530742022756613,-665.5,-35.96913540733044
714,2024,M,3,35,0.9602961339950643,1.0253560601168834,57.05520260853518,130.01993981253736,178.20000000000005,178.20000000000005
509,2024,M,3,35,0.9456467721094698,1.0048666813813316,58.50917131119718,37.93789725270176,170.9000000000001,85.75516009800549
2460,2024,M,2,14,1.0050031333673184,1.0253560601168834,6.951831796947545,-1.0848344949547482,43.200000000000045,43.200000000000045
19391,2024,M,2,7,0.9410138356312567,1.0050031333673184,95.08276449178834,236.5975266989958,227.00000000000023,227.00000000000023
19002,2024,M,4,28,0.9456467721094698,1.0253560601168834,77.26406570188169,173.1691889576639,236.80000000000018,236.80000000000018
742,2024,M,4,28,0.9456467721094698,1.0253560601168834,137.4067823497919,227.45769459854182,288.70000000000005,288.70000000000005
737,2024,M,3,14,0.9456467721094698,1.0050031333673184,-75.69800090398212,24.169002106058542,36.80000000000018,36.80000000000018
2539,2024,M,3,21,0.9410138356312567,1.0253560601168834,64.19090959758387,191.9648730970846,225.20000000000005,225.20000000000005
18991,2024,M,2,14,0.9456467721094698,1.0050031333673184,-35.8866772989752,64.90052730892262,79.0,79.0
3011,2024,M,3,21,0.9410138356312567,1.0253560601168834,-44.61924243025146,85.13544146981735,117.60000000000014,117.60000000000014
5708,2024,M,4,35,0.9602961339950643,1.0253560601168834,-18.942520999894896,50.8831505613789,95.29999999999995,95.29999999999995
2723,2024,M,3,28,0.9456467721094698,1.0253560601168834,-54.858500830813455,21.330681550358577,69.20000000000005,69.20000000000005
18961,2024,M,3,28,0.9456467721094698,1.0253560601168834,-59.46099663568225,18.435662947859328,67.29999999999995,67.29999999999995
467,2024,M,4,28,0.9456467721094698,1.0253560601168834,54.608648167152296,135.72735909505718,189.29999999999995,189.29999999999995
694,2024,M,3,21,0.9602961339950643,1.0050031333673184,-5.647570638185698,67.53531632333193,70.40000000000009,70.40000000000009
676,2024,M,4,35,0.9602961339950643,1.0253560601168834,-6.080086422333807,60.3004626059851,102.79999999999995,102.79999999999995
16120,2024,M,2,21,0.9602961339950643,1.0050031333673184,-59.9675367447428,22.84958069366826,24.5,24.5
672,2024,M,2,14,0.9456467721094698,1.0050031333673184,-141.36083657942982,-41.70697639990817,-31.300000000000182,-31.300000000000182
18992,2024,M,3,28,0.9456467721094698,1.0253560601168834,-6.10721260943933,86.08570158045791,145.4000000000001,145.4000000000001
11408,2024,M,3,35,1.0040216126289132,1.0253560601168834,168.31862644587454,165.061794980616,205.6099999999999,205.6099999999999
2168,2024,M,2,14,1.0050031333673184,1.0253560601168834,-11.64340863511461,-19.38408108420549,26.200000000000045,26.200000000000045
2730,2024,M,3,28,0.9456467721094698,1.0253560601168834,-1.565193384840768,92.78787967742551,153.5999999999999,153.5999999999999
16126,2024,M,2,21,0.9602961339950643,1.0050031333673184,-32.193891066111064,52.256922530215206,54.799999999999955,54.799999999999955
18989,2024,M,2,14,0.9456467721094698,1.0050031333673184,-94.8173553591646,7.096494745338987,19.40000000000009,19.40000000000009
740,2024,M,2,14,1.0050031333673184,1.0253560601168834,-68.15042638681302,-74.3160331335464,-28.600000000000136,-28.600000000000136
2464,2024,M,3,28,0.9456467721094698,1.0253560601168834,-8.051753586805262,85.77614318987821,146.10000000000014,146.10000000000014
19387,2024,M,3,21,0.9410138356312567,1.0253560601168834,-35.985764001764664,92.70485923505566,125.0,125.0
1319,2024,M,2,14,1.0050031333673184,1.0253560601168834,78.24753743030601,67.78085738387335,114.39999999999986,114.39999999999986
16130,2024,M,2,21,0.9602961339950643,1.0050031333673184,11.938590445718773,97.88411507674891,101.80000000000018,101.80000000000018
761,2024,M,3,21,0.9602961339950643,1.0050031333673184,205.32202324735636,293.5456298627321,303.29999999999995,303.29999999999995
19390,2024,M,2,7,0.9410138356312567,1.0050031333673184,-12.975011452341732,129.97424127511658,117.49999999999977,117.49999999999977
4722,2024,M,2,21,1.0040216126289132,1.0050031333673184,73.37284658241833,81.14842177510081,74.9699999999998,74.9699999999998
2608,2024,M,4,28,0.9456467721094698,1.0253560601168834,77.84743754933788,179.104363680814,246.20000000000005,246.20000000000005
4726,2024,M,2,7,0.9410138356312567,1.0050031333673184,5.2885583699796825,149.62660157784626,137.5,137.5
19001,2024,M,3,28,0.9456467721094698,1.0253560601168834,-3.789792856983013,93.77070971263765,156.5999999999999,156.5999999999999
19378,2024,M,2,7,0.9410138356312567,1.0050031333673184,-269.40542686968047,-135.88961429952042,-154.0999999999999,-154.0999999999999
19006,2024,M,4,28,0.9456467721094698,1.0253560601168834,-106.2264673545742,-3.2560110490715033,60.69999999999982,60.69999999999982
16122,2024,M,2,21,0.9602961339950643,1.0050031333673184,-117.88130086411434,-32.05489434561241,-32.0,-32.0
18710,2024,M,3,28,0.9456467721094698,1.0253560601168834,75.66518938142076,175.05730208192267,240.89999999999986,240.89999999999986
2750,2024,M,3,21,0.9602961339950643,1.0050031333673184,179.3675396395672,269.3439297839418,278.4000000000001,278.4000000000001
2184,2024,M,3,35,0.9602961339950643,1.0253560601168834,43.13620645519245,120.81306287824555,171.70000000000005,171.70000000000005
16134,2024,M,2,21,0.9602961339950643,1.0050031333673184,-27.922846916754906,60.17878262210593,63.0,63.0
16133,2024,M,4,35,0.9602961339950643,1.0253560601168834,-9.106729835133592,69.87543309223497,120.40000000000009,120.40000000000009
3613,2024,M,3,35,0.9456467721094698,1.0048666813813316,137.0383555431515,116.11970111345681,263.9000000000001,170.97915231832872
4433,2024,M,3,28,0.9456467721094698,1.0253560601168834,44.56973904993038,146.40121135791583,213.0999999999999,213.0999999999999
6849,2024,M,2,21,0.9602961339950643,1.0050031333673184,169.91262847774738,261.4596872420891,270.2999999999997,270.2999999999997
2450,2024,M,4,35,0.9602961339950643,1.0253560601168834,180.92448149523352,265.0217843985538,323.2000000000003,323.2000000000003
4361,2024,M,2,14,0.9456467721094698,1.0050031333673184,-86.19286970007511,21.961461606612147,35.49999999999977,35.49999999999977
802,2024,M,2,21,0.9602961339950643,1.0050031333673184,135.62897127111341,227.94610925033157,235.79999999999995,235.79999999999995
11406,2024,M,2,21,1.0040216126289132,1.0050031333673184,-61.01064422661898,-48.94476852110756,-58.77999999999997,-58.77999999999997
781,2024,M,3,21,0.9602961339950643,1.0050031333673184,31.48046250901143,123.74195001118755,128.5,128.5
10999,2024,M,3,21,0.9410138356312567,1.0253560601168834,985.5453768125253,1152.7515243605806,1206.8,1206.8
778,2024,M,3,14,0.9456467721094698,1.0050031333673184,-88.95968713629418,21.850683058833283,35.69999999999982,35.69999999999982
19396,2024,M,3,21,0.9410138356312567,1.0253560601168834,16.637917758871936,161.40229164038124,198.39999999999986,198.39999999999986
19398,2024,M,2,7,0.9410138356312567,1.0050031333673184,13.64471126254648,168.72621820964264,155.9000000000001,155.9000000000001
753,2024,M,3,28,0.9456467721094698,1.0253560601168834,59.687436396216526,165.67338470084837,235.4000000000001,235.4000000000001
19013,2024,M,4,28,0.9456467721094698,1.0253560601168834,57.35813886291362,168.01489661258984,240.69999999999982,240.69999999999982
20443,2024,M,2,14,1.0050031333673184,1.0253560601168834,-9.207592898711937,-18.142910759357164,33.79999999999973,33.79999999999973
801,2024,M,2,14,1.0050031333673184,1.0253560601168834,-141.68001862861092,-146.80893512547573,-95.20000000000027,-95.20000000000027
11421,2024,M,3,35,1.0040216126289132,1.0253560601168834,157.68662994824263,155.01247872681142,202.19000000000005,202.19000000000005
4585,2024,M,4,50,1.6623194710183307,1.0048666813813316,99.66569189681786,2.775709106342674,-761.9000000000001,-18.722076790688334
3175,2024,M,4,35,0.9602961339950643,1.0253560601168834,315.136902726073,413.11839317695694,483.2999999999997,483.2999999999997
19016,2024,M,2,14,0.9456467721094698,1.0050031333673184,80.092060406565,203.409790429409,224.80000000000018,224.80000000000018
19400,2024,M,2,7,0.9410138356312567,1.0050031333673184,36.21693423900115,205.5624767867257,192.0999999999999,192.0999999999999
3595,2024,M,2,7,0.9410138356312567,1.0050031333673184,-214.0268920237927,-51.32184224655839,-70.59999999999991,-70.59999999999991
2468,2024,M,3,35,0.9602961339950643,1.0253560601168834,263.87445897164616,357.8012229363012,424.1999999999998,424.1999999999998
4723,2024,M,2,21,1.0040216126289132,1.0050031333673184,87.64138355670411,97.35016674999815,89.62999999999965,89.62999999999965
790,2024,M,3,21,0.9410138356312567,1.0253560601168834,11.506683385487122,177.47243266349278,219.79999999999973,219.79999999999973
19399,2024,M,2,7,0.9410138356312567,1.0050031333673184,-323.0396912909473,-141.76517409969892,-165.4000000000001,-165.4000000000001
4689,2024,M,2,14,0.9456467721094698,1.0050031333673184,128.31533938707526,280.3427164350928,307.6999999999998,307.6999999999998
1638,2024,M,5,35,0.9655227461563045,1.0321616043911979,33.82524990902334,163.90164065765225,158.29999999999995,158.29999999999995
1639,2024,M,4,28,0.9655227461563045,1.0470665166849034,-134.95213631301317,15.779247397867493,11.700000000000045,11.700000000000045
2279,2024,M,4,21,0.9813140218290621,1.0321616043911979,48.545409735342446,75.67664795762062,144.5,98.34446078371138
19555,2024,M,2,14,0.9813140218290621,1.0470665166849034,25.362981391245967,76.78358460578329,146.29999999999995,100.94929581174347
11371,2024,M,4,28,0.9655227461563045,1.0470665166849034,-39.07219885028485,121.0135378258226,117.0,117.0
4627,2024,M,2,7,1.0167079198234956,1.0470665166849034,-92.06099696511274,-28.766746167490965,-34.600000000000136,-34.600000000000136
2284,2024,M,3,21,0.9813140218290621,1.0321616043911979,16.477124740388263,45.39188321413667,115.5,68.36466161915018
1647,2024,M,4,28,0.9655227461563045,1.0470665166849034,83.11132368929657,252.05531052766537,248.20000000000027,248.20000000000027
19566,2024,M,3,21,0.9813140218290621,1.0321616043911979,93.16337970468294,121.29772221653252,196.5999999999999,146.2429886518671
19557,2024,M,2,14,0.9813140218290621,1.0470665166849034,-82.05477225388267,-24.61974055300834,45.40000000000009,-0.5782422246061287
2276,2024,M,3,21,0.9813140218290621,1.0321616043911979,-16.639486713489077,13.39000118587137,83.09999999999991,36.11396434898802
1662,2024,M,3,21,0.9813140218290621,1.0321616043911979,45.892553956053234,74.80198468986941,147.5999999999999,98.75934450178329
2788,2024,M,5,35,0.9655227461563045,1.0321616043911979,103.39352860753161,253.63068751390733,247.4000000000001,247.4000000000001
11374,2024,M,2,28,0.9655227461563045,1.0470665166849034,22.91112824935908,200.7559441860774,196.49999999999977,196.49999999999977
21476,2024,M,2,7,1.0470665166849034,1.0321616043911979,112.57764788315444,78.24052693625845,76.30000000000018,76.30000000000018
4081,2024,M,3,28,0.9655227461563045,1.0470665166849034,570.133198078302,788.4671365745762,784.9000000000001,784.9000000000001
19503,2024,M,2,14,0.978050079861193,1.0470665166849034,-97.36617383823295,36.57154503703714,65.0,65.0
19575,2024,M,3,21,0.9927480760771745,1.0321616043911979,13.412260095647298,50.54482761313557,78.70000000000005,78.70000000000005
18772,2024,M,4,29,0.9852248651388742,1.0321616043911979,80.95349050604295,174.21649927866292,168.53999999999996,168.53999999999996
18771,2024,M,3,22,0.9852248651388742,1.0190051433412086,-70.2773827077749,39.50036045989282,-7.039999999999964,-7.039999999999964
18774,2024,M,3,29,0.9852248651388742,1.0321616043911979,-8.5447244246634,99.08789488153207,92.23000000000002,92.23000000000002
19583,2024,M,2,14,0.9927480760771745,1.0190051433412086,-236.68215171702263,-163.3091675142232,-179.19999999999982,-179.19999999999982
18787,2024,M,2,22,0.983073465423635,0.957664301538399,-39.26274222854022,-134.56553703572104,-90.5,-90.5
344,2024,M,3,35,0.9693687916740217,0.957664301538399,78.41303676778716,64.89139655883082,56.590000000000146,56.590000000000146
8019,2024,M,4,49,0.9693687916740217,1.0151912758821142,56.41081686160578,149.61658741149404,153.49999999999977,153.49999999999977
1216,2024,M,4,35,1.0040216126289132,1.0253560601168834,9.129241654712587,10.262570221051874,44.40000000000009,44.40000000000009
1187,2024,M,4,35,1.0040216126289132,1.0253560601168834,-25.133765283301273,-23.04654422192516,9.929999999999836,9.929999999999836
1205,2024,M,4,35,1.0040216126289132,1.0253560601168834,29.580795412484576,30.144939280956578,64.98000000000002,64.98000000000002
1254,2024,M,5,35,1.0040216126289132,1.0253560601168834,-68.62170412214437,-65.2008120481089,-30.700000000000045,-30.700000000000045
8004,2024,M,4,49,0.9693687916740217,1.0151912758821142,11.841498265079963,85.23626016125036,88.07999999999993,88.07999999999993
145,2024,M,2,14,0.9693687916740217,0.9209747388508522,11.745458019346415,-19.85484227821189,-77.92000000000007,-77.92000000000007
8005,2024,M,3,49,0.9693687916740217,1.0151912758821142,-131.72090677071765,-53.424361036730716,-51.33999999999992,-51.33999999999992
8007,2024,M,2,13,0.9693687916740217,0.983073465423635,59.48998928273318,132.33561021414675,85.09999999999991,85.09999999999991
8009,2024,M,3,49,0.9693687916740217,1.0151912758821142,-99.22233629498123,-19.299370908959418,-16.940000000000055,-16.940000000000055
8010,2024,M,2,13,0.9693687916740217,0.983073465423635,-119.05325953418173,-41.289392479337494,-96.01999999999998,-96.01999999999998
8011,2024,M,2,49,0.9693687916740217,1.0151912758821142,-9.672013521168765,69.49038599308255,72.40999999999985,72.40999999999985
4154,2024,M,3,49,0.9693687916740217,1.0151912758821142,-15.888408343594847,64.74580163967357,67.68000000000006,67.68000000000006
8013,2024,M,3,49,0.9693687916740217,1.0151912758821142,-77.848641703049,6.079149363772103,8.730000000000018,8.730000000000018
8014,2024,M,4,49,0.9693687916740217,1.0151912758821142,66.6809326703933,147.61163226011763,151.10000000000014,151.10000000000014
335,2024,M,4,49,0.9693687916740217,1.0151912758821142,129.10828572330593,215.21599990165146,219.30999999999995,219.30999999999995
345,2024,M,2,13,0.9693687916740217,0.983073465423635,87.76051428266692,173.0727023013178,118.17999999999984,118.17999999999984
333,2024,M,3,49,0.9693687916740217,1.0151912758821142,69.51398520979433,158.31635891315682,162.1199999999999,162.1199999999999
334,2024,M,3,49,0.9693687916740217,1.0151912758821142,0.9064545586879831,91.38439543151003,94.79999999999995,94.79999999999995
3350,2024,M,3,49,0.9693687916740217,1.0151912758821142,-80.99563113854583,12.345119208744109,15.329999999999927,15.329999999999927
984,2024,M,3,49,0.9693687916740217,1.0151912758821142,32.463354649911935,125.10531872976526,128.80999999999995,128.80999999999995
225,2024,M,2,14,0.9693687916740217,0.9209747388508522,13.989443829856555,-27.94828339727792,-104.95000000000027,-104.95000000000027
353,2024,M,3,49,0.9693687916740217,1.0151912758821142,176.26867348098767,272.11872360707935,276.8900000000001,276.8900000000001
8022,2024,M,4,49,0.9693687916740217,1.0151912758821142,92.73661666638918,190.9682995253097,195.27999999999975,195.27999999999975
221,2024,M,3,49,0.9693687916740217,1.0151912758821142,231.3981470017511,347.87872140402305,353.78999999999996,353.78999999999996
8023,2024,M,2,49,0.9693687916740217,1.0151912758821142,205.81329053614763,364.17855725590016,371.5,371.5
11385,2024,M,4,35,1.0040216126289132,1.0253560601168834,0.36591611821813785,1.7682871600741237,36.2199999999998,36.2199999999998
161,2024,M,2,21,1.0001191486060566,1.013848832148773,-3.788926539047452,35.92202252117522,19.59999999999991,19.59999999999991
11289,2024,M,2,43,1.5387706728207449,1.0048666813813316,-72.43662965198928,-19.16081470915583,-644.9000000000001,-37.132640968771284
11290,2024,M,2,8,1.5387706728207449,0.9330381407937347,15.07090523328884,7.954703437630997,-708.1000000000001,8.003128988469598
11291,2024,M,2,43,1.5387706728207449,1.0048666813813316,-18.49347856782333,39.439837768188454,-620.5999999999999,21.148326712030666
11292,2024,M,2,8,1.5387706728207449,0.9330381407937347,2.048595561306911,-6.250041447839749,-744.0,-6.200666493951985
11293,2024,M,2,43,1.5387706728207449,1.0048666813813316,103.00170505317305,170.11540240199065,-552.4000000000001,151.50868428400622
11294,2024,M,2,43,1.5387706728207449,1.0048666813813316,-5.35209638291235,66.92143031737442,-750.5,44.4701154349832
11390,2024,M,5,35,1.0040216126289132,1.0253560601168834,-61.353052019286906,-58.106254562844924,-22.670000000000073,-22.670000000000073
1993,2024,M,3,43,0.9810421335532757,1.0151912758821142,-50.33109394776466,-23.88791374453899,2.7999999999999545,2.7999999999999545
1997,2024,M,3,43,0.9810421335532757,1.0151912758821142,-141.5815382278813,-112.62109298111864,-85.79999999999995,-85.79999999999995
11300,2024,M,2,15,0.9810421335532757,1.013848832148773,-21.821095180949897,16.674542582218464,31.38000000000011,31.38000000000011
426,2024,M,2,22,0.9810421335532757,1.0273441319993257,-54.80902993109294,-3.9693850467438097,20.59999999999991,20.59999999999991
1995,2024,M,4,43,0.9810421335532757,1.0151912758821142,6.858722658039596,33.504487466899036,62.0,62.0
421,2024,M,3,22,0.9810421335532757,1.0273441319993257,-25.542742752027152,24.360657569761315,49.200000000000045,49.200000000000045
417,2024,M,4,43,0.9810421335532757,1.0151912758821142,-4.053489391955964,22.939494490163952,51.5,51.5
2861,2024,M,3,43,0.9810421335532757,1.0151912758821142,-108.6004862206114,-79.3003066169581,-51.200000000000045,-51.200000000000045
11301,2024,M,3,22,0.9810421335532757,1.0273441319993257,-29.205570278589448,21.397093709168757,46.5,46.5
2859,2024,M,2,43,0.9810421335532757,1.0151912758821142,-127.40821412225569,-97.55940468114159,-69.40000000000009,-69.40000000000009
2001,2024,M,3,43,0.9810421335532757,1.0151912758821142,25.033796576519308,52.028139564502,81.39999999999986,81.39999999999986
11302,2024,M,4,43,0.9810421335532757,1.0151912758821142,-19.929230485720154,8.187664058003975,37.5,37.5
2005,2024,M,3,22,0.9810421335532757,1.0273441319993257,-6.028365011023425,44.92526085191753,70.79999999999995,70.79999999999995
11303,2024,M,3,22,0.9810421335532757,1.0273441319993257,-40.60645042756187,11.645868684719971,37.299999999999955,37.299999999999955
435,2024,M,4,43,0.9810421335532757,1.0151912758821142,25.139062351018083,52.46886527987431,82.20000000000005,82.20000000000005
11304,2024,M,3,43,0.9810421335532757,1.0151912758821142,-31.98298563821436,-3.434823925140563,26.0,26.0
5500,2024,M,4,43,0.9810421335532757,1.0151912758821142,-49.249293739434734,-20.096417574253337,9.5,9.5
3884,2024,M,4,43,0.9810421335532757,1.0151912758821142,-46.68087960499406,-17.401893526349795,12.399999999999864,12.399999999999864
1990,2024,M,4,43,0.9810421335532757,1.0151912758821142,-27.721635445026777,1.224147783185117,31.200000000000045,31.200000000000045
2853,2024,M,4,43,0.9810421335532757,1.0151912758821142,66.27824687319116,93.27604840571598,123.79999999999995,123.79999999999995
419,2024,M,3,43,0.9810421335532757,1.0151912758821142,-24.920377126711628,4.180936494038178,34.40000000000009,34.40000000000009
2013,2024,M,4,43,0.9810421335532757,1.0151912758821142,-57.93736797647284,-27.994100618532002,2.2000000000000455,2.2000000000000455
420,2024,M,4,43,0.9810421335532757,1.0151912758821142,-217.2395120489773,-184.07754157389218,-154.9000000000001,-154.9000000000001
11305,2024,M,4,43,0.9810421335532757,1.0151912758821142,54.482798619637606,82.0255782913191,112.80000000000018,112.80000000000018
414,2024,M,3,22,0.9810421335532757,1.0273441319993257,-39.421340051366315,14.475494949859694,41.0,41.0
11306,2024,M,3,43,0.9810421335532757,1.0151912758821142,-47.510372030906865,-17.478525302439266,13.100000000000136,13.100000000000136
11307,2024,M,3,22,0.9810421335532757,1.0273441319993257,22.209487235401184,74.64588159959294,102.0,102.0
11308,2024,M,3,22,0.9810421335532757,1.0273441319993257,24.67483303544782,77.35720080176088,104.89999999999986,104.89999999999986
3333,2024,M,2,22,0.9810421335532757,1.0273441319993257,10.35394781867467,63.62341743507545,91.10000000000014,91.10000000000014
11309,2024,M,3,43,0.9810421335532757,1.0151912758821142,-102.76625163491394,-71.28238431168006,-40.69999999999982,-40.69999999999982
11310,2024,M,3,43,0.9810421335532757,1.0151912758821142,28.90687519450853,58.044058687688675,89.79999999999995,89.79999999999995
11312,2024,M,2,15,0.9810421335532757,1.013848832148773,56.76053181273937,97.94667720921211,115.68999999999983,115.68999999999983
2022,2024,M,4,43,0.9810421335532757,1.0151912758821142,-22.62538751562738,7.999070301480742,39.90000000000009,39.90000000000009
2045,2024,M,4,43,0.9810421335532757,1.0151912758821142,54.03116854013274,82.91432966278603,115.09999999999991,115.09999999999991
2000,2024,M,3,22,0.9810421335532757,1.0273441319993257,126.11658012848102,177.12092707975603,206.39999999999986,206.39999999999986
429,2024,M,2,22,0.9810421335532757,1.0273441319993257,34.2401932286964,88.83547185575503,117.59999999999991,117.59999999999991
437,2024,M,4,43,0.9810421335532757,1.0151912758821142,-12.144051225695648,18.735864921349503,51.200000000000045,51.200000000000045
11315,2024,M,4,43,0.9810421335532757,1.0151912758821142,188.42949727534892,215.20790277923038,248.9000000000001,248.9000000000001
11316,2024,M,3,22,0.9810421335532757,1.0273441319993257,76.10493128234248,130.34606528068593,160.0,160.0
11317,2024,M,2,15,0.9810421335532757,1.013848832148773,-214.9605729253035,-164.714809029324,-150.20000000000027,-150.20000000000027
3887,2024,M,4,43,0.9810421335532757,1.0151912758821142,18.376007303789038,49.512989855720434,83.09999999999991,83.09999999999991
11319,2024,M,3,43,0.9810421335532757,1.0151912758821142,62.44900178332159,93.1979764927114,127.59999999999991,127.59999999999991
5645,2024,M,4,43,0.9810421335532757,1.0151912758821142,113.16758660663277,142.88332157429113,177.5999999999999,177.5999999999999
436,2024,M,2,22,0.9810421335532757,1.0273441319993257,-19.69904488540169,40.00483569587709,70.0,70.0
11322,2024,M,4,43,0.9810421335532757,1.0151912758821142,-238.3288654276389,-200.9595693463682,-167.89999999999986,-167.89999999999986
2874,2024,M,3,22,0.9810421335532757,1.0273441319993257,64.19711841629578,123.07956118040897,154.79999999999973,154.79999999999973
3336,2024,M,3,22,0.9810421335532757,1.0273441319993257,145.63921646762515,203.24802490414868,236.4000000000001,236.4000000000001
11323,2024,M,3,22,0.9810421335532757,1.0273441319993257,95.25392201783029,154.69843616927074,187.5,187.5
5662,2024,M,2,15,0.9810421335532757,1.013848832148773,49.447885311844175,97.34937187506011,117.56999999999994,117.56999999999994
2042,2024,M,2,15,0.9810421335532757,1.013848832148773,8.48323593227633,57.87628331527162,77.66000000000031,77.66000000000031
11324,2024,M,2,15,0.9810421335532757,1.013848832148773,174.62345587797063,219.7413360862413,242.0,242.0
11325,2024,M,4,43,0.9810421335532757,1.0151912758821142,119.31921028058014,152.8545980387396,191.80000000000018,191.80000000000018
1219,2024,M,2,28,1.0040216126289132,1.0010136803574494,-96.45450174308166,-129.89540289054617,-101.42000000000007,-101.42000000000007
11383,2024,M,4,35,1.0040216126289132,1.0253560601168834,-166.0372068721199,-159.80715572051963,-126.24000000000001,-126.24000000000001
1251,2024,M,4,35,1.0040216126289132,1.0253560601168834,4.6265906989794985,5.998740187412068,42.75,42.75
3828,2023,M,2,21,1.0192318476292113,1.0224771219587239,-7.9720817156749035,-4.449563483244901,-2.7100000000000364,-2.7100000000000364
5787,2023,M,2,7,0.9965837069646781,1.1641117222307442,-1.8402941006286255,-123.41648965556828,237.21000000000004,-129.24673517492351
18979,2025,M,5,42,0.9755417230348995,1.0247836202964227,22.465101783059026,78.9193932641897,101.60000000000014,101.60000000000014
1278,2024,M,4,28,1.0040216126289132,1.0010136803574494,-4.688222110398101,-41.65756003219667,-10.160000000000082,-10.160000000000082
11328,2024,M,2,22,0.9810421335532757,1.0273441319993257,69.49526338514852,136.49666551301925,172.5,172.5
11330,2024,M,2,15,0.9810421335532757,1.013848832148773,66.20309582282653,119.02094571858925,141.61000000000013,141.61000000000013
27000,2025,M,4,42,0.9755417230348995,1.0247836202964227,56.64398218828546,115.21832848882696,139.19999999999982,139.19999999999982
19481,2024,M,2,14,1.0136480424665775,1.0010136803574494,-85.17345021978349,-129.1606561559638,-107.70000000000005,-107.70000000000005
11402,2024,M,2,28,1.0040216126289132,1.0010136803574494,13.27392280670756,-25.690552366067095,7.509999999999991,7.509999999999991
3699,2024,M,3,35,1.0040216126289132,1.0253560601168834,43.48444149489865,43.82628789496471,83.14999999999986,83.14999999999986
1299,2024,M,2,7,1.0010136803574494,1.0253560601168834,32.77724976373088,73.19633198643191,78.59999999999991,78.59999999999991
1321,2024,M,3,35,1.0040216126289132,1.0253560601168834,144.76611921505855,142.24280330355077,183.88999999999987,183.88999999999987
1395,2024,M,4,28,1.0040216126289132,1.0010136803574494,35.161554212568944,-6.5830337658935605,28.99000000000001,28.99000000000001
6841,2024,M,2,28,1.0040216126289132,1.0010136803574494,-59.42363968050927,-98.65743627617826,-65.24000000000001,-65.24000000000001
5271,2024,M,2,28,1.0040216126289132,1.0010136803574494,83.40463733409365,40.0286015491306,77.00000000000023,77.00000000000023
11419,2024,M,5,35,1.0040216126289132,1.0253560601168834,155.2513936796131,152.55717648036625,197.51000000000022,197.51000000000022
1309,2024,M,4,28,1.0040216126289132,1.0010136803574494,131.2182965581669,82.76116418951915,124.07000000000016,124.07000000000016
1363,2024,M,3,35,1.0040216126289132,1.0253560601168834,71.03203334289083,70.69977187996096,113.22000000000003,113.22000000000003
3169,2024,M,4,35,0.9653200027110211,1.0253560601168834,-55.14075475527329,48.91357568285707,44.799999999999955,44.799999999999955
11355,2024,M,2,35,0.9653200027110211,1.0253560601168834,7.261404065660827,109.54538367358327,105.70000000000005,105.70000000000005
2442,2024,M,3,35,0.9653200027110211,1.0253560601168834,-31.351844545594304,77.41511380567022,73.20000000000005,73.20000000000005
1704,2024,M,3,35,0.9653200027110211,1.0253560601168834,-37.092415556983724,72.15167260068051,67.90000000000009,67.90000000000009
11357,2024,M,2,35,0.9653200027110211,1.0253560601168834,-80.64886663671564,33.16497728084778,28.59999999999991,28.59999999999991
1323,2024,M,3,35,0.9653200027110211,1.0253560601168834,16.11505221709899,129.84995390524682,125.60000000000014,125.60000000000014
11358,2024,M,3,35,0.9653200027110211,1.0253560601168834,-57.529676823193995,60.96756964772362,56.299999999999955,56.299999999999955
1266,2024,M,4,35,0.9653200027110211,1.0253560601168834,65.05330669465775,182.3259533026678,178.10000000000014,178.10000000000014
4732,2024,M,3,35,0.9653200027110211,1.0253560601168834,112.28842147277282,231.34095548167807,227.20000000000005,227.20000000000005
11359,2024,M,2,35,0.9653200027110211,1.0253560601168834,-113.80717046347559,12.130475781855921,7.0,7.0
1284,2024,M,3,35,0.9653200027110211,1.0253560601168834,70.31960575534436,191.5590099593337,187.20000000000005,187.20000000000005
1379,2024,M,2,35,0.9653200027110211,1.0253560601168834,196.18857497221643,348.7373660511994,343.5999999999999,343.5999999999999
11366,2024,M,2,35,0.9655227461563045,1.0321616043911979,-127.99103171779893,-1.4525061053070658,-7.5,-7.5
11367,2024,M,3,35,0.9655227461563045,1.0321616043911979,90.6216837309446,212.6354676497324,207.5999999999999,207.5999999999999
11372,2024,M,4,35,0.9655227461563045,1.0321616043911979,37.98084694997033,172.1671542508525,166.4000000000001,166.4000000000001
28516,2025,M,3,21,1.600259551250741,0.9665925083721048,19.69029296205099,-42.25220283235262,-648.02,6.435096980534581
3386,2024,M,5,35,1.7190660188348899,1.0321616043911979,39.46603060948996,21.76519174302757,-588.0,16.027468965713524
2905,2024,M,3,35,1.7190660188348899,1.0321616043911979,30.024957621013527,10.491220595917412,-681.0,3.9068112501768155
1415,2024,M,3,35,1.0040216126289132,1.0253560601168834,160.392472241399,157.64526729135423,204.97000000000025,204.97000000000025
11380,2024,M,4,35,1.0040216126289132,1.0253560601168834,-33.57559195307408,-31.260722495401296,1.25,1.25
11381,2024,M,4,35,1.0040216126289132,1.0253560601168834,69.3094831903004,68.6931538397339,103.05999999999995,103.05999999999995
1201,2024,M,2,28,1.0040216126289132,1.0010136803574494,-25.88466679722501,-58.52852453587002,-30.7199999999998,-30.7199999999998
11386,2024,M,3,35,1.0040216126289132,1.0253560601168834,-124.61305827680712,-119.57426535216337,-85.52999999999997,-85.52999999999997
1195,2024,M,4,35,1.0040216126289132,1.0253560601168834,46.47790146104944,46.50231310083632,80.22000000000003,80.22000000000003
11382,2024,M,3,42,1.0040216126289132,1.044990956791416,-89.58091016651247,-58.156291966761955,-18.799999999999955,-18.799999999999955
1231,2024,M,2,35,1.0040216126289132,1.0253560601168834,-81.54627129450387,-77.80012287360569,-44.57999999999993,-44.57999999999993
11379,2024,M,3,35,1.0040216126289132,1.0253560601168834,-19.512807349412242,-17.63151894916473,14.329999999999927,14.329999999999927
1179,2024,M,2,35,0.9653200027110211,1.0253560601168834,37.937274981304654,148.45801017826102,144.39999999999986,144.39999999999986
1288,2024,M,3,35,0.9653200027110211,1.0253560601168834,-70.63593747639561,39.077597798835995,34.700000000000045,34.700000000000045
1337,2024,M,3,35,0.9653200027110211,1.0253560601168834,40.27968144819192,164.3634667496442,159.80000000000018,159.80000000000018
1207,2024,M,3,35,1.0040216126289132,1.0253560601168834,-37.11004167281817,-34.62680572483691,-0.5299999999999727,-0.5299999999999727
18982,2025,M,4,42,0.9755417230348995,1.0247836202964227,2.9000731549979264,63.02723215341007,86.89999999999986,86.89999999999986
11387,2024,M,2,14,1.0040216126289132,1.0136480424665775,-273.50401407496224,-256.95562420659417,-253.32000000000016,-253.32000000000016
11395,2024,M,3,42,1.0040216126289132,1.044990956791416,-50.66563504832129,-18.78039326214889,23.75999999999999,23.75999999999999
11396,2024,M,2,21,1.0040216126289132,1.0076752831681022,25.73058681010889,30.263372399955415,32.22000000000003,32.22000000000003
1213,2024,M,2,35,1.0040216126289132,1.0253560601168834,46.30505930924528,46.41756972161238,82.16000000000008,82.16000000000008
1325,2024,M,2,35,1.0040216126289132,1.0253560601168834,45.7691724027311,46.11247872060153,87.09999999999991,87.09999999999991
1305,2024,M,5,35,1.0040216126289132,1.0253560601168834,63.885566783052354,63.57534564531102,101.54000000000019,101.54000000000019
1274,2024,M,4,35,1.0040216126289132,1.0253560601168834,35.26297045338356,35.80380610839734,74.12000000000012,74.12000000000012
11422,2024,M,2,35,1.0040216126289132,1.0253560601168834,201.12662990891522,197.3304676839707,248.11000000000013,248.11000000000013
1273,2024,M,4,28,1.0040216126289132,1.0010136803574494,663.4256390047772,606.2552175835849,655.0800000000002,655.0800000000002
1333,2024,M,2,14,1.0040216126289132,1.0136480424665775,-33.95832236455749,-24.07492324918212,-14.519999999999982,-14.519999999999982
11394,2024,M,2,14,1.0040216126289132,1.0136480424665775,85.89457832716448,91.1764874213336,102.22000000000003,102.22000000000003
11389,2024,M,3,42,1.0040216126289132,1.044990956791416,-62.494226473248546,-31.4890241820151,9.019999999999982,9.019999999999982
11397,2024,M,2,35,1.0040216126289132,1.0253560601168834,-71.36006177474655,-67.76975626494686,-31.090000000000146,-31.090000000000146
2354,2024,M,3,42,1.0040216126289132,1.044990956791416,-95.44148213753829,-61.31683198942619,-18.460000000000036,-18.460000000000036
1341,2024,M,4,35,1.0040216126289132,1.0253560601168834,-146.5767445505935,-140.78123332226528,-103.94000000000005,-103.94000000000005
11392,2024,M,2,14,1.0040216126289132,1.0136480424665775,-0.8856939103447985,7.097464258026093,16.329999999999927,16.329999999999927
1697,2024,M,4,35,1.0040216126289132,1.0253560601168834,-7.428339097553817,-5.523665849646022,35.61999999999989,35.61999999999989
1436,2024,M,3,35,1.0040216126289132,1.0253560601168834,247.3997377704709,242.4097731238221,297.0600000000004,297.0600000000004
1203,2024,M,2,14,1.0040216126289132,1.0136480424665775,-10.246815796651845,-2.2427081846910824,6.480000000000018,6.480000000000018
11400,2024,M,4,35,1.0040216126289132,1.0253560601168834,82.13026808547693,81.30245900717205,119.64999999999986,119.64999999999986
11405,2024,M,2,35,1.0040216126289132,1.0253560601168834,76.42683878934281,75.79397945414757,114.82999999999993,114.82999999999993
1257,2024,M,3,35,1.0040216126289132,1.0253560601168834,-36.89698274698594,-34.35286992201918,1.3799999999998818,1.3799999999998818
1260,2024,M,2,14,1.0040216126289132,1.0050747374002966,-207.92859110489485,-224.9663373169492,-204.91000000000008,-204.91000000000008
11388,2024,M,2,14,1.0040216126289132,1.0136480424665775,-48.93447851444307,-39.684154788682235,-31.720000000000027,-31.720000000000027
2437,2024,M,4,35,0.9602961339950643,1.0253560601168834,50.236189144362015,116.30576106738886,159.9000000000001,159.9000000000001
2896,2024,M,2,7,1.0010136803574494,1.0253560601168834,1.3890147106255881,36.875407634982594,41.399999999999864,41.399999999999864
16124,2024,M,3,35,0.9602961339950643,1.0253560601168834,130.56204529895376,201.58052254648555,250.20000000000005,250.20000000000005
16114,2024,M,3,35,0.9602961339950643,1.0253560601168834,8.364480162274958,77.37749379927823,121.89999999999986,121.89999999999986
2899,2024,M,4,35,0.9602961339950643,1.0253560601168834,35.57165273541159,109.25326653483262,157.4000000000001,157.4000000000001
2897,2024,M,2,7,1.0010136803574494,1.0253560601168834,-28.672658970938755,10.098661168420449,14.799999999999955,14.799999999999955
2438,2024,M,4,35,0.9602961339950643,1.0253560601168834,41.04445884746792,109.49051308054254,154.4000000000001,154.4000000000001
2456,2024,M,4,35,0.9602961339950643,1.0253560601168834,-3.9680842905193003,69.31688765041304,116.30000000000018,116.30000000000018
2473,2024,M,3,35,0.9602961339950643,1.0253560601168834,-4.402102508088319,72.38030161661004,121.59999999999991,121.59999999999991
16123,2024,M,3,35,0.9602961339950643,1.0253560601168834,-3.2019083769730514,71.18892857958144,118.89999999999986,118.89999999999986
28517,2025,M,3,21,1.600259551250741,0.9665925083721048,-48.381577711301816,-113.83581519722907,-734.8600000000001,-64.33173848928345
2474,2024,M,3,29,0.9606235487313902,1.0253560601168834,70.4555541705156,161.5549125857276,199.80000000000018,199.80000000000018
2469,2024,M,4,35,0.9602961339950643,1.0253560601168834,-18.007279801355253,61.70867079135428,112.50000000000023,112.50000000000023
2900,2024,M,4,35,0.9602961339950643,1.0253560601168834,-19.338504697522467,56.03111719974254,104.0,104.0
16132,2024,M,2,28,0.9602961339950643,1.0010136803574494,-39.51361625113168,-1.8754705017252036,42.899999999999864,42.899999999999864
2467,2024,M,4,35,0.9602961339950643,1.0253560601168834,-47.36581681328971,30.970008783629055,80.20000000000005,80.20000000000005
21482,2024,M,2,7,1.0010136803574494,1.0253560601168834,-22.681204804423942,20.402173645939456,25.700000000000045,25.700000000000045
2463,2024,M,4,35,0.9602961339950643,1.0253560601168834,149.24460050705466,233.1032559035416,290.4000000000001,290.4000000000001
28518,2025,M,2,7,0.9893563526092044,0.9665925083721048,69.4427262318286,29.542578513485523,31.8599999999999,31.8599999999999
2,2024,M,2,14,0.9998808513939434,1.0271074027870088,-24.41719349073719,-27.51338912148026,15.299999999999955,15.299999999999955
8,2024,M,4,18,0.9998808513939434,1.632334798797122,1.1910146845352756,7.877329331597366,623.5999999999999,58.0866663653419
18728,2024,M,3,36,0.9998808513939434,1.0151912758821142,-65.9054156785055,-93.7636249948016,-40.40000000000009,-40.40000000000009
9,2024,M,2,18,0.9998808513939434,1.632334798797122,-115.5757074910473,-103.63415800003122,574.5,-52.507161580703496
471,2024,M,2,15,0.9998808513939434,1.0839380949029964,-98.06790780079018,-155.69440565284822,39.90000000000009,-117.60935750428735
27,2024,M,3,18,0.9998808513939434,1.632334798797122,2.1692566206970696,9.200825064023547,660.0,62.30298071133711
16141,2024,M,3,35,0.9602961339950643,1.0253560601168834,54.88626160153308,137.42193792239527,191.69999999999982,191.69999999999982
18730,2024,M,3,36,0.9998808513939434,1.0151912758821142,-65.87586547824503,-95.3687563127005,-39.0,-39.0
18731,2024,M,5,18,0.9998808513939434,1.632334798797122,46.45433123569296,51.68834209137549,696.7,105.89948478005249
18732,2024,M,3,18,0.9998808513939434,1.632334798797122,-58.64031450840912,-48.82898911249936,638.4000000000001,5.0710430229746635
26999,2025,M,3,28,0.9755417230348995,0.9893563526092044,10.391293846226517,17.57194858029129,34.700000000000045,34.700000000000045
150,2024,M,4,18,0.9998808513939434,1.632334798797122,30.31655582908502,36.688833809463176,728.0,94.09633435058163
18736,2024,M,4,36,0.9998808513939434,1.0151912758821142,135.32855110591117,99.02910214107351,161.4000000000001,161.4000000000001
18737,2024,M,2,18,0.9998808513939434,1.632334798797122,135.4185039632223,137.84264129136318,844.5,200.25157824750863
2487,2024,M,2,7,1.0010136803574494,1.0253560601168834,563.5707747745214,602.6148960249727,612.0999999999999,612.0999999999999
19364,2024,M,3,22,1.0183372823148584,1.0321616043911979,-32.546062468968785,-16.523705130111694,-9.900000000000091,-9.900000000000091
18773,2024,M,2,22,0.9852248651388742,1.0051250409325547,34.62732679866872,87.00835931244364,73.80999999999995,73.80999999999995
26835,2025,M,5,57,1.649793267828331,1.0247836202964227,-4.56918769486947e-08,6.078487376727708,-646.0,33.89999482304347
689,2025,M,4,42,0.9755417230348995,1.0247836202964227,241.5212970982127,303.34023205879794,331.0999999999999,331.0999999999999
28519,2025,M,3,21,1.600259551250741,0.9665925083721048,-9.897117757202295,-73.17753167601109,-683.75,-24.281667596912712
1584,2025,M,4,43,1.649793267828331,0.9893563526092044,-0.16657983489926664,-48.235698904223,-705.56,-27.264754031806888
26180,2025,M,5,42,0.9755417230348995,1.0247836202964227,1.9998479769567439,66.50427167999192,92.09999999999991,92.09999999999991
1557,2025,M,5,57,1.649793267828331,1.0247836202964227,-27.240629507497488,-20.382072099963807,-677.4000000000001,7.571001204370759
27014,2025,M,4,42,0.9755417230348995,1.0247836202964227,42.42732237200221,106.80828426337416,132.9000000000001,132.9000000000001
27016,2025,M,3,28,0.9755417230348995,0.9893563526092044,44.01362778999692,52.0766073996931,71.21000000000004,71.21000000000004
19390,2025,M,4,42,0.9755417230348995,1.0247836202964227,-25.234600682003247,41.49094273294986,67.59999999999991,67.59999999999991
19010,2025,M,6,57,1.649793267828331,1.0247836202964227,100.7141706607124,104.70172113773447,-614.2,135.66704489452354
1589,2025,M,6,57,1.649793267828331,1.0247836202964227,-113.57822381862366,-103.8165209604656,-822.7,-73.47485464741658
7697,2025,M,5,57,1.649793267828331,1.0247836202964227,-11.273316478489278,-4.311151264174441,-718.5999999999999,26.131848559002265
26097,2025,M,3,21,1.600259551250741,0.9665925083721048,169.4088124474872,95.29383280506636,-669.75,157.64567157005922
26837,2025,M,3,43,1.649793267828331,0.9893563526092044,49.73338159835612,-5.760727114473866,-767.0699999999999,18.871799151562072
557,2025,M,3,21,1.600259551250741,0.9665925083721048,51.312189241626356,-21.471153578697113,-741.03,36.528591133823056
26112,2025,M,3,21,1.600259551250741,0.9665925083721048,151.09189517248728,76.38991375325554,-689.29,138.68338115780534
11517,2025,M,2,43,1.649793267828331,0.9893563526092044,279.1882787096911,211.4610273547205,-728.4000000000001,243.37171654324538
7701,2025,M,3,43,1.649793267828331,0.9893563526092044,92.53786993015592,28.297934732417616,-854.71,57.10829932603201
731,2025,M,5,42,0.9755417230348995,1.0247836202964227,-44.60308441156508,19.99522310510679,45.0,45.0
27003,2025,M,4,42,0.9755417230348995,1.0247836202964227,-148.11801099135482,-83.22593469007506,-59.5,-59.5
4603,2024,M,2,36,0.9998808513939434,1.0151912758821142,60.34549272502568,26.483388426589272,86.79999999999995,86.79999999999995
19,2024,M,6,36,0.9998808513939434,1.0151912758821142,25.547997921751403,-5.776150808147122,51.0,51.0
16113,2024,M,2,35,0.9602961339950643,1.0253560601168834,-140.93363235496872,-68.85804820551971,-25.800000000000182,-25.800000000000182
16115,2024,M,2,35,0.9602961339950643,1.0253560601168834,-100.15540178850165,-27.784835777479884,16.40000000000009,16.40000000000009
16117,2024,M,2,35,0.9602961339950643,1.0253560601168834,106.47339136397932,174.3514485462124,220.4000000000001,220.4000000000001
735,2024,M,3,35,0.9602961339950643,1.0253560601168834,52.72603956554849,124.42957549459152,171.69999999999982,171.69999999999982
4700,2024,M,3,35,0.9602961339950643,1.0253560601168834,-17.59381005844807,59.18550412602508,108.09999999999991,108.09999999999991
752,2024,M,2,7,0.9602961339950643,0.9456467721094698,-51.293011430411525,-71.0071175168282,-85.09999999999991,-85.09999999999991
2465,2024,M,2,35,0.9602961339950643,1.0253560601168834,-70.04022822392176,9.510684440866044,59.0,59.0
16129,2024,M,2,35,0.9602961339950643,1.0253560601168834,-149.66120181619362,-67.46096966620007,-18.100000000000136,-18.100000000000136
16131,2024,M,2,35,0.9602961339950643,1.0253560601168834,52.26914699019039,128.88479867316119,179.30000000000018,179.30000000000018
16135,2024,M,2,35,0.9602961339950643,1.0253560601168834,11.616678460281719,91.32965824802886,142.79999999999995,142.79999999999995
16139,2024,M,2,35,0.9602961339950643,1.0253560601168834,11.766875130412927,93.3956209455373,146.0999999999999,146.0999999999999
5408,2024,M,3,35,0.9602961339950643,1.0253560601168834,-14.346114881589529,68.99555213056647,122.20000000000005,122.20000000000005
787,2024,M,2,35,0.9602961339950643,1.0253560601168834,-160.39741407368956,-72.72757422691166,-20.09999999999991,-20.09999999999991
784,2024,M,2,35,0.9602961339950643,1.0253560601168834,42.85600617718774,124.78692362894026,178.4000000000001,178.4000000000001
16140,2024,M,2,35,0.9602961339950643,1.0253560601168834,146.05784326901903,225.5081749027188,279.9000000000001,279.9000000000001
16142,2024,M,2,35,0.9602961339950643,1.0253560601168834,20.411659452202912,104.08413469171433,158.29999999999995,158.29999999999995
16143,2024,M,2,35,0.9602961339950643,1.0253560601168834,0.03598254950520641,85.4401399570911,140.29999999999973,140.29999999999973
4369,2024,M,2,7,0.9602961339950643,0.9456467721094698,45.32120316963892,25.23209245947737,13.099999999999909,13.099999999999909
16146,2024,M,2,35,0.9602961339950643,1.0253560601168834,232.31407319544678,314.6633852855434,372.89999999999986,372.89999999999986
799,2024,M,2,35,0.9602961339950643,1.0253560601168834,50.37351579508504,139.43429239860598,197.79999999999973,197.79999999999973
16147,2024,M,2,35,0.9602961339950643,1.0253560601168834,-7.1804295826154885,84.54534566295615,143.30000000000018,143.30000000000018
16148,2024,M,2,35,0.9602961339950643,1.0253560601168834,-253.20288507819532,-153.2709232076768,-94.90000000000009,-94.90000000000009
2478,2024,M,4,35,0.9602961339950643,1.0253560601168834,148.29384039431352,240.9037652224456,303.7999999999997,303.7999999999997
16112,2024,M,2,7,0.9602961339950643,0.9456467721094698,6.783159238482085,-9.187274670901616,-19.5,-19.5
18879,2024,M,3,35,1.0172475591641226,1.044990956791416,-79.15023583566904,-32.9016622348729,-28.049999999999955,-28.049999999999955
913,2024,M,2,28,1.0050747374002966,1.044990956791416,-0.4442891554685957,51.1021625982637,72.21000000000004,72.21000000000004
18565,2024,M,3,42,0.972724327759066,1.044990956791416,-39.918280702521315,24.543429253256818,95.00999999999999,95.00999999999999
18564,2024,M,2,42,0.972724327759066,1.044990956791416,-54.25081342126646,10.480693606490604,80.51999999999998,80.51999999999998
4315,2024,M,3,42,1.0040216126289132,1.044990956791416,96.34175612187778,124.3556835540362,170.8599999999999,170.8599999999999
2108,2023,M,3,21,1.0222066434678903,1.013899401687934,66.07153845548851,46.88294553216497,51.67000000000007,51.67000000000007
2110,2023,M,2,21,1.0222066434678903,1.013899401687934,25.30353629800811,6.072629407226714,11.009999999999991,11.009999999999991
2112,2023,M,2,21,1.0222066434678903,1.013899401687934,97.53145344661311,77.18897509170961,82.17000000000007,82.17000000000007
2113,2023,M,3,21,1.0222066434678903,1.013899401687934,57.167599035683,37.32050596547333,42.309999999999945,42.309999999999945
2114,2023,M,2,21,1.0222066434678903,1.013899401687934,30.484989971369487,10.951206902727336,15.950000000000045,15.950000000000045
2115,2023,M,2,21,1.0222066434678903,1.013899401687934,-12.901277366558816,-31.882703687951107,-26.87999999999988,-26.87999999999988
2116,2023,M,3,21,1.0222066434678903,1.013899401687934,41.24384574106375,21.463564627450978,26.49000000000001,26.49000000000001
2117,2023,M,2,21,1.0222066434678903,1.013899401687934,-43.37895219073448,-62.017151055160866,-57.0,-57.0
2119,2023,M,2,14,1.0222066434678903,1.0105281107549364,0.6166310109326787,-22.59323895049897,-20.029999999999973,-20.029999999999973
2121,2023,M,2,14,1.0222066434678903,1.0105281107549364,-64.61511954240268,-87.42848994316637,-84.93000000000006,-84.93000000000006
2122,2023,M,3,21,1.0222066434678903,1.013899401687934,53.08247285524908,32.127003409722874,37.42000000000007,37.42000000000007
2123,2023,M,3,21,1.0222066434678903,1.013899401687934,-1.579464884197705,-21.91875059940662,-16.59999999999991,-16.59999999999991
2127,2023,M,3,21,1.0222066434678903,1.013899401687934,94.29503262631624,72.091831724229,77.56999999999994,77.56999999999994
2128,2023,M,3,21,1.0222066434678903,1.013899401687934,51.108969923773884,29.458774497472405,34.940000000000055,34.940000000000055
2129,2023,M,3,21,1.0222066434678903,1.013899401687934,31.495565716923466,10.057082640204044,15.549999999999955,15.549999999999955
928,2023,M,3,35,0.9743925848238568,1.013899401687934,-325.9582994765792,-262.84167477817664,-242.4799999999998,-242.4799999999998
2132,2023,M,2,21,1.0222066434678903,1.013899401687934,-152.24721748240654,-171.48591293685854,-165.94000000000005,-165.94000000000005
2134,2023,M,3,21,1.0222066434678903,1.013899401687934,-194.23476902512743,-213.37313011212677,-207.7099999999998,-207.7099999999998
2138,2023,M,3,21,1.0222066434678903,1.013899401687934,12.496261610298006,-10.276337652224584,-4.370000000000118,-4.370000000000118
2140,2023,M,3,21,1.0222066434678903,1.013899401687934,2.0812841683300576,-20.773343717389707,-14.809999999999945,-14.809999999999945
2141,2023,M,3,21,1.0222066434678903,1.013899401687934,89.9656771541529,65.64348611515811,71.69000000000005,71.69000000000005
2142,2023,M,2,21,1.0222066434678903,1.013899401687934,173.84480610032006,148.01658520284036,154.17000000000007,154.17000000000007
2144,2023,M,2,21,1.0222066434678903,1.013899401687934,-36.5367322448169,-59.93808619770016,-53.70000000000027,-53.70000000000027
2157,2023,M,2,21,1.0222066434678903,1.013899401687934,11.475947368925972,-15.388853777062195,-8.409999999999854,-8.409999999999854
2159,2023,M,2,21,1.0222066434678903,1.013899401687934,-2.1405516173294927,-29.614498017943333,-22.43000000000029,-22.43000000000029
2168,2023,M,3,21,0.9965042066929889,1.0102464666879931,-23.124730899476845,-13.866985436153755,0.2999999999999545,0.2999999999999545
2169,2023,M,2,7,0.9965042066929889,1.0302154563585435,29.68952305765356,77.00563812657106,85.36000000000013,85.36000000000013
2170,2023,M,2,21,0.9965042066929889,1.0102464666879931,59.472985587143285,67.96538282899883,82.59999999999991,82.59999999999991
2171,2023,M,2,7,0.9965042066929889,1.0302154563585435,11.550395111058378,60.38916761836231,68.80000000000018,68.80000000000018
2172,2023,M,3,21,0.9965042066929889,1.0102464666879931,-40.27403247953748,-30.513530201880485,-15.900000000000091,-15.900000000000091
2173,2023,M,3,21,0.9965042066929889,1.0102464666879931,-56.083273353030336,-45.962314226042054,-31.100000000000136,-31.100000000000136
2174,2023,M,2,21,0.9965042066929889,1.0102464666879931,40.994579037099584,50.050213355211326,65.20000000000005,65.20000000000005
2175,2023,M,2,21,0.9965042066929889,1.0102464666879931,-11.589083592657744,-1.8935075394383603,13.200000000000045,13.200000000000045
2176,2023,M,3,21,0.9965042066929889,1.0102464666879931,23.397757501440765,32.7068710437984,47.90000000000009,47.90000000000009
2177,2023,M,3,21,0.9965042066929889,1.0102464666879931,4.786642963917302,14.517732918884576,30.0,30.0
2179,2023,M,2,21,0.9965042066929889,1.0102464666879931,8.743132967405472,18.498689518646188,34.09999999999991,34.09999999999991
2180,2023,M,2,21,0.9965042066929889,1.0102464666879931,-179.38514409142454,-166.93708720991503,-150.89999999999986,-150.89999999999986
2181,2023,M,2,21,0.9965042066929889,1.0102464666879931,76.75772274337578,86.24359880104998,102.79999999999995,102.79999999999995
2182,2023,M,2,7,0.9965042066929889,1.0302154563585435,94.67880110855685,147.8327820118118,157.9000000000001,157.9000000000001
2184,2023,M,3,21,0.9965042066929889,1.0102464666879931,83.32184282472645,93.27364113144517,110.70000000000027,110.70000000000027
2193,2023,M,2,28,0.9525691812401954,0.9832767564651493,-87.64144088395892,-110.55903989332296,-38.039999999999964,-38.039999999999964
2194,2023,M,2,28,0.9525691812401954,0.9832767564651493,-62.967216959724055,-87.34293227786361,-8.879999999999882,-8.879999999999882
2195,2023,M,2,28,0.9525691812401954,0.9832767564651493,29.269854121534763,5.838272679771762,85.21000000000004,85.21000000000004
2197,2023,M,2,28,0.9525691812401954,0.9832767564651493,-1209.3884282035244,-1247.5702221669874,-1173.5000000000002,-1173.5000000000002
2199,2023,M,2,28,0.9525691812401954,0.9832767564651493,-70.40895483487816,-95.58164028790429,-14.789999999999964,-14.789999999999964
2200,2023,M,2,28,0.9525691812401954,0.9832767564651493,41.28209612660976,15.719869335064914,102.72000000000003,102.72000000000003
2201,2023,M,2,28,0.9525691812401954,0.9832767564651493,13.155286052951396,-13.4416274904288,75.76999999999998,75.76999999999998
2202,2023,M,2,28,0.9525691812401954,0.9832767564651493,204.16589890828254,173.62815638856137,284.3699999999999,284.3699999999999
2210,2023,M,3,28,1.0094889243713958,0.9832767564651493,20.2192295576956,-87.1128318435176,-23.059999999999945,-23.059999999999945
2211,2023,M,2,28,1.0094889243713958,0.9832767564651493,-23.329804801726823,-133.95224424490516,-68.48000000000002,-68.48000000000002
2213,2023,M,2,28,1.0094889243713958,0.9832767564651493,-9.79210589475474,-125.72708977171692,-56.930000000000064,-56.930000000000064
2214,2023,M,2,28,1.0094889243713958,0.9832767564651493,-5.778418884781104,-122.04169591634036,-53.0,-53.0
2215,2023,M,2,28,1.0094889243713958,0.9832767564651493,30.584434131697435,-85.50838663133891,-16.11999999999989,-16.11999999999989
2218,2023,M,2,28,1.0094889243713958,0.9832767564651493,33.65846932750242,-90.08303078935796,-16.1099999999999,-16.1099999999999
2219,2023,M,3,28,1.0094889243713958,0.9832767564651493,65.54598071887631,-59.010195041111274,15.840000000000146,15.840000000000146
2220,2023,M,2,28,1.0094889243713958,0.9832767564651493,32.91229091579589,-92.36941520715254,-17.49000000000001,-17.49000000000001
2223,2023,M,2,28,1.0094889243713958,0.9832767564651493,39.823713860206226,-93.16749631454763,-13.61999999999989,-13.61999999999989
2235,2023,M,2,28,0.9970583502367529,1.0224771219587239,-36.87527715089141,-34.066765664869536,7.5,7.5
2236,2023,M,2,28,0.9970583502367529,1.0224771219587239,2.480497161138601,4.276108515657825,46.09999999999991,46.09999999999991
2258,2023,M,3,28,0.9982291205447378,0.9832767564651493,-22.015392516575048,-81.20619551974323,-47.42000000000007,-47.42000000000007
2259,2023,M,4,28,0.9982291205447378,0.9832767564651493,6.105640332850953,-52.89981308041706,-18.87999999999988,-18.87999999999988
2260,2023,M,3,28,0.9982291205447378,0.9832767564651493,-24.75616564886832,-84.69117926066315,-50.50999999999999,-50.50999999999999
2261,2023,M,3,28,0.9982291205447378,0.9832767564651493,-8.096157492440398,-68.24681917569137,-33.74000000000001,-33.74000000000001
2263,2023,M,3,28,0.9982291205447378,0.9832767564651493,-98.67296131249918,-161.03051948777716,-126.34999999999991,-126.34999999999991
2264,2023,M,2,28,0.9982291205447378,0.9832767564651493,-39.92952083029354,-101.87314933379093,-66.72000000000003,-66.72000000000003
2265,2023,M,3,28,0.9982291205447378,0.9832767564651493,-23.244287647675947,-86.12296960007393,-50.23000000000002,-50.23000000000002
2267,2023,M,3,28,0.9982291205447378,0.9832767564651493,30.32055417165361,-34.166205427186924,3.2999999999999545,3.2999999999999545
2268,2023,M,3,28,0.9982291205447378,0.9832767564651493,3.3470466217429475,-61.752212255637005,-24.25999999999999,-24.25999999999999
2269,2023,M,2,7,0.9982291205447378,1.0456592804124711,2.1545523642450917,46.03232943759485,84.79999999999995,84.79999999999995
2270,2023,M,2,28,0.9982291205447378,0.9832767564651493,-270.854271355365,-339.3229630133101,-303.21000000000026,-303.21000000000026
2272,2023,M,2,7,0.9982291205447378,1.0456592804124711,23.377439132950713,67.55757544003495,107.59999999999991,107.59999999999991
2273,2023,M,2,7,0.9982291205447378,1.0456592804124711,141.59306336939426,180.97195311849282,222.39999999999986,222.39999999999986
2275,2023,M,3,28,0.9982291205447378,0.9832767564651493,34.59137901472786,-34.257299568218286,5.769999999999982,5.769999999999982
2276,2023,M,3,28,0.9982291205447378,0.9832767564651493,89.50275465952336,20.805303438955207,61.41000000000008,61.41000000000008
2277,2023,M,2,28,0.9982291205447378,0.9832767564651493,-23.51835719051519,-94.50306269229009,-53.94999999999982,-53.94999999999982
2279,2023,M,3,28,0.9982291205447378,0.9832767564651493,132.03378794395962,59.60277780374486,102.86999999999989,102.86999999999989
2283,2023,M,2,28,0.9982291205447378,0.9832767564651493,16.340817712713942,-61.73468544088064,-16.61999999999989,-16.61999999999989
2284,2023,M,2,28,0.9982291205447378,0.9832767564651493,110.81096100469676,33.504988539856186,79.32000000000016,79.32000000000016
2285,2023,M,2,7,0.9982291205447378,1.0456592804124711,90.77454832128296,139.63296795888664,187.00000000000023,187.00000000000023
2288,2023,M,2,28,0.9982291205447378,0.9832767564651493,-19.270704781101813,-107.25346952153495,-56.86999999999989,-56.86999999999989
2289,2023,M,3,28,0.9982291205447378,0.9832767564651493,171.89139928698296,84.1557192434625,136.71000000000004,136.71000000000004
2343,2023,M,2,21,0.987750608761983,1.0102464666879931,-1.7004541394228454,26.11900845969126,35.799999999999955,35.799999999999955
2344,2023,M,2,21,0.987750608761983,1.0102464666879931,13.467336249459095,41.69080532007206,51.59999999999991,51.59999999999991
2345,2023,M,3,21,0.987750608761983,1.0102464666879931,6.472899487396717,35.24131181902521,45.299999999999955,45.299999999999955
2347,2023,M,2,21,0.987750608761983,1.013899401687934,-109.60160024936908,-74.99047259859299,-62.2800000000002,-62.2800000000002
2348,2023,M,2,21,0.987750608761983,1.013899401687934,43.23477788332184,76.69043812903351,89.81000000000017,89.81000000000017
2349,2023,M,2,21,0.987750608761983,1.0102464666879931,2.378495167240999,32.64356773449458,43.200000000000045,43.200000000000045
1239,2023,M,4,35,1.0234888428130102,1.013899401687934,-37.622671267015676,-70.70113887855246,-53.63000000000011,-53.63000000000011
2350,2023,M,2,21,0.987750608761983,1.0102464666879931,-7.989213909167802,22.518746794279195,33.09999999999991,33.09999999999991
2351,2023,M,2,21,0.987750608761983,1.0102464666879931,21.644337923682997,51.926509675443185,62.59999999999991,62.59999999999991
2352,2023,M,2,21,0.987750608761983,1.0102464666879931,5.623747805406765,36.21220380378236,46.90000000000009,46.90000000000009
2353,2023,M,2,21,0.987750608761983,1.0102464666879931,-68.86252183078659,-36.704873170225255,-25.90000000000009,-25.90000000000009
2354,2023,M,3,21,0.987750608761983,1.013899401687934,-111.17971999048177,-73.97861191517882,-60.27999999999997,-60.27999999999997
1222,2023,M,4,35,1.0234888428130102,1.013899401687934,-22.531945830693303,-54.97434878668764,-38.32999999999993,-38.32999999999993
2361,2023,M,2,21,0.987750608761983,1.0102464666879931,118.4808759886539,150.47257054196598,162.29999999999995,162.29999999999995
2363,2023,M,2,21,0.987750608761983,1.0102464666879931,33.09663943918122,66.25763889397672,78.0,78.0
2365,2023,M,2,7,0.987750608761983,0.985229846808658,-95.95933027137357,-103.41367574414062,-102.69999999999982,-102.69999999999982
2366,2023,M,3,21,0.987750608761983,1.0102464666879931,85.0615265172305,118.39714252382964,130.50000000000023,130.50000000000023
2367,2023,M,2,21,0.987750608761983,1.0102464666879931,7.9725589235622465,42.37134546947823,54.399999999999864,54.399999999999864
2368,2023,M,2,21,0.987750608761983,1.0102464666879931,51.037682877779844,85.12981927518786,97.30000000000018,97.30000000000018
2369,2023,M,2,21,0.987750608761983,1.0102464666879931,58.69549219828514,93.45365192914483,105.89999999999986,105.89999999999986
2370,2023,M,2,21,0.987750608761983,1.0102464666879931,372.02424856346533,403.1960510677079,416.2000000000003,416.2000000000003
2371,2023,M,2,14,0.987750608761983,1.0105281107549364,54.224443545183476,90.31291826911047,103.0,103.0
2373,2023,M,3,21,0.987750608761983,1.013899401687934,-36.213355645053525,6.218938694868484,22.34999999999991,22.34999999999991
2375,2023,M,2,21,0.987750608761983,1.013899401687934,41.17168216336222,83.2520666039295,99.67999999999984,99.67999999999984
2437,2023,M,2,21,1.0479976806680726,1.0102464666879931,-32.85268222086029,-113.1485470452294,-90.90000000000009,-90.90000000000009
2438,2023,M,3,21,1.0479976806680726,1.0102464666879931,-21.429346904490103,-101.87032594982657,-79.59999999999991,-79.59999999999991
2439,2023,M,2,21,1.0479976806680726,1.0102464666879931,-36.00819119987318,-118.37648317035814,-95.54999999999995,-95.54999999999995
2440,2023,M,2,21,1.0479976806680726,1.0102464666879931,-21.850282569002957,-106.61664845502287,-83.15000000000009,-83.15000000000009
2441,2023,M,2,13,1.0479976806680726,0.9544173546879356,-73.92925393244377,-266.45028388801074,-241.80999999999995,-241.80999999999995
2442,2023,M,2,21,1.0479976806680726,1.0102464666879931,23.245115873834493,-64.40004204210322,-40.210000000000036,-40.210000000000036
2443,2023,M,3,21,1.0479976806680726,1.0102464666879931,29.224955693512356,-58.7107627750911,-34.450000000000045,-34.450000000000045
2445,2023,M,2,21,1.0479976806680726,1.0102464666879931,-28.783685498471186,-117.0296168906998,-92.59000000000015,-92.59000000000015
2447,2023,M,3,21,1.0479976806680726,1.0102464666879931,-38.38596863496923,-127.60364291738392,-102.88000000000011,-102.88000000000011
2448,2023,M,2,21,1.0479976806680726,1.0102464666879931,-43.25418787914964,-132.9411907135136,-108.07999999999993,-108.07999999999993
2449,2023,M,3,21,1.0479976806680726,1.0102464666879931,20.570344515294437,-69.89348849588532,-44.92000000000007,-44.92000000000007
2450,2023,M,2,21,1.0479976806680726,1.0102464666879931,-192.27505981766808,-280.4671307565636,-255.7800000000002,-255.7800000000002
2453,2023,M,3,21,1.0479976806680726,1.0102464666879931,0.49175734011555505,-90.98598469218905,-65.70000000000005,-65.70000000000005
2454,2023,M,3,21,1.0479976806680726,1.0102464666879931,113.17497756750777,20.201377804699632,45.72000000000003,45.72000000000003
2455,2023,M,3,21,1.0479976806680726,1.0102464666879931,-16.479873241013593,-107.95154643312094,-82.63999999999987,-82.63999999999987
2456,2023,M,3,21,1.0479976806680726,1.0102464666879931,73.88924555522522,-19.21885486176143,6.400000000000091,6.400000000000091
2459,2023,M,3,21,1.0479976806680726,1.0102464666879931,-34.58685519593905,-128.3279276451758,-102.36000000000013,-102.36000000000013
2460,2023,M,3,21,1.0479976806680726,1.0102464666879931,-24.657929625987208,-118.5275164432544,-92.53999999999996,-92.53999999999996
2463,2023,M,3,21,1.0479976806680726,1.0102464666879931,-32.48240596072924,-126.50136491920352,-100.46000000000004,-100.46000000000004
2464,2023,M,3,21,1.0479976806680726,1.0102464666879931,-39.66117593932381,-134.16764772591955,-107.98000000000002,-107.98000000000002
2465,2023,M,2,21,1.0479976806680726,1.0102464666879931,-132.30493149387758,-226.6938437110814,-200.3900000000001,-200.3900000000001
2466,2023,M,3,21,1.0479976806680726,1.0102464666879931,7.302341000371143,-88.76325259295095,-62.22000000000003,-62.22000000000003
2467,2023,M,3,21,1.0479976806680726,1.0102464666879931,-71.1333492752276,-166.48056264912475,-140.01,-140.01
2468,2023,M,3,21,1.0479976806680726,1.0102464666879931,-25.084184723566068,-121.76540853841334,-95.0,-95.0
2469,2023,M,3,21,1.0479976806680726,1.0102464666879931,-91.89064289038674,-189.05663447278403,-162.04999999999995,-162.04999999999995
2470,2023,M,2,21,1.0479976806680726,1.0102464666879931,-34.73857652564698,-133.01065698270918,-105.78999999999996,-105.78999999999996
2471,2023,M,3,21,1.0479976806680726,1.0102464666879931,102.27056535162228,2.3410975068959488,29.799999999999955,29.799999999999955
2473,2023,M,2,21,1.0479976806680726,1.0102464666879931,-124.32943787699537,-223.28276286315668,-195.7299999999998,-195.7299999999998
2474,2023,M,3,21,1.0479976806680726,1.0102464666879931,-109.32493847044157,-208.52760515483078,-180.9300000000003,-180.9300000000003
2476,2023,M,3,21,1.0479976806680726,1.0102464666879931,-1.2011381160891688,-108.3370058744731,-78.7199999999998,-78.7199999999998
2478,2023,M,3,21,1.0479976806680726,1.0102464666879931,3.4416080966502705,-104.2267474788514,-74.4699999999998,-74.4699999999998
2481,2023,M,3,21,1.0479976806680726,1.0102464666879931,-61.34776866207085,-171.19227815426302,-140.73000000000002,-140.73000000000002
2482,2023,M,2,21,1.0479976806680726,1.0102464666879931,-0.25467855684428287,-114.41807422150214,-82.86000000000013,-82.86000000000013
2484,2023,M,3,21,1.0479976806680726,1.0102464666879931,27.9737584515683,-87.8938576960345,-55.909999999999854,-55.909999999999854
2487,2023,M,3,21,1.0479976806680726,1.0102464666879931,-67.12751803696028,-188.62186625399272,-154.9300000000003,-154.9300000000003
2489,2023,M,2,21,1.0479976806680726,1.0102464666879931,-144.6769177209212,-272.89492183794255,-237.2199999999998,-237.2199999999998
2491,2023,M,2,13,1.0479976806680726,0.9544173546879356,-11.99901928679401,-330.037875194565,-288.5300000000002,-288.5300000000002
2492,2023,M,2,28,0.9311860485419261,0.9490501297644769,97.92704586142099,100.74207506218636,137.0,137.0
2493,2023,M,2,28,0.9311860485419261,0.9490501297644769,47.67988761879292,48.67856044311043,85.09999999999991,85.09999999999991
2495,2023,M,2,28,0.9668405049473076,0.9490501297644769,-0.9769091624807515,-48.9520013799081,-39.59999999999991,-39.59999999999991
2496,2023,M,3,28,0.9668405049473076,0.9490501297644769,-124.68482086135009,-185.7190574902388,-176.9000000000001,-176.9000000000001
2497,2023,M,3,28,0.9668405049473076,0.9490501297644769,38.70715120837917,-0.7834947690364515,7.899999999999864,7.899999999999864
1379,2023,M,2,14,1.0234888428130102,1.0479976806680726,-91.23097359747999,-25.823182390625107,-38.82999999999993,-38.82999999999993
2541,2023,M,2,14,1.6271325644226537,0.9518325863478846,6.116386515196382,-62.72447310864936,-689.0,-59.81006899023123
2542,2023,M,3,28,1.6271325644226537,0.9490501297644769,56.859061614426764,-10.057628208543065,-646.0,-11.803252563097658
2543,2023,M,3,28,1.6271325644226537,0.9490501297644769,59.219265988799634,-8.031811771233151,-647.8,-9.751855311456666
2544,2023,M,3,28,1.6271325644226537,0.9490501297644769,22.656126732169696,-46.78755838045049,-695.3999999999999,-49.19973112881598
2545,2023,M,3,28,1.6271325644226537,0.9490501297644769,66.44844710640245,-1.5911296725053035,-650.9000000000001,-3.223362182353867
2546,2023,M,3,28,1.6271325644226537,0.9490501297644769,33.06911194758209,-36.20491546674225,-686.4999999999999,-38.43822245718957
2548,2023,M,2,28,1.6271325644226537,0.9490501297644769,-41.036496810037306,-113.56530930084205,-770.8,-117.15369644231009
2549,2023,M,3,28,1.6271325644226537,0.9490501297644769,39.80962273834393,-30.05402764095834,-687.9000000000001,-32.19961790810157
2538,2023,M,2,28,1.6271325644226537,0.9490501297644769,-17.744767505284017,-84.20051425051543,-692.5999999999999,-87.16035204201785
2551,2023,M,2,28,1.6271325644226537,0.9490501297644769,-69.16551086180175,-144.00430916210598,-813.8,-148.15017500802855
1546,2023,M,3,42,0.9798361238155985,0.9490501297644769,57.63326302200039,-15.37695189740748,3.7000000000000455,3.7000000000000455
2555,2023,M,3,28,1.6271325644226537,0.9490501297644769,65.6978285621924,-5.5438103256362865,-684.2,-7.316933024075524
2556,2023,M,3,28,1.6271325644226537,0.9490501297644769,16.729627293293788,-57.28739905751263,-746.3,-59.9810097575546
2557,2023,M,2,28,1.6271325644226537,0.9490501297644769,-15.985107495934926,-91.31053940638617,-782.2,-94.59721067367445
2559,2023,M,2,15,1.6271325644226537,0.9474131512266276,-24.225102071828132,-130.41547266061116,-797.4000000000001,-106.84447278074958
1562,2023,M,2,14,0.9798361238155985,1.6271325644226537,-4.2278571545659815,-5.407228706200385,707.5,15.85324355945113
2563,2023,M,2,28,1.6271325644226537,0.9490501297644769,33.64031348890035,-41.25895953433064,-743.7,-43.708549514228935
2564,2023,M,2,14,1.6271325644226537,0.9518325863478846,-55.81747792852639,-134.794894811105,-833.6000000000001,-132.45313033873663
2565,2023,M,3,28,1.6271325644226537,0.9490501297644769,0.1396397444852937,-76.24964720106345,-782.0,-79.31257143807989
2566,2023,M,3,28,1.6271325644226537,0.9490501297644769,32.990388938780825,-42.24613975199509,-747.5999999999999,-44.72000157549792
2569,2023,M,2,14,1.6271325644226537,0.9518325863478846,-30.115196027691354,-109.37557450811846,-818.8,-106.6124582173652
2570,2023,M,2,14,1.6271325644226537,0.9518325863478846,-11.855440154486587,-90.48408133132648,-799.8999999999999,-87.45569840058897
2571,2023,M,2,28,1.6271325644226537,0.9490501297644769,-24.641132641107106,-103.01840099098376,-819.4000000000001,-106.57055867542522
2572,2023,M,3,21,1.6271325644226537,1.0102464666879931,-38.66620462805963,-29.826996117773888,-716.5,-3.5421787670370577
2576,2023,M,3,21,1.6271325644226537,1.0102464666879931,3.418232446196953,11.81597780992115,-679.3,38.343687889126386
2579,2023,M,2,28,1.6271325644226537,0.9490501297644769,70.59249019330878,-5.568619317088405,-731.2,-7.458266462441998
2580,2023,M,3,28,1.6271325644226537,0.9490501297644769,48.737770996729296,-28.406543678673643,-756.3,-30.696757790815354
2584,2023,M,3,21,1.6271325644226537,1.0102464666879931,258.6907556827448,264.24934470938,-440.5999999999999,291.74318739955675
2586,2023,M,2,28,1.6271325644226537,0.9490501297644769,-35.6278778823289,-117.59386108617491,-863.7,-121.47155965456477
2587,2023,M,2,28,1.6271325644226537,0.9490501297644769,-87.72820985820726,-172.48378570211412,-928.0999999999999,-177.33429574676006
2589,2023,M,2,14,1.6271325644226537,0.9518325863478846,5.710567964929169,-76.70792259332393,-826.0,-73.24440716674553
2590,2023,M,3,28,1.6271325644226537,0.9490501297644769,116.04713090356313,38.30686987650188,-716.0999999999999,37.104922512612575
2591,2023,M,2,28,1.6271325644226537,0.9490501297644769,-289.08875478844766,-381.3246755434957,-1143.2,-389.80250762480546
2593,2023,M,3,28,1.6271325644226537,0.9490501297644769,-283.190366082571,-375.48073399131636,-1139.6999999999998,-383.8632893654326
2598,2023,M,2,28,1.6271325644226537,0.9490501297644769,-142.10307880043683,-230.90190987290111,-1006.8999999999999,-236.81311953436057
2599,2023,M,2,28,1.6271325644226537,0.9490501297644769,-118.15819444894146,-206.7295912046186,-988.1000000000001,-212.23602365689908
2560,2023,M,2,15,1.6271325644226537,0.9474131512266276,22.272405320468124,-81.67869644520738,-749.9000000000001,-57.932293788481275
2602,2023,M,2,15,1.6271325644226537,0.9474131512266276,-47.49287923968268,-168.94427784504592,-925.2,-142.275128695557
2605,2023,M,2,28,1.6271325644226537,0.9490501297644769,42.08735186501872,-42.67788397983827,-838.8999999999999,-45.3837862535438
2606,2023,M,3,28,1.6271325644226537,0.9490501297644769,0.8992394301328659,-85.5818177922979,-884.8,-89.03713785675313
2607,2023,M,3,21,1.6271325644226537,1.0102464666879931,-24.547376090243688,-14.883773940390029,-782.7,14.53923108970912
2608,2023,M,3,21,1.6271325644226537,1.0102464666879931,18.279076576163106,27.474346500462843,-743.3,57.08453884521623
2612,2023,M,2,15,1.6271325644226537,0.9474131512266276,-46.089532927581786,-172.61592498870687,-961.5999999999999,-144.78283288111516
2615,2023,M,2,28,1.6271325644226537,0.9490501297644769,90.33340490454248,-0.34961365627486884,-866.3,-2.4957864110938317
2616,2023,M,3,28,1.6271325644226537,0.9490501297644769,-201.67490948327213,-303.1048572126256,-1177.2,-310.50723847236304
2621,2023,M,2,14,1.6271325644226537,0.9518325863478846,-93.74777462581369,-199.08710134344483,-1125.1,-196.27136281255298
2622,2023,M,2,28,1.6271325644226537,0.9490501297644769,36.89693660549847,-63.86017696552062,-1006.2,-67.29354000409194
2625,2023,M,3,28,1.6271325644226537,0.9490501297644769,273.40752410862297,178.41373292767912,-784.4999999999998,179.1195923606051
2627,2023,M,3,28,1.6068101352718238,0.9490501297644769,-25.202843654300295,-89.9303006238888,-701.3999999999999,-76.38241601284221
2629,2023,M,2,28,1.6068101352718238,0.9490501297644769,5.5774456377830575,-59.53829862558837,-684.6999999999999,-45.11129641080015
2630,2023,M,3,28,1.6068101352718238,0.9490501297644769,-36.953150346320854,-103.7195327994707,-730.9,-90.02749732691973
2631,2023,M,2,28,1.6068101352718238,0.9490501297644769,12.749858368928017,-53.07978420542713,-687.3999999999999,-38.31118319008533
2632,2023,M,2,28,1.6068101352718238,0.9490501297644769,7.458674459716121,-58.70422411211371,-694.5000000000001,-43.99900419781716
2633,2023,M,3,28,1.6068101352718238,0.9490501297644769,-26.2899202814026,-93.75691757154937,-731.1,-79.63615488490677
2635,2023,M,3,28,1.6068101352718238,0.9490501297644769,28.730597831641717,-37.865324118647095,-684.7,-22.51643253450584
2636,2023,M,3,28,1.6068101352718238,0.9490501297644769,-23.985824186837817,-93.09449184604841,-746.8999999999999,-78.55419693187969
2637,2023,M,2,28,1.6068101352718238,0.9490501297644769,2.511481946475442,-66.03068384961784,-723.0,-50.93117958862672
2638,2023,M,2,28,1.6068101352718238,0.9490501297644769,-37.55530496718143,-108.64334679402509,-777.0,-94.01888737564377
2639,2023,M,2,28,1.6068101352718238,0.9490501297644769,56.47209122228196,-11.774385926860987,-683.3999999999999,4.652119005683971
2640,2023,M,3,28,1.6068101352718238,0.9490501297644769,19.554984064815017,-50.095686442227134,-723.2,-34.313411589793986
2641,2023,M,2,28,1.6068101352718238,0.9490501297644769,-211.87040605943048,-290.1631002401416,-971.0,-278.45458420073487
2642,2023,M,2,28,1.6068101352718238,0.9490501297644769,-0.8476576498323993,-72.72183798967785,-760.5,-56.97810203355789
2643,2023,M,2,28,1.6068101352718238,0.9490501297644769,-41.05917188251897,-114.94032578748806,-808.8999999999999,-99.7935760186781
2644,2023,M,2,28,1.6068101352718238,0.9490501297644769,-14.907667484100784,-87.99213565801483,-782.8,-72.34558698060368
2645,2023,M,2,28,1.6068101352718238,0.9490501297644769,28.89619447520954,-43.422968359814604,-745.0999999999999,-26.81441256893345
2647,2023,M,3,28,1.6068101352718238,0.9490501297644769,22.971715415604194,-50.529272421979385,-761.6000000000001,-33.81429934821904
2648,2023,M,2,28,1.6068101352718238,0.9490501297644769,138.6703299903363,69.11293267529504,-641.7,87.9472093234076
2649,2023,M,2,28,1.6068101352718238,0.9490501297644769,6.111523679708625,-68.32615639659548,-782.8999999999999,-51.840611684323676
2651,2023,M,2,28,1.6068101352718238,0.9490501297644769,-72.68591228478135,-150.86314190809003,-875.7,-135.58982814296724
2652,2023,M,2,28,1.6068101352718238,0.9490501297644769,30.23627993042942,-45.70586019250413,-782.5,-28.268038220283188
2653,2023,M,2,28,1.6068101352718238,0.9490501297644769,8.764275327555879,-68.46287101367261,-810.5999999999999,-51.29703183895549
2654,2023,M,3,28,1.6068101352718238,0.9490501297644769,-29.994534698058715,-109.17019718412621,-857.4000000000001,-92.57669577827028
2655,2023,M,2,28,1.6068101352718238,0.9490501297644769,-22.626704893277747,-101.69645142450281,-851.3,-84.93613687761354
2656,2023,M,2,28,1.6068101352718238,0.9490501297644769,-18.77393095192815,-102.81900323943273,-901.2999999999997,-84.86797260627918
2657,2023,M,2,28,1.6068101352718238,0.9490501297644769,-67.6517223846322,-157.90712696699484,-1000.0,-139.85461380015295
2658,2023,M,2,28,1.6068101352718238,0.9490501297644769,44.39355835660217,-43.08448806508159,-894.8999999999999,-22.751092365871045
2659,2023,M,2,28,1.6068101352718238,0.9490501297644769,31.28389360428946,-66.72461424550693,-1015.1000000000001,-44.41951267805325
5297,2023,M,3,28,1.6068101352718238,0.9490501297644769,26.94514147123823,-36.69922542725794,-654.6999999999999,-22.043811463754082
2688,2023,M,2,14,1.0168190452477837,1.0102464666879931,10.483492792369816,-5.8647076461295455,-0.7999999999999545,-0.7999999999999545
1241,2023,M,3,35,1.0234888428130102,1.0102464666879931,-41.024547558076165,-78.1077561838622,-63.59999999999991,-63.59999999999991
2692,2023,M,2,14,1.0168190452477837,1.0102464666879931,-61.463612750471384,-79.55051010687248,-73.80000000000018,-73.80000000000018
2694,2023,M,2,14,1.0168190452477837,1.0102464666879931,135.0877429011257,114.16229988175178,120.40000000000009,120.40000000000009
2697,2023,M,2,14,1.0168190452477837,1.0102464666879931,-163.89244597828292,-186.44651565398408,-179.0999999999999,-179.0999999999999
2727,2023,M,2,14,1.0302154563585435,1.0102464666879931,-34.260238312643196,-73.81728371877239,-67.55999999999995,-67.55999999999995
2728,2023,M,2,14,1.0302154563585435,1.0102464666879931,-40.25563756566385,-79.9621446060587,-73.68000000000006,-73.68000000000006
2730,2023,M,2,14,1.0302154563585435,1.0102464666879931,17.871796803169445,-24.12137177138743,-17.49000000000001,-17.49000000000001
2735,2023,M,2,14,1.0302154563585435,1.0102464666879931,34.04713371190701,-8.993518280307399,-2.2000000000000455,-2.2000000000000455
2738,2023,M,2,7,1.0302154563585435,0.9518325863478846,102.35393293655056,-27.84917978525732,-43.799999999999955,-43.799999999999955
2742,2023,M,2,14,1.0302154563585435,1.0102464666879931,35.06655379639824,-10.490984333612914,-3.2999999999999545,-3.2999999999999545
2743,2023,M,2,14,1.0302154563585435,1.0102464666879931,73.42124725277176,26.976856565385333,34.299999999999955,34.299999999999955
2745,2023,M,3,14,1.0302154563585435,1.0102464666879931,127.6220147427266,80.23996071742408,87.70000000000005,87.70000000000005
2749,2023,M,3,14,1.0302154563585435,1.0102464666879931,13.796011733179512,-32.3955866490885,-25.09999999999991,-25.09999999999991
2750,2023,M,2,14,1.0302154563585435,1.0102464666879931,69.78808347828499,22.550825813943447,30.0,30.0
2752,2023,M,2,14,1.0302154563585435,1.0102464666879931,-47.88366400222844,-93.75832077269615,-86.49999999999977,-86.49999999999977
2753,2023,M,2,14,1.0302154563585435,1.0102464666879931,30.478331730970694,-16.400745765894044,-9.0,-9.0
2770,2023,M,3,14,1.0302154563585435,1.0102464666879931,41.2036028485586,-25.655428376206146,-15.099999999999909,-15.099999999999909
2779,2023,M,2,21,1.0456592804124711,0.9832767564651493,2.4795475943647034,-104.62449323123246,-105.76999999999998,-105.76999999999998
2780,2023,M,2,21,1.0456592804124711,0.9832767564651493,34.199638564709176,-72.67589785807786,-73.65000000000009,-73.65000000000009
2782,2023,M,2,21,1.0456592804124711,0.9832767564651493,61.17920038073203,-46.19419748499536,-47.02999999999997,-47.02999999999997
2796,2023,M,2,21,0.9656895463583715,1.0224771219587239,-17.238910948588,78.081180149288,81.5,81.5
1172,2023,M,2,21,1.0234888428130102,0.985229846808658,-59.4617637543538,-124.25312977995281,-120.0,-120.0
2822,2023,M,2,14,0.9696034078132363,1.0102464666879931,122.35220230591358,196.3618482356262,204.89999999999986,204.89999999999986
2823,2023,M,2,14,0.9696034078132363,1.0102464666879931,48.725439529622236,127.99834576552712,136.9000000000001,136.9000000000001
2851,2023,M,2,21,1.0192318476292113,1.0224771219587239,9.06442097009608,12.01476588846731,13.75,13.75
2852,2023,M,2,21,1.0192318476292113,1.0224771219587239,42.15732780218332,44.33978050608766,46.25,46.25
2853,2023,M,2,21,1.0192318476292113,1.0224771219587239,19.77079914243359,22.5544946255568,24.389999999999873,24.389999999999873
2854,2023,M,2,21,1.0192318476292113,1.0224771219587239,-3.1671596740659425,0.21202618333768442,1.9600000000000364,1.9600000000000364
2855,2023,M,2,21,1.0192318476292113,1.0224771219587239,9.272397369827786,12.33901732156005,14.139999999999873,14.139999999999873
2857,2023,M,2,21,1.0192318476292113,1.0224771219587239,-33.666763055536194,-29.460448292020146,-27.810000000000173,-27.810000000000173
2859,2023,M,2,21,1.0192318476292113,1.0224771219587239,34.104608518709256,36.64893116477538,38.61000000000013,38.61000000000013
2860,2023,M,2,21,1.0192318476292113,1.0224771219587239,-11.11302726995973,-7.390708918557493,-5.599999999999909,-5.599999999999909
2863,2023,M,2,21,1.0192318476292113,1.0224771219587239,14.257044474810982,17.458781920636966,19.420000000000073,19.420000000000073
2868,2023,M,2,21,1.0192318476292113,1.0224771219587239,82.01797057987801,83.57768542297413,85.8599999999999,85.8599999999999
2869,2023,M,2,21,1.0192318476292113,1.0224771219587239,44.90802451462423,47.42994135237291,49.569999999999936,49.569999999999936
2871,2023,M,2,21,1.0192318476292113,1.0224771219587239,165.37415655647828,164.84140691469452,167.48000000000002,167.48000000000002
2874,2023,M,2,21,1.0192318476292113,1.0224771219587239,-38.62259289662438,-33.78816649996793,-31.889999999999873,-31.889999999999873
2875,2023,M,2,21,1.0192318476292113,1.0224771219587239,-47.23495513450325,-41.94768813777819,-39.960000000000036,-39.960000000000036
2876,2023,M,2,21,1.0192318476292113,1.0224771219587239,48.03183228425405,50.94556163957736,53.34999999999991,53.34999999999991
2880,2023,M,2,21,1.0192318476292113,1.0224771219587239,-47.31149634592202,-41.634427904763925,-39.440000000000055,-39.440000000000055
2882,2023,M,2,21,1.0192318476292113,1.0224771219587239,-18.447499475928453,-13.4577046899999,-11.11999999999989,-11.11999999999989
2885,2023,M,2,21,1.0192318476292113,1.0224771219587239,-79.52323412172109,-72.84144589442985,-70.67999999999984,-70.67999999999984
2895,2023,M,2,8,0.9544173546879356,1.0102464666879931,-25.98781748210763,69.08279737391263,68.30000000000018,68.30000000000018
2896,2023,M,2,8,0.9544173546879356,1.0102464666879931,-30.943574107951008,70.54061619477943,69.70000000000005,69.70000000000005
2899,2023,M,2,8,0.9544173546879356,1.0102464666879931,-6.178414193711205,100.84511270931375,100.0,100.0
2900,2023,M,2,8,0.9544173546879356,1.0102464666879931,-59.92137459315222,52.37031690877029,51.40000000000009,51.40000000000009
2905,2023,M,4,43,0.927368462846547,0.9832767564651493,-0.14883900125869332,79.1707692591865,110.38000000000011,110.38000000000011
2944,2023,M,2,7,0.9965837069646781,1.1641117222307442,-20.62951544368275,-131.77563016868703,197.89999999999986,-137.198579148627
2945,2023,M,2,7,0.9965837069646781,1.1641117222307442,-32.145051295995245,-145.65765600728264,191.02999999999997,-151.25036736830725
2946,2023,M,2,7,0.9965837069646781,1.1641117222307442,0.985334639843586,-111.94123158185607,223.0300000000002,-117.34346988622451
2947,2023,M,2,7,0.9965837069646781,1.1641117222307442,-6.433048313892641,-121.06502301537398,218.96000000000004,-126.5852850842507
2949,2023,M,2,7,0.9965837069646781,1.1641117222307442,7.14716714264955,-107.59710047621434,232.76999999999998,-113.0561659295845
2951,2023,M,2,7,0.9965837069646781,1.1641117222307442,-38.334755737855176,-156.95541028942966,194.8800000000001,-162.82304497677
2952,2023,M,2,7,0.9965837069646781,1.1641117222307442,-5.236262924082439,-121.80206384247867,223.96000000000004,-127.4090530700696
2953,2023,M,2,7,0.9965837069646781,1.1641117222307442,-43.57024070177772,-163.38043207450664,191.98000000000002,-169.3306888617908
2954,2023,M,2,7,0.9965837069646781,1.1641117222307442,-4.266212916526456,-121.8233878633066,226.8800000000001,-127.47308994067953
2955,2023,M,2,7,0.9965837069646781,1.1641117222307442,32.98837998097315,-82.69761390406347,260.48,-88.07509083975356
2956,2023,M,2,7,0.9965837069646781,1.1641117222307442,-8.443591672944649,-127.8825757434904,226.39999999999986,-133.64285972505513
2959,2023,M,2,7,0.9965837069646781,1.1641117222307442,-0.2784073340751547,-121.82260303852172,238.71000000000004,-127.6436596353517
2961,2023,M,2,7,0.9965837069646781,1.1641117222307442,1.6438991521581556,-121.15974853287207,243.1099999999999,-127.03168571462334
2962,2023,M,2,7,0.9965837069646781,1.1641117222307442,55.94344174314256,-63.124463745775756,290.10000000000014,-68.55133994083258
2963,2023,M,2,7,0.9965837069646781,1.1641117222307442,30.946269131157806,-89.944232306402,268.6700000000001,-95.58091862808237
2964,2023,M,2,7,0.9965837069646781,1.1641117222307442,-12.527073389555198,-136.67354336209291,231.57000000000016,-142.67924596656803
2965,2023,M,2,7,0.9965837069646781,1.1641117222307442,29.981994513995687,-91.35855352472663,268.59000000000015,-97.02151575043308
2967,2023,M,2,7,0.9965837069646781,1.1641117222307442,-1.1887810009268378,-125.71882244028075,243.66999999999985,-131.68730801696756
2968,2023,M,2,7,0.9965837069646781,1.1641117222307442,41.35207562875121,-80.45758163029586,280.8900000000001,-86.08726664976234
2969,2023,M,2,7,0.9965837069646781,1.1641117222307442,26.437229151585598,-96.60049813429555,268.3799999999999,-102.36210073263032
2970,2023,M,2,7,0.9965837069646781,1.1641117222307442,-10.043014437009788,-136.5209543790313,238.6400000000001,-142.62611332293318
2971,2023,M,2,7,0.9965837069646781,1.1641117222307442,-8.44206791237275,-135.82934122808024,242.02999999999997,-141.97019201008106
2972,2023,M,2,7,0.9965837069646781,1.1641117222307442,20.92152543885436,-105.36059690623074,269.24,-111.30458454592917
2973,2023,M,2,7,0.9965837069646781,1.1641117222307442,-27.288372989198933,-157.48237117126382,228.69000000000005,-163.85000046362256
2976,2023,M,2,7,0.9965837069646781,1.1641117222307442,6.888516983396812,-123.11247308016414,262.51,-129.30331790963987
2977,2023,M,2,7,0.9965837069646781,1.1641117222307442,3.43564509904013,-129.02439640039483,263.8900000000001,-135.34991053580347
2979,2023,M,2,7,0.9965837069646781,1.1641117222307442,-25.914043391372843,-161.7251573506926,241.1099999999999,-168.35500406134793
2981,2023,M,2,7,0.9965837069646781,1.1641117222307442,-17.128030118131846,-153.77736748187976,251.54999999999995,-160.40427834201205
2982,2023,M,2,7,0.9965837069646781,1.1641117222307442,13.171743059820756,-121.81463598741198,278.5999999999999,-128.2133858058578
2985,2023,M,2,7,0.9965837069646781,1.1641117222307442,-76.4778529683183,-219.59074953663003,204.8699999999999,-226.81809039307473
2986,2023,M,2,7,0.9965837069646781,1.1641117222307442,45.94087734050572,-89.20274435583974,311.70000000000005,-95.44838130946664
2987,2023,M,2,7,0.9965837069646781,1.1641117222307442,57.84234156007915,-85.3218814470631,339.3800000000001,-91.893211346297
2988,2023,M,2,7,0.9965837069646781,1.1641117222307442,76.35275867089945,-66.20998712366577,356.72,-72.66177519515077
2989,2023,M,2,7,0.9965837069646781,1.1641117222307442,-5.9980780942162255,-155.67853283931072,288.30999999999995,-162.87482870312147
2990,2023,M,2,7,0.9965837069646781,1.1641117222307442,101.20951195270072,-49.50918693243193,397.6300000000001,-56.22963895501516
2991,2023,M,2,7,0.9965837069646781,1.1641117222307442,-107.18992273092681,-280.67119262331926,233.85000000000014,-289.5031677344691
2994,2023,M,2,14,1.0301316886957128,0.9832767564651493,50.81356737777014,-30.907600202037656,-34.41000000000008,-34.41000000000008
2995,2023,M,2,14,1.0301316886957128,0.9832767564651493,0.9825706554879616,-86.0390452118263,-90.02999999999997,-90.02999999999997
3011,2023,M,2,7,0.9518325863478846,1.0102464666879931,-38.77033345252903,46.030867152791416,68.5,68.5
3014,2023,M,2,7,0.9518325863478846,1.0102464666879931,-30.409755249827185,61.493318732712396,85.90000000000009,85.90000000000009
3015,2023,M,2,7,0.9518325863478846,1.0102464666879931,276.21110283965504,366.0660129607718,391.39999999999986,391.39999999999986
3016,2023,M,2,14,0.9518325863478846,0.9490501297644769,-196.07767887268324,-202.26657403419495,-212.70000000000027,-212.70000000000027
3017,2023,M,2,14,0.9518325863478846,0.9490501297644769,14.8329799660346,16.183993208998345,9.5,9.5
3021,2023,M,2,14,0.9518325863478846,0.9490501297644769,73.7251225081909,77.28121156692578,70.79999999999973,70.79999999999973
3024,2023,M,2,7,0.9518325863478846,1.0102464666879931,-91.9347815570045,28.236911152895573,59.90000000000009,59.90000000000009
3052,2023,M,2,7,1.0105281107549364,1.013899401687934,19.268595308081785,22.286764790562756,24.819999999999936,24.819999999999936
3053,2023,M,2,7,1.0105281107549364,1.013899401687934,99.82295301462386,101.73006720991452,104.28999999999996,104.28999999999996
3054,2023,M,2,7,1.0105281107549364,1.013899401687934,6.540937253272659,9.772139694654243,12.329999999999927,12.329999999999927
3058,2023,M,2,7,1.0105281107549364,1.013899401687934,-9.931205036172742,-6.3934580355251,-3.7799999999999727,-3.7799999999999727
3064,2023,M,2,7,1.0105281107549364,1.013899401687934,39.9535750119353,43.00488371965639,45.789999999999964,45.789999999999964
3066,2023,M,2,7,1.0105281107549364,1.013899401687934,33.08275860185972,36.23919126387,39.02999999999997,39.02999999999997
3079,2023,M,2,7,1.0105281107549364,1.013899401687934,199.5662210562591,200.66806920024646,203.70000000000005,203.70000000000005
3083,2023,M,2,7,1.0105281107549364,1.013899401687934,187.0494922518551,188.67337322015555,191.9699999999998,191.9699999999998
3085,2023,M,2,7,1.0105281107549364,1.013899401687934,19.08812318669061,23.322737056186725,26.789999999999964,26.789999999999964
3089,2023,M,2,13,0.9474131512266276,0.9490501297644769,-47.19579042166083,-21.45525145816896,-46.799999999999955,-46.799999999999955
3094,2023,M,2,13,0.9474131512266276,0.9490501297644769,-129.6591099026441,-98.52892774442535,-132.80000000000018,-132.80000000000018
3386,2023,M,3,43,0.927368462846547,0.9832767564651493,-106.97427466390855,-41.09459133652513,-15.269999999999982,-15.269999999999982
3388,2023,M,2,42,1.0442851226832701,0.9832767564651493,128.05897508652106,-10.859763270127587,21.519999999999982,21.519999999999982
3390,2023,M,2,42,1.0442851226832701,0.9832767564651493,58.34038092644778,-77.297606916409,-46.22000000000003,-46.22000000000003
3393,2023,M,2,43,0.927368462846547,0.9832767564651493,-131.4864421750167,-58.11153876686444,-29.3599999999999,-29.3599999999999
3402,2023,M,2,42,1.0442851226832701,0.9832767564651493,89.96475157156556,-62.78347673462781,-27.590000000000146,-27.590000000000146
3405,2023,M,3,43,0.927368462846547,0.9832767564651493,-57.039638205219035,26.910304686207155,59.88999999999987,59.88999999999987
3406,2023,M,2,42,1.0442851226832701,0.9832767564651493,-37.64810657462908,-187.59235817991748,-154.05999999999995,-154.05999999999995
3407,2023,M,3,43,0.927368462846547,0.9832767564651493,24.576223620211294,113.44943561609671,148.43999999999983,148.43999999999983
3409,2023,M,2,42,1.0442851226832701,0.9832767564651493,-93.26632219034445,-241.4976118216482,-208.79999999999995,-208.79999999999995
3410,2023,M,2,42,1.0442851226832701,0.9832767564651493,-59.22818102599467,-211.33686931849797,-177.49,-177.49
3456,2023,M,2,15,0.9059568167241094,0.9490501297644769,140.4126835788611,144.26493479924056,256.6999999999998,256.6999999999998
3349,2025,M,3,28,0.9771370402020463,1.0304223124718175,-66.41258666730073,-19.277994344468425,46.0,46.0
27446,2025,M,4,34,1.0166759436565362,1.0247836202964227,-60.35608681828285,-58.598127140621045,-46.289999999999964,-46.289999999999964
27445,2025,M,4,34,1.0166759436565362,1.0247836202964227,-48.91880408851398,-47.469440794784305,-35.1400000000001,-35.1400000000001
2345,2025,M,2,14,0.9782903295970298,1.0247836202964227,21.604922960292924,86.17599270862343,101.08999999999992,101.08999999999992
3140,2025,M,2,14,0.9782903295970298,1.0247836202964227,14.676866301468863,81.56879703526351,96.95000000000005,96.95000000000005
27460,2025,M,3,34,1.0166759436565362,1.0247836202964227,64.42782194867459,62.84036972466083,77.44000000000005,77.44000000000005
27476,2025,M,3,34,1.0166759436565362,1.0247836202964227,288.1194240295247,280.5169077785315,297.5,297.5
1234,2025,M,3,20,1.0166759436565362,0.9782903295970298,-84.79576833538545,-152.93333035417209,-155.51999999999998,-155.51999999999998
1290,2025,M,3,34,1.0166759436565362,1.0247836202964227,97.1897408936236,94.72173338613152,109.70999999999981,109.70999999999981
27459,2025,M,3,20,1.0166759436565362,0.9782903295970298,-66.7813252441183,-137.64818332033315,-140.10000000000014,-140.10000000000014
27468,2025,M,3,34,1.0166759436565362,1.0247836202964227,60.954727538540055,59.468059687492996,74.74000000000001,74.74000000000001
1286,2025,M,4,34,1.0166759436565362,1.0247836202964227,38.86696596972638,37.979902446990764,53.559999999999945,53.559999999999945
27467,2025,M,2,20,1.0166759436565362,0.9782903295970298,-3.354849389998435,-75.74780982862944,-77.52999999999997,-77.52999999999997
1268,2025,M,3,34,1.0166759436565362,1.0247836202964227,66.75107970629574,65.11399181925435,80.97000000000003,80.97000000000003
27482,2025,M,3,34,1.0166759436565362,1.0247836202964227,-71.4138720545061,-69.29618036073771,-51.11999999999989,-51.11999999999989
867,2024,M,4,42,0.972724327759066,1.044990956791416,-53.1661323865153,0.5663145150228956,58.289999999999964,58.289999999999964
1809,2024,M,4,35,1.0172475591641226,1.044990956791416,-17.516879234611224,20.1693495104696,24.420000000000073,24.420000000000073
1815,2024,M,2,35,1.0172475591641226,1.044990956791416,-57.91798743078539,-18.379428655028505,-14.169999999999845,-14.169999999999845
868,2024,M,4,42,0.972724327759066,1.044990956791416,-43.40360140481289,12.178377943319447,72.48000000000002,72.48000000000002
885,2024,M,2,35,1.0172475591641226,1.044990956791416,10.939682216558822,49.265321835154054,53.76999999999998,53.76999999999998
18865,2024,M,2,35,1.0172475591641226,1.044990956791416,-22.53442151660147,16.549353011574794,20.929999999999836,20.929999999999836
866,2024,M,3,42,0.972724327759066,1.044990956791416,-59.69798652881764,-3.793557166603705,56.039999999999964,56.039999999999964
1813,2024,M,2,35,1.0172475591641226,1.044990956791416,6.678615086791069,45.2713660115287,49.77999999999997,49.77999999999997
1817,2024,M,5,42,0.972724327759066,1.044990956791416,-46.90375545264078,9.331767929763146,70.19000000000005,70.19000000000005
22565,2024,M,2,14,0.9893733638251044,1.044990956791416,-25.584295360362148,59.686009995680934,63.8599999999999,63.8599999999999
2113,2024,M,2,14,0.9893733638251044,1.044990956791416,-30.62270286678995,54.86248333197136,59.02999999999997,59.02999999999997
18869,2024,M,4,35,1.0172475591641226,1.044990956791416,71.6870178580757,109.3300124250377,114.13999999999987,114.13999999999987
1814,2024,M,4,42,0.972724327759066,1.044990956791416,-24.349621232845948,31.954614083592105,94.03999999999996,94.03999999999996
882,2024,M,3,35,1.0172475591641226,1.044990956791416,9.357113689129847,48.47378664175926,53.059999999999945,53.059999999999945
891,2024,M,3,42,0.972724327759066,1.044990956791416,6.795249328899217,63.22998541023594,127.05000000000018,127.05000000000018
4482,2024,M,2,42,0.972724327759066,1.044990956791416,-39.655400496608536,17.31061919499939,79.3599999999999,79.3599999999999
5025,2024,M,3,42,0.972724327759066,1.044990956791416,-53.14353109445847,3.9758225826394664,65.50999999999999,65.50999999999999
1847,2024,M,3,35,1.0172475591641226,1.044990956791416,27.73368789458641,66.72234435062569,71.40999999999985,71.40999999999985
3205,2024,M,2,35,1.0172475591641226,1.044990956791416,-8.977482548526268,30.838810982022096,35.38999999999987,35.38999999999987
2110,2024,M,2,35,1.0172475591641226,1.044990956791416,-7.709900067384069,32.11929824755384,36.680000000000064,36.680000000000064
5013,2024,M,4,42,0.972724327759066,1.044990956791416,-46.0057347054335,11.305784576975157,73.42000000000007,73.42000000000007
18555,2024,M,2,42,0.972724327759066,1.044990956791416,-102.16472347841614,-44.24506511105665,15.689999999999827,15.689999999999827
2111,2024,M,3,35,1.0172475591641226,1.044990956791416,-40.281336162966,0.3612269585212289,4.809999999999945,4.809999999999945
18867,2024,M,2,35,1.0172475591641226,1.044990956791416,-20.506600965688904,19.938926938492386,24.49000000000001,24.49000000000001
3543,2024,M,4,42,0.972724327759066,1.044990956791416,-13.453489481647694,44.06424553388865,108.07000000000016,108.07000000000016
2114,2024,M,3,42,0.972724327759066,1.044990956791416,-9.206412507359346,48.28609353360889,112.48000000000002,112.48000000000002
1835,2024,M,4,35,1.0172475591641226,1.044990956791416,-0.3441087572637116,39.83249373998137,44.48000000000002,44.48000000000002
1863,2024,M,4,42,0.972724327759066,1.044990956791416,21.13346224746283,78.61340900871392,144.33999999999992,144.33999999999992
2112,2024,M,3,35,1.0172475591641226,1.044990956791416,-35.82302496882676,5.3693871978407515,9.910000000000082,9.910000000000082
22566,2024,M,2,14,0.9893733638251044,1.044990956791416,-52.292753907801625,36.11067248577797,40.34999999999991,40.34999999999991
2122,2024,M,2,28,1.0050747374002966,1.044990956791416,-7.0154325717819574,39.86903612315655,58.940000000000055,58.940000000000055
3051,2024,M,2,14,0.9893733638251044,1.044990956791416,-5.5592871625365206,83.812623264286,88.25999999999999,88.25999999999999
2116,2024,M,3,35,1.0172475591641226,1.044990956791416,6.695789901651779,47.53165879961375,52.299999999999955,52.299999999999955
18870,2024,M,3,35,1.0172475591641226,1.044990956791416,2.757931801166251,43.70383672110779,48.460000000000036,48.460000000000036
18566,2024,M,3,42,0.972724327759066,1.044990956791416,137.9072133795387,195.0731439447186,266.4000000000001,266.4000000000001
18559,2024,M,3,42,0.972724327759066,1.044990956791416,-66.75560302340023,-7.350752556888892,56.06000000000017,56.06000000000017
1827,2024,M,4,35,1.0172475591641226,1.044990956791416,-30.888919164606023,10.827525179373197,15.460000000000036,15.460000000000036
18561,2024,M,4,42,0.972724327759066,1.044990956791416,-53.946971436994545,5.4947539828715435,69.60000000000014,69.60000000000014
1856,2024,M,3,35,1.0172475591641226,1.044990956791416,16.68654468575869,57.608491296244665,62.450000000000045,62.450000000000045
18873,2024,M,2,35,1.0172475591641226,1.044990956791416,-8.002703820173565,33.68595338364639,38.45999999999981,38.45999999999981
19635,2024,M,2,28,1.0050747374002966,1.044990956791416,212.36024204227238,256.5580104401238,278.77,278.77
18568,2024,M,2,42,0.972724327759066,1.044990956791416,150.9760156437385,208.81728728355392,281.57000000000016,281.57000000000016
18562,2024,M,4,42,0.972724327759066,1.044990956791416,11.31046631180925,70.71715594826946,138.1099999999999,138.1099999999999
18872,2024,M,2,35,1.0172475591641226,1.044990956791416,-17.010062960063124,25.03203370561846,29.789999999999964,29.789999999999964
1844,2024,M,4,35,1.0172475591641226,1.044990956791416,-13.124457513568359,29.078800392807352,33.88000000000011,33.88000000000011
890,2024,M,4,42,0.972724327759066,1.044990956791416,-72.32837174236784,-11.480095233267775,53.26999999999998,53.26999999999998
872,2024,M,4,42,0.972724327759066,1.044990956791416,28.283958924606168,85.8227139169228,151.98000000000002,151.98000000000002
930,2024,M,4,42,0.972724327759066,1.044990956791416,-26.006850607559272,32.97618725900247,97.99000000000001,97.99000000000001
1857,2024,M,4,35,1.0172475591641226,1.044990956791416,-3.0597089465682075,38.176987845420854,42.930000000000064,42.930000000000064
918,2024,M,3,35,1.0172475591641226,1.044990956791416,26.6994158947316,66.45959804804033,71.23000000000002,71.23000000000002
909,2024,M,4,42,0.972724327759066,1.044990956791416,183.24555090160766,239.15023103501812,311.3699999999999,311.3699999999999
878,2024,M,2,42,0.972724327759066,1.044990956791416,-74.59088720209957,-17.20288641136449,43.539999999999964,43.539999999999964
886,2024,M,3,42,0.972724327759066,1.044990956791416,-35.78694496714138,24.348576233707945,90.16000000000008,90.16000000000008
880,2024,M,4,42,0.972724327759066,1.044990956791416,-43.73870730121325,13.157413949805004,74.91999999999985,74.91999999999985
876,2024,M,3,42,0.972724327759066,1.044990956791416,-54.450360324267194,2.3505780595983197,63.45999999999981,63.45999999999981
18877,2024,M,4,35,1.0172475591641226,1.044990956791416,0.8191374269727021,42.93114765890505,47.809999999999945,47.809999999999945
874,2024,M,3,42,0.972724327759066,1.044990956791416,-27.667781818975527,33.064004507313484,99.96000000000004,99.96000000000004
19624,2024,M,2,28,1.0050747374002966,1.044990956791416,20.06417137358767,68.62054087430988,88.90000000000009,88.90000000000009
1837,2024,M,4,42,0.972724327759066,1.044990956791416,-26.576167260720467,34.439294294568754,101.71000000000004,101.71000000000004
18876,2024,M,3,35,1.0172475591641226,1.044990956791416,-22.79220023482776,20.20775934143444,25.039999999999964,25.039999999999964
18878,2024,M,3,35,1.0172475591641226,1.044990956791416,-5.151927105176583,37.63124836890847,42.55000000000018,42.55000000000018
18882,2024,M,2,35,1.0172475591641226,1.044990956791416,37.945245334915626,79.83230623424083,84.92000000000007,84.92000000000007
1858,2024,M,3,35,1.0172475591641226,1.044990956791416,-58.023924947837486,-14.042891072666862,-9.319999999999936,-9.319999999999936
18874,2024,M,4,35,1.0172475591641226,1.044990956791416,-55.02618962480324,-11.042198256109714,-6.300000000000182,-6.300000000000182
2359,2024,M,3,42,0.972724327759066,1.044990956791416,71.04247854661412,131.6552937557476,203.44999999999982,203.44999999999982
1870,2024,M,2,35,1.0172475591641226,1.044990956791416,-25.111529639563514,18.367042058134757,23.24000000000001,23.24000000000001
18571,2024,M,3,42,0.972724327759066,1.044990956791416,112.79322715021794,173.07690964271774,246.62999999999988,246.62999999999988
1823,2024,M,2,28,1.0050747374002966,1.044990956791416,97.46318050052537,145.41264537262123,166.94000000000005,166.94000000000005
936,2024,M,4,42,0.972724327759066,1.044990956791416,-46.68057019944922,15.497103113637195,83.04999999999995,83.04999999999995
1852,2024,M,3,35,1.0172475591641226,1.044990956791416,20.37154704111731,63.22199126246687,68.30999999999995,68.30999999999995
1239,2024,M,3,42,1.0040216126289132,1.044990956791416,-94.91298137027934,-62.56612218360556,-22.230000000000018,-22.230000000000018
1876,2024,M,4,42,0.972724327759066,1.044990956791416,-1.4957193217749136,60.607356650517886,130.37999999999988,130.37999999999988
1853,2024,M,2,35,1.0172475591641226,1.044990956791416,47.319912149865786,89.81287635844296,95.02999999999997,95.02999999999997
19627,2024,M,2,28,1.0050747374002966,1.044990956791416,15.035561475533768,64.90135380986271,85.61999999999989,85.61999999999989
3052,2024,M,2,35,1.0172475591641226,1.044990956791416,-95.93628757806982,-50.429606678147366,-45.76999999999998,-45.76999999999998
18889,2024,M,2,35,1.0172475591641226,1.044990956791416,79.54594449806336,121.40263756558579,126.75,126.75
1874,2024,M,2,42,0.972724327759066,1.044990956791416,634.0895457843085,689.5098048062896,784.1700000000001,784.1700000000001
2119,2024,M,4,35,1.0172475591641226,1.044990956791416,-67.72597938554486,-22.71115375525369,-17.930000000000064,-17.930000000000064
19626,2024,M,3,28,1.0050747374002966,1.044990956791416,1.690145360628776,51.94145760425772,72.55999999999995,72.55999999999995
1836,2024,M,2,28,1.0050747374002966,1.044990956791416,64.17403542942998,113.42366979623853,134.83999999999992,134.83999999999992
4997,2024,M,2,28,1.0050747374002966,1.044990956791416,-37.36823513496461,13.680134773313739,33.86999999999989,33.86999999999989
2124,2024,M,4,35,1.0172475591641226,1.044990956791416,70.76200887383766,113.05743347163025,118.39999999999986,118.39999999999986
18887,2024,M,2,35,1.0172475591641226,1.044990956791416,45.78441978671481,88.60470884446886,93.85000000000014,93.85000000000014
18563,2024,M,3,42,0.972724327759066,1.044990956791416,-46.108697274605674,17.04744202863094,85.73000000000002,85.73000000000002
18581,2024,M,3,42,0.972724327759066,1.044990956791416,244.42849335014375,304.4597224373904,384.44000000000005,384.44000000000005
18883,2024,M,2,35,1.0172475591641226,1.044990956791416,-10.102606867039867,33.93714357999602,38.97000000000003,38.97000000000003
18573,2024,M,2,42,0.972724327759066,1.044990956791416,76.63758285483095,138.58687290973558,212.17000000000007,212.17000000000007
1811,2024,M,2,35,1.0172475591641226,1.044990956791416,-247.92334449722898,-198.67150527297508,-194.53999999999996,-194.53999999999996
2120,2024,M,3,42,0.972724327759066,1.044990956791416,-13.7335379188371,49.6034558117708,120.13999999999987,120.13999999999987
5735,2024,M,4,42,0.972724327759066,1.044990956791416,47.86942633964827,110.54579216212119,183.48000000000002,183.48000000000002
19628,2024,M,2,28,1.0050747374002966,1.044990956791416,-4.70863491669752,46.31768890897274,67.13000000000011,67.13000000000011
18884,2024,M,2,35,1.0172475591641226,1.044990956791416,-26.662107201107347,18.134333225963246,23.15000000000009,23.15000000000009
19634,2024,M,2,28,1.0050747374002966,1.044990956791416,1.8513367268353704,53.71700622664821,75.0,75.0
11399,2024,M,3,42,1.0040216126289132,1.044990956791416,-54.40852208909905,-22.012248106389052,21.019999999999982,21.019999999999982
18583,2024,M,3,42,0.972724327759066,1.044990956791416,255.4376267454395,317.2335972545452,399.76,399.76
19637,2024,M,3,28,1.0050747374002966,1.044990956791416,72.54718924788062,123.31843376874895,145.51999999999998,145.51999999999998
924,2024,M,4,42,0.972724327759066,1.044990956791416,-4.496330889701767,60.40879721956094,133.18000000000006,133.18000000000006
1877,2024,M,4,42,0.972724327759066,1.044990956791416,-94.56067126017547,-28.598433232450134,40.76999999999998,40.76999999999998
19638,2024,M,2,28,1.0050747374002966,1.044990956791416,65.4075583191593,116.65954102492174,138.92000000000007,138.92000000000007
5732,2024,M,3,35,1.0172475591641226,1.044990956791416,95.60215723488477,139.09204759227873,144.73000000000002,144.73000000000002
19640,2024,M,2,28,1.0050747374002966,1.044990956791416,82.3392716867952,133.47839721861783,156.01999999999998,156.01999999999998
1894,2024,M,3,35,1.0172475591641226,1.044990956791416,-27.881155820232152,18.337455946995988,23.50999999999999,23.50999999999999
18569,2024,M,3,42,0.972724327759066,1.044990956791416,-14.690408840349619,50.78599316354848,123.68000000000006,123.68000000000006
18899,2024,M,3,35,1.0172475591641226,1.044990956791416,120.16960694477643,163.4597417159025,169.23000000000002,169.23000000000002
3216,2024,M,4,35,1.0172475591641226,1.044990956791416,10.589015007233684,56.428011131660014,61.799999999999955,61.799999999999955
18885,2024,M,2,35,1.0172475591641226,1.044990956791416,-75.6924447627307,-27.92887038447043,-22.88000000000011,-22.88000000000011
2373,2024,M,4,42,0.972724327759066,1.044990956791416,-69.4529096356523,-2.510697559787559,69.24000000000001,69.24000000000001
18888,2024,M,3,35,1.0172475591641226,1.044990956791416,-60.19689906844337,-12.633710697070228,-7.509999999999991,-7.509999999999991
18115,2024,M,3,28,1.0050747374002966,1.044990956791416,114.19925705176797,165.766853861026,189.10000000000014,189.10000000000014
19636,2024,M,2,28,1.0050747374002966,1.044990956791416,8.134467932140296,61.649745595820605,83.73000000000002,83.73000000000002
1883,2024,M,4,35,1.0172475591641226,1.044990956791416,-77.51536121022173,-28.95011611418613,-23.819999999999936,-23.819999999999936
19653,2024,M,2,28,1.0050747374002966,1.044990956791416,243.45052144954298,293.4004546238207,318.56999999999994,318.56999999999994
2141,2024,M,4,35,1.0172475591641226,1.044990956791416,65.51297357350859,111.1983214164145,116.89999999999986,116.89999999999986
18577,2024,M,3,42,0.972724327759066,1.044990956791416,12.09854640384492,79.39413424765553,155.70000000000005,155.70000000000005
18585,2024,M,3,42,0.972724327759066,1.044990956791416,188.8183637503853,254.27395856342514,337.52,337.52
19641,2024,M,3,28,1.0050747374002966,1.044990956791416,17.30631243447806,71.44643432512953,93.96000000000004,93.96000000000004
1901,2024,M,4,42,0.972724327759066,1.044990956791416,38.565167793214414,105.77323253657187,183.33000000000015,183.33000000000015
19648,2024,M,2,28,1.0050747374002966,1.044990956791416,178.4717593638104,230.34778644797143,255.04999999999973,255.04999999999973
18894,2024,M,3,35,1.0172475591641226,1.044990956791416,-30.099426555440232,18.218530104841193,23.61999999999989,23.61999999999989
1895,2024,M,2,35,1.0172475591641226,1.044990956791416,135.97529711163816,181.09769817311758,187.17999999999984,187.17999999999984
18578,2024,M,3,42,0.972724327759066,1.044990956791416,-31.298987790476076,37.940408930264766,114.22000000000003,114.22000000000003
926,2024,M,3,35,1.0172475591641226,1.044990956791416,-15.588580722789175,32.91522051150196,38.430000000000064,38.430000000000064
3073,2024,M,3,35,1.0172475591641226,1.044990956791416,-127.34358273562066,-76.48974377686136,-71.41000000000008,-71.41000000000008
899,2024,M,3,42,0.972724327759066,1.044990956791416,-29.24454178379824,32.606046842274736,100.68000000000006,100.68000000000006
1859,2024,M,3,35,1.0172475591641226,1.044990956791416,-17.99772791559485,24.93518671932884,29.789999999999964,29.789999999999964
18892,2024,M,3,35,1.0172475591641226,1.044990956791416,25.411334379086384,70.49200131590328,75.86999999999989,75.86999999999989
2121,2024,M,3,35,1.0172475591641226,1.044990956791416,2.8037882535629706,44.8017866564046,49.680000000000064,49.680000000000064
18895,2024,M,4,35,1.0172475591641226,1.044990956791416,-47.07147152284074,2.4021552592651005,7.829999999999927,7.829999999999927
946,2024,M,3,28,1.0050747374002966,1.044990956791416,242.98734957878105,294.7193653274064,320.6100000000001,320.6100000000001
19649,2024,M,3,28,1.0050747374002966,1.044990956791416,147.88969687098188,201.4351855608909,226.23000000000002,226.23000000000002
19644,2024,M,2,28,1.0050747374002966,1.044990956791416,32.77584802598585,88.52725347248406,112.0,112.0
18570,2024,M,3,42,0.972724327759066,1.044990956791416,-151.70885536346418,-80.11682799234427,-7.330000000000155,-7.330000000000155
3082,2024,M,2,35,1.0172475591641226,1.044990956791416,20.16035673030865,68.65958699939961,74.39999999999986,74.39999999999986
3231,2024,M,3,35,1.0172475591641226,1.044990956791416,86.62481254477007,133.98135051394434,140.01000000000022,140.01000000000022
1908,2024,M,3,28,1.0050747374002966,1.044990956791416,23.28768264068185,80.12560690311193,103.8599999999999,103.8599999999999
895,2024,M,4,42,0.972724327759066,1.044990956791416,50.82445761829695,122.7369883817064,206.21000000000004,206.21000000000004
18579,2024,M,3,42,0.972724327759066,1.044990956791416,-113.30097463298262,-39.113797699120596,38.55000000000018,38.55000000000018
19656,2024,M,2,28,1.0050747374002966,1.044990956791416,108.67839400084722,165.81302079361012,191.32000000000016,191.32000000000016
3084,2024,M,3,28,1.0050747374002966,1.044990956791416,79.26076119334857,137.50659791191765,162.9000000000001,162.9000000000001
18910,2024,M,3,35,1.0172475591641226,1.044990956791416,125.5227542596781,174.9102240805405,181.42000000000007,181.42000000000007
5006,2024,M,3,28,1.0050747374002966,1.044990956791416,-46.57278641675293,15.0544047491544,39.399999999999636,39.399999999999636
5001,2024,M,2,28,1.0050747374002966,1.044990956791416,64.83815157529489,124.53928607051739,150.25,150.25
4999,2024,M,2,28,1.0050747374002966,1.044990956791416,212.22317137798882,269.45936331183884,297.00999999999976,297.00999999999976
964,2024,M,4,42,0.972724327759066,1.044990956791416,252.20732461832222,326.1860427572051,422.25,422.25
1881,2024,M,2,14,0.9893733638251044,1.044990956791416,-3.9814129651149415,114.64522567250378,120.55999999999995,120.55999999999995
1906,2024,M,4,42,0.972724327759066,1.044990956791416,-516.6026483768585,-433.4340268466128,-366.23000000000025,-366.23000000000025
19657,2024,M,2,28,1.0050747374002966,1.044990956791416,6.874971740929595,69.42353740189128,95.17999999999984,95.17999999999984
18590,2024,M,3,42,0.972724327759066,1.044990956791416,220.76346722451945,298.9860054154742,398.2199999999998,398.2199999999998
3559,2024,M,3,28,1.0050747374002966,1.044990956791416,56.479581310312824,120.51523044962369,147.84000000000015,147.84000000000015
19662,2024,M,2,28,1.0050747374002966,1.044990956791416,23.453408855450107,95.62204882564902,125.63999999999987,125.63999999999987
19666,2024,M,2,28,1.0050747374002966,1.044990956791416,-126.41125315782165,-32.68964917399626,3.2600000000002183,3.2600000000002183
4082,2025,M,4,29,0.9759751007703643,1.0017936841595967,-52.91311018635133,-7.854863979680431,-5.990000000000009,-5.990000000000009
21472,2025,M,3,21,0.9890476109131681,1.0017936841595967,-112.03523709592764,-98.4901131061672,-89.70000000000005,-89.70000000000005
950,2024,M,2,42,0.972724327759066,1.044990956791416,171.12406045332227,238.97356830799322,324.0100000000002,324.0100000000002
7624,2024,M,2,14,0.9893733638251044,1.044990956791416,-20.01712287662167,85.97158771340787,91.19999999999982,91.19999999999982
8146,2025,M,5,29,1.0281455271760183,1.0017936841595967,74.03730394202398,16.428303929148115,31.61999999999989,31.61999999999989
27989,2025,M,4,21,0.9890476109131681,1.0017936841595967,-102.35627429317196,-89.61348061441367,-81.19999999999982,-81.19999999999982
2259,2025,M,4,29,1.0281455271760183,1.0017936841595967,26.332150551433188,-32.59744004080039,-17.87000000000012,-17.87000000000012
1657,2025,M,3,21,0.9890476109131681,1.0017936841595967,3.646354339338586,14.002109346417,24.950000000000045,24.950000000000045
8147,2025,M,5,43,1.4205150913383489,1.0017936841595967,-10.580557584349663,-52.906410369832884,-512.8800000000001,-86.72435950761405
2261,2025,M,3,14,1.0082617541360543,1.0017936841595967,3.8973173828564995,-21.02862264890541,-6.809999999999945,-6.809999999999945
1656,2025,M,5,43,1.4205150913383489,1.0017936841595967,60.19193693510397,17.13640574424994,-430.74,-14.335799109494928
27212,2025,M,2,22,1.0281455271760183,1.0747386022271272,-0.04906397863851453,30.220827752004425,72.89999999999986,72.89999999999986
2275,2025,M,4,21,0.9890476109131681,1.0017936841595967,-6.157139982684839,5.0893677253941405,16.5,16.5
1663,2025,M,5,43,1.4205150913383489,1.0017936841595967,-29.674338828992177,-74.53789827168293,-567.3,-111.14538531419089
27996,2025,M,2,14,0.9890476109131681,1.0747386022271272,2.9716450472303677,107.47912444382723,149.39999999999986,149.39999999999986
28536,2025,M,2,7,1.0747386022271272,1.0017936841595967,1.5399147934917892,-91.6639062082645,-121.56999999999994,-121.56999999999994
28411,2025,M,3,14,1.0082617541360543,1.0017936841595967,64.13577951736966,34.90360075528565,52.090000000000146,52.090000000000146
26865,2025,M,3,36,1.4205150913383489,1.0747386022271272,-6.633891276555005,42.348842349538245,-423.20000000000005,36.429673162115705
2268,2025,M,3,14,0.9810935754676438,1.0017936841595967,-32.57232242661735,-18.758293214482592,1.3300000000001546,1.3300000000001546
2260,2025,M,3,14,0.9810935754676438,1.0017936841595967,-3.9346999362860515,9.953504007842412,31.90000000000009,31.90000000000009
2263,2025,M,3,14,0.9810935754676438,1.0017936841595967,-35.84971664378804,-21.79449064524306,-1.5199999999999818,-1.5199999999999818
19502,2025,M,3,14,0.9810935754676438,1.0017936841595967,-14.012644198955968,0.045023572536365464,21.65000000000009,21.65000000000009
11367,2025,M,2,14,0.9890476109131681,1.0747386022271272,171.1901667782745,266.5074085340643,310.79999999999995,310.79999999999995
2783,2025,M,5,29,0.9759751007703643,1.0017936841595967,25.0616151576462,67.06890398801465,70.58999999999992,70.58999999999992
27215,2025,M,4,29,0.9759751007703643,1.0017936841595967,-109.08861789898697,-65.02003524707402,-64.56999999999994,-64.56999999999994
1631,2025,M,4,29,0.9759751007703643,1.0017936841595967,44.0284366890578,87.82971144228259,91.93000000000006,91.93000000000006
1632,2025,M,5,29,0.9759751007703643,1.0017936841595967,-76.79463363065929,-31.199936004009032,-29.86999999999989,-29.86999999999989
1625,2025,M,4,29,0.9759751007703643,1.0017936841595967,-26.33041716406956,16.44678003220247,18.79000000000019,18.79000000000019
7965,2025,M,3,22,0.9822453716069794,1.0017936841595967,-7.850298713742632,42.46561385306859,28.799999999999955,28.799999999999955
19376,2024,M,2,21,0.9410138356312567,1.0253560601168834,-34.061859183721026,82.47271610238613,111.70000000000005,111.70000000000005
712,2024,M,2,7,0.9456467721094698,0.9410138356312567,69.7650927132429,37.99118491248032,65.0,65.0
19380,2024,M,2,21,0.9410138356312567,1.0253560601168834,1.6437670935963524,120.5513406890459,150.79999999999995,150.79999999999995
18970,2024,M,2,7,0.9456467721094698,0.9410138356312567,-57.16871281493877,-93.00131692493528,-69.60000000000014,-69.60000000000014
18745,2024,M,3,35,0.9717474068984722,1.0048666813813316,-23.583259084246265,-21.02506366728153,35.0,20.749095283210636
18986,2024,M,2,7,0.9456467721094698,0.9410138356312567,38.437512953216356,4.221274988377445,31.399999999999864,31.399999999999864
19010,2024,M,2,7,0.9456467721094698,0.9410138356312567,212.9750245592934,181.39026808149492,215.69999999999982,215.69999999999982
19388,2024,M,2,28,0.9410138356312567,1.0048666813813316,15.190312267048057,29.048058491592656,139.29999999999995,50.53613760935059
734,2024,M,3,28,0.9456467721094698,1.0253560601168834,60.23660484861148,152.99266451701806,214.20000000000005,214.20000000000005
1597,2024,M,2,28,0.9410138356312567,1.0048666813813316,35.91964923871683,51.26183205782377,167.30000000000018,74.23243519041034
1558,2024,M,4,42,0.9625423563450438,1.0048666813813316,-25.77938250975194,-66.95467860539384,43.0,-34.61336066884883
19394,2024,M,2,21,0.9410138356312567,1.0253560601168834,-17.95849483651773,124.81383111009654,160.9000000000001,160.9000000000001
771,2024,M,2,7,0.9456467721094698,0.9410138356312567,320.40588741168585,286.5026420397826,328.0999999999999,328.0999999999999
19397,2024,M,2,28,0.9410138356312567,1.0048666813813316,80.8498672434257,98.75488992311875,221.9000000000001,123.89295855048977
19012,2024,M,3,28,0.9456467721094698,1.0253560601168834,23.618116011416078,133.79949863991533,205.4000000000001,205.4000000000001
19018,2024,M,2,7,0.9456467721094698,0.9410138356312567,109.77718188478457,66.2973761952644,104.0,104.0
2007,2024,M,3,28,1.013848832148773,1.0151912758821142,-15.851878463794037,-26.384398372741998,-13.590000000000146,-13.590000000000146
1991,2024,M,2,28,1.013848832148773,1.0151912758821142,-12.515842912583366,-23.192098211894745,-10.290000000000191,-10.290000000000191
19403,2024,M,2,28,1.013848832148773,1.0151912758821142,15.98332566728459,4.300846681968778,17.8599999999999,17.8599999999999
2871,2024,M,2,28,1.013848832148773,1.0151912758821142,9.002611843116028,-2.5685161426686136,10.990000000000009,10.990000000000009
2003,2024,M,2,7,1.013848832148773,1.0273441319993257,-0.8743201344800582,10.245800228419284,20.330000000000155,20.330000000000155
19404,2024,M,4,28,1.013848832148773,1.0151912758821142,-7.05600012339346,-18.445665229953192,-4.7999999999999545,-4.7999999999999545
4910,2024,M,4,36,0.983073465423635,1.0151912758821142,-50.72060539453014,-47.102375558798485,1.7999999999999545,1.7999999999999545
19405,2024,M,2,7,1.013848832148773,1.0273441319993257,-53.818095543496156,-40.57898221782193,-30.649999999999864,-30.649999999999864
1609,2024,M,4,42,0.9625423563450438,1.0048666813813316,-42.94053576943338,-94.18863859361227,42.09999999999991,-54.34205875171392
11512,2024,M,3,42,0.9625423563450438,1.0048666813813316,-17.409263689093223,-69.20990850482053,69.90000000000009,-27.960324321591543
2855,2024,M,4,43,0.9810421335532757,1.0151912758821142,-188.66814572420571,-159.51485563883284,-133.79999999999995,-133.79999999999995
11516,2024,M,2,14,0.9625423563450438,0.9410138356312567,-195.29152522098275,-272.7856342468008,-257.6999999999998,-257.6999999999998
1612,2024,M,4,42,0.9625423563450438,1.0048666813813316,-39.84328691498877,-96.28332332030914,54.19999999999982,-52.12101203155498
11520,2024,M,3,14,0.9625423563450438,0.9410138356312567,-242.6508533878682,-323.83340272883606,-309.2999999999997,-309.2999999999997
11524,2024,M,2,14,0.9625423563450438,0.9410138356312567,-278.3389244159175,-366.20581464937504,-351.0,-351.0
11525,2024,M,3,42,0.9625423563450438,1.0048666813813316,-59.43744956701812,-122.63814990768924,45.09999999999991,-73.7408736139273
19407,2024,M,3,28,1.013848832148773,1.0151912758821142,0.9497932050408053,-10.895771386980869,3.1399999999998727,3.1399999999998727
415,2024,M,2,28,1.013848832148773,1.0151912758821142,14.779228253043357,2.552669566457098,16.779999999999973,16.779999999999973
2020,2024,M,3,28,1.013848832148773,1.0151912758821142,26.96159980022003,14.321624753958531,28.810000000000173,28.810000000000173
18786,2024,M,3,14,0.983073465423635,1.0105417519178095,83.92893097648926,97.32836291438275,133.5,133.5
19409,2024,M,2,7,1.013848832148773,1.0273441319993257,-249.96461580681193,-229.58652509726767,-220.8800000000001,-220.8800000000001
2032,2024,M,2,7,1.013848832148773,1.0273441319993257,-4.518130996181981,7.522018238458713,18.300000000000182,18.300000000000182
18784,2024,M,3,14,0.983073465423635,1.0105417519178095,-33.423009295200245,-17.31557661695024,15.600000000000136,15.600000000000136
2006,2024,M,2,7,1.013848832148773,1.0273441319993257,-62.98690616426893,-48.528062107832966,-37.84999999999991,-37.84999999999991
19417,2024,M,3,28,1.013848832148773,1.0151912758821142,22.550997181139337,9.280487017796304,24.600000000000136,24.600000000000136
19418,2024,M,2,7,1.013848832148773,1.0273441319993257,19.39300624463226,31.138876751545467,42.590000000000146,42.590000000000146
2876,2024,M,3,28,1.013848832148773,1.0151912758821142,-6.1429202054625875,-18.949466898381843,-3.6400000000001,-3.6400000000001
4841,2024,M,3,28,1.013848832148773,1.0151912758821142,-33.837761717251624,-46.178950666105266,-30.899999999999864,-30.899999999999864
19422,2024,M,3,28,1.013848832148773,1.0151912758821142,76.79547021512667,61.98460062390609,78.1099999999999,78.1099999999999
38,2024,M,2,28,1.013848832148773,1.0151912758821142,65.92024050804253,51.21445070455502,67.41999999999985,67.41999999999985
19425,2024,M,3,28,1.013848832148773,1.0151912758821142,-65.35573480804646,-77.45220756296726,-61.86999999999989,-61.86999999999989
433,2024,M,3,28,1.013848832148773,1.0151912758821142,117.05956891532787,101.15319113699388,117.81999999999994,117.81999999999994
2036,2024,M,2,7,1.013848832148773,1.0273441319993257,-27.04005623802982,-12.801836443188904,-0.9099999999998545,-0.9099999999998545
52,2024,M,2,7,1.013848832148773,1.0839380949029964,-149.86237841291654,-196.14079109957083,-11.190000000000055,-200.84804133048442
19429,2024,M,2,7,1.013848832148773,1.0839380949029964,175.51194204271656,127.79282647040941,289.17999999999984,128.06231260954814
19430,2024,M,2,7,1.013848832148773,1.0273441319993257,-101.65213998136369,-84.5875905304049,-73.05999999999995,-73.05999999999995
35,2024,M,4,28,1.013848832148773,1.0151912758821142,73.91410431605914,58.36774654572173,75.42000000000007,75.42000000000007
19431,2024,M,2,7,1.013848832148773,1.0273441319993257,9.647254541814846,22.921580177034457,35.38000000000011,35.38000000000011
2029,2024,M,3,28,1.013848832148773,1.0151912758821142,155.3184893032476,137.9013073055812,155.6400000000001,155.6400000000001
19432,2024,M,2,7,1.013848832148773,1.0839380949029964,252.6709898314391,203.48409150249222,363.46000000000004,204.8758208274935
2034,2024,M,2,7,1.013848832148773,1.0273441319993257,4.894016103477497,18.618765585624715,31.299999999999955,31.299999999999955
2037,2024,M,2,28,1.013848832148773,1.0151912758821142,21.78304977179073,6.884464593323628,24.15000000000009,24.15000000000009
18789,2024,M,2,8,0.983073465423635,1.013848832148773,-70.82011750337438,-51.60999898618047,-7.880000000000109,-7.880000000000109
50,2024,M,2,7,1.013848832148773,1.0839380949029964,264.82687141028623,213.1613461020611,381.25,214.61425493788784
2040,2024,M,2,7,1.013848832148773,1.0273441319993257,26.409691745633154,40.09133540933772,53.57999999999993,53.57999999999993
19436,2024,M,2,28,1.013848832148773,1.0151912758821142,67.65106585511603,51.165449262885204,69.44999999999982,69.44999999999982
2883,2024,M,3,28,1.013848832148773,1.0151912758821142,-65.63836506915777,-79.59800617455676,-61.79999999999973,-61.79999999999973
19437,2024,M,3,28,1.013848832148773,1.0151912758821142,-83.44624303848786,-97.04374882758657,-79.34000000000015,-79.34000000000015
19438,2024,M,2,7,1.013848832148773,1.0273441319993257,25.987368458746005,40.33863745322196,54.42000000000007,54.42000000000007
19439,2024,M,2,28,1.013848832148773,1.0151912758821142,6.300332881457962,-9.891793929299183,9.199999999999818,9.199999999999818
2877,2024,M,3,28,1.013848832148773,1.0151912758821142,-68.1619061956826,-83.28037973077335,-64.05999999999995,-64.05999999999995
19440,2024,M,2,28,1.013848832148773,1.0151912758821142,-788.4890913252311,-789.3430243795365,-773.48,-773.48
19442,2024,M,3,28,1.013848832148773,1.0151912758821142,-106.9793378630975,-122.56114379594783,-102.05999999999995,-102.05999999999995
11384,2024,M,2,35,1.0040216126289132,1.0253560601168834,-31.484255345938436,-29.15802806371744,5.119999999999891,5.119999999999891
2316,2024,M,3,15,0.9410977151352165,1.572377423991426,142.7938078435859,157.88213150515003,905.7,184.20491485923276
11417,2024,M,2,14,1.0040216126289132,1.0136480424665775,9.002135150585218,18.278933070247604,29.579999999999927,29.579999999999927
19485,2024,M,2,21,1.0136480424665775,1.0253560601168834,9.880592988621856,3.984664242853569,27.40000000000009,27.40000000000009
1702,2024,M,2,21,1.0136480424665775,1.0253560601168834,2.2025878819176796,-4.034875138824873,21.700000000000045,21.700000000000045
19488,2024,M,2,21,1.0136480424665775,1.0253560601168834,-47.55856401814617,-52.644171260521034,-25.90000000000009,-25.90000000000009
19489,2024,M,2,21,1.0136480424665775,1.0253560601168834,-30.363965192577325,-36.24295859242511,-8.200000000000045,-8.200000000000045
2263,2024,M,2,21,0.978050079861193,1.0321616043911979,-32.50937472078181,40.28492248287148,59.09999999999991,59.09999999999991
26627,2024,M,3,35,1.0040216126289132,1.0253560601168834,-28.79850892334207,-26.661390875802454,4.919999999999845,4.919999999999845
19479,2024,M,2,21,1.0136480424665775,1.0253560601168834,-43.32254533481796,-48.26874933527006,-22.59999999999991,-22.59999999999991
1703,2024,M,3,21,1.0136480424665775,1.0253560601168834,-2.15807849793282,-8.380258486269668,17.799999999999955,17.799999999999955
19482,2024,M,2,7,1.0136480424665775,1.0076752831681022,-101.53266016727162,-101.24960024611983,-112.02999999999997,-112.02999999999997
1701,2024,M,2,21,1.0136480424665775,1.0253560601168834,-35.547677727784276,-40.22005819351057,-16.59999999999991,-16.59999999999991
19487,2024,M,2,21,1.0136480424665775,1.0253560601168834,5.715051074456596,-0.5847992566964422,25.0,25.0
1381,2024,M,3,35,1.0040216126289132,1.0253560601168834,309.09475895503465,302.07325853191105,351.15999999999985,351.15999999999985
3789,2024,M,3,21,1.0136480424665775,1.0253560601168834,-34.47999190098358,-39.23350608675696,-15.400000000000091,-15.400000000000091
3787,2024,M,3,21,1.0136480424665775,1.0253560601168834,-27.14002432087591,-32.372499647697396,-7.400000000000091,-7.400000000000091
4397,2024,M,2,21,1.0136480424665775,1.0253560601168834,6.836593782448745,0.47062973999891256,26.199999999999818,26.199999999999818
19496,2024,M,2,21,1.0136480424665775,1.0253560601168834,4.026031316710487,-2.4922668381020685,24.200000000000045,24.200000000000045
19497,2024,M,2,7,1.0136480424665775,1.0273441319993257,79.88038071503456,81.05948120539733,104.60000000000014,104.60000000000014
19498,2024,M,2,21,1.0136480424665775,1.0253560601168834,68.06463178239665,55.75635180889867,99.09999999999991,99.09999999999991
2051,2024,M,2,21,1.0273441319993257,1.0151912758821142,-11.357866215986633,-42.71351775075209,-37.90000000000009,-37.90000000000009
2210,2024,M,2,21,0.9813140218290621,1.0321616043911979,-36.94893582879831,-11.16718769125464,46.59999999999991,7.580664698931059
2214,2024,M,3,21,0.9813140218290621,1.0321616043911979,-26.099115341791958,-0.1829322350606617,58.90000000000009,19.03383827813218
19534,2024,M,2,21,0.9813140218290621,1.0321616043911979,-47.98050822581422,-20.762023726345433,39.40000000000009,-1.2709967499001777
19536,2024,M,3,21,0.9813140218290621,1.0321616043911979,-36.244896257603614,-9.356697187120062,51.09999999999991,10.272701954800596
3399,2024,M,3,21,0.9813140218290621,1.0321616043911979,-67.71465645201943,-39.562913917192645,21.0,-20.011593602342828
19538,2024,M,2,21,0.9813140218290621,1.0321616043911979,-59.373487266472466,-31.40189296805397,29.5,-11.709886290409031
19539,2024,M,2,21,0.9813140218290621,1.0321616043911979,81.37876148769647,104.34372186625137,166.29999999999995,124.88482245606383
4138,2024,M,2,21,0.9813140218290621,1.0321616043911979,-12.158982666112252,14.255116831307987,75.79999999999995,34.32650107722111
19542,2024,M,2,21,0.9813140218290621,1.0321616043911979,-19.067382211270342,7.833954748333554,69.90000000000009,28.050911397472873
19543,2024,M,3,21,0.9813140218290621,1.0321616043911979,1.5696772520536797,28.194322448182902,91.5,48.89040061736091
19363,2024,M,2,8,0.9350640738471723,0.9813140218290621,8.863371071639676,136.15251524618134,99.90000000000009,142.54692506509878
25549,2024,M,3,21,0.9813140218290621,1.0321616043911979,24.598227055973666,49.311919219141146,110.20000000000005,69.30038344503555
1428,2024,M,2,14,1.0273441319993257,1.0253560601168834,68.91491791036651,51.184526739109515,61.79999999999973,61.79999999999973
19548,2024,M,2,21,0.9813140218290621,1.0321616043911979,2.3556833708998965,29.378212036918285,93.70000000000005,50.40920691247584
19551,2024,M,3,21,0.9813140218290621,1.0321616043911979,-11.669024713989756,16.009800903414316,80.59999999999991,37.07825425225769
3914,2024,M,2,8,0.9350640738471723,0.9813140218290621,-61.37841606478537,65.71524945382976,27.09999999999991,70.84103413219168
19402,2024,M,2,7,1.013848832148773,1.0273441319993257,-22.00100211335166,-10.740547982771432,-1.3599999999999,-1.3599999999999
1698,2024,M,2,14,1.0273441319993257,1.0253560601168834,39.144553198724225,22.669091322367876,32.90000000000009,32.90000000000009
19528,2024,M,3,21,0.9813140218290621,1.0321616043911979,-9.140457421446854,14.872945771341392,71.0,33.18441795824924
19529,2024,M,2,21,0.9813140218290621,1.0321616043911979,-18.36385432525708,6.263610221110184,63.0,24.741175479042795
2217,2024,M,3,21,0.9813140218290621,1.0321616043911979,-28.873650746269277,-3.5121509201012486,54.0,15.181290242150908
4468,2024,M,2,21,0.9813140218290621,1.0321616043911979,-21.6211516869937,7.47109699115299,74.5,29.300931396735223
19554,2024,M,2,21,0.9813140218290621,1.0321616043911979,42.47099918744334,69.22637921172054,136.5999999999999,91.39859854158135
1641,2024,M,3,29,0.9350640738471723,1.0321616043911979,-8.212051647032922,147.41386466011068,174.5999999999999,174.5999999999999
19556,2024,M,2,21,0.9813140218290621,1.0321616043911979,-48.13705795264377,-17.872891415989216,49.5,3.9743316752148985
19558,2024,M,2,21,0.9813140218290621,1.0321616043911979,87.76398693926672,113.49505708789525,182.5999999999999,136.39547082548302
19559,2024,M,2,7,0.9813140218290621,1.0167079198234956,-136.71710611401727,-141.75405158164153,-65.10000000000014,-111.58680464811664
162,2024,M,2,21,0.9813140218290621,1.0321616043911979,47.54723180018982,75.26853893566613,145.4000000000001,98.36030868045259
19561,2024,M,2,21,0.9813140218290621,1.0321616043911979,62.16168319956,89.62881563557244,160.5,113.01473334609273
2219,2024,M,2,21,0.9813140218290621,1.0321616043911979,83.4704525250163,110.35444798642493,181.80000000000018,134.00446361064837
2277,2024,M,2,21,0.9813140218290621,1.0321616043911979,-65.99671730734167,-33.65665993258426,37.0,-10.800202099659145
1646,2024,M,3,29,0.9350640738471723,1.0321616043911979,260.0116953596205,439.1485591125486,473.5999999999999,473.5999999999999
4044,2024,M,2,21,0.9813140218290621,1.0321616043911979,-54.373235950488834,-20.547953816602785,54.69999999999982,3.8507562144327494
4136,2024,M,2,21,0.9813140218290621,1.0321616043911979,46.750091176318165,77.13142143306686,153.5,102.25883654860854
19569,2024,M,2,21,0.9813140218290621,1.0321616043911979,135.59038495952836,165.05172389233167,247.4000000000001,192.45192970935204
2227,2024,M,2,21,0.9813140218290621,1.0321616043911979,-405.79686018266466,-351.9820321038037,-261.5999999999999,-323.8965640248557
2285,2024,M,2,21,0.9813140218290621,1.0321616043911979,22.494515081225245,52.27804824901091,125.0,76.12668452963112
21233,2024,M,2,21,1.0273441319993257,1.0151912758821142,75.03965199931781,48.27142629583204,52.600000000000136,52.600000000000136
2038,2024,M,2,21,1.0273441319993257,1.0151912758821142,-76.04090484354379,-99.76786570024387,-96.29999999999995,-96.29999999999995
21234,2024,M,2,14,1.0273441319993257,1.0253560601168834,-101.82529029098419,-109.01995004146738,-102.79999999999995,-102.79999999999995
18769,2024,M,3,29,0.9852248651388742,1.0321616043911979,-45.215804178789995,35.189942211917014,29.950000000000045,29.950000000000045
19581,2024,M,2,21,0.9927480760771745,1.0321616043911979,-96.288166737952,-51.613473547988406,-21.40000000000009,-21.40000000000009
21237,2024,M,2,21,1.0273441319993257,1.0151912758821142,122.2632829581205,93.43031466351454,98.20000000000005,98.20000000000005
21239,2024,M,2,21,1.0273441319993257,1.0151912758821142,29.85159039781138,0.9604882517305668,5.5,5.5
2198,2024,M,3,21,0.9829802997370838,1.0321616043911979,-21.52923409252776,20.50456451180321,57.299999999999955,57.299999999999955
19598,2024,M,2,7,0.9829802997370838,1.0839380949029964,14.130623470781075,3.000012645107745,169.79999999999995,24.574318703930885
19600,2024,M,3,21,0.9829802997370838,1.0321616043911979,-91.7197104751931,-44.27344250948272,-5.2999999999999545,-5.2999999999999545
147,2024,M,2,21,0.9829802997370838,1.0321616043911979,3.1885550787835655,48.359132460437195,88.90000000000009,88.90000000000009
4332,2024,M,3,29,0.9606235487313902,1.0253560601168834,-10.710152890332893,79.80450072259646,116.5,116.5
19365,2024,M,2,22,1.0183372823148584,1.0321616043911979,11.196141821080346,28.791494452873167,37.09999999999991,37.09999999999991
1810,2024,M,4,42,0.972724327759066,1.044990956791416,-48.325545938839014,5.46932180496492,63.50999999999999,63.50999999999999
5583,2024,M,2,14,0.972724327759066,1.0050747374002966,-7.962843699156338,3.661440293612486,50.55000000000018,50.55000000000018
1530,2024,M,5,56,1.553783784833944,1.0048666813813316,-8.690937188502858,-49.86596200371173,-556.0,10.988245925094361
228,2024,M,2,35,0.9209747388508522,1.0151912758821142,634.8750787625163,816.9608188661709,932.5,932.5
91,2024,M,4,35,0.977916051581576,0.992562623192748,-250.26481050389157,-234.9184749757144,-228.79999999999995,-228.79999999999995
2946,2024,M,4,35,0.977916051581576,0.992562623192748,-53.1794796919562,-37.871688200347535,-31.200000000000045,-31.200000000000045
2945,2024,M,3,21,1.002839280906831,0.992562623192748,-24.219611159678607,-68.39567211129497,-40.5,-40.5
20488,2024,M,3,21,1.002839280906831,0.992562623192748,19.56746944817928,-25.606607538976277,3.2000000000000455,3.2000000000000455
5175,2024,M,3,21,1.002839280906831,0.992562623192748,-4.353890119030439,-49.87632227062022,-21.0,-21.0
20489,2024,M,3,21,1.002839280906831,0.992562623192748,9.298684104595168,-36.33063846576238,-7.2999999999999545,-7.2999999999999545
2952,2024,M,3,21,1.002839280906831,0.992562623192748,-0.37088031949497235,-46.18978220469512,-17.09999999999991,-17.09999999999991
18780,2024,M,4,35,0.977916051581576,0.992562623192748,17.56922366059257,34.70740094111375,42.399999999999864,42.399999999999864
18781,2024,M,4,35,0.977916051581576,0.992562623192748,81.08025554770734,98.98277563051624,107.20000000000005,107.20000000000005
20491,2024,M,2,14,1.002839280906831,0.9880034382683882,-45.496724008456795,-105.17366052091506,-70.79999999999995,-70.79999999999995
20492,2024,M,3,21,1.002839280906831,0.992562623192748,-16.47848785255883,-63.36679465258271,-33.69999999999982,-33.69999999999982
2968,2024,M,2,14,1.002839280906831,0.9880034382683882,69.02812167295406,6.236000046438221,43.299999999999955,43.299999999999955
20493,2024,M,2,14,1.002839280906831,0.9880034382683882,0.09070261430588289,-63.50061843913227,-26.5,-26.5
20494,2024,M,3,21,1.002839280906831,0.992562623192748,-46.65771347600139,-97.46228166235824,-65.5,-65.5
4637,2024,M,3,21,1.002839280906831,0.992562623192748,72.1515134279,20.082719809221544,53.59999999999991,53.59999999999991
2991,2024,M,2,14,1.002839280906831,0.9880034382683882,110.24333770590329,23.94083514189515,75.0,75.0
18746,2024,M,3,43,0.9477353590036095,1.0048666813813316,-20.30277560279046,-17.7490000911248,86.0,-1.149973983546488
18747,2024,M,4,43,0.9477353590036095,1.0048666813813316,90.76701540964041,97.13407147180419,200.0,115.44202860967903
2492,2024,M,5,43,0.9477353590036095,1.0048666813813316,143.21819689235326,151.14762551202534,246.0,169.02241355213118
18748,2024,M,4,43,0.9477353590036095,1.0048666813813316,57.00146749931923,62.229245630758896,166.0,80.12157445841308
2438,2025,M,3,36,0.9567869672540947,1.0247836202964227,-28.0077618834016,1091.6530611213127,81.60000000000014,1135.4064780032008
27905,2025,M,3,28,0.9963450813383452,1.0247836202964227,-46.50834942784195,-40.38038356693255,-1.3900000000001,-1.3900000000001
11484,2025,M,3,21,0.9963450813383452,0.9665925083721048,-11.282913344842427,-95.35369626683814,-60.559999999999945,-60.559999999999945
2437,2025,M,3,36,0.9567869672540947,1.0247836202964227,86.85423953344116,1299.107033765003,203.0,1346.929173691603
504,2025,M,5,35,1.6577628999665,0.9665925083721048,30.081617708478007,53.87014534811192,-654.6199999999999,81.66600339529577
11483,2025,M,5,35,1.6577628999665,0.9665925083721048,-11.758303734250603,10.409220272697667,-685.75,37.48400959162518
2553,2025,M,5,35,1.6577628999665,0.9665925083721048,14.969795061704872,38.67798416142341,-680.98,66.82246851618129
27175,2025,M,4,42,0.9668339905514403,1.0247836202964227,-84.5092840169475,-24.02779865454022,12.099999999999909,12.099999999999909
26109,2025,M,3,28,0.9448852993457915,0.9665925083721048,-78.39894211852857,-99.30399122726703,-44.32999999999993,-44.32999999999993
539,2025,M,5,35,1.6577628999665,0.9665925083721048,1.2968332978064154,24.392984525409247,-688.69,52.20258944364991
694,2025,M,4,42,0.9755417230348995,1.0247836202964227,-18.119771990929166,40.076099737409095,62.90000000000009,62.90000000000009
3092,2025,M,4,21,1.6577628999665,0.9947815459426093,-73.24718268103129,16.210553000731352,-710.0999999999999,23.11494602972607
507,2025,M,5,35,1.6577628999665,0.9665925083721048,0.2769079571492057,23.271761941381328,-687.5999999999999,50.989296419472794
27906,2025,M,2,28,0.9963450813383452,1.0247836202964227,-56.67742906436388,-50.06435502844147,-9.409999999999854,-9.409999999999854
677,2025,M,4,42,0.9755417230348995,1.0247836202964227,45.643674579439676,104.96894540712037,129.0999999999999,129.0999999999999
5709,2025,M,2,28,0.9963450813383452,1.0247836202964227,-127.21507710353262,-118.67711336287744,-78.03999999999996,-78.03999999999996
2896,2025,M,3,36,0.9567869672540947,1.0247836202964227,-5.963377489396862,1166.4003016046686,108.30000000000018,1212.3030221829235
676,2025,M,3,42,0.9755417230348995,1.0247836202964227,20.6511407193957,78.56520684911925,101.79999999999995,101.79999999999995
706,2025,M,3,28,0.9963450813383452,1.0247836202964227,32.68581194271792,36.964791188782556,78.48000000000002,78.48000000000002
16114,2025,M,3,36,0.9567869672540947,1.0247836202964227,45.66083829232184,1265.1586764139454,163.39999999999986,1313.1062695690641
16124,2025,M,3,36,0.9567869672540947,1.0247836202964227,17.760588856308914,1197.1859332835475,132.20000000000005,1243.4564870068475
530,2025,M,4,21,1.6577628999665,0.9947815459426093,23.396742111115827,118.69475336575488,-663.5999999999999,127.96503597554715
24596,2025,M,2,7,0.9448852993457915,0.9963450813383452,-9.88519527592166,59.04120296083988,81.92000000000007,81.92000000000007
27382,2025,M,4,35,1.6577628999665,0.9665925083721048,-65.37735597510095,-43.643565809093616,-774.8299999999999,-15.51106636293298
18991,2025,M,2,14,0.9755417230348995,0.9963450813383452,-10.338412114636412,44.1787777624254,25.710000000000036,25.710000000000036
529,2025,M,4,35,1.6577628999665,0.9665925083721048,-18.98990052102363,4.377453539734461,-735.4200000000001,33.11210573377571
27330,2025,M,4,35,1.6577628999665,0.9665925083721048,-24.67369146268493,-1.5669414139040327,-738.44,27.02104836820604
674,2025,M,4,42,0.9755417230348995,1.0247836202964227,33.41995928948086,91.51955351122547,115.0,115.0
16118,2025,M,3,28,0.9963450813383452,1.0247836202964227,-81.79586104220289,-74.33015647247976,-32.340000000000146,-32.340000000000146
11485,2025,M,5,35,1.6577628999665,0.9665925083721048,162.27506970444756,192.88859039200656,-607.24,225.01654606934358
18974,2025,M,4,28,0.9448852993457915,0.9665925083721048,16.490239979120815,-3.331891607538182,57.1400000000001,57.1400000000001
1213,2025,M,3,35,1.01975452974666,1.0247836202964227,-25.018798587125502,-29.668331812859833,-16.100000000000136,-16.100000000000136
27908,2025,M,2,28,0.9963450813383452,1.0247836202964227,3.8855973184272443,9.152264906707387,52.27999999999997,52.27999999999997
11493,2025,M,3,28,0.9448852993457915,0.9665925083721048,-34.75151764217503,-57.055589067504116,6.089999999999918,6.089999999999918
27021,2025,M,2,14,0.9755417230348995,0.9963450813383452,171.27479122038085,229.47053356152333,213.31999999999994,213.31999999999994
27880,2025,M,2,14,1.6577628999665,0.9963450813383452,-71.3978715807109,44.723140906570734,-752.0999999999999,34.85844992719285
714,2025,M,3,21,0.9755417230348995,0.9947815459426093,15.746809809928664,52.31223758729402,50.899999999999864,50.899999999999864
27203,2025,M,3,36,0.9567869672540947,1.0247836202964227,35.615444968751945,1293.4148791763132,157.30000000000018,1342.8242640093272
4365,2025,M,3,28,0.9963450813383452,1.0247836202964227,-30.81228549943603,-24.498000365972302,19.430000000000064,19.430000000000064
26995,2025,M,2,14,0.9755417230348995,0.9963450813383452,-128.63466525323247,-72.28405945998657,-93.68000000000006,-93.68000000000006
705,2025,M,4,42,0.9755417230348995,1.0247836202964227,124.20777083235589,183.51652047923585,208.70000000000005,208.70000000000005
3142,2025,M,3,34,1.0269781951526982,1.0247836202964227,40.67412946424929,2.6678084728134763,35.90000000000009,35.90000000000009
3141,2025,M,3,36,0.9567869672540947,1.0247836202964227,-7.983168881757365,1314.1040051228035,120.90000000000009,1365.8641615929878
16123,2025,M,3,36,0.9567869672540947,1.0247836202964227,-108.32156987043118,1190.9136961273505,20.5,1241.3929287702308
27009,2025,M,3,42,0.9755417230348995,1.0247836202964227,-40.21490451601244,23.41853596931651,48.100000000000136,48.100000000000136
24594,2025,M,3,36,0.9567869672540947,1.0247836202964227,66.4666199036892,1392.2026244427816,194.0999999999999,1444.3919277910911
27909,2025,M,2,28,0.9963450813383452,1.0247836202964227,12.139353982815237,17.339139815501994,61.74000000000001,61.74000000000001
16117,2025,M,3,28,0.9963450813383452,1.0247836202964227,93.95733917284565,96.9947228768408,141.98000000000002,141.98000000000002
2456,2025,M,3,36,0.9567869672540947,1.0247836202964227,14.867636942544323,1303.4876295241422,140.0,1354.024603671471
2899,2025,M,3,36,0.9567869672540947,1.0247836202964227,11.782554735065332,1321.1368110158282,139.0,1372.4741597922584
25480,2025,M,2,28,0.9963450813383452,1.0247836202964227,62.88851812040275,66.83339700807119,112.28999999999996,112.28999999999996
20431,2025,M,4,42,0.9755417230348995,1.0247836202964227,51.27068826887421,111.16681709997988,135.5999999999999,135.5999999999999
2460,2025,M,3,35,1.01975452974666,1.0247836202964227,37.18611264223546,30.60295971646974,45.0,45.0
11490,2025,M,4,28,0.9448852993457915,0.9665925083721048,-225.23693581125758,-252.00236561429142,-193.09000000000015,-193.09000000000015
27391,2025,M,3,14,1.6577628999665,0.9963450813383452,-18.406265227972426,105.0440828745268,-750.03,96.04630421440629
27910,2025,M,2,28,0.9963450813383452,1.0247836202964227,88.69654018611277,92.00693226152748,138.02999999999997,138.02999999999997
27384,2025,M,3,14,1.6577628999665,0.9963450813383452,-139.8935424346796,-21.46665723082856,-824.8299999999999,-33.264964024452865
2453,2025,M,3,13,1.0269781951526982,0.9947815459426093,55.20281236048254,-7.308596073869694,-0.5,-0.5
16127,2025,M,3,14,0.9755417230348995,0.9963450813383452,151.44572623243084,212.74965458911674,195.17000000000007,195.17000000000007
27911,2025,M,2,7,0.9963450813383452,0.9947815459426093,63.301508652756866,41.15513886550639,60.680000000000064,60.680000000000064
2463,2025,M,3,36,0.9567869672540947,1.0247836202964227,48.742116782422045,1427.299449165186,181.89999999999986,1481.4898126120972
27020,2025,M,3,21,0.9755417230348995,0.9947815459426093,36.54953611871588,75.98760046102666,74.79999999999995,74.79999999999995
27843,2025,M,3,13,1.0269781951526982,0.9947815459426093,155.6077106513685,85.62525583471938,94.79999999999995,94.79999999999995
27842,2025,M,3,34,1.0269781951526982,1.0247836202964227,-144.15819455223846,-179.49386941808302,-144.70000000000005,-144.70000000000005
2467,2025,M,3,36,0.9567869672540947,1.0247836202964227,-12.066513295450704,1415.771496314784,127.20000000000005,1471.6585905937166
11422,2025,M,2,7,1.01975452974666,0.9963450813383452,52.80964458056451,39.472138731513496,7.889999999999873,7.889999999999873
2474,2025,M,2,28,0.9963450813383452,1.0247836202964227,-71.01006753468346,-63.20881888014446,-16.159999999999854,-16.159999999999854
16119,2025,M,2,7,0.9963450813383452,0.9947815459426093,-126.88252639582242,-147.14917662869516,-130.5699999999997,-130.5699999999997
2469,2025,M,3,36,0.9567869672540947,1.0247836202964227,-3.628225585232258,1382.5437702601298,131.4000000000001,1436.8310984437533
2900,2025,M,3,36,0.9567869672540947,1.0247836202964227,52.17984713156693,1390.0239041864827,181.29999999999995,1442.6325999124626
24908,2025,M,4,42,0.9668339905514403,1.0247836202964227,160.5988204258815,234.05325365146246,283.0999999999999,283.0999999999999
2470,2025,M,3,36,0.9567869672540947,1.0247836202964227,26.85061177003945,1401.500152337193,160.0999999999999,1455.4532756352924
19000,2025,M,2,28,0.9963450813383452,1.0247836202964227,26.75532590811281,32.03474554523132,80.27999999999997,80.27999999999997
27457,2025,M,3,34,1.0166759436565362,1.0247836202964227,17.86711381804116,17.53110900243246,31.580000000000155,31.580000000000155
27396,2025,M,3,14,1.6577628999665,0.9963450813383452,-164.89499965263667,-40.73616934530742,-880.46,-53.5778043204034
21482,2025,M,2,8,0.9567869672540947,0.9963450813383452,143.72241727174764,1625.746468237969,231.16000000000008,1636.2780973070642
16132,2025,M,3,36,0.9567869672540947,1.0247836202964227,293.0232996098882,1896.3790937208366,442.79999999999995,1960.31470710079
761,2025,M,3,42,0.9755417230348995,1.0247836202964227,-12.552963827887424,58.86141002787758,87.0,87.0
16126,2025,M,4,42,0.9755417230348995,1.0247836202964227,-421.99851253613747,-341.01336791234667,-314.60000000000014,-314.60000000000014
5828,2025,M,3,28,0.9448852993457915,0.9665925083721048,18.750990237227825,-3.047309702148141,63.50999999999999,63.50999999999999
2478,2025,M,3,13,1.0269781951526982,0.9947815459426093,77.81044371733469,7.369485672172914,15.299999999999955,15.299999999999955
27471,2025,M,3,34,1.0166759436565362,1.0247836202964227,-19.422438215353168,-18.735879623063738,-3.1800000000000637,-3.1800000000000637
16135,2025,M,3,36,0.9567869672540947,1.0247836202964227,48.86579935140662,1501.1638196919619,189.20000000000027,1558.243343050026
2173,2025,M,2,28,0.9963450813383452,1.0247836202964227,288.18361668337775,286.6027959182761,337.1100000000001,337.1100000000001
16133,2025,M,4,42,0.9755417230348995,1.0247836202964227,-47.036518532919445,25.844755880565117,54.09999999999991,54.09999999999991
25471,2025,M,4,42,0.9755417230348995,1.0247836202964227,-8.669085221135674,60.785783082842954,88.19999999999982,88.19999999999982
16147,2025,M,3,42,0.9755417230348995,1.0247836202964227,54.16891783972005,121.9874190986036,149.5999999999999,149.5999999999999
27204,2025,M,2,8,0.9567869672540947,0.9963450813383452,36.94190498610146,1443.273902121947,119.40999999999985,1450.5170801213603
16141,2025,M,3,36,0.9567869672540947,1.0247836202964227,17.33742893773001,1472.1897142484997,158.60000000000014,1529.2480919048764
24911,2025,M,2,28,0.9963450813383452,1.0247836202964227,-25.248829215810247,-18.323432214445802,31.730000000000018,31.730000000000018
16146,2025,M,2,28,0.9963450813383452,1.0247836202964227,-136.16159970295644,-126.23021648857252,-76.37000000000012,-76.37000000000012
16120,2025,M,2,28,0.9963450813383452,1.0247836202964227,105.48669355467405,108.90541517058409,159.48000000000002,159.48000000000002
2455,2025,M,3,28,0.9963450813383452,1.0247836202964227,42.26048765806081,47.39530518035713,97.87999999999988,97.87999999999988
551,2025,M,4,21,1.6577628999665,0.9947815459426093,3.6691160107745873,113.12070233515487,-783.4000000000001,123.32968718440452
27917,2025,M,2,28,0.9963450813383452,1.0247836202964227,41.650192094246904,46.83531732558686,97.59000000000015,97.59000000000015
11408,2025,M,3,35,1.01975452974666,1.0247836202964227,83.18227124617079,74.77173639680791,90.79999999999995,90.79999999999995
27918,2025,M,2,28,0.9963450813383452,1.0247836202964227,-1.5771019723374593,4.781911313778437,55.47999999999979,55.47999999999979
27920,2025,M,2,28,0.9963450813383452,1.0247836202964227,-244.59156086389748,-231.65942800556695,-181.48999999999978,-181.48999999999978
27206,2025,M,3,36,0.9567869672540947,1.0247836202964227,-90.6722831076263,1343.4433528026711,50.90000000000009,1399.2741777995516
2596,2025,M,2,7,0.9448852993457915,0.9963450813383452,-185.25183228450828,-102.76511476184805,-81.56000000000017,-81.56000000000017
27030,2025,M,3,14,0.9755417230348995,0.9963450813383452,-83.09687769244351,-15.298756608126041,-39.63999999999987,-39.63999999999987
27209,2025,M,3,36,0.9567869672540947,1.0247836202964227,189.19821739987628,1764.6844994559224,338.5,1827.1292277134817
753,2025,M,3,21,0.9755417230348995,0.9947815459426093,-28.17114593663746,16.4354706106119,13.900000000000091,13.900000000000091
2184,2025,M,3,42,0.9755417230348995,1.0247836202964227,-11.541341530583622,55.55814380421384,82.0,82.0
4589,2025,M,2,21,0.9963450813383452,0.9665925083721048,39.870855385091545,-74.3052645198859,-26.079999999999927,-26.079999999999927
26522,2025,M,3,28,0.9963450813383452,1.0247836202964227,18.644159152881002,25.122189478360724,81.21000000000004,81.21000000000004
27208,2025,M,3,36,0.9567869672540947,1.0247836202964227,52.704902538963324,1590.706884923362,201.29999999999973,1651.1584953802944
27043,2025,M,2,14,0.9755417230348995,0.9963450813383452,88.22694783292764,165.05833140655432,141.03999999999996,141.03999999999996
802,2025,M,3,14,0.9755417230348995,0.9963450813383452,-110.16376436525252,-34.14520335531324,-61.76999999999998,-61.76999999999998
27514,2025,M,2,7,1.01975452974666,0.9963450813383452,15.069440429415408,-0.5898449138903743,-42.0300000000002,-42.0300000000002
27929,2025,M,2,28,0.9963450813383452,1.0247836202964227,174.33612717349342,177.27987557471124,239.13999999999987,239.13999999999987
3682,2025,M,3,36,0.9567869672540947,1.0247836202964227,239.1490369904136,2180.576904834406,423.0,2257.5488908650477
25491,2025,M,2,28,0.9963450813383452,1.0247836202964227,190.23372883024967,193.4528919591835,261.0100000000002,261.0100000000002
18572,2024,M,2,14,0.972724327759066,1.0050747374002966,165.81737407677292,175.63140393936123,229.53999999999996,229.53999999999996
18574,2024,M,2,14,0.972724327759066,1.0050747374002966,111.25461224343917,122.1121166955727,175.76,175.76
18575,2024,M,2,14,0.972724327759066,1.0050747374002966,9.992254173104357,22.90805424166342,76.57000000000016,76.57000000000016
18576,2024,M,2,14,0.972724327759066,1.0050747374002966,25.567782646749492,38.28156000344757,92.41000000000008,92.41000000000008
3077,2024,M,2,7,0.972724327759066,1.0172475591641226,72.73506285062422,92.44192114677435,166.35000000000014,166.35000000000014
5038,2024,M,3,14,0.972724327759066,1.0050747374002966,-58.82096304117249,-43.56254369859562,13.9699999999998,13.9699999999998
18586,2024,M,2,7,0.972724327759066,1.0172475591641226,147.16205666847873,166.37766802401688,244.26,244.26
2371,2024,M,2,14,0.972724327759066,1.0050747374002966,151.2847128879298,164.05697283838163,228.85999999999967,228.85999999999967
18592,2024,M,2,14,0.972724327759066,1.0050747374002966,419.5323921420859,430.05261628533617,507.90999999999985,507.90999999999985
901,2024,M,3,42,0.972724327759066,1.044990956791416,309.07965589661103,371.0841957988732,456.5799999999999,456.5799999999999
7625,2024,M,2,7,0.972724327759066,1.0172475591641226,-236.37399961325536,-209.23961561531542,-133.1500000000001,-133.1500000000001
18875,2024,M,2,7,1.0172475591641226,1.0050747374002966,127.11364689591983,118.55691438622466,105.25999999999999,105.25999999999999
5007,2024,M,2,14,1.0050747374002966,0.9893733638251044,-53.54090070285997,-94.7669317824218,-80.69000000000005,-80.69000000000005
20497,2024,M,2,7,0.9445922636117963,1.572377423991426,-44.02405176282059,-32.89804511197531,640.5999999999999,-23.124126366150904
2309,2024,M,3,21,0.9445922636117963,0.992562623192748,-1.5427853295236673,74.8345050667997,80.5,80.5
20498,2024,M,2,7,0.9445922636117963,1.572377423991426,-49.53422110020438,-37.64138207440715,688.5999999999999,-27.117989263305844
18893,2024,M,2,7,1.0172475591641226,1.0050747374002966,-11.894590161896076,-18.8301578062144,-35.659999999999854,-35.659999999999854
19639,2024,M,2,14,1.0050747374002966,0.9893733638251044,27.739856302215685,-20.949725462982542,-3.759999999999991,-3.759999999999991
18904,2024,M,2,7,1.0172475591641226,1.0050747374002966,156.810719567967,146.34738195058776,130.15999999999985,130.15999999999985
11413,2024,M,2,14,1.0040216126289132,1.0050747374002966,23.405635507867146,0.4397852054030409,25.439999999999827,25.439999999999827
18900,2024,M,2,7,1.0172475591641226,1.0050747374002966,56.82476133814225,48.3490851873255,31.539999999999964,31.539999999999964
19642,2024,M,2,14,1.0050747374002966,0.9893733638251044,51.3247416470017,1.1114053051383053,18.980000000000018,18.980000000000018
18898,2024,M,2,7,1.0172475591641226,1.0050747374002966,-30.21369380869328,-37.03421691140716,-54.56000000000017,-54.56000000000017
1562,2024,M,4,56,1.553783784833944,1.0048666813813316,24.30630536648914,-21.3572503161231,-598.0,48.17436120510001
3012,2024,M,3,42,0.9625423563450438,1.0048666813813316,126.8491492463204,83.12891858695161,207.9000000000001,123.24421719106681
11481,2024,M,3,20,0.9625423563450438,0.9625428105411482,69.72585935710345,119.96150619859236,72.44000000000005,132.43624678724223
2574,2024,M,2,7,0.9625423563450438,0.9717474068984722,-26.035851707489428,-69.33876154112045,-11.700000000000045,-75.75173542580706
18871,2024,M,3,21,1.0172475591641226,0.9893733638251044,-241.863719342595,-292.57776255280373,-293.23,-293.23
11488,2024,M,3,42,0.9625423563450438,1.0048666813813316,16.60116728990988,-25.875051636820217,89.79999999999995,9.105579644864292
18742,2024,M,3,35,0.9717474068984722,1.0048666813813316,-9.516617677315026,-6.8320672470283625,43.0,30.777992607454507
18744,2024,M,3,35,0.9717474068984722,1.0048666813813316,27.288595133790977,31.337564149231184,82.0,71.03745307926624
2071,2024,M,2,35,0.9717474068984722,1.0048666813813316,34.04716532690577,38.45187234198988,91.0,79.8567365298577
4575,2024,M,2,35,0.9717474068984722,1.0048666813813316,-46.7064812029123,-44.97676466760208,11.0,-4.154699160500286
2493,2024,M,3,35,0.9717474068984722,1.0048666813813316,50.611278965558085,55.655680602438906,109.0,98.32312734192556
1534,2024,M,5,56,1.553783784833944,1.0048666813813316,-8.960951715383771,-50.349006688179315,-559.0,10.806497960346178
1542,2024,M,3,56,1.553783784833944,1.0048666813813316,-79.12865943933639,-126.98019988919054,-684.0,-60.414338606883575
1572,2024,M,2,35,0.9717474068984722,1.0048666813813316,1.4616270206297486,4.974682976104759,62.0,48.50267001723978
1280,2024,M,2,14,1.0040216126289132,1.0050747374002966,-46.78787167606697,-66.74821638352091,-44.569999999999936,-44.569999999999936
5005,2024,M,2,14,1.0050747374002966,0.9893733638251044,62.54259033537642,18.25184551043094,34.11999999999989,34.11999999999989
1842,2024,M,2,7,1.0172475591641226,1.0050747374002966,-10.458591455452506,-16.987005742381143,-32.789999999999964,-32.789999999999964
1868,2024,M,2,7,1.0172475591641226,1.0050747374002966,9.392310656689006,2.4333912802246687,-13.329999999999927,-13.329999999999927
11401,2024,M,2,14,1.0040216126289132,1.0050747374002966,-7.263891472089654,-28.07122570962565,-5.230000000000018,-5.230000000000018
1880,2024,M,2,7,1.0172475591641226,1.0050747374002966,-62.85887875937374,-68.46417529749351,-84.87000000000012,-84.87000000000012
3076,2024,M,3,21,1.0172475591641226,0.9893733638251044,78.02695743275126,22.993398213920955,23.579999999999927,23.579999999999927
1855,2024,M,3,21,1.0172475591641226,0.9893733638251044,-2.0602283825785435,-55.53392755738514,-55.25999999999999,-55.25999999999999
1887,2024,M,2,7,1.0172475591641226,1.0050747374002966,66.90037522396824,57.65251821096763,39.56999999999971,39.56999999999971
19661,2024,M,2,14,1.0050747374002966,0.9893733638251044,-426.93599773023607,-492.2036226507521,-472.03999999999996,-472.03999999999996
18750,2024,M,2,35,0.9717474068984722,1.0048666813813316,64.62520846903044,70.36938261973819,127.0,116.09666553292686
18751,2024,M,3,35,0.9717474068984722,1.0048666813813316,-98.01942836991816,-97.65565891224969,-34.0,-53.011103901047136
2586,2024,M,2,35,0.9717474068984722,1.0048666813813316,130.93586705950656,139.00867246483335,195.0,186.8733705204836
2563,2024,M,3,42,0.9625423563450438,1.0048666813813316,86.92891802734198,40.86201080131718,169.9000000000001,81.3806661558815
11511,2024,M,3,14,0.9625423563450438,0.9410138356312567,36.85078191435082,-27.04053749651257,-8.0,-8.0
1536,2024,M,2,7,0.9625423563450438,0.9717474068984722,-49.70555465670668,-99.90423608774654,-33.90000000000009,-107.92864125537199
1578,2024,M,3,42,0.9625423563450438,1.0048666813813316,39.97324310654972,-7.384138820433236,122.70000000000005,32.42006062086034
11518,2024,M,2,7,0.9625423563450438,0.9717474068984722,25.56170121438163,-33.05494960711712,47.5,-39.897695066988945
95,2024,M,3,35,0.977916051581576,0.992562623192748,-2.88192879986741,13.29513953578271,20.5,20.5
2959,2024,M,3,35,0.977916051581576,0.992562623192748,-16.12718886918674,0.38434060304643936,7.7000000000000455,7.7000000000000455
2971,2024,M,2,28,0.977916051581576,0.9880034382683882,53.26604971970846,59.071535516188305,72.69999999999982,72.69999999999982
504,2024,M,3,42,0.9625423563450438,1.0048666813813316,-51.0949349476989,-91.81931287560201,15.599999999999909,-60.79071793619505
11480,2024,M,3,42,0.9625423563450438,1.0048666813813316,9.674927562214407,-29.446225413907086,76.79999999999995,2.561133273275118
2553,2024,M,2,42,0.9625423563450438,1.0048666813813316,15.845460075462597,-25.629568214771552,87.29999999999995,8.512902307803643
11484,2024,M,4,70,0.9625423563450438,1.6315829941684272,-10.992005291795294,-3.373621537328745,694.4999999999999,42.586825205548394
531,2024,M,2,42,0.9625423563450438,1.0048666813813316,-105.77753666229182,-151.80232103923004,-32.90000000000009,-118.53389699505624
532,2024,M,2,42,0.9625423563450438,1.0048666813813316,-44.96875937848131,-89.77732720255472,29.0,-55.21563142517789
3444,2024,M,2,42,0.9625423563450438,1.0048666813813316,-4.516048155798671,-48.058307447385914,69.40000000000009,-13.00612018085053
11490,2024,M,3,42,0.9625423563450438,1.0048666813813316,-47.613357616788335,-92.8812023428518,27.0,-58.04702848338229
521,2024,M,3,42,0.9625423563450438,1.0048666813813316,71.78556304795552,29.810994400181926,147.0,66.45229677278257
513,2024,M,3,42,0.9625423563450438,1.0048666813813316,-24.72737224082789,-70.36152860726565,51.700000000000045,-34.374048378811494
2566,2024,M,2,42,0.9625423563450438,1.0048666813813316,14.420792474080145,-30.576775128985673,91.79999999999995,6.3617258421684255
11498,2024,M,2,42,0.9625423563450438,1.0048666813813316,-4.751536638953894,-51.31660478383537,74.29999999999995,-13.8280881696694
11500,2024,M,2,42,0.9625423563450438,1.0048666813813316,8.60459094311841,-37.75452995192768,88.0,0.0675346675552646
11501,2024,M,2,42,0.9625423563450438,1.0048666813813316,-108.21729959847289,-159.03763066315946,-27.299999999999955,-121.98145321669244
11503,2024,M,3,42,0.9625423563450438,1.0048666813813316,-27.627260582274403,-76.22724487795608,53.700000000000045,-37.94929923971176
548,2024,M,2,7,0.9625423563450438,0.9456467721094698,-147.71064989572324,-176.11699347936678,-191.69999999999982,-191.69999999999982
5215,2024,M,2,42,0.9625423563450438,1.0048666813813316,11.81720718711017,-39.6038579794988,100.0,2.4331099342448397
21,2024,M,2,42,0.9625423563450438,1.0048666813813316,-3.7426047195838237,-46.86579071421488,69.5,-12.123628831952374
11494,2024,M,2,21,0.9625423563450438,1.0076752831681022,-32.110584934377584,36.115619177762255,48.75,48.75
507,2024,M,4,70,0.9625423563450438,1.6315829941684272,-33.4914019719522,-26.346313979751585,643.5999999999999,17.106047066379915
11485,2024,M,4,70,0.9625423563450438,1.6315829941684272,16.82949141616473,24.544929935500022,712.7,70.67207815142751
11486,2024,M,2,42,0.9625423563450438,1.0048666813813316,24.401169927444016,-17.601964283182042,97.20000000000005,17.288070993762858
530,2024,M,2,7,0.9625423563450438,0.9456467721094698,-43.47367689638986,-66.86659116321266,-77.5,-77.5
11491,2024,M,2,42,0.9625423563450438,1.0048666813813316,27.51681069050619,-15.262809917828918,101.79999999999995,20.371994005271972
11493,2024,M,2,42,0.9625423563450438,1.0048666813813316,27.979657180838785,-15.571020695514108,103.59999999999991,20.70482272608774
3092,2024,M,3,42,0.9625423563450438,1.0048666813813316,-9.51100697615334,-55.49296794652719,68.29999999999995,-18.654351146322142
552,2024,M,2,42,0.9625423563450438,1.0048666813813316,-44.66973523893785,-91.87731120682338,33.40000000000009,-55.363862390649274
11502,2024,M,2,42,0.9625423563450438,1.0048666813813316,68.10813325308231,22.981016394950075,148.5,62.03470594673945
11506,2024,M,2,42,0.9625423563450438,1.0048666813813316,59.650743034952484,13.115950220173772,142.0,52.99160906281986
11507,2024,M,2,42,0.9625423563450438,1.0048666813813316,64.64504616845716,17.55477178248543,148.20000000000005,58.066777748778804
11508,2024,M,2,42,0.9625423563450438,1.0048666813813316,-81.283161376507,-133.96209654066502,4.2000000000000455,-94.39390996118368
551,2024,M,2,42,0.9625423563450438,1.0048666813813316,-53.51551917152187,-106.1875753663378,33.40000000000009,-65.58515563563287
11528,2024,M,2,42,0.9625423563450438,1.0048666813813316,268.8194914408209,212.50568565766025,378.6999999999998,268.1241912588107
7959,2024,M,2,14,0.9751704039494574,0.9456467721094698,-25.40937763696843,-64.950525445822,-87.69999999999982,-87.69999999999982
7961,2024,M,2,14,0.9751704039494574,0.9456467721094698,-94.37410584929194,-139.9571535239029,-167.80000000000018,-167.80000000000018
4340,2024,M,2,14,0.9751704039494574,0.9456467721094698,9.723635952413588,-35.977726151230854,-61.29999999999973,-61.29999999999973
7964,2024,M,2,14,0.9751704039494574,0.9456467721094698,-659.0956237528344,-722.1508468056672,-773.8000000000002,-773.8000000000002
677,2024,M,4,35,0.9602961339950643,1.0253560601168834,-18.568616991619137,47.85795486083589,90.10000000000014,90.10000000000014
3859,2024,M,4,50,1.6623194710183307,1.0048666813813316,-95.34754771764074,-176.649647750422,-766.0999999999999,-195.21429100017258
537,2024,M,2,15,1.6623194710183307,0.9456467721094698,-21.174415820863487,-82.47094226664603,-854.3,-149.68687281225948
7952,2024,M,2,15,1.6623194710183307,0.9456467721094698,-65.92847762076644,-128.32774406620683,-903.8999999999999,-197.3611741864388
2688,2024,M,3,35,1.0040216126289132,1.0253560601168834,-16.53235340854917,-14.722161110077195,17.63000000000011,17.63000000000011
2944,2025,M,2,28,1.01084898505379,1.021182185641991,27.16551829323066,20.90345334140693,43.02999999999997,43.02999999999997
7717,2025,M,4,57,0.9786146715954175,1.021182185641991,27.037379151743153,66.36213601858913,94.75999999999999,94.75999999999999
7720,2025,M,5,57,0.9786146715954175,1.021182185641991,-54.46976147443593,-12.300810291240396,16.389999999999873,16.389999999999873
90,2025,M,4,36,0.9687558755683784,1.021182185641991,53.497631255994065,95.40787931848263,139.31999999999994,139.31999999999994
27949,2025,M,2,28,1.01084898505379,1.021182185641991,-37.814741358836955,-42.37982421937704,-20.910000000000082,-20.910000000000082
20489,2025,M,3,28,1.01084898505379,1.021182185641991,-25.022851757641774,-29.943425035934297,-8.259999999999991,-8.259999999999991
20490,2025,M,2,28,1.01084898505379,1.021182185641991,-120.13685293692265,-122.75790488913685,-101.30999999999995,-101.30999999999995
26543,2025,M,4,36,0.9687558755683784,1.021182185641991,-5.9292406330471294,37.707686101175796,81.67000000000007,81.67000000000007
2971,2025,M,2,21,1.01084898505379,1.0077458841398754,39.806973652175884,18.24345047475981,34.09999999999991,34.09999999999991
102,2025,M,3,50,0.9786146715954175,1.0077458841398754,-2.828478849255589,25.241648866826154,47.200000000000045,47.200000000000045
18780,2025,M,3,28,1.01084898505379,1.021182185641991,-29.394485743721134,-34.177607516271564,-12.63000000000011,-12.63000000000011
364,2025,M,5,36,0.9129674989681337,0.9665925083721048,-46.4550017687568,-0.29825544035020357,44.200000000000045,44.200000000000045
18131,2024,M,2,36,0.983073465423635,1.0151912758821142,-9.840345864755363,-6.563620809247368,52.299999999999955,52.299999999999955
1718,2024,M,3,36,0.9596028388429254,1.0151912758821142,-85.35199308287679,-52.69340451411858,21.600000000000136,21.600000000000136
323,2024,M,2,36,0.983073465423635,1.0151912758821142,-72.49033559236568,-68.00171673065256,-11.200000000000045,-11.200000000000045
4918,2024,M,3,36,0.983073465423635,1.0151912758821142,-159.16071843845248,-152.87927285023193,-96.70000000000005,-96.70000000000005
18790,2024,M,2,36,0.983073465423635,1.0151912758821142,11.648711319896847,14.674267904349563,77.40000000000009,77.40000000000009
27744,2025,M,4,28,0.9361977811282456,0.9665925083721048,-31.197548251842136,-4.046886823194427,21.809999999999945,21.809999999999945
26020,2025,M,5,36,0.9129674989681337,0.9665925083721048,12.65093572393107,64.18024924265706,112.45000000000005,112.45000000000005
1552,2025,M,4,28,0.9361977811282456,0.9665925083721048,-90.610362579823,-64.66272843324577,-38.65000000000009,-38.65000000000009
26931,2025,M,4,28,0.9129674989681337,0.947128371224321,44.60421628434506,58.26273116419543,114.0,114.0
367,2025,M,5,36,0.9129674989681337,0.9665925083721048,-25.270174242403755,26.1579431820046,75.16000000000008,75.16000000000008
368,2025,M,5,36,0.9129674989681337,0.9665925083721048,-36.218475337385144,15.29169243399474,64.6099999999999,64.6099999999999
370,2025,M,5,36,0.9129674989681337,0.9665925083721048,35.282967334640944,91.09728850363445,142.91000000000008,142.91000000000008
371,2025,M,5,36,0.9129674989681337,0.9665925083721048,-15.13660126115883,39.64231682789159,91.57999999999993,91.57999999999993
18752,2025,M,5,36,0.9129674989681337,0.9665925083721048,20.688075749729933,79.62084938656858,134.69000000000005,134.69000000000005
26932,2025,M,3,28,0.9129674989681337,0.947128371224321,-2.0877369356451254,9.283326966274899,66.0,66.0
8001,2025,M,5,36,0.9129674989681337,0.9665925083721048,55.1819890295651,113.2594676220624,166.76999999999998,166.76999999999998
4535,2024,M,2,36,0.983073465423635,1.0151912758821142,75.77485265903374,76.8960285804867,129.0,129.0
4144,2024,M,2,14,0.983073465423635,1.0105417519178095,46.03188372236036,59.98588364303282,94.39999999999986,94.39999999999986
18791,2024,M,2,36,0.983073465423635,1.0151912758821142,-5.428288532955321,-2.0372727307217247,60.80000000000018,60.80000000000018
18974,2024,M,3,63,0.9456467721094698,1.6315829941684272,13.214578433044835,44.196395872016865,777.2,101.79330197053787
399,2024,M,2,14,1.295509082135801,1.0253560601168834,-10.452709349920042,108.60013406602343,-336.9000000000001,102.80127659390791
27952,2025,M,2,28,0.9771370402020463,1.0304223124718175,-49.19934592998152,-14.898090268280612,32.559999999999945,32.559999999999945
2363,2024,M,3,21,0.9739664146928533,1.0253560601168834,6.321052379718367,114.0440616117346,107.5,107.5
20397,2025,M,4,50,1.6761110875014542,1.0304223124718175,-33.699217034463345,-33.42107941703284,-623.8,-18.29616208782386
21207,2024,M,2,14,1.295509082135801,1.0253560601168834,7.694019646050492,159.25873457442685,-410.0999999999999,151.9375188720519
21210,2024,M,3,21,0.9739664146928533,1.0253560601168834,86.11122814402324,201.82699990873016,195.0,195.0
17703,2024,M,2,7,0.9739664146928533,1.295509082135801,-0.7210708766197058,-45.90890801273963,601.0999999999999,-45.331796153785945
7976,2025,M,4,28,1.6761110875014542,1.0034105393947477,-21.79348250446651,-23.88580898608234,-644.4000000000001,-48.20370544595676
27183,2025,M,3,14,1.004530613931311,1.0402259277208925,-13.253167889306951,11.13320952817071,41.0,41.0
8,2025,M,3,28,0.9771370402020463,1.0304223124718175,-118.785247335951,-81.33319491918019,-33.00999999999999,-33.00999999999999
2350,2024,M,2,21,0.9739664146928533,1.0253560601168834,-8.079051050531916,90.63202826892166,84.60000000000014,84.60000000000014
3151,2024,M,3,21,0.9739664146928533,1.0253560601168834,57.88301637164,165.50628008743456,159.0999999999999,159.0999999999999
26506,2025,M,4,28,1.6761110875014542,1.0034105393947477,14.009566108180024,10.632008683774075,-635.2,-13.648673539319361
7975,2025,M,4,50,1.6761110875014542,1.0304223124718175,-85.49232586183962,-83.46152872845755,-673.5000000000001,-68.57387167557022
27,2025,M,4,36,1.004530613931311,1.0304223124718175,-21.181871610211147,-44.73703367693611,21.200000000000045,21.200000000000045
4910,2025,M,2,8,1.0108518927140795,0.9771370402020463,-30.548035366377462,-81.46716306021858,-85.72000000000003,-85.72000000000003
2059,2025,M,5,50,1.6761110875014542,1.0304223124718175,-60.23109261630793,-59.12661699379669,-698.3000000000001,-42.856377724877575
26887,2025,M,3,22,1.6761110875014542,0.9771370402020463,-40.33518836730741,-75.16765196214601,-724.99,-111.46241781357162
312,2025,M,3,22,1.6761110875014542,0.9771370402020463,8.726009644475198,-27.793703946354526,-695.7399999999999,-63.40476123472422
27186,2025,M,2,8,1.004530613931311,0.9771370402020463,35.621497970709015,-26.241735265995885,-11.100000000000136,-11.100000000000136
8004,2025,M,5,42,0.9907262871748805,1.0304223124718175,-70.39812425958644,-32.85498536612545,-6.400000000000091,-6.400000000000091
27185,2025,M,2,8,1.004530613931311,0.9771370402020463,7.777866434467114,-53.412927539874545,-39.33999999999992,-39.33999999999992
26507,2025,M,4,28,1.6761110875014542,1.0034105393947477,22.02271098508777,18.180834644759216,-672.3999999999999,-7.584644412550688
18736,2025,M,3,36,1.004530613931311,1.0304223124718175,53.92210810959773,24.85440467259923,99.20000000000005,99.20000000000005
20475,2025,M,2,7,0.9742605070980489,0.9771370402020463,48.092530467604774,71.4735696411301,54.909999999999854,54.909999999999854
26,2025,M,2,7,0.9742605070980489,0.9771370402020463,38.74537382352014,62.139865906531895,45.320000000000164,45.320000000000164
24644,2025,M,2,8,1.0108518927140795,0.9771370402020463,-100.45070441407393,-155.3709730717842,-162.41999999999985,-162.41999999999985
8014,2025,M,5,42,0.9907262871748805,1.0304223124718175,114.4298631221759,150.45111304126954,181.29999999999995,181.29999999999995
21205,2024,M,2,14,1.295509082135801,1.0253560601168834,-185.22389308275297,-37.63094724265443,-571.9000000000001,-45.32226149842472
2803,2024,M,3,36,0.9596028388429254,1.0151912758821142,-63.5542432087143,-32.36280885919905,39.59999999999991,39.59999999999991
27573,2025,M,2,7,0.9742605070980489,0.9771370402020463,77.9395488766354,101.9411383731433,85.69000000000005,85.69000000000005
26890,2025,M,4,28,1.6761110875014542,1.0034105393947477,-37.08631158165849,-39.18439428748843,-771.6000000000001,-68.2064819419461
27763,2025,M,3,14,1.0108518927140795,1.0034105393947477,58.34421075825139,33.825876671099195,44.200000000000045,44.200000000000045
27091,2025,M,5,42,0.9907262871748805,1.0304223124718175,83.19684894111492,124.08539336924855,157.70000000000005,157.70000000000005
27958,2025,M,3,28,0.9771370402020463,1.0304223124718175,29.976362712609443,72.43108195511536,136.04999999999995,136.04999999999995
20468,2025,M,2,7,0.9742605070980489,0.9771370402020463,21.574881473274445,47.42245589857089,28.279999999999745,28.279999999999745
26888,2025,M,4,28,1.6761110875014542,1.0034105393947477,16.337715366743396,12.868041532199186,-636.5,-11.48241601284235
27584,2025,M,2,7,0.9742605070980489,0.9771370402020463,15.279477001670784,41.46866887526494,21.90000000000009,21.90000000000009
4918,2025,M,2,8,1.0108518927140795,0.9771370402020463,-264.6209239951727,-320.07056377643335,-333.1399999999999,-333.1399999999999
2,2025,M,3,28,0.9771370402020463,1.0304223124718175,534.8987215622687,562.325400995483,631.1099999999999,631.1099999999999
8022,2025,M,5,42,0.9907262871748805,1.0304223124718175,127.56485941465553,172.20087032579386,210.0,210.0
18739,2025,M,5,42,0.9907262871748805,1.0304223124718175,247.34366753409859,290.5731717016347,330.9000000000001,330.9000000000001
3400,2025,M,2,7,0.9742605070980489,0.9771370402020463,-184.72930085934104,-155.91439715960814,-182.75,-182.75
5670,2025,M,2,7,0.9742605070980489,0.9771370402020463,70.43149117436224,100.94290693494895,79.5300000000002,79.5300000000002
49,2025,M,2,7,0.9742605070980489,0.9771370402020463,93.64655844723438,121.05764606822913,102.61999999999989,102.61999999999989
18897,2024,M,2,21,1.0172475591641226,0.9893733638251044,-56.95517255931259,-113.98397417452043,-113.90000000000009,-113.90000000000009
1712,2024,M,3,36,0.9596028388429254,1.0151912758821142,-13.326255502797267,13.789718861370375,78.70000000000005,78.70000000000005
1715,2024,M,3,36,0.9596028388429254,1.0151912758821142,9.809268819873978,36.56503021169783,101.90000000000009,101.90000000000009
18915,2024,M,2,36,0.9596028388429254,1.0151912758821142,7.585675997222324,35.58312193784877,103.79999999999995,103.79999999999995
2796,2024,M,3,36,0.9596028388429254,1.0151912758821142,1.2864930829830428,29.64996150445404,98.40000000000009,98.40000000000009
1821,2024,M,2,14,1.0172475591641226,1.032354686118926,-47.67229495139941,-12.892831286147839,-21.799999999999955,-21.799999999999955
3440,2024,M,2,35,0.9330381407937347,1.0048666813813316,6.457393117532774,67.22558811355566,127.40000000000009,50.86256493588644
25996,2024,M,2,22,0.9625428105411482,1.0048666813813316,12.106502809939684,-76.73457058978579,78.49000000000001,-55.455128019398444
22586,2024,M,2,35,0.9330381407937347,1.0048666813813316,15.115445065619724,79.81856026102082,143.29999999999995,62.55667393555814
18965,2024,M,3,28,0.9456467721094698,1.0253560601168834,-2.6946419858556965,77.95272321038556,129.89999999999986,129.89999999999986
699,2024,M,3,28,0.9456467721094698,1.0253560601168834,-22.816243887284372,60.25412641404364,113.29999999999995,113.29999999999995
747,2024,M,2,28,0.9456467721094698,1.0253560601168834,-48.268621314570055,35.980727237286146,89.20000000000005,89.20000000000005
5409,2024,M,2,14,0.9456467721094698,1.0076752831681022,-31.843622390866585,56.09087887405349,77.15000000000009,77.15000000000009
709,2024,M,2,28,0.9456467721094698,1.0253560601168834,-131.1452839819931,-43.80287686289989,9.5,9.5
18968,2024,M,3,28,0.9456467721094698,1.0253560601168834,-101.46719637697447,-13.980375442652075,40.09999999999991,40.09999999999991
4368,2024,M,2,28,0.9456467721094698,1.0253560601168834,25.838912240345053,109.83509805907579,164.60000000000014,164.60000000000014
18969,2024,M,3,28,0.9456467721094698,1.0253560601168834,-76.49379549611604,10.598302931097578,65.0,65.0
678,2024,M,3,28,0.9456467721094698,1.0253560601168834,-99.3758983127068,-11.122782759109896,43.5,43.5
2728,2024,M,2,14,0.9456467721094698,1.0076752831681022,3.516487870996343,92.47666008649685,114.90000000000009,114.90000000000009
1529,2024,M,2,14,0.9456467721094698,1.0076752831681022,44.20468651919646,132.39580290059257,155.9000000000001,155.9000000000001
711,2024,M,2,28,0.9456467721094698,1.0253560601168834,-198.74484120876286,-105.59151285367943,-50.09999999999991,-50.09999999999991
3142,2024,M,2,28,0.9456467721094698,1.0253560601168834,-3.6829847489107124,84.26642924993871,140.9000000000001,140.9000000000001
18976,2024,M,2,28,0.9456467721094698,1.0253560601168834,-56.60258778493653,33.07332141652341,89.60000000000014,89.60000000000014
18980,2024,M,2,28,0.9456467721094698,1.0253560601168834,-22.069452276941547,68.25728259031212,126.0,126.0
18990,2024,M,3,28,0.9456467721094698,1.0253560601168834,109.78120367014048,197.74239188232514,257.0,257.0
693,2024,M,2,14,0.9456467721094698,1.0076752831681022,120.63070171521622,212.77237680378607,239.65999999999985,239.65999999999985
3137,2024,M,2,14,0.9456467721094698,1.0076752831681022,111.66700351033455,204.19587086266006,230.89999999999986,230.89999999999986
18994,2024,M,3,28,0.9456467721094698,1.0253560601168834,-41.95554088790959,51.74201153306308,111.20000000000005,111.20000000000005
3153,2024,M,3,28,0.9456467721094698,1.0253560601168834,18.60931126301466,111.11441590626941,171.20000000000005,171.20000000000005
760,2024,M,2,28,0.9456467721094698,1.0253560601168834,24.069073768096587,118.10274467795853,179.29999999999995,179.29999999999995
3437,2024,M,2,8,0.9949004802540778,1.0048666813813316,36.77263370600281,-13.140133023010549,53.700000000000045,-28.021440250564638
18997,2024,M,2,28,0.9456467721094698,1.0253560601168834,-133.685032661072,-34.671201905014186,26.100000000000136,26.100000000000136
19000,2024,M,2,28,0.9456467721094698,1.0253560601168834,-44.36599982763232,53.6880770855505,115.90000000000009,115.90000000000009
19005,2024,M,2,28,0.9456467721094698,1.0253560601168834,-183.30824382056335,-78.1739739224106,-14.599999999999909,-14.599999999999909
529,2024,M,3,63,0.9456467721094698,1.6315829941684272,36.251434624564126,68.64617859154373,824.7,128.81670658264602
786,2024,M,2,28,0.9456467721094698,1.0253560601168834,6.730120208041171,110.33202760868403,177.30000000000018,177.30000000000018
2626,2024,M,2,28,0.9456467721094698,1.0253560601168834,109.84724885381593,211.02045211629138,278.8000000000002,278.8000000000002
19014,2024,M,2,28,0.9456467721094698,1.0253560601168834,103.36510789697377,213.1294865879504,286.2999999999997,286.2999999999997
4589,2024,M,2,35,0.9456467721094698,1.0048666813813316,123.83442652093117,98.80869247875626,269.0999999999999,161.21400527064907
371,2024,M,3,14,1.7486244817905283,1.0048666813813316,47.660516588463224,-122.27028129183668,-702.2,-135.95743538301622
2641,2024,M,2,35,0.9330381407937347,1.0048666813813316,-108.40832280465429,-45.01288394680819,26.0,-64.32884508844586
20765,2024,M,2,14,0.94769532718966,1.0253560601168834,-3.5246444624399373,127.89535808095252,124.20000000000005,124.20000000000005
20766,2024,M,2,14,0.94769532718966,1.0253560601168834,-12.463746400579794,126.64212231715942,122.70000000000005,122.70000000000005
1719,2024,M,2,21,0.9888845805860613,1.0151912758821142,11.60806851173379,19.049303079693345,59.69999999999982,59.69999999999982
20482,2024,M,2,21,0.9888845805860613,1.0151912758821142,87.09935155861785,94.68271321755947,144.80000000000018,144.80000000000018
27986,2025,M,3,28,1.0201921824252134,1.0247836202964227,-43.40080273322883,-31.26820952532944,-34.200000000000045,-34.200000000000045
11358,2025,M,4,35,1.01975452974666,1.0247836202964227,-26.909131259348896,-31.79242268713574,-17.5,-17.5
27501,2025,M,3,28,1.01975452974666,1.0161206503542846,-54.62593663769667,-38.92442360827681,-60.399999999999864,-60.399999999999864
19498,2025,M,2,7,1.01975452974666,1.0201921824252134,46.55760103418788,18.57291402783676,46.899999999999636,46.899999999999636
27177,2025,M,4,42,0.9668339905514403,1.0247836202964227,161.46913914519178,224.40680517794522,266.9000000000001,266.9000000000001
27176,2025,M,4,42,0.9668339905514403,1.0247836202964227,46.26977463970934,109.86094057194941,150.5,150.5
27988,2025,M,2,28,1.0201921824252134,1.0247836202964227,-61.791989239113036,-49.50438616553879,-52.399999999999864,-52.399999999999864
27475,2025,M,3,34,1.0166759436565362,1.0247836202964227,40.55677083621913,39.6310519793667,55.88000000000011,55.88000000000011
19488,2025,M,3,14,0.9668339905514403,1.0201921824252134,-1.383168610206667,54.135768958040444,98.39999999999986,98.39999999999986
20492,2025,M,2,7,1.0077458841398754,1.021182185641991,-57.61487591355308,-42.62517846677042,-35.289999999999964,-35.289999999999964
20488,2025,M,2,7,1.0077458841398754,1.021182185641991,64.24737404464213,76.56311443797767,84.52999999999997,84.52999999999997
28685,2025,M,2,7,1.0077458841398754,1.021182185641991,-39.60335474617273,-24.57812204690572,-16.910000000000082,-16.910000000000082
22531,2025,M,3,36,0.9687558755683784,1.021182185641991,36.2417488751089,81.10942090084859,127.51999999999998,127.51999999999998
5137,2025,M,3,57,0.9786146715954175,1.021182185641991,-16.27965754059892,22.085271918732815,48.88999999999987,48.88999999999987
28690,2025,M,2,7,1.0077458841398754,1.021182185641991,0.32563439814202866,13.253896459810221,20.450000000000045,20.450000000000045
3268,2025,M,2,7,1.0077458841398754,1.021182185641991,-7.402808299043045,6.414054549834873,13.970000000000027,13.970000000000027
28691,2025,M,2,7,1.0077458841398754,1.021182185641991,77.43486811530488,89.45707259064557,97.49000000000001,97.49000000000001
22524,2025,M,2,7,1.0077458841398754,1.021182185641991,61.041150953945134,73.99433175771469,82.25999999999999,82.25999999999999
22525,2025,M,2,7,1.0077458841398754,1.021182185641991,5.446936946089409,20.28991934191913,28.639999999999873,28.639999999999873
3298,2025,M,2,7,1.0077458841398754,1.021182185641991,92.90053170032661,108.08138322325544,118.13999999999987,118.13999999999987
28694,2025,M,2,7,1.0077458841398754,1.021182185641991,63.466873864849276,80.40551845965547,90.93000000000029,90.93000000000029
28695,2025,M,2,7,1.0077458841398754,1.021182185641991,10.903212627638368,23.901197745219406,31.320000000000164,31.320000000000164
2950,2025,M,2,7,1.0077458841398754,1.021182185641991,23.580692386343344,37.383267925269365,45.47000000000003,45.47000000000003
28699,2025,M,2,7,1.0077458841398754,1.021182185641991,19.13859758533681,34.36731450693378,43.169999999999845,43.169999999999845
22519,2025,M,2,7,1.0077458841398754,1.021182185641991,93.62175466516078,107.29007979814014,116.51999999999998,116.51999999999998
11381,2025,M,2,7,1.01975452974666,1.0201921824252134,27.753007827103147,12.291560090132634,27.899999999999864,27.899999999999864
11380,2025,M,3,35,1.01975452974666,1.0247836202964227,33.71975283739516,27.68958243684051,40.899999999999864,40.899999999999864
1216,2025,M,2,7,1.01975452974666,1.0201921824252134,14.592659969621764,-0.588804089908308,15.0,15.0
1195,2025,M,3,35,1.01975452974666,1.0247836202964227,28.05377129152157,22.157880710934478,35.40000000000009,35.40000000000009
11386,2025,M,3,35,1.01975452974666,1.0247836202964227,-42.0702092380734,-46.15674587098397,-32.90000000000009,-32.90000000000009
27492,2025,M,2,7,1.01975452974666,1.0201921824252134,-97.86582390247463,-111.37576174660694,-95.19999999999982,-95.19999999999982
20451,2025,M,2,28,1.0201921824252134,1.0247836202964227,13.982603175559007,23.36297709487758,20.90000000000009,20.90000000000009
1273,2025,M,3,35,1.01975452974666,1.0247836202964227,-56.614550442144946,-60.5602271097855,-46.700000000000045,-46.700000000000045
11402,2025,M,3,35,1.01975452974666,1.0247836202964227,9.898547781773232,4.225824041119267,18.09999999999991,18.09999999999991
1703,2025,M,2,7,1.01975452974666,1.0201921824252134,13.015936746789293,-3.1047903959781706,13.5,13.5
27977,2025,M,2,28,1.0201921824252134,1.0247836202964227,-36.85815564210043,-25.41900885513178,-28.200000000000045,-28.200000000000045
1254,2025,M,3,35,1.01975452974666,1.0247836202964227,-58.813639325564054,-62.60131601347416,-49.0,-49.0
11390,2025,M,3,35,1.01975452974666,1.0247836202964227,217.44524876513242,205.55166135105424,221.60000000000014,221.60000000000014
27979,2025,M,2,28,1.0201921824252134,1.0247836202964227,-4.823202826374427,5.939889800165474,3.2000000000000455,3.2000000000000455
19479,2025,M,2,28,1.0201921824252134,1.0247836202964227,71.90471271652768,80.7700247401915,78.20000000000005,78.20000000000005
19482,2025,M,2,7,1.01975452974666,1.0201921824252134,167.75795457519166,145.79823366512528,165.29999999999995,165.29999999999995
1278,2025,M,2,7,1.01975452974666,1.0201921824252134,17.228968873692338,-0.48368007283806946,17.700000000000045,17.700000000000045
27981,2025,M,2,28,1.0201921824252134,1.0247836202964227,23.363933098445614,34.16633165053463,31.300000000000182,31.300000000000182
27982,2025,M,2,28,1.0201921824252134,1.0247836202964227,106.619611880006,115.2541670559799,112.59999999999991,112.59999999999991
11419,2025,M,2,28,1.0201921824252134,1.0247836202964227,18.202084657635623,29.462451503027978,26.5,26.5
1299,2025,M,3,35,1.01975452974666,1.0247836202964227,16.484332660392283,9.81840188439628,25.799999999999955,25.799999999999955
1395,2025,M,3,35,1.01975452974666,1.0247836202964227,73.11161668405634,64.89130698189228,81.09999999999991,81.09999999999991
26490,2025,M,2,28,1.0201921824252134,1.0247836202964227,26.949374979344157,38.46367404770103,35.399999999999864,35.399999999999864
27983,2025,M,2,28,1.0201921824252134,1.0247836202964227,-56.644871368327586,-42.77825830923848,-46.100000000000136,-46.100000000000136
27508,2025,M,3,35,1.01975452974666,1.0247836202964227,-264.5222423705982,-263.8078119841409,-248.10000000000014,-248.10000000000014
1341,2025,M,3,35,1.01975452974666,1.0247836202964227,-101.21548638313061,-104.93310627036044,-88.69999999999982,-88.69999999999982
27485,2025,M,4,35,1.01975452974666,1.0247836202964227,-21.797755935681607,-26.25036570992097,-13.400000000000091,-13.400000000000091
27486,2025,M,3,35,1.01975452974666,1.0247836202964227,-29.496205814279165,-33.749030298622074,-20.90000000000009,-20.90000000000009
3169,2025,M,4,35,1.01975452974666,1.0247836202964227,-2.696390220271496,-7.83108825008253,5.5,5.5
1305,2025,M,2,28,1.0201921824252134,1.0247836202964227,93.86931406734425,103.17314100139583,100.39999999999986,100.39999999999986
1251,2025,M,3,35,1.01975452974666,1.0247836202964227,-91.65483679082877,-94.77892227878579,-80.70000000000005,-80.70000000000005
1207,2025,M,3,35,1.01975452974666,1.0247836202964227,-40.04551471154514,-44.330290635424035,-30.700000000000045,-30.700000000000045
1381,2025,M,3,35,1.01975452974666,1.0247836202964227,47.776327446206096,40.22490355938953,56.40000000000009,56.40000000000009
1704,2025,M,4,35,1.01975452974666,1.0247836202964227,-47.724005881442054,-51.60493385816994,-38.5,-38.5
27491,2025,M,2,7,1.01975452974666,1.0201921824252134,-31.548342804300546,-46.35082637161713,-30.200000000000045,-30.200000000000045
27495,2025,M,2,7,1.01975452974666,1.0201921824252134,7.707655003089258,-8.369991209727232,8.300000000000182,8.300000000000182
27985,2025,M,2,21,1.0201921824252134,1.0161206503542846,24.287617521673383,52.68556404087121,16.799999999999955,16.799999999999955
1266,2025,M,4,35,1.01975452974666,1.0247836202964227,9.744154701895695,3.979109071031189,18.100000000000136,18.100000000000136
27499,2025,M,3,28,1.01975452974666,1.0161206503542846,-199.25601714704703,-178.44295133886112,-202.5999999999999,-202.5999999999999
19496,2025,M,3,35,1.01975452974666,1.0247836202964227,-74.29208286653807,-78.04916278927749,-63.5,-63.5
27987,2025,M,2,21,1.0201921824252134,1.0161206503542846,-10.335795736141108,21.93490695380865,-17.899999999999864,-17.899999999999864
27511,2025,M,4,35,1.01975452974666,1.0247836202964227,-6.856896934970337,-13.326670511748944,3.700000000000273,3.700000000000273
19486,2025,M,3,34,1.0166759436565362,1.0247836202964227,1.3079726796338491,1.4122948513067968,14.809999999999945,14.809999999999945
2946,2025,M,3,36,0.9687558755683784,1.021182185641991,-11.669560752344296,29.558095191614257,70.92000000000007,70.92000000000007
2945,2025,M,3,36,0.9687558755683784,1.021182185641991,-24.045016177533398,17.27146327549508,58.36999999999989,58.36999999999989
2965,2025,M,2,7,1.0077458841398754,1.021182185641991,-39.910801294166504,-25.34644563192046,-17.939999999999827,-17.939999999999827
18781,2025,M,2,50,0.9786146715954175,1.0077458841398754,34.684857147020466,63.42549595735932,86.69999999999982,86.69999999999982
26005,2025,M,2,7,1.0077458841398754,1.021182185641991,-2.7344126698083073,10.433702330848746,17.710000000000036,17.710000000000036
26006,2025,M,2,7,1.0077458841398754,1.021182185641991,11.544709135170933,25.43420376446261,33.36000000000013,33.36000000000013
3279,2025,M,2,7,1.0077458841398754,1.021182185641991,-0.9685168843236625,13.724742509260068,21.88000000000011,21.88000000000011
3276,2025,M,2,7,1.0077458841398754,1.021182185641991,-12.824966479657633,2.518992948454752,10.829999999999927,10.829999999999927
28696,2025,M,2,7,1.0077458841398754,1.021182185641991,29.51722081238063,42.24681561709758,49.83999999999992,49.83999999999992
28698,2025,M,2,7,1.0077458841398754,1.021182185641991,20.267746896490053,33.723672389415924,41.559999999999945,41.559999999999945
2987,2025,M,2,7,1.0077458841398754,1.021182185641991,44.81974000410446,60.04994817181728,69.29999999999995,69.29999999999995
28701,2025,M,2,7,1.0077458841398754,1.021182185641991,-38.766110262222355,-19.790050849291674,-9.909999999999854,-9.909999999999854
1288,2025,M,3,35,1.01975452974666,1.0247836202964227,17.53134674453986,11.74766601069473,25.399999999999864,25.399999999999864
20451,2024,M,2,14,1.0076752831681022,1.0253560601168834,-39.63626302131661,-41.85148126802687,-10.75,-10.75
758,2024,M,2,14,1.0076752831681022,1.0253560601168834,-96.57620640942946,-97.77681790228235,-60.98000000000002,-60.98000000000002
20478,2024,M,2,14,1.0839380949029964,1.0321616043911979,33.61372009799925,103.42721887650032,-69.29999999999995,125.57860371897686
5670,2024,M,2,14,1.0839380949029964,1.0321616043911979,9.641220469999098,81.28786129391165,-93.90000000000009,103.60807815729868
20479,2024,M,2,14,1.0839380949029964,1.0321616043911979,87.72980338183697,157.68190780827354,-19.90000000000009,180.77496342972972
2193,2024,M,2,14,1.0839380949029964,1.0321616043911979,7.760833263988843,59.79467556348618,-67.5,76.01748257336362
20468,2024,M,2,14,1.0839380949029964,1.0321616043911979,-186.50149005933508,-122.92338047231192,-262.0999999999999,-106.35642095064372
42,2024,M,2,14,1.0839380949029964,1.0321616043911979,-304.81490761102873,-236.24159804805254,-377.70000000000005,-220.09467627533581
26,2024,M,2,14,1.0839380949029964,1.0321616043911979,-65.65249709518503,-4.681804598141753,-147.5999999999999,13.085839398756661
20472,2024,M,2,14,1.0839380949029964,1.0321616043911979,36.639895549033554,93.88206434352196,-48.5,112.1954360207942
20476,2024,M,2,14,1.0839380949029964,1.0321616043911979,-129.07023876012022,-64.00169187777215,-211.5999999999999,-46.01988336203135
2636,2025,M,2,35,0.8941358344784731,0.9665925083721048,-105.2025217895698,-24.47001230757337,42.65000000000009,42.65000000000009
27402,2025,M,2,28,0.9448852993457915,0.9665925083721048,-46.44495686348864,-71.60468276172855,-1.0399999999999636,-1.0399999999999636
1592,2025,M,2,14,0.9614478160614437,0.9665925083721048,26.69541884417822,37.30589731464397,39.11999999999989,39.11999999999989
28328,2025,M,2,14,0.9947815459426093,0.9665925083721048,155.90334578133252,68.50938037046353,96.38000000000011,96.38000000000011
28393,2025,M,2,14,0.9614478160614437,0.9665925083721048,70.34798804583943,82.48986356272326,84.59000000000015,84.59000000000015
27400,2025,M,3,35,1.6577628999665,0.9665925083721048,-61.063534729010144,-33.94763610755854,-927.6799999999998,0.5470887433916687
2606,2025,M,3,28,0.9448852993457915,0.9665925083721048,-35.871731257002466,-61.70271887671788,11.830000000000382,11.830000000000382
2559,2025,M,2,28,0.9448852993457915,0.9665925083721048,-105.47220201918435,-133.72211281562159,-59.38999999999987,-59.38999999999987
4585,2025,M,2,28,0.9448852993457915,0.9665925083721048,113.59837706651797,88.5342665979606,173.51999999999998,173.51999999999998
27412,2025,M,2,28,0.9448852993457915,0.9665925083721048,193.7378911036617,169.24768994848728,259.8899999999999,259.8899999999999
25677,2025,M,2,35,1.6577628999665,0.9665925083721048,-722.0669989857583,-719.9015069574971,-1439.1999999999998,-696.0041175321726
23458,2025,M,2,28,0.9448852993457915,0.9665925083721048,174.50228583058242,146.96133633000863,244.90999999999985,244.90999999999985
20485,2024,M,2,14,1.0371796480659237,1.0321616043911979,-531.4503870605672,-546.2493401562776,-522.7,-522.7
2211,2024,M,3,21,0.9813140218290621,1.0321616043911979,-43.87298854330675,-14.930127669436615,49.700000000000045,6.0359500878810195
25852,2025,M,2,42,1.5664412597957997,0.9665925083721048,19.040033514496372,-34.108482626122395,-580.9000000000001,40.33037668971042
26919,2025,M,2,42,1.5664412597957997,0.9665925083721048,-35.6573250205181,-89.4561912956649,-627.0000000000001,-16.61772556907863
28257,2025,M,2,15,0.9810410105473655,0.9665925083721048,24.044188209137474,-23.505816878289806,0.9900000000000091,0.9900000000000091
3440,2025,M,2,15,0.9810410105473655,0.9665925083721048,18.472773779536965,-29.513765047742027,-4.910000000000082,-4.910000000000082
27386,2025,M,2,28,0.9448852993457915,0.9665925083721048,154.79824849823535,138.5299656258112,201.13999999999987,201.13999999999987
7725,2025,M,3,28,0.9448852993457915,0.9665925083721048,4.7378077643124925,-14.123112787338414,42.41000000000008,42.41000000000008
20429,2025,M,3,28,0.9448852993457915,0.9665925083721048,14.097661200762332,-4.651889917058043,52.409999999999854,52.409999999999854
23446,2025,M,4,43,1.512388023772748,0.9665925083721048,3.999448155886512,-6.12692848849656,-588.19,85.16261949525347
7721,2025,M,2,28,0.9448852993457915,0.9665925083721048,30.18311660556833,11.59233324664865,69.66000000000008,69.66000000000008
506,2025,M,4,42,1.5664412597957997,0.9665925083721048,33.690817162169424,-22.7722183276303,-607.5699999999999,56.924405816479066
28310,2025,M,2,14,0.9947815459426093,0.9665925083721048,101.15281473430514,33.79683294349002,55.00999999999999,55.00999999999999
27374,2025,M,4,35,1.6577628999665,0.9665925083721048,431.86066181772844,473.57499439056096,-426.29999999999995,511.14026084010015
26920,2025,M,3,42,1.5664412597957997,0.9665925083721048,0.7639533346841745,-55.80612265447871,-632.14,22.53334282479409
27879,2025,M,2,35,1.6577628999665,0.9665925083721048,96.55781638816143,123.80570049136963,-631.6099999999999,153.81292124440847
1558,2025,M,5,43,1.512388023772748,0.9665925083721048,15.624262936427158,5.6388538443181915,-587.53,98.74405727450949
27375,2025,M,3,28,0.9448852993457915,0.9665925083721048,-5.93078963488415,-25.348302072800152,31.860000000000127,31.860000000000127
27377,2025,M,3,28,0.9448852993457915,0.9665925083721048,5.514528260790712,-13.742439769607927,44.039999999999964,44.039999999999964
2627,2025,M,2,35,0.8941358344784731,0.9665925083721048,-13.834634028442679,59.7411842030092,119.44000000000005,119.44000000000005
11482,2025,M,2,28,0.9448852993457915,0.9665925083721048,22.45554042863796,3.4151680473080432,62.11000000000013,62.11000000000013
23416,2025,M,2,35,0.8941358344784731,0.9665925083721048,-82.83749128783165,-14.175629391715347,42.789999999999964,42.789999999999964
27373,2025,M,2,28,0.9448852993457915,0.9665925083721048,-29.935911890557463,-49.905933470589844,6.740000000000009,6.740000000000009
27749,2025,M,2,35,0.8941358344784731,0.9665925083721048,-46.668358255933754,24.863752459693387,83.5,83.5
2579,2025,M,2,14,0.9947815459426093,0.9665925083721048,249.3179614856797,178.6650633081631,202.92999999999984,202.92999999999984
7950,2025,M,2,28,0.9448852993457915,0.9665925083721048,4.937485628295235,-14.67407310437602,44.11000000000013,44.11000000000013
7724,2025,M,3,28,0.9448852993457915,0.9665925083721048,-43.73893320672687,-64.22119022079437,-7.319999999999936,-7.319999999999936
26917,2025,M,4,43,1.512388023772748,0.9665925083721048,76.18709085604837,67.31965488020978,-561.9100000000001,166.4662482303661
27387,2025,M,3,28,0.9448852993457915,0.9665925083721048,105.28561643958778,87.28402095590491,150.5,150.5
27385,2025,M,2,28,0.9448852993457915,0.9665925083721048,36.996417799410665,17.792418142004635,78.30999999999995,78.30999999999995
27372,2025,M,2,28,0.9448852993457915,0.9665925083721048,-100.455640266415,-122.06137694614176,-67.02999999999997,-67.02999999999997
26923,2025,M,3,42,1.5664412597957997,0.9665925083721048,14.706158961086885,-43.95052841920892,-645.5800000000002,37.91463225790835
2582,2025,M,2,28,0.9448852993457915,0.9665925083721048,35.315285090052384,15.991950134486842,76.71000000000004,76.71000000000004
23414,2025,M,2,28,0.9448852993457915,0.9665925083721048,-8.568431858786425,-28.64947491351336,30.289999999999964,30.289999999999964
512,2025,M,2,42,1.5664412597957997,0.9665925083721048,-27.381097113302303,-85.93359314600775,-674.29,-6.1367667944618915
27376,2025,M,2,28,0.9448852993457915,0.9665925083721048,-60.64725632327827,-81.6977840364375,-24.660000000000082,-24.660000000000082
27750,2025,M,2,35,0.8941358344784731,0.9665925083721048,-89.77104782777792,-19.395033868084056,39.07999999999993,39.07999999999993
515,2025,M,3,28,0.9448852993457915,0.9665925083721048,0.7807324627988237,-19.240438885819685,40.37999999999988,40.37999999999988
3442,2025,M,2,15,0.9810410105473655,0.9665925083721048,-0.4326875728449977,-52.081206281633285,-26.00999999999999,-26.00999999999999
27381,2025,M,3,28,0.9448852993457915,0.9665925083721048,-14.856563601759035,-35.33061499043083,24.200000000000045,24.200000000000045
7726,2025,M,3,28,0.9448852993457915,0.9665925083721048,-64.37506545018618,-85.6942145093642,-28.199999999999818,-28.199999999999818
2563,2025,M,3,28,0.9448852993457915,0.9665925083721048,28.337104989890804,8.573426712941682,69.96000000000004,69.96000000000004
27383,2025,M,4,35,1.6577628999665,0.9665925083721048,-8.463027127551186,15.496704865447782,-733.1099999999999,44.63527783048448
28081,2025,M,2,35,0.8941358344784731,0.9665925083721048,-25.744948636702475,50.71066851803471,112.94999999999982,112.94999999999982
26922,2025,M,3,42,1.5664412597957997,0.9665925083721048,-36.18970847268474,-95.85247202929418,-692.96,-14.921513848583118
11510,2025,M,3,35,1.6577628999665,0.9665925083721048,-90.20558975913036,-69.74225012977172,-784.0699999999999,-42.40964621495755
23423,2025,M,3,35,1.6577628999665,0.9665925083721048,-85.84114084328894,-65.13160852250894,-783.1300000000001,-37.63082450799607
27877,2025,M,2,35,1.6577628999665,0.9665925083721048,-96.25623186910639,-75.87298897129835,-793.19,-48.45858884938821
363,2025,M,2,8,0.947128371224321,0.9665925083721048,9.029388998987997,51.66847249706575,45.91000000000008,45.91000000000008
28318,2025,M,2,14,0.9947815459426093,0.9665925083721048,114.20379604161099,41.70110263551487,64.61000000000013,64.61000000000013
3859,2025,M,3,42,1.5664412597957997,0.9665925083721048,96.09498055663425,35.61755994404348,-608.1699999999998,123.72385772019857
11514,2025,M,2,35,1.6577628999665,0.9665925083721048,28.646615696970457,54.59180227908928,-721.8900000000001,85.03032280339494
531,2025,M,3,35,1.6577628999665,0.9665925083721048,-19.776481705072,4.069825703684728,-751.25,33.40515690301572
2497,2025,M,2,14,0.9614478160614437,0.9665925083721048,-26.72194212518275,-19.446514269150384,-18.230000000000018,-18.230000000000018
5932,2025,M,2,14,0.9947815459426093,0.9665925083721048,32.371475751402386,-39.872363955495075,-18.190000000000055,-18.190000000000055
3012,2025,M,4,43,1.512388023772748,0.9665925083721048,84.40399154187571,75.09847803408002,-592.54,180.3198864868209
28315,2025,M,2,14,0.9947815459426093,0.9665925083721048,34.09278801231835,-38.45623519207652,-16.659999999999854,-16.659999999999854
27752,2025,M,3,35,0.8941358344784731,0.9665925083721048,145.16751745312058,236.73491942076816,308.1200000000001,308.1200000000001
1536,2025,M,5,43,1.512388023772748,0.9665925083721048,-52.451972500034344,-64.91540772106282,-686.96,32.28201774855734
27745,2025,M,3,28,0.9361977811282456,0.9665925083721048,32.73542411050062,64.7600335667571,93.76999999999998,93.76999999999998
28316,2025,M,2,14,0.9947815459426093,0.9665925083721048,23.709550950074572,-49.392858206862,-27.580000000000155,-27.580000000000155
8002,2025,M,2,36,0.9129674989681337,0.9665925083721048,-39.309140359311186,13.453901985566972,64.01999999999998,64.01999999999998
27751,2025,M,2,35,0.8941358344784731,0.9665925083721048,30.890739326554694,114.97344442735198,182.36000000000013,182.36000000000013
7953,2025,M,3,42,1.5664412597957997,0.9665925083721048,65.22095380445808,2.232426140477628,-658.1700000000001,92.40313439065767
26925,2025,M,3,42,1.5664412597957997,0.9665925083721048,51.73249714280337,-11.203753708826525,-667.1600000000001,78.27793805513625
18975,2025,M,2,28,0.9448852993457915,0.9665925083721048,167.4309534399199,148.9712206287586,219.25999999999976,219.25999999999976
27389,2025,M,2,28,0.9448852993457915,0.9665925083721048,-17.074017174466917,-38.723785547822445,24.100000000000136,24.100000000000136
1562,2025,M,3,28,0.9448852993457915,0.9665925083721048,-10.042259365807922,-31.63232790976099,31.660000000000082,31.660000000000082
28082,2025,M,2,35,0.8941358344784731,0.9665925083721048,-94.67624715152783,-18.85381245430426,44.1099999999999,44.1099999999999
26918,2025,M,4,43,1.512388023772748,0.9665925083721048,-39.97857061591185,-52.44219389326986,-695.01,48.05290974995751
27881,2025,M,2,35,1.6577628999665,0.9665925083721048,-51.280918820318675,-27.65637016919709,-804.5799999999999,2.340322803395111
27395,2025,M,3,28,0.9448852993457915,0.9665925083721048,66.42525868477833,45.94630917024551,112.96000000000004,112.96000000000004
25853,2025,M,2,28,0.9448852993457915,0.9665925083721048,191.0477251883949,172.66740215378377,244.8900000000001,244.8900000000001
27394,2025,M,3,28,0.9448852993457915,0.9665925083721048,21.694218432288608,0.32830965309585736,65.87000000000012,65.87000000000012
25172,2025,M,2,28,0.9448852993457915,0.9665925083721048,72.85265333764869,52.21565688804344,120.28999999999996,120.28999999999996
28083,2025,M,2,35,0.8941358344784731,0.9665925083721048,17.02197972604722,102.7252749152999,171.66999999999985,171.66999999999985
26088,2025,M,2,21,1.600259551250741,0.9665925083721048,-23.895201242568874,-93.65098521305822,-763.1200000000001,-40.116450935673356
28390,2025,M,2,14,0.9614478160614437,0.9665925083721048,-42.354698662736155,-35.13719194985583,-33.940000000000055,-33.940000000000055
11499,2025,M,2,28,0.9448852993457915,0.9665925083721048,4.727081213409974,-17.249755791258394,48.549999999999955,48.549999999999955
518,2025,M,2,28,0.9448852993457915,0.9665925083721048,-126.01854224457907,-150.3957743475894,-89.4699999999998,-89.4699999999998
11507,2025,M,3,35,1.6577628999665,0.9665925083721048,-9.21152146568079,17.020380990508784,-802.53,48.92065460415324
26089,2025,M,2,28,0.9448852993457915,0.9665925083721048,-18.152737225318333,-40.76884820591431,24.830000000000155,24.830000000000155
7735,2025,M,3,28,0.9448852993457915,0.9665925083721048,-128.22736866764944,-152.75745722892793,-91.57999999999993,-91.57999999999993
23429,2025,M,2,35,1.6577628999665,0.9665925083721048,-119.92843226112223,-98.34480395366336,-874.1700000000001,-68.78520587938988
5358,2025,M,2,28,0.9448852993457915,0.9665925083721048,273.0592749294051,255.31062689739474,333.1900000000003,333.1900000000003
26924,2025,M,4,42,1.5664412597957997,0.9665925083721048,-90.71687673238648,-156.19098603676161,-796.6600000000001,-69.70876875274121
552,2025,M,3,35,1.6577628999665,0.9665925083721048,-44.7053658541879,-19.74294957064967,-832.0999999999999,11.673011190229545
11502,2025,M,2,35,1.6577628999665,0.9665925083721048,34.413068361485784,62.86737179708393,-786.0,96.16122825984849
27399,2025,M,3,35,1.6577628999665,0.9665925083721048,-127.19686743543048,-105.68090396249636,-885.98,-75.98861983103552
25118,2025,M,2,43,1.512388023772748,0.9665925083721048,-22.772903458099336,-35.40825172709583,-716.0300000000002,71.16350325834492
28542,2025,M,2,21,1.600259551250741,0.9665925083721048,-57.17726225395381,-128.86998109720548,-807.9299999999998,-74.76518118675995
28543,2025,M,2,21,1.600259551250741,0.9665925083721048,-0.49487094166988754,-72.79885808447966,-773.4200000000001,-16.626859047941934
26934,2025,M,3,36,0.9129674989681337,0.9665925083721048,8.511441149105849,68.43328482985817,124.70000000000005,124.70000000000005
1609,2025,M,3,43,1.512388023772748,0.9665925083721048,-33.50218611593186,-46.595512199112136,-735.6000000000001,61.221996387447916
11501,2025,M,2,43,1.512388023772748,0.9665925083721048,-165.78745867879343,-182.40865351561024,-854.3599999999999,-78.11088393173486
7954,2025,M,4,42,1.5664412597957997,0.9665925083721048,-278.0324849182264,-348.4069328664534,-984.4300000000001,-263.70519430956097
28259,2025,M,2,15,0.9810410105473655,0.9665925083721048,110.59702423110184,47.18956260218238,81.44000000000005,81.44000000000005
27410,2025,M,2,28,0.9448852993457915,0.9665925083721048,202.2449696995709,180.8489210549119,263.0699999999997,263.0699999999997
26544,2025,M,3,43,1.512388023772748,0.9665925083721048,150.9304455721035,141.00962224714704,-671.0000000000002,269.2929630064982
2645,2025,M,2,35,0.8941358344784731,0.9665925083721048,34.923301564676876,134.442645905865,214.23000000000002,214.23000000000002
2598,2025,M,2,35,1.6577628999665,0.9665925083721048,-182.4604982684466,-159.96843393154586,-1020.3800000000001,-127.47007096065863
1612,2025,M,5,43,1.512388023772748,0.9665925083721048,88.73759351215858,77.00762846397947,-735.54,204.9776278461777
11528,2025,M,2,28,0.9448852993457915,0.9665925083721048,315.6619843233884,294.8323353986575,385.78999999999996,385.78999999999996
27887,2025,M,3,35,1.6577628999665,0.9665925083721048,14.923016889988048,47.423140555310965,-944.1700000000001,86.16974614857827
7743,2025,M,2,14,0.9614478160614437,0.9665925083721048,14.100889289604766,25.26050948680131,27.159999999999854,27.159999999999854
25849,2025,M,3,28,0.9448852993457915,0.9665925083721048,95.47670515842856,69.0162596942273,156.49000000000024,156.49000000000024
27885,2025,M,2,35,1.6577628999665,0.9665925083721048,-339.9398020376632,-320.8491888996373,-1218.3400000000001,-287.8096182324316
19539,2025,M,2,21,0.9890476109131681,1.0017936841595967,0.29285040198169554,10.659513623543717,21.460000000000036,21.460000000000036
19569,2025,M,2,21,0.9890476109131681,1.0017936841595967,-542.2475275893382,-518.6370415324927,-519.74,-519.74
27216,2025,M,4,29,0.9759751007703643,1.0017936841595967,-26.999680553638655,15.109276267849964,17.3900000000001,17.3900000000001
27217,2025,M,3,29,0.9759751007703643,1.0017936841595967,-48.924586862202204,-5.721454534040731,-3.8900000000001,-3.8900000000001
2210,2025,M,2,22,1.3714883377092653,0.9890476109131681,-61.881250515148395,-61.47439620314981,-523.6000000000001,-100.81303864280926
28071,2025,M,3,28,0.9991721150716448,1.0477424660211891,31.732384775988066,82.24613457100486,123.00999999999999,123.00999999999999
5374,2025,M,3,28,0.9991721150716448,1.0477424660211891,197.6530986599039,240.70699757792022,282.1999999999998,282.1999999999998
18892,2025,M,3,35,1.026035907648017,1.0477424660211891,-61.76407027727487,-20.235009452913346,-19.1099999999999,-19.1099999999999
25921,2025,M,3,28,0.9991721150716448,1.0477424660211891,16.956671314035248,69.37276549542298,111.03999999999996,111.03999999999996
24654,2025,M,4,42,0.9909721001134402,1.0477424660211891,165.59903573839006,242.92794120151143,278.21000000000004,278.21000000000004
2128,2025,M,2,28,0.9991721150716448,1.0477424660211891,82.19663090627273,132.54732482236864,175.17999999999984,175.17999999999984
18578,2025,M,3,35,0.9909721001134402,1.0120149431263832,-61.048510034411265,-52.74418538033706,-17.009999999999764,-17.009999999999764
18878,2025,M,5,42,0.9909721001134402,1.0477424660211891,-30.337798639178345,42.84949346042663,72.16999999999985,72.16999999999985
27134,2025,M,3,42,0.9909721001134402,1.0477424660211891,52.207939337561584,134.75750413538162,169.71000000000004,169.71000000000004
18570,2025,M,3,42,0.9909721001134402,1.0477424660211891,-60.23157068025694,23.36576164169037,56.30000000000018,56.30000000000018
28075,2025,M,2,7,0.9991721150716448,0.9847650115414746,205.1033372856939,152.50502860594747,176.79999999999995,176.79999999999995
1894,2025,M,5,35,1.026035907648017,1.0477424660211891,31.34626853840018,70.17313986230965,71.55999999999995,71.55999999999995
18583,2025,M,4,42,0.9909721001134402,1.0477424660211891,9.62359961762445,88.46391581508942,120.97000000000003,120.97000000000003
26774,2025,M,3,42,0.9909721001134402,1.0477424660211891,-40.985671394870224,45.864375230244605,80.55000000000018,80.55000000000018
19642,2025,M,5,35,1.026035907648017,1.0477424660211891,-287.5877083462069,-230.97859947320785,-230.21000000000004,-230.21000000000004
19650,2025,M,2,28,0.9991721150716448,1.0477424660211891,262.47514263913445,310.9178755246746,359.1900000000003,359.1900000000003
1900,2025,M,4,28,0.9991721150716448,1.0477424660211891,358.05042735438747,402.39347131857085,451.2399999999998,451.2399999999998
27742,2025,M,4,35,1.026035907648017,1.0477424660211891,-252.74439718481517,-197.11753431889338,-196.25,-196.25
27735,2025,M,5,35,1.026035907648017,1.0477424660211891,110.97446344561945,147.40209119556425,149.01,149.01
27736,2025,M,4,35,1.026035907648017,1.0477424660211891,93.73148978488689,131.74510336096773,133.33999999999992,133.33999999999992
27213,2025,M,2,8,1.0281455271760183,0.9890476109131681,-2.1950152397416787,-71.66988362716961,-68.90000000000009,-68.90000000000009
11370,2025,M,2,8,0.9759751007703643,0.9890476109131681,22.738162103495597,54.79487078906914,46.90000000000009,46.90000000000009
27992,2025,M,2,7,0.9890476109131681,1.0235279138212379,-0.00718430179290408,53.46211804855807,59.600000000000136,59.600000000000136
27994,2025,M,2,21,0.9890476109131681,1.0017936841595967,16.21092269025212,26.939440676122558,38.87000000000012,38.87000000000012
19574,2025,M,3,22,1.3714883377092653,0.9890476109131681,-124.00376752071838,-122.50721779659489,-596.0,-164.41901311093102
4084,2025,M,2,8,0.9759751007703643,0.9890476109131681,33.585324076306506,66.98705259198618,59.0,59.0
27995,2025,M,3,21,0.9890476109131681,1.0017936841595967,69.35392889238301,79.14209968616365,92.6099999999999,92.6099999999999
19536,2025,M,2,7,0.9890476109131681,1.0235279138212379,-22.358911643127158,34.28774688519093,40.09999999999991,40.09999999999991
27997,2025,M,2,7,0.9890476109131681,1.0235279138212379,13.06332203127613,68.1703974783336,74.90000000000009,74.90000000000009
27998,2025,M,2,7,0.9890476109131681,1.0235279138212379,-107.02045479372646,-45.82006123837982,-42.100000000000136,-42.100000000000136
19553,2025,M,2,7,0.9890476109131681,1.0082617541360543,-85.14121093291283,-42.89219742575233,-49.0,-49.0
27999,2025,M,2,7,0.9890476109131681,1.0235279138212379,-5.552719078997825,51.430066710609026,57.799999999999955,57.799999999999955
28000,2025,M,2,7,0.9890476109131681,1.0235279138212379,-22.176335763733732,35.73672836551418,41.700000000000045,41.700000000000045
28001,2025,M,2,7,0.9890476109131681,1.0235279138212379,-56.0424057073958,3.5858528367564304,8.699999999999818,8.699999999999818
1639,2025,M,2,8,0.9759751007703643,0.9890476109131681,52.05688879122272,86.38461150098601,78.59999999999991,78.59999999999991
11372,2025,M,2,8,0.9759751007703643,0.9890476109131681,159.74396005361996,194.35769442610626,189.0999999999999,189.0999999999999
28002,2025,M,3,21,0.9890476109131681,1.0017936841595967,69.12414004896732,79.31939866545713,93.20000000000005,93.20000000000005
27220,2025,M,3,14,0.9759751007703643,0.9868626429281826,104.55097665840913,153.61955881342942,126.60000000000014,126.60000000000014
2786,2025,M,2,7,0.9890476109131681,1.0082617541360543,-20.375885147000872,20.741254197002945,16.5,16.5
134,2025,M,3,29,1.3714883377092653,0.9810935754676438,-45.2792880363088,-49.00563806159539,-625.6000000000001,-109.23467824512204
28005,2025,M,2,7,0.9890476109131681,1.0082617541360543,28.33934536999027,67.87150882044239,65.10000000000014,65.10000000000014
27221,2025,M,3,29,0.9759751007703643,1.0017936841595967,-103.13876130999165,-55.44466675600779,-54.59999999999991,-54.59999999999991
28006,2025,M,3,21,0.9890476109131681,1.0017936841595967,29.563886855373994,41.04462267096824,54.3900000000001,54.3900000000001
28007,2025,M,2,7,0.9890476109131681,1.0235279138212379,17.93745114983176,76.61048896394777,83.89999999999986,83.89999999999986
28008,2025,M,3,21,0.9890476109131681,1.0017936841595967,-44.50326140501011,-30.938009914656277,-18.930000000000064,-18.930000000000064
2788,2025,M,4,29,0.9759751007703643,1.0017936841595967,-13.990851194845163,38.785884725377855,42.11999999999989,42.11999999999989
28010,2025,M,2,7,0.9890476109131681,1.0082617541360543,59.47267989166812,101.88083434930377,99.70000000000005,99.70000000000005
1652,2025,M,4,29,0.9759751007703643,1.0017936841595967,48.625546427415884,101.55492074146196,106.40000000000009,106.40000000000009
28011,2025,M,2,7,0.9890476109131681,1.0235279138212379,37.4467855449152,102.20889696256631,110.80000000000018,110.80000000000018
21474,2025,M,2,21,0.9890476109131681,1.0017936841595967,-59.35050143351555,-43.90821669807792,-30.65000000000009,-30.65000000000009
28013,2025,M,3,21,0.9890476109131681,1.0017936841595967,261.130899781547,269.0638168551618,289.67999999999984,289.67999999999984
28014,2025,M,3,21,0.9890476109131681,1.0017936841595967,232.21369993892677,240.88963490906212,260.90999999999985,260.90999999999985
4081,2025,M,3,29,0.9759751007703643,1.0017936841595967,321.2875945441706,374.7075561894849,386.1199999999999,386.1199999999999
11354,2025,M,2,22,1.3714883377092653,0.9890476109131681,-180.50836720759162,-178.2008056131167,-781.7000000000003,-232.21524337909705
28016,2025,M,2,7,0.9890476109131681,1.0082617541360543,675.9723198811657,737.382496122229,750.3000000000002,750.3000000000002
1809,2025,M,4,35,1.026035907648017,1.0477424660211891,-33.54640490423685,-0.6877553765905304,0.2599999999999909,0.2599999999999909
18572,2025,M,2,7,1.026035907648017,0.9991721150716448,154.0239324063889,139.2124068640801,107.79999999999995,107.79999999999995
27690,2025,M,4,35,1.026035907648017,1.0477424660211891,-32.093847923809335,1.0765916988605113,2.0399999999999636,2.0399999999999636
22565,2025,M,4,35,1.026035907648017,1.0477424660211891,-7.505633875528474,24.83136061407299,25.8599999999999,25.8599999999999
27109,2025,M,3,42,0.9909721001134402,1.0477424660211891,17.722565282603,79.90958086614296,105.77000000000021,105.77000000000021
27694,2025,M,3,35,1.026035907648017,1.0477424660211891,-32.91118005146245,0.8600305624875091,1.8399999999999181,1.8399999999999181
23572,2025,M,4,35,1.026035907648017,1.0477424660211891,-31.457964366138413,3.166672914363744,4.180000000000064,4.180000000000064
1827,2025,M,5,35,1.026035907648017,1.0477424660211891,1.0475636862333886,33.71828683836202,34.789999999999964,34.789999999999964
27112,2025,M,3,42,0.9909721001134402,1.0477424660211891,-21.3998123988531,43.84751412805667,70.11000000000013,70.11000000000013
1847,2025,M,4,35,1.026035907648017,1.0477424660211891,-69.30542907503491,-32.79269998183145,-31.8599999999999,-31.8599999999999
18566,2025,M,3,42,0.9909721001134402,1.0477424660211891,-52.029039847468994,14.690950145289662,40.8900000000001,40.8900000000001
27117,2025,M,5,42,0.9909721001134402,1.0477424660211891,66.42629192301024,131.54747657737084,159.67000000000007,159.67000000000007
2111,2025,M,5,35,1.026035907648017,1.0477424660211891,53.37910701946771,84.75383703547595,85.98000000000002,85.98000000000002
5013,2025,M,3,42,0.9909721001134402,1.0477424660211891,-24.08568565092719,41.92377320348419,68.44000000000005,68.44000000000005
18869,2025,M,5,35,1.026035907648017,1.0477424660211891,36.3226578837739,68.21118979144967,69.3900000000001,69.3900000000001
885,2025,M,4,42,0.9909721001134402,1.0477424660211891,-9.774337585842432,56.183432245591575,82.99000000000001,82.99000000000001
3543,2025,M,4,42,0.9909721001134402,1.0477424660211891,66.50876412499474,132.0880302411856,160.4000000000001,160.4000000000001
25000,2025,M,4,42,0.9909721001134402,1.0477424660211891,15.4178435981662,79.79327309947985,106.5,106.5
28052,2025,M,3,28,0.9991721150716448,1.0477424660211891,48.81260118418845,91.27650883189062,126.41999999999985,126.41999999999985
27696,2025,M,3,14,1.026035907648017,0.9847650115414746,-54.46865944822093,-108.15721261762474,-125.29999999999995,-125.29999999999995
874,2025,M,4,42,0.9909721001134402,1.0477424660211891,-1.2779256780488595,64.73563594863913,91.75,91.75
1835,2025,M,4,28,0.9991721150716448,1.0477424660211891,8.649376932667565,53.330884934797496,88.61999999999989,88.61999999999989
2116,2025,M,5,35,1.026035907648017,1.0477424660211891,-8.898705160831696,25.450824179624533,26.539999999999964,26.539999999999964
23583,2025,M,4,42,0.9909721001134402,1.0477424660211891,44.082278179319474,110.24654465724893,138.30999999999995,138.30999999999995
19626,2025,M,4,35,1.026035907648017,1.0477424660211891,-27.77911740269019,8.033994846164433,9.099999999999909,9.099999999999909
27698,2025,M,5,35,1.026035907648017,1.0477424660211891,-55.69403003578395,-18.18640530584753,-17.170000000000073,-17.170000000000073
18875,2025,M,2,28,0.9991721150716448,1.0477424660211891,12.580371818789217,58.01574931008713,94.04999999999995,94.04999999999995
27116,2025,M,4,42,0.9909721001134402,1.0477424660211891,-78.10865829898603,-6.7227491049065975,20.819999999999936,20.819999999999936
18876,2025,M,2,28,0.9991721150716448,1.0477424660211891,-13.137537244180521,33.80462729523606,70.0,70.0
27701,2025,M,3,35,1.026035907648017,1.0477424660211891,-24.375550810383174,11.876838008426603,12.970000000000027,12.970000000000027
3204,2025,M,3,28,0.9991721150716448,1.0477424660211891,117.5845753737633,158.46467412235847,195.08999999999992,195.08999999999992
28056,2025,M,3,28,0.9991721150716448,1.0477424660211891,3.4838267447662474,49.91037522495026,86.36000000000013,86.36000000000013
28057,2025,M,4,28,0.9991721150716448,1.0477424660211891,50.316111358699345,94.52905177978255,131.0999999999999,131.0999999999999
2114,2025,M,2,7,1.026035907648017,0.9991721150716448,907.1124795874855,869.8961994937131,837.0999999999999,837.0999999999999
28059,2025,M,2,28,0.9991721150716448,1.0477424660211891,31.55972502658301,77.08478860925447,113.93999999999983,113.93999999999983
27709,2025,M,3,14,1.026035907648017,0.9847650115414746,-47.13964942630287,-104.20337139871799,-122.29999999999995,-122.29999999999995
18559,2025,M,5,42,0.9909721001134402,1.0477424660211891,8.425655847783446,76.44340924856465,104.49000000000001,104.49000000000001
924,2025,M,3,42,0.9909721001134402,1.0477424660211891,13.47326481143341,84.52902932702432,113.92999999999984,113.92999999999984
1855,2025,M,3,35,1.026035907648017,1.0477424660211891,-92.12023053199846,-53.25382386730621,-52.32999999999993,-52.32999999999993
18571,2025,M,3,42,0.9909721001134402,1.0477424660211891,124.7394068546871,194.292614916111,225.5,225.5
3055,2025,M,2,7,1.026035907648017,0.9991721150716448,11.231813583159237,-0.9685054671847411,-37.09999999999991,-37.09999999999991
23585,2025,M,3,35,1.026035907648017,1.0477424660211891,-41.9806775778286,-4.5262396923476444,-3.4600000000000364,-3.4600000000000364
18564,2025,M,5,42,0.9909721001134402,1.0477424660211891,-45.64065799010518,25.83411653443227,54.11999999999989,54.11999999999989
18565,2025,M,5,42,0.9909721001134402,1.0477424660211891,-179.2147168548563,-99.85741931031953,-71.25,-71.25
2124,2025,M,3,28,0.9991721150716448,1.0477424660211891,-624.5617008155498,-546.4031439889295,-509.98000000000025,-509.98000000000025
28065,2025,M,2,28,0.9991721150716448,1.0477424660211891,58.08464246069707,104.1011221177298,142.3900000000001,142.3900000000001
27718,2025,M,4,35,1.026035907648017,1.0477424660211891,-6.437068390621334,31.165255819946424,32.36999999999989,32.36999999999989
23582,2025,M,2,28,0.9991721150716448,1.0477424660211891,38.60719224146533,86.23296052234559,125.00999999999999,125.00999999999999
28067,2025,M,2,28,0.9991721150716448,1.0477424660211891,-18.644576890162625,31.80175381635081,70.51999999999998,70.51999999999998
27715,2025,M,3,35,1.026035907648017,1.0477424660211891,10.893436710578499,47.086150027606664,48.309999999999945,48.309999999999945
18567,2025,M,5,42,0.9909721001134402,1.0477424660211891,1.0449530178086661,75.05098970947097,105.3900000000001,105.3900000000001
27720,2025,M,2,7,1.026035907648017,0.9991721150716448,22.584126449343103,9.4787652040784,-28.40000000000009,-28.40000000000009
28068,2025,M,2,28,0.9991721150716448,1.0477424660211891,98.9824312059086,144.57487684674197,184.1500000000001,184.1500000000001
3855,2025,M,3,14,0.9909721001134402,0.9991721150716448,3.5329247701117765,28.165148160376702,19.579999999999927,19.579999999999927
3547,2025,M,3,14,0.9909721001134402,0.9991721150716448,-142.55897431323592,-116.50288471984868,-127.76999999999998,-127.76999999999998
27706,2025,M,4,35,1.026035907648017,1.0477424660211891,71.41573781059219,103.47367629418773,104.78999999999996,104.78999999999996
27713,2025,M,3,35,1.026035907648017,1.0477424660211891,-45.52289182618938,-7.317462816848547,-6.240000000000009,-6.240000000000009
918,2025,M,4,42,0.9909721001134402,1.0477424660211891,-75.9815758565012,-8.194714395389383,17.920000000000073,17.920000000000073
882,2025,M,5,42,0.9909721001134402,1.0477424660211891,-77.47666097740603,-9.237467003957818,17.029999999999973,17.029999999999973
24451,2025,M,2,21,0.9991721150716448,1.0120149431263832,-40.99379498089979,-57.542491134702914,-16.700000000000045,-16.700000000000045
880,2025,M,3,14,0.9909721001134402,0.9991721150716448,37.70382338947661,58.8841167484793,52.01999999999998,52.01999999999998
5733,2025,M,3,28,0.9991721150716448,1.0477424660211891,66.12909676043114,112.4246299565973,151.25,151.25
28070,2025,M,2,28,0.9991721150716448,1.0477424660211891,62.97230085698402,111.07559727064177,151.19000000000005,151.19000000000005
2123,2025,M,3,28,0.9991721150716448,1.0477424660211891,157.82255531831925,201.52523833463943,241.95000000000005,241.95000000000005
5002,2025,M,4,28,1.026035907648017,1.0120149431263832,-52.531381878176035,-81.29243012308484,-77.40000000000009,-77.40000000000009
18577,2025,M,5,42,0.9909721001134402,1.0477424660211891,-21.68304116607169,50.49467422634211,79.58999999999992,79.58999999999992
18901,2025,M,5,42,0.9909721001134402,1.0477424660211891,0.6666142464837321,77.10345588503196,108.43000000000006,108.43000000000006
18895,2025,M,2,7,1.026035907648017,0.9991721150716448,11.655863022994481,-1.6974258548527814,-41.299999999999955,-41.299999999999955
28072,2025,M,2,28,0.9991721150716448,1.0477424660211891,13.048090615825458,64.82629932334862,105.83999999999992,105.83999999999992
27734,2025,M,2,7,1.026035907648017,0.9991721150716448,104.20975513574535,88.12018101305011,48.40000000000009,48.40000000000009
5038,2025,M,3,14,0.9909721001134402,0.9991721150716448,21.734544616511812,47.63954284148599,38.88000000000011,38.88000000000011
27733,2025,M,2,7,1.026035907648017,0.9991721150716448,26.90165909534062,12.65845733382389,-28.300000000000182,-28.300000000000182
5006,2025,M,4,35,1.026035907648017,1.0477424660211891,159.85757015377294,194.35145369556517,196.07999999999993,196.07999999999993
2141,2025,M,3,35,1.026035907648017,1.0477424660211891,-435.95429539342103,-375.16717711754404,-374.82000000000016,-374.82000000000016
27724,2025,M,3,28,1.026035907648017,1.0120149431263832,-57.536076239413205,-87.91303551854435,-83.79999999999995,-83.79999999999995
1849,2025,M,3,35,1.026035907648017,1.0477424660211891,27.82655905954357,67.08235806544326,68.47000000000003,68.47000000000003
19657,2025,M,4,35,1.026035907648017,1.0477424660211891,-313.89793208194806,-256.5536795403382,-255.86000000000013,-255.86000000000013
27738,2025,M,4,28,1.026035907648017,1.0120149431263832,18.805649621958764,-15.461814984031207,-10.900000000000091,-10.900000000000091
27729,2025,M,5,35,1.026035907648017,1.0477424660211891,-244.39929887603057,-192.661802543357,-191.88999999999987,-191.88999999999987
27137,2025,M,3,42,0.9909721001134402,1.0477424660211891,-51.57280279506267,38.063462478683505,73.66000000000031,73.66000000000031
28077,2025,M,2,28,0.9991721150716448,1.0477424660211891,-367.60919383666896,-291.69930281191046,-246.87000000000035,-246.87000000000035
964,2025,M,3,42,0.9909721001134402,1.0477424660211891,203.87046715388487,283.7996812490005,320.98000000000025,320.98000000000025
2142,2025,M,5,42,0.9909721001134402,1.0477424660211891,299.03520440314264,374.3418472346043,411.7000000000003,411.7000000000003
27138,2025,M,3,42,0.9909721001134402,1.0477424660211891,-0.30268362370588875,88.45668338367204,124.8100000000004,124.8100000000004
2119,2025,M,3,28,1.026035907648017,1.0120149431263832,-30.523497254337144,-66.3108916211745,-61.5,-61.5
7780,2025,M,4,28,1.026035907648017,1.0120149431263832,-117.13670267264933,-151.27062895922882,-146.5999999999999,-146.5999999999999
25780,2025,M,4,42,0.9909721001134402,1.0477424660211891,24.64135654122424,100.13711032701963,131.5999999999999,131.5999999999999
25778,2025,M,4,28,1.026035907648017,1.0120149431263832,-242.24031882693112,-269.1174235834785,-265.3000000000002,-265.3000000000002
2121,2025,M,3,42,0.9909721001134402,1.0477424660211891,62.93581734956183,132.89967352228064,162.93000000000006,162.93000000000006
25804,2025,M,2,28,0.9991721150716448,1.0477424660211891,549.6684232914463,595.0448842051378,652.2800000000002,652.2800000000002
2953,2024,M,2,7,0.9880034382683882,0.992562623192748,-24.552841754202063,-12.914580088332968,-17.5,-17.5
22515,2024,M,2,7,0.9880034382683882,0.992562623192748,47.36254455845756,59.627404664264986,55.200000000000045,55.200000000000045
22516,2024,M,2,7,0.9880034382683882,0.992562623192748,-29.856225984015282,-17.67931903581416,-22.5,-22.5
22517,2024,M,2,7,0.9880034382683882,0.992562623192748,28.3001931207084,40.67471983509813,36.100000000000136,36.100000000000136
2962,2024,M,2,7,0.9880034382683882,0.992562623192748,2.7375353225472736,15.118506971519992,10.400000000000091,10.400000000000091
3265,2024,M,2,7,0.9880034382683882,0.992562623192748,45.59162104588245,58.14905588332476,53.59999999999991,53.59999999999991
22518,2024,M,2,7,0.9880034382683882,0.992562623192748,-11.914684234865035,0.5200772857017455,-4.2999999999999545,-4.2999999999999545
2967,2024,M,2,7,0.9880034382683882,0.992562623192748,-10.648650473845464,1.991669653525605,-2.900000000000091,-2.900000000000091
22519,2024,M,2,7,0.9880034382683882,0.992562623192748,25.172830016579155,37.943447687256366,33.200000000000045,33.200000000000045
2972,2024,M,2,7,0.9880034382683882,0.992562623192748,-43.71206183901404,-30.996940562901955,-36.09999999999991,-36.09999999999991
2949,2024,M,2,7,0.9880034382683882,0.992562623192748,-84.14213272301731,-71.0164537839205,-76.5,-76.5
4057,2024,M,2,7,0.9880034382683882,0.992562623192748,-76.56687646131354,-63.307041361199936,-68.79999999999995,-68.79999999999995
2973,2024,M,2,7,0.9880034382683882,0.992562623192748,57.556788858986465,71.52061481194505,66.5,66.5
5137,2024,M,2,7,0.9880034382683882,0.992562623192748,-20.498246340330297,-8.984665284397806,-13.5,-13.5
6344,2024,M,2,7,0.9880034382683882,0.992562623192748,17.11719557911738,29.240491365033222,24.700000000000045,24.700000000000045
3268,2024,M,2,7,0.9880034382683882,0.992562623192748,1.4946194356098204,13.794297158079416,9.099999999999909,9.099999999999909
5138,2024,M,2,7,0.9880034382683882,0.992562623192748,33.152352012041774,45.560903430200824,41.0,41.0
3276,2024,M,2,7,0.9880034382683882,0.992562623192748,20.525834446841827,32.9284331646752,28.299999999999955,28.299999999999955
3277,2024,M,2,7,0.9880034382683882,0.992562623192748,3.6933565282815835,16.461096690598424,11.599999999999909,11.599999999999909
22523,2024,M,2,7,0.9880034382683882,0.992562623192748,25.358308885366114,38.474574551002206,33.600000000000136,33.600000000000136
22524,2024,M,2,7,0.9880034382683882,0.992562623192748,45.82684904174198,59.13464092107074,54.30000000000018,54.30000000000018
3285,2024,M,2,7,0.9880034382683882,0.992562623192748,114.67609929729042,128.74500714570195,124.0,124.0
4065,2024,M,2,7,0.9880034382683882,0.992562623192748,53.66077312284824,68.13871803780262,62.90000000000009,62.90000000000009
22525,2024,M,2,7,0.9880034382683882,0.992562623192748,42.02362675139375,56.503971466345774,51.200000000000045,51.200000000000045
22527,2024,M,2,7,0.9880034382683882,0.992562623192748,-144.71953727181722,-133.84052404490353,-138.79999999999995,-138.79999999999995
89,2024,M,2,7,0.9880034382683882,0.992562623192748,-40.031213685067996,-28.61322562830287,-33.200000000000045,-33.200000000000045
22528,2024,M,2,7,0.9880034382683882,0.992562623192748,-96.38533085887275,-84.86102251344573,-89.79999999999995,-89.79999999999995
2965,2024,M,2,7,0.9880034382683882,0.992562623192748,49.13467591124072,62.40018913310723,57.59999999999991,57.59999999999991
4638,2024,M,2,7,0.9880034382683882,0.992562623192748,20.193175981554987,34.59441722077486,29.200000000000045,29.200000000000045
26863,2025,M,2,49,1.5672089630625385,0.965640169633494,62.35653988476133,50.86406186911586,-583.3800000000001,84.25971357198569
23725,2025,M,2,49,1.5672089630625385,0.965640169633494,-80.70027189342045,-93.82930796500341,-830.5800000000002,-60.878259259525066
26864,2025,M,2,49,1.5672089630625385,0.965640169633494,-20.863763741242565,-35.000459038938516,-823.0,2.7395707518535346
5619,2025,M,3,14,0.9609283426420476,0.9921794271008733,-1.0925527572244391,72.96833149709755,48.13999999999987,48.13999999999987
22591,2025,M,3,20,0.9609283426420476,0.9395468435692875,4.941292076211084,-32.636258984030746,-32.289999999999964,-32.289999999999964
28362,2025,M,2,14,0.9609283426420476,0.9921794271008733,-3.5169690405364236,75.49796275804897,48.97000000000003,48.97000000000003
22595,2025,M,3,14,0.9609283426420476,0.9921794271008733,130.44930555172186,223.57195445045863,194.52999999999997,194.52999999999997
28784,2025,M,2,7,1.5839522929672167,0.9921794271008733,19.49791147613655,94.88854824778059,-574.4000000000001,64.93194377242366
28349,2025,M,2,14,0.9609283426420476,0.9921794271008733,-15.08631232785774,63.523174045427595,36.940000000000055,36.940000000000055
28786,2025,M,2,7,1.5839522929672167,0.9921794271008733,-44.86625501955655,30.752077879389162,-634.5,-0.3032525630976579
28787,2025,M,2,7,1.5839522929672167,0.9921794271008733,32.064217543068025,116.55736690066328,-634.5,83.14368788912634
3787,2025,M,3,35,1.01975452974666,1.0247836202964227,-40.935676358606315,-44.920184385919356,-32.0,-32.0
1284,2025,M,3,35,1.01975452974666,1.0247836202964227,103.46157767327372,94.30481158562816,110.89999999999986,110.89999999999986
27518,2025,M,2,28,1.01975452974666,1.0161206503542846,649.0140467018814,643.9988363520904,629.4000000000001,629.4000000000001
4397,2025,M,2,28,1.01975452974666,1.0161206503542846,-235.38317181344928,-213.3347458563146,-238.0999999999999,-238.0999999999999
2302,2025,M,4,20,0.9609283426420476,0.9395468435692875,-69.56188069301697,-109.63052139634851,-109.61000000000013,-109.61000000000013
22588,2025,M,4,20,0.9609283426420476,0.9395468435692875,-3.930474620388395,-40.91985958457121,-40.62000000000012,-40.62000000000012
22592,2025,M,2,14,0.9609283426420476,0.9921794271008733,-29.379193415375994,47.664713635435874,21.36999999999989,21.36999999999989
28364,2025,M,3,20,0.9609283426420476,0.9395468435692875,-12.667520772066837,-53.048319419859354,-52.75999999999999,-52.75999999999999
2303,2025,M,3,14,0.9609283426420476,0.9921794271008733,-66.85915910962285,9.190526228485624,-17.3900000000001,-17.3900000000001
25504,2025,M,2,14,0.9609283426420476,0.9921794271008733,-37.05597574129388,41.78272843769014,14.759999999999991,14.759999999999991
2316,2025,M,3,14,0.9609283426420476,0.9921794271008733,-33.418239987272045,55.33352174391189,25.050000000000182,25.050000000000182
27509,2025,M,2,28,1.01975452974666,1.0161206503542846,393.42149651866293,393.94512089615796,379.79999999999995,379.79999999999995
27512,2025,M,2,28,1.01975452974666,1.0161206503542846,21.865739983355525,37.34657975136679,13.600000000000364,13.600000000000364
1198,2023,M,3,35,1.0234888428130102,1.0102464666879931,-88.758825119932,-123.07275151122258,-109.5,-109.5
9,2025,M,2,14,1.004530613931311,1.0402259277208925,-14.899280541594635,10.85432599615001,42.299999999999955,42.299999999999955
2947,2024,M,2,7,0.9880034382683882,0.992562623192748,-25.05614982361385,-13.731826047506502,-18.200000000000045,-18.200000000000045
23486,2024,M,2,7,0.9880034382683882,0.992562623192748,-31.649195618418844,-20.600917513790364,-25.0,-25.0
2917,2025,M,2,14,0.9996719328339367,1.0274256280042557,-34.250107685640614,-15.295750288141335,16.799999999999955,16.799999999999955
5726,2025,M,2,14,0.9996719328339367,1.0274256280042557,80.54356762843668,97.31394027430656,133.10000000000014,133.10000000000014
28379,2025,M,2,14,0.9996719328339367,1.0274256280042557,156.82419462404005,171.86553351058228,209.5999999999999,209.5999999999999
5559,2025,M,2,14,0.9996719328339367,1.0274256280042557,7.275957614183426e-12,21.963483297431594,61.80000000000018,61.80000000000018
28381,2025,M,2,14,0.9996719328339367,1.0274256280042557,-101.43275006038994,-76.66386951532422,-38.5,-38.5
5708,2023,M,3,35,0.9684185121164528,1.0102464666879931,-8.044476322642822,46.22870088187028,64.80000000000018,64.80000000000018
1993,2025,M,3,43,1.0146147304955058,1.0304223124718175,-7.400489089448456,6.298594350803796,16.40000000000009,16.40000000000009
26627,2025,M,3,35,1.01975452974666,1.0247836202964227,2.4225713075331896,-2.5330794634164704,10.0,10.0
26906,2025,M,2,42,1.6637798094468492,1.0017936841595967,-80.30918160970373,-70.13892829300812,-796.8700000000001,-100.66575681167615
2200,2025,M,4,42,1.6637798094468492,1.0017936841595967,-26.32489464677178,-17.192448182829594,-765.7800000000002,-47.430222614739705
1647,2025,M,2,29,0.9759751007703643,1.0017936841595967,5.954697813485382,53.5763791851673,57.02999999999997,57.02999999999997
28374,2025,M,2,14,0.9810935754676438,1.0017936841595967,-19.996954045268467,-3.880390235304503,20.65000000000009,20.65000000000009
27757,2025,M,2,28,1.0343425499176497,1.0017936841595967,152.38935135717156,82.97483427833572,85.75999999999999,85.75999999999999
8095,2025,M,3,42,1.6637798094468492,1.0017936841595967,-123.26848019782824,-111.89680453468668,-854.2900000000002,-143.963966888992
25546,2025,M,2,28,1.0343425499176497,1.0017936841595967,158.14085859911688,87.08066061076374,89.98000000000002,89.98000000000002
26911,2025,M,3,42,1.6637798094468492,1.0017936841595967,78.90702097820258,86.75270831201942,-769.24,54.509682171838904
27758,2025,M,2,28,1.0343425499176497,1.0017936841595967,-25.052090101138674,-91.77582784123479,-92.96000000000004,-92.96000000000004
28369,2025,M,2,14,0.9810935754676438,1.0017936841595967,101.80020096746239,122.33795531804799,161.33000000000038,161.33000000000038
18805,2025,M,2,28,1.0343425499176497,1.0017936841595967,3.354341382645316,-60.13534162953442,-60.65000000000009,-60.65000000000009
24987,2025,M,4,42,1.6637798094468492,1.0017936841595967,-64.18023888514017,-53.82876865438607,-830.3300000000002,-85.98329116616219
2258,2025,M,2,14,0.9810935754676438,1.0017936841595967,-38.2796748156527,-24.914522916157694,-5.889999999999873,-5.889999999999873
3393,2025,M,2,22,0.9822453716069794,1.0017936841595967,104.71752679534643,148.05930132211552,138.04999999999995,138.04999999999995
382,2025,M,2,43,1.4205150913383489,1.0017936841595967,42.91913782357278,1.1900606806684664,-437.24,-29.94896266470755
2193,2025,M,4,42,1.6637798094468492,1.0017936841595967,-6.014189818982231,1.3807485772781547,-636.8699999999999,-24.048507309705656
127,2025,M,4,42,1.6637798094468492,1.0017936841595967,-4.8478441066060896,2.673172818373814,-649.1199999999999,-23.267946608320017
19528,2025,M,2,14,1.0235279138212379,1.0017936841595967,-35.8654878515822,-73.89653937298203,-69.80000000000018,-69.80000000000018
8065,2025,M,3,42,1.6637798094468492,1.0017936841595967,12.829349484680051,20.129026903352496,-649.2500000000001,-6.130848930129332
8051,2025,M,4,42,1.6637798094468492,1.0017936841595967,32.59226893844084,39.54444638620589,-640.69,13.277253328659981
26902,2025,M,4,42,1.6637798094468492,1.0017936841595967,-39.79248733286249,-31.39288057576414,-687.2400000000001,-58.24263885281334
3390,2025,M,2,28,1.0343425499176497,1.0017936841595967,54.30825028220693,-0.9092491652095305,-0.1999999999998181,-0.1999999999998181
27325,2025,M,3,28,1.0305412953481423,1.0017936841595967,9.227022885917677,-34.527344727184754,-37.77999999999997,-37.77999999999997
8041,2025,M,4,42,1.6637798094468492,1.0017936841595967,-19.257785595427777,-11.220464298724892,-678.24,-38.07358682305403
26903,2025,M,3,42,1.6637798094468492,1.0017936841595967,-41.6686388154053,-33.15551176082204,-695.0600000000001,-60.28554297535152
203,2025,M,4,42,1.6637798094468492,1.0017936841595967,-25.645059519894858,-17.433444646305134,-686.4000000000001,-44.50045805981563
2994,2025,M,2,14,0.9810935754676438,1.0017936841595967,-28.913333210039355,-14.664748633963427,6.339999999999918,6.339999999999918
28372,2025,M,2,14,0.9810935754676438,1.0017936841595967,-27.267580016296506,-13.044301706357373,8.019999999999982,8.019999999999982
28243,2025,M,2,22,0.9822453716069794,1.0017936841595967,-86.97219459275175,-40.90795817540766,-54.679999999999836,-54.679999999999836
130,2025,M,2,28,0.9742605070980489,1.0017936841595967,-64.38512684392595,-22.280217908627492,-17.549999999999955,-17.549999999999955
26904,2025,M,3,42,1.6637798094468492,1.0017936841595967,-10.430430969047848,-2.3444113673765514,-692.1599999999999,-29.912242580311386
2066,2025,M,3,29,0.9759751007703643,1.0017936841595967,-26.80259590574292,16.18356548445263,18.529999999999973,18.529999999999973
129,2025,M,4,42,1.6637798094468492,1.0017936841595967,-83.86562433299696,-74.27422872581701,-742.6,-102.561966731442
128,2025,M,2,14,0.9810935754676438,1.0017936841595967,-18.62129594599287,-4.159913317833798,17.809999999999945,17.809999999999945
28400,2025,M,2,14,1.0235279138212379,1.0017936841595967,-73.21432216952007,-112.68906692775363,-109.13000000000011,-109.13000000000011
24998,2025,M,2,29,0.9759751007703643,1.0017936841595967,3.77747407286256,47.73341177848465,50.88000000000011,50.88000000000011
27565,2025,M,3,28,0.9742605070980489,1.0017936841595967,77.75596449922318,121.75383699518011,130.46000000000004,130.46000000000004
8059,2025,M,3,42,1.6637798094468492,1.0017936841595967,43.46140440922818,50.81257137088096,-687.3300000000002,22.48251347745577
8056,2025,M,4,42,1.6637798094468492,1.0017936841595967,-71.07564238640794,-61.421602791210944,-762.0799999999999,-90.7172690847608
28367,2025,M,2,14,0.9810935754676438,1.0017936841595967,-20.34922250431532,-5.332331907662592,17.419999999999845,17.419999999999845
27755,2025,M,2,28,1.0343425499176497,1.0017936841595967,-53.73101779886042,-107.55019616441268,-109.25999999999999,-109.25999999999999
27560,2025,M,3,28,0.9742605070980489,1.0017936841595967,-30.334626237847033,14.70076842519643,20.75999999999999,20.75999999999999
28373,2025,M,2,14,0.9810935754676438,1.0017936841595967,-55.247975238599565,-39.09965189573177,-16.659999999999854,-16.659999999999854
18804,2025,M,2,28,1.0343425499176497,1.0017936841595967,67.5885159283257,5.168749893151698,6.110000000000127,6.110000000000127
19551,2025,M,2,14,1.0235279138212379,1.0017936841595967,89.2614760818667,39.03944173449099,47.080000000000155,47.080000000000155
4901,2025,M,2,22,0.9822453716069794,1.0017936841595967,-50.59196877899262,1.2389721543800079,-13.509999999999991,-13.509999999999991
28375,2025,M,2,14,0.9810935754676438,1.0017936841595967,70.10094288578262,84.88108362938851,112.75,112.75
3409,2025,M,2,28,1.0343425499176497,1.0017936841595967,-23.211927459534763,-83.24940342261766,-84.32999999999993,-84.32999999999993
3410,2025,M,2,28,1.0343425499176497,1.0017936841595967,11.950487803803753,-51.98470657575058,-52.309999999999945,-52.309999999999945
18807,2025,M,2,28,1.0343425499176497,1.0017936841595967,60.775753283461654,-6.40364622994025,-5.6599999999998545,-5.6599999999998545
27588,2025,M,3,28,0.9742605070980489,1.0017936841595967,76.39989516409878,127.62094722393681,137.38999999999987,137.38999999999987
8099,2025,M,2,14,0.9810935754676438,1.0017936841595967,-183.38670665066616,-162.91371193917507,-141.3499999999999,-141.3499999999999
27759,2025,M,2,28,1.0343425499176497,1.0017936841595967,-64.20675134117528,-136.59180020955182,-138.71000000000004,-138.71000000000004
27450,2025,M,3,34,1.0166759436565362,1.0247836202964227,-2.0186810661930394,-1.825187381060232,11.509999999999991,11.509999999999991
2822,2025,M,2,23,1.0327241549806077,1.0247836202964227,-8.565973799617268,-23.101935052741965,-22.09999999999991,-22.09999999999991
27497,2025,M,2,12,1.01975452974666,1.0327241549806077,-0.0018686309738313867,9.139766846312568,22.600000000000136,22.600000000000136
1401,2025,M,2,12,1.01975452974666,1.0327241549806077,-22.179498712589066,-12.271027387996583,1.1000000000001364,1.1000000000001364
27503,2025,M,2,12,1.01975452974666,1.0327241549806077,58.58182473532884,66.22616534383701,80.70000000000005,80.70000000000005
27473,2025,M,3,34,1.0166759436565362,1.0247836202964227,52.44679630230553,51.198085024504735,67.25999999999999,67.25999999999999
1815,2025,M,3,34,1.0166759436565362,1.0477424660211891,-27.480970825017266,6.999208717063993,20.1099999999999,20.1099999999999
7978,2025,M,3,28,1.6761110875014542,1.0034105393947477,12.338023226174073,8.933750844769065,-654.8999999999999,-16.081575861128158
24642,2025,M,3,28,1.6761110875014542,1.0034105393947477,-30.84621319314101,-32.84070782149183,-697.1999999999999,-59.087665357262495
27762,2025,M,2,14,1.0108518927140795,1.0034105393947477,-43.86540783981059,-63.007777981135405,-56.40000000000009,-56.40000000000009
26891,2025,M,3,28,1.6761110875014542,1.0034105393947477,104.06694727156537,97.25883829045029,-656.0,71.40056092661712
7981,2025,M,3,28,1.6761110875014542,1.0034105393947477,-46.32404354503501,-48.16983671795765,-791.5999999999999,-77.87189931670878
22404,2025,M,2,12,1.01975452974666,1.0327241549806077,-214.0221206084948,-195.6679403482185,-180.4000000000001,-180.4000000000001
24997,2025,M,4,29,0.9759751007703643,1.0017936841595967,-64.75825358806765,-19.91602373694809,-18.34999999999991,-18.34999999999991
18555,2025,M,2,7,1.0120149431263832,1.0477424660211891,5.070624405298304,62.86337911138389,60.49000000000001,60.49000000000001
903,2025,M,4,42,0.9909721001134402,1.0477424660211891,-97.19136787542061,-29.169365353353214,-3.4199999999998454,-3.4199999999998454
27692,2025,M,2,28,1.026035907648017,1.0120149431263832,-44.78923617535975,-69.66616145001672,-66.29999999999995,-66.29999999999995
28846,2025,M,2,7,1.0120149431263832,1.0477424660211891,57.078243794198215,116.82118292050427,114.38000000000011,114.38000000000011
18879,2025,M,4,42,0.9909721001134402,1.0477424660211891,-61.954225985230096,9.157808825351594,36.93999999999983,36.93999999999983
2122,2025,M,2,7,1.0120149431263832,1.0477424660211891,59.298737772742925,119.89574867765259,117.42000000000007,117.42000000000007
28847,2025,M,2,7,1.0120149431263832,1.0477424660211891,43.69520329939655,105.15489209471207,102.6400000000001,102.6400000000001
18884,2025,M,2,28,1.026035907648017,1.0120149431263832,-8.992103376328714,-36.94369170408322,-33.200000000000045,-33.200000000000045
1874,2025,M,3,42,0.9909721001134402,1.0477424660211891,-37.947404030179314,34.04472523844106,62.710000000000036,62.710000000000036
18874,2025,M,4,35,1.026035907648017,1.0477424660211891,153.4526166639812,185.26323796973134,186.8800000000001,186.8800000000001
27123,2025,M,2,35,0.9909721001134402,1.0120149431263832,38.38892883488916,44.95282971032589,78.46000000000004,78.46000000000004
926,2025,M,4,42,0.9909721001134402,1.0477424660211891,198.23045124379337,268.0101529721526,300.90999999999985,300.90999999999985
930,2025,M,6,42,0.9909721001134402,1.0477424660211891,-1.8207788468882882,63.82011431850151,90.67000000000007,90.67000000000007
25776,2025,M,3,35,1.026035907648017,1.0477424660211891,83.88509756188023,116.99248301571583,118.3900000000001,118.3900000000001
3887,2025,M,2,21,1.015282852856417,1.0304223124718175,175.4050988306542,162.05941926992364,200.80000000000018,200.80000000000018
28299,2025,M,2,21,1.015282852856417,1.0304223124718175,74.12735442340363,64.0405520512295,103.19999999999982,103.19999999999982
26846,2025,M,4,36,1.648518774257513,1.015282852856417,-345.91071761502144,-286.53356478704177,-1030.0900000000001,-320.5920172980948
28301,2025,M,2,21,1.015282852856417,1.0304223124718175,-14.044533129679166,-21.26266910305685,18.09999999999991,18.09999999999991
2877,2025,M,3,22,1.0146147304955058,1.015282852856417,101.47223598938444,126.77352441310632,101.5,101.5
26988,2025,M,2,22,1.0146147304955058,1.015282852856417,-6.45613956670968,22.94453951995274,-4.800000000000182,-4.800000000000182
2882,2025,M,3,35,1.0061640281053008,1.0304223124718175,206.77131428987786,223.85741991945042,260.60000000000036,260.60000000000036
2880,2025,M,3,35,1.0061640281053008,1.0304223124718175,57.666621001450494,79.03363812244606,114.0,114.0
19442,2025,M,3,35,1.0061640281053008,1.0304223124718175,-231.50826448786984,-198.8989023107547,-163.0,-163.0
18563,2025,M,4,42,0.9909721001134402,1.0477424660211891,-9.823407675528642,64.50535712086639,94.74000000000001,94.74000000000001
18581,2025,M,2,7,1.0120149431263832,1.0477424660211891,51.008981790701455,117.5103089751426,114.78999999999996,114.78999999999996
23593,2025,M,4,42,0.9909721001134402,1.0477424660211891,0.437065417876056,80.22549033836344,112.91999999999985,112.91999999999985
18585,2025,M,3,42,0.9909721001134402,1.0477424660211891,103.34448235319906,182.4324455515184,217.0799999999997,217.0799999999997
27739,2025,M,2,28,1.026035907648017,1.0120149431263832,-112.91663307953058,-145.568663778859,-141.0999999999999,-141.0999999999999
1883,2025,M,2,7,1.0120149431263832,1.0477424660211891,95.8012900966778,172.7906235693804,169.64999999999964,169.64999999999964
4999,2025,M,3,35,1.026035907648017,1.0477424660211891,-241.4246944919746,-188.40489858027786,-187.57999999999993,-187.57999999999993
26989,2025,M,2,22,1.0146147304955058,1.015282852856417,-10.319559386451147,19.323821377722197,-8.599999999999909,-8.599999999999909
135,2025,M,3,35,0.9742605070980489,1.0304223124718175,-12.302259080497834,41.13101276141879,74.69999999999982,74.69999999999982
1991,2025,M,3,35,1.0061640281053008,1.0304223124718175,-9.094030139181314,5.888694029302542,27.700000000000045,27.700000000000045
27294,2025,M,3,35,1.0061640281053008,1.0304223124718175,14.947281038754227,29.305065388190314,51.5,51.5
2860,2025,M,3,22,1.0146147304955058,1.015282852856417,7.278037592694091,26.300446376827267,8.200000000000045,8.200000000000045
23472,2025,M,2,14,0.9742605070980489,1.015282852856417,23.851631895962555,84.3060818147203,90.89999999999986,90.89999999999986
27295,2025,M,3,35,1.0061640281053008,1.0304223124718175,7.833118089628215,22.8751418633542,45.700000000000045,45.700000000000045
19403,2025,M,3,35,1.0061640281053008,1.0304223124718175,-0.10598537327814483,15.206460417682138,38.0,38.0
2013,2025,M,3,43,1.0146147304955058,1.0304223124718175,49.87138138863634,62.442586134312705,73.40000000000009,73.40000000000009
11301,2025,M,4,43,1.0146147304955058,1.0304223124718175,-13.544261022507271,1.424741310383979,12.299999999999955,12.299999999999955
1996,2025,M,4,43,1.0146147304955058,1.0304223124718175,10.600408046890607,24.962720039206715,36.09999999999991,36.09999999999991
2002,2025,M,3,35,1.0061640281053008,1.0304223124718175,-32.224450325767066,-16.118856314683853,6.099999999999909,6.099999999999909
27548,2025,M,3,35,0.9742605070980489,1.0304223124718175,1.9950776981297622,58.386739836884544,94.20000000000005,94.20000000000005
26970,2025,M,4,43,1.0146147304955058,1.0304223124718175,50.66931622986431,63.627353625621026,74.90000000000009,74.90000000000009
417,2025,M,3,22,1.0146147304955058,1.015282852856417,43.249958335548854,62.23049233127085,43.700000000000045,43.700000000000045
2005,2025,M,3,22,1.0146147304955058,1.015282852856417,70.13110196795924,88.54752291678165,70.20000000000005,70.20000000000005
435,2025,M,3,22,1.0146147304955058,1.015282852856417,49.83773836227169,68.78527744815801,50.200000000000045,50.200000000000045
26979,2025,M,4,43,1.0146147304955058,1.0304223124718175,-17.316834743101936,-1.843153278994805,9.299999999999955,9.299999999999955
26966,2025,M,4,43,1.0146147304955058,1.0304223124718175,-14.667307071662663,-0.40747305640866216,9.900000000000091,9.900000000000091
11307,2025,M,4,43,1.0146147304955058,1.0304223124718175,-3.835458757511333,10.621429054201144,21.399999999999864,21.399999999999864
19421,2025,M,3,43,1.0146147304955058,1.0304223124718175,-20.115252449362515,-4.937117831635305,5.899999999999864,5.899999999999864
26978,2025,M,3,22,1.0146147304955058,1.015282852856417,-31.142146827432498,-9.902575996420182,-29.600000000000136,-29.600000000000136
27296,2025,M,3,35,1.0061640281053008,1.0304223124718175,54.58440445226165,68.61926561820178,92.5,92.5
28291,2025,M,2,21,1.015282852856417,1.0304223124718175,27.452015651415195,20.569076419600606,51.200000000000045,51.200000000000045
166,2025,M,3,35,0.9742605070980489,1.0304223124718175,22.632731803094202,80.63434527916115,118.0,118.0
26969,2025,M,4,43,1.0146147304955058,1.0304223124718175,-130.81867329898,-111.81914330085738,-101.39999999999986,-101.39999999999986
142,2025,M,3,35,0.9742605070980489,1.0304223124718175,38.63591001188138,98.83114243364207,138.0,138.0
8058,2025,M,3,35,0.9742605070980489,1.0304223124718175,67.88790416436132,127.95755455754829,167.80000000000018,167.80000000000018
11315,2025,M,3,22,1.0146147304955058,1.015282852856417,-10.568384395352723,10.575180541090958,-9.299999999999955,-9.299999999999955
5500,2025,M,4,43,1.0146147304955058,1.0304223124718175,72.72357614917405,85.56120026622966,97.40000000000009,97.40000000000009
2872,2025,M,2,14,1.0061640281053008,1.015282852856417,22.81643350936247,44.564186989908194,38.100000000000136,38.100000000000136
188,2025,M,2,21,1.015282852856417,1.0304223124718175,14.596523316076855,8.0087623591171,39.299999999999955,39.299999999999955
19424,2025,M,4,43,1.0146147304955058,1.0304223124718175,28.41758336788598,42.8666629785032,54.600000000000136,54.600000000000136
433,2025,M,3,22,1.0146147304955058,1.015282852856417,90.26781719358564,109.17444784772238,90.09999999999991,90.09999999999991
8057,2025,M,2,21,1.015282852856417,1.0304223124718175,32.177476170207456,24.961575630099105,56.5,56.5
27298,2025,M,2,14,1.0061640281053008,1.015282852856417,-8.152738480732069,14.610888826941846,7.5,7.5
26981,2025,M,3,22,1.0146147304955058,1.015282852856417,51.20327932689838,71.12885893413,51.59999999999991,51.59999999999991
26980,2025,M,2,22,1.0146147304955058,1.015282852856417,27.761202632634195,48.360067229501055,28.5,28.5
15,2025,M,3,35,0.9742605070980489,1.0304223124718175,-49.426064336795434,12.133492754420104,49.899999999999864,49.899999999999864
19405,2025,M,2,22,1.0146147304955058,1.015282852856417,-100.08379445831247,-76.19784110650494,-97.5,-97.5
8060,2025,M,3,35,0.9742605070980489,1.0304223124718175,16.889386963020115,77.14978281157346,115.80000000000018,115.80000000000018
421,2025,M,3,36,1.648518774257513,1.015282852856417,-173.67976289242733,-126.5591041510097,-774.0,-153.47571280642364
153,2025,M,3,35,0.9742605070980489,1.0304223124718175,5.473690488360489,65.73998933679991,104.09999999999991,104.09999999999991
8068,2025,M,3,35,0.9742605070980489,1.0304223124718175,-59.84846401698405,1.950219194897727,39.600000000000136,39.600000000000136
26982,2025,M,4,43,1.0146147304955058,1.0304223124718175,-244.3298745720092,-220.54434131383118,-209.9000000000001,-209.9000000000001
6,2025,M,2,14,0.9742605070980489,1.015282852856417,68.99974266767526,136.078926204857,144.5,144.5
26977,2025,M,2,22,1.0146147304955058,1.015282852856417,-134.59091756728162,-109.64690432436919,-131.5,-131.5
27302,2025,M,2,14,1.0061640281053008,1.015282852856417,44.0535124499761,65.99559720297702,59.700000000000045,59.700000000000045
8064,2025,M,2,14,0.9742605070980489,1.015282852856417,38.68073305756138,106.76677832661267,114.5,114.5
2045,2025,M,3,35,1.0061640281053008,1.0304223124718175,151.53880491503696,163.94484258725447,190.70000000000005,190.70000000000005
18738,2025,M,2,14,0.9742605070980489,1.015282852856417,-3.2996432528575497,64.94162964819611,71.59999999999991,71.59999999999991
2032,2025,M,3,35,1.0061640281053008,1.0304223124718175,64.36932627299166,79.28015122368106,105.0,105.0
26845,2025,M,4,36,1.648518774257513,1.015282852856417,-26.55393520706025,20.428356582337983,-708.53,-6.246968149502436
420,2025,M,3,36,1.648518774257513,1.015282852856417,-101.97472181864919,-54.06633216627847,-754.7800000000002,-81.35035255971388
2876,2025,M,3,35,1.0061640281053008,1.0304223124718175,23.75602123636122,40.12661454427075,65.79999999999995,65.79999999999995
2022,2025,M,3,43,1.0146147304955058,1.0304223124718175,3.4970549718523216,19.06550486498577,30.90000000000009,30.90000000000009
26847,2025,M,4,36,1.648518774257513,1.015282852856417,32.55430875811703,79.12196491926511,-676.8999999999999,52.74720932340779
24735,2025,M,3,22,1.0146147304955058,1.015282852856417,-46.88159622525109,-23.136715081599277,-45.0,-45.0
156,2025,M,2,14,0.9742605070980489,1.015282852856417,22.191068588957705,92.47753908260643,100.0,100.0
3336,2025,M,2,22,1.0146147304955058,1.015282852856417,-10.86738333695098,12.054894212446925,-9.5,-9.5
437,2025,M,4,43,1.0146147304955058,1.0304223124718175,13.472773339864489,28.942651284392923,41.0,41.0
26983,2025,M,3,22,1.0146147304955058,1.015282852856417,64.10108672982324,85.34717465915628,64.40000000000009,64.40000000000009
26987,2025,M,3,22,1.0146147304955058,1.015282852856417,229.68454044078726,246.78856878406054,227.5999999999999,227.5999999999999
27305,2025,M,2,14,1.0061640281053008,1.015282852856417,-2.8747176436020254,21.573973141628812,14.0,14.0
27569,2025,M,3,35,0.9742605070980489,1.0304223124718175,16.225796762788377,80.57430971663234,121.79999999999995,121.79999999999995
19422,2025,M,3,35,1.0061640281053008,1.0304223124718175,13.977093336186272,31.27718064685496,57.799999999999955,57.799999999999955
27301,2025,M,2,14,1.0061640281053008,1.015282852856417,-69.22104992464642,-43.094311271292554,-51.90000000000009,-51.90000000000009
11319,2025,M,3,35,1.0061640281053008,1.0304223124718175,-68.3337359204113,-49.50286143398762,-25.200000000000045,-25.200000000000045
2020,2025,M,2,14,1.0061640281053008,1.015282852856417,-90.48940998162266,-63.78818538756309,-73.0,-73.0
416,2025,M,4,43,1.0146147304955058,1.0304223124718175,2.5400436336224175,16.389338406977686,26.899999999999864,26.899999999999864
2038,2025,M,2,21,1.015282852856417,1.0304223124718175,59.9162574679367,51.18503223196262,85.79999999999995,85.79999999999995
28295,2025,M,2,21,1.015282852856417,1.0304223124718175,-105.75871525436696,-108.95494363666785,-74.69999999999982,-74.69999999999982
27572,2025,M,3,35,0.9742605070980489,1.0304223124718175,28.95509221864654,94.92089724401626,137.5,137.5
38,2025,M,3,35,0.9742605070980489,1.0304223124718175,-12.401323896839358,51.374579394629336,91.5,91.5
26975,2025,M,2,22,1.0146147304955058,1.015282852856417,94.09319453741887,115.32986161199051,94.0,94.0
19417,2025,M,4,43,1.0146147304955058,1.0304223124718175,-8.865492258390987,7.918127931720392,20.299999999999955,20.299999999999955
28297,2025,M,2,21,1.015282852856417,1.0304223124718175,46.88041775145007,38.45652675076758,73.69999999999982,73.69999999999982
26848,2025,M,4,36,1.648518774257513,1.015282852856417,-50.57578302980187,-0.09379145591674387,-770.81,-28.780548512566156
4848,2025,M,2,14,1.0061640281053008,1.015282852856417,-22.950238768114787,2.932440188880719,-5.2999999999999545,-5.2999999999999545
2037,2025,M,2,21,1.015282852856417,1.0304223124718175,34.701940978507764,26.636893291820115,62.09999999999991,62.09999999999991
27308,2025,M,2,14,1.0061640281053008,1.015282852856417,-47.543190199666014,-20.854101542769968,-29.600000000000136,-29.600000000000136
27585,2025,M,3,35,0.9742605070980489,1.0304223124718175,184.3670220388567,249.3453345316359,295.2999999999997,295.2999999999997
26849,2025,M,4,57,1.648518774257513,1.0304223124718175,75.88147372136405,115.89155828449748,-630.8499999999999,123.02891703164983
27311,2025,M,2,14,1.0061640281053008,1.015282852856417,-36.69788521443502,-9.953868011186842,-18.59999999999991,-18.59999999999991
19437,2025,M,3,35,1.0061640281053008,1.0304223124718175,124.78954041014867,140.37420342428481,170.4000000000001,170.4000000000001
27313,2025,M,2,14,1.0061640281053008,1.015282852856417,47.743913679597426,72.82405044832126,65.59999999999991,65.59999999999991
52,2025,M,2,14,1.0061640281053008,1.015282852856417,2.9985014467365545,29.419173506644256,21.299999999999955,21.299999999999955
26985,2025,M,2,22,1.0146147304955058,1.015282852856417,-20.43345056646467,5.129242558794203,-18.799999999999955,-18.799999999999955
26986,2025,M,3,22,1.0146147304955058,1.015282852856417,-21.25015326856783,4.425498632730296,-19.59999999999991,-19.59999999999991
27317,2025,M,2,14,1.0061640281053008,1.015282852856417,117.00115202206416,140.92063908206478,134.80000000000018,134.80000000000018
986,2025,M,2,14,0.9742605070980489,1.015282852856417,4.063754664655562,70.5262041697647,77.19999999999982,77.19999999999982
28860,2025,M,2,13,1.5839522929672167,0.9395468435692875,10.249977401362003,-27.537904342263573,-648.21,-31.34454019548275
28360,2025,M,3,20,0.9609283426420476,0.9395468435692875,11.065201040386683,-25.43553225580422,-25.069999999999936,-25.069999999999936
28365,2025,M,3,20,0.9609283426420476,0.9395468435692875,40.05855037635047,-3.4004875270791217,-2.8400000000001455,-2.8400000000001455
2311,2025,M,2,20,0.9609283426420476,0.9395468435692875,-50.90022843140082,-100.03546873925006,-99.84999999999991,-99.84999999999991
28861,2025,M,2,13,1.5839522929672167,0.9395468435692875,-12.190924590440773,-66.75568850417994,-936.8400000000001,-72.20131700657157
28342,2025,M,2,21,1.0100355042969378,1.0304223124718175,0.028871369957414572,-19.668523624971158,30.200000000000045,30.200000000000045
1715,2025,M,3,42,0.9907262871748805,1.0304223124718175,17.76286236374881,52.17749354860234,78.89999999999986,78.89999999999986
27079,2025,M,2,21,0.9907262871748805,1.0100355042969378,2.1472375535443007,58.55967028465511,33.40000000000009,33.40000000000009
1712,2025,M,3,42,0.9907262871748805,1.0304223124718175,-25.69797878000759,10.457929123914937,37.200000000000045,37.200000000000045
18915,2025,M,3,42,0.9907262871748805,1.0304223124718175,-63.01564720518081,-25.418128814234706,1.2999999999999545,1.2999999999999545
27078,2025,M,3,42,0.9907262871748805,1.0304223124718175,-18.251820650602212,17.864431748773995,44.799999999999955,44.799999999999955
28343,2025,M,2,21,1.0100355042969378,1.0304223124718175,-26.85393337270534,-47.136395658101264,6.400000000000091,6.400000000000091
27081,2025,M,3,42,0.9907262871748805,1.0304223124718175,-63.447712968884844,-24.4617397456077,3.2999999999999545,3.2999999999999545
27083,2025,M,3,42,0.9907262871748805,1.0304223124718175,-12.713918122372206,25.444231369860518,54.09999999999991,54.09999999999991
28344,2025,M,2,21,1.0100355042969378,1.0304223124718175,12.359510973165015,-10.192142157755143,45.90000000000009,45.90000000000009
27084,2025,M,2,21,0.9907262871748805,1.0100355042969378,42.31061690728393,104.1434848864526,77.20000000000005,77.20000000000005
2803,2025,M,3,42,0.9907262871748805,1.0304223124718175,-16.366622187789744,24.155223436662936,54.5,54.5
24711,2025,M,2,21,0.9907262871748805,1.0100355042969378,-16.3804576942714,49.28660430950799,19.700000000000045,19.700000000000045
1719,2025,M,2,21,0.9907262871748805,1.0100355042969378,-62.07134562242004,5.611420205625791,-25.59999999999991,-25.59999999999991
27094,2025,M,3,42,0.9907262871748805,1.0304223124718175,90.92709528134287,133.5405549649372,168.70000000000005,168.70000000000005
23485,2025,M,3,42,0.9907262871748805,1.0304223124718175,27.44327197850407,78.22876584066535,117.70000000000027,117.70000000000027
8075,2025,M,3,28,1.6637798094468492,0.9810935754676438,47.90193015182217,40.96092458666158,-680.0,-7.67441977185058
26905,2025,M,3,28,1.6637798094468492,0.9810935754676438,-13.201310819995797,-19.22434522548292,-749.0999999999999,-70.4838042608369
19600,2025,M,2,28,1.6637798094468492,0.9810935754676438,29.053109506681494,22.11237600432105,-734.6999999999998,-29.6375431329011
24986,2025,M,3,28,1.6637798094468492,0.9810935754676438,92.669815218444,84.33403774847261,-714.5999999999999,31.736597413852678
6820,2025,M,2,28,1.6637798094468492,0.9810935754676438,-6.580776721843222,-13.123473119118898,-791.1999999999998,-67.5224564166358
26907,2025,M,3,28,1.6637798094468492,0.9810935754676438,-49.85879778208573,-55.472166455571596,-807.2,-109.45519791101947
20497,2025,M,2,7,0.9609283426420476,1.5839522929672167,9.561495525659666,12.043202428809991,660.9000000000001,16.43285989205492
28350,2025,M,2,7,0.9609283426420476,1.5839522929672167,3.9153130427337146,6.262148359121966,676.4200000000001,10.770175008028673
28351,2025,M,2,7,0.9609283426420476,1.5839522929672167,-10.83981779956116,-8.867208896465627,710.3399999999999,-4.094190179425368
28352,2025,M,2,7,0.9609283426420476,1.5839522929672167,46.548402295414235,50.60707217690697,770.71,55.6339102786344
25503,2025,M,2,7,0.9609283426420476,1.5839522929672167,66.18174780798336,70.95548818003567,791.79,76.07201073669421
28361,2025,M,2,7,0.9609283426420476,1.5839522929672167,18.493655593201083,21.267825533598852,660.47,25.631353021157565
22593,2025,M,2,7,0.9609283426420476,1.5839522929672167,14.390226671972641,17.040901007832872,663.98,21.438558517875435
27568,2025,M,2,14,0.9742605070980489,0.9810935754676438,-0.044188096374909946,30.99034031933229,13.5,13.5
3412,2025,M,3,28,1.6637798094468492,0.9810935754676438,92.41259956879821,83.58149071308617,-773.8,26.905488616186403
162,2025,M,2,29,1.3714883377092653,0.9810935754676438,-26.49812977763918,-30.431814502177303,-594.3999999999999,-88.77899169737611
179,2025,M,2,29,1.3714883377092653,0.9810935754676438,-31.046281854218705,-34.98922447334053,-609.7,-94.5757705580886
26869,2025,M,3,29,1.3714883377092653,0.9810935754676438,-385.8272489099502,-384.2189709067443,-986.2000000000003,-457.8138126995307
19375,2025,M,5,50,1.3879575071234544,1.0247836202964227,-20.12887591925164,-80.02407629108188,-407.70000000000005,-19.415404943282738
666,2025,M,4,50,1.3879575071234544,1.0247836202964227,-20.101878200912097,-80.32897451423582,-409.79999999999995,-19.387818121054124
18961,2025,M,3,42,0.9755417230348995,1.0247836202964227,-18.626659373719576,36.499663935194576,58.100000000000136,58.100000000000136
673,2025,M,5,50,1.3879575071234544,1.0247836202964227,21.944696665955007,-42.1154964509376,-386.0999999999999,21.652014480108846
466,2025,M,5,50,1.3879575071234544,1.0247836202964227,12.88096374832071,-51.254891339282494,-397.0,12.808681741596502
22379,2025,M,2,21,0.9947815459426093,1.0247836202964227,-11.976237600349577,11.089867636142117,34.5,34.5
467,2025,M,3,42,0.9755417230348995,1.0247836202964227,-54.92063134583054,1.3394616388959548,22.90000000000009,22.90000000000009
18963,2025,M,4,42,0.9755417230348995,1.0247836202964227,-31.157184286551,26.117127562638416,48.40000000000009,48.40000000000009
8108,2025,M,5,50,1.3879575071234544,1.0247836202964227,-6.3784945092334056,-70.01144217592719,-415.9000000000001,-5.984938917292311
695,2025,M,4,42,0.9755417230348995,1.0247836202964227,15.190242393467543,73.27224635168272,96.5,96.5
26996,2025,M,3,42,0.9755417230348995,1.0247836202964227,16.82924264235089,75.29717625490616,98.70000000000005,98.70000000000005
18965,2025,M,2,21,0.9755417230348995,0.9947815459426093,-21.788055218127738,12.239250587616425,10.299999999999955,10.299999999999955
675,2025,M,4,42,0.9755417230348995,1.0247836202964227,20.966564940497847,79.00976721097845,102.29999999999995,102.29999999999995
27005,2025,M,3,21,0.9755417230348995,0.9947815459426093,82.43771152328895,117.39435452398334,117.20000000000005,117.20000000000005
18964,2025,M,4,42,0.9755417230348995,1.0247836202964227,-31.92023092143586,23.616262801947187,45.200000000000045,45.200000000000045
18969,2025,M,3,42,0.9755417230348995,1.0247836202964227,18.082296848154783,77.35950111957231,101.09999999999991,101.09999999999991
699,2025,M,2,21,0.9755417230348995,0.9947815459426093,33.675665514057755,68.63063143013119,67.60000000000014,67.60000000000014
711,2025,M,4,42,0.9755417230348995,1.0247836202964227,-6.341470485726177,54.33432645771154,78.29999999999995,78.29999999999995
26994,2025,M,4,42,0.9755417230348995,1.0247836202964227,-41.712934426901484,17.779981750235947,40.799999999999955,40.799999999999955
27002,2025,M,4,42,0.9755417230348995,1.0247836202964227,6.921626301413426,67.2809843317657,91.29999999999995,91.29999999999995
18977,2025,M,4,42,0.9755417230348995,1.0247836202964227,16.643329133604993,75.5326495702227,99.10000000000014,99.10000000000014
681,2025,M,3,42,0.9755417230348995,1.0247836202964227,-39.3042788012624,20.660481809761677,43.899999999999864,43.899999999999864
26921,2025,M,2,28,1.5664412597957997,0.9947815459426093,-56.851933251387436,-46.07773330082637,-663.3,13.77563683850667
28312,2025,M,2,21,0.9947815459426093,1.0247836202964227,23.264054262032005,47.552188374771276,73.29999999999995,73.29999999999995
704,2025,M,4,42,0.9755417230348995,1.0247836202964227,71.59446480530983,132.9244911659041,158.20000000000005,158.20000000000005
523,2025,M,2,14,0.9448852993457915,0.9947815459426093,-3.102002879227257,47.754290775483014,88.39999999999986,88.39999999999986
2176,2025,M,3,42,0.9755417230348995,1.0247836202964227,-45.47762955204689,18.466370674671907,43.19999999999982,43.19999999999982
28314,2025,M,2,21,0.9947815459426093,1.0247836202964227,-56.365276903737595,-29.68142213887745,-3.900000000000091,-3.900000000000091
3137,2025,M,2,21,0.9947815459426093,1.0247836202964227,6.0320447425731345,31.03868641908457,57.0,57.0
5708,2025,M,3,42,0.9755417230348995,1.0247836202964227,9.803556298019657,71.0073961355331,95.39999999999986,95.39999999999986
691,2025,M,4,42,0.9755417230348995,1.0247836202964227,60.84202315454172,124.89147653205987,151.0999999999999,151.0999999999999
717,2025,M,4,42,0.9755417230348995,1.0247836202964227,-3.4990073128883523,55.400222347357385,78.70000000000005,78.70000000000005
27236,2025,M,2,15,1.0457868536877806,0.9947815459426093,17.752899197713532,47.0083343390379,-68.79999999999995,73.1311860202652
26182,2025,M,2,15,1.0457868536877806,0.9947815459426093,44.84630487295044,74.45610014577414,-43.600000000000136,101.66550644455288
740,2025,M,4,42,0.9755417230348995,1.0247836202964227,-17.57954767494448,46.02491719469094,71.0,71.0
19385,2025,M,4,42,0.9755417230348995,1.0247836202964227,188.71742945132314,253.34046818307888,281.5,281.5
27022,2025,M,4,42,0.9755417230348995,1.0247836202964227,159.4185676766324,223.67908838013386,251.30000000000018,251.30000000000018
19002,2025,M,4,42,0.9755417230348995,1.0247836202964227,25.765255667009797,89.99343512164228,115.79999999999995,115.79999999999995
18968,2025,M,3,42,0.9755417230348995,1.0247836202964227,-29.346068250296412,34.2763878559399,59.100000000000136,59.100000000000136
27004,2025,M,4,42,0.9755417230348995,1.0247836202964227,-46.129279067668904,16.139279216899013,40.200000000000045,40.200000000000045
20434,2025,M,2,13,1.0269781951526982,0.9947815459426093,27.334914411875616,-36.57974082439864,-30.09999999999991,-30.09999999999991
28387,2025,M,2,21,0.9947815459426093,1.0247836202964227,12.967525331800516,38.73857609894071,65.70000000000005,65.70000000000005
25030,2025,M,3,21,0.9755417230348995,0.9947815459426093,-6.107734991255484,31.431903135457333,29.600000000000136,29.600000000000136
19007,2025,M,3,42,0.9755417230348995,1.0247836202964227,119.83265087346172,185.53940264427638,213.20000000000005,213.20000000000005
27018,2025,M,4,42,0.9755417230348995,1.0247836202964227,50.66832587609815,115.29844141997296,141.60000000000014,141.60000000000014
734,2025,M,4,42,0.9755417230348995,1.0247836202964227,40.52148625568725,104.78179763174171,130.79999999999995,130.79999999999995
28319,2025,M,2,21,0.9947815459426093,1.0247836202964227,53.291237813247335,78.44320628951164,106.0,106.0
760,2025,M,4,42,0.9755417230348995,1.0247836202964227,-63.98054305910978,6.01644309644098,32.90000000000009,32.90000000000009
725,2025,M,2,21,0.9947815459426093,1.0247836202964227,-17.81456041152478,9.790115573807725,37.700000000000045,37.700000000000045
27017,2025,M,4,42,0.9755417230348995,1.0247836202964227,-19.97280526818895,46.51446645205351,72.59999999999991,72.59999999999991
27013,2025,M,2,21,0.9755417230348995,0.9947815459426093,-40.25253323620154,-1.4231130505231704,-3.900000000000091,-3.900000000000091
27405,2025,M,2,14,0.9448852993457915,0.9947815459426093,152.7078123252454,210.93307583462615,261.79999999999995,261.79999999999995
3153,2025,M,2,21,0.9947815459426093,1.0247836202964227,-55.66272194355406,-26.77483011027425,1.2999999999999545,1.2999999999999545
778,2025,M,4,42,0.9755417230348995,1.0247836202964227,79.59626217514233,149.15490873151816,177.80000000000018,177.80000000000018
27024,2025,M,4,42,0.9755417230348995,1.0247836202964227,9.19996012402089,78.64773577950791,106.30000000000018,106.30000000000018
513,2025,M,3,21,1.6577628999665,0.9947815459426093,-270.8855765490814,-175.1599445062518,-936.0999999999999,-171.406715973186
2754,2025,M,2,21,0.9947815459426093,1.0247836202964227,10.359529057076998,37.99574628471237,66.80000000000018,66.80000000000018
24464,2025,M,2,21,0.9755417230348995,0.9947815459426093,-39.91361244269865,-0.08285609400832072,-2.6000000000001364,-2.6000000000001364
27023,2025,M,3,42,0.9755417230348995,1.0247836202964227,-24.72743722058476,45.425520938068985,72.89999999999986,72.89999999999986
2608,2025,M,3,21,0.9755417230348995,0.9947815459426093,-31.00902980229671,9.180941772392543,6.7999999999999545,6.7999999999999545
27029,2025,M,3,42,0.9755417230348995,1.0247836202964227,14.379424705632346,85.43901674278845,113.80000000000018,113.80000000000018
27237,2025,M,3,36,1.0457868536877806,1.0247836202964227,15.99858388711823,71.09528150447795,-19.299999999999955,123.765022940363
26836,2025,M,4,36,1.649793267828331,0.9947815459426093,-1.0456692440363895,-21.484604092404652,-742.2,-19.67787559212843
737,2025,M,2,21,0.9755417230348995,0.9947815459426093,60.82101618517845,101.94905560638222,101.09999999999991,101.09999999999991
2730,2025,M,2,21,0.9947815459426093,1.0247836202964227,-61.11417971171886,-31.035514453166115,-1.900000000000091,-1.900000000000091
759,2025,M,2,21,0.9755417230348995,0.9947815459426093,10.901001851101682,51.79447897302498,50.09999999999991,50.09999999999991
28321,2025,M,2,21,0.9947815459426093,1.0247836202964227,-40.28959945842689,-10.733690569053806,18.5,18.5
19013,2025,M,4,42,0.9755417230348995,1.0247836202964227,-25.09943893037007,44.39253953262323,71.59999999999991,71.59999999999991
28322,2025,M,2,21,0.9947815459426093,1.0247836202964227,-52.23049527339958,-21.637470528240556,8.300000000000182,8.300000000000182
19387,2025,M,3,21,0.9755417230348995,0.9947815459426093,-182.0308534714609,-141.6185411902086,-146.60000000000014,-146.60000000000014
28388,2025,M,2,21,0.9947815459426093,1.0247836202964227,-62.279547519250855,-31.11706343483729,-0.900000000000091,-0.900000000000091
27027,2025,M,4,42,0.9755417230348995,1.0247836202964227,-39.50263771861614,32.851970147423344,60.99999999999977,60.99999999999977
27038,2025,M,4,42,0.9755417230348995,1.0247836202964227,199.8574907621503,273.72565454701635,305.7000000000003,305.7000000000003
27015,2025,M,2,21,0.9755417230348995,0.9947815459426093,-207.64519047526778,-166.44286321819982,-171.9000000000001,-171.9000000000001
27031,2025,M,2,21,0.9755417230348995,0.9947815459426093,-17.7058619426075,25.176649135832122,22.90000000000009,22.90000000000009
19009,2025,M,2,15,1.0457868536877806,0.9947815459426093,25.955660784739393,60.66956573052539,-76.89999999999986,91.80653491857902
756,2025,M,2,21,0.9947815459426093,1.0247836202964227,6.966892361963801,37.01419100565113,68.20000000000027,68.20000000000027
20441,2025,M,3,42,0.9755417230348995,1.0247836202964227,-54.49164039197967,22.65464540587209,52.5,52.5
28327,2025,M,2,21,0.9947815459426093,1.0247836202964227,-187.76758343359552,-152.3078891147802,-121.5,-121.5
27044,2025,M,2,21,0.9755417230348995,0.9947815459426093,383.63872639728925,432.15195107060663,436.5,436.5
27042,2025,M,4,42,0.9755417230348995,1.0247836202964227,75.72111669816377,159.83687820268415,194.20000000000027,194.20000000000027
27039,2025,M,3,42,0.9755417230348995,1.0247836202964227,-54.4551652075379,27.82080785972039,59.70000000000027,59.70000000000027
4304,2025,M,2,21,0.9947815459426093,1.0247836202964227,61.41631980779812,94.41070794675306,130.29999999999973,130.29999999999973
26843,2025,M,3,36,1.649793267828331,0.9947815459426093,-28.81995657905827,-54.999165669617014,-990.7000000000003,-53.141529042166894
27393,2025,M,3,21,1.6577628999665,0.9614478160614437,25.961139871478508,44.120710470796666,-753.0,73.88219567959663
2586,2025,M,2,14,0.9448852993457915,0.9614478160614437,-21.710386631573783,-54.07271563792892,11.799999999999955,11.799999999999955
1597,2025,M,2,14,0.9448852993457915,0.9614478160614437,139.90002739562533,110.04251225215216,183.0999999999999,183.0999999999999
19397,2025,M,3,21,1.6577628999665,0.9614478160614437,145.53736796588873,172.01942115970905,-822.0,209.87527483136319
1572,2025,M,2,21,1.6577628999665,0.9614478160614437,3.8157234965292446,21.40400567969209,-784.0,51.32760343491327
4205,2025,M,2,21,0.9538744758171795,1.021182185641991,0.016472726832716944,106.19960774909214,115.48000000000002,115.48000000000002
4182,2025,M,2,21,0.9538744758171795,1.021182185641991,-46.05163512056333,67.4792833868587,77.13000000000011,77.13000000000011
4194,2025,M,2,21,0.9538744758171795,1.021182185641991,51.0511117553026,169.57947426992268,180.24,180.24
3296,2025,M,2,21,0.9538744758171795,1.021182185641991,-9.42946867630576,119.4607741084726,130.66999999999985,130.66999999999985
1198,2025,M,4,57,1.6979879537654674,1.0247836202964227,26.793674501555415,3.646578769245025,-606.8,11.670208659367745
2442,2025,M,4,57,1.6979879537654674,1.0247836202964227,52.60184459682455,27.366871181128317,-620.9000000000001,35.9558012673906
20766,2025,M,4,57,1.6979879537654674,1.0247836202964227,20.957305126078836,-2.737571768424459,-632.4000000000001,5.519764780155128
26817,2025,M,4,57,1.6979879537654674,1.0247836202964227,37.50188671852834,13.228108310531752,-620.0,21.578592169214517
26818,2025,M,4,57,1.6979879537654674,1.0247836202964227,-11.91017559261445,-35.449352240718554,-685.0999999999999,-27.024589602922788
7641,2025,M,4,57,1.6979879537654674,1.0247836202964227,33.781311429167545,8.181193326912307,-663.9000000000001,17.02703409014771
26821,2025,M,4,57,1.6979879537654674,1.0247836202964227,-50.36774588303274,-75.48330620398792,-796.4000000000001,-66.23927104304016
27092,2025,M,2,21,0.9907262871748805,0.950698891888901,29.284443563522018,-57.59022915403125,-53.899999999999864,-53.899999999999864
26820,2025,M,4,57,1.6979879537654674,1.0247836202964227,-41.608217952534005,-66.44801399341895,-773.4000000000001,-57.361060965724164
7644,2025,M,3,36,1.6979879537654674,0.950698891888901,-98.55732833116349,-246.2056848640516,-1019.8000000000002,-271.6660838687151
1294,2025,M,3,35,1.01975452974666,1.0247836202964227,27.99659731275233,21.874390589974155,35.700000000000045,35.700000000000045
27110,2025,M,3,42,0.9909721001134402,1.0477424660211891,-9.46040808679004,54.106149202908455,79.94000000000005,79.94000000000005
747,2025,M,3,42,0.9755417230348995,1.0247836202964227,-96.27380818380789,-32.773190727235715,-8.899999999999864,-8.899999999999864
27516,2025,M,2,35,1.01975452974666,1.0247836202964227,-358.8961240212716,-357.23187900470975,-337.6999999999998,-337.6999999999998
27235,2025,M,2,36,1.0457868536877806,1.0247836202964227,-35.712554111051986,14.161408803194263,-65.59999999999991,60.41547517888989
26993,2025,M,3,42,0.9755417230348995,1.0247836202964227,11.967061526280531,68.80773880456627,91.5,91.5
26992,2025,M,2,42,0.9755417230348995,1.0247836202964227,-71.29943314244224,-13.32092551517212,8.700000000000045,8.700000000000045
22385,2025,M,2,35,1.01975452974666,1.0247836202964227,-3.032376037308495,-8.111811640861788,5.100000000000136,5.100000000000136
700,2025,M,3,42,0.9755417230348995,1.0247836202964227,-128.1975843867508,-69.957625469184,-48.59999999999991,-48.59999999999991
22384,2025,M,2,42,0.9755417230348995,1.0247836202964227,-32.249526169871615,26.89179247622974,49.90000000000009,49.90000000000009
4303,2025,M,3,42,0.9755417230348995,1.0247836202964227,-77.13215848586196,-18.142939381975793,4.2000000000000455,4.2000000000000455
19386,2025,M,3,42,0.9755417230348995,1.0247836202964227,35.7265873240126,96.16240969249384,120.59999999999991,120.59999999999991
710,2025,M,3,42,0.9755417230348995,1.0247836202964227,-22.146452099739463,38.112568544792566,61.700000000000045,61.700000000000045
18990,2025,M,2,42,0.9755417230348995,1.0247836202964227,101.92089906695583,163.36893886788334,189.0999999999999,189.0999999999999
27012,2025,M,2,42,0.9755417230348995,1.0247836202964227,108.64135895422487,170.22471525877154,196.0999999999999,196.0999999999999
27487,2025,M,2,35,1.01975452974666,1.0247836202964227,-57.73520208988384,-61.326308142872676,-48.30000000000018,-48.30000000000018
1231,2025,M,2,35,1.01975452974666,1.0247836202964227,18.264055289080716,12.342125668070139,26.299999999999955,26.299999999999955
1205,2025,M,2,35,1.01975452974666,1.0247836202964227,37.016977546265025,30.524815516454055,44.700000000000045,44.700000000000045
22389,2025,M,3,42,0.9668339905514403,1.0247836202964227,145.02958273036688,209.29814866355036,252.29999999999995,252.29999999999995
732,2025,M,2,42,0.9755417230348995,1.0247836202964227,-4.4517140257723895,57.21576390224618,81.59999999999991,81.59999999999991
27202,2025,M,2,36,0.9567869672540947,1.0247836202964227,-65.81760520156877,1136.9901489179354,52.700000000000045,1183.8553728069933
27453,2025,M,2,34,1.0166759436565362,1.0247836202964227,8.236979407379522,8.156770194825185,21.799999999999955,21.799999999999955
24859,2025,M,2,35,1.01975452974666,1.0247836202964227,45.72589942124819,38.869668436614575,53.399999999999864,53.399999999999864
27500,2025,M,2,35,1.01975452974666,1.0247836202964227,105.9596972225927,97.27204018572502,112.5,112.5
742,2025,M,3,42,0.9755417230348995,1.0247836202964227,-18.711080303405424,44.49720859706463,69.29999999999995,69.29999999999995
27496,2025,M,2,35,1.01975452974666,1.0247836202964227,-100.66968502473651,-103.42050725519675,-89.70000000000005,-89.70000000000005
27010,2025,M,2,42,0.9755417230348995,1.0247836202964227,-73.1539481991781,-7.527485181877864,17.5,17.5
18989,2025,M,2,42,0.9755417230348995,1.0247836202964227,126.11317332295812,193.92164894599068,222.5,222.5
4732,2025,M,3,57,1.6979879537654674,1.0247836202964227,-19.133928108776445,-44.34716119554082,-744.9000000000001,-35.280056385126045
2344,2025,M,4,42,0.9668339905514403,1.0247836202964227,-12.234932304424774,48.681218686393095,86.5,86.5
27494,2025,M,2,35,1.01975452974666,1.0247836202964227,-40.44235252423414,-44.708253476954496,-31.09999999999991,-31.09999999999991
19381,2025,M,2,36,1.0457868536877806,1.0247836202964227,-146.0919053538521,-86.25820286389626,-177.70000000000005,-33.694312355555894
18994,2025,M,2,42,0.9755417230348995,1.0247836202964227,-86.9683795433532,-19.121446448024017,6.599999999999909,6.599999999999909
27466,2025,M,2,34,1.0166759436565362,1.0247836202964227,-46.47375216301407,-45.06626055036236,-30.420000000000073,-30.420000000000073
27502,2025,M,2,35,1.01975452974666,1.0247836202964227,-84.59736578695515,-88.17643511631468,-73.40000000000009,-73.40000000000009
5271,2025,M,2,35,1.01975452974666,1.0247836202964227,42.33642480470053,34.92638300458998,51.100000000000136,51.100000000000136
27506,2025,M,2,35,1.01975452974666,1.0247836202964227,-74.93228609352263,-79.07218610172845,-63.5,-63.5
27205,2025,M,2,36,0.9567869672540947,1.0247836202964227,-86.56828249100067,1343.279187680418,54.5,1398.9585905937165
7642,2025,M,3,57,1.6979879537654674,1.0247836202964227,-171.8462554849657,-191.63254002412918,-857.0,-183.45481064216438
19006,2025,M,3,42,0.9755417230348995,1.0247836202964227,-46.62512330532445,26.888539530880735,55.40000000000009,55.40000000000009
27507,2025,M,2,35,1.01975452974666,1.0247836202964227,-81.70452252659925,-85.73121935559789,-70.0,-70.0
19396,2025,M,3,42,0.9755417230348995,1.0247836202964227,14.601914785153895,89.22392024814553,119.0,119.0
27028,2025,M,2,42,0.9755417230348995,1.0247836202964227,-143.8225453195048,-68.51313767460942,-40.59999999999991,-40.59999999999991
2367,2025,M,2,42,0.9668339905514403,1.0247836202964227,-87.98497572986207,-10.366408849527943,36.40000000000009,36.40000000000009
27040,2025,M,2,42,0.9755417230348995,1.0247836202964227,125.18000582189416,204.47937586134185,237.5999999999999,237.5999999999999
20448,2025,M,2,42,0.9755417230348995,1.0247836202964227,-7.762639701351418,70.48730375867444,101.40000000000009,101.40000000000009
26822,2025,M,3,57,1.6979879537654674,1.0247836202964227,46.9503565809714,13.631176472625611,-858.8999999999999,25.124049160022423
27211,2025,M,2,36,0.9567869672540947,1.0247836202964227,62.95193225168032,1743.462864735055,225.19999999999982,1809.536449416763
3175,2025,M,2,42,0.9755417230348995,1.0247836202964227,253.73620122731745,339.8467031864816,377.4000000000001,377.4000000000001
27483,2025,M,2,34,1.0166759436565362,1.0247836202964227,-108.04435918119361,-104.93790098701447,-86.78999999999996,-86.78999999999996
26819,2025,M,2,22,1.6979879537654674,1.01975452974666,7.6308427283534,-11.539461945081712,-690.8,-16.86967091700012
26838,2025,M,2,15,1.649793267828331,0.9755417230348995,30.38885503098777,-35.36888573442866,-838.5999999999999,-30.83361642247155
26839,2025,M,2,15,1.649793267828331,0.9755417230348995,-89.77030152093766,-159.44209275978164,-1000.1999999999998,-156.74400189059725
26840,2025,M,2,15,1.649793267828331,0.9755417230348995,2.2910839088826833,-69.407075781809,-942.6000000000001,-64.99494625937996
26844,2025,M,2,14,1.648518774257513,1.0146147304955058,-53.4084131016225,-29.562621611041777,-690.52,-35.1534056699104
3884,2025,M,4,57,1.648518774257513,1.0304223124718175,-18.49900772028809,20.413990059257912,-651.4699999999998,26.45936322928742
5645,2025,M,3,22,1.648518774257513,1.0061640281053008,18.56514394169767,42.63977078817061,-736.02,22.564040674071293
25014,2025,M,4,57,1.648518774257513,1.0304223124718175,56.168716193716136,98.45371855951748,-676.5900000000001,105.76358071211598
26851,2025,M,3,22,1.648518774257513,1.0061640281053008,46.75165932183381,74.16895507501386,-832.0,51.2537697096941
11325,2025,M,3,57,1.648518774257513,1.0304223124718175,-269.24269056351295,-205.4958484541553,-1165.3899999999999,-197.91259139233443
5787,2025,M,2,36,0.9687558755683784,1.021182185641991,-84.09211849503549,-38.41492233864233,5.379999999999882,5.379999999999882
26889,2025,M,2,14,1.6761110875014542,1.0108518927140795,-111.39309588174365,-88.82436947086148,-795.0999999999999,-127.0751467028499
7691,2025,M,4,50,1.6761110875014542,1.0304223124718175,-104.68472358874465,-102.10269379031888,-759.3000000000002,-85.56224077958268
24835,2025,M,2,8,1.6761110875014542,0.9907262871748805,-11.254313227073908,-53.53264528032719,-785.0,-67.16374224829178
26894,2025,M,4,50,1.6761110875014542,1.0304223124718175,-42.56110519227127,-42.16574082552552,-757.6000000000001,-23.8446336081754
26895,2025,M,2,14,1.6761110875014542,1.0108518927140795,-11.52055958113624,10.236126308000621,-837.4000000000001,-31.75188491087465
7982,2025,M,3,50,1.6761110875014542,1.0304223124718175,-125.2566108198082,-122.01977833021101,-807.4000000000001,-104.84095134646805
7689,2025,M,2,14,1.6761110875014542,1.0108518927140795,12.439870773561097,28.37307127607096,-628.7,-3.4898461502602913
345,2025,M,3,14,1.6761110875014542,1.0108518927140795,-24.104995087247744,-3.5389076298172313,-781.8,-42.52429754748937
335,2025,M,2,8,1.6761110875014542,0.9907262871748805,-127.14613661108342,-166.8917512437963,-880.5999999999999,-182.5984380942432
26910,2025,M,2,14,1.6637798094468492,0.9742605070980489,-15.72506687816167,-57.29181986859612,-903.5000000000002,-98.68635431539678
1997,2025,M,2,8,1.0146147304955058,1.0061640281053008,-154.8363152550985,-152.3150803473127,-167.29999999999995,-167.29999999999995
11302,2025,M,3,43,1.0146147304955058,1.0304223124718175,-14.887148477325127,-0.2130558987960285,10.400000000000091,10.400000000000091
11308,2025,M,2,8,1.0146147304955058,1.0061640281053008,-3.069441232835743,-4.380459914723815,-17.800000000000182,-17.800000000000182
27447,2025,M,2,34,1.0166759436565362,1.0477424660211891,-24.55320677396344,11.279948821671496,24.99000000000001,24.99000000000001
26021,2025,M,2,8,0.9129674989681337,0.9361977811282456,43.741917416318074,69.38315314046304,93.0,93.0
26933,2025,M,3,28,0.9129674989681337,0.947128371224321,-0.6161300477592704,11.75086737014908,73.0,73.0
2871,2025,M,4,43,1.0146147304955058,1.0304223124718175,-270.2345801440331,-247.08990747396228,-237.70000000000005,-237.70000000000005
2001,2025,M,3,43,1.0146147304955058,1.0304223124718175,-57.416424144650364,-41.26183720517679,-30.799999999999955,-30.799999999999955
19411,2025,M,3,43,1.0146147304955058,1.0304223124718175,-36.53965796620969,-21.011586865747176,-10.400000000000091,-10.400000000000091
26967,2025,M,3,43,1.0146147304955058,1.0304223124718175,-7.827232886791535,6.749798623218567,17.5,17.5
24421,2025,M,3,43,1.0146147304955058,1.0304223124718175,9.4682313129681,23.811095195650296,34.90000000000009,34.90000000000009
26971,2025,M,3,43,1.0146147304955058,1.0304223124718175,13.015287407929236,28.012452002122473,39.700000000000045,39.700000000000045
19426,2025,M,2,8,1.0146147304955058,1.0061640281053008,34.78540470257849,32.44433471231605,18.700000000000045,18.700000000000045
11300,2025,M,2,8,1.0146147304955058,1.0061640281053008,-10.307004989279903,-11.282149736289057,-23.299999999999955,-23.299999999999955
415,2025,M,2,8,1.0146147304955058,1.0061640281053008,82.49860394164534,79.12182629131371,67.5,67.5
26984,2025,M,2,8,1.0146147304955058,1.0061640281053008,45.10304822168746,42.476684220341895,28.59999999999991,28.59999999999991
19425,2025,M,2,8,1.0146147304955058,1.0061640281053008,83.55256202317082,79.92945104558407,66.19999999999982,66.19999999999982
27122,2025,M,3,42,0.9909721001134402,1.0477424660211891,21.399113852393384,94.77576557083717,125.29999999999995,125.29999999999995
1217,2025,M,2,42,0.9909721001134402,1.0477424660211891,-35.282155573802356,31.52195927449293,58.12000000000012,58.12000000000012
27691,2025,M,3,35,1.026035907648017,1.0477424660211891,15.5305109090923,46.58659108032043,47.66000000000008,47.66000000000008
27689,2025,M,3,35,1.026035907648017,1.0477424660211891,3.478512215715682,34.90965759311371,35.950000000000045,35.950000000000045
1817,2025,M,4,42,0.9909721001134402,1.0477424660211891,46.60952585844916,108.74280941891129,135.21000000000004,135.21000000000004
1814,2025,M,4,42,0.9909721001134402,1.0477424660211891,-24.640711107634843,38.507821123418125,63.83999999999992,63.83999999999992
27444,2025,M,2,34,1.0166759436565362,1.0477424660211891,-30.903205700466742,3.9596758913896792,17.15000000000009,17.15000000000009
18865,2025,M,2,34,1.0166759436565362,1.0477424660211891,-20.251162858436373,14.477492708371756,27.839999999999918,27.839999999999918
27699,2025,M,3,35,1.026035907648017,1.0477424660211891,64.81580498786798,96.60720822682038,97.8900000000001,97.8900000000001
22568,2025,M,3,42,0.9909721001134402,1.0477424660211891,282.2544211890445,346.7825060013265,379.3599999999999,379.3599999999999
28487,2025,M,2,21,0.9847650115414746,1.0477424660211891,-11.257002636654988,76.56341590810052,94.14999999999986,94.14999999999986
866,2025,M,2,21,0.9847650115414746,1.0477424660211891,-40.64976679755455,47.3792646474983,64.66000000000008,64.66000000000008
27448,2025,M,2,34,1.0166759436565362,1.0477424660211891,-64.6461474014825,-26.65021602204024,-12.930000000000064,-12.930000000000064
27119,2025,M,3,42,0.9909721001134402,1.0477424660211891,148.90828534794537,215.13799014768028,245.51,245.51
28486,2025,M,2,21,0.9847650115414746,1.0477424660211891,-47.12944654285184,41.40415909743865,58.70999999999981,58.70999999999981
11389,2025,M,4,42,0.9909721001134402,1.0477424660211891,-42.31765781335821,25.96104304916321,53.00999999999999,53.00999999999999
18867,2025,M,2,34,1.0166759436565362,1.0477424660211891,65.15013902423607,99.96532625201962,115.16999999999985,115.16999999999985
1818,2025,M,2,34,1.0166759436565362,1.0477424660211891,-18.8849674806072,18.273616964722123,32.62999999999988,32.62999999999988
18870,2025,M,3,35,1.026035907648017,1.0477424660211891,29.208254029098498,62.840941354584174,64.04999999999995,64.04999999999995
23576,2025,M,2,42,0.9909721001134402,1.0477424660211891,-22.17217525395199,46.444206646252724,74.06999999999994,74.06999999999994
28489,2025,M,2,21,0.9847650115414746,1.0477424660211891,29.330681815511298,119.74880487659334,138.33999999999992,138.33999999999992
3207,2025,M,2,42,0.9909721001134402,1.0477424660211891,-47.142230533817155,22.37053151108512,49.819999999999936,49.819999999999936
18877,2025,M,3,35,1.026035907648017,1.0477424660211891,3.186841427448826,37.94211247765634,39.08999999999992,39.08999999999992
27115,2025,M,3,42,0.9909721001134402,1.0477424660211891,-51.40044818846991,18.35415211164559,45.809999999999945,45.809999999999945
28488,2025,M,2,21,0.9847650115414746,1.0477424660211891,-17.947470708829314,72.7933544351406,90.88999999999987,90.88999999999987
18561,2025,M,3,42,0.9909721001134402,1.0477424660211891,-15.50996046732439,53.99513314634828,82.13000000000011,82.13000000000011
3213,2025,M,2,42,0.9909721001134402,1.0477424660211891,44.395704979117454,113.44704474402738,142.69999999999982,142.69999999999982
5025,2025,M,3,34,1.0166759436565362,1.0477424660211891,195.2614188261789,227.4243366121393,244.33000000000015,244.33000000000015
11401,2025,M,4,42,0.9909721001134402,1.0477424660211891,33.73446357768239,103.06481290718966,132.20000000000005,132.20000000000005
27712,2025,M,3,35,1.026035907648017,1.0477424660211891,34.247755784425635,68.4823179689688,69.73000000000002,69.73000000000002
27708,2025,M,2,35,1.026035907648017,1.0477424660211891,16.413722096717947,51.25941408024687,52.460000000000036,52.460000000000036
1853,2025,M,2,34,1.0166759436565362,1.0477424660211891,-59.687291312624666,-20.384254824783284,-6.039999999999964,-6.039999999999964
11382,2025,M,2,21,0.9847650115414746,1.0477424660211891,-19.967917932443697,71.9747680231012,90.28999999999996,90.28999999999996
27461,2025,M,2,34,1.0166759436565362,1.0477424660211891,60.97945075820758,97.22542791562591,112.90999999999985,112.90999999999985
897,2025,M,2,42,0.9909721001134402,1.0477424660211891,105.82648065326453,167.1468434247622,194.56999999999994,194.56999999999994
3218,2025,M,2,42,0.9909721001134402,1.0477424660211891,21.923270964157155,92.46547566196409,121.83999999999992,121.83999999999992
27449,2025,M,2,34,1.0166759436565362,1.0477424660211891,-136.95681848766844,-95.00174497511193,-81.24000000000001,-81.24000000000001
1870,2025,M,2,34,1.0166759436565362,1.0477424660211891,22.184819806568385,59.9022951417478,75.35000000000014,75.35000000000014
1811,2025,M,2,34,1.0166759436565362,1.0477424660211891,-201.47869168201146,-157.74302166336815,-144.6400000000001,-144.6400000000001
1852,2025,M,4,42,0.9909721001134402,1.0477424660211891,17.24247321441976,88.31153697675609,117.79999999999995,117.79999999999995
27498,2025,M,3,35,1.01975452974666,1.0477424660211891,9.231151421868162,41.61163548498803,57.34999999999991,57.34999999999991
27455,2025,M,2,34,1.0166759436565362,1.0477424660211891,-63.070849348298225,-22.74772169722246,-8.069999999999936,-8.069999999999936
27454,2025,M,2,34,1.0166759436565362,1.0477424660211891,-70.34511320212346,-29.765565345039477,-15.139999999999873,-15.139999999999873
27717,2025,M,3,35,1.026035907648017,1.0477424660211891,44.18312868812609,79.26718931274263,80.57999999999993,80.57999999999993
18883,2025,M,4,42,0.9909721001134402,1.0477424660211891,22.82871873873796,94.89247110903375,124.91000000000008,124.91000000000008
5583,2025,M,4,42,0.9909721001134402,1.0477424660211891,15.52087894676447,87.76688245653395,117.69999999999982,117.69999999999982
23587,2025,M,2,35,1.026035907648017,1.0477424660211891,0.5634477046626216,37.229527692318015,38.430000000000064,38.430000000000064
27469,2025,M,2,34,1.0166759436565362,1.0477424660211891,74.55369065710738,112.0725901637777,128.55000000000018,128.55000000000018
19627,2025,M,2,35,1.026035907648017,1.0477424660211891,-14.506095792933138,22.960052162983402,24.13000000000011,24.13000000000011
11393,2025,M,4,42,0.9909721001134402,1.0477424660211891,37.32975168015514,110.94944312385769,141.92000000000007,141.92000000000007
28494,2025,M,2,21,0.9847650115414746,1.0477424660211891,40.3485356179242,137.75775982574874,157.88999999999987,157.88999999999987
1833,2025,M,2,34,1.0166759436565362,1.0477424660211891,-88.95520561606986,-46.44021109786786,-31.440000000000055,-31.440000000000055
28493,2025,M,2,21,0.9847650115414746,1.0477424660211891,29.050087327818574,126.81894282923258,146.8900000000001,146.8900000000001
18885,2025,M,4,42,0.9909721001134402,1.0477424660211891,-86.85191533445163,-11.199990252362113,17.90000000000009,17.90000000000009
27711,2025,M,2,35,1.026035907648017,1.0477424660211891,-102.39731321595218,-61.67580427803455,-60.73000000000002,-60.73000000000002
1837,2025,M,4,42,0.9909721001134402,1.0477424660211891,-71.0011229783579,4.894965138277485,34.440000000000055,34.440000000000055
27126,2025,M,4,42,0.9909721001134402,1.0477424660211891,37.04635753640082,112.34701218640998,144.0,144.0
1239,2025,M,4,42,0.9909721001134402,1.0477424660211891,-15.088576449966467,60.72976513432923,91.46000000000004,91.46000000000004
18569,2025,M,3,42,0.9909721001134402,1.0477424660211891,107.9415600991124,182.86738398697662,215.91000000000008,215.91000000000008
11399,2025,M,3,42,0.9909721001134402,1.0477424660211891,-34.52635859344764,41.789189012675934,72.29999999999995,72.29999999999995
27719,2025,M,2,35,1.026035907648017,1.0477424660211891,-47.87081916952093,-8.128851338757613,-7.009999999999991,-7.009999999999991
28491,2025,M,2,21,0.9847650115414746,1.0477424660211891,-93.45035608853618,6.673819139715306,25.769999999999982,25.769999999999982
27113,2025,M,2,42,0.9909721001134402,1.0477424660211891,-264.26462824356486,-185.06255193329525,-158.3699999999999,-158.3699999999999
4315,2025,M,3,35,1.01975452974666,1.0477424660211891,94.78140809628917,127.2731794605711,145.21000000000004,145.21000000000004
27722,2025,M,2,35,1.026035907648017,1.0477424660211891,-9.043971016325258,30.307880175280616,31.559999999999945,31.559999999999945
27129,2025,M,3,42,0.9909721001134402,1.0477424660211891,21.266276788064943,98.91047456235833,131.18000000000006,131.18000000000006
18873,2025,M,2,35,1.026035907648017,1.0477424660211891,144.69372983423568,179.9921855828352,181.69000000000005,181.69000000000005
3212,2025,M,3,42,0.9909721001134402,1.0477424660211891,-79.52803613162382,-0.5797498079384695,30.029999999999973,30.029999999999973
23594,2025,M,2,34,1.0166759436565362,1.0477424660211891,-111.93052163172729,-66.73738580897975,-51.16000000000008,-51.16000000000008
11413,2025,M,4,42,0.9909721001134402,1.0477424660211891,56.16343827724313,134.7959920407202,168.23000000000025,168.23000000000025
3079,2025,M,3,35,1.026035907648017,1.0477424660211891,75.34901097581883,113.25766588286069,114.77999999999997,114.77999999999997
25915,2025,M,2,34,1.0166759436565362,1.0477424660211891,-35.91721062903821,8.393829958045671,25.230000000000018,25.230000000000018
2354,2025,M,3,42,0.9909721001134402,1.0477424660211891,103.59096373672264,177.818240393952,210.48000000000025,210.48000000000025
5134,2025,M,2,42,0.9909721001134402,1.0477424660211891,93.2803583984878,173.2076741042033,207.98000000000025,207.98000000000025
2816,2025,M,2,21,0.9847650115414746,1.0477424660211891,14.650302732794444,121.28958472538125,142.98000000000002,142.98000000000002
3082,2025,M,2,34,1.0166759436565362,1.0477424660211891,-69.02871086342839,-21.616692369972952,-4.25,-4.25
1887,2025,M,2,35,1.026035907648017,1.0477424660211891,139.40428098096936,178.54645417394568,180.3499999999999,180.3499999999999
18872,2025,M,2,35,1.026035907648017,1.0477424660211891,-342.6216367064451,-289.36215437862415,-288.90999999999985,-288.90999999999985
1917,2025,M,2,35,1.026035907648017,1.0477424660211891,-221.35892284956344,-169.33772417772389,-168.4699999999998,-168.4699999999998
27143,2025,M,3,42,0.9909721001134402,1.0477424660211891,152.27530960957256,251.3002630599558,295.17999999999984,295.17999999999984
27576,2025,M,2,35,0.9742605070980489,1.0304223124718175,61.65631140973119,127.47325571874194,170.80000000000018,170.80000000000018
27587,2025,M,2,35,0.9742605070980489,1.0304223124718175,224.16491497526,290.10844285169355,337.70000000000005,337.70000000000005
27577,2025,M,2,35,0.9742605070980489,1.0304223124718175,47.6205767663364,114.29248102145243,157.79999999999995,157.79999999999995
333,2025,M,3,42,0.9907262871748805,1.0304223124718175,262.4506074161718,302.6927245905231,341.2000000000003,341.2000000000003
27086,2025,M,3,42,0.9907262871748805,1.0304223124718175,-135.2476094410979,-90.03971861617583,-59.69999999999982,-59.69999999999982
8084,2025,M,2,35,0.9742605070980489,1.0304223124718175,-29.506504888135396,39.07038866799917,81.79999999999995,81.79999999999995
340,2025,M,2,35,1.0061640281053008,1.0304223124718175,-8.083821483001884,10.970743241625996,38.899999999999864,38.899999999999864
18791,2025,M,3,42,0.9907262871748805,1.0304223124718175,59.67767943026365,103.30654642385502,138.29999999999995,138.29999999999995
27314,2025,M,2,35,1.0061640281053008,1.0304223124718175,35.86558514460148,54.256520431494664,83.59999999999991,83.59999999999991
27581,2025,M,2,35,0.9742605070980489,1.0304223124718175,7.393969287440996,77.71447118219771,122.5,122.5
27574,2025,M,2,35,0.9742605070980489,1.0304223124718175,-85.86522596399209,-15.568842991493966,26.799999999999955,26.799999999999955
27582,2025,M,2,35,0.9742605070980489,1.0304223124718175,-30.924557393861505,40.74538495181946,85.40000000000009,85.40000000000009
344,2025,M,3,42,0.9907262871748805,1.0304223124718175,-112.80585560471809,-65.10837705868312,-32.19999999999982,-32.19999999999982
27096,2025,M,2,42,0.9907262871748805,1.0304223124718175,166.1934036296434,211.0060751337296,250.0999999999999,250.0999999999999
27097,2025,M,2,42,0.9907262871748805,1.0304223124718175,166.37170087442928,211.1936552078655,250.29999999999973,250.29999999999973
8104,2025,M,2,35,0.9742605070980489,1.0304223124718175,-14.46138277746877,60.15372763187361,107.09999999999991,107.09999999999991
984,2025,M,3,42,0.9907262871748805,1.0304223124718175,75.6828238735875,118.12716931512432,152.69999999999982,152.69999999999982
27575,2025,M,2,35,0.9742605070980489,1.0304223124718175,16.064291244231754,83.02309860844639,125.90000000000009,125.90000000000009
27076,2025,M,2,42,0.9907262871748805,1.0304223124718175,-35.542348923313966,-0.44262172274306977,25.200000000000045,25.200000000000045
2855,2025,M,2,35,1.0061640281053008,1.0304223124718175,1.5855306654918877,16.542814859474674,38.90000000000009,38.90000000000009
27547,2025,M,2,35,0.9742605070980489,1.0304223124718175,-32.8778322754431,23.496007182022367,58.40000000000009,58.40000000000009
27082,2025,M,3,42,0.9907262871748805,1.0304223124718175,24.9249532386566,61.567186264258225,90.20000000000005,90.20000000000005
27546,2025,M,2,35,0.9742605070980489,1.0304223124718175,-61.50867500212166,-4.236473251088,30.5,30.5
158,2025,M,2,35,0.9742605070980489,1.0304223124718175,-52.81458147424246,4.997366355868962,40.299999999999955,40.299999999999955
27557,2025,M,2,35,0.9742605070980489,1.0304223124718175,52.02607752575159,110.54770204140164,149.0,149.0
154,2025,M,2,35,0.9742605070980489,1.0304223124718175,26.70701023064862,85.57806237114255,123.60000000000014,123.60000000000014
164,2025,M,2,35,0.9742605070980489,1.0304223124718175,42.61967612636818,101.78297987784072,140.39999999999986,140.39999999999986
27553,2025,M,2,35,0.9742605070980489,1.0304223124718175,-11.23813039296715,47.95248106892018,85.20000000000005,85.20000000000005
8006,2025,M,2,42,0.9907262871748805,1.0304223124718175,-113.65008337999302,-73.9767692870821,-47.200000000000045,-47.200000000000045
8005,2025,M,2,36,1.0108518927140795,1.0304223124718175,-10.277001671164498,-28.325405057516946,22.5,22.5
27558,2025,M,2,35,0.9742605070980489,1.0304223124718175,23.384239202183835,82.99470727867629,121.40000000000009,121.40000000000009
27554,2025,M,2,35,0.9742605070980489,1.0304223124718175,-24.717389634790152,35.34604745633851,72.79999999999995,72.79999999999995
27304,2025,M,2,35,1.0061640281053008,1.0304223124718175,41.41345477922391,57.453541954329694,83.60000000000014,83.60000000000014
24720,2025,M,2,35,1.0061640281053008,1.0304223124718175,-58.04164193787619,-39.55415537072531,-15.200000000000045,-15.200000000000045
27088,2025,M,3,42,0.9907262871748805,1.0304223124718175,47.09990653292266,86.67171744211646,118.20000000000005,118.20000000000005
18730,2025,M,2,36,1.004530613931311,1.0304223124718175,-110.39478231976864,-131.67585468653328,-64.09999999999991,-64.09999999999991
27566,2025,M,2,35,0.9742605070980489,1.0304223124718175,25.28718663944551,88.7822280690375,129.70000000000005,129.70000000000005
8009,2025,M,3,42,0.9907262871748805,1.0304223124718175,-102.72937886517389,-60.130851378158695,-30.799999999999955,-30.799999999999955
31,2025,M,2,35,0.9742605070980489,1.0304223124718175,-63.361531759250056,1.2541953308264056,40.59999999999991,40.59999999999991
24808,2025,M,2,35,1.0061640281053008,1.0304223124718175,10.517100476399492,28.077989552076133,54.799999999999955,54.799999999999955
27089,2025,M,3,42,0.9907262871748805,1.0304223124718175,-32.361532168773465,9.906713476384311,41.09999999999991,41.09999999999991
18787,2025,M,3,42,0.9907262871748805,1.0304223124718175,27.89033706705345,69.49885434220528,102.0,102.0
160,2025,M,2,35,0.9742605070980489,1.0304223124718175,-7.364784483906988,58.1451929381974,99.5,99.5
27570,2025,M,2,35,0.9742605070980489,1.0304223124718175,-4.290129323917881,61.30929632506013,102.79999999999995,102.79999999999995
27318,2025,M,2,35,1.0061640281053008,1.0304223124718175,18.73580959079527,38.96130399463482,70.10000000000036,70.10000000000036
27321,2025,M,2,35,1.0061640281053008,1.0304223124718175,123.21311750765972,141.83625801097787,176.30000000000018,176.30000000000018
27098,2025,M,2,42,0.9907262871748805,1.0304223124718175,19.45143652275692,71.22041636877611,111.19999999999982,111.19999999999982
19440,2025,M,2,35,1.0061640281053008,1.0304223124718175,-38.426673430237315,-14.871629242808922,18.09999999999991,18.09999999999991
27322,2025,M,2,35,1.0061640281053008,1.0304223124718175,352.77039240628574,367.29333371951407,408.2000000000003,408.2000000000003
8023,2025,M,2,42,0.9907262871748805,1.0304223124718175,-289.52171932735564,-214.83690909132702,-166.69999999999982,-166.69999999999982
1534,2025,M,3,28,0.9448852993457915,0.9665925083721048,-34.56663215728463,-54.3321291523082,1.2800000000002,1.2800000000002
19581,2025,M,2,13,1.0305412953481423,1.0095156076508593,-50.28861427523202,-54.06233453231857,-85.57999999999993,-85.57999999999993
18771,2025,M,2,13,1.0305412953481423,1.0095156076508593,-62.20984565713593,-65.75313567320973,-99.27999999999997,-99.27999999999997
19583,2025,M,2,13,1.0305412953481423,1.0095156076508593,-7.457533635214531,-14.957717510447765,-53.32999999999993,-53.32999999999993
4316,2025,M,2,21,0.9909721001134402,0.9847650115414746,-41.509630027375806,-64.18035405015235,-54.100000000000136,-54.100000000000136
18897,2025,M,2,21,0.9909721001134402,0.9847650115414746,165.40467778085895,139.29238116215765,153.86000000000013,153.86000000000013
27139,2025,M,3,21,0.9909721001134402,0.9847650115414746,208.2007051838891,180.91937472093014,196.6300000000001,196.6300000000001
27743,2025,M,2,14,1.026035907648017,0.9847650115414746,56.19964684710658,-13.275617356501243,-34.0,-34.0
11395,2025,M,3,21,0.9909721001134402,0.9847650115414746,-41.969587874256604,-62.66596122257738,-53.51999999999998,-53.51999999999998
27114,2025,M,3,21,0.9909721001134402,0.9847650115414746,-50.90053474528145,-71.68218481269878,-62.61999999999989,-62.61999999999989
27504,2025,M,2,14,1.01975452974666,0.9847650115414746,101.65065515990773,37.28655260638698,35.09999999999991,35.09999999999991
27006,2025,M,2,8,0.9755417230348995,1.0269781951526982,-0.7819849631657689,95.55915596983982,88.20000000000005,88.20000000000005
16134,2025,M,2,8,0.9755417230348995,1.0269781951526982,33.47581098276669,145.4553264754943,137.5,137.5
1227,2025,M,2,7,0.9909721001134402,1.01975452974666,-2.68180918780331,36.164614707091914,49.75999999999999,49.75999999999999
27120,2025,M,2,42,0.9909721001134402,1.0477424660211891,-14.82588161198396,59.80179713067355,90.04999999999995,90.04999999999995
25092,2025,M,2,7,0.9909721001134402,1.026035907648017,48.9116100919573,85.69444231799093,116.08999999999992,116.08999999999992
27142,2025,M,2,7,0.9909721001134402,1.026035907648017,-220.9069698727908,-166.93901525901038,-129.7199999999998,-129.7199999999998
25800,2025,M,2,7,0.9909721001134402,1.026035907648017,-24.34701808430168,14.948764116729535,45.49000000000001,45.49000000000001
3134,2025,M,2,8,0.9668339905514403,1.0166759436565362,-55.8697519129189,6.5594785873029195,31.059999999999945,31.059999999999945
4603,2025,M,2,8,1.004530613931311,0.9771370402020463,-57.374962351074146,-121.04766574547921,-108.55999999999995,-108.55999999999995
1183,2024,M,3,42,1.0040216126289132,1.044990956791416,-79.70638948739702,-49.37915387675412,-10.960000000000036,-10.960000000000036
1183,2025,M,4,42,0.9909721001134402,1.0477424660211891,47.97868854833905,112.36859193501232,139.78999999999996,139.78999999999996
27378,2025,M,2,7,1.6577628999665,0.9448852993457915,55.22811064607254,100.41316753395859,-702.8,71.87422046491497
18745,2025,M,2,7,1.6577628999665,0.9448852993457915,72.97241663610112,119.73075288676546,-705.9000000000001,91.03938636529392
394,2025,M,2,15,0.9760833422567672,1.0166759436565362,0.8927730433601937,31.035392410362647,68.57000000000016,68.57000000000016
2174,2025,M,2,15,0.9760833422567672,1.0166759436565362,-17.76051359609005,13.533177206519895,51.680000000000064,51.680000000000064
21205,2025,M,2,15,0.9760833422567672,1.0166759436565362,142.7706925086236,179.98030561394762,232.53999999999996,232.53999999999996
2566,2025,M,2,7,1.6577628999665,0.9448852993457915,3.616941286378051,49.67889462408789,-787.5999999999999,17.784794120610286
27406,2025,M,2,7,1.6577628999665,0.9448852993457915,-24.537201795815463,28.457194132827226,-944.9000000000001,-9.76303218407702
1323,2025,M,3,35,1.01975452974666,1.0247836202964227,2.9101881599958688,-3.547078900982342,12.799999999999955,12.799999999999955
962,2024,M,3,14,0.972724327759066,1.0050747374002966,36.150601045282656,52.07400930374388,120.21000000000004,120.21000000000004
1434,2024,M,2,21,1.0040216126289132,1.0050031333673184,22.35833434415781,35.53284742393225,24.920000000000073,24.920000000000073
5368,2024,F,4,42,0.9626679160716206,1.0071897296791108,29.058824775542462,48.447542485833765,98.15000000000009,98.15000000000009
4960,2024,F,5,42,0.9626679160716206,1.0071897296791108,-30.989632805044266,-12.38315284877649,33.99000000000001,33.99000000000001
11461,2024,F,3,42,0.9466787578610981,0.9396603797686175,13.379173949453843,-24.82314859386952,1.7000000000000455,1.7000000000000455
3179,2024,F,2,35,1.1698320019624733,1.0071897296791108,0.34569429500402293,62.461221724277266,-190.3499999999999,66.65061126725368
1724,2024,F,3,42,0.9626679160716206,1.0071897296791108,-3.0675877554810995,15.122439449314243,61.069999999999936,61.069999999999936
1727,2024,F,4,42,0.9626679160716206,1.0071897296791108,-2.7740082638879358,15.432965727605279,61.430000000000064,61.430000000000064
18595,2024,F,4,42,0.9626679160716206,1.0071897296791108,26.815585971846076,45.244945088079476,92.47000000000003,92.47000000000003
1726,2024,F,4,42,0.9626679160716206,1.0071897296791108,-66.99584760948824,-48.58882679288217,-3.5299999999999727,-3.5299999999999727
1732,2024,F,4,35,1.1698320019624733,1.0071897296791108,4.517236574091839,69.92749549133055,-196.43000000000006,74.34666232425843
1740,2024,F,4,42,0.9626679160716206,1.0071897296791108,120.58922114677534,140.02643617489207,191.91000000000008,191.91000000000008
4971,2024,F,4,35,1.1698320019624733,1.0071897296791108,35.56478583519083,102.34512634768407,-170.6099999999999,106.91322761283936
18816,2024,F,2,35,1.1698320019624733,1.0071897296791108,-4.938486449878383,61.04034398164936,-207.31999999999994,65.48063191083293
19602,2024,F,3,28,0.9488319589813748,1.0071897296791108,11.921495243954041,90.9060101308678,102.52999999999997,102.52999999999997
1743,2024,F,2,35,1.1698320019624733,1.0071897296791108,46.99093702513437,115.11668311554354,-163.69000000000005,119.79632080339093
18822,2024,F,3,35,1.1698320019624733,1.0071897296791108,48.97875569217467,117.28770684570372,-162.32999999999993,121.98331912908816
4959,2024,F,4,42,0.9626679160716206,1.0071897296791108,9.030879939891747,28.328473130916336,77.34999999999991,77.34999999999991
23462,2024,F,3,43,0.9701669834218452,1.0,-4.679945039192717,22.128973960169333,36.600000000000136,36.600000000000136
19506,2024,F,5,35,0.9671816933759076,1.0097545119962215,40.97709482032565,108.30243336509852,104.29999999999995,104.29999999999995
6285,2023,F,4,35,0.9530129327851723,1.0082651729588337,64.79729335128991,127.75114023965807,154.0,154.0
2252,2023,F,2,7,0.9672088273506065,1.013862829276305,44.96545267820693,76.87759038221589,125.5,125.5
230,2024,F,3,42,0.9634653309721657,1.0097545119962215,38.94905819887708,108.28278650599509,107.40000000000009,107.40000000000009
8113,2024,F,3,49,0.9634653309721657,1.0,-47.27290635110512,12.804018193141474,11.800000000000182,11.800000000000182
81,2024,F,2,21,0.9634653309721657,1.0062997337485868,-42.60325875305557,46.184935501764585,29.660000000000082,29.660000000000082
2238,2024,F,6,43,1.0551733186427783,1.0097545119962215,32.42058262078422,-26.642701575129195,-24.5,-24.5
2241,2024,F,4,36,1.0551733186427783,1.0115011840950996,-14.658772704432977,-75.64850169307601,-72.90000000000009,-72.90000000000009
2240,2024,F,4,43,1.0551733186427783,1.0097545119962215,210.8513836866632,134.18329907915677,137.79999999999995,137.79999999999995
2229,2024,F,3,49,0.9634653309721657,1.0,-325.97015097812255,-271.3378044732831,-273.70000000000005,-273.70000000000005
231,2024,F,3,49,0.9634653309721657,1.0,-14.291240351595661,39.353540552347795,38.600000000000136,38.600000000000136
972,2024,F,2,14,0.9634653309721657,0.8893861670381632,31.85317430834948,-40.256010265847635,-86.90000000000009,-86.90000000000009
63,2024,F,2,21,0.9634653309721657,1.0062997337485868,5.400570114135235,82.55535152711968,68.65000000000009,68.65000000000009
234,2024,F,3,49,0.9634653309721657,1.0,-16.256914797002764,40.19926266677817,39.40000000000009,39.40000000000009
233,2024,F,4,42,0.9634653309721657,1.0097545119962215,66.5456165462208,137.86991047146762,137.0999999999999,137.0999999999999
4092,2024,F,3,49,0.9634653309721657,1.0,-84.12748985122812,-25.424674077317377,-26.600000000000136,-26.600000000000136
8112,2024,F,2,21,0.9634653309721657,1.0062997337485868,-6.655664055724628,75.46280726222744,60.5300000000002,60.5300000000002
237,2024,F,3,49,0.9634653309721657,1.0,-55.129371210534146,3.8300792628708678,2.7999999999999545,2.7999999999999545
240,2024,F,4,42,0.9634653309721657,1.0097545119962215,-43.68878042970164,31.099614905760973,29.700000000000045,29.700000000000045
236,2024,F,2,21,0.9634653309721657,1.0062997337485868,-30.942883533059785,52.796274464321186,37.31000000000017,37.31000000000017
2230,2024,F,2,27,0.9634653309721657,1.0067287099933742,36.50643387490118,125.60056396433356,106.16000000000008,106.16000000000008
8115,2024,F,2,27,0.9634653309721657,1.0067287099933742,10.723876142965764,101.22740914141536,81.16000000000008,81.16000000000008
78,2024,F,2,49,0.9634653309721657,1.0,-121.54442208498358,-58.984136620980735,-60.40000000000009,-60.40000000000009
8117,2024,F,3,49,0.9634653309721657,1.0,-33.565927172428246,28.863661614089096,27.90000000000009,27.90000000000009
8118,2024,F,3,49,0.9634653309721657,1.0,1.390231224738045,63.68291227214377,62.899999999999864,62.899999999999864
8119,2024,F,3,49,0.9634653309721657,1.0,-55.24682840997116,7.883579256886833,6.7999999999999545,6.7999999999999545
8120,2024,F,2,28,0.9634653309721657,0.9880093543512154,5.900290379601074,64.34957606463672,48.30000000000018,48.30000000000018
82,2024,F,2,21,0.9634653309721657,1.0062997337485868,-80.82395974409746,11.053419765168428,-6.440000000000055,-6.440000000000055
8122,2024,F,2,21,0.9634653309721657,1.0062997337485868,48.01634529527496,137.6344210880868,121.93000000000006,121.93000000000006
3368,2024,F,4,42,0.9634653309721657,1.0097545119962215,16.786180644267233,97.78115222397605,96.59999999999991,96.59999999999991
8123,2024,F,4,42,0.9634653309721657,1.0097545119962215,32.414230989696534,113.19623541369356,112.09999999999991,112.09999999999991
253,2024,F,3,42,0.9634653309721657,1.0097545119962215,79.32852739437794,160.2535767354309,159.4000000000001,159.4000000000001
8124,2024,F,3,49,0.9634653309721657,1.0,42.85732872974654,108.5132103374433,107.89999999999986,107.89999999999986
8125,2024,F,3,49,0.9634653309721657,1.0,108.66233859027443,174.07310951832346,173.80000000000018,173.80000000000018
8128,2024,F,3,49,0.9634653309721657,1.0,98.56389219445145,166.05115971663395,165.69999999999982,165.69999999999982
4778,2024,F,2,21,0.9634653309721657,1.0062997337485868,-18.09964658618901,81.19362934318201,63.02999999999997,63.02999999999997
8134,2024,F,3,49,0.9634653309721657,1.0,40.26093961091624,113.01654948564465,112.29999999999995,112.29999999999995
8135,2024,F,4,42,0.9634653309721657,1.0097545119962215,58.39554574373733,150.43698717559437,149.29999999999995,149.29999999999995
271,2024,F,2,21,0.9634653309721657,1.0062997337485868,-30.846828251420675,76.06982780752128,56.3900000000001,56.3900000000001
2663,2023,F,3,28,1.170075049261498,0.9280386033420953,-3.7170333688729897,-53.107386946053566,-332.47,-58.37881543880326
1488,2023,F,3,42,1.1587163617342027,0.9280386033420953,89.73276072908197,49.85898836962656,-251.29999999999995,53.383593677834824
1468,2023,F,2,14,1.1587163617342027,0.8913529987535038,-69.31427637501247,-160.94157268409413,-473.70000000000005,-186.42689738947024
1480,2023,F,2,14,1.1587163617342027,1.1914330550092207,-79.31044870501455,-45.007230485538,-28.700000000000045,-34.946013670395814
1486,2023,F,3,28,1.1587163617342027,0.9630099584820497,-43.54025405096354,-45.456530832572525,-328.0999999999999,-25.157455428895673
1466,2023,F,3,42,1.1587163617342027,0.9280386033420953,48.50984316254244,9.415276664941075,-273.0999999999999,11.779160088775598
1472,2023,F,2,28,1.1587163617342027,0.9630099584820497,-58.246238236496765,-60.48776860533417,-332.5999999999999,-41.19190576098504
362,2023,F,4,49,1.1151646233489063,0.9280386033420953,-151.23873077863982,-136.68832247346222,-487.5999999999999,-137.21386727049003
1458,2023,F,2,21,1.1587163617342027,1.0340275137035797,-31.45973106594488,60.94916236619633,-181.8800000000001,91.46470975668603
1498,2023,F,2,21,1.1587163617342027,1.0340275137035797,-54.30441885463438,54.74641621972137,-230.1400000000001,90.43066677675029
1462,2023,F,2,21,1.1587163617342027,1.0340275137035797,-48.012694921180355,45.25712011846781,-198.25,75.7476031717099
1484,2023,F,2,21,1.1587163617342027,1.0340275137035797,-53.22880030752367,49.6091760276463,-218.8499999999999,83.22202001773917
7704,2024,F,5,50,1.1478011745932142,1.015364772076599,-0.31658434202449826,52.814099750453806,-165.70000000000005,110.2562834167818
7705,2024,F,5,50,1.1478011745932142,1.015364772076599,-32.287353845524876,21.857065983570237,-198.4000000000001,79.58025300335589
7706,2024,F,3,36,1.1478011745932142,0.9910607862830347,-10.053751556279622,33.90872662657512,-223.70000000000005,70.16732610227155
2703,2024,F,4,36,1.1478011745932142,0.9910607862830347,80.7697189491621,127.5984110703921,-151.01999999999998,168.9412995893947
7711,2024,F,3,36,1.1478011745932142,0.9910607862830347,31.50290163332238,82.42846458369968,-217.97000000000003,125.7130936685976
7712,2024,F,4,36,1.1478011745932142,0.9910607862830347,77.65951756229833,129.94643882302194,-180.56999999999994,175.7356996923936
1483,2024,F,2,36,1.1478011745932142,0.9910607862830347,23.964287491523237,69.07471608765081,-196.83999999999992,107.29951583198158
1484,2024,F,5,36,1.1478011745932142,0.9910607862830347,96.92759592691846,142.3135542045586,-128.57999999999993,182.93721142175195
7713,2024,F,3,36,1.1478011745932142,0.9910607862830347,-24.75133057124185,29.37269295516512,-287.21000000000004,73.64419048372702
5298,2024,F,3,36,1.1478011745932142,0.9910607862830347,39.510855334152666,87.14071812967131,-194.27999999999997,127.92290031431025
1458,2024,F,3,36,1.1478011745932142,0.9910607862830347,-76.61206330604364,-33.04627425694093,-285.26,0.9031838049893395
7707,2024,F,2,15,1.1478011745932142,0.9466787578610981,-284.351400070675,-303.1988378563176,-595.1000000000001,-293.18032177910004
1497,2024,F,4,36,1.1478011745932142,0.9910607862830347,104.10148302754146,150.4162156416594,-126.25999999999999,192.02553982416657
7745,2024,F,2,56,1.1343874137665315,0.9396603797686175,10.75996034368086,-7.8682689474899234,-225.0,23.317128847435242
1494,2024,F,2,56,1.1343874137665315,0.9396603797686175,32.816333390321915,12.31210402330089,-238.0,48.62020919550605
7747,2024,F,2,56,1.1343874137665315,0.9396603797686175,-151.32312625410623,-180.91589933314413,-435.0,-147.2916351127874
7748,2024,F,2,56,1.1343874137665315,0.9396603797686175,-65.48340550028024,-91.23106396652292,-348.0,-55.72138120761997
1466,2024,F,4,56,1.1343874137665315,0.9396603797686175,63.018852664711176,45.519208915864965,-187.0,79.81577560644678
7753,2024,F,3,56,1.1343874137665315,0.9396603797686175,-49.21001560046284,-76.29388620487339,-357.0,-37.082226638273596
7754,2024,F,2,56,1.1343874137665315,0.9396603797686175,-12.105857141049,-37.576745248323505,-320.0,2.5293470218221046
7755,2024,F,3,56,1.1343874137665315,0.9396603797686175,12.495186684039936,-12.192369904048064,-299.0,28.97012548035491
7756,2024,F,2,56,1.1343874137665315,0.9396603797686175,14.841032799342429,-10.420092170048292,-305.0,31.8930021523488
1492,2024,F,2,56,1.1343874137665315,0.9396603797686175,-122.39908881266183,-155.1771895828706,-461.0,-113.6607032072684
7757,2024,F,2,21,1.1343874137665315,1.1534732851171412,87.38018480801475,113.63551874314635,113.0,137.5923186325681
2516,2024,F,4,56,1.1343874137665315,0.9396603797686175,30.89391613323596,10.866449578709762,-233.0,46.220750491901526
7751,2024,F,4,56,1.1343874137665315,0.9396603797686175,-58.93063592479325,-84.76075445213928,-346.0,-48.49823388742857
4555,2024,F,3,56,1.1343874137665315,0.9396603797686175,77.19836576628086,54.147208707142,-249.0,98.77455906941418
492,2023,F,2,14,0.9509006891936402,1.1914330550092207,12.171472990353323,56.807710680024,353.4000000000001,60.35967222342538
474,2023,F,4,42,0.9509006891936402,0.9280386033420953,55.713987023576465,29.965885910871293,25.40000000000009,25.40000000000009
1483,2023,F,2,21,1.1587163617342027,1.0340275137035797,-18.665499349116317,82.32141079629423,-184.57999999999993,115.96860204935001
3461,2024,F,2,28,1.0631110640274857,1.0713167280131728,70.15670710947916,119.49413413977709,78.26999999999998,95.30398919797426
19505,2024,F,3,21,1.0118296450699371,1.0097545119962215,-9.856318023121503,119.68712198726803,-12.599999999999909,137.618947446216
7115,2024,F,2,7,1.0115011840950996,1.0097545119962215,-1.518570209303789,-3.2676191673278936,-4.0,-4.0
11376,2024,F,3,35,0.9671816933759076,1.0097545119962215,15.074791383894535,84.87324963786659,80.59999999999991,80.59999999999991
21466,2024,F,2,7,1.0115011840950996,1.0097545119962215,-0.42672210866021487,-2.249992842854681,-3.0,-3.0
2245,2024,F,3,21,1.0118296450699371,1.0097545119962215,25.110407013960412,164.55998007681956,21.799999999999955,184.13302790481475
19512,2024,F,3,14,1.0118296450699371,1.0115011840950996,-32.174066945977756,112.06409000869303,-32.299999999999955,132.38189808350194
19520,2024,F,2,14,1.0118296450699371,1.0115011840950996,62.43969085487265,216.2261976196121,61.200000000000045,238.5940704857478
4791,2024,F,3,21,1.0118296450699371,1.0097545119962215,45.849761583956706,195.8795246176635,42.09999999999991,217.07995391320833
20763,2024,F,3,14,1.0187918432308114,1.0097545119962215,10.833165746136501,2.860956992234833,-3.400000000000091,-3.400000000000091
19513,2024,F,2,14,1.0118296450699371,1.0115011840950996,-61.70323376376564,84.94359056252483,-61.5,105.38940107550866
2249,2024,F,2,14,1.0118296450699371,1.0115011840950996,-12.307454731469306,143.50639660728984,-12.700000000000045,165.61839439865685
8183,2024,F,3,21,1.0118296450699371,1.0097545119962215,-84.86883235846926,69.15091936311887,-87.40000000000009,89.91794969291982
11377,2024,F,5,35,0.9671816933759076,1.0097545119962215,123.51150154061133,207.0372895977364,202.4000000000001,202.4000000000001
2775,2024,F,3,21,1.0118296450699371,1.0097545119962215,72.81780413797537,241.01445952746803,68.40000000000009,264.9438870814324
19526,2024,F,2,14,1.0118296450699371,1.0115011840950996,269.2269093756656,459.36988378419414,265.5,488.4251789957598
2064,2024,F,5,35,0.9671816933759076,1.0097545119962215,26.648220891323263,112.62738677016341,107.40000000000009,107.40000000000009
19524,2024,F,2,14,1.0118296450699371,1.0115011840950996,-17.913658077660557,154.80757962048347,-18.299999999999955,179.28782938307108
1671,2024,F,4,35,0.9671816933759076,1.0097545119962215,-75.85480454509798,-0.7883922627922857,-5.7999999999999545,-5.7999999999999545
7289,2023,F,2,29,0.9509006891936402,0.949813588027303,23.0876333194758,-3.8046551745353554,22.600000000000136,22.600000000000136
2380,2024,F,3,35,0.9997236357863521,1.015364772076599,-4.405031772626444,144.34346170176013,17.100000000000136,174.2820054211004
567,2024,F,2,14,0.93312099703225,0.9991563832669133,-13.950238400546596,79.3955133645427,83.79999999999995,83.79999999999995
63,2023,F,4,50,0.9525709672065122,1.002073933029497,-25.076214506005044,30.3560380714614,45.90000000000009,45.90000000000009
64,2023,F,4,50,0.9525709672065122,1.002073933029497,23.31679355139954,80.5337299647922,96.90000000000009,96.90000000000009
65,2023,F,4,50,0.9525709672065122,1.002073933029497,40.557894707974356,99.29123450283328,116.20000000000005,116.20000000000005
66,2023,F,4,50,0.9525709672065122,1.002073933029497,-39.065745783692364,19.312686710169146,35.59999999999991,35.59999999999991
67,2023,F,4,28,0.9525709672065122,1.0092414302750061,1.4143995266333604,71.46376504920795,89.19999999999982,89.19999999999982
68,2023,F,4,43,1.2157058487455255,1.002073933029497,9.765410005268222,-4.621521693531804,-253.79999999999995,15.235613217528226
69,2023,F,4,50,0.9525709672065122,1.002073933029497,-30.0304043731835,29.676988022804608,46.40000000000009,46.40000000000009
70,2023,F,4,50,0.9525709672065122,1.002073933029497,8.41804251408962,68.43713811673592,85.5,85.5
71,2023,F,4,50,0.9525709672065122,1.002073933029497,-27.007795460760235,34.69248424336524,52.0,52.0
72,2023,F,2,21,1.2157058487455255,1.0092414302750061,-14.572279652141788,-18.857681043627736,-274.79999999999995,2.179149766986029
74,2023,F,4,50,0.9525709672065122,1.002073933029497,108.55175230423379,174.73525719793156,194.20000000000005,194.20000000000005
75,2023,F,2,28,0.9525709672065122,1.0092414302750061,59.81329101381516,136.37431135350084,156.20000000000005,156.20000000000005
76,2023,F,2,21,1.2157058487455255,1.0092414302750061,26.16142124957082,21.13182934036695,-246.0999999999999,43.28412465244082
79,2023,F,3,35,1.0031173044395412,1.002073933029497,-20.68785358823129,-35.891996273565155,-22.40000000000009,-22.40000000000009
81,2023,F,4,50,0.9525709672065122,1.002073933029497,1.6442575280309484,68.14478719533281,87.0,87.0
82,2023,F,3,28,0.9525709672065122,1.0092414302750061,25.16790640866384,103.88961620437613,124.0,124.0
230,2023,F,2,50,0.9525709672065122,1.0389848586925226,-24.57506660378158,81.58270027574235,96.43000000000006,96.43000000000006
231,2023,F,3,50,0.9525709672065122,1.002073933029497,-21.970074213522366,34.064918157246666,49.80000000000018,49.80000000000018
232,2023,F,3,50,0.9525709672065122,1.002073933029497,33.53194036001537,90.29540601267536,106.59999999999991,106.59999999999991
233,2023,F,3,50,0.9525709672065122,1.0389848586925226,-57.950786526725096,54.852671326773816,70.26999999999998,70.26999999999998
234,2023,F,3,50,0.9525709672065122,1.002073933029497,13.813767200862458,72.48405591584424,89.19999999999982,89.19999999999982
235,2023,F,3,50,0.9525709672065122,1.0389848586925226,-18.578403012628314,94.81421750296249,110.75999999999999,110.75999999999999
236,2023,F,2,15,0.9525709672065122,1.0031173044395412,-33.97871005262709,39.59160306799845,44.200000000000045,44.200000000000045
237,2023,F,3,50,0.9525709672065122,1.002073933029497,14.428083188952769,74.25288057341572,91.29999999999995,91.29999999999995
238,2023,F,3,50,0.9525709672065122,1.002073933029497,-32.74874085870488,27.76599223006974,44.700000000000045,44.700000000000045
240,2023,F,3,50,0.9525709672065122,1.0389848586925226,27.535109844194494,141.9131938142782,158.51999999999998,158.51999999999998
241,2023,F,3,50,0.9525709672065122,1.002073933029497,4.3676824134308845e-05,61.3227880029483,78.69999999999982,78.69999999999982
242,2023,F,2,15,0.9525709672065122,1.0031173044395412,-24.45345535983438,51.309211054429625,56.19999999999982,56.19999999999982
246,2023,F,3,50,0.9525709672065122,1.0389848586925226,78.14268998090029,198.0097915634326,215.97000000000003,215.97000000000003
247,2023,F,3,50,0.9525709672065122,1.0389848586925226,18.95064745534296,142.38047195863805,160.17999999999984,160.17999999999984
250,2023,F,2,22,0.9525709672065122,1.1902534175119972,26.564113786165308,100.34530085608799,369.5999999999999,71.5541560415752
253,2023,F,3,50,0.9525709672065122,1.0389848586925226,54.95567976406073,181.66651616383842,200.33999999999992,200.33999999999992
254,2023,F,3,50,0.9525709672065122,1.002073933029497,28.93445388278292,97.09566746262453,116.59999999999991,116.59999999999991
255,2023,F,2,50,0.9525709672065122,1.0389848586925226,-1.8633749165426252,128.58543664417834,147.14999999999986,147.14999999999986
256,2023,F,4,50,0.9525709672065122,1.002073933029497,54.674872645344976,123.76425973756636,143.70000000000005,143.70000000000005
258,2023,F,3,50,0.9525709672065122,1.0389848586925226,-5.0600834532667704,128.48096340447023,147.45000000000005,147.45000000000005
262,2023,F,3,50,0.9525709672065122,1.002073933029497,39.44853533387732,113.46707759862079,134.70000000000005,134.70000000000005
264,2023,F,3,50,0.9525709672065122,1.002073933029497,106.41783285144402,180.35269209861917,202.0,202.0
265,2023,F,2,50,0.9525709672065122,1.0389848586925226,-211.99085773365573,-61.20039158970053,-42.1099999999999,-42.1099999999999
267,2023,F,2,50,0.9525709672065122,1.0389848586925226,-17.98921614826213,126.2961446011434,146.6500000000001,146.6500000000001
268,2023,F,4,50,0.9525709672065122,1.002073933029497,100.51958083659065,176.35321548463867,198.5,198.5
271,2023,F,3,50,0.9525709672065122,1.002073933029497,-56.85505040297835,21.709000723522877,43.59999999999991,43.59999999999991
273,2023,F,2,50,0.9525709672065122,1.0389848586925226,-0.44038759563613894,148.5041988906287,169.72000000000003,169.72000000000003
274,2023,F,3,50,0.9525709672065122,1.002073933029497,138.28238528426027,217.69265677720455,241.0999999999999,241.0999999999999
275,2023,F,4,50,0.9525709672065122,1.002073933029497,-60.14983390338398,21.777492893053022,44.59999999999991,44.59999999999991
276,2023,F,2,50,0.9525709672065122,1.0389848586925226,21.993860426927768,181.58417437095727,204.56999999999994,204.56999999999994
278,2023,F,2,22,0.9525709672065122,1.1902534175119972,284.61977187268553,375.84144233251004,681.5000000000002,347.6973600120982
282,2023,F,4,50,0.9705789061342744,1.002073933029497,-15.98204729052577,8.75544739294287,29.200000000000045,29.200000000000045
283,2023,F,4,50,0.9705789061342744,1.002073933029497,-88.94194604538052,-63.16450344582813,-42.600000000000136,-42.600000000000136
284,2023,F,5,50,0.9705789061342744,1.002073933029497,-45.130422038688494,-19.549222347365003,1.2999999999999545,1.2999999999999545
285,2023,F,5,50,0.9705789061342744,1.002073933029497,-33.766619753252826,-8.22909371107312,12.700000000000045,12.700000000000045
286,2023,F,2,21,0.9705789061342744,1.015011615168374,-3.8538601041909715,71.4454229781943,63.59999999999991,63.59999999999991
287,2023,F,3,50,0.9705789061342744,1.002073933029497,-4.324055675562022,22.171552466946878,44.19999999999982,44.19999999999982
289,2023,F,2,8,0.9705789061342744,0.9336714912090824,-63.82048908101433,-145.74213355742836,-130.70000000000005,-130.70000000000005
290,2023,F,2,21,0.9705789061342744,1.015011615168374,3.9345181346636764,81.18735318673703,73.30000000000018,73.30000000000018
291,2023,F,4,21,0.9705789061342744,1.015011615168374,16.392501375813936,93.18460394129352,85.59999999999991,85.59999999999991
293,2023,F,2,50,0.9705789061342744,1.002073933029497,-31.343766489488644,-3.6500972766382347,19.100000000000136,19.100000000000136
294,2023,F,5,50,0.9705789061342744,1.002073933029497,16.45799896482663,44.15669280217412,67.40000000000009,67.40000000000009
295,2023,F,2,50,0.9705789061342744,1.002073933029497,16.303096640278227,44.14171261948536,67.5,67.5
297,2023,F,3,50,0.9705789061342744,1.002073933029497,23.451889401610515,51.27854363826464,74.69999999999982,74.69999999999982
298,2023,F,3,50,0.9705789061342744,1.002073933029497,-61.19798510898545,-31.34420428312751,-7.099999999999909,-7.099999999999909
299,2023,F,2,8,0.9705789061342744,0.9336714912090824,27.396831319147395,-57.13027103142258,-39.600000000000136,-39.600000000000136
300,2023,F,2,8,0.9705789061342744,0.9336714912090824,25.522192960142775,-60.361796588069865,-42.59999999999991,-42.59999999999991
301,2023,F,2,50,0.9705789061342744,1.002073933029497,2.0857556881348955,32.74084308129136,58.299999999999955,58.299999999999955
302,2023,F,2,50,0.9705789061342744,1.002073933029497,-9.790838842930498,21.135975872819472,46.80000000000018,46.80000000000018
303,2023,F,3,50,0.9705789061342744,1.002073933029497,62.16348120732346,92.98640962556055,119.29999999999995,119.29999999999995
304,2023,F,3,50,0.9705789061342744,1.002073933029497,97.94519443125932,129.28759625442285,156.39999999999986,156.39999999999986
305,2023,F,2,50,0.9705789061342744,1.002073933029497,23.292105844966272,55.29831687157548,82.20000000000005,82.20000000000005
306,2023,F,2,50,0.9705789061342744,1.002073933029497,62.95161038134597,94.75857570675885,121.90000000000009,121.90000000000009
307,2023,F,2,50,0.9705789061342744,1.002073933029497,-86.79660593829703,-53.909387990626556,-27.40000000000009,-27.40000000000009
309,2023,F,3,50,0.9705789061342744,1.002073933029497,-23.475292532782305,9.31967232028751,36.40000000000009,36.40000000000009
355,2023,F,4,49,1.1151646233489063,0.9280386033420953,-11.976968296297628,4.291183475385878,-258.70000000000005,6.592357638057592
356,2023,F,4,49,1.1151646233489063,0.9280386033420953,-23.659814203731457,-7.048312087399836,-285.0,-4.908724954733316
357,2023,F,4,49,1.1151646233489063,0.9280386033420953,8.553753427607944,26.912083319434714,-251.70000000000005,29.91469301365578
358,2023,F,4,49,1.1151646233489063,0.9280386033420953,-20.58380971934912,-2.845353730935585,-295.79999999999995,-0.4745452708416451
359,2023,F,3,49,1.1151646233489063,0.9280386033420953,0.7426709647659209,20.2519951040681,-282.70000000000005,23.28938050788247
360,2023,F,3,49,1.1151646233489063,0.9280386033420953,-235.40823270101419,-227.6753621212174,-541.8,-230.8051033102672
361,2023,F,3,21,1.1151646233489063,0.8913529987535038,47.99181661597936,23.426930029874256,-335.0999999999999,2.010633290690066
384,2023,F,3,42,1.1922798821461624,1.0082651729588337,-35.02060516978486,-43.31463961760164,-252.5,7.177474268851711
385,2023,F,2,42,1.1922798821461624,1.0082651729588337,-77.14294242914139,-85.56290269299484,-307.5999999999999,-32.03545263223259
386,2023,F,3,42,1.1922798821461624,1.0082651729588337,38.412893597491575,28.513509040688405,-202.5,84.40312967534965
387,2023,F,2,42,1.1922798821461624,1.0082651729588337,-128.39410751236983,-136.85866750724608,-371.9000000000001,-80.27427462264404
388,2023,F,2,42,1.1922798821461624,1.0082651729588337,-0.6017178868239625,-11.234452818221598,-269.0999999999999,51.07893072773618
391,2023,F,2,42,1.1922798821461624,1.0082651729588337,0.6611046352732046,-11.681556104037554,-310.70000000000005,60.5787220102759
404,2023,F,4,43,0.9607681151926715,1.002073933029497,-1.8065186823448585,51.71422429707991,57.200000000000045,57.200000000000045
406,2023,F,3,43,0.9607681151926715,1.002073933029497,11.613311098612712,70.31113345810354,76.39999999999986,76.39999999999986
407,2023,F,3,22,0.9607681151926715,1.0131762663265382,-125.92540439721324,-45.47242751701697,-40.61999999999989,-40.61999999999989
408,2023,F,4,43,0.9607681151926715,1.002073933029497,-3.1122294341639645,57.49369095814859,63.700000000000045,63.700000000000045
409,2023,F,3,43,0.9607681151926715,1.002073933029497,-119.90889739376416,-52.30264199096746,-46.0,-46.0
411,2023,F,2,8,0.9607681151926715,1.0031173044395412,33.8348116096015,118.33334934368236,111.59999999999991,111.59999999999991
412,2023,F,3,22,0.9607681151926715,1.0131762663265382,51.96434537251139,140.7764702480788,147.3499999999999,147.3499999999999
413,2023,F,2,8,0.9607681151926715,1.0031173044395412,-86.72723021261027,1.407717253222927,-7.0,-7.0
442,2023,F,2,43,0.9976648293947812,1.002073933029497,-60.46506981085486,-63.943056314055184,-54.0,-54.0
443,2023,F,2,43,0.9976648293947812,1.002073933029497,4.086689541941951,0.12542768633829837,10.5,10.5
445,2023,F,3,43,0.9976648293947812,1.002073933029497,-61.23878881076871,-65.0007930148663,-54.299999999999955,-54.299999999999955
448,2023,F,3,43,0.9976648293947812,1.002073933029497,56.91687139329065,52.30759726686233,63.700000000000045,63.700000000000045
449,2023,F,2,8,0.9976648293947812,1.0031173044395412,15.761833749511652,26.376486568370183,25.0,25.0
476,2023,F,4,42,0.9509006891936402,0.9280386033420953,23.897072954340956,-4.402182139773231,-10.0,-10.0
477,2023,F,2,29,0.9509006891936402,0.949813588027303,-17.600914847281956,-45.87934263026659,-20.200000000000045,-20.200000000000045
479,2023,F,2,42,0.9509006891936402,0.9280386033420953,72.89360674225031,46.033720230547715,41.5,41.5
480,2023,F,4,42,0.9509006891936402,0.9280386033420953,-32.831334665107306,-65.83039626223217,-73.29999999999995,-73.29999999999995
482,2023,F,2,42,0.9509006891936402,0.9280386033420953,28.391434868293572,-2.025328033080541,-8.0,-8.0
483,2023,F,4,42,0.9509006891936402,0.9280386033420953,82.15467175452318,54.0520779515557,49.40000000000009,49.40000000000009
486,2023,F,2,29,0.9509006891936402,0.949813588027303,-162.177917215329,-200.64347107381468,-172.5999999999999,-172.5999999999999
489,2023,F,3,42,0.9509006891936402,0.9280386033420953,-27.98540249542748,-63.14906623716638,-71.0,-71.0
490,2023,F,4,42,0.9509006891936402,0.9280386033420953,-80.19053790046928,-118.06665294783534,-127.29999999999995,-127.29999999999995
493,2023,F,2,14,0.9509006891936402,1.1914330550092207,-43.692317138622,1.207981940877744,309.5,3.68472440279038
495,2023,F,2,14,0.9509006891936402,1.1914330550092207,65.97413144953885,113.54327163547964,420.1999999999998,118.36737423443628
497,2023,F,4,42,0.9509006891936402,0.9280386033420953,111.88996475860245,80.07378520875886,75.09999999999991,75.09999999999991
498,2023,F,3,42,0.9509006891936402,0.9280386033420953,64.59258981584935,29.66431281145333,23.299999999999955,23.299999999999955
500,2023,F,2,14,0.9509006891936402,1.1914330550092207,-12.588231125911307,38.13883246683736,379.89999999999986,41.65768478993505
503,2023,F,2,14,0.9509006891936402,1.1914330550092207,-54.655745828157706,6.117691504864979,422.5999999999999,9.557862542026669
481,2023,F,4,42,0.9509006891936402,0.9280386033420953,32.86016224111745,2.824854682357909,-3.0,-3.0
487,2023,F,2,14,0.9509006891936402,1.1914330550092207,28.703906663731914,71.48224856256729,352.70000000000005,75.22029861482906
575,2024,F,3,28,0.93312099703225,1.015364772076599,20.796458130706924,110.60305273132985,144.20000000000005,144.20000000000005
567,2023,F,2,21,0.9530129327851723,1.0340275137035797,-79.41473585551807,21.680856413937818,38.23000000000002,38.23000000000002
568,2023,F,3,35,0.9530129327851723,1.0082651729588337,-25.08942152654504,32.168889623600535,55.600000000000136,55.600000000000136
569,2023,F,3,35,0.9530129327851723,1.0082651729588337,-78.5510196425846,-20.270096427963608,3.300000000000182,3.300000000000182
570,2023,F,4,35,0.9530129327851723,1.0082651729588337,13.415081212026507,71.73075968763101,95.80000000000018,95.80000000000018
571,2023,F,2,28,0.9530129327851723,0.9630099584820497,-3.614696542385218,6.154352500808955,11.900000000000091,11.900000000000091
572,2023,F,3,35,0.9530129327851723,1.0082651729588337,9.794969268341902,68.35095263643097,92.5,92.5
573,2023,F,3,28,0.9530129327851723,0.9630099584820497,8.35794727161101,18.460842747569814,24.40000000000009,24.40000000000009
574,2023,F,3,35,0.9530129327851723,1.0082651729588337,-11.664538527713148,47.36797913431292,71.60000000000014,71.60000000000014
575,2023,F,3,28,0.9530129327851723,0.9630099584820497,24.679460986479626,35.2749824511784,41.5,41.5
576,2023,F,2,14,0.9530129327851723,0.9830400911395392,-52.09659490194167,-14.48990874610513,-5.800000000000182,-5.800000000000182
577,2023,F,4,35,0.9530129327851723,1.0082651729588337,-3.7284186868296274,56.59492826819178,81.40000000000009,81.40000000000009
578,2023,F,2,35,0.9530129327851723,1.0082651729588337,-54.38753216150212,6.450282938746568,31.200000000000045,31.200000000000045
579,2023,F,2,21,0.9530129327851723,1.0340275137035797,-62.805725859261656,43.7259789648258,61.430000000000064,61.430000000000064
580,2023,F,4,35,0.9530129327851723,1.0082651729588337,-19.95599803153391,40.801722555421065,65.69999999999982,65.69999999999982
581,2023,F,4,35,0.9530129327851723,1.0082651729588337,32.69884680980181,93.57527650501447,118.79999999999995,118.79999999999995
582,2023,F,3,35,0.9530129327851723,1.0082651729588337,0.4246833120676001,61.68673167672182,86.89999999999986,86.89999999999986
583,2023,F,2,35,0.9530129327851723,1.0082651729588337,46.93882384548988,108.01712733297677,133.39999999999986,133.39999999999986
584,2023,F,2,35,0.9530129327851723,1.0082651729588337,8.916141092822954,70.64844281531236,96.09999999999991,96.09999999999991
586,2023,F,4,35,0.9530129327851723,1.0082651729588337,24.15333285343513,86.08575707706336,111.70000000000005,111.70000000000005
587,2023,F,2,35,0.9530129327851723,1.0082651729588337,-20.257316802943024,42.273594153112526,67.90000000000009,67.90000000000009
588,2023,F,2,14,0.9530129327851723,1.009006397884893,-62.105865126206254,20.882441482005788,27.75999999999999,27.75999999999999
589,2023,F,2,14,0.9530129327851723,1.009006397884893,-1.7325216232841285,79.93137428287878,87.59999999999991,87.59999999999991
590,2023,F,4,35,0.9530129327851723,1.0082651729588337,-7.062873739268298,55.49353896806133,81.19999999999982,81.19999999999982
591,2023,F,4,35,0.9530129327851723,1.0082651729588337,-9.3805464361742,53.551269010674105,79.40000000000009,79.40000000000009
594,2023,F,2,35,0.9530129327851723,1.0082651729588337,16.400600333350212,79.53286256563752,105.60000000000014,105.60000000000014
598,2023,F,2,14,0.9530129327851723,1.009006397884893,16.918381919890635,99.97701895923137,108.05999999999995,108.05999999999995
599,2023,F,2,14,0.9530129327851723,1.009006397884893,-35.897447461568845,48.3648196338811,55.75999999999999,55.75999999999999
600,2023,F,2,35,0.9530129327851723,1.0082651729588337,34.76475133103372,98.42058389857698,124.79999999999995,124.79999999999995
601,2023,F,2,14,0.9530129327851723,1.009006397884893,-51.9791701978545,33.220454881175556,40.460000000000036,40.460000000000036
603,2023,F,2,35,0.9530129327851723,1.0082651729588337,-75.0422942813525,-9.837825147103786,16.59999999999991,16.59999999999991
604,2023,F,2,14,0.9530129327851723,1.009006397884893,-83.81525830268242,2.33393304770766,9.180000000000064,9.180000000000064
606,2023,F,2,35,0.9530129327851723,1.0082651729588337,40.62226144499368,104.99477095936345,131.69999999999982,131.69999999999982
607,2023,F,2,14,0.9530129327851723,1.009006397884893,156.10928706273262,237.593819445985,247.6400000000001,247.6400000000001
612,2023,F,2,21,0.9530129327851723,1.0340275137035797,-7.914661635616994,106.4576483314479,126.22000000000003,126.22000000000003
613,2023,F,3,35,0.9530129327851723,1.0082651729588337,7.560630030490529,73.87141596480251,101.20000000000005,101.20000000000005
615,2023,F,3,35,0.9530129327851723,1.0082651729588337,-37.95495857710853,28.891094741564075,56.200000000000045,56.200000000000045
616,2023,F,4,35,0.9530129327851723,1.0082651729588337,-10.738731900305083,56.06502016170725,83.5,83.5
617,2023,F,3,35,0.9530129327851723,1.0082651729588337,50.09970708221772,116.36561883806667,143.9000000000001,143.9000000000001
618,2023,F,2,28,0.9530129327851723,0.9630099584820497,-50.01120077717587,-39.93636646656819,-34.0,-34.0
620,2023,F,3,35,0.9530129327851723,1.0082651729588337,46.97538696285983,113.90780451867818,141.69999999999982,141.69999999999982
621,2023,F,4,35,0.9530129327851723,1.0082651729588337,50.26947540543597,117.47715874164078,145.4000000000001,145.4000000000001
622,2023,F,3,28,0.9530129327851723,0.9630099584820497,-44.51638640266333,-34.18559447309508,-28.100000000000136,-28.100000000000136
623,2023,F,2,14,0.9530129327851723,1.009006397884893,20.222303538127107,108.66004413791211,117.29999999999995,117.29999999999995
624,2023,F,3,35,0.9530129327851723,1.0082651729588337,78.64448550456632,146.04727527049272,174.20000000000005,174.20000000000005
625,2023,F,2,21,0.9530129327851723,1.0340275137035797,25.235523496668065,142.17165730575812,162.80000000000018,162.80000000000018
626,2023,F,3,35,0.9530129327851723,1.0082651729588337,67.92780549796407,135.9492001019969,164.29999999999995,164.29999999999995
627,2023,F,4,35,0.9530129327851723,1.0082651729588337,67.05485538730431,135.4145729776401,163.89999999999986,163.89999999999986
630,2023,F,2,14,0.9530129327851723,1.009006397884893,62.07056057224713,152.54344289223718,162.01,162.01
632,2023,F,4,35,0.9530129327851723,1.0082651729588337,-91.78991508128843,-20.396468184800142,8.5,8.5
634,2023,F,2,14,0.9530129327851723,1.009006397884893,7.494472335438559,100.03640140423863,108.86999999999989,108.86999999999989
635,2023,F,3,35,0.9530129327851723,1.0082651729588337,-138.7033500811972,-66.06248840104217,-36.90000000000009,-36.90000000000009
636,2023,F,2,21,0.9530129327851723,1.0340275137035797,-22.025677359380552,101.59976988277663,122.78999999999996,122.78999999999996
638,2023,F,3,35,0.9530129327851723,1.0082651729588337,23.96413444164523,96.79977787744019,126.90000000000009,126.90000000000009
639,2023,F,2,35,0.9530129327851723,1.0082651729588337,-12.372123637078403,61.1208368289017,91.29999999999995,91.29999999999995
642,2023,F,3,35,0.9530129327851723,1.0082651729588337,52.189892924138576,125.8936996976795,156.5,156.5
643,2023,F,4,35,0.9530129327851723,1.0082651729588337,25.828562348706328,100.02850272544947,130.69999999999982,130.69999999999982
644,2023,F,2,14,0.9530129327851723,1.009006397884893,77.00173038515436,172.70417391543515,182.8900000000001,182.8900000000001
645,2023,F,2,14,0.9530129327851723,1.009006397884893,-26.149989897050546,71.92538897518466,80.76999999999998,80.76999999999998
646,2023,F,4,35,0.9530129327851723,1.0082651729588337,92.72070982393166,166.5346855045484,197.39999999999986,197.39999999999986
647,2023,F,4,35,0.9530129327851723,1.0082651729588337,154.46517969305,227.9461941931295,259.0,259.0
648,2023,F,3,35,0.9530129327851723,1.0082651729588337,-33.551429197736525,41.84794934096999,72.70000000000005,72.70000000000005
649,2023,F,2,21,0.9530129327851723,1.0340275137035797,0.797990974822369,131.16014536820626,153.80999999999995,153.80999999999995
650,2023,F,2,21,0.9530129327851723,1.0340275137035797,55.24967126280694,183.64979489950179,206.64999999999986,206.64999999999986
652,2023,F,4,35,0.9530129327851723,1.0082651729588337,63.444911789549906,139.12221522041932,170.60000000000014,170.60000000000014
655,2023,F,3,35,0.9530129327851723,1.0082651729588337,-37.42869340477591,40.23610648237536,72.0,72.0
658,2023,F,3,35,0.9530129327851723,1.0082651729588337,-110.50469205182821,-30.104379405657028,2.3999999999998636,2.3999999999998636
661,2023,F,3,35,0.9530129327851723,1.0082651729588337,-79.05702587982614,5.371931178427985,39.70000000000027,39.70000000000027
665,2023,F,2,28,0.9530129327851723,0.9630099584820497,-115.17847001607561,-98.39610978076053,-88.5,-88.5
809,2023,F,4,35,0.9323386525953057,0.9412786834472521,14.20844622955451,16.47591284566397,29.180000000000064,29.180000000000064
810,2023,F,4,35,0.9323386525953057,0.9412786834472521,-38.422572767376096,-39.380337039442566,-26.25,-26.25
831,2023,F,4,35,0.9323386525953057,0.9412786834472521,100.87724332491302,108.80281550200925,123.99000000000001,123.99000000000001
825,2023,F,4,35,0.9323386525953057,0.9412786834472521,28.995430514833743,32.333779361529196,46.430000000000064,46.430000000000064
833,2023,F,3,28,0.9323386525953057,0.9399418021383348,-0.6488966070635342,0.9779271270688241,13.200000000000045,13.200000000000045
819,2023,F,4,35,0.9323386525953057,0.9412786834472521,35.92621788291581,39.63825496564118,53.210000000000036,53.210000000000036
817,2023,F,4,35,0.9323386525953057,0.9412786834472521,-23.926590341136944,-23.93776541552961,-10.389999999999873,-10.389999999999873
829,2023,F,5,35,0.9323386525953057,0.9412786834472521,17.452017035701374,20.11612673946115,34.61000000000013,34.61000000000013
821,2023,F,4,28,0.9323386525953057,0.9399418021383348,-44.88214169196908,-46.10501673697422,-34.700000000000045,-34.700000000000045
807,2023,F,4,35,0.9323386525953057,0.9412786834472521,18.370695192625362,20.880097615543264,33.430000000000064,33.430000000000064
813,2023,F,4,35,0.9323386525953057,0.9412786834472521,-57.07767691963977,-59.173006070539486,-45.840000000000146,-45.840000000000146
823,2023,F,4,35,0.9323386525953057,0.9412786834472521,45.7228043899604,50.0825763040541,64.00999999999999,64.00999999999999
811,2023,F,4,35,0.9323386525953057,0.9412786834472521,-19.147867339632057,-18.90676736209639,-5.769999999999982,-5.769999999999982
815,2023,F,2,35,0.9323386525953057,0.9412786834472521,-2.735458447020619,-1.4360631492286302,12.049999999999955,12.049999999999955
843,2023,F,4,35,0.9323386525953057,0.9412786834472521,49.13143273290075,53.817017313991755,68.78999999999996,68.78999999999996
835,2023,F,4,35,0.9323386525953057,0.9412786834472521,-73.52253456272342,-76.48024675243028,-61.680000000000064,-61.680000000000064
841,2023,F,4,35,0.9323386525953057,0.9412786834472521,-49.282511404507204,-50.72130285203366,-35.809999999999945,-35.809999999999945
847,2023,F,3,35,0.9323386525953057,0.9412786834472521,-34.67070584360681,-35.114738570019654,-19.410000000000082,-19.410000000000082
849,2023,F,3,35,0.9323386525953057,0.9412786834472521,87.47128275679188,94.65186776965038,110.65000000000009,110.65000000000009
839,2023,F,4,35,0.9323386525953057,0.9412786834472521,-48.58932597951366,-49.99350421828353,-35.16000000000008,-35.16000000000008
861,2023,F,3,35,0.9323386525953057,0.9412786834472521,67.27533498525236,73.48457921421732,92.09000000000015,92.09000000000015
859,2023,F,3,35,0.9323386525953057,0.9412786834472521,-3.7289436283947452,-1.9366380258225036,16.639999999999873,16.639999999999873
853,2023,F,3,35,0.9323386525953057,0.9412786834472521,166.607966455648,178.77017586100828,195.33999999999992,195.33999999999992
845,2023,F,4,28,0.9323386525953057,0.9399418021383348,11.789985487028616,14.2937884427688,27.299999999999955,27.299999999999955
855,2023,F,4,35,0.9323386525953057,0.9412786834472521,164.1693998547064,176.22326879648722,193.19000000000005,193.19000000000005
851,2023,F,3,35,0.9323386525953057,0.9412786834472521,13.662541912022789,16.306759770584904,32.77999999999997,32.77999999999997
970,2023,F,2,42,0.9336714912090824,1.002073933029497,-180.2866132843119,-68.71714182203232,-62.299999999999955,-62.299999999999955
992,2023,F,3,35,0.997282975023355,1.0082651729588337,-33.75949836988002,-27.757103354653054,-17.700000000000045,-17.700000000000045
990,2023,F,4,35,0.997282975023355,1.0082651729588337,20.57804750909486,25.920807255512955,35.799999999999955,35.799999999999955
994,2023,F,3,35,0.997282975023355,1.0082651729588337,22.894022152470825,28.359726212987425,38.5,38.5
996,2023,F,4,35,0.997282975023355,1.0082651729588337,8.276163880444301,13.916638568910457,24.09999999999991,24.09999999999991
976,2023,F,2,42,0.9336714912090824,1.002073933029497,129.35898088137878,240.5352706156532,248.5,248.5
978,2023,F,2,42,0.9336714912090824,1.002073933029497,-29.211377198399305,91.41959077989395,99.20000000000005,99.20000000000005
1034,2023,F,4,35,0.997282975023355,0.9412786834472521,29.773087621037803,-76.08096595657503,-63.15000000000009,-63.15000000000009
1072,2023,F,4,35,0.997282975023355,0.9412786834472521,65.14289033184991,-44.39393618712438,-30.75,-30.75
1010,2023,F,3,35,0.997282975023355,0.9412786834472521,17.187389971607217,-84.17558226630968,-71.88000000000011,-71.88000000000011
1066,2023,F,4,35,0.997282975023355,0.9412786834472521,-5.998444331882638,-118.53929963248083,-105.07999999999993,-105.07999999999993
1044,2023,F,4,35,0.997282975023355,0.9412786834472521,57.90223831610729,-47.01396404383195,-33.98000000000002,-33.98000000000002
1026,2023,F,2,14,0.997282975023355,0.9906583121325101,8.267645092170824,-2.5572174709727733,-2.2000000000000455,-2.2000000000000455
1029,2023,F,3,35,0.997282975023355,1.0082651729588337,33.252056746541484,39.13245539807508,50.200000000000045,50.200000000000045
1049,2023,F,2,35,0.997282975023355,1.0082651729588337,-29.712640828137182,-23.105963560768487,-11.900000000000091,-11.900000000000091
1078,2023,F,2,21,0.997282975023355,0.9988034131468042,-0.5901788598171152,-4.10159704054081,2.0,2.0
1058,2023,F,2,35,0.997282975023355,1.0082651729588337,-70.95570839245943,-63.845709653447784,-52.5,-52.5
1014,2023,F,3,35,0.997282975023355,1.0082651729588337,-93.59763569106235,-86.68319059758846,-76.09999999999991,-76.09999999999991
1100,2023,F,3,35,0.997282975023355,1.0082651729588337,10.535958413133358,17.291702854892037,29.5,29.5
1084,2023,F,2,35,0.997282975023355,1.0082651729588337,-19.87369449023481,-12.91401125117909,-0.900000000000091,-0.900000000000091
1098,2023,F,2,21,0.997282975023355,0.9988034131468042,80.24447788951898,76.35387647094399,83.0,83.0
1022,2023,F,5,35,0.997282975023355,1.0082651729588337,14.268746891414594,20.232289152204658,31.09999999999991,31.09999999999991
1038,2023,F,2,21,0.997282975023355,0.9606550627463425,-532.4864004646047,-609.7266547579757,-615.3000000000002,-615.3000000000002
1062,2023,F,3,35,0.997282975023355,1.0082651729588337,19.15223821213044,25.449431451899727,37.0,37.0
1024,2023,F,4,35,0.997282975023355,1.0082651729588337,-31.535465082969267,-25.052517856471695,-14.099999999999909,-14.099999999999909
1050,2023,F,3,35,0.997282975023355,1.0082651729588337,-0.07864020520673876,6.2844584643714825,17.59999999999991,17.59999999999991
1032,2023,F,4,35,0.997282975023355,1.0082651729588337,45.173536919203116,50.9676167415912,62.09999999999991,62.09999999999991
1094,2023,F,3,35,0.997282975023355,1.0082651729588337,-10.359081798862007,-3.431389146832771,8.700000000000045,8.700000000000045
1020,2023,F,2,35,0.997282975023355,1.0082651729588337,-23.352512993761593,-17.06133420760193,-6.2999999999999545,-6.2999999999999545
1074,2023,F,4,35,0.997282975023355,1.0082651729588337,-47.95732876961506,-40.890384758404025,-29.200000000000045,-29.200000000000045
1082,2023,F,2,7,0.997282975023355,1.0247066875827706,-2.088915530032409,37.71810609195336,44.09999999999991,44.09999999999991
1016,2023,F,3,35,0.997282975023355,1.0082651729588337,-166.4602743663031,-158.8270234693564,-148.29999999999995,-148.29999999999995
1104,2023,F,2,35,0.997282975023355,1.0082651729588337,13.733433844548244,20.5409891034019,32.90000000000009,32.90000000000009
998,2023,F,2,35,0.997282975023355,1.0082651729588337,-2.7358909006777594,3.0175055517015608,13.200000000000045,13.200000000000045
1060,2023,F,4,35,0.997282975023355,1.0082651729588337,70.02371391893303,75.81587014520755,87.40000000000009,87.40000000000009
1042,2023,F,3,35,0.997282975023355,1.0082651729588337,-73.04806560537281,-66.07098526144773,-55.0,-55.0
1090,2023,F,2,7,0.997282975023355,1.0247066875827706,-28.00824355775535,12.79703448258465,19.09999999999991,19.09999999999991
1080,2023,F,3,35,0.997282975023355,1.0082651729588337,-9.257937052113448,-2.481876149411846,9.400000000000091,9.400000000000091
1054,2023,F,3,35,0.997282975023355,1.0082651729588337,-26.201703646899205,-19.55012685868519,-8.200000000000045,-8.200000000000045
1046,2023,F,3,35,0.997282975023355,1.0082651729588337,145.6117038155919,150.5140035304048,161.9000000000001,161.9000000000001
1036,2023,F,4,35,0.997282975023355,1.0082651729588337,-57.566697469425435,-50.7569472538853,-39.700000000000045,-39.700000000000045
1070,2023,F,4,35,0.997282975023355,1.0082651729588337,47.46649864815595,53.57190795083011,65.29999999999995,65.29999999999995
1096,2023,F,4,35,0.997282975023355,1.0082651729588337,-20.777159674144514,-13.738293112852489,-1.599999999999909,-1.599999999999909
1012,2023,F,2,7,0.997282975023355,1.0247066875827706,-113.37886332706694,-75.19305115207158,-70.09999999999991,-70.09999999999991
1086,2023,F,2,21,0.997282975023355,0.9988034131468042,-139.46490511655588,-142.5402151210351,-137.0,-137.0
1056,2023,F,3,35,0.997282975023355,1.0082651729588337,-66.8677367109467,-59.816347650128364,-48.5,-48.5
1004,2023,F,3,35,0.997282975023355,1.0082651729588337,-82.54761232582814,-75.86797490373556,-65.5,-65.5
1018,2023,F,3,35,0.997282975023355,1.0082651729588337,15.307971922303523,21.214556080798957,32.0,32.0
1000,2023,F,2,21,0.997282975023355,0.9988034131468042,32.69874840869238,29.515330225010302,35.0,35.0
1148,2023,F,3,21,0.997282975023355,1.1316969362706963,51.82965963739889,-98.43937602467531,291.29999999999995,-95.14761235266496
1158,2023,F,2,35,0.997282975023355,1.0082651729588337,177.4243192102242,184.34375860025398,199.9000000000001,199.9000000000001
1153,2023,F,3,35,0.997282975023355,1.0082651729588337,145.33963261549093,152.1771457283162,167.0,167.0
1122,2023,F,2,35,0.997282975023355,1.0082651729588337,144.07105054896715,150.07784405291295,163.4000000000001,163.4000000000001
1110,2023,F,3,21,0.997282975023355,0.9988034131468042,44.22673749129581,40.38112458744331,47.0,47.0
1156,2023,F,2,35,0.997282975023355,1.0082651729588337,109.97137913927827,117.5344820795599,133.0,133.0
1142,2023,F,3,35,0.997282975023355,1.0082651729588337,158.54100795629802,164.93109863350355,179.20000000000005,179.20000000000005
1116,2023,F,3,35,0.997282975023355,1.0082651729588337,34.9318918257552,41.78020991732842,54.59999999999991,54.59999999999991
1161,2023,F,2,21,0.997282975023355,0.9988034131468042,375.1528756911,369.21660717699547,379.0,379.0
1130,2023,F,3,35,0.997282975023355,1.0082651729588337,97.9443813627006,104.51677812688831,118.0,118.0
1124,2023,F,3,21,0.997282975023355,0.9988034131468042,-31.828283967712423,-35.60271350039511,-29.0,-29.0
1136,2023,F,3,35,0.997282975023355,1.0082651729588337,-7.530199709404769,0.26820515420763513,14.0,14.0
1144,2023,F,3,35,0.997282975023355,1.0082651729588337,-23.188331530872574,-14.977862596060504,-0.7999999999999545,-0.7999999999999545
1128,2023,F,3,35,0.997282975023355,1.0082651729588337,75.36823695048179,82.11686336101388,95.5,95.5
1154,2023,F,3,35,0.997282975023355,1.0082651729588337,-9.470075272231497,-0.8887367042184451,14.199999999999818,14.199999999999818
1134,2023,F,2,35,0.997282975023355,1.0082651729588337,-71.29345217771584,-63.01595610015329,-49.59999999999991,-49.59999999999991
1138,2023,F,4,35,0.997282975023355,1.0082651729588337,53.532701187788234,60.869942464918495,74.90000000000009,74.90000000000009
1112,2023,F,3,35,0.997282975023355,1.0082651729588337,56.64055290229999,63.234676676628624,76.0,76.0
1163,2023,F,2,35,0.997282975023355,1.0082651729588337,172.76328650019013,179.91536893878674,195.80000000000018,195.80000000000018
7705,2025,F,6,57,1.1764564281453291,1.008443923314166,-85.77323551934978,-43.69882287167252,-281.0,-25.04401819678469
27050,2025,F,5,42,0.9490953852526809,1.008443923314166,-28.87882336640314,34.164489330720016,61.299999999999955,61.299999999999955
1497,2025,F,6,57,1.1764564281453291,1.008443923314166,-45.12271047832951,0.22243901254432785,-258.5,20.720750491901526
617,2024,F,3,28,0.93312099703225,1.015364772076599,-62.611722667088316,26.81494375908551,59.30000000000018,59.30000000000018
3586,2024,F,2,7,0.9231030899750604,0.9991563832669133,-34.68483024765305,91.23726777185539,81.70000000000005,81.70000000000005
583,2024,F,4,35,0.9997236357863521,1.015364772076599,-9.305641218164055,149.43012265824996,13.700000000000045,181.34047614179735
6458,2023,F,2,21,1.1587163617342027,1.0340275137035797,-73.11296544975676,25.560699728679765,-229.8800000000001,57.393102610529695
573,2024,F,3,28,0.93312099703225,1.015364772076599,-58.94956850899257,33.31740650012512,66.90000000000009,66.90000000000009
1497,2023,F,2,21,1.1587163617342027,1.0340275137035797,116.78335137721547,218.89664566971692,-64.20000000000005,255.50014222338518
1490,2023,F,3,42,1.1587163617342027,0.9280386033420953,-17.933250488388012,-64.75074890972655,-378.5,-64.02300509680617
1506,2023,F,2,14,1.1587163617342027,1.1914330550092207,110.35369849431163,151.27985868498968,137.29999999999995,167.18075529426187
1450,2023,F,4,42,1.1587163617342027,0.9280386033420953,-86.18499394940159,-128.6206745593588,-390.4000000000001,-129.89552740545128
5298,2023,F,2,21,1.1587163617342027,1.0340275137035797,-49.17103566938704,50.314852049570845,-209.6199999999999,82.87624993072154
1514,2023,F,3,42,1.1587163617342027,0.9280386033420953,-158.6615322335133,-229.0769649841477,-658.4000000000001,-231.62533771269
1492,2023,F,3,42,1.1587163617342027,0.9280386033420953,-47.32032310104273,-95.99234755267094,-412.9000000000001,-96.02906257505197
1452,2023,F,2,42,1.1587163617342027,0.9280386033420953,-4.07222404783397,-42.74701970261344,-305.4000000000001,-41.848691468672996
1510,2023,F,2,42,1.1587163617342027,0.9280386033420953,56.51525564127542,6.236836246071789,-355.20000000000005,9.114525583353725
1494,2023,F,3,42,1.1587163617342027,0.9280386033420953,104.13291317950029,63.154362295457304,-250.20000000000005,67.10619970163066
1448,2023,F,3,42,1.1587163617342027,0.9280386033420953,35.255516760128785,-0.8015081111811924,-258.29999999999995,1.1163169028423
1456,2023,F,3,28,1.1587163617342027,0.9630099584820497,-93.38349136200827,-96.42531753822277,-351.0,-78.96107707336182
1618,2023,F,2,7,0.9683979085871337,0.9672088273506065,32.63926991271887,44.16749891466111,31.699999999999818,31.699999999999818
1619,2023,F,2,7,0.9683979085871337,0.9672088273506065,28.809793192245706,40.565508232323054,27.700000000000045,27.700000000000045
1620,2023,F,2,14,0.9683979085871337,1.013862829276305,0.23284238554879266,45.678093542590204,80.09999999999991,80.09999999999991
1621,2023,F,3,35,0.9683979085871337,1.0389848586925226,42.200903736285,144.88576493897108,186.41999999999985,186.41999999999985
1667,2023,F,4,35,0.9683979085871337,1.0389848586925226,-18.77678997959174,53.57635230725805,81.76999999999998,81.76999999999998
1671,2023,F,4,35,0.9683979085871337,1.0389848586925226,8.957760526030825,93.6318148683622,127.30999999999995,127.30999999999995
1673,2023,F,2,14,0.9683979085871337,1.013862829276305,-61.43685517330596,-13.28078855764943,22.0,22.0
1674,2023,F,4,35,0.9683979085871337,1.0389848586925226,105.8024980011744,193.7052691082531,230.79999999999995,230.79999999999995
1675,2023,F,3,28,1.0247066875827706,1.0082651729588337,-49.150203146162994,-75.39089842953217,-70.90000000000009,-70.90000000000009
1676,2023,F,3,28,1.0247066875827706,1.0082651729588337,6.352194710560525,-21.56044144437533,-16.800000000000182,-16.800000000000182
1677,2023,F,2,28,1.0247066875827706,1.0082651729588337,33.519763451077324,2.882371859300065,8.099999999999909,8.099999999999909
1678,2023,F,3,28,1.0247066875827706,1.0082651729588337,-98.92402129858829,-128.83039796170578,-123.70000000000005,-123.70000000000005
1679,2023,F,3,28,1.0247066875827706,1.0082651729588337,-3.4193135379000523,-34.86619280424384,-29.5,-29.5
1680,2023,F,3,28,1.0247066875827706,1.0082651729588337,60.88120911257806,28.370507038598817,33.90000000000009,33.90000000000009
1681,2023,F,2,7,1.0247066875827706,0.9906583121325101,-67.77116388183208,-119.29152849855018,-125.89999999999986,-125.89999999999986
1682,2023,F,2,14,1.0247066875827706,0.9988034131468042,34.098196529561164,-9.850860140796613,-9.900000000000091,-9.900000000000091
1683,2023,F,2,7,1.0247066875827706,0.9906583121325101,94.33245497511439,41.46951522485051,36.0,36.0
1684,2023,F,2,28,1.0247066875827706,1.0082651729588337,-156.29555493667317,-188.9083934644973,-183.30000000000018,-183.30000000000018
1685,2023,F,2,28,1.0247066875827706,1.0082651729588337,-108.86638834755945,-143.1861983704507,-137.29999999999995,-137.29999999999995
1686,2023,F,2,28,1.0247066875827706,1.0082651729588337,27.617791507397442,-0.24610662857776333,4.5,4.5
1687,2023,F,3,28,1.0247066875827706,1.0082651729588337,68.52740564367014,37.41046411075763,42.700000000000045,42.700000000000045
1053,2023,F,4,35,0.997282975023355,1.0082651729588337,-94.10386531464701,-86.82393889987293,-75.59999999999991,-75.59999999999991
1690,2023,F,2,28,1.0247066875827706,1.0082651729588337,47.31557541241909,11.141681451903878,17.300000000000182,17.300000000000182
1008,2023,F,4,35,0.997282975023355,1.0082651729588337,53.850687915507706,59.2718782298291,69.90000000000009,69.90000000000009
1458,2025,F,3,43,1.1764564281453291,1.0875275213955329,10.320408736360378,8.319607082146376,-96.29000000000019,22.392281772269143
1707,2023,F,2,21,1.1287598916603367,1.152053977211589,17.70978680601297,40.09066368655135,43.309999999999945,52.735604601562045
1724,2023,F,4,28,1.1537676857003754,0.9412786834472521,-77.53993397321392,-98.31528418629546,-343.78999999999996,-91.77314180076246
1725,2023,F,2,28,1.1537676857003754,0.9412786834472521,-248.90370711520472,-280.99648403180163,-536.6800000000001,-274.21684716037953
1726,2023,F,3,28,1.1537676857003754,0.9412786834472521,-32.2400548868568,-51.047116748673716,-309.57000000000016,-44.14706367893791
1727,2023,F,2,28,1.1537676857003754,0.9412786834472521,-7.620006926891165,-25.006302784414174,-285.22,-18.056014572207232
1728,2023,F,3,28,1.1537676857003754,0.9412786834472521,25.871655060794637,10.364117896201606,-252.98000000000002,17.40492627524418
1729,2023,F,3,28,1.1537676857003754,0.9412786834472521,3.020034649176978,-14.006330380571399,-278.8599999999999,-6.9298926425324225
1730,2023,F,2,28,1.1537676857003754,0.9412786834472521,-57.8804934739353,-78.79035382493544,-345.1400000000001,-71.68647467414348
1731,2023,F,2,28,1.1537676857003754,0.9412786834472521,-48.57310958241601,-68.91384046083454,-335.40999999999985,-61.804132877304255
1732,2023,F,4,28,1.1537676857003754,0.9412786834472521,-130.27824211280313,-155.7038834795976,-422.28,-148.60884353580195
1733,2023,F,3,28,1.1537676857003754,0.9412786834472521,-3.451934073503935,-21.006123284388877,-287.7900000000002,-13.879449283626855
1734,2023,F,3,28,1.1537676857003754,0.9412786834472521,-6.217890805883826,-23.971632816166675,-291.18000000000006,-16.83418700694392
1735,2023,F,3,28,1.1537676857003754,0.9412786834472521,6.126379177012041,-10.894185004328847,-278.6300000000001,-3.740109161090686
1736,2023,F,3,28,1.1537676857003754,0.9412786834472521,26.62724973106515,10.8388098666328,-257.54999999999995,18.014547367767364
1737,2023,F,2,7,1.1537676857003754,0.9516705528738274,-13.759065556919495,-10.090705284084834,-284.9200000000001,-7.744982208507054
1738,2023,F,3,28,1.1537676857003754,0.9412786834472521,-67.42585383326946,-89.19104584281922,-359.56999999999994,-81.98148304565825
1739,2023,F,3,28,1.1537676857003754,0.9412786834472521,39.9542211692883,24.701063121996867,-248.20000000000005,32.00009061443734
1740,2023,F,3,28,1.1537676857003754,0.9412786834472521,59.86795353548359,45.83382965199371,-227.3599999999999,53.14477420811522
1741,2023,F,4,28,1.1537676857003754,0.9412786834472521,-104.29549011897961,-128.7281251832378,-404.8799999999999,-121.37191608277453
1742,2023,F,2,28,1.1537676857003754,0.9412786834472521,-35.41644063985859,-55.58516699423126,-332.02,-48.207232489096896
1743,2023,F,2,28,1.1537676857003754,0.9412786834472521,-62.808951577166,-84.70172763495634,-361.46000000000004,-77.32078578158507
1744,2023,F,3,28,1.1537676857003754,0.9412786834472521,-21.03293862207738,-40.41469616828772,-318.5,-32.98970961003465
1745,2023,F,2,7,1.1537676857003754,0.9516705528738274,-5.155290346452375,-0.9452988101115807,-284.30999999999995,1.50497398364314
1746,2023,F,3,28,1.1537676857003754,0.9412786834472521,-73.99782505698431,-96.82884592713981,-377.31999999999994,-89.35047774677787
1747,2023,F,2,21,1.1537676857003754,0.9399418021383348,-32.25346860805848,-52.44215107156015,-335.5999999999999,-47.36932038076816
1749,2023,F,2,21,1.1537676857003754,0.9399418021383348,-54.089072747278806,-75.69923731693643,-359.9000000000001,-70.6464540305642
1750,2023,F,3,28,1.1537676857003754,0.9412786834472521,1.6299355875594301,-16.651147978722292,-299.48,-9.094772111189286
1751,2023,F,4,28,1.1537676857003754,0.9412786834472521,-70.57685346867152,-93.36873178141332,-376.53,-85.81832540367736
1752,2023,F,3,28,1.1537676857003754,0.9412786834472521,-52.728986204985176,-74.48126906815992,-358.7199999999998,-66.89840659813649
1754,2023,F,3,28,1.1537676857003754,0.9412786834472521,-82.72108590045627,-106.46515378662116,-392.6600000000001,-98.83620012539677
1755,2023,F,2,28,1.1537676857003754,0.9412786834472521,-154.34344061477714,-182.5784928102039,-469.3600000000001,-174.94859605187526
1756,2023,F,3,28,1.1537676857003754,0.9412786834472521,1.8981068016398694,-16.64183755788258,-303.71000000000004,-8.972149344363288
1757,2023,F,3,28,1.1537676857003754,0.9412786834472521,1.2868366961808988,-17.302140547590852,-304.5400000000002,-9.62804443369032
1759,2023,F,4,28,1.1537676857003754,0.9412786834472521,41.93043221375751,25.746235093927226,-263.3699999999999,33.478872697547786
1760,2023,F,3,28,1.1537676857003754,0.9412786834472521,-9.569807575017649,-28.9923314515936,-318.6700000000001,-21.255286342765203
1761,2023,F,2,28,1.1537676857003754,0.9412786834472521,99.9485282828523,87.3253052761952,-202.5,95.08881856790799
1762,2023,F,3,28,1.1537676857003754,0.9412786834472521,98.98209695220248,86.23815897452141,-204.51999999999998,94.02639557660973
1763,2023,F,3,28,1.1537676857003754,0.9412786834472521,29.081822537770904,11.916789156307914,-280.0,19.721603723652834
1764,2023,F,2,28,1.1537676857003754,0.9412786834472521,9.383563539167199,-9.013280942410574,-301.03999999999996,-1.2095807071764284
1765,2023,F,4,28,1.1537676857003754,0.9412786834472521,-37.200014460749344,-58.63828351951861,-352.89999999999986,-50.784453754592505
1766,2023,F,2,28,1.1537676857003754,0.9412786834472521,10.22216665010501,-8.278208186287657,-302.70000000000005,-0.41034884391979176
1767,2023,F,4,28,1.1537676857003754,0.9412786834472521,34.3673910019786,17.201770539286144,-279.7800000000002,25.142987930009895
1768,2023,F,4,28,1.1537676857003754,0.9412786834472521,64.26074239641434,48.84793773546426,-249.76,56.838747695238226
1769,2023,F,4,28,1.1537676857003754,0.9412786834472521,-46.033906767641156,-68.34526112177741,-367.5899999999999,-60.36012200357186
1771,2023,F,3,28,1.1537676857003754,0.9412786834472521,19.42215318846138,1.1439414021533594,-298.65999999999985,9.157482069949765
1772,2023,F,2,28,1.1537676857003754,0.9412786834472521,-36.98429134823914,-58.81005190956216,-359.24,-50.79138762886055
1773,2023,F,2,28,1.1537676857003754,0.9412786834472521,13.066862483342902,-5.712630363384733,-307.1500000000001,2.3432418351776505
1776,2023,F,3,28,1.1537676857003754,0.9412786834472521,35.67241841379996,18.006567459395,-287.9200000000001,26.18702196801337
1777,2023,F,4,28,1.1537676857003754,0.9412786834472521,-18.32277092489221,-39.37107388332174,-345.69000000000005,-31.191241982972315
1778,2023,F,2,28,1.1537676857003754,0.9412786834472521,-24.051230835611932,-45.53290444516347,-353.03999999999996,-37.32250760826082
1779,2023,F,2,28,1.1537676857003754,0.9412786834472521,-50.36453617168445,-73.48523993274875,-381.03999999999996,-65.27898138059254
1780,2023,F,2,21,1.1537676857003754,0.9399418021383348,-4.723829395765733,-25.08412767582513,-337.5,-19.432091314174613
827,2023,F,2,7,0.9323386525953057,1.1537676857003754,-46.386548990246865,-28.359407459513022,283.60000000000014,-21.86706577586324
1781,2023,F,3,21,1.1537676857003754,0.9399418021383348,-5.191570082998169,-25.731968206251622,-340.5,-20.038148792420316
1782,2023,F,3,21,1.1537676857003754,0.9399418021383348,76.64796051087296,61.159065875293436,-254.0,67.00592905343296
1783,2023,F,4,28,1.1537676857003754,0.9412786834472521,-49.844440343704036,-73.30339934756466,-386.55999999999995,-64.94470375921128
1784,2023,F,2,28,1.1537676857003754,0.9412786834472521,21.338318583306318,2.2879005600827895,-311.23,10.668216720632472
1785,2023,F,2,21,1.1537676857003754,0.9399418021383348,31.37528831955433,12.895852400925605,-305.0999999999999,18.71337073803602
1786,2023,F,2,7,1.1537676857003754,0.9516705528738274,138.87890798554372,150.50835627366473,-170.91000000000008,153.79565840523514
1788,2023,F,2,7,1.1537676857003754,0.9516705528738274,23.814674891517143,30.034675886444347,-293.91999999999985,32.94020667481436
1791,2023,F,4,28,1.1537676857003754,0.9412786834472521,58.48956023939263,41.214825149452054,-280.52,49.82230488827531
1792,2023,F,2,7,1.1537676857003754,0.9516705528738274,59.32023490373649,67.28253801086157,-260.53999999999996,70.34638273412861
1793,2023,F,2,21,1.1537676857003754,0.9399418021383348,48.48624899627271,30.50858853191812,-296.20000000000005,36.514484296195405
1795,2023,F,4,28,1.1537676857003754,0.9412786834472521,-32.59280373630054,-55.8179912550288,-381.98,-47.110967434225586
1796,2023,F,4,28,1.1537676857003754,0.9412786834472521,-32.278051803363724,-55.657254896205814,-384.49,-46.878815091125034
1797,2023,F,3,28,1.1537676857003754,0.9412786834472521,67.59554378186363,50.34976118217401,-279.64999999999986,59.179919283586514
1798,2023,F,3,28,1.1537676857003754,0.9412786834472521,70.64000389679745,53.409950747669654,-279.26,62.31207162668693
1799,2023,F,3,28,1.1537676857003754,0.9412786834472521,9.838294648211331,-11.453718518336018,-348.4599999999998,-2.448253151150084
1800,2023,F,3,28,1.1537676857003754,0.9412786834472521,102.03664303983214,86.4297017696515,-251.29999999999995,95.47345583304423
1804,2023,F,4,28,1.1537676857003754,0.9412786834472521,84.02362397748038,66.86671805012429,-277.48,76.08354734929299
26830,2025,F,5,43,1.1764564281453291,1.0875275213955329,106.35082118814557,106.06933452293765,-16.37000000000012,121.97390567250909
1926,2023,F,3,35,1.0031173044395412,1.002073933029497,-25.630124822830112,-37.89818625310545,-27.0,-27.0
1928,2023,F,2,35,1.0031173044395412,1.002073933029497,-60.8408379922887,-73.41607947351099,-62.200000000000045,-62.200000000000045
1929,2023,F,3,35,1.0031173044395412,1.002073933029497,-29.472689437094232,-42.286630140654324,-30.899999999999864,-30.899999999999864
1930,2023,F,3,35,1.0031173044395412,1.002073933029497,3.9257956065509916,-9.368950962405734,2.3999999999998636,2.3999999999998636
1931,2023,F,3,35,1.0031173044395412,1.002073933029497,26.981425688946047,13.46279377111,25.40000000000009,25.40000000000009
1932,2023,F,2,35,1.0031173044395412,1.002073933029497,-44.562270969437805,-57.63907709904743,-46.0,-46.0
1933,2023,F,3,35,1.0031173044395412,1.002073933029497,24.198364173202208,10.499963109905366,22.59999999999991,22.59999999999991
1934,2023,F,3,35,1.0031173044395412,1.002073933029497,-48.74729695715382,-62.00265767503879,-50.200000000000045,-50.200000000000045
1935,2023,F,3,35,1.0031173044395412,1.002073933029497,-23.063424815002463,-36.75966015134259,-24.600000000000136,-24.600000000000136
1936,2023,F,3,35,1.0031173044395412,1.002073933029497,47.991337985223026,33.75096382669631,46.299999999999955,46.299999999999955
1937,2023,F,3,35,1.0031173044395412,1.002073933029497,-34.76630071754175,-48.570619482442,-36.30000000000018,-36.30000000000018
1939,2023,F,3,35,1.0031173044395412,1.002073933029497,-126.83101955198322,-140.24333650985318,-128.19999999999982,-128.19999999999982
1942,2023,F,3,35,1.0031173044395412,1.002073933029497,-22.206153972423408,-36.39332680200505,-23.799999999999955,-23.799999999999955
1943,2023,F,3,35,1.0031173044395412,1.002073933029497,-28.61661004100506,-42.785346589363144,-30.200000000000045,-30.200000000000045
1946,2023,F,3,35,1.0031173044395412,1.002073933029497,46.86501537852109,31.967686267786576,45.09999999999991,45.09999999999991
1947,2023,F,3,35,1.0031173044395412,1.002073933029497,-48.829810774424914,-63.1132468776666,-50.40000000000009,-50.40000000000009
1948,2023,F,3,35,1.0031173044395412,1.002073933029497,32.8453706587984,17.96018711992201,31.09999999999991,31.09999999999991
1949,2023,F,3,35,1.0031173044395412,1.002073933029497,-10.942651786065198,-25.55677508814938,-12.599999999999909,-12.599999999999909
1951,2023,F,2,14,1.0031173044395412,1.0131762663265382,25.50540800623662,28.82376711449524,41.299999999999955,41.299999999999955
1952,2023,F,3,35,1.0031173044395412,1.002073933029497,17.03211356230031,2.0828124835347808,15.299999999999955,15.299999999999955
1953,2023,F,3,35,1.0031173044395412,1.002073933029497,45.691949732648936,30.545789771732416,43.90000000000009,43.90000000000009
1954,2023,F,3,35,1.0031173044395412,1.002073933029497,-18.637544967909662,-33.38391437859423,-20.299999999999955,-20.299999999999955
1955,2023,F,2,14,1.0031173044395412,1.0131762663265382,45.99688822166081,49.00872118483517,61.799999999999955,61.799999999999955
1956,2023,F,2,35,1.0031173044395412,1.002073933029497,49.83008460611518,34.39763507094972,48.0,48.0
1960,2023,F,2,35,1.0031173044395412,1.002073933029497,-91.61027315572437,-106.55153473036171,-93.19999999999982,-93.19999999999982
1961,2023,F,3,35,1.0031173044395412,1.002073933029497,-308.1543809348998,-321.67813346621074,-309.29999999999995,-309.29999999999995
1962,2023,F,3,35,1.0031173044395412,1.002073933029497,9.303162734549915,-6.355280545136338,7.5,7.5
1963,2023,F,2,14,1.0031173044395412,1.0131762663265382,6.512483114801398,10.43628296116026,23.670000000000073,23.670000000000073
1965,2023,F,3,35,1.0031173044395412,1.002073933029497,-42.6626351961379,-58.33741487694465,-44.399999999999864,-44.399999999999864
1967,2023,F,2,14,1.0031173044395412,1.0131762663265382,180.73850558932054,181.54780483453828,195.79999999999995,195.79999999999995
1968,2023,F,2,14,1.0031173044395412,1.0131762663265382,-11.84889788636201,-7.51470986452432,5.880000000000109,5.880000000000109
1971,2023,F,3,35,1.0031173044395412,1.002073933029497,-24.865411039733544,-41.18757894272926,-26.699999999999818,-26.699999999999818
1972,2023,F,2,35,1.0031173044395412,1.002073933029497,-107.23140183769488,-123.04003667813163,-108.89999999999986,-108.89999999999986
1973,2023,F,2,14,1.0031173044395412,1.0131762663265382,-7.721822216570445,-3.2873454035689065,10.700000000000045,10.700000000000045
1975,2023,F,3,35,1.0031173044395412,1.002073933029497,89.06513455073127,71.15012799366195,86.90000000000009,86.90000000000009
1976,2023,F,2,14,1.0031173044395412,1.0131762663265382,77.75136917185137,80.78802725356786,95.70000000000005,95.70000000000005
1979,2023,F,2,14,1.0031173044395412,1.0131762663265382,97.48493280848993,100.29162183462563,115.72000000000003,115.72000000000003
1981,2023,F,2,14,1.0031173044395412,1.0131762663265382,162.93678813484962,164.61225514442913,180.54999999999995,180.54999999999995
1983,2023,F,3,35,1.0031173044395412,1.002073933029497,178.67606302517584,159.0628664784524,176.20000000000005,176.20000000000005
1985,2023,F,2,35,1.0031173044395412,1.002073933029497,80.50756185623936,61.2499487283726,78.19999999999982,78.19999999999982
1986,2023,F,2,14,1.0031173044395412,1.0131762663265382,112.95712783672298,115.80695131048083,132.37000000000012,132.37000000000012
1987,2023,F,3,35,1.0031173044395412,1.002073933029497,49.60061034095952,29.177663651973944,47.19999999999982,47.19999999999982
2061,2023,F,3,29,0.9975489245081732,1.0389848586925226,87.15482803633085,109.81513541000663,145.83999999999992,145.83999999999992
2062,2023,F,3,29,0.9975489245081732,1.0389848586925226,-11.85689088103345,18.664765812070755,59.069999999999936,59.069999999999936
2064,2023,F,2,8,0.9975489245081732,1.013862829276305,81.40560738661202,66.39669378479152,111.79999999999995,111.79999999999995
2073,2023,F,2,21,0.9516705528738274,0.9412786834472521,-0.42779847942119886,-21.66412471239414,-16.99000000000001,-16.99000000000001
2074,2023,F,2,21,0.9516705528738274,0.9412786834472521,-80.59900473971084,-107.72801515576248,-102.87000000000012,-102.87000000000012
2075,2023,F,3,21,0.9516705528738274,0.9412786834472521,19.181918132116152,-1.8650598145513868,3.0399999999999636,3.0399999999999636
2079,2023,F,2,21,0.9516705528738274,0.9412786834472521,7.558413297516836,-14.559440767329988,-9.580000000000155,-9.580000000000155
2082,2023,F,2,21,0.9516705528738274,0.9412786834472521,77.654575170219,59.358052536454124,64.47000000000003,64.47000000000003
2083,2023,F,2,21,0.9516705528738274,0.9412786834472521,-7.393667427896844,-31.012276368871426,-25.909999999999854,-25.909999999999854
7706,2025,F,2,28,0.9490953852526809,1.0875275213955329,60.09067960474772,82.26667987150086,288.1200000000001,107.5371520122003
16154,2024,F,3,35,0.9997236357863521,1.015364772076599,-41.473411494728225,114.98477252963403,-18.40000000000009,146.16844154565297
577,2024,F,4,28,0.93312099703225,1.015364772076599,0.22905724862175703,92.81147293401932,127.19999999999982,127.19999999999982
18921,2024,F,3,14,0.93312099703225,0.9991563832669133,-45.43166795630532,51.424356533141236,55.200000000000045,55.200000000000045
4231,2024,F,2,21,0.9997236357863521,0.9991563832669133,-29.25498397099682,131.69476045646456,-30.09999999999991,133.09054367532372
2386,2024,F,3,35,0.9997236357863521,1.015364772076599,38.527031502381305,198.34796865050453,61.100000000000136,230.87508841632393
16155,2024,F,2,21,0.9997236357863521,0.9991563832669133,-11.356640825808427,151.7990877320051,-12.200000000000045,153.66727970211105
574,2024,F,3,28,0.93312099703225,1.015364772076599,-23.75530378622034,67.48798720451714,101.09999999999991,101.09999999999991
16153,2024,F,3,35,0.9997236357863521,1.015364772076599,-42.050955359356976,112.12185574397813,-19.300000000000182,142.84017890531823
7945,2024,F,3,50,1.2103625415240442,0.9396603797686175,2.975046287985606,-59.83014266689156,-345.0999999999999,-82.00571685918953
620,2024,F,4,28,0.93312099703225,1.015364772076599,-33.10057957140475,61.390500898036635,96.10000000000014,96.10000000000014
18927,2024,F,2,14,0.93312099703225,0.9991563832669133,-17.05354813930626,84.45851111679508,89.20000000000005,89.20000000000005
3002,2024,F,3,28,0.93312099703225,1.015364772076599,-11.516199448063162,87.17815248497755,123.70000000000005,123.70000000000005
3000,2024,F,4,28,0.93312099703225,1.015364772076599,-2.350630112140834,94.1035084385303,129.89999999999986,129.89999999999986
7944,2024,F,3,29,1.2103625415240442,0.9991563832669133,-6.629758361056929,36.49971550510941,-261.10000000000014,0.8843643352695381
578,2024,F,4,28,0.93312099703225,1.015364772076599,-4.72739843939803,91.5841358702346,127.29999999999995,127.29999999999995
606,2024,F,3,28,0.93312099703225,1.015364772076599,20.913828812866996,118.07145414649176,154.4000000000001,154.4000000000001
18929,2024,F,4,28,0.93312099703225,1.015364772076599,24.60296189423684,122.32054404642827,158.89999999999986,158.89999999999986
20403,2024,F,2,14,0.9991563832669133,1.015364772076599,28.08049056291975,21.191856313845392,52.399999999999864,52.399999999999864
2509,2023,F,2,15,1.1914330550092207,0.949813588027303,-32.92407886540559,-109.31656619321325,-371.6999999999998,-83.36050481159737
2537,2023,F,3,28,1.1914330550092207,0.9280386033420953,-65.52132995244392,-188.57125979674402,-652.5999999999999,-206.32558771730874
2514,2023,F,3,28,1.1914330550092207,0.9280386033420953,40.05403092908455,-38.29958931973647,-347.79999999999995,-48.0131069348447
28512,2025,F,2,14,1.0875275213955329,1.008443923314166,-89.10512086732228,-34.047890203405814,-213.46000000000004,-26.554971436690494
18934,2024,F,2,14,0.93312099703225,0.9991563832669133,67.6285044203803,175.17724444855207,182.4000000000001,182.4000000000001
26831,2025,F,4,43,1.1764564281453291,1.0875275213955329,-120.34332729423409,-125.0966871833541,-224.86000000000013,-110.89342624675214
594,2024,F,3,28,0.93312099703225,1.015364772076599,41.06232459861894,138.08650834787954,174.5999999999999,174.5999999999999
1512,2023,F,4,42,1.1587163617342027,0.9280386033420953,132.25545307166226,80.61516670440096,-314.5999999999999,85.62366340967037
20405,2024,F,2,14,0.9991563832669133,1.015364772076599,-28.597574808111858,-34.513144619313834,-2.8999999999998636,-2.8999999999998636
18950,2024,F,2,14,0.93312099703225,0.9991563832669133,257.6492981446845,376.1421914025898,388.79999999999995,388.79999999999995
7746,2024,F,2,56,1.1343874137665315,0.9396603797686175,31.79708968369323,13.761125488198786,-208.0,45.97553844430945
5202,2024,F,3,14,0.93312099703225,0.9991563832669133,42.674015182625226,152.02568913357732,158.70000000000005,158.70000000000005
18936,2024,F,2,14,0.93312099703225,0.9991563832669133,34.07868260960572,143.35036061114056,149.79999999999995,149.79999999999995
20408,2024,F,2,21,0.9991563832669133,0.9396603797686175,129.61860620141488,19.64568197801418,36.299999999999955,36.299999999999955
2385,2024,F,2,14,0.9991563832669133,1.015364772076599,154.8846382113611,145.28628704575954,178.20000000000005,178.20000000000005
18937,2024,F,2,14,0.93312099703225,0.9991563832669133,43.10785492119817,153.27304924926057,160.0,160.0
2387,2024,F,3,35,0.9997236357863521,1.015364772076599,45.216305234054744,219.55179257555756,69.79999999999995,255.0594980902713
18931,2024,F,4,28,0.93312099703225,1.015364772076599,-36.13107037511713,63.65804091681889,100.29999999999995,100.29999999999995
7946,2024,F,2,29,1.2103625415240442,0.9991563832669133,-82.10410248559651,-35.054025134435506,-349.29999999999995,-74.27953047808592
7947,2024,F,3,50,1.2103625415240442,0.9396603797686175,-97.82420177715221,-173.39030863046946,-495.70000000000005,-199.87399365265674
7948,2024,F,2,29,1.2103625415240442,0.9991563832669133,-19.491338896853904,34.940325463614954,-339.0999999999999,-10.06348194177258
16161,2024,F,3,35,0.9997236357863521,1.015364772076599,72.70740292190817,248.0658212229505,97.10000000000014,284.0084578367314
7749,2024,F,4,56,1.1343874137665315,0.9396603797686175,-0.0626581942519806,-22.661537743729014,-279.0,13.931512207404012
16159,2024,F,3,35,0.9997236357863521,1.015364772076599,-7.949313255996913,165.07396057549522,17.09999999999991,199.8747642257431
18942,2024,F,3,35,0.93312099703225,0.9396603797686175,105.32171027093341,101.80161771427947,124.70000000000005,124.70000000000005
621,2024,F,4,28,0.93312099703225,1.015364772076599,162.74076483309227,270.5606787168788,312.5,312.5
18945,2024,F,2,14,0.93312099703225,0.9991563832669133,60.43350369035238,173.86191537278546,181.20000000000005,181.20000000000005
16157,2024,F,2,21,0.9997236357863521,0.9991563832669133,-109.5289570771622,64.6961632384398,-110.5,64.2784388798973
18933,2024,F,3,28,0.93312099703225,1.015364772076599,18.280337148604076,120.07855240610752,158.0999999999999,158.0999999999999
626,2024,F,3,28,0.93312099703225,1.015364772076599,82.63778462867845,188.8792433703868,229.29999999999995,229.29999999999995
27069,2025,F,2,28,0.9490953852526809,1.0875275213955329,6.097770883219937,28.448095627128396,252.22000000000003,54.777222716131746
7970,2024,F,4,36,1.0455469640087136,1.0713167280131728,-60.423081929797036,-54.69611023384596,-26.819999999999936,-32.65686713031391
7971,2024,F,6,43,1.0455469640087136,1.0097545119962215,-217.53306904057627,-26.724433339994903,-259.03,8.649771225661652
3379,2024,F,6,43,1.0455469640087136,1.0097545119962215,-135.67776457981245,79.3754614977222,-183.8900000000001,120.16463968802827
3460,2024,F,5,43,1.0455469640087136,1.0097545119962215,-163.5396530154037,66.71872813484015,-214.92000000000007,110.23833117298523
3463,2024,F,3,36,1.0455469640087136,1.0713167280131728,2.1876050594166827,19.03058661041723,39.73000000000002,48.376485126300395
7974,2024,F,2,8,1.0455469640087136,1.0631110640274857,108.74855165391136,97.13008569046815,135.6099999999999,165.12295867046487
282,2024,F,5,50,1.2284472505424289,1.0,57.44365462053861,28.604197347246554,-203.9000000000001,45.07002226245913
7987,2024,F,2,14,1.2284472505424289,0.9486263762889581,-24.943856402396477,-77.15929757933282,-368.20000000000005,-115.943747548587
7988,2024,F,5,50,1.2284472505424289,1.0,-14.944729492799297,-43.94511941686005,-281.20000000000005,-27.5509082632027
7989,2024,F,5,50,1.2284472505424289,1.0,-5.23956159041245,-34.40006582940623,-272.5,-17.89333125450071
7990,2024,F,4,28,1.2284472505424289,1.011364693286593,-2.7544747803424343,-7.680292958688824,-254.5,0.7813252743571866
291,2024,F,3,28,1.2284472505424289,1.011364693286593,-31.576850022493545,-35.88540451068798,-283.89999999999986,-27.70462394460901
286,2024,F,4,50,1.2284472505424289,1.0,-16.43487588595849,-46.89203520958722,-296.0999999999999,-29.67596044256743
445,2024,F,3,28,1.2284472505424289,1.011364693286593,-1.6375452105421573e-08,-5.266235630366964,-265.9000000000001,3.7014541772152825
446,2024,F,3,28,1.2284472505424289,1.011364693286593,10.049028321486048,4.55668019225709,-256.1999999999998,13.640848429391099
294,2024,F,5,50,1.2284472505424289,1.0,-6.034488837688286,-37.61589990831408,-295.5,-19.73958460772542
7991,2024,F,5,50,1.2284472505424289,1.0,-84.43622733009443,-115.96026414440234,-377.10000000000014,-98.29274867094728
7992,2024,F,3,28,1.2284472505424289,1.011364693286593,-9.40480994520135,-14.644050680192777,-284.29999999999995,-5.470985557112954
7993,2024,F,4,50,1.2284472505424289,1.0,19.38272957446202,-12.889371561913322,-275.20000000000005,5.435352891119919
7994,2024,F,3,28,1.2284472505424289,1.011364693286593,-0.5416369174920419,-6.052702359882005,-279.39999999999986,3.346374933030802
448,2024,F,5,50,1.2284472505424289,1.0,81.62148884236217,48.20325165937879,-220.5,67.31718045638308
7712,2025,F,3,43,1.1764564281453291,1.0875275213955329,6.0218867468699955,3.4097578190057902,-125.50999999999999,20.793025642623206
18940,2024,F,2,14,0.93312099703225,0.9991563832669133,-0.055969528559217,112.55596990332356,118.29999999999995,118.29999999999995
7711,2025,F,3,43,1.1764564281453291,1.0875275213955329,-29.89127342616939,-33.21289974970932,-158.59000000000015,-16.09243945158164
28282,2025,F,3,21,1.0022105164016688,1.008443923314166,-80.48780833339424,-83.73731146262435,-67.30000000000018,-67.30000000000018
3109,2024,F,2,21,0.9997236357863521,0.9991563832669133,-30.733433375354707,153.7537917681202,-31.700000000000045,155.42304848866797
18948,2024,F,4,28,0.93312099703225,1.015364772076599,25.69173189165781,138.5022375534013,180.70000000000005,180.70000000000005
18923,2024,F,3,28,0.93312099703225,1.015364772076599,-49.65917296223347,43.26513672676742,77.20000000000005,77.20000000000005
28515,2025,F,2,7,1.0875275213955329,0.9623971004410954,136.3387009340713,118.51795819924428,-120.23000000000025,115.77151759892104
18939,2024,F,3,14,0.93312099703225,0.9991563832669133,-39.677978291840645,73.63695965374768,78.39999999999986,78.39999999999986
5203,2024,F,2,14,0.9991563832669133,1.015364772076599,87.362807572566,78.64692354106296,113.40000000000009,113.40000000000009
655,2024,F,4,28,0.93312099703225,1.015364772076599,21.300221390387378,129.76674156101717,170.29999999999995,170.29999999999995
18935,2024,F,3,28,0.93312099703225,1.015364772076599,-84.52838208904745,20.044575022742492,57.899999999999864,57.899999999999864
648,2024,F,3,35,0.9997236357863521,1.015364772076599,-153.7176389549022,27.43880227729028,-125.70000000000005,62.66541542093205
5521,2024,F,2,14,0.93312099703225,0.9991563832669133,17.370782611618097,136.2870820726048,142.79999999999995,142.79999999999995
663,2024,F,3,28,0.93312099703225,1.015364772076599,-213.39838600388566,-91.42002382930673,-48.59999999999991,-48.59999999999991
4669,2024,F,2,14,0.9991563832669133,1.015364772076599,-2.753392133403622,-10.005445661887052,25.799999999999955,25.799999999999955
643,2024,F,4,35,0.9997236357863521,1.015364772076599,57.99814674318827,261.2889261082389,86.60000000000014,302.737963479457
631,2024,F,2,21,0.9997236357863521,0.9991563832669133,68.00117672662896,273.2046277949428,67.0,277.5924892636226
638,2024,F,3,21,0.9231030899750604,1.015364772076599,87.28153165153753,243.34143347527743,269.6999999999998,269.6999999999998
647,2024,F,2,7,0.9231030899750604,0.9991563832669133,78.40366502826419,244.55047261382356,234.80000000000018,234.80000000000018
18951,2024,F,2,14,0.93312099703225,0.9991563832669133,53.12918389491915,177.9672517805343,185.70000000000005,185.70000000000005
4115,2024,F,2,14,0.9991563832669133,1.015364772076599,-12.347923735936547,-19.707189116114932,17.5,17.5
4223,2024,F,3,28,0.93312099703225,1.015364772076599,73.19750625880829,193.18407332207266,238.5999999999999,238.5999999999999
4230,2024,F,2,21,0.9997236357863521,0.9991563832669133,50.74918246950642,262.8928398748153,49.700000000000045,266.94479947365585
19370,2024,F,2,7,0.9231030899750604,0.9991563832669133,79.14464794844389,250.28004148777381,240.20000000000005,240.20000000000005
5679,2024,F,2,14,0.9991563832669133,1.015364772076599,53.377332772452974,44.61479039861479,82.70000000000005,82.70000000000005
5766,2024,F,3,21,0.9997236357863521,0.9991563832669133,28.768025663893923,241.48622002659022,27.700000000000045,245.0012706978498
632,2024,F,4,28,0.93312099703225,1.015364772076599,175.23336508133866,302.93211643948484,352.4000000000001,352.4000000000001
18925,2024,F,3,28,0.93312099703225,1.015364772076599,-601.79908642588,-496.8679676406166,-464.89999999999986,-464.89999999999986
4249,2024,F,2,21,0.9997236357863521,0.9991563832669133,-6.102418661617321,207.46141632136823,-7.2000000000000455,210.12385918752716
16172,2024,F,3,21,0.9997236357863521,0.9991563832669133,-37.278139928615246,176.6226143542283,-38.40000000000009,178.5172663733315
1502,2024,F,2,14,1.1243167608711806,1.1534732851171412,-0.37309149925931706,69.02973389433578,36.700000000000045,44.68706277712636
357,2024,F,5,49,1.1243167608711806,0.9396603797686175,1.5813330420292004,27.524722544474344,-250.70000000000005,28.803670971745078
4655,2024,F,5,49,1.1243167608711806,0.9396603797686175,21.964223362309667,49.06749255783461,-230.5999999999999,50.6664831923099
358,2024,F,4,49,1.1243167608711806,0.9396603797686175,-6.499586805690797,19.509848112711552,-263.79999999999995,20.687424039761254
7998,2024,F,4,49,1.1243167608711806,0.9396603797686175,-34.73779440694898,-10.042773887324756,-294.5,-9.294393203712616
7162,2024,F,5,49,1.1243167608711806,0.9396603797686175,-130.89735888936139,-110.59045170285094,-399.9000000000001,-111.29934744558818
360,2024,F,5,49,1.1243167608711806,0.9396603797686175,-24.86837462266635,0.6375558428269414,-287.20000000000005,1.5529943512508453
7999,2024,F,4,49,1.1243167608711806,0.9396603797686175,3.8500989877484244,31.2075044848973,-261.0,32.584405622427994
8000,2024,F,4,49,1.1243167608711806,0.9396603797686175,-5.587450995577228,21.560201229542372,-273.5,22.804794851694396
4656,2024,F,4,49,1.1243167608711806,0.9396603797686175,83.64752813392988,115.36026358453205,-180.5,117.98110623510729
3431,2024,F,6,49,1.1243167608711806,0.9396603797686175,55.31702128056145,86.97160541522726,-223.5999999999999,89.22299825179994
3433,2024,F,2,14,1.1243167608711806,1.1534732851171412,-96.4882587785944,-15.907268054029828,-39.40000000000009,-47.974666850647736
5691,2024,F,2,21,0.9997236357863521,0.9991563832669133,-22.145816221587665,180.6722575508354,-23.199999999999818,182.79573161424537
19368,2024,F,2,7,0.9231030899750604,0.9991563832669133,-405.72062431239533,-250.24335233326156,-270.3000000000002,-270.3000000000002
3008,2024,F,2,7,0.9231030899750604,0.9991563832669133,0.35227104174236956,188.4565602914313,175.39999999999964,175.39999999999964
18960,2024,F,3,28,0.93312099703225,1.015364772076599,120.96061964660385,259.38150565396927,312.1999999999998,312.1999999999998
2534,2024,F,3,21,0.9231030899750604,1.015364772076599,119.21936838805095,307.2368573769745,339.0999999999999,339.0999999999999
2722,2024,F,2,14,0.9991563832669133,1.015364772076599,26.819936014503583,16.127326595028535,66.09999999999991,66.09999999999991
18777,2024,F,4,29,1.0199359646209076,1.0097545119962215,-222.01323717879654,15.720005927032844,-231.1500000000001,12.346599133175232
288,2024,F,3,35,0.9751454963923714,1.1963564223044898,4.664395528196792,-38.076750530038,295.74,16.606301963435044
18794,2024,F,3,36,0.9486263762889581,1.0,-76.01013334027084,-52.443911962002176,1.6000000000001364,1.6000000000001364
4774,2024,F,2,22,0.9486263762889581,1.1963564223044898,-5.368508826149309,-2.1915609855141156,374.70000000000005,57.72024700588122
307,2024,F,3,35,0.9751454963923714,1.1963564223044898,23.3562725372567,-29.521113824441045,381.66999999999985,38.487457949587224
1687,2024,F,3,28,0.9841716914440886,0.9776705001186614,76.0130374565581,48.16831578158576,67.21000000000004,67.21000000000004
11428,2024,F,4,28,0.9841716914440886,0.9776705001186614,13.200432890529328,-15.426638193129293,3.009999999999991,3.009999999999991
1046,2024,F,5,35,0.9841716914440886,1.015364772076599,209.12307880472895,232.13187918936887,260.5799999999999,260.5799999999999
1060,2024,F,5,35,0.9841716914440886,1.015364772076599,-50.5679785259058,-25.688157866280108,-1.6300000000001091,-1.6300000000001091
1016,2024,F,5,35,0.9841716914440886,1.015364772076599,-0.8583556981445781,23.300362646221174,47.830000000000155,47.830000000000155
11437,2024,F,3,28,0.9841716914440886,0.9776705001186614,60.30632612554223,29.74895358170602,50.24000000000001,50.24000000000001
1050,2024,F,3,35,0.9841716914440886,1.015364772076599,91.52018304404396,116.65770755738572,144.42000000000007,144.42000000000007
1080,2024,F,4,35,0.9841716914440886,1.015364772076599,27.029499342494773,52.63971476386473,79.32000000000016,79.32000000000016
11440,2024,F,3,28,0.9841716914440886,0.9776705001186614,13.243559968077307,-18.415609730797314,1.949999999999818,1.949999999999818
1112,2024,F,2,28,0.9841716914440886,0.9776705001186614,-48.521901280576685,-81.17086665880333,-61.25999999999999,-61.25999999999999
1062,2024,F,2,28,0.9841716914440886,0.9776705001186614,169.8203992511635,136.25146672868664,160.58000000000015,160.58000000000015
11448,2024,F,5,35,0.9841716914440886,1.015364772076599,17.390362612034323,45.461951521693436,74.40999999999985,74.40999999999985
11446,2024,F,4,35,0.9841716914440886,1.015364772076599,-74.95961374803301,-45.73375124110726,-17.850000000000136,-17.850000000000136
1128,2024,F,3,21,1.0130666221079707,1.015364772076599,112.42570174666434,80.758667999703,115.10000000000014,115.10000000000014
1074,2024,F,5,35,0.9841716914440886,1.015364772076599,-42.865535566078506,-16.51714258521838,9.220000000000027,9.220000000000027
1042,2024,F,5,35,0.9841716914440886,1.015364772076599,-164.76304610246802,-136.9115287744387,-112.60000000000014,-112.60000000000014
1090,2024,F,3,14,1.0130666221079707,0.9776705001186614,26.070021143071926,-62.78878471279609,-38.299999999999955,-38.299999999999955
1070,2024,F,5,35,0.9841716914440886,1.015364772076599,-32.69529164161736,-8.334103222145586,15.63000000000011,15.63000000000011
1096,2024,F,5,35,0.9841716914440886,1.015364772076599,-199.2258728752488,-171.55899409235917,-148.26999999999998,-148.26999999999998
268,2024,F,4,49,0.9751454963923714,1.0,-131.5578696891646,-155.31313044402305,-85.37000000000012,-85.37000000000012
8033,2024,F,2,13,0.9751454963923714,0.9486263762889581,38.09905541275407,-15.895761193669614,-12.439999999999827,-12.439999999999827
309,2024,F,2,49,0.9751454963923714,1.0,31.928289748519546,6.587580176452093,79.50999999999999,79.50999999999999
274,2024,F,2,14,0.9751454963923714,0.8893861670381632,23.532150189428194,-172.48642963387852,-160.72000000000003,-160.72000000000003
8034,2024,F,4,49,0.9751454963923714,1.0,47.67138709739265,20.56814659608426,98.43000000000006,98.43000000000006
275,2024,F,4,28,0.9751454963923714,0.9880093543512154,-299.950121314371,-331.9959104705997,-276.7199999999998,-276.7199999999998
241,2024,F,2,14,0.9751454963923714,0.8893861670381632,6.960090138243686,-151.50163354971983,-142.51,-142.51
4766,2024,F,3,49,0.9751454963923714,1.0,-21.27384600671121,-42.53027145994247,19.1099999999999,19.1099999999999
293,2024,F,3,49,0.9751454963923714,1.0,-49.403660464907944,-70.59873721342115,-8.8599999999999,-8.8599999999999
302,2024,F,3,49,0.9751454963923714,1.0,9.106885214368504,-12.576570708618874,50.0,50.0
3314,2024,F,3,49,0.9751454963923714,1.0,41.65551781950194,19.384530717087273,83.34000000000015,83.34000000000015
289,2024,F,3,49,0.9751454963923714,1.0,153.1693103350558,130.15790548173868,195.16000000000008,195.16000000000008
8028,2024,F,2,49,0.9751454963923714,1.0,-108.64499848927517,-130.49645441029838,-66.27999999999997,-66.27999999999997
256,2024,F,2,21,0.9751454963923714,1.0062997337485868,53.341358912580745,55.71145263859012,106.82999999999993,106.82999999999993
304,2024,F,2,49,0.9751454963923714,1.0,-90.78806057808652,-113.67554172291443,-46.6400000000001,-46.6400000000001
8032,2024,F,3,49,0.9751454963923714,1.0,-45.12641873558027,-68.71547244779185,-0.10000000000013642,-0.10000000000013642
408,2024,F,4,43,0.9701669834218452,1.0,28.700583737820125,60.15051409663624,77.40000000000009,77.40000000000009
3869,2024,F,4,43,0.9701669834218452,1.0,-26.273880014699216,5.639281710546129,22.699999999999818,22.699999999999818
11341,2024,F,4,43,0.9701669834218452,1.0,3.0634706504870337,34.86511405754004,52.100000000000136,52.100000000000136
11342,2024,F,3,43,0.9701669834218452,1.0,-14.74333426456269,17.86882490648918,35.399999999999864,35.399999999999864
1947,2024,F,3,43,0.9701669834218452,1.0,75.81048395420453,108.04780423081434,126.10000000000014,126.10000000000014
409,2024,F,4,43,0.9701669834218452,1.0,101.8151370900805,134.10921191716284,152.39999999999986,152.39999999999986
11343,2024,F,4,43,0.9701669834218452,1.0,56.828621342004,89.41217074520273,107.5,107.5
3866,2024,F,3,22,0.9701669834218452,1.0159859704505207,0.5000041109128688,62.48836932395329,77.70000000000005,77.70000000000005
11344,2024,F,3,43,0.9701669834218452,1.0,37.8591670921403,71.2999130046062,89.70000000000005,89.70000000000005
11345,2024,F,4,43,0.9701669834218452,1.0,58.58959405335031,92.55192530393697,111.40000000000009,111.40000000000009
11346,2024,F,3,43,0.9701669834218452,1.0,-22.268402145587515,12.345614925585096,30.90000000000009,30.90000000000009
3864,2024,F,3,43,0.9701669834218452,1.0,58.627538663168025,93.27879166317916,112.5,112.5
2838,2024,F,2,22,0.9701669834218452,1.0159859704505207,67.83616641983372,131.93758426120235,148.5,148.5
11347,2024,F,4,43,0.9701669834218452,1.0,-64.66446853251864,-28.794935661747786,-9.899999999999864,-9.899999999999864
2842,2024,F,2,22,0.9701669834218452,1.0159859704505207,-22.730417122430936,44.732645309389,61.0,61.0
11348,2024,F,4,43,0.9701669834218452,1.0,79.12013301423735,115.35691869390894,135.60000000000014,135.60000000000014
11352,2024,F,3,22,0.9701669834218452,1.0159859704505207,40.28481504847059,114.7387686023203,133.5,133.5
404,2024,F,3,43,0.9701669834218452,1.0,5.841056861338075,32.71154853219605,47.299999999999955,47.299999999999955
3862,2024,F,2,43,0.9701669834218452,1.0,46.32864170975222,74.10023706320999,89.5,89.5
1929,2024,F,3,43,0.9701669834218452,1.0,-270.6188535389201,-240.91293868597404,-227.0,-227.0
1930,2024,F,3,43,0.9701669834218452,1.0,-33.81121710138609,-5.143887835185069,10.100000000000136,10.100000000000136
1946,2024,F,4,43,0.9701669834218452,1.0,12.710853899482345,42.420266487037225,58.600000000000136,58.600000000000136
11336,2024,F,4,43,0.9701669834218452,1.0,77.29892069285074,106.68106727814643,123.19999999999982,123.19999999999982
11337,2024,F,3,22,0.9701669834218452,1.0159859704505207,-66.58475093371703,-8.359260287325014,5.099999999999909,5.099999999999909
11338,2024,F,3,22,0.9701669834218452,1.0159859704505207,-20.1396495624374,37.10672162484843,50.90000000000009,50.90000000000009
11339,2024,F,2,15,0.9701669834218452,1.0062997337485868,-3.8520279710594423,50.343846973418295,52.6099999999999,52.6099999999999
1928,2024,F,3,43,0.9701669834218452,1.0,59.55476511261554,89.70645225663566,106.5,106.5
1953,2024,F,4,43,0.9701669834218452,1.0,-10.96158365203928,19.631354861370937,36.09999999999991,36.09999999999991
11340,2024,F,4,43,0.9701669834218452,1.0,-24.344997309531664,6.501253022209994,23.0,23.0
2826,2024,F,2,15,0.9701669834218452,1.0062997337485868,-0.6810593168240757,55.03974145274174,57.42000000000007,57.42000000000007
1948,2024,F,3,22,0.9701669834218452,1.0159859704505207,39.91428448216766,97.64538515120262,112.29999999999995,112.29999999999995
1008,2024,F,2,14,0.9848540231535992,1.0130666221079707,35.82883622795703,102.73844857579775,75.70000000000005,75.70000000000005
11360,2024,F,2,35,0.9848540231535992,1.015364772076599,14.254284054248501,61.56176572021786,58.399999999999864,58.399999999999864
11362,2024,F,2,35,0.9848540231535992,1.015364772076599,-140.3296043527414,-82.98412529857615,-87.30000000000018,-87.30000000000018
1100,2024,F,3,35,0.9848540231535992,1.015364772076599,51.90979104748476,110.51159731635903,106.70000000000005,106.70000000000005
11364,2024,F,3,35,0.9848540231535992,1.015364772076599,-35.97602820617794,24.937706324614965,20.700000000000045,20.700000000000045
2420,2024,F,2,35,0.9848540231535992,1.015364772076599,101.86324754561838,161.1015697418852,157.4000000000001,157.4000000000001
11365,2024,F,3,35,0.9848540231535992,1.015364772076599,-16.71489850455032,45.35713623859078,41.09999999999991,41.09999999999991
1130,2024,F,2,21,0.9848540231535992,1.0159859704505207,85.37270147248182,154.6931655743167,146.0,146.0
2061,2024,F,4,35,0.9671816933759076,1.0097545119962215,-55.08726051147755,20.020370913420493,15.099999999999909,15.099999999999909
2062,2024,F,4,35,0.9671816933759076,1.0097545119962215,-148.03678606725703,-66.45726497053647,-72.20000000000005,-72.20000000000005
1674,2024,F,4,35,0.9671816933759076,1.0097545119962215,161.57210201585235,256.8994151302945,251.69999999999982,251.69999999999982
3369,2024,F,4,35,1.0631110640274857,1.0097545119962215,12.557425305634524,278.8291411272744,-71.0,272.63956744092934
4665,2024,F,4,35,0.9997236357863521,1.015364772076599,40.42494229674617,200.42247199402118,63.0,233.00097331309917
16156,2024,F,4,35,0.9997236357863521,1.015364772076599,4.219691480508345,167.40222499284937,27.700000000000045,200.32123811569295
1029,2024,F,2,21,0.9848540231535992,1.0159859704505207,44.684517187710526,102.90647701114563,95.5,95.5
1122,2024,F,4,35,0.9848540231535992,1.015364772076599,-25.47007542922688,31.970135530551033,28.0,28.0
16160,2024,F,4,35,0.9997236357863521,1.015364772076599,30.959360083035335,203.7785673223268,55.5,238.86206495735883
2400,2024,F,4,35,0.9997236357863521,1.015364772076599,48.121498414993084,224.05599594226214,72.89999999999986,259.9101060402802
16164,2024,F,4,35,0.9997236357863521,1.015364772076599,84.06605909938139,264.1485483996455,109.0,301.13769319707967
2406,2024,F,4,35,0.9997236357863521,1.015364772076599,130.49846418643074,315.0155881126807,155.5,353.28481561646254
2403,2024,F,4,35,0.9997236357863521,1.015364772076599,-22.402041218520026,160.15404477686798,4.2000000000000455,196.75558025611417
1032,2024,F,3,35,0.9841716914440886,1.015364772076599,-51.587605359598,-27.528963090522666,-4.330000000000155,-4.330000000000155
994,2024,F,2,35,0.9841716914440886,1.015364772076599,-0.0002604563489967404,22.254452027508705,44.86999999999989,44.86999999999989
1020,2024,F,3,35,0.9841716914440886,1.015364772076599,11.939165949967446,34.735153764313736,58.190000000000055,58.190000000000055
11424,2024,F,3,21,0.9841716914440886,0.9910607862830347,-19.425909701295723,-8.352443754746218,-9.059999999999945,-9.059999999999945
11425,2024,F,2,35,0.9841716914440886,1.015364772076599,-52.24980177062457,-28.0878773711579,-4.7999999999999545,-4.7999999999999545
996,2024,F,2,14,0.9841716914440886,1.0130666221079707,34.184581469157365,79.22558188503876,77.61999999999989,77.61999999999989
1004,2024,F,4,35,0.9841716914440886,1.015364772076599,-39.00643080435543,-14.26133777969153,9.940000000000055,9.940000000000055
11427,2024,F,2,35,0.9841716914440886,1.015364772076599,-99.12178013469202,-73.19540678585258,-49.25,-49.25
11430,2024,F,2,21,0.9841716914440886,0.9910607862830347,-5.878884919238544,5.793800281485574,5.339999999999918,5.339999999999918
11431,2024,F,3,35,0.9841716914440886,1.015364772076599,-69.92088536206393,-43.755609158187326,-18.8599999999999,-18.8599999999999
1053,2024,F,3,21,0.9841716914440886,0.9910607862830347,-207.5845642879499,-193.52215886559725,-198.07999999999993,-198.07999999999993
11432,2024,F,4,35,0.9841716914440886,1.015364772076599,-28.344672082975876,-2.6522850158769415,22.769999999999982,22.769999999999982
11433,2024,F,3,42,0.9841716914440886,1.0071897296791108,16.456464052147567,23.438987678582862,54.309999999999945,54.309999999999945
11441,2024,F,2,14,0.9841716914440886,1.0130666221079707,38.192566484473446,89.90438844464188,88.03999999999996,88.03999999999996
11445,2024,F,3,35,0.9841716914440886,1.015364772076599,-75.07099194215516,-45.843107595743504,-17.960000000000036,-17.960000000000036
11447,2024,F,3,42,0.9841716914440886,1.0071897296791108,126.70221683058412,133.58661730561994,168.18000000000006,168.18000000000006
1102,2024,F,3,35,0.9841716914440886,1.015364772076599,-36.38367723853048,-6.38928714664894,23.210000000000036,23.210000000000036
11453,2024,F,2,21,0.9841716914440886,0.9910607862830347,138.67800743552698,152.58626192462157,154.9599999999998,154.9599999999998
1134,2024,F,3,35,0.9841716914440886,1.015364772076599,37.29649797898264,69.79302114495295,103.7199999999998,103.7199999999998
1144,2024,F,2,35,0.9841716914440886,1.015364772076599,-27.508848605991716,7.63884730565178,42.6899999999996,42.6899999999996
2401,2024,F,3,35,0.9997236357863521,1.015364772076599,115.38399204066923,306.3383608247336,141.5,345.7790063987529
21481,2024,F,2,7,0.9776705001186614,1.015364772076599,17.13189778615606,75.54126726088293,82.39999999999986,82.39999999999986
2894,2024,F,4,35,0.9997236357863521,1.015364772076599,59.253613143097255,248.39817524880687,85.79999999999995,287.0069718026084
2404,2024,F,3,35,0.9997236357863521,1.015364772076599,81.48292883630643,275.09662789053664,108.40000000000009,314.79103018360206
16168,2024,F,4,35,0.9997236357863521,1.015364772076599,8.537899859259369,201.78096666889178,36.299999999999955,240.7935970506892
5344,2024,F,3,35,0.9997236357863521,1.015364772076599,24.185852080160657,223.28701578811592,52.59999999999991,263.6103763226572
16173,2024,F,3,35,0.9997236357863521,1.015364772076599,50.9575884073422,255.31514717737855,79.80000000000018,296.92056278042946
2416,2024,F,3,29,1.1638392560767343,1.015364772076599,17.91764066709561,113.96340956310519,-223.60000000000014,135.44785203549395
16167,2024,F,4,35,0.9997236357863521,1.015364772076599,76.08637804272576,267.1349030382696,102.70000000000005,306.2674689739106
2428,2024,F,3,35,0.9997236357863521,1.015364772076599,81.3039449676478,304.57459117275494,112.5,350.243853856015
1154,2024,F,4,35,0.9841716914440886,1.015364772076599,-51.99471786996128,-17.86424119862977,15.559999999999945,15.559999999999945
18725,2024,F,4,36,1.1923582168155367,1.0,-77.79595517275811,-96.04896200524945,-298.20000000000005,-48.83824168852652
18726,2024,F,3,36,1.1923582168155367,1.0,106.77056500525396,85.95478099917773,-132.5999999999999,138.22018855192687
66,2024,F,3,36,1.1923582168155367,1.0,10.974517260566472,-9.378579893860433,-228.79999999999995,42.47721394244354
18727,2024,F,2,15,1.1923582168155367,0.9880093543512154,-138.83083847708144,-163.0405466440909,-399.29999999999995,-126.99991970735209
71,2024,F,2,15,1.1923582168155367,0.9880093543512154,8.732583328632018,-19.08813241829057,-284.29999999999995,24.148612371139507
86,2024,F,3,15,1.1923582168155367,0.9880093543512154,20.720649739859482,-7.397465617715852,-275.0,36.43015896641532
18596,2024,F,3,42,0.9626679160716206,1.0071897296791108,-32.47257335060499,-13.362861932420174,34.25,34.25
18821,2024,F,2,35,1.1698320019624733,1.0071897296791108,33.91187133955373,101.73183669924265,-175.39999999999986,106.36703481049494
2083,2024,F,2,35,1.1698320019624733,1.0071897296791108,-0.7044129527359928,65.94375357717945,-205.27999999999997,70.43688916460633
2093,2023,F,2,21,0.9516705528738274,0.9412786834472521,-48.16946286058055,-76.23541657732835,-70.7199999999998,-70.7199999999998
2094,2023,F,3,21,0.9516705528738274,0.9412786834472521,-21.914240662800466,-48.51831266963836,-42.960000000000036,-42.960000000000036
2096,2023,F,3,21,0.9516705528738274,0.9412786834472521,-14.597725889030698,-40.955841273234,-35.34999999999991,-35.34999999999991
2097,2023,F,2,21,0.9516705528738274,0.9412786834472521,-18.72332614862171,-45.48809535302257,-39.850000000000136,-39.850000000000136
2106,2023,F,2,21,0.9516705528738274,0.9412786834472521,205.86860778426671,189.19237854735047,195.7299999999998,195.7299999999998
2160,2023,F,2,21,0.9830400911395392,1.0082651729588337,-2.9543916826919485,19.3769025710842,34.899999999999864,34.899999999999864
2161,2023,F,2,21,0.9830400911395392,1.0082651729588337,-9.494161217533474,13.834672563408958,30.0,30.0
2165,2023,F,2,21,0.9830400911395392,1.0082651729588337,15.525667849829688,40.84738988757067,58.59999999999991,58.59999999999991
2187,2023,F,2,28,0.9311980423412887,1.0389848586925226,-85.96052335419972,-3.975050400996679,64.88000000000011,64.88000000000011
2203,2023,F,2,28,0.9408335019790441,1.0389848586925226,-26.692518403064014,51.93600401149206,119.79999999999995,119.79999999999995
2207,2023,F,2,28,0.9408335019790441,1.0389848586925226,52.21800958352969,144.48111312053834,227.67999999999984,227.67999999999984
2233,2023,F,2,28,1.1902534175119972,1.002073933029497,36.748703684700104,29.25634451709493,-228.89999999999986,78.87395584228148
2238,2023,F,4,28,0.9672088273506065,1.0389848586925226,-1.9642432710086268,54.587001916942654,91.61999999999989,91.61999999999989
2239,2023,F,3,28,0.9672088273506065,1.0389848586925226,-6.377762588849691,55.50568205042555,95.8900000000001,95.8900000000001
2240,2023,F,3,28,0.9672088273506065,1.0389848586925226,65.6711800377168,126.6831420888484,168.88999999999987,168.88999999999987
2241,2023,F,3,28,0.9672088273506065,1.0389848586925226,44.786569894460854,107.28319671749568,149.76999999999998,149.76999999999998
2244,2023,F,2,28,0.9672088273506065,1.0389848586925226,12.335352841652593,79.33049673392611,123.68999999999983,123.68999999999983
2246,2023,F,2,28,0.9672088273506065,1.0389848586925226,3.230817529744172,71.528540560186,116.44000000000005,116.44000000000005
2247,2023,F,2,28,0.9672088273506065,1.0389848586925226,88.84280086600734,154.4672718104041,200.4699999999998,200.4699999999998
2251,2023,F,2,28,0.9672088273506065,1.0389848586925226,-0.8207631085501816,72.76449411505723,121.00999999999999,121.00999999999999
2257,2023,F,2,28,0.9672088273506065,1.0389848586925226,240.2940387030642,312.2505422367535,367.44000000000005,367.44000000000005
2321,2023,F,2,21,0.9906583121325101,1.0082651729588337,-6.107186855277405,10.007599765923942,20.100000000000136,20.100000000000136
2322,2023,F,2,21,0.9906583121325101,1.0082651729588337,-84.49283157939794,-67.29668538660985,-57.09999999999991,-57.09999999999991
2324,2023,F,2,21,0.9906583121325101,1.0082651729588337,19.16186076095346,35.79552146924311,46.399999999999864,46.399999999999864
2326,2023,F,2,21,0.9906583121325101,1.0082651729588337,0.02839671691708645,17.3827479687111,28.299999999999955,28.299999999999955
2327,2023,F,3,21,0.9906583121325101,1.0082651729588337,24.554216893755665,42.395944764994056,53.799999999999955,53.799999999999955
2328,2023,F,2,21,0.9906583121325101,1.0082651729588337,89.29867698830935,106.94385705662307,118.69999999999982,118.69999999999982
2329,2023,F,2,7,0.9906583121325101,0.9606550627463425,64.58381840895572,13.768667242228048,13.1099999999999,13.1099999999999
2330,2023,F,2,21,0.9906583121325101,1.0082651729588337,-48.181979943955184,-29.130572951108434,-17.5,-17.5
2331,2023,F,2,7,0.9906583121325101,1.1316969362706963,-88.53753521069598,-211.78915930152152,139.29999999999995,-210.25913440381305
2333,2023,F,2,21,0.9906583121325101,1.0082651729588337,-29.150090911407915,-9.528867789863853,2.599999999999909,2.599999999999909
2334,2023,F,2,21,0.9906583121325101,1.0082651729588337,89.67507377012475,108.19243272758763,120.5,120.5
2335,2023,F,2,21,0.9906583121325101,1.0082651729588337,-0.024845490973120832,19.388128376377153,31.59999999999991,31.59999999999991
2338,2023,F,2,21,0.9906583121325101,0.9412786834472521,-15.189931712525322,-128.2774605509744,-113.6400000000001,-113.6400000000001
2339,2023,F,2,21,0.9906583121325101,1.0082651729588337,117.79931467445317,136.60463471021012,149.29999999999995,149.29999999999995
2340,2023,F,2,21,0.9906583121325101,1.0082651729588337,98.21795104232092,117.46846071515347,130.29999999999995,130.29999999999995
2342,2023,F,3,21,0.9906583121325101,1.0082651729588337,270.95265792058126,292.4106113414823,307.9000000000001,307.9000000000001
2380,2023,F,2,21,1.009006397884893,1.0082651729588337,27.133965262938318,9.036502925987634,25.86999999999989,25.86999999999989
2383,2023,F,3,21,1.009006397884893,1.0082651729588337,-57.06232996339372,-75.6220032645574,-57.710000000000036,-57.710000000000036
2385,2023,F,2,21,1.009006397884893,1.0082651729588337,4.8165768766878045,-14.533263393416519,3.650000000000091,3.650000000000091
2386,2023,F,2,21,1.009006397884893,1.0082651729588337,-11.506635881325565,-30.710912080266098,-12.539999999999964,-12.539999999999964
2387,2023,F,3,21,1.009006397884893,1.0082651729588337,37.236712475624245,17.502589608974176,35.799999999999955,35.799999999999955
2388,2023,F,2,21,1.009006397884893,1.0082651729588337,31.38074102830842,11.325146223588263,29.970000000000027,29.970000000000027
2389,2023,F,2,21,1.009006397884893,1.0082651729588337,47.18216123663342,26.94342396767206,45.6400000000001,45.6400000000001
2390,2023,F,3,21,1.009006397884893,1.0082651729588337,8.42649376889176,-11.477172201887015,7.2000000000000455,7.2000000000000455
2391,2023,F,2,21,1.009006397884893,1.0082651729588337,-2.76443430353288,-22.575161950835763,-3.900000000000091,-3.900000000000091
2393,2023,F,3,21,1.009006397884893,1.0082651729588337,-68.74580041588047,-88.26107178645043,-69.36000000000013,-69.36000000000013
2395,2023,F,2,14,1.009006397884893,0.9630099584820497,59.0462771256698,-15.22940825464616,-16.0,-16.0
2399,2023,F,2,21,1.009006397884893,1.0082651729588337,-4.477346162603226,-25.147431958672087,-5.650000000000091,-5.650000000000091
2400,2023,F,2,13,1.009006397884893,0.9509256659120702,19.636888688583667,-99.68197542286703,-79.96000000000004,-79.96000000000004
2402,2023,F,3,21,1.009006397884893,1.0082651729588337,-9.472169009580057,-30.370712604812752,-10.61999999999989,-10.61999999999989
2403,2023,F,2,21,1.009006397884893,1.0082651729588337,16.194581832848144,-5.228908049187112,14.819999999999936,14.819999999999936
2404,2023,F,3,21,1.009006397884893,1.0082651729588337,15.852186760000677,-5.575086803375143,14.480000000000018,14.480000000000018
2406,2023,F,3,21,1.009006397884893,1.0082651729588337,2.790714266920304,-18.950339704133057,1.5,1.5
2408,2023,F,3,21,1.009006397884893,1.0082651729588337,73.8719077006972,51.13552673701997,71.98000000000002,71.98000000000002
2409,2023,F,3,21,1.009006397884893,1.0082651729588337,-3.2145327102853116,-25.309000298542514,-4.480000000000018,-4.480000000000018
2415,2023,F,2,21,1.009006397884893,1.0082651729588337,13.654617720037322,-9.300755417101982,12.210000000000036,12.210000000000036
2416,2023,F,2,21,1.009006397884893,1.0082651729588337,120.57427357677102,96.54398443803575,118.25,118.25
2420,2023,F,2,21,1.009006397884893,1.0082651729588337,36.53631563439558,12.264283791355183,34.83999999999992,34.83999999999992
2421,2023,F,3,21,1.009006397884893,1.0082651729588337,-98.59080469010496,-121.5832192416276,-99.18000000000006,-99.18000000000006
2422,2023,F,2,13,1.009006397884893,0.9509256659120702,-71.0135294292918,-213.44605284948716,-190.79999999999995,-190.79999999999995
2423,2023,F,2,21,1.009006397884893,1.0082651729588337,-26.900936622937934,-50.786329773003445,-28.089999999999918,-28.089999999999918
2426,2023,F,2,21,1.009006397884893,1.0082651729588337,7.119507129050362,-17.288579308931503,5.6400000000001,5.6400000000001
2427,2023,F,2,21,1.009006397884893,1.0082651729588337,78.90991462852685,53.784038173822864,76.83999999999992,76.83999999999992
2428,2023,F,2,21,1.009006397884893,1.0082651729588337,-23.763918532873276,-48.21537080838448,-25.00999999999999,-25.00999999999999
2430,2023,F,3,21,1.009006397884893,1.0082651729588337,-73.7932547021394,-98.12312800214318,-74.65000000000009,-74.65000000000009
2431,2023,F,2,21,1.009006397884893,1.0082651729588337,79.75575525806858,52.92781545797607,77.58000000000015,77.58000000000015
2499,2023,F,3,21,1.1914330550092207,1.0082651729588337,-27.57050024209957,-11.443050086119683,-232.9000000000001,13.349633033192731
2500,2023,F,3,21,1.1914330550092207,1.0082651729588337,-2.619313229208956,13.999116094197689,-217.5999999999999,39.9664522269411
2503,2023,F,3,28,1.1914330550092207,0.9280386033420953,1.9410916481699587,-70.35032366209748,-349.89999999999986,-79.99386222910653
5264,2023,F,3,28,1.1914330550092207,0.9280386033420953,46.385757392064306,-24.347283805450388,-305.5,-32.91699922750854
2506,2023,F,2,15,1.1914330550092207,0.949813588027303,-49.300044969657165,-123.07944117802549,-373.5,-98.37071490891526
1478,2023,F,3,28,1.1587163617342027,0.9630099584820497,50.353281138656484,50.740999979369235,-224.29999999999995,71.89597928252374
2508,2023,F,3,28,1.1914330550092207,0.9280386033420953,50.43877065696074,-24.172607025826892,-321.0,-33.182819543616915
2511,2023,F,3,21,1.1914330550092207,1.0082651729588337,-71.95590431390406,-52.57414200787207,-313.5999999999999,-23.41064013569644
2512,2023,F,2,21,1.1914330550092207,1.0082651729588337,-1.8572827155162486,17.158415822425013,-248.0,46.89019245247573
2513,2023,F,2,28,1.1914330550092207,0.9280386033420953,79.41887856930794,3.6125828637625546,-302.79999999999995,-4.993550293750559
2515,2023,F,3,28,1.1914330550092207,0.9280386033420953,1.6952464985201914,-79.64448104128428,-394.0999999999999,-90.50456201387169
2516,2023,F,2,14,1.1587163617342027,1.1914330550092207,-107.35547428811469,-73.98978941218934,-53.200000000000045,-64.77797655975769
2518,2023,F,2,28,1.1914330550092207,0.9280386033420953,10.286356290237563,-71.48891351221027,-389.0999999999999,-82.24009493875201
2522,2023,F,3,28,1.1914330550092207,0.9280386033420953,-10.89608647617115,-94.96452539871188,-417.79999999999995,-106.43513037508706
2524,2023,F,3,28,1.1914330550092207,0.9280386033420953,-129.1781823479664,-219.6432396116336,-546.9000000000001,-234.2728697727075
2527,2023,F,3,28,1.1914330550092207,0.9280386033420953,-46.53801759365115,-136.5645507567308,-476.29999999999995,-149.52684578052208
2530,2023,F,2,28,1.1914330550092207,0.9280386033420953,62.00308765332829,-23.77177500032417,-365.6999999999998,-34.05190828167656
2532,2023,F,2,15,1.1914330550092207,0.949813588027303,-0.441230706786655,-89.68522329471375,-402.70000000000005,-58.581644054719845
2533,2023,F,2,15,1.1914330550092207,0.949813588027303,15.31151903065279,-75.21093801156667,-395.39999999999986,-43.33810750526186
2534,2023,F,3,21,1.1914330550092207,1.0082651729588337,-94.6306950683113,-71.01844962829455,-388.0999999999999,-35.602845228579326
2535,2023,F,2,28,1.1914330550092207,0.9280386033420953,-42.55850930402357,-144.183695878668,-529.3999999999999,-158.62182960790915
2079,2024,F,4,35,1.1698320019624733,1.0071897296791108,24.90125304776211,92.92835612040949,-184.75,97.56111265634809
2660,2023,F,3,28,1.170075049261498,0.9280386033420953,25.833334233686855,-18.39796267941938,-276.2900000000002,-22.508153268814567
2661,2023,F,2,28,1.170075049261498,0.9280386033420953,-32.339724140116004,-79.78955820417195,-340.56999999999994,-85.45625070216556
2662,2023,F,2,28,1.170075049261498,0.9280386033420953,21.47497613315568,-25.97584991603526,-300.99,-30.515844958035814
2664,2023,F,2,28,1.170075049261498,0.9280386033420953,-141.76064593924957,-199.4498014090443,-489.41999999999985,-208.4843161379688
2665,2023,F,2,28,1.170075049261498,0.9280386033420953,15.57979014396824,-34.33406141699834,-321.77,-39.25649038499455
2666,2023,F,2,28,1.170075049261498,0.9280386033420953,89.9747622257853,43.46024168561962,-244.3499999999999,40.45298919035622
2667,2023,F,2,28,1.170075049261498,0.9280386033420953,1.1616599531641896,-50.03795148611289,-340.9599999999998,-55.39747813683266
2668,2023,F,2,28,1.170075049261498,0.9280386033420953,-63.19551430072238,-118.28784287490453,-414.28999999999996,-125.40425065436102
2669,2023,F,2,28,1.170075049261498,0.9280386033420953,23.787495745589922,-28.170608731314815,-329.3799999999999,-33.13614186704103
2670,2023,F,2,28,1.170075049261498,0.9280386033420953,-50.66123497652393,-107.1226739059382,-414.2099999999998,-114.12059965255003
2671,2023,F,2,13,1.170075049261498,0.8474885190024314,-0.00013114209627929085,-135.92296716771762,-525.81,-225.17652180669688
2672,2023,F,2,28,1.170075049261498,0.9280386033420953,74.6764999435295,24.158686297102577,-282.33000000000015,20.410147612446735
2673,2023,F,2,28,1.170075049261498,0.9280386033420953,-36.66131145880263,-93.79956331383914,-408.43000000000006,-100.57552063653247
2674,2023,F,2,28,1.170075049261498,0.9280386033420953,92.7793422913885,41.13113648595413,-276.55999999999995,37.642779668883804
2675,2023,F,2,28,1.170075049261498,0.9280386033420953,-167.75645573490692,-233.69550222133375,-563.6199999999999,-244.14184153772294
2677,2023,F,2,14,0.9988034131468042,1.0082651729588337,-0.45214484846519554,8.716354714083991,13.900000000000091,13.900000000000091
2679,2023,F,2,14,0.9988034131468042,1.0082651729588337,-7.917747017386091,2.1551001036693833,7.7999999999999545,7.7999999999999545
2682,2023,F,2,14,0.9988034131468042,1.0082651729588337,1.7125092713747563,12.874195960534735,19.200000000000045,19.200000000000045
2684,2023,F,2,14,0.9988034131468042,1.0082651729588337,-16.400494137316855,-3.7473779878787354,3.300000000000182,3.300000000000182
2685,2023,F,2,14,0.9988034131468042,1.0082651729588337,115.52375615782967,127.52934237807494,135.0999999999999,135.0999999999999
2698,2023,F,2,14,1.0340275137035797,1.0082651729588337,9.623663134512526,-32.439312896118054,-25.840000000000146,-25.840000000000146
2699,2023,F,2,14,1.0340275137035797,1.0082651729588337,0.8855970599477132,-41.88107314259537,-35.17000000000007,-35.17000000000007
2700,2023,F,2,14,1.0340275137035797,1.0082651729588337,15.04083296228464,-28.47675333608254,-21.649999999999864,-21.649999999999864
2705,2023,F,2,14,1.0340275137035797,1.0082651729588337,30.9614784765065,-19.492888113821436,-11.579999999999927,-11.579999999999927
2709,2023,F,2,14,1.0340275137035797,1.0082651729588337,-65.18527969953539,-117.19099404780832,-109.01999999999998,-109.01999999999998
2712,2023,F,2,14,1.0340275137035797,1.0082651729588337,-15.650205823802708,-68.72050251730707,-60.3900000000001,-60.3900000000001
2772,2023,F,2,21,1.013862829276305,1.0389848586925226,7.910727904231408,45.22990792014275,45.15000000000009,45.15000000000009
2773,2023,F,2,21,1.013862829276305,1.0389848586925226,-16.044508483125128,24.622012924681258,24.410000000000082,24.410000000000082
2824,2023,F,2,21,1.0131762663265382,1.002073933029497,-4.989417778688676,-21.389332065740973,-20.75,-20.75
2825,2023,F,2,21,1.0131762663265382,1.002073933029497,39.95737791077204,22.001532212965003,22.899999999999864,22.899999999999864
2830,2023,F,2,21,1.0131762663265382,1.002073933029497,-46.660731683655285,-64.74514213679527,-64.22000000000003,-64.22000000000003
2832,2023,F,2,21,1.0131762663265382,1.002073933029497,3.5681278722086063,-15.171029982927621,-14.400000000000091,-14.400000000000091
2833,2023,F,2,21,1.0131762663265382,1.002073933029497,-128.95644676692814,-147.03529772641582,-146.8699999999999,-146.8699999999999
2836,2023,F,2,21,1.0131762663265382,1.002073933029497,-114.97826672642918,-133.8274343648734,-133.56999999999994,-133.56999999999994
2837,2023,F,2,21,1.0131762663265382,1.002073933029497,-71.92296032507352,-91.15084721568383,-90.69000000000005,-90.69000000000005
2838,2023,F,2,21,1.0131762663265382,1.002073933029497,-7.0466021280117275,-26.920385695321556,-26.15000000000009,-26.15000000000009
2841,2023,F,2,21,1.0131762663265382,1.002073933029497,9.225273898108753,-11.089259515943468,-10.230000000000018,-10.230000000000018
2842,2023,F,2,21,1.0131762663265382,1.002073933029497,-26.579300461729872,-46.66351377135334,-45.9699999999998,-45.9699999999998
2850,2023,F,2,21,1.0131762663265382,1.002073933029497,440.0562623503997,411.79782669153997,414.8600000000001,414.8600000000001
2891,2023,F,2,8,0.9509256659120702,1.0082651729588337,-20.206915573430706,73.78557065306131,73.59999999999991,73.59999999999991
2892,2023,F,2,8,0.9509256659120702,1.0082651729588337,-22.931397700352363,75.9975269503484,75.79999999999995,75.79999999999995
2921,2023,F,2,7,0.9691450174277867,1.1091910085941294,-113.81504666724504,-204.67761496819662,75.15000000000009,-214.89789962438158
2922,2023,F,2,7,0.9691450174277867,1.1091910085941294,0.0006161377996249939,-83.353301704665,182.1300000000001,-92.16575783123744
2924,2023,F,2,7,0.9691450174277867,1.1091910085941294,-3.611385845826817,-89.85578518525472,184.52999999999997,-98.9933180969092
2925,2023,F,2,7,0.9691450174277867,1.1091910085941294,-42.650405131849766,-132.54322103380446,150.18000000000006,-142.27707632581973
2927,2023,F,2,7,0.9691450174277867,1.1091910085941294,30.81956148478639,-54.085592603651094,218.93000000000006,-62.89579521784685
2928,2023,F,2,7,0.9691450174277867,1.1091910085941294,-55.40915099281824,-147.870207319045,141.96000000000004,-157.94441387985944
2929,2023,F,2,7,0.9691450174277867,1.1091910085941294,31.773414189722416,-54.0863968885576,222.04999999999995,-62.99238344253149
2930,2023,F,2,7,0.9691450174277867,1.1091910085941294,3.953260604267143,-84.87201107145688,198.37000000000012,-94.2415944340421
2931,2023,F,2,7,0.9691450174277867,1.1091910085941294,-3.649608960087562,-93.4278270685329,192.21000000000004,-102.93917350710194
2932,2023,F,2,7,0.9691450174277867,1.1091910085941294,-19.484200439278766,-111.65422765288417,180.26999999999998,-121.50386535821144
2933,2023,F,2,7,0.9691450174277867,1.1091910085941294,27.34072931858327,-61.58791219966224,223.95000000000005,-70.84225844022217
2935,2023,F,2,7,0.9691450174277867,1.1091910085941294,-49.695043196182496,-147.1104833096549,158.98000000000002,-157.67765890937358
2936,2023,F,2,7,0.9691450174277867,1.1091910085941294,-9.329890521394645,-105.48241612574702,199.98000000000002,-115.69831878683772
2938,2023,F,2,7,0.9691450174277867,1.1091910085941294,-2.2963164795958164,-99.06896139997207,208.96000000000004,-109.31248195586613
2939,2023,F,2,7,0.9691450174277867,1.1091910085941294,12.840584241995657,-83.15871389611607,223.68000000000006,-93.23881627538321
2940,2023,F,2,7,0.9691450174277867,1.1091910085941294,-59.60687939814693,-162.94692185233794,161.18000000000006,-174.19393680672624
2942,2023,F,2,7,0.9691450174277867,1.1091910085941294,17.844327616779083,-94.08416662301465,263.90999999999985,-105.82136461666937
2943,2023,F,2,7,0.9691450174277867,1.1091910085941294,60.42359222963614,-53.674326143813914,314.8100000000002,-65.41118548472014
2996,2023,F,2,7,0.9630099584820497,1.0082651729588337,-23.22626025633508,25.648230547746607,43.899999999999864,43.899999999999864
18825,2024,F,2,35,1.1698320019624733,1.0071897296791108,61.27056875966764,130.68620799576638,-153.83999999999992,135.4788353109384
2999,2023,F,2,7,0.9630099584820497,1.0082651729588337,12.444701734817272,70.15280361367377,91.90000000000009,91.90000000000009
3000,2023,F,2,7,0.9630099584820497,1.0082651729588337,6.70012033984608,64.60658698600378,86.40000000000009,86.40000000000009
3002,2023,F,2,7,0.9630099584820497,1.0082651729588337,-80.0563311986241,-20.271491405228517,1.7999999999999545,1.7999999999999545
3003,2023,F,2,14,0.9630099584820497,0.9280386033420953,-410.6790774396188,-479.4418376286096,-511.9999999999998,-511.9999999999998
3006,2023,F,2,14,0.9630099584820497,0.9280386033420953,-333.41427938420793,-403.1358112124774,-435.9000000000001,-435.9000000000001
3008,2023,F,2,7,0.9630099584820497,1.0082651729588337,89.03316584519484,160.14008263881692,187.29999999999995,187.29999999999995
1752,2024,F,3,35,1.1698320019624733,1.0071897296791108,41.245401995219936,110.04008445061845,-171.29999999999995,114.75436823581867
3028,2023,F,2,7,0.9399418021383348,0.9412786834472521,28.55843382953276,30.275242493591577,32.549999999999955,32.549999999999955
3030,2023,F,2,7,0.9399418021383348,0.9412786834472521,-247.0167248546693,-262.43788649070075,-260.1600000000001,-260.1600000000001
3032,2023,F,2,7,0.9399418021383348,0.9412786834472521,12.783422360037548,13.515286173942513,15.940000000000055,15.940000000000055
3033,2023,F,2,7,0.9399418021383348,0.9412786834472521,-0.9981252115949246,-1.123826965715807,1.3199999999999363,1.3199999999999363
3035,2023,F,2,7,0.9399418021383348,0.9412786834472521,-51.63207012149633,-54.907016377607306,-52.450000000000045,-52.450000000000045
3036,2023,F,2,7,0.9399418021383348,0.9412786834472521,-171.81314092506045,-182.5616921656483,-180.1199999999999,-180.1199999999999
3038,2023,F,2,7,0.9399418021383348,0.9412786834472521,-146.32978011316527,-155.49491903689568,-153.0,-153.0
3041,2023,F,2,7,0.9399418021383348,0.9412786834472521,-19.87005278497577,-21.1727474366985,-18.59999999999991,-18.59999999999991
19603,2024,F,2,28,0.9488319589813748,1.0071897296791108,-6.9444926090659465,72.42624086331148,84.05999999999995,84.05999999999995
829,2024,F,4,42,0.9626679160716206,1.0071897296791108,-0.39962881524070326,19.077180314162433,68.33999999999992,68.33999999999992
819,2024,F,3,42,0.9626679160716206,1.0071897296791108,-60.333057342071925,-41.11936286582545,6.129999999999882,6.129999999999882
18820,2024,F,3,35,1.1698320019624733,1.0071897296791108,2.316853744369155,69.92333000431609,-205.30000000000018,74.48659145158854
1744,2024,F,3,35,1.1698320019624733,1.0071897296791108,46.62632964719046,115.89135259379123,-167.53999999999996,120.6471533915635
1108,2023,F,2,35,0.997282975023355,1.0082651729588337,-56.09342711388035,-48.59995480050429,-36.299999999999955,-36.299999999999955
3028,2024,F,4,42,0.9626679160716206,1.0071897296791108,-12.302631199073403,7.330190453407795,56.72000000000003,56.72000000000003
2074,2024,F,4,42,0.9626679160716206,1.0071897296791108,-18.033232434047477,1.7099296858461912,51.25,51.25
3360,2023,F,3,43,1.034901991578708,1.0389848586925226,-181.9524545982713,72.72406502248623,-170.28999999999996,97.49205786068228
3371,2023,F,2,43,1.034901991578708,1.0389848586925226,-204.88100485731343,86.42876891259789,-191.66000000000008,114.79075852116603
3373,2023,F,2,42,1.3027797753350687,1.0389848586925226,-0.0004396667025048373,-69.25858162860709,-325.75,-46.529249508098474
3379,2023,F,2,43,1.034901991578708,1.0389848586925226,-182.2198202066429,124.9272055686663,-169.5200000000002,155.1573663572508
1742,2024,F,3,35,1.1698320019624733,1.0071897296791108,-41.56184920700616,25.79221475156828,-246.96000000000004,30.258544019161263
68,2025,F,4,36,1.1783515392824246,1.0103899250199988,-9.81248066584385,-8.802550887599637,-225.70000000000005,57.06813804686476
27188,2025,F,3,21,1.1783515392824246,1.2045309779965194,5.645733539322691,-20.80563552546255,33.59999999999991,40.91240624826787
1759,2024,F,2,35,1.1698320019624733,1.0071897296791108,-30.111449987310834,38.37740555853952,-239.3699999999999,42.941112656348196
18829,2024,F,2,35,1.1698320019624733,1.0071897296791108,19.19159594507005,89.79154893223813,-198.16999999999985,94.58740729673104
245,2025,F,4,36,1.1783515392824246,1.0103899250199988,-43.591209058801496,-42.03364436416837,-271.1999999999998,27.368158690444034
18823,2024,F,2,35,1.1698320019624733,1.0071897296791108,-10.04122326489005,59.662620407054646,-223.69000000000005,64.34481159472443
1763,2024,F,2,14,0.913420929782097,1.0071897296791108,-6.4815807084362405,147.05363889033106,152.0999999999999,152.0999999999999
18818,2024,F,2,35,1.1698320019624733,1.0071897296791108,-71.39018347496858,-3.764712529835606,-276.6399999999999,0.6655964744979883
72,2025,F,3,21,1.1783515392824246,1.2045309779965194,-7.879102043996227,-34.20937051437795,22.200000000000045,27.03141127117715
18600,2024,F,2,42,0.9626679160716206,1.0071897296791108,-43.968601222904226,-23.846199691995253,26.069999999999936,26.069999999999936
27189,2025,F,3,21,1.1783515392824246,1.2045309779965194,-42.09811519600885,-68.98519018340903,-5.7000000000000455,-6.940497488545589
3975,2025,F,2,13,0.9838853924201816,1.2045309779965194,68.82743133770919,36.56092457819045,415.0899999999999,80.15567809272306
1791,2024,F,3,42,0.9626679160716206,1.0071897296791108,52.722318463935835,73.29647955088103,126.52999999999997,126.52999999999997
1764,2024,F,2,35,1.1698320019624733,1.0071897296791108,-26.26734643220243,43.13609048131843,-238.46000000000004,47.76847314649149
1746,2024,F,2,35,1.1698320019624733,1.0071897296791108,7.373902138543372,78.30975942961686,-210.62999999999988,83.10674741926687
18828,2024,F,3,35,1.1698320019624733,1.0071897296791108,-8.387122280525091,62.02349343096398,-224.26,66.75635819000058
18831,2024,F,4,35,1.1698320019624733,1.0071897296791108,32.27953529971978,104.27932894522155,-189.80999999999995,109.19342096712671
18863,2024,F,2,35,1.1698320019624733,1.0071897296791108,579.6986144725204,672.0109513353239,277.24,679.2917649717372
3035,2024,F,2,14,0.913420929782097,1.0071897296791108,-50.981060021078974,100.6834017752667,105.60000000000014,105.60000000000014
3033,2024,F,2,35,1.1698320019624733,1.0071897296791108,45.36792398995499,118.35725411877911,-180.19000000000005,123.36191175845988
18826,2024,F,4,35,1.1698320019624733,1.0071897296791108,-32.92263560695437,37.325702119034304,-247.49,42.0029402216112
18832,2024,F,3,35,1.1698320019624733,1.0071897296791108,15.092103207732862,87.35188636604403,-207.23000000000002,92.2522094714775
1741,2024,F,3,28,0.9488319589813748,1.0071897296791108,-35.46995223770864,47.9088383787373,60.059999999999945,60.059999999999945
1762,2024,F,3,35,1.1698320019624733,1.0071897296791108,49.175993969562796,122.73303065158052,-178.25,127.7829067355508
18601,2024,F,3,42,0.9626679160716206,1.0071897296791108,-76.71988611874372,-56.238303529965606,-6.150000000000091,-6.150000000000091
1756,2024,F,3,35,1.1698320019624733,1.0071897296791108,-11.729655915803733,60.31865559975677,-232.51999999999998,65.15587102324457
841,2024,F,3,42,0.9626679160716206,1.0071897296791108,136.0078518188859,157.6136573096967,215.33000000000015,215.33000000000015
18603,2024,F,2,42,0.9626679160716206,1.0071897296791108,-24.006700212068836,-3.133774129915537,49.13000000000011,49.13000000000011
18609,2024,F,3,42,0.9626679160716206,1.0071897296791108,77.1299550702222,98.49835027680797,154.28999999999996,154.28999999999996
3193,2024,F,4,35,1.1698320019624733,1.0071897296791108,31.55442477898964,105.62232722440012,-196.86000000000013,110.67456159010567
3040,2024,F,2,35,1.1698320019624733,1.0071897296791108,-23.244893246369656,48.863250283921616,-243.84000000000015,53.683529226405426
1765,2024,F,4,35,1.1698320019624733,1.0071897296791108,15.52063828587643,89.10767068944779,-210.88999999999987,94.09827727151264
22577,2024,F,2,14,0.913420929782097,1.0071897296791108,-10.358040377045654,150.30484462413528,155.57999999999993,155.57999999999993
2086,2024,F,2,35,1.1698320019624733,1.0071897296791108,-52.618572174831115,19.168012867425887,-271.26,23.913112932319564
18836,2024,F,3,35,1.1698320019624733,1.0071897296791108,17.194658397042303,91.69344584949658,-212.06999999999994,96.74858530631968
18835,2024,F,4,35,1.1698320019624733,1.0071897296791108,-7.4450790233988755,66.55564851351414,-234.37000000000012,71.53232805254606
27422,2025,F,3,34,0.9795811914208377,1.008443923314166,-53.27437250455728,-15.998639200155822,-8.5,-8.5
28526,2025,F,2,14,0.9572816207248798,1.008443923314166,0.9602985766100574,76.96965328108399,88.51999999999998,88.51999999999998
27427,2025,F,3,34,0.9795811914208377,1.008443923314166,46.80304816381545,87.0136835674598,95.66999999999985,95.66999999999985
28527,2025,F,2,14,0.9572816207248798,1.008443923314166,-14.219213005142592,64.11864366832879,75.95000000000005,75.95000000000005
2820,2025,F,2,9,1.0190700934769488,0.9572816207248798,87.54853629469494,-11.847626277682366,-22.100000000000136,-22.100000000000136
27439,2025,F,2,20,0.9795811914208377,0.9572816207248798,-21.096590323173814,-65.28951355618801,-69.3599999999999,-69.3599999999999
1750,2024,F,3,35,1.1698320019624733,1.0071897296791108,19.476275734142064,94.71338996049985,-212.12999999999988,99.82247369843458
18851,2024,F,3,35,1.1698320019624733,1.0071897296791108,126.0254396664991,205.21818817620033,-121.23000000000002,210.7880646535034
18839,2024,F,3,35,1.1698320019624733,1.0071897296791108,29.14924866081583,104.94166385138965,-204.48000000000002,110.10581047236428
1800,2024,F,3,42,0.9626679160716206,1.0071897296791108,104.44921989870113,126.55034161641152,184.80999999999995,184.80999999999995
18610,2024,F,3,42,0.9626679160716206,1.0071897296791108,108.0701683090283,130.23294291489606,188.73000000000002,188.73000000000002
18607,2024,F,3,42,0.9626679160716206,1.0071897296791108,-18.376835272095605,3.242181080926912,57.51999999999998,57.51999999999998
835,2024,F,2,28,0.9488319589813748,1.0071897296791108,11.407194847330175,100.86926267469744,114.02999999999997,114.02999999999997
22581,2024,F,2,14,0.913420929782097,1.0071897296791108,68.97226722297046,240.1762019242824,245.92000000000007,245.92000000000007
1769,2024,F,4,35,1.1698320019624733,1.0071897296791108,53.95528031823778,131.20698749326357,-184.97000000000003,136.5147175577838
2415,2024,F,2,35,0.9997236357863521,1.015364772076599,60.84625996244495,253.64504956234236,87.90000000000009,293.00348627198287
2418,2024,F,2,35,0.9997236357863521,1.015364772076599,51.160929969633344,245.8045088804604,78.59999999999991,285.4540942219912
16169,2024,F,3,35,0.9997236357863521,1.015364772076599,34.70015550583685,234.60018538621625,63.100000000000136,275.17203533750126
16171,2024,F,2,35,0.9997236357863521,1.015364772076599,66.11024703307658,268.6231097742618,94.5,309.9828972788082
2412,2024,F,2,35,0.9997236357863521,1.015364772076599,-106.95209803642524,101.32121194689421,-75.59999999999991,142.40151387785295
2423,2024,F,2,35,0.9997236357863521,1.015364772076599,23.27032197246558,231.4157150451781,53.0,273.5540132114136
662,2024,F,2,35,0.9997236357863521,1.015364772076599,110.7413236447237,318.9310596814473,139.4000000000001,361.80626936497197
16175,2024,F,2,7,0.9997236357863521,0.93312099703225,-161.54759625720953,-81.58266579475594,-315.7999999999997,-90.03933991791519
4251,2024,F,2,35,0.9997236357863521,1.015364772076599,117.33506232686614,333.06581545685776,147.0,377.515537159205
16176,2024,F,2,35,0.9997236357863521,1.015364772076599,116.56004741894344,333.4382300324621,146.39999999999986,378.11272711211427
16177,2024,F,2,35,0.9997236357863521,1.015364772076599,127.26138993670793,347.1246138756476,157.4000000000001,392.4897063189055
17562,2024,F,3,35,1.1698320019624733,1.0071897296791108,34.26979302885434,112.0076074968631,-205.5,117.31226750166593
855,2024,F,4,42,0.9626679160716206,1.0071897296791108,14.897436667856937,37.30614396741066,94.32999999999993,94.32999999999993
1804,2024,F,4,42,0.9626679160716206,1.0071897296791108,132.2279877038693,155.2431972330312,216.44000000000005,216.44000000000005
1796,2024,F,4,35,1.1698320019624733,1.0071897296791108,2.2398174880522674,80.05710808939807,-236.72000000000003,85.30879540363708
6870,2024,F,2,42,0.9626679160716206,1.0071897296791108,-65.33773322822435,-43.09913007137288,11.690000000000055,11.690000000000055
18837,2024,F,2,35,1.1698320019624733,1.0071897296791108,-74.28763879194412,1.0053122011609048,-302.98,5.9474008754903025
861,2024,F,3,42,0.9626679160716206,1.0071897296791108,243.03475150318968,266.79825732554286,332.3799999999999,332.3799999999999
19610,2024,F,2,28,0.9488319589813748,1.0071897296791108,59.82000112535434,155.453000389914,169.6400000000001,169.6400000000001
3046,2024,F,2,14,0.913420929782097,1.0071897296791108,-3.525843425165931,168.98422407475869,174.66000000000008,174.66000000000008
3198,2024,F,2,35,1.1698320019624733,1.0071897296791108,-57.944238737128444,18.80013193041259,-291.6299999999999,23.869861253398085
1783,2024,F,3,28,0.9488319589813748,1.0071897296791108,81.97422004696296,179.1163655277869,193.57999999999993,193.57999999999993
1781,2024,F,4,35,1.1698320019624733,1.0071897296791108,-2.896406667475503,75.97396536807992,-244.91999999999985,81.28731325979061
18271,2024,F,3,42,0.9626679160716206,1.0071897296791108,113.68537292234691,137.06310432497844,198.76,198.76
1760,2024,F,3,42,0.9626679160716206,1.0071897296791108,63.82426562934006,87.17718790032154,147.69000000000005,147.69000000000005
18844,2024,F,3,35,1.1698320019624733,1.0071897296791108,-28.258636419273444,50.49847881811047,-269.0999999999999,55.7580002020743
18849,2024,F,2,35,1.1698320019624733,1.0071897296791108,-7.22180417854247,72.30558421125079,-251.1199999999999,77.65536069221798
6867,2024,F,4,42,0.9626679160716206,1.0071897296791108,141.18897067924786,165.35085453036731,229.6500000000001,229.6500000000001
18854,2024,F,3,35,1.1698320019624733,1.0071897296791108,-18.33790714557381,63.95499781568378,-270.3599999999999,69.47102251995648
18860,2024,F,3,35,1.1698320019624733,1.0071897296791108,147.39707184061808,235.7526608258022,-128.69000000000005,241.9793548229202
2085,2024,F,4,35,1.1698320019624733,1.0071897296791108,-331.56841094098695,-260.1599986774661,-539.8700000000001,-255.94841691992633
3036,2024,F,3,35,1.1698320019624733,1.0071897296791108,-149.2429319470814,-70.98528299317763,-384.56999999999994,-65.97977658215541
1797,2024,F,2,35,1.1698320019624733,1.0071897296791108,-58.28424124825028,23.307684169153163,-306.84000000000015,28.70368909463241
18856,2024,F,3,35,1.1698320019624733,1.0071897296791108,5.240988865952659,90.33959229155789,-256.1700000000001,96.0877605192452
18612,2024,F,2,42,0.9626679160716206,1.0071897296791108,76.18517941861614,101.13625284110867,165.97000000000003,165.97000000000003
3537,2024,F,3,35,1.1698320019624733,1.0071897296791108,-56.33895391344913,26.777900260103706,-309.6400000000001,32.28028144803284
839,2024,F,4,42,0.9626679160716206,1.0071897296791108,-341.0261970325266,-317.85314196438253,-266.9000000000001,-266.9000000000001
18613,2024,F,3,42,0.9626679160716206,1.0071897296791108,257.17206897661094,283.27985062034736,355.1099999999999,355.1099999999999
18841,2024,F,3,35,1.1698320019624733,1.0071897296791108,8.157093127111693,86.24559267158997,-231.83000000000015,91.52634534751905
845,2024,F,2,28,0.9488319589813748,1.0071897296791108,-132.02831085766343,-45.7993752737118,-33.47000000000003,-33.47000000000003
591,2024,F,2,7,0.9997236357863521,0.93312099703225,48.813018339357086,118.54921463367509,-58.5,116.84315112183549
3100,2024,F,2,35,0.9997236357863521,1.015364772076599,-83.35389393838886,85.3409805810677,-58.0,118.64198927829352
2390,2024,F,3,35,0.9997236357863521,1.015364772076599,-24.89260658857006,144.20994891342343,-0.20000000000004547,178.07965477991434
589,2024,F,2,7,0.9997236357863521,0.93312099703225,-48.78628260618552,18.02295732850621,-165.29999999999995,13.533072777013786
604,2024,F,2,35,0.9997236357863521,1.015364772076599,35.02746835189464,205.64152834613355,59.19999999999982,240.31451023444447
588,2024,F,2,7,0.9997236357863521,0.93312099703225,21.196629278626006,92.10568033208642,-92.0,89.52110304864004
5685,2024,F,2,35,0.9997236357863521,1.015364772076599,-40.186820892990454,135.89059219107116,-14.299999999999955,171.038557804143
2409,2024,F,3,35,0.9997236357863521,1.015364772076599,2.8014195639834725,190.25996000009263,29.800000000000182,228.0591738996909
16165,2024,F,3,35,0.9997236357863521,1.015364772076599,85.50985330661342,271.6529437770332,111.29999999999995,309.87541275517606
16166,2024,F,3,35,0.9997236357863521,1.015364772076599,33.36024734151488,223.02095493827414,60.299999999999955,261.51826604744724
28018,2025,F,3,21,0.9854045985071295,0.975984067600649,6.874903853084334,-10.078352307691375,-7.279999999999973,-7.279999999999973
2243,2025,F,3,14,0.9854045985071295,1.0303419314401105,27.462163748473813,66.03610414039122,93.29999999999995,93.29999999999995
28021,2025,F,4,21,0.9854045985071295,0.975984067600649,26.002402087302244,7.817448589632477,11.240000000000009,11.240000000000009
20763,2025,F,2,7,0.9873138224104678,1.0303419314401105,12.144774689136284,27.73236771481743,80.20000000000005,80.20000000000005
28531,2025,F,2,7,1.0303419314401105,0.975984067600649,17.649440275718234,-43.784559484351576,-69.67000000000007,-69.67000000000007
28414,2025,F,3,14,0.9873138224104678,0.975984067600649,69.923623173431,16.756054961613927,49.22000000000003,49.22000000000003
19504,2025,F,2,7,0.9817877859053008,1.0303419314401105,16.19602115202906,37.88339687262692,89.20000000000005,89.20000000000005
28376,2025,F,3,14,0.9817877859053008,0.975984067600649,10.719155140629255,-25.353291470767772,1.6100000000001273,1.6100000000001273
7115,2025,F,2,7,0.9817877859053008,1.0303419314401105,-26.898536747139133,-4.280175184826248,45.40000000000009,45.40000000000009
28377,2025,F,3,14,0.9817877859053008,0.975984067600649,9.55074275099787,-27.536754087233703,0.15000000000009095,0.15000000000009095
19506,2025,F,3,21,0.9854045985071295,0.975984067600649,27.763190582111292,11.165048706871858,14.379999999999882,14.379999999999882
19360,2025,F,3,21,0.9854045985071295,0.975984067600649,11.503064120808403,-5.536356568074552,-2.619999999999891,-2.619999999999891
19524,2025,F,3,22,0.9568500849160775,1.0303419314401105,70.59074181368055,155.65623849196254,188.0,188.0
2061,2025,F,5,29,0.9568500849160775,0.975984067600649,-73.67226383488787,-46.942326870129364,-42.59999999999991,-42.59999999999991
1671,2025,F,4,22,0.9568500849160775,1.0303419314401105,-22.17561307510823,66.7932686034419,98.80000000000018,98.80000000000018
2064,2025,F,4,29,0.9568500849160775,0.975984067600649,65.37428981070798,97.71449409076286,106.31999999999994,106.31999999999994
28029,2025,F,2,14,0.9854045985071295,1.0303419314401105,-8.859581879593634,40.11325458387728,73.39999999999986,73.39999999999986
27226,2025,F,4,29,0.9568500849160775,0.975984067600649,144.24885642937943,176.4290294544528,186.71000000000004,186.71000000000004
3371,2025,F,3,28,1.1168900940464523,0.975984067600649,-161.03978077821944,-61.41780855933439,-365.01,-63.51470249886552
1954,2024,F,3,28,1.0062997337485868,1.0,35.85586708273786,10.367808353819555,25.660000000000082,25.660000000000082
19456,2024,F,2,7,1.0062997337485868,1.0159859704505207,85.95677836980826,87.02537057127097,100.08999999999992,100.08999999999992
19458,2024,F,2,7,1.0062997337485868,1.0159859704505207,77.18711934041835,78.46361609573887,91.50999999999999,91.50999999999999
19459,2024,F,3,28,1.0062997337485868,1.0,-8.50119526781009,-34.014630597000405,-18.799999999999955,-18.799999999999955
19366,2024,F,3,35,1.1534732851171412,0.9396603797686175,-12.262954991619608,-45.29203184346193,-277.0,-24.54787952407969
18922,2024,F,3,28,0.93312099703225,1.015364772076599,9.90799686489163,100.38192847018672,134.0999999999999,134.0999999999999
19367,2024,F,2,21,0.9231030899750604,1.015364772076599,-6.325122019426544,120.29956092275825,141.10000000000014,141.10000000000014
18763,2024,F,3,35,1.1534732851171412,0.9396603797686175,8.184257182288547,-27.255609098799596,-283.0,-3.9968806464398767
18954,2024,F,2,7,0.93312099703225,0.9231030899750604,29.848722692287765,-10.42852458668358,9.200000000000273,9.200000000000273
18768,2024,F,2,7,1.1534732851171412,0.9231030899750604,308.2935651709454,235.7030365929768,-162.9000000000001,270.40359643754937
652,2024,F,2,21,0.9231030899750604,1.015364772076599,128.90000155840426,312.74950840746305,343.9999999999998,343.9999999999998
4681,2024,F,3,14,0.93312099703225,0.9910607862830347,187.66979546759148,309.32374065662725,330.1399999999999,330.1399999999999
11458,2024,F,4,42,0.9466787578610981,0.9396603797686175,-27.843462286058866,-66.91584574041394,-41.799999999999955,-41.799999999999955
11470,2024,F,4,42,0.9466787578610981,0.9396603797686175,137.19789755651777,101.4256434531012,132.29999999999995,132.29999999999995
1514,2024,F,2,14,0.9466787578610981,0.9231030899750604,-316.8953776640433,-439.855637181623,-411.4000000000001,-411.4000000000001
19446,2024,F,2,28,1.0062997337485868,1.0,-78.55167584024434,-100.62339100426061,-87.6099999999999,-87.6099999999999
19447,2024,F,3,28,1.0062997337485868,1.0,-38.413860861092644,-60.81242275935074,-47.51999999999998,-47.51999999999998
64,2024,F,3,28,1.0062997337485868,1.0,43.24819148618826,19.800566905154483,33.8900000000001,33.8900000000001
19448,2024,F,2,7,1.0062997337485868,1.0159859704505207,-32.98155476829265,-29.466970403345613,-18.200000000000045,-18.200000000000045
297,2024,F,2,28,1.0062997337485868,1.0,-63.602554553950995,-86.79190066951969,-73.07999999999993,-73.07999999999993
1935,2024,F,2,28,1.0062997337485868,1.0,-38.27549885215262,-61.61372216208861,-47.75999999999999,-47.75999999999999
19449,2024,F,3,28,1.0062997337485868,1.0,-9.147663987037049,-32.87975629244556,-18.730000000000018,-18.730000000000018
19450,2024,F,2,28,1.0062997337485868,1.0,41.48640430518594,17.332688479469653,31.839999999999918,31.839999999999918
1937,2024,F,3,28,1.0062997337485868,1.0,81.1697431339303,56.33040566486261,71.33000000000015,71.33000000000015
19454,2024,F,3,28,1.0062997337485868,1.0,-25.01921578549195,-49.831486443719996,-35.069999999999936,-35.069999999999936
1962,2024,F,2,7,1.0062997337485868,1.0159859704505207,-75.00117277651657,-70.22413459032123,-57.940000000000055,-57.940000000000055
19462,2024,F,2,28,1.0062997337485868,1.0,22.55769063593607,-3.7096622457488593,12.019999999999982,12.019999999999982
19463,2024,F,2,28,1.0062997337485868,1.0,-16.499454597913427,-42.695388218169455,-27.090000000000146,-27.090000000000146
19465,2024,F,3,28,1.0062997337485868,1.0,32.27181527674702,5.521968664940232,21.559999999999945,21.559999999999945
18037,2024,F,2,7,1.0062997337485868,1.0159859704505207,5.209203411479166,8.330259069194199,21.799999999999955,21.799999999999955
18740,2024,F,2,7,0.8893861670381632,1.0062997337485868,13.515142835331972,205.36047487020573,248.7099999999998,248.7099999999998
1961,2024,F,3,28,1.0062997337485868,1.0,-69.55601970893895,-97.42092987884075,-80.93000000000006,-80.93000000000006
19468,2024,F,3,28,1.0062997337485868,1.0,56.52325747633154,27.95655414234193,45.12999999999988,45.12999999999988
19469,2024,F,3,28,1.0062997337485868,1.0,182.11382445236882,152.89429410730395,170.7199999999998,170.7199999999998
1983,2024,F,3,28,1.0062997337485868,1.0,10.317272638842724,-19.409427874765925,-1.6400000000001,-1.6400000000001
19473,2024,F,2,7,1.0062997337485868,0.9880093543512154,191.64578386537664,156.16246226264866,158.81999999999994,158.81999999999994
18741,2024,F,3,35,0.8893861670381632,1.0,33.045794281074905,214.2024046821898,280.5,280.5
2323,2024,F,2,21,1.0130666221079707,1.015364772076599,-18.876862633560222,-41.35052660503652,-15.200000000000045,-15.200000000000045
1056,2024,F,2,21,1.0130666221079707,1.015364772076599,-4.262671371185888,-29.762738416221737,-0.40000000000009095,-0.40000000000009095
3097,2024,F,2,21,1.0130666221079707,1.015364772076599,-537.9858213313423,-547.3195893383327,-526.9000000000001,-526.9000000000001
19490,2024,F,2,21,1.0130666221079707,1.015364772076599,-28.23165236726254,-48.59111172063376,-24.700000000000045,-24.700000000000045
19491,2024,F,2,21,1.0130666221079707,1.015364772076599,-36.392719833354704,-56.845940668819594,-32.700000000000045,-32.700000000000045
1049,2024,F,2,21,1.0130666221079707,1.015364772076599,59.89246217989762,35.72869136979807,62.399999999999864,62.399999999999864
1078,2024,F,2,21,1.0130666221079707,1.015364772076599,40.2453838374779,12.762039182439594,43.600000000000136,43.600000000000136
1108,2024,F,2,21,1.0130666221079707,1.015364772076599,46.04395240675808,17.846745994463163,49.399999999999864,49.399999999999864
3115,2024,F,2,21,1.0130666221079707,1.015364772076599,-42.22371301063026,-66.2189502756678,-37.90000000000009,-37.90000000000009
1116,2024,F,2,21,1.0130666221079707,1.015364772076599,-5.718967619430941,-32.7685035800348,-1.6000000000001364,-1.6000000000001364
406,2024,F,2,21,1.0159859704505207,1.0,-29.204171370561653,-55.44133687619069,-53.100000000000136,-53.100000000000136
21215,2024,F,2,21,1.0159859704505207,1.0,5.38766027484462,-21.240771567075626,-18.700000000000045,-18.700000000000045
21217,2024,F,2,21,1.0159859704505207,1.0,35.173984515277425,8.295725750471775,11.0,11.0
1957,2024,F,2,21,1.0159859704505207,1.0,73.49567353279872,44.517349994210235,47.600000000000136,47.600000000000136
21224,2024,F,2,21,1.0159859704505207,1.0,91.45271719104358,59.66789043897688,63.09999999999991,63.09999999999991
3755,2024,F,2,21,1.0159859704505207,1.0,-42.65953534084724,-74.06650665296843,-71.30000000000018,-71.30000000000018
1987,2024,F,2,21,1.0159859704505207,1.0,-75.8603919149607,-110.18630549499062,-107.29999999999995,-107.29999999999995
1617,2024,F,2,21,1.0118296450699371,1.0097545119962215,-74.49612983460611,46.207967989676945,-76.40000000000009,62.42257731999348
19360,2024,F,3,29,0.921654932344968,1.0097545119962215,-24.871436390286135,89.58441011127798,112.0,112.0
19510,2024,F,2,14,1.0118296450699371,1.0115011840950996,0.7764998511895556,137.43514051724583,0.2999999999999545,156.91309404375284
19511,2024,F,2,21,1.0118296450699371,1.0097545119962215,-5.613936933912555,133.0449378951605,-8.599999999999909,152.27585844211103
1621,2024,F,3,21,1.0118296450699371,1.0097545119962215,-303.1340156193603,-157.51396312702627,-303.29999999999995,-139.56417462735817
4520,2024,F,2,21,1.0118296450699371,1.0097545119962215,-40.59526881116403,105.73000946857542,-43.40000000000009,125.76215046136781
19514,2024,F,2,21,1.0118296450699371,1.0097545119962215,8.492496350138936,154.69391907382396,5.2000000000000455,175.0798607937445
2243,2024,F,2,21,1.0118296450699371,1.0097545119962215,74.03780746382859,219.8010136756434,70.09999999999991,240.62145033329307
19516,2024,F,2,21,1.0118296450699371,1.0097545119962215,-27.17686350402937,122.99206896916803,-30.200000000000045,143.65989081874181
19518,2024,F,3,21,1.0118296450699371,1.0097545119962215,3.962587967240097,155.42175632056,0.599999999999909,176.5042778261177
2244,2024,F,2,21,1.0118296450699371,1.0097545119962215,-16.83752492665235,134.97355127572496,-20.0,155.94777542201928
19522,2024,F,2,21,1.0118296450699371,1.0097545119962215,-28.281077025206514,126.75660542174933,-31.40000000000009,148.09282948800046
19361,2024,F,3,29,0.921654932344968,1.0097545119962215,199.9838482826317,349.96315352707006,381.3000000000002,381.3000000000002
2207,2024,F,3,21,1.0118296450699371,1.0097545119962215,59.22243305481629,229.26382143671253,54.90000000000009,253.346906902128
19525,2024,F,2,21,1.0118296450699371,1.0097545119962215,26.61919057585851,197.68736352661085,22.59999999999991,221.66674764372578
18778,2024,F,2,8,1.0199359646209076,1.0693955126862114,1.777674746807861,120.67249700742082,68.92000000000007,83.91913805448326
18779,2024,F,3,29,1.0199359646209076,1.0097545119962215,-216.1741868733609,200.8173316480361,-234.0,195.82149822408837
19595,2024,F,3,21,0.9597244891629383,1.0097545119962215,-24.116364649374873,21.930793970156856,53.90000000000009,53.90000000000009
246,2024,F,3,21,0.9597244891629383,1.0097545119962215,80.66217499797654,126.49593652994258,160.0,160.0
2188,2024,F,3,21,0.9597244891629383,1.0097545119962215,18.079790961622166,65.96247887812297,99.90000000000009,99.90000000000009
3364,2024,F,2,21,0.9597244891629383,1.0097545119962215,99.37663038722371,148.3728076293453,184.4000000000001,184.4000000000001
19597,2024,F,3,21,0.9597244891629383,1.0097545119962215,47.73735351509595,112.57292808427792,158.9000000000001,158.9000000000001
27641,2025,F,4,35,1.191852284729702,1.0086549324779468,-9.08810917469691,34.449560783358265,-236.95000000000005,36.177078618344694
20495,2024,F,3,21,0.9515902505728533,0.9814617668332035,-28.766637991199104,-3.371394739687048,11.900000000000091,11.900000000000091
20496,2024,F,3,21,0.9515902505728533,0.9814617668332035,-26.36039144756637,-0.09419007907217747,15.700000000000045,15.700000000000045
2928,2024,F,3,21,0.9515902505728533,0.9814617668332035,-11.844213491903247,15.975927629391435,32.700000000000045,32.700000000000045
4631,2024,F,3,21,0.9515902505728533,0.9814617668332035,-26.942607648101102,2.6852123115693303,20.5,20.5
2932,2024,F,2,21,0.9515902505728533,0.9814617668332035,2.222923879878408,34.18840785499651,53.399999999999864,53.399999999999864
4252,2024,F,2,29,1.1638392560767343,1.015364772076599,252.14990539945666,367.43289809021053,-52.5,395.23254090957835
18766,2024,F,2,8,1.1112652470934474,1.1534732851171412,83.06308600578541,192.86854965909197,143.0,174.12125278280746
19019,2024,F,2,43,1.1112652470934474,0.9396603797686175,-157.86594917044727,-123.75599665326422,-435.0,-116.82327574500391
18767,2024,F,2,8,1.1112652470934474,1.1534732851171412,10.0988127772398,118.4934754672272,80.0,97.41049106730497
27047,2025,F,4,42,0.9490953852526809,1.008443923314166,-17.12616086762955,43.8623144640153,70.20000000000005,70.20000000000005
27331,2025,F,4,28,0.9751451050895794,0.9623971004410954,18.172477254020123,-22.982902859442902,-0.06999999999993634,-0.06999999999993634
5924,2025,F,4,35,1.1206705456531756,0.9623971004410954,-7.222181995700566,-92.88170675879906,-218.01,-74.33287584965274
16156,2025,F,3,36,1.1279267065935854,1.008443923314166,-376.9037328773138,-261.77472669545045,-525.5,-246.75803801244956
27858,2025,F,3,34,1.0023152077268587,1.008443923314166,0.004378581176069929,-12.489401715073427,9.400000000000091,9.400000000000091
2400,2025,F,3,36,1.1279267065935854,1.008443923314166,-98.71231662289256,15.401185788921794,-252.60000000000014,31.582740446083108
27193,2025,F,3,36,1.1279267065935854,1.008443923314166,-63.48274118921563,50.76468428624389,-218.4000000000001,67.1320535037994
22363,2025,F,3,34,0.9795811914208377,1.008443923314166,-31.20519652367443,6.724629946415234,14.480000000000018,14.480000000000018
592,2025,F,4,42,0.9490953852526809,1.008443923314166,59.958878491443784,130.98661918260882,162.29999999999995,162.29999999999995
27346,2025,F,4,35,1.1206705456531756,0.9623971004410954,-55.41363036250846,-154.1199434359903,-296.70000000000005,-133.49176678546496
27347,2025,F,3,14,1.1206705456531756,0.9877021510072077,15.492955977724478,-6.105258998923318,-184.5,-17.587590928464124
2406,2025,F,3,36,1.1279267065935854,1.008443923314166,75.95425900605073,204.94456017181142,-102.5,224.1208124226389
27349,2025,F,4,21,1.1206705456531756,1.0022105164016688,46.75640626772929,17.933273746171835,-134.9000000000001,37.51254898041634
16159,2025,F,2,7,0.9877021510072077,1.0022105164016688,-3.281362769285124,-9.31368079810386,21.62999999999988,21.62999999999988
27937,2025,F,2,28,0.9877021510072077,1.008443923314166,2.0207929042619526,-7.576344271466496,37.41000000000008,37.41000000000008
27196,2025,F,3,36,1.1279267065935854,1.008443923314166,-43.12195875561042,88.77773815034493,-222.70000000000005,107.81640979894837
11469,2025,F,2,7,0.9751451050895794,0.9877021510072077,170.16024530010804,200.0287731048859,197.59000000000015,197.59000000000015
27351,2025,F,3,14,1.1206705456531756,0.9877021510072077,-57.82733681826585,-79.25094089717959,-268.8299999999999,-93.4990094352795
27861,2025,F,3,34,1.0023152077268587,1.008443923314166,-103.46197715651442,-116.23625688236234,-92.09999999999991,-92.09999999999991
27198,2025,F,3,36,1.1279267065935854,1.008443923314166,17.051911013461677,157.9549609483015,-176.29999999999995,178.59109729317515
27942,2025,F,2,28,0.9877021510072077,1.008443923314166,42.63836089849701,31.538076264191204,81.52999999999997,81.52999999999997
27199,2025,F,2,8,1.1279267065935854,0.9877021510072077,-20.28079851328539,139.03394423732857,-263.5300000000002,108.96745638498669
648,2025,F,3,42,0.9490953852526809,1.008443923314166,-166.9782976601391,-90.89119489051791,-59.200000000000045,-59.200000000000045
660,2025,F,3,34,1.0023152077268587,1.008443923314166,1713.8246310374986,1664.4221448687354,1721.9,1721.9
27201,2025,F,2,8,1.1279267065935854,0.9877021510072077,202.02998462269898,397.93579909864,-100.17999999999984,366.9434753357891
16168,2025,F,2,8,1.1279267065935854,0.9877021510072077,32.15744904489907,194.49716833427783,-216.43000000000006,165.25149042299017
27943,2025,F,2,28,0.9877021510072077,1.008443923314166,63.627226602491646,51.63628468069942,104.75,104.75
27873,2025,F,3,34,1.0023152077268587,1.008443923314166,83.47787529283187,65.07646256126463,95.90000000000009,95.90000000000009
17920,2025,F,4,42,0.9490953852526809,1.008443923314166,-51.322354680667786,7.274515957902622,32.299999999999955,32.299999999999955
27190,2025,F,3,36,1.1279267065935854,1.008443923314166,-36.52135127738484,70.14117623824791,-181.69999999999982,85.5292747692954
27191,2025,F,3,36,1.1279267065935854,1.008443923314166,-107.3208740499283,5.549838484227848,-259.29999999999995,21.509457801793133
576,2025,F,3,42,0.9490953852526809,1.008443923314166,11.351624973921844,74.70676204546567,102.29999999999995,102.29999999999995
27338,2025,F,4,35,1.1206705456531756,0.9623971004410954,-39.631539727671,-125.71981035452018,-250.3699999999999,-107.59085787559252
583,2025,F,3,42,0.9490953852526809,1.008443923314166,59.56876617855073,128.56961354257214,159.0,159.0
2509,2025,F,3,14,0.9751451050895794,1.0022105164016688,-93.35467212868821,-72.42507320506411,-52.200000000000045,-52.200000000000045
27192,2025,F,3,36,1.1279267065935854,1.008443923314166,-35.82698843072103,76.9536433603514,-189.39999999999986,93.2375593638601
604,2025,F,2,14,0.9490953852526809,0.9877021510072077,9.52544397575548,86.92715545591614,75.00999999999999,75.00999999999999
2410,2025,F,3,36,1.1279267065935854,1.008443923314166,-57.42306250809611,61.94668201947525,-219.5,79.08992180427799
27933,2025,F,2,28,0.9877021510072077,1.008443923314166,-46.85149873411524,-55.4151300302492,-12.809999999999945,-12.809999999999945
2385,2025,F,4,34,1.0023152077268587,1.008443923314166,127.6794987826795,112.27224654214228,137.0999999999999,137.0999999999999
27348,2025,F,4,35,1.1206705456531756,0.9623971004410954,-36.78162249796878,-134.93443900906595,-277.3399999999999,-114.13176678546483
16157,2025,F,2,7,0.9877021510072077,1.0022105164016688,-48.61320549806851,-53.91530134800996,-24.090000000000146,-24.090000000000146
27195,2025,F,3,36,1.1279267065935854,1.008443923314166,-31.8871051250419,98.01526002576361,-209.0,116.81557721077593
27935,2025,F,2,28,0.9877021510072077,1.008443923314166,18.475318970815806,8.775821056990708,53.41000000000008,53.41000000000008
27936,2025,F,2,28,0.9877021510072077,1.008443923314166,7.350631582583901,-2.2681391169335257,42.549999999999955,42.549999999999955
20420,2025,F,3,35,1.004920407848821,1.008443923314166,13.405972785012864,8.790326386848392,19.200000000000045,19.200000000000045
2393,2025,F,2,8,1.1279267065935854,0.9877021510072077,207.4610041853207,362.8632617601986,-32.91000000000008,339.52216704348484
27938,2025,F,2,28,0.9877021510072077,1.008443923314166,-90.1701439604467,-98.89209337453599,-53.34999999999991,-53.34999999999991
27866,2025,F,3,34,1.0023152077268587,1.008443923314166,46.11365387388901,31.129260486488192,56.59999999999991,56.59999999999991
20419,2025,F,2,14,0.9490953852526809,0.9877021510072077,101.58206213266476,190.7714936125301,179.47000000000003,179.47000000000003
646,2025,F,3,21,0.9490953852526809,1.0022105164016688,82.2572226914017,161.79306410127742,181.5,181.5
18959,2025,F,3,34,1.0023152077268587,1.008443923314166,-70.40173533507391,-84.24067859092816,-58.799999999999955,-58.799999999999955
21481,2025,F,2,28,0.9877021510072077,1.008443923314166,-83.0610609772616,-92.32675463807391,-44.590000000000146,-44.590000000000146
18611,2024,F,2,14,0.9626679160716206,0.9488319589813748,86.17483430700622,13.127679275532955,61.87000000000012,61.87000000000012
18593,2024,F,2,14,0.9626679160716206,0.9488319589813748,26.07221408181772,-25.778378348468777,7.519999999999982,7.519999999999982
833,2024,F,2,14,0.9626679160716206,0.9488319589813748,42.63682596271474,-16.859875379640698,21.819999999999936,21.819999999999936
1761,2024,F,2,7,0.9626679160716206,1.1698320019624733,40.551050343960696,-8.646648906601513,326.4000000000001,38.909266251128884
825,2024,F,3,42,0.9626679160716206,1.0071897296791108,33.090058327237784,52.10994396349474,100.97000000000003,100.97000000000003
1768,2024,F,4,42,0.9626679160716206,1.0071897296791108,-46.65708147313194,-26.35933094771849,23.940000000000055,23.940000000000055
1755,2024,F,2,7,0.9626679160716206,1.1698320019624733,-52.144243294575745,-101.76975813178251,230.1099999999999,-57.38073374887131
18817,2024,F,2,7,1.1698320019624733,0.9488319589813748,-43.10269300466007,-57.25618215313261,-339.1600000000001,-64.70537143777347
4957,2024,F,2,7,1.1698320019624733,0.9488319589813748,-46.831313320835534,-62.1559386919173,-367.22,-70.2187855056136
19606,2024,F,2,14,0.9488319589813748,0.913420929782097,22.921067331998756,-51.81522615216727,-43.99000000000001,-43.99000000000001
18834,2024,F,2,7,1.1698320019624733,0.9488319589813748,-86.92248788286702,-104.19756263741829,-413.1299999999999,-112.71197663365479
823,2024,F,3,35,1.1698320019624733,1.0071897296791108,20.322416410212327,89.09282727917002,-191.46000000000004,93.76736991012149
851,2024,F,2,7,1.1698320019624733,0.9488319589813748,9.13548165249108,-5.352183497014266,-348.4599999999998,-13.873887914068973
18812,2024,F,2,7,1.1698320019624733,0.9488319589813748,-90.42324189366673,-105.74485800360003,-366.09000000000015,-113.07203856439264
1792,2024,F,2,7,1.1698320019624733,0.9488319589813748,35.64968392535616,23.84553248758266,-284.5999999999999,16.42739055370089
5065,2024,F,2,14,0.9488319589813748,0.913420929782097,-65.86876265284968,-146.44663514643435,-139.24,-139.24
1773,2024,F,2,7,1.1698320019624733,0.9488319589813748,20.098133276679164,6.969462241003839,-316.05999999999995,-0.9518747956165043
18852,2024,F,3,21,1.1698320019624733,0.913420929782097,-0.9008280225421004,-97.08029791019794,-430.3399999999999,-97.47317390696549
18847,2024,F,2,7,1.1698320019624733,0.9488319589813748,-58.053448625855026,-75.21867359508678,-411.19000000000005,-84.15568841451272
831,2024,F,3,35,1.1698320019624733,1.0071897296791108,70.88987826760581,146.0005444618289,-162.01999999999998,151.19473430081416
23924,2024,F,2,7,1.1066684408711531,1.0798537521069935,-1.3987323988005755,-46.832342460470045,-31.59999999999991,-38.47714397158529
1478,2024,F,3,42,0.9466787578610981,0.9396603797686175,-12.219994277691512,-49.99136788464284,-25.0,-25.0
476,2024,F,2,42,0.9466787578610981,0.9396603797686175,-71.37386125859962,-108.77653124405947,-86.90000000000009,-86.90000000000009
11455,2024,F,2,42,0.9466787578610981,0.9396603797686175,-362.5316403856052,-414.93375240549426,-397.0,-397.0
11456,2024,F,2,42,0.9466787578610981,0.9396603797686175,34.22635947205163,-0.4335104068975397,24.700000000000045,24.700000000000045
11457,2024,F,2,7,0.9466787578610981,0.93312099703225,-88.18496841353863,-121.12385410909383,-117.59999999999991,-117.59999999999991
4545,2024,F,2,42,0.9466787578610981,0.9396603797686175,-5.10929579813228,-43.05143793450611,-17.59999999999991,-17.59999999999991
1512,2024,F,4,42,0.9466787578610981,0.9396603797686175,327.5072188353315,287.312901208571,330.4000000000001,330.4000000000001
2523,2024,F,2,35,1.1534732851171412,0.9396603797686175,7.429821137738372,-34.33712431916206,-335.0,-7.029874519645091
1490,2024,F,2,35,1.1534732851171412,0.9396603797686175,-53.35546390232321,-97.39596199290463,-394.0,-71.4706529781779
4550,2024,F,2,7,0.9466787578610981,1.1534732851171412,34.514114409794956,34.99093392896634,361.5,37.66486614812993
18758,2024,F,3,35,1.1534732851171412,0.9396603797686175,-0.49174192179771126,-31.044160347847992,-249.0,-11.346796931288964
18760,2024,F,3,35,1.1534732851171412,0.9396603797686175,-19.296452792823175,-54.20707597966725,-297.0,-32.57816691530775
18761,2024,F,2,35,1.1534732851171412,0.9396603797686175,-56.06144771312438,-93.86021552413081,-345.0,-72.09055251999666
1486,2024,F,2,35,1.1534732851171412,0.9396603797686175,-48.90446702177542,-89.00910771632675,-359.0,-65.415594377572
1488,2024,F,4,43,1.1112652470934474,0.9396603797686175,28.871533725823838,68.93728189074841,-216.0,78.01966789911057
3371,2024,F,2,29,1.0199359646209076,1.0097545119962215,-196.92945595410697,122.51781845876667,-210.26,118.5240659377514
11463,2024,F,2,42,0.9466787578610981,0.9396603797686175,42.56838216452957,5.286526079949226,32.59999999999991,32.59999999999991
11464,2024,F,2,42,0.9466787578610981,0.9396603797686175,-47.814313288644826,-89.55763936732114,-63.59999999999991,-63.59999999999991
11465,2024,F,2,42,0.9466787578610981,0.9396603797686175,80.14435001659785,44.42454973007466,72.5,72.5
497,2024,F,2,42,0.9466787578610981,0.9396603797686175,-43.483754183495876,-86.59161040774757,-59.5,-59.5
11468,2024,F,2,42,0.9466787578610981,0.9396603797686175,-29.550110726168896,-72.06455555895786,-44.700000000000045,-44.700000000000045
4549,2024,F,2,7,0.9466787578610981,1.1534732851171412,26.82194204355187,27.121045183992692,344.20000000000005,29.505373958465043
11475,2024,F,2,42,0.9466787578610981,0.9396603797686175,-158.68513378322746,-213.9376569159367,-184.19999999999982,-184.19999999999982
11476,2024,F,3,21,0.9466787578610981,0.9910607862830347,-3.6996368297632216,68.6699968649823,91.94000000000005,91.94000000000005
11478,2024,F,2,42,0.9466787578610981,0.9396603797686175,587.2876603516547,562.0837769171233,607.5999999999999,607.5999999999999
2928,2025,F,3,28,1.205836790869739,1.0172604029273278,59.03542066557884,76.89917420213237,-155.64999999999986,95.21341316602889
27946,2025,F,2,21,1.205836790869739,0.9957702661721838,16.427661782389805,16.58029206900528,-228.70000000000005,24.252672094105264
27947,2025,F,2,21,1.205836790869739,0.9957702661721838,-103.12371025565926,-101.95739862805976,-381.5,-94.77097523532348
27948,2025,F,2,21,1.205836790869739,0.9957702661721838,34.046772478458024,34.121230446703066,-267.0999999999999,43.72079177905971
27747,2025,F,3,28,1.1532013003894073,0.9623971004410954,6.294470646848595,8.019471947025977,-220.06999999999994,28.682391124118112
4655,2025,F,4,36,1.1451182524817425,0.9623971004410954,-63.31177402413368,-68.67206452701976,-290.96000000000004,-32.849469927205746
357,2025,F,3,36,1.1451182524817425,0.9623971004410954,-4.945792724563489,-8.856799019978098,-248.73000000000002,30.490750491901508
26935,2025,F,4,36,1.1451182524817425,0.9623971004410954,-9.97953245099984,-14.048876278746093,-254.52999999999997,25.34364390692531
3431,2025,F,5,36,1.1451182524817425,0.9623971004410954,-18.998044480495082,-23.564136528556446,-278.71000000000004,18.13887269754764
26941,2025,F,4,36,1.1451182524817425,0.9623971004410954,11.682055289118807,7.792664476420441,-262.02,52.23936376485244
26940,2025,F,4,36,1.1451182524817425,0.9623971004410954,14.238450972229884,10.557024000458341,-250.81999999999994,53.64596253949344
360,2025,F,3,20,1.1532013003894073,0.9505808310235232,96.54892801018991,68.6599863872757,-222.0,108.36406800210943
26942,2025,F,4,36,1.1451182524817425,0.9623971004410954,56.681192061924094,54.072837290593725,-218.8699999999999,99.52435539333737
18766,2025,F,3,28,1.1532013003894073,0.9623971004410954,31.534574096169536,34.59201889727228,-279.69000000000005,63.296674025905304
287,2024,F,2,36,0.9486263762889581,1.0,-6.552523261384067,17.740935748582388,74.69999999999982,74.69999999999982
18795,2024,F,2,36,0.9486263762889581,1.0,-10.395352431946549,16.797087142108467,80.5,80.5
18796,2024,F,2,14,0.9486263762889581,1.011364693286593,45.32625143571522,100.41527183417429,155.9000000000001,155.9000000000001
305,2024,F,2,36,0.9486263762889581,1.0,-282.080049188015,-247.45189901373078,-171.0,-171.0
256,2025,F,4,42,0.9565723516557585,1.0103899250199988,50.495053968354114,96.61001906637898,137.10000000000014,137.10000000000014
7993,2025,F,4,50,1.1980994855674991,1.0103899250199988,-31.85734532633637,-10.757963336518515,-268.89999999999986,9.167305458692681
18727,2025,F,3,36,1.1783515392824246,1.0103899250199988,-95.46021600863196,-93.18373100882991,-310.60000000000014,-27.657757042462435
26876,2025,F,3,22,1.1980994855674991,0.9838853924201816,-8.472670462709175,12.54083076023835,-302.81999999999994,-8.735042759386943
26875,2025,F,5,50,1.1980994855674991,1.0103899250199988,5.097409229628056,26.47393092108382,-241.79999999999995,47.366493514099375
21208,2024,F,2,14,0.9519803569401701,1.015364772076599,37.600685723059314,142.1296030108715,136.5999999999999,136.5999999999999
385,2024,F,2,14,0.9519803569401701,1.015364772076599,13.731550389828271,122.75214534758356,116.90000000000009,116.90000000000009
27602,2025,F,2,7,0.9739695707960832,0.9838853924201816,83.29934360170068,112.5692651969382,99.7800000000002,99.7800000000002
282,2025,F,2,22,1.1980994855674991,0.9838853924201816,-25.80657554333993,-7.589556918224162,-277.5899999999999,-26.33485078495687
448,2025,F,2,8,0.9531116899247727,0.9838853924201816,-19.851371041054563,18.486226993211858,26.639999999999873,26.639999999999873
27605,2025,F,2,7,0.9739695707960832,0.9838853924201816,70.73467931644154,102.11811481192944,87.97000000000003,87.97000000000003
26874,2025,F,5,50,1.1980994855674991,1.0103899250199988,37.90636649665589,58.126282382537966,-201.60000000000014,78.51303815910069
20462,2025,F,2,7,0.9739695707960832,0.9838853924201816,119.20777080299877,155.60974935879744,140.06999999999994,140.06999999999994
26878,2025,F,3,50,1.1980994855674991,1.0103899250199988,-29.102021954953216,-5.599014443223041,-294.3000000000002,16.7166598035667
26622,2025,F,2,28,0.9838853924201816,1.0103899250199988,6.375686331836505,7.26404626466865,52.23000000000002,52.23000000000002
27620,2025,F,2,7,0.9739695707960832,0.9838853924201816,58.44746409578647,94.79721883577076,77.86000000000013,77.86000000000013
27106,2025,F,3,14,0.9565723516557585,0.9838853924201816,88.73639952447411,140.97857475517003,143.03999999999996,143.03999999999996
20463,2025,F,2,7,0.9739695707960832,0.9838853924201816,-54.40512800935335,-18.02108479998651,-37.61999999999989,-37.61999999999989
27622,2025,F,2,7,0.9739695707960832,0.9838853924201816,73.2911299937748,110.52431416965123,93.49000000000001,93.49000000000001
26633,2025,F,2,28,0.9838853924201816,1.0103899250199988,-18.271913271270932,-16.971198148956773,30.079999999999927,30.079999999999927
27969,2025,F,2,28,0.9838853924201816,1.0103899250199988,76.15726019811154,76.07267238128793,124.02999999999997,124.02999999999997
18741,2025,F,5,42,0.9565723516557585,1.0103899250199988,48.74114117346062,108.18668472244576,160.0999999999999,160.0999999999999
27107,2025,F,4,28,0.9565723516557585,0.9201811423342579,98.79197282339692,-21.935541436334915,23.6899999999996,23.6899999999996
635,2024,F,2,14,0.93312099703225,0.9910607862830347,14.78867484894613,102.74550717058378,115.15000000000009,115.15000000000009
18911,2024,F,2,36,0.9197339302284334,1.0,0.0003637097115642973,131.82363096769086,127.79999999999995,127.79999999999995
18912,2024,F,2,36,0.9197339302284334,1.0,-27.049081767178905,107.85364420524161,103.60000000000014,103.60000000000014
18913,2024,F,2,36,0.9197339302284334,1.0,-39.83435763557077,114.20194842101387,109.29999999999995,109.29999999999995
18914,2024,F,2,36,0.9197339302284334,1.0,32.642582562056305,187.25508261085497,182.70000000000005,182.70000000000005
4117,2024,F,2,28,0.93312099703225,1.015364772076599,-50.5480206606303,42.59445380127727,76.59999999999991,76.59999999999991
570,2024,F,2,28,0.93312099703225,1.015364772076599,17.70401541751494,111.68765649458987,146.79999999999995,146.79999999999995
18928,2024,F,2,28,0.93312099703225,1.015364772076599,-22.025570877707878,73.70226030355752,109.0,109.0
2700,2024,F,2,28,0.93312099703225,1.015364772076599,-0.6314277497549483,94.77326969793785,130.19999999999982,130.19999999999982
18932,2024,F,2,28,0.93312099703225,1.015364772076599,-38.79161811203949,62.012153706202525,99.0,99.0
623,2024,F,2,28,0.93312099703225,1.015364772076599,-35.34698733656569,65.83251317510349,103.0,103.0
3098,2024,F,2,28,0.93312099703225,1.015364772076599,-29.297842146906078,72.37782662850373,109.79999999999995,109.79999999999995
18824,2024,F,2,14,1.1698320019624733,0.9774158748773243,65.05257141608604,103.5731394011766,-194.70000000000005,94.11828369275304
1751,2024,F,2,21,1.1698320019624733,0.913420929782097,-13.158926730443682,-100.60592430068937,-399.79999999999995,-101.0142101712147
18842,2024,F,2,21,1.1698320019624733,0.913420929782097,5.150815728204179,-87.956550096113,-412.43000000000006,-88.3119456682864
2096,2024,F,2,21,1.1698320019624733,0.913420929782097,66.64891446332558,-21.89278304255049,-349.51,-21.97513679632766
18850,2024,F,2,21,1.1698320019624733,0.913420929782097,52.09551696101289,-38.38837026022293,-368.25,-38.53882541291455
1452,2024,F,2,56,1.1343874137665315,0.9396603797686175,-5.990662209286938,-27.234263795451625,-265.0,6.6036606499556
17931,2024,F,2,14,0.93312099703225,0.9910607862830347,-31.557597638647394,56.98001813401197,68.45000000000005,68.45000000000005
18938,2024,F,2,28,0.93312099703225,1.015364772076599,35.482276768532074,139.68520877333663,178.79999999999995,178.79999999999995
18941,2024,F,2,14,0.93312099703225,0.9910607862830347,60.16866237714885,152.2024097094245,166.16000000000008,166.16000000000008
3116,2024,F,2,28,0.93312099703225,1.015364772076599,27.361818303590326,133.47152913970308,173.19999999999982,173.19999999999982
2713,2024,F,2,14,0.93312099703225,0.9910607862830347,78.47461848153898,170.53775055118012,184.89999999999986,184.89999999999986
18943,2024,F,2,28,0.93312099703225,1.015364772076599,-49.17931436409958,59.0683378294907,98.70000000000005,98.70000000000005
612,2024,F,3,28,0.93312099703225,1.015364772076599,18.12722576499459,128.13225652983215,169.20000000000005,169.20000000000005
2405,2024,F,2,28,0.93312099703225,1.015364772076599,48.149356578739344,167.50860019727838,212.39999999999986,212.39999999999986
650,2024,F,2,28,0.93312099703225,1.015364772076599,147.5705546764409,267.31016994768925,313.5,313.5
18958,2024,F,2,14,0.93312099703225,0.9910607862830347,250.46009229143806,359.7920108888386,380.28999999999996,380.28999999999996
20394,2024,F,2,22,1.0067287099933742,1.0,-5.95982610241731,-32.551632708421266,-15.320000000000164,-15.320000000000164
1676,2025,F,4,42,0.9795159028574982,1.008443923314166,61.79788669642426,79.21112397288448,105.59999999999991,105.59999999999991
1686,2025,F,2,28,1.020952268216646,1.008443923314166,39.53703792989927,23.980639119261014,21.799999999999955,21.799999999999955
1060,2025,F,3,35,1.004920407848821,1.008443923314166,-7.54267345088374,-11.747628997472702,-1.7999999999999545,-1.7999999999999545
11448,2025,F,3,35,1.004920407848821,1.008443923314166,118.05320684666071,112.2199358880714,123.0,123.0
11437,2025,F,3,35,1.004920407848821,1.008443923314166,8.574178891745532,4.095841765660452,14.299999999999955,14.299999999999955
24603,2025,F,2,7,1.004920407848821,1.020952268216646,42.57767792443724,55.77390750043787,69.59999999999991,69.59999999999991
27975,2025,F,2,28,1.020952268216646,1.008443923314166,13.541699729217953,-1.737047409790648,-4.0,-4.0
1016,2025,F,2,28,1.020952268216646,1.008443923314166,22.551129486888385,6.358935828182439,4.0,4.0
11428,2025,F,3,35,1.004920407848821,1.008443923314166,-3.6220095026308172,-7.578735436267152,1.7000000000000455,1.7000000000000455
1004,2025,F,3,35,1.004920407848821,1.008443923314166,33.81184014206883,29.291699685808226,39.0,39.0
1050,2025,F,3,35,1.004920407848821,1.008443923314166,-35.24859867607847,-38.96618176299762,-29.5,-29.5
1008,2025,F,4,35,1.004920407848821,1.008443923314166,-74.7601561834781,-77.70948820810008,-69.10000000000014,-69.10000000000014
1049,2025,F,4,35,1.004920407848821,1.008443923314166,-0.2231132433394123,-4.014348037524314,4.7999999999999545,4.7999999999999545
27520,2025,F,3,28,1.004920407848821,0.9671788547365939,47.102414741802704,2.638342917806085,-8.900000000000091,-8.900000000000091
27528,2025,F,4,35,1.004920407848821,1.008443923314166,-38.94692879846798,-42.74870493492722,-33.0,-33.0
27535,2025,F,3,28,1.004920407848821,0.9671788547365939,-57.38027189933473,-110.84430651120806,-126.20000000000005,-126.20000000000005
11365,2025,F,3,28,1.020952268216646,1.008443923314166,62.27810207765856,40.95086716522519,38.0,38.0
27541,2025,F,3,35,1.004920407848821,1.008443923314166,116.35774235906092,110.33133296354436,121.60000000000014,121.60000000000014
1032,2025,F,3,35,1.004920407848821,1.008443923314166,39.80090711276648,35.468403973663726,44.600000000000136,44.600000000000136
1020,2025,F,3,35,1.004920407848821,1.008443923314166,100.22791106209957,95.14529929788705,104.59999999999991,104.59999999999991
1074,2025,F,2,28,1.020952268216646,1.008443923314166,17.996768429072745,0.7425747679628785,-1.7999999999999545,-1.7999999999999545
1042,2025,F,3,35,1.004920407848821,1.008443923314166,-50.39661416865056,-53.73045085497233,-44.799999999999955,-44.799999999999955
1096,2025,F,3,35,1.004920407848821,1.008443923314166,21.784585635659596,17.004038986005753,27.59999999999991,27.59999999999991
1056,2025,F,2,7,1.004920407848821,1.020952268216646,50.07508715935569,63.28717973766197,77.29999999999995,77.29999999999995
3097,2025,F,3,34,0.9795811914208377,1.008443923314166,-20.642154212661808,14.565863913085195,21.809999999999945,21.809999999999945
3102,2025,F,4,42,0.9795159028574982,1.008443923314166,-40.53925853773353,-21.637708813478184,4.900000000000091,4.900000000000091
28702,2025,F,2,7,0.9957702661721838,1.0172604029273278,151.33953905165276,169.11358084726203,181.70000000000005,181.70000000000005
2940,2025,F,2,7,0.9957702661721838,1.0172604029273278,-31.2451866920901,-7.478155042233993,5.379999999999882,5.379999999999882
22552,2025,F,2,7,0.9957702661721838,1.0172604029273278,-17.920752033691997,1.4704572606096917,12.090000000000146,12.090000000000146
28708,2025,F,2,7,0.9957702661721838,1.0172604029273278,14.553071438967208,33.30081159686097,44.1099999999999,44.1099999999999
3238,2025,F,2,7,0.9957702661721838,1.0172604029273278,43.483543856544884,61.77561444723756,72.81999999999994,72.81999999999994
3237,2025,F,2,7,0.9957702661721838,1.0172604029273278,-33.159540020113354,-12.810207454171405,-1.9100000000000819,-1.9100000000000819
3240,2025,F,2,7,0.9957702661721838,1.0172604029273278,9.528150362284805,29.005318774722355,40.1400000000001,40.1400000000001
28709,2025,F,2,7,0.9957702661721838,1.0172604029273278,3.4870093255640313,24.11161485843604,35.79000000000019,35.79000000000019
28711,2025,F,2,7,0.9957702661721838,1.0172604029273278,-2.797642791460703,15.058254436422885,25.070000000000164,25.070000000000164
2924,2025,F,2,7,0.9957702661721838,1.0172604029273278,0.9622770752748693,19.4553594861934,29.889999999999873,29.889999999999873
2699,2024,F,2,14,0.9910607862830347,1.015364772076599,56.59842161408119,67.78408204345851,91.89999999999986,91.89999999999986
587,2024,F,2,14,0.9910607862830347,1.015364772076599,-61.701461305132625,-47.55053438150185,-22.680000000000064,-22.680000000000064
2705,2024,F,2,14,0.9910607862830347,1.015364772076599,48.50015081799643,61.32785546388277,88.28999999999996,88.28999999999996
28712,2025,F,2,7,0.9957702661721838,1.0172604029273278,8.360536219445976,27.26040160247885,38.049999999999955,38.049999999999955
3366,2024,F,2,14,0.9880093543512154,1.0097545119962215,-7.601697689307457,12.20403882489586,26.200000000000045,26.200000000000045
20462,2024,F,2,14,0.9880093543512154,1.0097545119962215,-26.78413769803319,-5.172189885578973,9.799999999999955,9.799999999999955
20463,2024,F,2,14,0.9880093543512154,1.0097545119962215,37.75696134327518,58.67484681575843,74.20000000000005,74.20000000000005
20464,2024,F,2,14,0.9880093543512154,1.0097545119962215,-24.28289189418433,-2.111569220772253,13.299999999999955,13.299999999999955
20466,2024,F,2,14,0.9880093543512154,1.0097545119962215,368.52653946082205,391.6983509036893,414.1999999999998,414.1999999999998
27746,2025,F,3,28,1.1532013003894073,0.9623971004410954,25.220821547776495,27.341209836345115,-175.81999999999994,45.94612996979549
19366,2025,F,4,35,1.1206705456531756,0.9623971004410954,11.699135958669103,-70.86165001801373,-192.0999999999999,-52.68829047286613
27334,2025,F,3,28,0.9751451050895794,0.9623971004410954,16.001315108625704,-26.107369721341456,-2.730000000000018,-2.730000000000018
7945,2025,F,2,28,0.9751451050895794,0.9623971004410954,26.171459694601936,-16.465627235143984,7.460000000000036,7.460000000000036
27333,2025,F,2,28,0.9751451050895794,0.9623971004410954,-16.564802034800095,-59.6001229730648,-36.549999999999955,-36.549999999999955
27337,2025,F,2,28,0.9751451050895794,0.9623971004410954,54.28070168290469,11.20809300823862,36.090000000000146,36.090000000000146
27335,2025,F,2,28,0.9751451050895794,0.9623971004410954,17.231451206892416,-26.332719583367407,-2.130000000000109,-2.130000000000109
18760,2025,F,4,36,1.1451182524817425,0.9623971004410954,30.63093924675104,27.709324632236758,-216.1300000000001,68.09626667375142
27339,2025,F,2,28,0.9751451050895794,0.9623971004410954,32.71115562373211,-11.10712266306382,13.63000000000011,13.63000000000011
27336,2025,F,3,28,0.9751451050895794,0.9623971004410954,20.202275598751385,-23.640820717680754,0.7899999999999636,0.7899999999999636
25098,2025,F,4,36,1.1451182524817425,0.9623971004410954,-96.79638938638573,-103.21300936437729,-329.74,-67.0592160220383
27341,2025,F,2,28,0.9751451050895794,0.9623971004410954,48.25109822506147,3.932801743433174,29.339999999999918,29.339999999999918
26937,2025,F,4,36,1.1451182524817425,0.9623971004410954,-5.537394000764834,-9.502060759603182,-251.68000000000006,30.217613493499357
26936,2025,F,3,36,1.1451182524817425,0.9623971004410954,-15.417747553708068,-19.663312193364845,-261.1300000000001,19.831799598631733
26938,2025,F,4,36,1.1451182524817425,0.9623971004410954,23.79483100162679,20.602660056428476,-227.5999999999999,61.63178285560184
358,2025,F,4,36,1.1451182524817425,0.9623971004410954,-7.266441212052769,-11.316211215418434,-255.66000000000008,28.740371584424565
7998,2025,F,3,36,1.1451182524817425,0.9623971004410954,13.813027208491349,10.286189649716789,-240.44000000000005,51.6209876540388
18934,2025,F,2,28,0.9751451050895794,0.9623971004410954,-61.55229536096476,-107.23248868133533,-83.8900000000001,-83.8900000000001
4656,2025,F,4,36,1.1451182524817425,0.9623971004410954,18.911180197009116,15.48004978102449,-238.75,57.445979282523695
7749,2025,F,2,28,0.9751451050895794,0.9623971004410954,-6.31877708805996,-52.71568449197912,-27.569999999999936,-27.569999999999936
28395,2025,F,2,14,0.9551783294939168,0.9623971004410954,0.9129835690225718,7.101352697799484,13.190000000000055,13.190000000000055
27889,2025,F,2,35,1.1206705456531756,0.9623971004410954,-111.90513377058687,-201.67575805167098,-329.25,-183.88915955101584
27890,2025,F,2,35,1.1206705456531756,0.9623971004410954,-39.924459937107486,-132.0960361178502,-265.6400000000001,-112.64631233052887
27342,2025,F,2,28,0.9751451050895794,0.9623971004410954,-14.143498562220202,-61.145860408287035,-35.86999999999989,-35.86999999999989
7748,2025,F,2,35,1.1206705456531756,0.9623971004410954,93.96372254639778,-2.9084751911002513,-147.9000000000001,19.68589559099064
4545,2025,F,2,28,0.9751451050895794,0.9623971004410954,-6.34659517047271,-53.71473083918113,-28.039999999999964,-28.039999999999964
1494,2025,F,2,28,0.9751451050895794,0.9623971004410954,-13.078976039451618,-60.67916423969655,-35.05000000000018,-35.05000000000018
7753,2025,F,3,28,0.9751451050895794,0.9623971004410954,14.202533749901932,-33.659605292386686,-7.189999999999827,-7.189999999999827
2507,2025,F,2,28,0.9751451050895794,0.9623971004410954,15.893173370567865,-32.13147299080401,-5.529999999999973,-5.529999999999973
4555,2025,F,2,28,0.9751451050895794,0.9623971004410954,37.21997925901633,-10.80930905244145,16.339999999999918,16.339999999999918
7751,2025,F,2,28,0.9751451050895794,0.9623971004410954,-23.533016766031324,-71.83425267964662,-46.08999999999992,-46.08999999999992
11458,2025,F,4,35,1.1206705456531756,0.9623971004410954,-26.375317278804005,-122.01611787441107,-261.0999999999999,-101.59594264246607
18942,2025,F,2,28,0.9751451050895794,0.9623971004410954,-7.299880932208453,-56.433151007372544,-29.820000000000164,-29.820000000000164
27893,2025,F,2,35,1.1206705456531756,0.9623971004410954,79.06937661433926,-25.788473252864378,-181.96000000000004,-1.690108292611285
27354,2025,F,3,35,1.1206705456531756,0.9623971004410954,-21.900786189868995,-125.48588346570318,-276.3499999999999,-103.26396450012862
1512,2025,F,4,35,1.1206705456531756,0.9623971004410954,228.01053379446535,101.81024202906474,-90.67999999999984,132.91752445897782
2508,2025,F,2,28,0.9751451050895794,0.9623971004410954,-58.94875299858268,-112.81313303072307,-84.94000000000005,-84.94000000000005
18955,2025,F,2,28,0.9751451050895794,0.9623971004410954,-30.33875740551275,-84.29448788329,-55.6400000000001,-55.6400000000001
7755,2025,F,2,14,0.9551783294939168,0.9623971004410954,-37.73947626050244,-31.8121570147498,-25.210000000000036,-25.210000000000036
7947,2025,F,2,28,0.9751451050895794,0.9623971004410954,-63.840273311803685,-119.84613659260913,-90.93000000000006,-90.93000000000006
27364,2025,F,2,28,0.9751451050895794,0.9623971004410954,2.678409240450719,-53.89834025570076,-22.970000000000027,-22.970000000000027
27900,2025,F,2,35,1.1206705456531756,0.9623971004410954,242.21229370897368,122.17472460089971,-61.77999999999997,152.16421768012628
28086,2025,F,2,35,1.1394879199334036,0.9623971004410954,31.43413133806075,26.2389053197046,-278.3700000000001,89.49191313831716
23398,2025,F,2,35,1.1394879199334036,0.9623971004410954,25.419515888422893,20.052504544936482,-284.27,83.17841397546863
27366,2025,F,3,35,1.1206705456531756,0.9623971004410954,-97.39355411884162,-207.827315137019,-366.1400000000001,-185.30886952639912
4551,2025,F,2,35,1.1206705456531756,0.9623971004410954,29.552499514063356,-85.58784954255907,-255.1199999999999,-60.03340486460661
27359,2025,F,2,28,0.9751451050895794,0.9623971004410954,-96.49021361542168,-154.90557595646078,-125.50999999999999,-125.50999999999999
27360,2025,F,2,28,0.9751451050895794,0.9623971004410954,-80.5883292748531,-139.2423433955321,-109.31000000000017,-109.31000000000017
27370,2025,F,3,28,0.9751451050895794,0.9623971004410954,111.05863254925589,51.310843567260235,86.73999999999978,86.73999999999978
28399,2025,F,2,14,0.9551783294939168,0.9623971004410954,54.45071572419738,64.22286207497973,72.7800000000002,72.7800000000002
23403,2025,F,2,28,0.9751451050895794,0.9623971004410954,-141.33922419664918,-200.20392698758064,-171.7099999999998,-171.7099999999998
2203,2024,F,3,21,1.0118296450699371,1.0097545119962215,-48.43300711803431,86.06795093319079,-50.90000000000009,104.39729176772903
2204,2024,F,2,14,0.9867798625433382,1.0097545119962215,-21.245903409687116,-3.8869909855879996,13.299999999999955,13.299999999999955
27904,2025,F,2,35,1.1206705456531756,0.9623971004410954,-123.21632152376651,-293.6946461574689,-539.0100000000002,-258.502864647096
28020,2025,F,2,7,0.9854045985071295,0.9659535036914768,25.64950845725275,13.70370321134078,-5.5,-5.5
28022,2025,F,2,21,0.9854045985071295,0.975984067600649,-18.31349383873453,-36.715017055522594,-34.25999999999999,-34.25999999999999
19361,2025,F,4,29,0.9568500849160775,0.975984067600649,10.022260525239744,38.331169963714274,44.840000000000146,44.840000000000146
28025,2025,F,2,7,0.9854045985071295,0.9659535036914768,-0.35300862340523054,-13.623427912120405,-36.100000000000136,-36.100000000000136
2207,2025,F,3,21,0.9854045985071295,0.975984067600649,26.424492149596517,5.9866923403851615,9.769999999999982,9.769999999999982
19517,2025,F,2,7,0.9854045985071295,0.9873138224104678,99.36307717961154,128.1696527249694,104.40000000000009,104.40000000000009
1621,2025,F,2,7,0.9854045985071295,0.9873138224104678,443.1487416401005,473.9737400984195,453.89999999999964,453.89999999999964
1726,2025,F,4,35,1.191852284729702,1.0086549324779468,-7.642376827850285,31.691475038697718,-213.53999999999996,33.25371087904614
839,2025,F,3,35,1.191852284729702,1.0086549324779468,-19.195612898033005,22.30541658091738,-235.71000000000004,23.923948041183394
18596,2025,F,4,35,1.191852284729702,1.0086549324779468,1.6725674792014615,42.290149245243356,-211.56999999999994,43.92895641269865
27148,2025,F,6,42,1.0235044929225081,1.0086549324779468,-4.932563402021742,-43.6035546689011,-25.580000000000155,-25.580000000000155
18822,2025,F,4,35,1.191852284729702,1.0086549324779468,13.819802032156758,54.58285092882738,-200.98000000000002,56.260005519429114
27147,2025,F,5,42,1.0235044929225081,1.0086549324779468,-28.044007397398218,-66.14087906890472,-48.320000000000164,-48.320000000000164
1767,2025,F,5,35,1.191852284729702,1.0086549324779468,26.96346597807883,68.24194348238393,-191.4000000000001,69.97499714791388
7986,2024,F,5,50,1.2284472505424289,1.0,-26.89809943424075,-53.93039542520614,-275.70000000000005,-38.67792723247885
28034,2025,F,2,28,0.9385969176609867,1.0086549324779468,-44.78456452713522,31.776476746408207,59.66000000000008,59.66000000000008
27145,2025,F,5,42,1.0235044929225081,1.0086549324779468,-13.938620545679214,-51.0919807307946,-33.75,-33.75
823,2025,F,4,42,1.0235044929225081,1.0086549324779468,20.408674746860925,-21.725452408644514,-2.160000000000082,-2.160000000000082
27637,2025,F,3,28,1.191852284729702,0.9933102295296926,30.7457994585518,48.95492957818078,-212.5,52.574726499716235
27150,2025,F,3,42,1.0235044929225081,1.0086549324779468,6.4043065918374396,-33.19340699415761,-14.769999999999982,-14.769999999999982
18595,2025,F,3,35,1.191852284729702,1.0086549324779468,-3.167195845223887,38.818048284032784,-223.26999999999998,40.49893966966829
27634,2025,F,2,7,1.191852284729702,0.9385969176609867,-50.720482704097094,-88.18836882508481,-372.70000000000005,-115.67762561891232
27636,2025,F,3,35,1.191852284729702,1.0086549324779468,-46.83186787219415,-4.374157934298182,-266.55999999999995,-2.7910603303316748
2083,2025,F,5,35,1.191852284729702,1.0086549324779468,15.844451054642605,58.87005158003126,-210.96000000000004,60.643660649955564
1742,2025,F,4,35,1.191852284729702,1.0086549324779468,-51.563208794187176,-8.43126995623993,-274.52,-6.833699840188046
28036,2025,F,2,28,0.9385969176609867,1.0086549324779468,-36.187208902537805,43.79468345764599,72.99000000000001,72.99000000000001
28037,2025,F,2,28,0.9385969176609867,1.0086549324779468,-8.891749654097111,71.3787506375354,100.85000000000014,100.85000000000014
2087,2025,F,4,42,1.0235044929225081,1.0086549324779468,-51.625626639625125,-91.69598277282921,-72.88999999999987,-72.88999999999987
27646,2025,F,2,7,1.191852284729702,0.9385969176609867,-12.69887991456767,-52.07533340499208,-364.29999999999995,-81.37952015629617
27642,2025,F,2,7,1.191852284729702,0.9385969176609867,4.691230231302825,-32.61843668352003,-333.9000000000001,-60.55529024331395
27648,2025,F,4,35,1.191852284729702,1.0086549324779468,37.4625967848483,82.22722386265104,-199.8800000000001,84.12863553541024
27647,2025,F,3,35,1.191852284729702,1.0086549324779468,4.556993958606199,49.60844422275932,-232.1400000000001,51.43337325872744
1752,2025,F,5,42,1.0235044929225081,1.0086549324779468,63.46064040418946,20.275685317078114,40.210000000000036,40.210000000000036
5065,2025,F,4,35,1.191852284729702,1.0086549324779468,-60.715205712228,-14.576746070224317,-298.8499999999999,-12.882684219517841
3036,2025,F,4,35,1.191852284729702,1.0086549324779468,1.0955591999741046,47.638209928096785,-243.20000000000005,49.51388106906256
27653,2025,F,5,35,1.191852284729702,1.0086549324779468,15.541636823244744,61.54723317692037,-226.8800000000001,63.4399385473082
27638,2025,F,5,35,1.191852284729702,1.0086549324779468,-17.166436132283252,25.627931566734787,-240.5999999999999,27.30393129815343
1756,2025,F,4,35,1.191852284729702,1.0086549324779468,28.00950196440658,74.53783928634903,-217.97000000000003,76.48493017579312
1751,2025,F,2,7,1.191852284729702,0.9385969176609867,-9.257711041446555,-49.1124329500758,-366.29999999999995,-78.80926625112875
18598,2025,F,2,7,1.191852284729702,0.9385969176609867,38.33140922305256,-0.7479190813428431,-327.20000000000005,-30.35112730245237
28042,2025,F,4,28,0.9385969176609867,1.0086549324779468,-33.73024811265486,52.85166289977883,84.49000000000001,84.49000000000001
23548,2025,F,3,28,0.9385969176609867,1.0086549324779468,-13.318745977822118,73.16925244244317,104.90000000000009,104.90000000000009
18832,2025,F,2,7,1.191852284729702,0.9385969176609867,-21.686060636876164,-62.31761828764115,-381.70000000000005,-92.4682171443983
28043,2025,F,2,21,0.9385969176609867,0.9933102295296926,0.5492500672294227,60.9995561080882,95.20000000000005,95.20000000000005
18606,2025,F,2,14,1.0235044929225081,0.9385969176609867,-57.46957670706706,-186.17851497201286,-198.92000000000007,-198.92000000000007
27659,2025,F,2,7,1.191852284729702,0.9385969176609867,27.69362433125889,-12.473312172044643,-344.20000000000005,-42.78087339728495
27654,2025,F,2,7,1.191852284729702,0.9385969176609867,-20.64080091428673,-62.30232442541751,-390.29999999999995,-93.2334961641111
28046,2025,F,3,28,0.9385969176609867,1.0086549324779468,91.40047932474499,179.715772812237,212.76999999999998,212.76999999999998
2096,2025,F,4,28,0.9385969176609867,1.0086549324779468,14.243307464290865,103.85047354691324,136.9000000000001,136.9000000000001
27661,2025,F,2,7,1.191852284729702,0.9385969176609867,-0.18602013726717814,-42.15692897895133,-379.29999999999995,-73.52825063045861
2085,2025,F,3,14,1.191852284729702,0.9166009121208798,-142.49766901717658,-252.0792169906117,-599.0,-277.55880866988423
851,2025,F,5,42,1.0235044929225081,1.0086549324779468,25.631178895973562,-20.373339464599212,0.9800000000000182,0.9800000000000182
5368,2025,F,5,42,1.0235044929225081,1.0086549324779468,41.67292497430435,-0.7320695553905807,18.899999999999864,18.899999999999864
845,2025,F,5,42,1.0235044929225081,1.0086549324779468,94.323042003404,46.42896922891873,68.47000000000003,68.47000000000003
27669,2025,F,2,7,1.191852284729702,0.9385969176609867,2.700879152334437,-39.861887408150096,-382.70000000000005,-71.7051033102673
3047,2025,F,5,42,1.0235044929225081,1.0086549324779468,74.9546621693155,27.23681999831524,49.25,49.25
27670,2025,F,3,35,1.191852284729702,1.0086549324779468,7.96731070441524,57.689230268945494,-253.46000000000004,59.711208073145826
18854,2025,F,5,42,1.0235044929225081,1.0086549324779468,39.28203419141232,-7.944007613677741,13.940000000000055,13.940000000000055
27676,2025,F,4,35,1.191852284729702,1.0086549324779468,45.181150918026106,96.30028152535078,-226.01,98.47802726689406
19610,2025,F,5,42,1.0235044929225081,1.0086549324779468,44.405633239741974,-2.257514251658449,19.34999999999991,19.34999999999991
18841,2025,F,4,35,1.191852284729702,1.0086549324779468,32.03003893874666,81.83772218601212,-231.42000000000007,83.92751945655891
27671,2025,F,3,14,1.191852284729702,0.9166009121208798,-208.68574333634365,-320.8492712672248,-660.6999999999998,-346.87589851183
28048,2025,F,2,28,0.9385969176609867,1.0086549324779468,22.29531262202636,118.07127359366223,153.44000000000005,153.44000000000005
27672,2025,F,4,35,1.191852284729702,1.0086549324779468,-51.67003658556928,-0.783626500448463,-315.30999999999995,1.1256751482656
1776,2025,F,3,28,0.9385969176609867,1.0086549324779468,185.34703775672347,282.2226380795221,319.01,319.01
27681,2025,F,2,7,1.191852284729702,0.9385969176609867,-51.331124525532005,-99.06975268110637,-465.9000000000001,-134.23014516784292
28050,2025,F,2,28,0.9385969176609867,1.0086549324779468,-180.097010075963,-76.02243669924633,-38.8599999999999,-38.8599999999999
27170,2025,F,5,42,1.0235044929225081,1.0086549324779468,37.17694756460833,-13.326022998668805,10.090000000000146,10.090000000000146
27685,2025,F,2,7,1.191852284729702,0.9385969176609867,31.64595460596388,-16.652895458588773,-415.0,-53.07941693840053
1796,2025,F,5,35,1.191852284729702,1.0086549324779468,43.96281743991426,94.71438764387472,-225.22000000000003,96.8740847451395
18839,2025,F,2,7,1.191852284729702,0.9385969176609867,43.7683159639505,-4.782412880520496,-409.0999999999999,-41.521007341526456
18844,2025,F,4,35,1.191852284729702,1.0086549324779468,-50.80384215809045,1.1115858712605586,-319.9000000000001,3.06460929850482
23567,2025,F,2,28,0.9385969176609867,1.0086549324779468,63.79311625814171,177.0448938563452,219.10000000000014,219.10000000000014
27683,2025,F,2,7,1.191852284729702,0.9385969176609867,-183.6598882704791,-239.783875783118,-630.9000000000001,-279.8609738554662
27677,2025,F,3,35,1.191852284729702,1.0086549324779468,20.599730687757983,72.40019635438057,-252.55999999999995,74.5396009269898
28080,2025,F,2,7,1.1481655497570857,1.0022105164016688,-26.404000133668433,54.79025993336268,-224.79999999999995,71.7659522177039
26832,2025,F,2,29,1.1764564281453291,1.1481655497570857,-361.16555186994765,-409.69665593980767,-351.0999999999999,-427.51029267163403
22553,2024,F,2,7,0.960240009844637,0.9814617668332035,10.87473661765921,50.31398714055035,43.69999999999982,43.69999999999982
3240,2024,F,2,7,0.960240009844637,0.9814617668332035,-24.20589197226286,14.865441003124715,8.0,8.0
22554,2024,F,2,7,0.960240009844637,0.9814617668332035,23.71964320840698,64.41227974975209,57.700000000000045,57.700000000000045
3250,2024,F,2,7,0.960240009844637,0.9814617668332035,79.56783192799003,125.50470111058235,118.40000000000009,118.40000000000009
22558,2024,F,2,7,0.960240009844637,0.9814617668332035,26.995819751006593,76.23778089563325,68.10000000000014,68.10000000000014
22543,2024,F,2,7,0.960240009844637,0.9814617668332035,-64.64006578031285,-24.127277674283505,-31.59999999999991,-31.59999999999991
2940,2024,F,2,7,0.960240009844637,0.9814617668332035,9.93546919903065,56.060029554504354,48.299999999999955,48.299999999999955
2924,2024,F,2,7,0.960240009844637,0.9814617668332035,-0.15948140009277267,37.391435741238865,31.0,31.0
22546,2024,F,2,7,0.960240009844637,0.9814617668332035,-89.50593089855988,-52.86323427531556,-59.899999999999864,-59.899999999999864
2926,2024,F,2,7,0.960240009844637,0.9814617668332035,39.24480431414463,79.37810839109625,72.90000000000009,72.90000000000009
22549,2024,F,2,7,0.960240009844637,0.9814617668332035,-28.04797539093397,12.561598763682014,5.400000000000091,5.400000000000091
2931,2024,F,2,7,0.960240009844637,0.9814617668332035,45.65703044511815,90.4061763534553,83.20000000000005,83.20000000000005
3256,2024,F,2,7,0.960240009844637,0.9814617668332035,10.318459621231113,57.664450628957184,49.700000000000045,49.700000000000045
22552,2024,F,2,7,0.960240009844637,0.9814617668332035,-12.034116589702535,25.6143430741688,19.100000000000136,19.100000000000136
23714,2025,F,2,49,1.1647117820787356,0.9629459509679108,-10.380245932239404,-19.59557001383996,-257.03999999999996,-1.2581231074577772
26856,2025,F,2,49,1.1647117820787356,0.9629459509679108,23.878257788415112,13.17060664596056,-258.54999999999995,35.752588378954215
26861,2025,F,2,49,1.1647117820787356,0.9629459509679108,206.32132011956037,193.66702564628872,-106.75999999999999,226.67266705272186
23716,2025,F,2,49,1.1647117820787356,0.9629459509679108,51.28178424029829,39.975782032591496,-243.89999999999986,64.74448039564686
26857,2025,F,2,49,1.1647117820787356,0.9629459509679108,-28.76186967217336,-39.946857657852206,-330.02,-18.263394326072557
26860,2025,F,2,49,1.1647117820787356,0.9629459509679108,-26.964482619931687,-38.630642838174026,-340.8299999999999,-15.906710456423298
28775,2025,F,2,7,1.0985872984801666,0.9291634240056943,40.46445453302954,113.22777698542791,-176.9000000000001,86.21604625464443
28356,2025,F,4,20,1.0960270768374254,0.884228751074966,16.230925645318848,-9.372215455483456,-279.56999999999994,-8.880390131078002
28358,2025,F,2,14,1.0960270768374254,0.9291634240056943,29.121301761433642,107.91785434685653,-214.5999999999999,83.4458439584248
28779,2025,F,3,13,1.0985872984801666,0.884228751074966,4.971323760142241,-21.451721632400904,-315.5899999999999,-27.228741697763553
28359,2025,F,3,20,1.0960270768374254,0.884228751074966,-24.183363883040784,-57.86005785788802,-357.6600000000001,-57.54666022733295
2291,2025,F,3,14,1.0960270768374254,0.9291634240056943,0.8835312334354057,64.3807478355152,-201.10000000000014,43.75679374780839
23925,2025,F,2,7,1.0985872984801666,0.9291634240056943,68.58267893117772,155.8764037704325,-187.29999999999995,124.34779010475677
27526,2025,F,2,28,1.004920407848821,0.9671788547365939,51.50876169014941,3.8532002165511585,-8.5,-8.5
27539,2025,F,2,28,1.004920407848821,0.9671788547365939,49.185792326254386,-3.4544599163687053,-17.200000000000045,-17.200000000000045
22375,2025,F,2,28,1.004920407848821,0.9671788547365939,-209.335887384251,-272.8287853742445,-292.9000000000001,-292.9000000000001
3869,2025,F,5,49,1.2298828056240958,1.0103899250199988,-47.834925514750694,-46.043040277878845,-314.0,-46.857777686041345
1116,2025,F,2,21,1.020952268216646,0.9671788547365939,48.901178742121374,-21.369442332409108,-50.200000000000045,-50.200000000000045
28355,2025,F,4,20,1.0960270768374254,0.884228751074966,35.459822298140125,12.293030027370605,-257.55999999999995,12.890215616746673
22600,2025,F,3,20,1.0960270768374254,0.884228751074966,-4.663953194050237,-33.483500008735064,-309.6200000000001,-33.09787562353108
28778,2025,F,2,7,1.0985872984801666,0.9291634240056943,0.006286958459440939,77.01949113583942,-240.5,46.55547147218863
28357,2025,F,4,20,1.0960270768374254,0.884228751074966,-32.227700150439205,-64.81792530982489,-344.16999999999985,-64.57927657291816
23922,2025,F,3,14,1.0960270768374254,0.9291634240056943,-12.000944574355572,49.276039155533226,-210.0999999999999,28.85898989875909
28348,2025,F,2,14,1.0960270768374254,0.9291634240056943,48.70709814200791,123.80702510038986,-178.4000000000001,101.32130211008644
28783,2025,F,2,7,1.0985872984801666,0.9291634240056943,-37.378298062167914,34.76626542457325,-271.79999999999995,4.591545693464468
27522,2025,F,3,35,1.004920407848821,1.008443923314166,26.76605018761552,22.411948277959254,31.90000000000009,31.90000000000009
27537,2025,F,2,28,1.004920407848821,0.9671788547365939,15.86295539903358,-37.12605769283027,-51.40000000000009,-51.40000000000009
27543,2025,F,2,28,1.004920407848821,0.9671788547365939,-7.095597348695264,-61.767726054372815,-76.80000000000018,-76.80000000000018
11364,2025,F,3,35,1.004920407848821,1.008443923314166,40.30084970154121,34.90166286376916,46.5,46.5
28354,2025,F,4,20,1.0960270768374254,0.884228751074966,30.99817065001389,7.280636238324632,-262.51,7.853163161410066
3504,2025,F,2,14,0.8828813563868493,1.1430386719973584,10.837920827832022,80.09932244859328,374.60000000000014,107.00075229552476
24364,2025,F,2,14,0.8828813563868493,1.1430386719973584,23.165829165114474,99.8150156307147,420.79999999999995,129.39190576098508
28383,2025,F,2,14,0.8828813563868493,1.1430386719973584,-15.68024445220135,60.83896876161634,398.4000000000001,91.03954332056719
24365,2025,F,2,14,0.8828813563868493,1.1430386719973584,1.957687345566228e-10,81.01783357678596,431.0999999999999,112.70564460666264
25294,2025,F,2,14,0.8828813563868493,1.1430386719973584,-381.49847742318366,-324.44333066188824,90.39999999999986,-295.5035345068118
28256,2025,F,2,15,0.9805815405911869,0.975984067600649,17.88546231905184,-21.929271180042406,11.360000000000127,11.360000000000127
8120,2025,F,2,14,0.9817877859053008,0.975984067600649,24.202729001868192,-12.281869823444822,15.309999999999945,15.309999999999945
26898,2025,F,4,42,1.2127417301538963,0.975984067600649,14.139282730883679,6.96431362949329,-298.29999999999995,-17.68641022271413
3364,2025,F,4,42,1.2127417301538963,0.975984067600649,28.38318146364304,21.098488392949548,-289.94000000000005,-3.733289967342671
2188,2025,F,3,28,0.9739695707960832,0.975984067600649,7.693710759942633,14.58663544400315,11.309999999999945,11.309999999999945
28413,2025,F,2,14,0.9873138224104678,0.975984067600649,19.89426145872244,-26.708192501389476,0.7699999999999818,0.7699999999999818
26901,2025,F,4,42,1.2127417301538963,0.975984067600649,-34.81058207184833,-42.51260714058185,-366.26,-69.672284668462
27617,2025,F,2,28,0.9739695707960832,0.975984067600649,-0.5323843283003953,6.839453489397556,3.130000000000109,3.130000000000109
8135,2025,F,4,42,1.2127417301538963,0.975984067600649,8.694519773856882,0.5690061808265909,-344.5600000000002,-27.449668322876505
26899,2025,F,2,42,1.2127417301538963,0.975984067600649,-30.870545455877163,-38.47875753284916,-358.55999999999995,-65.25851485741578
27621,2025,F,2,28,0.9739695707960832,0.975984067600649,-3.0981812292254745,4.586363335509077,0.6600000000000819,0.6600000000000819
4763,2025,F,2,28,1.1168900940464523,0.975984067600649,-189.393769792807,-83.05009560272515,-407.6399999999999,-85.67649393786496
230,2025,F,2,42,1.2127417301538963,0.975984067600649,-2.3035587711378867,-9.086124007484841,-296.41999999999985,-32.607534102663294
4790,2025,F,3,42,1.2127417301538963,0.975984067600649,-8.064390331683398,-14.971944819495548,-307.1500000000001,-39.006674449671436
22356,2025,F,4,42,1.2127417301538963,0.975984067600649,-22.775839004484624,-29.905754924690882,-330.35000000000014,-54.91603131523743
253,2025,F,3,42,1.2127417301538963,0.975984067600649,120.9679091564899,113.43879088331096,-215.26,89.05362074265463
28832,2025,F,2,7,0.9201811423342579,0.975984067600649,-1.848781348570128,118.3085671023307,95.99000000000001,95.99000000000001
1673,2025,F,2,29,0.9568500849160775,0.975984067600649,251.7679165038537,283.505070027619,296.02,296.02
27607,2025,F,2,28,0.9739695707960832,0.975984067600649,-13.859691927637414,-7.11089945778258,-10.819999999999936,-10.819999999999936
26900,2025,F,4,42,1.2127417301538963,0.975984067600649,-6.576249883916262,-14.200341658205389,-336.8699999999999,-40.69578383131034
3368,2025,F,4,42,1.2127417301538963,0.975984067600649,-15.187607131136474,-22.898758059689726,-348.58000000000015,-49.81597328504904
3377,2025,F,2,7,0.9201811423342579,0.975984067600649,23.278979124478383,154.2056336345804,130.46000000000004,130.46000000000004
27419,2025,F,3,34,0.9795811914208377,1.008443923314166,-21.616666751030152,14.997385829933592,22.5300000000002,22.5300000000002
27532,2025,F,2,12,1.004920407848821,1.0190700934769488,72.653637151981,85.03390807591222,94.09999999999991,94.09999999999991
27437,2025,F,2,11,0.9795811914208377,1.0190700934769488,-71.55995387495727,-0.3739248845606653,7.769999999999982,7.769999999999982
27760,2025,F,2,14,0.9531116899247727,0.9743048446100627,55.164652943225065,78.53824023573634,89.60000000000014,89.60000000000014
26873,2025,F,3,28,1.1980994855674991,0.9743048446100627,-0.403809001189984,3.19048795634194,-270.39999999999986,-14.596359993623537
26871,2025,F,4,50,1.1980994855674991,1.0103899250199988,-115.16764248550112,-94.79679300672365,-328.79999999999995,-77.15311473594261
443,2025,F,2,28,1.1980994855674991,0.9743048446100627,-59.999039173505935,-55.984124558233816,-345.9000000000001,-76.5161769611259
7992,2025,F,3,28,1.1980994855674991,0.9743048446100627,-68.28148190369598,-63.903281724090675,-379.29999999999995,-86.32496156492766
26877,2025,F,2,28,1.1980994855674991,0.9743048446100627,-61.63732895115868,-57.076908738568136,-388.0999999999999,-80.32604415771857
27225,2025,F,2,14,0.9568500849160775,0.9805815405911869,23.688207668575615,101.02407206554903,68.70000000000005,68.70000000000005
27644,2025,F,3,35,1.191852284729702,1.0086549324779468,28.117783479776108,72.6720073119493,-207.51,74.53995529033841
27645,2025,F,3,35,1.191852284729702,1.0086549324779468,-154.3429754122676,-107.71062838319153,-388.95000000000005,-106.24715129463766
1775,2025,F,2,7,0.9933102295296926,1.0086549324779468,0.7290107271733177,26.817692364632194,24.769999999999982,24.769999999999982
18826,2025,F,4,35,1.191852284729702,1.0086549324779468,231.77350770280964,282.6042996832548,-50.09999999999991,285.2695841839595
18831,2025,F,3,21,0.9166009121208798,1.0086549324779468,6.754611840460029,148.89760265824316,172.76999999999998,172.76999999999998
1779,2025,F,2,28,1.191852284729702,0.9933102295296926,-9.999958400055903,10.445033648162052,-286.9000000000001,14.519126602715005
27655,2025,F,3,35,1.191852284729702,1.0086549324779468,17.725640520567822,64.88444775749417,-230.8900000000001,66.82939725091273
1769,2025,F,4,35,1.191852284729702,1.0086549324779468,32.31773935177557,80.53011090286282,-222.77999999999997,82.55648709285879
27163,2025,F,3,42,1.0235044929225081,1.0086549324779468,14.639477243589909,-32.935501970816404,-10.819999999999936,-10.819999999999936
27649,2025,F,3,35,1.191852284729702,1.0086549324779468,-215.0969005113816,-167.01107711120562,-453.3599999999999,-165.6516351127873
18850,2025,F,4,35,1.191852284729702,1.0086549324779468,-37.898617828434,12.908007101981411,-302.02,14.850937424948143
18851,2025,F,4,35,1.191852284729702,1.0086549324779468,-16.471149495073178,32.47681162968274,-272.24,34.40227392290649
841,2025,F,5,42,1.0235044929225081,1.0086549324779468,47.20512933575583,3.1966457084711237,23.559999999999945,23.559999999999945
831,2025,F,6,42,1.0235044929225081,1.0086549324779468,13.166461297448677,-33.006840466258836,-11.539999999999964,-11.539999999999964
18740,2025,F,2,21,0.9739695707960832,0.9201811423342579,129.93503435021466,1.7408906704115452,25.86999999999989,25.86999999999989
8034,2025,F,4,42,0.9565723516557585,1.0103899250199988,135.52129970867736,193.04520593679808,244.80000000000018,244.80000000000018
22598,2025,F,2,20,1.0960270768374254,0.884228751074966,-0.9723284006156518,-27.302236108261923,-283.5999999999999,-26.925835440258197
28859,2025,F,2,13,1.0985872984801666,0.884228751074966,-33.38062802943591,-63.49151885058086,-345.6300000000001,-69.23845430653569
26944,2025,F,4,43,0.9923679786856485,1.0103899250199988,65.33986069563707,75.68852023558998,89.59999999999991,89.59999999999991
404,2025,F,4,43,0.9923679786856485,1.0103899250199988,-26.12612261565937,-14.595421104726256,-1.2999999999999545,-1.2999999999999545
63,2025,F,2,14,0.9739695707960832,0.9938740064687033,19.69137132312244,62.09142980426827,48.80000000000018,48.80000000000018
26946,2025,F,4,43,0.9923679786856485,1.0103899250199988,14.9568060654708,26.48812752303843,40.700000000000045,40.700000000000045
409,2025,F,4,43,0.9923679786856485,1.0103899250199988,37.18358222127745,48.387162665889264,62.700000000000045,62.700000000000045
26953,2025,F,3,22,0.9923679786856485,0.9938740064687033,36.845538215908164,60.98409808144652,39.30000000000018,39.30000000000018
27242,2025,F,3,35,1.0057499479008127,1.0103899250199988,-3.3583037354519547,-10.826043408136456,3.199999999999818,3.199999999999818
27245,2025,F,2,14,1.0057499479008127,0.9938740064687033,24.884820867799817,29.737320336061885,7.7000000000000455,7.7000000000000455
11335,2025,F,2,22,0.9923679786856485,0.9938740064687033,70.34435289810926,94.75013664826997,73.10000000000014,73.10000000000014
26947,2025,F,4,43,0.9923679786856485,1.0103899250199988,30.225203659251292,41.79795021132804,56.40000000000009,56.40000000000009
1930,2025,F,4,43,0.9923679786856485,1.0103899250199988,7.953140451549189,19.783875260813375,34.19999999999982,34.19999999999982
27244,2025,F,2,14,1.0057499479008127,0.9938740064687033,-15.18017753432082,-9.378936794691299,-32.59999999999991,-32.59999999999991
19448,2025,F,4,43,0.9923679786856485,1.0103899250199988,27.846544434524276,39.20675991686312,53.5,53.5
19449,2025,F,2,14,1.0057499479008127,0.9938740064687033,36.807964526388105,41.59574641890049,19.0,19.0
27601,2025,F,3,35,0.9739695707960832,1.0103899250199988,-14.375073931781344,16.986885366810156,39.59999999999991,39.59999999999991
408,2025,F,4,43,0.9923679786856485,1.0103899250199988,-6.0976756335546725,6.2612970334446345,21.0,21.0
26531,2025,F,3,35,1.0057499479008127,1.0103899250199988,57.73167637239976,48.740733796148106,64.20000000000005,64.20000000000005
27604,2025,F,2,14,0.9739695707960832,0.9938740064687033,15.106094454908316,61.480229968475214,46.80000000000018,46.80000000000018
27243,2025,F,3,35,1.0057499479008127,1.0103899250199988,-45.97599118295557,-52.90531352465132,-38.899999999999864,-38.899999999999864
5290,2025,F,2,14,0.9739695707960832,0.9938740064687033,19.86805402310756,66.88126158196178,52.09999999999991,52.09999999999991
27248,2025,F,3,35,1.0057499479008127,1.0103899250199988,53.65438884850187,44.68296963524904,60.200000000000045,60.200000000000045
26852,2025,F,4,36,1.2109710720073699,0.9938740064687033,45.1196520115609,76.50884369930827,-220.70000000000005,44.41825272738447
27251,2025,F,4,49,1.2298828056240958,1.0103899250199988,37.10680045199456,37.69992409038241,-243.9000000000001,37.23590450930487
27247,2025,F,3,35,1.0057499479008127,1.0103899250199988,0.4277196969842407,-7.733104017581354,7.5,7.5
1954,2025,F,4,43,0.9923679786856485,1.0103899250199988,-13.367717774135599,-0.4496079473849477,14.799999999999955,14.799999999999955
11341,2025,F,2,14,1.0057499479008127,0.9938740064687033,-68.03297405587273,-60.87429890155863,-86.09999999999991,-86.09999999999991
11342,2025,F,2,14,1.0057499479008127,0.9938740064687033,35.68597264385153,40.773946808992605,17.0,17.0
27249,2025,F,2,14,1.0057499479008127,0.9938740064687033,16.58266160445214,22.05538076387279,-2.0,-2.0
19469,2025,F,2,14,1.0057499479008127,0.9938740064687033,10.223055557195721,15.84734127728666,-8.400000000000091,-8.400000000000091
11340,2025,F,3,22,0.9923679786856485,0.9938740064687033,38.712040559274556,65.29933948233793,41.40000000000009,41.40000000000009
26958,2025,F,3,22,0.9923679786856485,0.9938740064687033,27.88604282212441,54.64903015909999,30.5,30.5
26955,2025,F,2,22,0.9923679786856485,0.9938740064687033,-94.97287800861636,-67.35334288917397,-93.29999999999995,-93.29999999999995
21215,2025,F,3,35,1.0057499479008127,1.0103899250199988,43.555368555740415,34.508333433990856,50.40000000000009,50.40000000000009
27250,2025,F,3,35,1.0057499479008127,1.0103899250199988,-45.89789913280333,-53.54592958943476,-38.200000000000045,-38.200000000000045
28334,2025,F,2,21,0.9938740064687033,1.0103899250199988,27.279378165192384,12.551227239898253,53.200000000000045,53.200000000000045
28335,2025,F,2,21,0.9938740064687033,1.0103899250199988,16.614421718747053,1.9590171282538904,42.80000000000018,42.80000000000018
26957,2025,F,2,22,0.9923679786856485,0.9938740064687033,-21.7951574707115,6.007687775176919,-19.5,-19.5
25587,2025,F,2,14,0.9739695707960832,0.9938740064687033,19.34453614274139,69.36746847364111,53.59999999999991,53.59999999999991
19453,2025,F,3,35,0.9739695707960832,1.0103899250199988,-26.67257812503567,8.442303732761502,33.59999999999991,33.59999999999991
85,2025,F,2,14,1.0057499479008127,0.9938740064687033,144.12971120182237,147.36558206087193,123.79999999999995,123.79999999999995
27259,2025,F,3,35,1.0057499479008127,1.0103899250199988,19.058699574807633,10.091720567174434,26.399999999999864,26.399999999999864
27265,2025,F,2,14,1.0057499479008127,0.9938740064687033,46.81586963417908,52.015567234260516,27.0,27.0
27609,2025,F,3,35,0.9739695707960832,1.0103899250199988,8.135273982178433,43.86413336284363,70.0,70.0
19454,2025,F,2,14,1.0057499479008127,0.9938740064687033,-29.24502957026766,-22.43481164480454,-48.90000000000009,-48.90000000000009
19457,2025,F,3,22,0.9923679786856485,0.9938740064687033,-42.946611908133036,-13.721955285787999,-40.700000000000045,-40.700000000000045
1947,2025,F,2,21,0.9938740064687033,1.0103899250199988,-108.20564547751451,-121.85605816932912,-79.19999999999982,-79.19999999999982
27275,2025,F,2,14,1.0057499479008127,0.9938740064687033,52.90128372575282,58.18330250619738,32.40000000000009,32.40000000000009
11346,2025,F,3,22,0.9923679786856485,0.9938740064687033,-23.02200354218371,6.319490275313683,-20.59999999999991,-20.59999999999991
28336,2025,F,2,21,0.9938740064687033,1.0103899250199988,-51.42474298576167,-65.97077861169782,-22.899999999999864,-22.899999999999864
26950,2025,F,4,43,0.9923679786856485,1.0103899250199988,5.705333866189676,19.804187487162835,36.90000000000009,36.90000000000009
27260,2025,F,2,14,1.0057499479008127,0.9938740064687033,-55.06482362325369,-47.57136228469858,-75.10000000000014,-75.10000000000014
81,2025,F,2,14,0.9739695707960832,0.9938740064687033,59.37650994613546,112.02847534908847,96.30000000000018,96.30000000000018
8125,2025,F,3,35,0.9739695707960832,1.0103899250199988,-39.85140323293672,-2.491227898252646,24.09999999999991,24.09999999999991
27281,2025,F,2,14,1.0057499479008127,0.9938740064687033,22.016218950211623,28.19720132344355,0.8000000000001819,0.8000000000001819
21224,2025,F,2,36,1.2109710720073699,0.9938740064687033,-45.097574116856094,-5.887690730304939,-358.0,-46.5263148059164
11347,2025,F,3,36,1.2109710720073699,0.9938740064687033,27.359405687406024,66.44769390115175,-298.22,26.32896398562957
1971,2025,F,3,35,1.0057499479008127,1.0103899250199988,-47.61043010465255,-56.14913869419934,-39.100000000000136,-39.100000000000136
27273,2025,F,3,28,1.2298828056240958,0.9938740064687033,-82.25207981830431,-63.426239555355096,-418.20000000000005,-110.77425397906472
264,2025,F,3,35,0.9739695707960832,1.0103899250199988,130.58068947521588,168.7319820955479,198.5,198.5
27627,2025,F,3,35,0.9739695707960832,1.0103899250199988,192.19748095170917,230.72082847625074,261.70000000000005,261.70000000000005
27286,2025,F,2,14,1.0057499479008127,0.9938740064687033,75.22973980332063,80.53546925823571,53.09999999999991,53.09999999999991
11348,2025,F,4,49,1.2298828056240958,1.0103899250199988,22.945839362436118,23.88491424312815,-291.5,23.281678496871564
26948,2025,F,3,22,0.9923679786856485,0.9938740064687033,-287.71035956268815,-254.0996647680838,-287.10000000000014,-287.10000000000014
3820,2025,F,2,14,1.0057499479008127,0.9938740064687033,-57.562582027591134,-49.51147854921851,-79.20000000000005,-79.20000000000005
11344,2025,F,4,43,0.9923679786856485,1.0103899250199988,-38.55497454136844,-24.434866620445746,-8.299999999999955,-8.299999999999955
26962,2025,F,3,22,0.9923679786856485,0.9938740064687033,-118.03079669082945,-85.37038128551535,-116.10000000000014,-116.10000000000014
27278,2025,F,2,14,1.0057499479008127,0.9938740064687033,-112.73520634280203,-103.43923047339081,-134.5,-134.5
1961,2025,F,2,14,1.0057499479008127,0.9938740064687033,-193.08936400472248,-181.8357977454168,-215.5,-215.5
2841,2025,F,2,14,1.0057499479008127,0.9938740064687033,-33.18068975182655,-25.10254103684315,-56.600000000000136,-56.600000000000136
1983,2025,F,2,14,1.0057499479008127,0.9938740064687033,66.20610231908677,72.67485421054812,41.0,41.0
27101,2025,F,3,42,0.9565723516557585,1.0103899250199988,-8.67791389865556,34.79648337330423,72.0,72.0
23464,2025,F,3,42,0.9565723516557585,1.0103899250199988,38.79282478476239,89.26640603272608,133.29999999999995,133.29999999999995
22351,2025,F,2,14,0.9739695707960832,0.9817877859053008,-1.2031292486256007,36.34832705674239,9.899999999999864,9.899999999999864
19595,2025,F,3,28,1.2127417301538963,0.9817877859053008,68.03057841787358,95.87113554628536,-234.0,46.591826663451684
267,2025,F,2,14,0.9739695707960832,0.9817877859053008,64.4404061004775,110.86692491484337,79.79999999999995,79.79999999999995
27629,2025,F,2,14,0.9739695707960832,0.9817877859053008,-195.48356367639644,-131.31696676802994,-181.30000000000018,-181.30000000000018
28245,2025,F,2,21,0.9889909023715225,0.9817877859053008,13.930904396488359,-21.84250032755881,1.7000000000000455,1.7000000000000455
28246,2025,F,2,21,0.9889909023715225,0.9817877859053008,-13.249203206162747,-49.066176850223655,-26.200000000000045,-26.200000000000045
19514,2025,F,2,21,0.9889909023715225,0.9817877859053008,12.544660115225042,-23.449833188974708,0.20000000000004547,0.20000000000004547
575,2025,F,2,21,1.0022105164016688,1.008443923314166,53.008288251115346,49.42560224597514,61.5,61.5
20764,2025,F,4,57,1.1953687499616086,1.008443923314166,-15.880701868031792,15.512028865897264,-232.5999999999999,22.006668745499383
570,2025,F,2,42,0.9490953852526809,1.008443923314166,-54.18237674675402,5.588012332745166,31.100000000000136,31.100000000000136
7704,2025,F,3,57,1.1764564281453291,1.008443923314166,-72.31724146457691,-26.57051643210525,-285.9000000000001,-6.113408548411371
27058,2025,F,4,42,0.9490953852526809,1.008443923314166,43.98425738304877,114.73490749312236,145.79999999999995,145.79999999999995
18931,2025,F,3,42,0.9490953852526809,1.008443923314166,23.39477425449877,93.55583105188043,124.20000000000005,124.20000000000005
24666,2025,F,4,57,1.1953687499616086,1.008443923314166,23.239813927531713,59.33718295753192,-229.5999999999999,67.03124155920636
2323,2025,F,2,34,0.9795811914208377,1.008443923314166,17.72995505295762,56.88285565508977,65.15999999999985,65.15999999999985
28271,2025,F,2,21,1.0022105164016688,1.008443923314166,-43.05761823369289,-45.79635491883005,-33.0,-33.0
26228,2025,F,3,42,0.9490953852526809,1.008443923314166,59.21075005525745,131.2524550175292,163.0,163.0
18933,2025,F,2,34,1.0023152077268587,1.008443923314166,87.65040374269483,72.70861069516468,97.40000000000009,97.40000000000009
27525,2025,F,2,35,1.004920407848821,1.008443923314166,-59.9007884575401,-63.371274824387,-53.899999999999864,-53.899999999999864
27059,2025,F,2,42,0.9490953852526809,1.008443923314166,21.28191817713673,92.99781140024083,124.29999999999995,124.29999999999995
18932,2025,F,2,42,0.9490953852526809,1.008443923314166,-19.790220711453003,50.67139796033348,81.09999999999991,81.09999999999991
5521,2025,F,2,42,0.9490953852526809,1.008443923314166,164.98084623582554,241.33353668989344,275.79999999999995,275.79999999999995
27051,2025,F,3,42,0.9490953852526809,1.008443923314166,-159.9479178204224,-93.89271219075408,-66.5,-66.5
27049,2025,F,3,42,0.9490953852526809,1.008443923314166,-199.43622070074025,-134.63286805236407,-108.10000000000014,-108.10000000000014
18930,2025,F,3,42,0.9490953852526809,1.008443923314166,-60.23360195320265,9.019906504106302,38.59999999999991,38.59999999999991
27060,2025,F,3,42,0.9490953852526809,1.008443923314166,36.372438557908026,108.70792707560327,140.39999999999986,140.39999999999986
3116,2025,F,3,42,0.9490953852526809,1.008443923314166,-54.836349800471226,15.644062966947104,45.799999999999955,45.799999999999955
18945,2025,F,2,21,1.0022105164016688,1.008443923314166,-27.43303148679979,-30.518958136176934,-17.0,-17.0
612,2025,F,2,21,1.0022105164016688,1.008443923314166,54.4151539872712,50.21506077264985,64.69999999999982,64.69999999999982
26825,2025,F,4,57,1.1953687499616086,1.008443923314166,7.0551567282636825,44.884811730520596,-256.4000000000001,52.85384758300211
16160,2025,F,2,36,1.1279267065935854,1.008443923314166,-15.621040912348917,113.53304722592884,-192.10000000000014,132.30097481155735
27425,2025,F,2,34,0.9795811914208377,1.008443923314166,-36.34004687257425,4.305199679920861,12.599999999999909,12.599999999999909
11440,2025,F,2,35,1.004920407848821,1.008443923314166,22.3833096618107,17.591170110520352,28.200000000000045,28.200000000000045
27066,2025,F,2,42,0.9490953852526809,1.008443923314166,73.05321873130583,149.10205285135999,182.70000000000005,182.70000000000005
27068,2025,F,3,42,0.9490953852526809,1.008443923314166,126.81351339087723,204.61182875769555,239.39999999999986,239.39999999999986
655,2025,F,4,42,0.9490953852526809,1.008443923314166,91.24598336963413,168.1744353285644,202.29999999999995,202.29999999999995
28277,2025,F,2,21,1.0022105164016688,1.008443923314166,17.442662443116433,13.67737806988498,28.0,28.0
28280,2025,F,2,21,1.0022105164016688,1.008443923314166,71.01853790360087,66.51690910186721,81.5,81.5
28275,2025,F,2,21,1.0022105164016688,1.008443923314166,-22.812053377863094,-26.056630886520225,-12.100000000000136,-12.100000000000136
2330,2025,F,2,34,0.9795811914208377,1.008443923314166,43.15882453014342,85.58962369795859,94.68999999999983,94.68999999999983
27232,2025,F,2,36,1.0062224285228998,1.008443923314166,-120.65183667269321,-76.26700225394688,-116.09999999999991,-25.732140546874916
27540,2025,F,2,35,1.004920407848821,1.008443923314166,22.92819575136423,18.009187342066753,28.899999999999864,28.899999999999864
4115,2025,F,2,21,0.9490953852526809,1.0022105164016688,22.33286604664022,102.99465299633971,122.10000000000014,122.10000000000014
27065,2025,F,4,42,0.9490953852526809,1.008443923314166,-48.018967503097656,28.8264191546009,61.799999999999955,61.799999999999955
2499,2025,F,3,42,0.9490953852526809,1.008443923314166,-20.557580861705674,35.80004736186652,60.09999999999991,60.09999999999991
25052,2025,F,3,42,0.9490953852526809,1.008443923314166,95.91910363181455,157.4995246447279,185.0,185.0
567,2025,F,4,42,0.9490953852526809,1.008443923314166,-6.54778134213052,52.025833891800175,77.40000000000009,77.40000000000009
27228,2025,F,3,36,1.0062224285228998,1.008443923314166,4.291979137621638,41.20632491249398,7.2999999999999545,84.97015499927079
27048,2025,F,3,42,0.9490953852526809,1.008443923314166,-14.564325163044032,47.55213268356465,74.39999999999986,74.39999999999986
27229,2025,F,3,36,1.0062224285228998,1.008443923314166,-77.79492339238504,-38.73353380387175,-74.0,6.210820078129927
25022,2025,F,3,42,0.9490953852526809,1.008443923314166,-39.804760658317036,22.132271580595443,48.700000000000045,48.700000000000045
3000,2025,F,4,42,0.9490953852526809,1.008443923314166,-20.5262546300753,42.015350323610846,69.0,69.0
28265,2025,F,2,21,1.0022105164016688,1.008443923314166,-31.7809257154056,-34.45452001228341,-22.40000000000009,-22.40000000000009
18937,2025,F,2,21,0.9490953852526809,1.0022105164016688,62.632329159527444,131.62994765097142,148.60000000000014,148.60000000000014
27052,2025,F,4,42,0.9490953852526809,1.008443923314166,16.321615774983457,81.13424474758062,109.40000000000009,109.40000000000009
481,2025,F,3,21,1.1206705456531756,1.0022105164016688,16.349776607981084,-8.594408273582758,-142.9000000000001,8.297723617591828
28267,2025,F,2,21,1.0022105164016688,1.008443923314166,-2.2736861658424914,-5.364337224108567,7.100000000000136,7.100000000000136
18938,2025,F,3,42,0.9490953852526809,1.008443923314166,31.767120569542385,98.5536263445681,127.79999999999995,127.79999999999995
7946,2025,F,3,28,1.1761466673774232,1.0022105164016688,-59.564292061423885,-65.96531278509201,-276.20000000000005,-4.37870821170327
26927,2025,F,2,28,1.1761466673774232,1.0022105164016688,-30.15648473804299,-37.10160677173144,-251.30000000000018,26.09264892983424
27056,2025,F,2,21,0.9490953852526809,1.0022105164016688,49.95977895117608,121.27331694796885,138.5999999999999,138.5999999999999
580,2025,F,3,36,1.0062224285228998,1.008443923314166,16.819975068449594,56.95367077829269,20.0,104.73567713229204
20408,2025,F,2,14,0.9751451050895794,1.0022105164016688,-19.035714653489777,1.4900533437437389,23.200000000000045,23.200000000000045
18929,2025,F,3,36,1.0062224285228998,1.008443923314166,-22.616180369070662,18.04034366145538,-19.09999999999991,65.78744252417073
3002,2025,F,2,21,1.0022105164016688,1.008443923314166,11.27506896805562,7.908105948551565,20.90000000000009,20.90000000000009
28272,2025,F,2,21,1.0022105164016688,1.008443923314166,24.35180291450365,20.82450876928965,33.90000000000009,33.90000000000009
27231,2025,F,2,15,1.0062224285228998,1.0022105164016688,0.0064401024567359855,45.405870734776045,-6.2999999999999545,82.25229569102021
27053,2025,F,2,21,0.9490953852526809,1.0022105164016688,-74.63027013829719,-4.78813134839811,10.399999999999864,10.399999999999864
27057,2025,F,2,21,0.9490953852526809,1.0022105164016688,-17.54028090840484,55.13029312030517,71.79999999999995,71.79999999999995
18928,2025,F,2,21,0.9490953852526809,1.0022105164016688,5.246538271260533,78.87805867381826,96.09999999999991,96.09999999999991
28273,2025,F,2,21,1.0022105164016688,1.008443923314166,88.73374867138159,84.38514844465135,98.0,98.0
27064,2025,F,2,21,0.9490953852526809,1.0022105164016688,111.23226977609647,189.07067683030618,208.79999999999995,208.79999999999995
568,2025,F,3,42,0.9490953852526809,1.008443923314166,-36.57740324709994,24.834407827890345,51.200000000000045,51.200000000000045
3586,2025,F,2,21,0.9490953852526809,1.0022105164016688,-152.34268186925965,-81.58186874784974,-67.29999999999995,-67.29999999999995
27234,2025,F,2,15,1.0062224285228998,1.0022105164016688,28.494228691938133,78.72851531227025,21.40000000000009,120.13181882777508
18950,2025,F,2,21,0.9490953852526809,1.0022105164016688,38.18581983775994,118.37596827828315,137.60000000000014,137.60000000000014
24817,2025,F,2,21,0.9490953852526809,1.0022105164016688,46.49091087057832,128.1209513325914,147.79999999999995,147.79999999999995
28278,2025,F,2,21,1.0022105164016688,1.008443923314166,-108.32802193281714,-110.72872277271108,-96.5,-96.5
4223,2025,F,2,21,1.0022105164016688,1.008443923314166,-94.63576164028063,-97.2336873662316,-82.80000000000018,-82.80000000000018
647,2025,F,2,21,1.0022105164016688,1.008443923314166,-154.14219334445352,-156.0962292573413,-141.70000000000005,-141.70000000000005
18948,2025,F,3,21,0.9490953852526809,1.0022105164016688,157.0795637082042,244.32031639848674,266.89999999999986,266.89999999999986
26198,2025,F,3,21,0.9490953852526809,1.0022105164016688,393.77837120987965,489.2027193576462,517.1000000000001,517.1000000000001
28281,2025,F,2,21,1.0022105164016688,1.008443923314166,10.565662088372392,6.5060057462078476,22.299999999999955,22.299999999999955
19368,2025,F,3,42,0.9490953852526809,1.008443923314166,73.95438566620624,167.9180548678578,209.30000000000018,209.30000000000018
28283,2025,F,2,21,1.0022105164016688,1.008443923314166,44.53853111510034,39.82030262439207,56.799999999999955,56.799999999999955
652,2025,F,3,21,0.9490953852526809,1.0022105164016688,79.46158911294287,183.11677462457692,208.39999999999964,208.39999999999964
27875,2025,F,2,13,1.0023152077268587,1.0022105164016688,167.32666189207657,150.2212933955534,166.69999999999982,166.69999999999982
1053,2025,F,3,35,1.004920407848821,1.008443923314166,213.02544107080666,206.01408040435672,217.30000000000018,217.30000000000018
19367,2025,F,3,42,0.9490953852526809,1.008443923314166,-12.311149978751246,51.21997517053819,78.70000000000005,78.70000000000005
16153,2025,F,2,42,0.9490953852526809,1.008443923314166,-22.181934474871696,41.314240992414625,68.69999999999982,68.69999999999982
27178,2025,F,3,42,0.9795159028574982,1.008443923314166,12.060947983449296,30.091742745518786,56.40000000000009,56.40000000000009
26823,2025,F,3,57,1.1953687499616086,1.008443923314166,-11.174636610450762,22.99491976978402,-247.5999999999999,30.09733252351225
4550,2025,F,3,21,1.1206705456531756,0.9551783294939168,83.69221706853932,-20.977491506583192,-174.0,-4.505892603887332
4549,2025,F,3,21,1.1206705456531756,0.9551783294939168,80.82128000858097,-29.283806374650794,-190.0,-12.087311110703013
19371,2025,F,2,14,0.9751451050895794,0.9551783294939168,-106.13915219716318,-180.55280988163622,-156.0,-156.0
27524,2025,F,2,35,1.004920407848821,1.008443923314166,11.770962164805496,7.535662377804329,17.100000000000136,17.100000000000136
1484,2025,F,2,42,0.9490953852526809,1.008443923314166,-41.75355821352355,24.691127973750554,53.200000000000045,53.200000000000045
2700,2025,F,2,42,0.9490953852526809,1.008443923314166,-69.67500771323625,-3.756657491855549,24.300000000000182,24.300000000000182
2420,2025,F,4,57,1.1953687499616086,1.008443923314166,-48.94063358024823,-10.057645030908816,-314.79999999999995,-2.1728697727073722
26824,2025,F,4,57,1.1953687499616086,1.008443923314166,-188.05038380322685,-149.35470209735809,-440.39999999999986,-142.2671035862386
4237,2025,F,2,36,1.1953687499616086,0.900296920003105,27.699582026113376,-110.26056777309009,-477.9000000000001,-140.13647329428613
26829,2025,F,3,36,1.1953687499616086,0.900296920003105,-15.16333727067672,-166.7088519341096,-561.3,-199.77115298741478
26828,2025,F,4,57,1.1953687499616086,1.008443923314166,-334.0110120576503,-287.63687939964734,-626.8999999999999,-279.7348081179414
27435,2025,F,2,34,0.9795811914208377,1.008443923314166,125.8636383367384,169.928300682059,179.81999999999994,179.81999999999994
11362,2025,F,3,57,1.1953687499616086,1.008443923314166,-88.06312321496398,-49.65352695072556,-347.20000000000005,-42.08114404548269
27536,2025,F,2,35,1.004920407848821,1.008443923314166,-21.237491721260312,-25.573188313155015,-15.0,-15.0
11438,2025,F,2,35,1.004920407848821,1.008443923314166,-20.943062629836504,-25.288195152561684,-14.700000000000045,-14.700000000000045
4241,2025,F,2,57,1.1953687499616086,1.008443923314166,-162.97786218600368,-125.1929413821124,-411.20000000000005,-118.15967222342533
27197,2025,F,2,36,1.1279267065935854,1.008443923314166,2.2216340933332503,138.39676729380017,-184.30000000000018,158.27317486305674
18698,2025,F,2,34,0.9795811914208377,1.008443923314166,-70.26837297559382,-27.75959055233534,-19.25999999999999,-19.25999999999999
26826,2025,F,3,57,1.1953687499616086,1.008443923314166,-45.42800001247065,-5.7527754627706145,-317.0999999999999,2.317221743541495
27182,2025,F,3,42,0.9795159028574982,1.008443923314166,50.509231661344074,72.13739700348106,104.40000000000009,104.40000000000009
2333,2025,F,3,42,0.9795159028574982,1.008443923314166,-29.434941059856783,-7.721300749262809,23.09999999999991,23.09999999999991
3124,2025,F,2,34,1.0023152077268587,1.008443923314166,-84.88265293490281,-98.10358099724567,-73.5,-73.5
22371,2025,F,2,42,0.9490953852526809,1.008443923314166,-58.110881505984935,21.086354482462184,55.0,55.0
2426,2025,F,2,35,1.004920407848821,1.008443923314166,-37.46081918239952,-41.9039094971522,-30.700000000000045,-30.700000000000045
27531,2025,F,2,35,1.004920407848821,1.008443923314166,-247.28925739587294,-248.78440272484545,-239.5,-239.5
27867,2025,F,2,34,1.0023152077268587,1.008443923314166,-135.49205434088321,-148.51453485164848,-123.40000000000009,-123.40000000000009
27368,2025,F,2,35,0.9751451050895794,1.008443923314166,20.07805825957621,42.368704729371075,87.70000000000005,87.70000000000005
1687,2025,F,2,35,1.004920407848821,1.008443923314166,-245.9223213511218,-247.6933785069823,-237.79999999999995,-237.79999999999995
1153,2025,F,3,57,1.1953687499616086,1.008443923314166,32.54640375178542,77.45074941330836,-282.3000000000002,87.04180487903795
1154,2025,F,2,35,1.004920407848821,1.008443923314166,20.879329561156283,15.128671810010019,28.0,28.0
3864,2025,F,3,57,1.2109710720073699,1.0103899250199988,-7.163765481964447,14.323900085285004,-276.45000000000005,18.842810058407167
3755,2025,F,3,22,1.2109710720073699,1.0057499479008127,-15.6079850078645,18.38868475286631,-326.10000000000014,5.156355669308596
24832,2025,F,3,14,1.1980994855674991,0.9531116899247727,-71.69282814661665,-93.16298719494125,-395.79999999999995,-124.37044426071748
26880,2025,F,3,14,1.1980994855674991,0.9531116899247727,-79.5056884597368,-103.83337899016283,-447.0,-139.16075481621624
26881,2025,F,2,14,1.1980994855674991,0.9531116899247727,0.19757465280736142,-23.36931178555301,-367.0,-56.09215576560382
26882,2025,F,3,14,1.1980994855674991,0.9531116899247727,-61.38788997120446,-85.86261821377025,-433.8000000000002,-121.04229108970276
26883,2025,F,2,14,1.1980994855674991,0.9531116899247727,-34.86991339717861,-59.06691338929818,-406.79999999999995,-93.3458714470105
26884,2025,F,3,50,1.1980994855674991,1.0103899250199988,8.662906179044512,32.1792155128162,-263.5,55.22080210084937
26885,2025,F,3,50,1.1980994855674991,1.0103899250199988,10.738334940698678,35.59306238288241,-277.20000000000005,59.97592263219235
26886,2025,F,2,8,1.1980994855674991,0.9565723516557585,-7.699409866290807e-05,-30.885785027343445,-395.10000000000014,-54.550794723517356
446,2025,F,2,14,1.1980994855674991,0.9531116899247727,-4.964836646794993,-24.808077845816797,-313.4000000000001,-52.4602651287687
26928,2025,F,2,14,1.1761466673774232,0.9751451050895794,31.706007634866182,2.9100942237173513,-244.5999999999999,47.983302386058085
490,2025,F,2,14,1.1761466673774232,0.9751451050895794,-186.6532246343586,-217.6311775651286,-489.9000000000001,-174.74834856794837
26959,2025,F,2,8,0.9923679786856485,1.0057499479008127,38.19022909277555,59.67013280154856,60.19999999999982,60.19999999999982
26960,2025,F,2,8,0.9923679786856485,1.0057499479008127,-29.054086288467033,-6.166471396845964,-6.600000000000136,-6.600000000000136
26964,2025,F,2,8,0.9923679786856485,1.0057499479008127,113.78595595799175,137.9904279519435,139.5999999999999,139.5999999999999
26939,2025,F,2,28,1.1451182524817425,0.9505808310235232,-166.79826668004307,-209.95971108250683,-454.0,-157.8040207174763
3862,2025,F,3,43,0.9923679786856485,1.0103899250199988,0.6259587593542619,11.136322272309599,23.799999999999955,23.799999999999955
26945,2025,F,2,8,0.9923679786856485,1.0057499479008127,7.196537126219482e-06,19.114822473690765,19.09999999999991,19.09999999999991
11338,2025,F,3,43,0.9923679786856485,1.0103899250199988,-26.10409270712853,-13.721365656546595,0.599999999999909,0.599999999999909
1946,2025,F,3,43,0.9923679786856485,1.0103899250199988,45.111652083772924,56.94840228831481,72.20000000000005,72.20000000000005
1953,2025,F,3,43,0.9923679786856485,1.0103899250199988,61.377359868020676,73.06514246745337,88.5,88.5
26949,2025,F,2,8,0.9923679786856485,1.0057499479008127,-71.70329340709691,-49.256478935321184,-50.299999999999955,-50.299999999999955
1957,2025,F,2,8,0.9923679786856485,1.0057499479008127,-204.64879319631132,-178.9514329930114,-181.9000000000001,-181.9000000000001
1952,2025,F,2,8,0.9923679786856485,1.0057499479008127,29.380903430139142,50.89622670120593,51.299999999999955,51.299999999999955
2838,2025,F,2,8,0.9923679786856485,1.0057499479008127,35.30157953635148,57.41195991368522,57.899999999999864,57.899999999999864
26951,2025,F,2,43,0.9923679786856485,1.0103899250199988,34.56679010818152,48.391197797725,65.79999999999995,65.79999999999995
2834,2025,F,2,8,0.9923679786856485,1.0057499479008127,-29.199472761609968,-4.663112315019816,-5.099999999999909,-5.099999999999909
26952,2025,F,2,8,0.9923679786856485,1.0057499479008127,1.0483851543719993,25.103650662424798,25.09999999999991,25.09999999999991
26956,2025,F,2,8,0.9923679786856485,1.0057499479008127,10.811732142150731,31.261135479480345,31.40000000000009,31.40000000000009
23462,2025,F,3,43,0.9923679786856485,1.0103899250199988,16.650404648781205,27.214491604740488,40.299999999999955,40.299999999999955
19465,2025,F,2,8,0.9923679786856485,1.0057499479008127,-5.94896533658175,17.603396729980204,17.5,17.5
1725,2025,F,2,34,0.9795811914208377,1.0086549324779468,19.253927879494768,51.76525162085295,59.94999999999982,59.94999999999982
1754,2025,F,2,34,0.9795811914208377,1.0086549324779468,64.12130448765788,97.54655116137405,106.18000000000006,106.18000000000006
28473,2025,F,2,21,0.9166009121208798,1.0086549324779468,32.52313403397329,154.14552273495383,174.68000000000006,174.68000000000006
3179,2025,F,2,34,0.9795811914208377,1.0086549324779468,135.71999812264266,170.4009614267277,179.70000000000005,179.70000000000005
28471,2025,F,2,21,0.9166009121208798,1.0086549324779468,-20.824469736340916,99.1399646925488,119.17999999999984,119.17999999999984
27633,2025,F,3,35,1.191852284729702,1.0086549324779468,-36.26458399569992,4.72887694780934,-249.0,6.281325274357187
28472,2025,F,2,21,0.9166009121208798,1.0086549324779468,-37.383473840765646,83.68234664175566,103.84000000000015,103.84000000000015
1740,2025,F,4,42,1.0235044929225081,1.0086549324779468,33.69590716125981,-6.809932641944442,11.960000000000036,11.960000000000036
1044,2025,F,3,35,1.004920407848821,1.0086549324779468,71.36132855183837,65.37633888883101,76.68999999999983,76.68999999999983
2079,2025,F,4,42,1.0235044929225081,1.0086549324779468,45.85569754176777,4.702731588288543,23.74000000000001,23.74000000000001
23543,2025,F,2,42,1.0235044929225081,1.0086549324779468,-26.426691870140303,-64.88439821929978,-46.90000000000009,-46.90000000000009
27149,2025,F,2,42,1.0235044929225081,1.0086549324779468,-21.055212573377503,-59.730858826449094,-41.66000000000008,-41.66000000000008
1744,2025,F,3,42,1.0235044929225081,1.0086549324779468,34.4389151934497,-6.349411598562938,12.549999999999955,12.549999999999955
23542,2025,F,2,42,1.0235044929225081,1.0086549324779468,63.458909524752016,21.43761913176718,40.82999999999993,40.82999999999993
27420,2025,F,2,34,0.9795811914208377,1.0086549324779468,33.683689743934565,68.86076462241795,77.77999999999997,77.77999999999997
18264,2025,F,2,42,1.0235044929225081,1.0086549324779468,23.082043484388123,-17.56576312505581,1.2999999999999545,1.2999999999999545
18816,2025,F,2,34,0.9795811914208377,1.0086549324779468,85.79904390372099,121.7269089116271,131.08999999999992,131.08999999999992
1735,2025,F,4,42,1.0235044929225081,1.0086549324779468,-31.397288793787766,-70.2916899739721,-52.090000000000146,-52.090000000000146
25885,2025,F,2,21,0.9166009121208798,1.0086549324779468,-18.09331650508807,107.54677764221105,128.54999999999995,128.54999999999995
27146,2025,F,3,42,1.0235044929225081,1.0086549324779468,-96.74754942118875,-133.26996905280885,-115.99000000000001,-115.99000000000001
18600,2025,F,2,42,1.0235044929225081,1.0086549324779468,14.097378505626693,-26.832091837759208,-7.810000000000173,-7.810000000000173
18817,2025,F,2,35,1.191852284729702,1.0086549324779468,-92.06904254226833,-49.95256416832353,-307.04999999999995,-48.504207650523085
819,2025,F,2,34,0.9795811914208377,1.0086549324779468,8.981064850792336,44.64216088422927,53.559999999999945,53.559999999999945
18828,2025,F,4,42,1.0235044929225081,1.0086549324779468,-29.21491462056906,-68.83227467949291,-50.299999999999955,-50.299999999999955
3032,2025,F,2,34,0.9795811914208377,1.0086549324779468,25.089251053188264,61.04851985584196,70.12000000000012,70.12000000000012
1764,2025,F,2,34,0.9795811914208377,1.0086549324779468,-62.47912282616949,-27.152232013974526,-18.670000000000073,-18.670000000000073
4977,2025,F,2,21,0.9166009121208798,1.0086549324779468,8.915725475466388,141.66471755470866,163.97000000000003,163.97000000000003
27428,2025,F,2,34,0.9795811914208377,1.0086549324779468,141.61012024222782,179.9431643345938,190.18000000000006,190.18000000000006
1743,2025,F,2,34,0.9795811914208377,1.0086549324779468,-17.84939346881788,18.462542332203157,27.409999999999854,27.409999999999854
3185,2025,F,2,42,1.0235044929225081,1.0086549324779468,-14.840864012212705,-56.31830575868594,-36.960000000000036,-36.960000000000036
1746,2025,F,2,34,0.9795811914208377,1.0086549324779468,-27.4205085459339,9.554704596185047,18.61999999999989,18.61999999999989
27651,2025,F,3,35,1.191852284729702,1.0086549324779468,-14.843718373317643,31.17914017173962,-255.3699999999999,32.991258302236474
1741,2025,F,2,21,0.9166009121208798,1.0086549324779468,21.766051254342756,159.56539668894038,182.76999999999998,182.76999999999998
27668,2025,F,3,35,1.191852284729702,1.0086549324779468,90.11266793120012,138.53039210612405,-169.83999999999992,140.71963441305024
27423,2025,F,2,34,0.9795811914208377,1.0086549324779468,-22.231436532982116,15.628873275325532,24.940000000000055,24.940000000000055
1771,2025,F,2,35,1.191852284729702,1.0086549324779468,-5.1659080534643635,42.3444321533666,-254.1300000000001,44.24229066593671
28480,2025,F,2,21,0.9166009121208798,1.0086549324779468,76.6770905628075,222.91683525364556,247.76,247.76
17562,2025,F,2,35,1.191852284729702,1.0086549324779468,-26.82336891817158,20.886698972677323,-275.4200000000001,22.73465952759534
18849,2025,F,2,35,1.191852284729702,1.0086549324779468,137.41155889224774,188.36343915027624,-138.93000000000006,190.7811745870854
27155,2025,F,2,42,1.0235044929225081,1.0086549324779468,-74.51226884056359,-116.63664995508384,-96.80999999999995,-96.80999999999995
23554,2025,F,2,34,0.9795811914208377,1.0086549324779468,203.09894986146764,245.08974052857184,256.53999999999996,256.53999999999996
28476,2025,F,2,21,0.9166009121208798,1.0086549324779468,-72.85588873456186,66.77227847444942,89.90000000000009,89.90000000000009
11447,2025,F,4,42,1.0235044929225081,1.0086549324779468,-73.66142658920694,-116.81234321807392,-96.50999999999999,-96.50999999999999
27658,2025,F,2,35,1.191852284729702,1.0086549324779468,-69.46299136860648,-20.945418886606376,-319.51,-19.179029088991456
27416,2025,F,2,34,0.9795811914208377,1.0086549324779468,14.906495412461481,49.458829303052426,58.13000000000011,58.13000000000011
27165,2025,F,4,42,1.0235044929225081,1.0086549324779468,56.53339786787137,7.954013742870757,30.419999999999845,30.419999999999845
27662,2025,F,2,35,1.191852284729702,1.0086549324779468,-55.6219658177597,-6.35421930094526,-310.51,-4.520619492117476
27666,2025,F,3,35,1.191852284729702,1.0086549324779468,-33.650931748249604,16.07134140449125,-292.3599999999999,17.98200327470886
28482,2025,F,2,21,0.9166009121208798,1.0086549324779468,87.77519697544244,242.8668880938135,269.24,269.24
28481,2025,F,2,21,0.9166009121208798,1.0086549324779468,78.36611546100221,233.3954933428431,259.72,259.72
27686,2025,F,3,35,1.191852284729702,1.0086549324779468,313.5255855396356,371.3635611144564,-10.460000000000036,374.5294837257784
3198,2025,F,3,42,1.0235044929225081,1.0086549324779468,-81.36935629378081,-126.88540439716257,-105.46000000000004,-105.46000000000004
18852,2025,F,3,42,1.0235044929225081,1.0086549324779468,6.091567770338543,-42.879714806426136,-20.090000000000146,-20.090000000000146
27169,2025,F,3,42,1.0235044929225081,1.0086549324779468,41.1428584367718,-9.350394585108234,14.049999999999955,14.049999999999955
18856,2025,F,3,42,1.0235044929225081,1.0086549324779468,34.73570680537773,-17.237634180143004,6.869999999999891,6.869999999999891
27680,2025,F,2,35,1.191852284729702,1.0086549324779468,-70.69273707508682,-17.246810233805036,-346.52,-15.28540744452539
3048,2025,F,2,35,1.191852284729702,1.0086549324779468,-108.21067234578368,-54.912597604723715,-380.80999999999995,-53.05750565798621
17971,2025,F,2,21,0.9166009121208798,1.0086549324779468,34.66624852449422,206.85426334683825,235.8800000000001,235.8800000000001
18837,2025,F,2,34,0.9795811914208377,1.0086549324779468,39.155266420833414,87.56988330726244,99.80999999999972,99.80999999999972
28483,2025,F,2,21,0.9166009121208798,1.0086549324779468,-51.785938894186984,120.61850344995378,149.33000000000038,149.33000000000038
237,2025,F,2,35,0.9739695707960832,1.0103899250199988,-11.19888251109046,21.42193097948075,45.0,45.0
27256,2025,F,2,35,1.0057499479008127,1.0103899250199988,108.93943562765185,98.708950641402,115.29999999999995,115.29999999999995
18912,2025,F,2,42,0.9565723516557585,1.0103899250199988,-3.5353046855248067,42.23522322211306,81.5,81.5
27252,2025,F,2,35,1.0057499479008127,1.0103899250199988,54.250189836459185,45.02760403738944,61.0,61.0
21216,2025,F,2,35,1.0057499479008127,1.0103899250199988,93.87419277779895,83.62403871000947,100.59999999999991,100.59999999999991
27261,2025,F,2,35,1.0057499479008127,1.0103899250199988,63.37769746623235,53.71327292449109,70.29999999999995,70.29999999999995
27606,2025,F,2,35,0.9739695707960832,1.0103899250199988,-23.709339138043788,10.648346460180846,35.299999999999955,35.299999999999955
27103,2025,F,3,42,0.9565723516557585,1.0103899250199988,-21.48340333621445,26.953225208362255,68.19999999999982,68.19999999999982
27102,2025,F,3,42,0.9565723516557585,1.0103899250199988,-40.54731631773598,7.669750417114983,48.399999999999864,48.399999999999864
27258,2025,F,2,35,1.0057499479008127,1.0103899250199988,0.11023275333582205,-8.523208797955249,7.600000000000136,7.600000000000136
27253,2025,F,2,35,1.0057499479008127,1.0103899250199988,-49.973907172261306,-57.71620461132193,-42.09999999999991,-42.09999999999991
27262,2025,F,2,35,1.0057499479008127,1.0103899250199988,-8.880030099478972,-17.493293001256916,-1.2000000000000455,-1.2000000000000455
8117,2025,F,2,35,0.9739695707960832,1.0103899250199988,42.79192663842491,79.33933554884675,106.60000000000014,106.60000000000014
8119,2025,F,2,35,0.9739695707960832,1.0103899250199988,-18.781270374877522,17.599948142137237,43.799999999999955,43.799999999999955
2836,2025,F,2,35,1.0057499479008127,1.0103899250199988,-7.620107951216141,-16.54356706537874,0.2999999999999545,0.2999999999999545
19462,2025,F,2,35,0.9739695707960832,1.0103899250199988,97.36937507227185,135.0103334273481,163.9000000000001,163.9000000000001
27279,2025,F,2,35,1.0057499479008127,1.0103899250199988,36.53081025979759,26.60547183913627,44.299999999999955,44.299999999999955
8033,2025,F,3,42,0.9565723516557585,1.0103899250199988,116.35439111512301,170.6492351960719,219.29999999999995,219.29999999999995
1929,2025,F,2,35,1.0057499479008127,1.0103899250199988,-137.32286145969306,-144.0629157428234,-128.29999999999995,-128.29999999999995
27287,2025,F,2,35,1.0057499479008127,1.0103899250199988,45.16716933004159,34.477579628546664,53.40000000000009,53.40000000000009
275,2025,F,3,42,0.9565723516557585,1.0103899250199988,-66.02405737635377,-5.320415886576029,45.70000000000027,45.70000000000027
27632,2025,F,2,14,1.191852284729702,0.9166009121208798,9.386655046383794,-67.1098062321787,-335.70000000000005,-84.98892863081028
18818,2025,F,3,21,1.0235044929225081,0.9166009121208798,-22.108377785675202,-198.553680291531,-201.67000000000007,-201.67000000000007
22577,2025,F,2,14,1.191852284729702,0.9166009121208798,-54.247978108015104,-152.56916079536904,-481.70000000000005,-175.49298835377613
27159,2025,F,3,21,1.0235044929225081,0.9166009121208798,-85.96489764032731,-280.33996274960305,-284.72,-284.72
27166,2025,F,3,21,1.0235044929225081,0.9166009121208798,-86.4901185287199,-296.2596477256293,-300.8899999999999,-300.8899999999999
18271,2025,F,2,14,1.191852284729702,0.9166009121208798,-115.90160322115275,-227.12175406997153,-586.1999999999998,-253.00672719945328
27675,2025,F,2,14,1.191852284729702,0.9166009121208798,-264.9531109857735,-384.2538503620842,-735.3000000000002,-411.9001284248127
22579,2025,F,2,14,1.191852284729702,0.9166009121208798,-264.9531109857735,-384.2538503620842,-735.3000000000002,-411.9001284248127
19612,2025,F,2,21,1.0235044929225081,0.9166009121208798,-112.37202283057763,-338.3271097064212,-343.6099999999999,-343.6099999999999
27070,2025,F,2,8,0.9490953852526809,1.0023152077268587,57.10091742354621,150.65045406721106,160.20000000000005,160.20000000000005
27156,2025,F,2,8,1.0235044929225081,0.9795811914208377,-14.609901839944541,-95.46829893356494,-84.92000000000007,-84.92000000000007
1736,2025,F,2,7,1.0235044929225081,1.191852284729702,13.833534338582922,-75.6000277008934,232.76999999999998,-57.332307408966926
27179,2025,F,2,8,0.9795159028574982,0.9795811914208377,0.7776314485915918,-18.238702493476467,0.8999999999998636,0.8999999999998636
27180,2025,F,2,8,0.9795159028574982,0.9795811914208377,-12.269083196483507,-36.589266941558435,-12.389999999999873,-12.389999999999873
27181,2025,F,2,8,0.9795159028574982,0.9795811914208377,40.75123466227433,19.883874260817038,41.72000000000003,41.72000000000003
27343,2025,F,2,7,1.1206705456531756,0.9751451050895794,-0.806293279903457,-47.60833715087506,-210.79999999999995,-52.867411187860625
3429,2025,F,2,7,1.1206705456531756,0.9751451050895794,16.71845048864452,-35.67501959968217,-217.9000000000001,-41.10978864312756
11467,2025,F,2,7,1.1206705456531756,0.9751451050895794,-24.345360871159528,-79.35939571984204,-271.79999999999995,-86.14221613697327
27371,2025,F,2,7,1.1206705456531756,0.9751451050895794,-238.99121765577252,-294.6990208417194,-495.1999999999998,-307.0727655656392
27748,2025,F,2,20,1.1532013003894073,0.9505808310235232,82.63523279577589,52.80872021531741,-249.0,93.98667402590536
